animal,treatment,day_name,session,phase,factor,global_frame_1based,local_frame_1based,time_s,day_elapsed_s
R005,CNO,T2_SD_CNO,2026_06_21_merged.mat,OF1,1,78,78,3.85,3.85
R005,CNO,T2_SD_CNO,2026_06_21_merged.mat,OF1,1,79,79,3.9000000000000004,3.9000000000000004
R005,CNO,T2_SD_CNO,2026_06_21_merged.mat,OF1,1,80,80,3.95,3.95
R005,CNO,T2_SD_CNO,2026_06_21_merged.mat,OF1,1,81,81,4.0,4.0
R005,CNO,T2_SD_CNO,2026_06_21_merged.mat,OF1,1,82,82,4.05,4.05
R005,CNO,T2_SD_CNO,2026_06_21_merged.mat,OF1,1,83,83,4.1000000000000005,4.1000000000000005
R005,CNO,T2_SD_CNO,2026_06_21_merged.mat,OF1,2,88,88,4.3500000000000005,4.3500000000000005
R005,CNO,T2_SD_CNO,2026_06_21_merged.mat,OF1,2,90,90,4.45,4.45
R005,CNO,T2_SD_CNO,2026_06_21_merged.mat,OF1,2,124,124,6.15,6.15
R005,CNO,T2_SD_CNO,2026_06_21_merged.mat,OF1,2,125,125,6.2,6.2
R005,CNO,T2_SD_CNO,2026_06_21_merged.mat,OF1,2,126,126,6.25,6.25
R005,CNO,T2_SD_CNO,2026_06_21_merged.mat,OF1,2,127,127,6.300000000000001,6.300000000000001
R005,CNO,T2_SD_CNO,2026_06_21_merged.mat,OF1,3,198,198,9.850000000000001,9.850000000000001
R005,CNO,T2_SD_CNO,2026_06_21_merged.mat,OF1,3,199,199,9.9,9.9
R005,CNO,T2_SD_CNO,2026_06_21_merged.mat,OF1,3,200,200,9.950000000000001,9.950000000000001
R005,CNO,T2_SD_CNO,2026_06_21_merged.mat,OF1,4,201,201,10.0,10.0
R005,CNO,T2_SD_CNO,2026_06_21_merged.mat,OF1,3,766,766,38.25,38.25
R005,CNO,T2_SD_CNO,2026_06_21_merged.mat,OF1,4,767,767,38.300000000000004,38.300000000000004
R005,CNO,T2_SD_CNO,2026_06_21_merged.mat,OF1,4,844,844,42.150000000000006,42.150000000000006
R005,CNO,T2_SD_CNO,2026_06_21_merged.mat,OF1,4,967,967,48.300000000000004,48.300000000000004
R005,CNO,T2_SD_CNO,2026_06_21_merged.mat,OF1,3,968,968,48.35,48.35
R005,CNO,T2_SD_CNO,2026_06_21_merged.mat,OF1,3,969,969,48.400000000000006,48.400000000000006
R005,CNO,T2_SD_CNO,2026_06_21_merged.mat,OF1,3,970,970,48.45,48.45
R005,CNO,T2_SD_CNO,2026_06_21_merged.mat,OF1,3,971,971,48.5,48.5
R005,CNO,T2_SD_CNO,2026_06_21_merged.mat,OF1,3,972,972,48.550000000000004,48.550000000000004
R005,CNO,T2_SD_CNO,2026_06_21_merged.mat,OF1,3,973,973,48.6,48.6
R005,CNO,T2_SD_CNO,2026_06_21_merged.mat,OF1,3,990,990,49.45,49.45
R005,CNO,T2_SD_CNO,2026_06_21_merged.mat,OF1,3,991,991,49.5,49.5
R005,CNO,T2_SD_CNO,2026_06_21_merged.mat,OF1,3,992,992,49.550000000000004,49.550000000000004
R005,CNO,T2_SD_CNO,2026_06_21_merged.mat,OF1,3,993,993,49.6,49.6
R005,CNO,T2_SD_CNO,2026_06_21_merged.mat,OF1,3,994,994,49.650000000000006,49.650000000000006
R005,CNO,T2_SD_CNO,2026_06_21_merged.mat,OF1,3,1004,1004,50.150000000000006,50.150000000000006
R005,CNO,T2_SD_CNO,2026_06_21_merged.mat,OF1,3,1005,1005,50.2,50.2
R005,CNO,T2_SD_CNO,2026_06_21_merged.mat,OF1,3,1013,1013,50.6,50.6
R005,CNO,T2_SD_CNO,2026_06_21_merged.mat,OF1,3,1014,1014,50.650000000000006,50.650000000000006
R005,CNO,T2_SD_CNO,2026_06_21_merged.mat,OF1,3,1015,1015,50.7,50.7
R005,CNO,T2_SD_CNO,2026_06_21_merged.mat,OF1,3,1016,1016,50.75,50.75
R005,CNO,T2_SD_CNO,2026_06_21_merged.mat,OF1,3,1017,1017,50.800000000000004,50.800000000000004
R005,CNO,T2_SD_CNO,2026_06_21_merged.mat,OF1,3,1018,1018,50.85,50.85
R005,CNO,T2_SD_CNO,2026_06_21_merged.mat,OF1,3,1032,1032,51.550000000000004,51.550000000000004
R005,CNO,T2_SD_CNO,2026_06_21_merged.mat,OF1,3,1033,1033,51.6,51.6
R005,CNO,T2_SD_CNO,2026_06_21_merged.mat,OF1,3,1034,1034,51.650000000000006,51.650000000000006
R005,CNO,T2_SD_CNO,2026_06_21_merged.mat,OF1,3,1035,1035,51.7,51.7
R005,CNO,T2_SD_CNO,2026_06_21_merged.mat,OF1,3,1044,1044,52.150000000000006,52.150000000000006
R005,CNO,T2_SD_CNO,2026_06_21_merged.mat,OF1,3,1045,1045,52.2,52.2
R005,CNO,T2_SD_CNO,2026_06_21_merged.mat,OF1,3,1046,1046,52.25,52.25
R005,CNO,T2_SD_CNO,2026_06_21_merged.mat,OF1,3,1047,1047,52.300000000000004,52.300000000000004
R005,CNO,T2_SD_CNO,2026_06_21_merged.mat,OF1,3,1048,1048,52.35,52.35
R005,CNO,T2_SD_CNO,2026_06_21_merged.mat,OF1,3,1064,1064,53.150000000000006,53.150000000000006
R005,CNO,T2_SD_CNO,2026_06_21_merged.mat,OF1,3,1066,1066,53.25,53.25
R005,CNO,T2_SD_CNO,2026_06_21_merged.mat,OF1,3,1067,1067,53.300000000000004,53.300000000000004
R005,CNO,T2_SD_CNO,2026_06_21_merged.mat,OF1,3,1068,1068,53.35,53.35
R005,CNO,T2_SD_CNO,2026_06_21_merged.mat,OF1,3,1089,1089,54.400000000000006,54.400000000000006
R005,CNO,T2_SD_CNO,2026_06_21_merged.mat,OF1,3,1090,1090,54.45,54.45
R005,CNO,T2_SD_CNO,2026_06_21_merged.mat,OF1,3,1091,1091,54.5,54.5
R005,CNO,T2_SD_CNO,2026_06_21_merged.mat,OF1,3,1097,1097,54.800000000000004,54.800000000000004
R005,CNO,T2_SD_CNO,2026_06_21_merged.mat,OF1,3,1098,1098,54.85,54.85
R005,CNO,T2_SD_CNO,2026_06_21_merged.mat,OF1,3,1099,1099,54.900000000000006,54.900000000000006
R005,CNO,T2_SD_CNO,2026_06_21_merged.mat,OF1,3,1100,1100,54.95,54.95
R005,CNO,T2_SD_CNO,2026_06_21_merged.mat,OF1,3,1101,1101,55.0,55.0
R005,CNO,T2_SD_CNO,2026_06_21_merged.mat,OF1,3,1102,1102,55.050000000000004,55.050000000000004
R005,CNO,T2_SD_CNO,2026_06_21_merged.mat,OF1,3,1103,1103,55.1,55.1
R005,CNO,T2_SD_CNO,2026_06_21_merged.mat,OF1,3,1104,1104,55.150000000000006,55.150000000000006
R005,CNO,T2_SD_CNO,2026_06_21_merged.mat,OF1,3,1105,1105,55.2,55.2
R005,CNO,T2_SD_CNO,2026_06_21_merged.mat,OF1,3,1106,1106,55.25,55.25
R005,CNO,T2_SD_CNO,2026_06_21_merged.mat,OF1,3,1107,1107,55.300000000000004,55.300000000000004
R005,CNO,T2_SD_CNO,2026_06_21_merged.mat,OF1,3,1109,1109,55.400000000000006,55.400000000000006
R005,CNO,T2_SD_CNO,2026_06_21_merged.mat,OF1,3,1110,1110,55.45,55.45
R005,CNO,T2_SD_CNO,2026_06_21_merged.mat,OF1,3,1125,1125,56.2,56.2
R005,CNO,T2_SD_CNO,2026_06_21_merged.mat,OF1,3,1126,1126,56.25,56.25
R005,CNO,T2_SD_CNO,2026_06_21_merged.mat,OF1,3,1127,1127,56.300000000000004,56.300000000000004
R005,CNO,T2_SD_CNO,2026_06_21_merged.mat,OF1,3,1128,1128,56.35,56.35
R005,CNO,T2_SD_CNO,2026_06_21_merged.mat,OF1,3,1135,1135,56.7,56.7
R005,CNO,T2_SD_CNO,2026_06_21_merged.mat,OF1,3,1136,1136,56.75,56.75
R005,CNO,T2_SD_CNO,2026_06_21_merged.mat,OF1,3,1137,1137,56.800000000000004,56.800000000000004
R005,CNO,T2_SD_CNO,2026_06_21_merged.mat,OF1,3,1138,1138,56.85,56.85
R005,CNO,T2_SD_CNO,2026_06_21_merged.mat,OF1,3,1139,1139,56.900000000000006,56.900000000000006
R005,CNO,T2_SD_CNO,2026_06_21_merged.mat,OF1,3,1140,1140,56.95,56.95
R005,CNO,T2_SD_CNO,2026_06_21_merged.mat,OF1,3,1143,1143,57.1,57.1
R005,CNO,T2_SD_CNO,2026_06_21_merged.mat,OF1,3,1144,1144,57.150000000000006,57.150000000000006
R005,CNO,T2_SD_CNO,2026_06_21_merged.mat,OF1,3,1145,1145,57.2,57.2
R005,CNO,T2_SD_CNO,2026_06_21_merged.mat,OF1,3,1146,1146,57.25,57.25
R005,CNO,T2_SD_CNO,2026_06_21_merged.mat,OF1,3,1147,1147,57.300000000000004,57.300000000000004
R005,CNO,T2_SD_CNO,2026_06_21_merged.mat,OF1,3,1148,1148,57.35,57.35
R005,CNO,T2_SD_CNO,2026_06_21_merged.mat,OF1,3,1149,1149,57.400000000000006,57.400000000000006
R005,CNO,T2_SD_CNO,2026_06_21_merged.mat,OF1,3,1150,1150,57.45,57.45
R005,CNO,T2_SD_CNO,2026_06_21_merged.mat,OF1,3,1153,1153,57.6,57.6
R005,CNO,T2_SD_CNO,2026_06_21_merged.mat,OF1,3,1163,1163,58.1,58.1
R005,CNO,T2_SD_CNO,2026_06_21_merged.mat,OF1,3,1164,1164,58.150000000000006,58.150000000000006
R005,CNO,T2_SD_CNO,2026_06_21_merged.mat,OF1,3,1165,1165,58.2,58.2
R005,CNO,T2_SD_CNO,2026_06_21_merged.mat,OF1,3,1177,1177,58.800000000000004,58.800000000000004
R005,CNO,T2_SD_CNO,2026_06_21_merged.mat,OF1,3,1221,1221,61.0,61.0
R005,CNO,T2_SD_CNO,2026_06_21_merged.mat,OF1,3,1222,1222,61.050000000000004,61.050000000000004
R005,CNO,T2_SD_CNO,2026_06_21_merged.mat,OF1,3,1223,1223,61.1,61.1
R005,CNO,T2_SD_CNO,2026_06_21_merged.mat,OF1,3,1232,1232,61.550000000000004,61.550000000000004
R005,CNO,T2_SD_CNO,2026_06_21_merged.mat,OF1,3,1241,1241,62.0,62.0
R005,CNO,T2_SD_CNO,2026_06_21_merged.mat,OF1,3,1242,1242,62.050000000000004,62.050000000000004
R005,CNO,T2_SD_CNO,2026_06_21_merged.mat,OF1,3,1254,1254,62.650000000000006,62.650000000000006
R005,CNO,T2_SD_CNO,2026_06_21_merged.mat,OF1,3,1255,1255,62.7,62.7
R005,CNO,T2_SD_CNO,2026_06_21_merged.mat,OF1,3,1256,1256,62.75,62.75
R005,CNO,T2_SD_CNO,2026_06_21_merged.mat,OF1,3,1257,1257,62.800000000000004,62.800000000000004
R005,CNO,T2_SD_CNO,2026_06_21_merged.mat,OF1,3,1265,1265,63.2,63.2
R005,CNO,T2_SD_CNO,2026_06_21_merged.mat,OF1,3,1266,1266,63.25,63.25
R005,CNO,T2_SD_CNO,2026_06_21_merged.mat,OF1,3,1282,1282,64.05,64.05
R005,CNO,T2_SD_CNO,2026_06_21_merged.mat,OF1,3,1296,1296,64.75,64.75
R005,CNO,T2_SD_CNO,2026_06_21_merged.mat,OF1,3,1297,1297,64.8,64.8
R005,CNO,T2_SD_CNO,2026_06_21_merged.mat,OF1,3,1298,1298,64.85000000000001,64.85000000000001
R005,CNO,T2_SD_CNO,2026_06_21_merged.mat,OF1,4,1416,1416,70.75,70.75
R005,CNO,T2_SD_CNO,2026_06_21_merged.mat,OF1,4,1417,1417,70.8,70.8
R005,CNO,T2_SD_CNO,2026_06_21_merged.mat,OF1,4,1418,1418,70.85000000000001,70.85000000000001
R005,CNO,T2_SD_CNO,2026_06_21_merged.mat,OF1,4,1428,1428,71.35000000000001,71.35000000000001
R005,CNO,T2_SD_CNO,2026_06_21_merged.mat,OF1,4,1429,1429,71.4,71.4
R005,CNO,T2_SD_CNO,2026_06_21_merged.mat,OF1,4,1445,1445,72.2,72.2
R005,CNO,T2_SD_CNO,2026_06_21_merged.mat,OF1,1,1488,1488,74.35000000000001,74.35000000000001
R005,CNO,T2_SD_CNO,2026_06_21_merged.mat,OF1,3,1536,1536,76.75,76.75
R005,CNO,T2_SD_CNO,2026_06_21_merged.mat,OF1,4,1569,1569,78.4,78.4
R005,CNO,T2_SD_CNO,2026_06_21_merged.mat,OF1,4,1570,1570,78.45,78.45
R005,CNO,T2_SD_CNO,2026_06_21_merged.mat,OF1,4,1576,1576,78.75,78.75
R005,CNO,T2_SD_CNO,2026_06_21_merged.mat,OF1,4,1577,1577,78.80000000000001,78.80000000000001
R005,CNO,T2_SD_CNO,2026_06_21_merged.mat,OF1,4,1580,1580,78.95,78.95
R005,CNO,T2_SD_CNO,2026_06_21_merged.mat,OF1,3,1584,1584,79.15,79.15
R005,CNO,T2_SD_CNO,2026_06_21_merged.mat,OF1,3,1585,1585,79.2,79.2
R005,CNO,T2_SD_CNO,2026_06_21_merged.mat,OF1,3,1586,1586,79.25,79.25
R005,CNO,T2_SD_CNO,2026_06_21_merged.mat,OF1,4,1587,1587,79.30000000000001,79.30000000000001
R005,CNO,T2_SD_CNO,2026_06_21_merged.mat,OF1,4,1588,1588,79.35000000000001,79.35000000000001
R005,CNO,T2_SD_CNO,2026_06_21_merged.mat,OF1,1,1618,1618,80.85000000000001,80.85000000000001
R005,CNO,T2_SD_CNO,2026_06_21_merged.mat,OF1,1,1619,1619,80.9,80.9
R005,CNO,T2_SD_CNO,2026_06_21_merged.mat,OF1,1,1620,1620,80.95,80.95
R005,CNO,T2_SD_CNO,2026_06_21_merged.mat,OF1,1,1621,1621,81.0,81.0
R005,CNO,T2_SD_CNO,2026_06_21_merged.mat,OF1,1,1622,1622,81.05000000000001,81.05000000000001
R005,CNO,T2_SD_CNO,2026_06_21_merged.mat,OF1,4,1642,1642,82.05000000000001,82.05000000000001
R005,CNO,T2_SD_CNO,2026_06_21_merged.mat,OF1,4,1679,1679,83.9,83.9
R005,CNO,T2_SD_CNO,2026_06_21_merged.mat,OF1,4,1680,1680,83.95,83.95
R005,CNO,T2_SD_CNO,2026_06_21_merged.mat,OF1,1,1735,1735,86.7,86.7
R005,CNO,T2_SD_CNO,2026_06_21_merged.mat,OF1,2,1817,1817,90.80000000000001,90.80000000000001
R005,CNO,T2_SD_CNO,2026_06_21_merged.mat,OF1,3,1861,1861,93.0,93.0
R005,CNO,T2_SD_CNO,2026_06_21_merged.mat,OF1,3,1862,1862,93.05000000000001,93.05000000000001
R005,CNO,T2_SD_CNO,2026_06_21_merged.mat,OF1,2,1870,1870,93.45,93.45
R005,CNO,T2_SD_CNO,2026_06_21_merged.mat,OF1,4,1890,1890,94.45,94.45
R005,CNO,T2_SD_CNO,2026_06_21_merged.mat,OF1,3,1893,1893,94.60000000000001,94.60000000000001
R005,CNO,T2_SD_CNO,2026_06_21_merged.mat,OF1,3,1894,1894,94.65,94.65
R005,CNO,T2_SD_CNO,2026_06_21_merged.mat,OF1,4,1918,1918,95.85000000000001,95.85000000000001
R005,CNO,T2_SD_CNO,2026_06_21_merged.mat,OF1,4,1921,1921,96.0,96.0
R005,CNO,T2_SD_CNO,2026_06_21_merged.mat,OF1,4,1922,1922,96.05000000000001,96.05000000000001
R005,CNO,T2_SD_CNO,2026_06_21_merged.mat,OF1,1,1948,1948,97.35000000000001,97.35000000000001
R005,CNO,T2_SD_CNO,2026_06_21_merged.mat,OF1,2,2042,2042,102.05000000000001,102.05000000000001
R005,CNO,T2_SD_CNO,2026_06_21_merged.mat,OF1,2,2043,2043,102.10000000000001,102.10000000000001
R005,CNO,T2_SD_CNO,2026_06_21_merged.mat,OF1,2,2044,2044,102.15,102.15
R005,CNO,T2_SD_CNO,2026_06_21_merged.mat,OF1,2,2045,2045,102.2,102.2
R005,CNO,T2_SD_CNO,2026_06_21_merged.mat,OF1,2,2046,2046,102.25,102.25
R005,CNO,T2_SD_CNO,2026_06_21_merged.mat,OF1,2,2051,2051,102.5,102.5
R005,CNO,T2_SD_CNO,2026_06_21_merged.mat,OF1,2,2052,2052,102.55000000000001,102.55000000000001
R005,CNO,T2_SD_CNO,2026_06_21_merged.mat,OF1,2,2053,2053,102.60000000000001,102.60000000000001
R005,CNO,T2_SD_CNO,2026_06_21_merged.mat,OF1,2,2054,2054,102.65,102.65
R005,CNO,T2_SD_CNO,2026_06_21_merged.mat,OF1,2,2055,2055,102.7,102.7
R005,CNO,T2_SD_CNO,2026_06_21_merged.mat,OF1,2,2112,2112,105.55000000000001,105.55000000000001
R005,CNO,T2_SD_CNO,2026_06_21_merged.mat,OF1,2,2135,2135,106.7,106.7
R005,CNO,T2_SD_CNO,2026_06_21_merged.mat,OF1,2,2136,2136,106.75,106.75
R005,CNO,T2_SD_CNO,2026_06_21_merged.mat,OF1,2,2138,2138,106.85000000000001,106.85000000000001
R005,CNO,T2_SD_CNO,2026_06_21_merged.mat,OF1,2,2156,2156,107.75,107.75
R005,CNO,T2_SD_CNO,2026_06_21_merged.mat,OF1,2,2157,2157,107.80000000000001,107.80000000000001
R005,CNO,T2_SD_CNO,2026_06_21_merged.mat,OF1,2,2158,2158,107.85000000000001,107.85000000000001
R005,CNO,T2_SD_CNO,2026_06_21_merged.mat,OF1,2,2159,2159,107.9,107.9
R005,CNO,T2_SD_CNO,2026_06_21_merged.mat,OF1,2,2163,2163,108.10000000000001,108.10000000000001
R005,CNO,T2_SD_CNO,2026_06_21_merged.mat,OF1,2,2164,2164,108.15,108.15
R005,CNO,T2_SD_CNO,2026_06_21_merged.mat,OF1,2,2165,2165,108.2,108.2
R005,CNO,T2_SD_CNO,2026_06_21_merged.mat,OF1,2,2166,2166,108.25,108.25
R005,CNO,T2_SD_CNO,2026_06_21_merged.mat,OF1,2,2194,2194,109.65,109.65
R005,CNO,T2_SD_CNO,2026_06_21_merged.mat,OF1,2,2195,2195,109.7,109.7
R005,CNO,T2_SD_CNO,2026_06_21_merged.mat,OF1,2,2196,2196,109.75,109.75
R005,CNO,T2_SD_CNO,2026_06_21_merged.mat,OF1,2,2209,2209,110.4,110.4
R005,CNO,T2_SD_CNO,2026_06_21_merged.mat,OF1,2,2229,2229,111.4,111.4
R005,CNO,T2_SD_CNO,2026_06_21_merged.mat,OF1,2,2230,2230,111.45,111.45
R005,CNO,T2_SD_CNO,2026_06_21_merged.mat,OF1,2,2231,2231,111.5,111.5
R005,CNO,T2_SD_CNO,2026_06_21_merged.mat,OF1,2,2232,2232,111.55000000000001,111.55000000000001
R005,CNO,T2_SD_CNO,2026_06_21_merged.mat,OF1,2,2233,2233,111.60000000000001,111.60000000000001
R005,CNO,T2_SD_CNO,2026_06_21_merged.mat,OF1,2,2241,2241,112.0,112.0
R005,CNO,T2_SD_CNO,2026_06_21_merged.mat,OF1,2,2242,2242,112.05000000000001,112.05000000000001
R005,CNO,T2_SD_CNO,2026_06_21_merged.mat,OF1,2,2243,2243,112.10000000000001,112.10000000000001
R005,CNO,T2_SD_CNO,2026_06_21_merged.mat,OF1,2,2255,2255,112.7,112.7
R005,CNO,T2_SD_CNO,2026_06_21_merged.mat,OF1,2,2256,2256,112.75,112.75
R005,CNO,T2_SD_CNO,2026_06_21_merged.mat,OF1,2,2257,2257,112.80000000000001,112.80000000000001
R005,CNO,T2_SD_CNO,2026_06_21_merged.mat,OF1,2,2258,2258,112.85000000000001,112.85000000000001
R005,CNO,T2_SD_CNO,2026_06_21_merged.mat,OF1,2,2259,2259,112.9,112.9
R005,CNO,T2_SD_CNO,2026_06_21_merged.mat,OF1,2,2272,2272,113.55000000000001,113.55000000000001
R005,CNO,T2_SD_CNO,2026_06_21_merged.mat,OF1,2,2273,2273,113.60000000000001,113.60000000000001
R005,CNO,T2_SD_CNO,2026_06_21_merged.mat,OF1,2,2274,2274,113.65,113.65
R005,CNO,T2_SD_CNO,2026_06_21_merged.mat,OF1,2,2275,2275,113.7,113.7
R005,CNO,T2_SD_CNO,2026_06_21_merged.mat,OF1,2,2289,2289,114.4,114.4
R005,CNO,T2_SD_CNO,2026_06_21_merged.mat,OF1,2,2290,2290,114.45,114.45
R005,CNO,T2_SD_CNO,2026_06_21_merged.mat,OF1,2,2307,2307,115.30000000000001,115.30000000000001
R005,CNO,T2_SD_CNO,2026_06_21_merged.mat,OF1,2,2308,2308,115.35000000000001,115.35000000000001
R005,CNO,T2_SD_CNO,2026_06_21_merged.mat,OF1,2,2309,2309,115.4,115.4
R005,CNO,T2_SD_CNO,2026_06_21_merged.mat,OF1,2,2326,2326,116.25,116.25
R005,CNO,T2_SD_CNO,2026_06_21_merged.mat,OF1,2,2327,2327,116.30000000000001,116.30000000000001
R005,CNO,T2_SD_CNO,2026_06_21_merged.mat,OF1,2,2328,2328,116.35000000000001,116.35000000000001
R005,CNO,T2_SD_CNO,2026_06_21_merged.mat,OF1,2,2329,2329,116.4,116.4
R005,CNO,T2_SD_CNO,2026_06_21_merged.mat,OF1,2,2330,2330,116.45,116.45
R005,CNO,T2_SD_CNO,2026_06_21_merged.mat,OF1,2,2331,2331,116.5,116.5
R005,CNO,T2_SD_CNO,2026_06_21_merged.mat,OF1,2,2366,2366,118.25,118.25
R005,CNO,T2_SD_CNO,2026_06_21_merged.mat,OF1,2,2367,2367,118.30000000000001,118.30000000000001
R005,CNO,T2_SD_CNO,2026_06_21_merged.mat,OF1,3,2389,2389,119.4,119.4
R005,CNO,T2_SD_CNO,2026_06_21_merged.mat,OF1,2,2402,2402,120.05000000000001,120.05000000000001
R005,CNO,T2_SD_CNO,2026_06_21_merged.mat,OF1,2,2403,2403,120.10000000000001,120.10000000000001
R005,CNO,T2_SD_CNO,2026_06_21_merged.mat,OF1,2,2415,2415,120.7,120.7
R005,CNO,T2_SD_CNO,2026_06_21_merged.mat,OF1,4,2440,2440,121.95,121.95
R005,CNO,T2_SD_CNO,2026_06_21_merged.mat,OF1,3,2441,2441,122.0,122.0
R005,CNO,T2_SD_CNO,2026_06_21_merged.mat,OF1,4,2461,2461,123.0,123.0
R005,CNO,T2_SD_CNO,2026_06_21_merged.mat,OF1,4,2484,2484,124.15,124.15
R005,CNO,T2_SD_CNO,2026_06_21_merged.mat,OF1,4,2485,2485,124.2,124.2
R005,CNO,T2_SD_CNO,2026_06_21_merged.mat,OF1,1,2530,2530,126.45,126.45
R005,CNO,T2_SD_CNO,2026_06_21_merged.mat,OF1,1,2531,2531,126.5,126.5
R005,CNO,T2_SD_CNO,2026_06_21_merged.mat,OF1,1,2532,2532,126.55000000000001,126.55000000000001
R005,CNO,T2_SD_CNO,2026_06_21_merged.mat,OF1,2,2555,2555,127.7,127.7
R005,CNO,T2_SD_CNO,2026_06_21_merged.mat,OF1,2,2556,2556,127.75,127.75
R005,CNO,T2_SD_CNO,2026_06_21_merged.mat,OF1,2,2557,2557,127.80000000000001,127.80000000000001
R005,CNO,T2_SD_CNO,2026_06_21_merged.mat,OF1,2,2569,2569,128.4,128.4
R005,CNO,T2_SD_CNO,2026_06_21_merged.mat,OF1,2,2570,2570,128.45000000000002,128.45000000000002
R005,CNO,T2_SD_CNO,2026_06_21_merged.mat,OF1,2,2572,2572,128.55,128.55
R005,CNO,T2_SD_CNO,2026_06_21_merged.mat,OF1,2,2573,2573,128.6,128.6
R005,CNO,T2_SD_CNO,2026_06_21_merged.mat,OF1,2,2673,2673,133.6,133.6
R005,CNO,T2_SD_CNO,2026_06_21_merged.mat,OF1,2,2674,2674,133.65,133.65
R005,CNO,T2_SD_CNO,2026_06_21_merged.mat,OF1,2,2675,2675,133.70000000000002,133.70000000000002
R005,CNO,T2_SD_CNO,2026_06_21_merged.mat,OF1,4,2716,2716,135.75,135.75
R005,CNO,T2_SD_CNO,2026_06_21_merged.mat,OF1,4,2717,2717,135.8,135.8
R005,CNO,T2_SD_CNO,2026_06_21_merged.mat,OF1,2,2832,2832,141.55,141.55
R005,CNO,T2_SD_CNO,2026_06_21_merged.mat,OF1,2,2833,2833,141.6,141.6
R005,CNO,T2_SD_CNO,2026_06_21_merged.mat,OF1,1,2853,2853,142.6,142.6
R005,CNO,T2_SD_CNO,2026_06_21_merged.mat,OF1,2,2855,2855,142.70000000000002,142.70000000000002
R005,CNO,T2_SD_CNO,2026_06_21_merged.mat,OF1,2,2856,2856,142.75,142.75
R005,CNO,T2_SD_CNO,2026_06_21_merged.mat,OF1,1,2890,2890,144.45000000000002,144.45000000000002
R005,CNO,T2_SD_CNO,2026_06_21_merged.mat,OF1,2,2898,2898,144.85,144.85
R005,CNO,T2_SD_CNO,2026_06_21_merged.mat,OF1,2,2909,2909,145.4,145.4
R005,CNO,T2_SD_CNO,2026_06_21_merged.mat,OF1,2,2911,2911,145.5,145.5
R005,CNO,T2_SD_CNO,2026_06_21_merged.mat,OF1,2,2912,2912,145.55,145.55
R005,CNO,T2_SD_CNO,2026_06_21_merged.mat,OF1,2,2918,2918,145.85,145.85
R005,CNO,T2_SD_CNO,2026_06_21_merged.mat,OF1,2,2919,2919,145.9,145.9
R005,CNO,T2_SD_CNO,2026_06_21_merged.mat,OF1,2,2941,2941,147.0,147.0
R005,CNO,T2_SD_CNO,2026_06_21_merged.mat,OF1,2,2942,2942,147.05,147.05
R005,CNO,T2_SD_CNO,2026_06_21_merged.mat,OF1,2,2954,2954,147.65,147.65
R005,CNO,T2_SD_CNO,2026_06_21_merged.mat,OF1,2,2955,2955,147.70000000000002,147.70000000000002
R005,CNO,T2_SD_CNO,2026_06_21_merged.mat,OF1,2,2956,2956,147.75,147.75
R005,CNO,T2_SD_CNO,2026_06_21_merged.mat,OF1,2,2957,2957,147.8,147.8
R005,CNO,T2_SD_CNO,2026_06_21_merged.mat,OF1,2,2958,2958,147.85,147.85
R005,CNO,T2_SD_CNO,2026_06_21_merged.mat,OF1,2,2959,2959,147.9,147.9
R005,CNO,T2_SD_CNO,2026_06_21_merged.mat,OF1,2,2960,2960,147.95000000000002,147.95000000000002
R005,CNO,T2_SD_CNO,2026_06_21_merged.mat,OF1,2,2973,2973,148.6,148.6
R005,CNO,T2_SD_CNO,2026_06_21_merged.mat,OF1,2,2974,2974,148.65,148.65
R005,CNO,T2_SD_CNO,2026_06_21_merged.mat,OF1,2,2975,2975,148.70000000000002,148.70000000000002
R005,CNO,T2_SD_CNO,2026_06_21_merged.mat,OF1,2,2982,2982,149.05,149.05
R005,CNO,T2_SD_CNO,2026_06_21_merged.mat,OF1,2,2983,2983,149.1,149.1
R005,CNO,T2_SD_CNO,2026_06_21_merged.mat,OF1,2,2984,2984,149.15,149.15
R005,CNO,T2_SD_CNO,2026_06_21_merged.mat,OF1,2,3011,3011,150.5,150.5
R005,CNO,T2_SD_CNO,2026_06_21_merged.mat,OF1,2,3016,3016,150.75,150.75
R005,CNO,T2_SD_CNO,2026_06_21_merged.mat,OF1,2,3017,3017,150.8,150.8
R005,CNO,T2_SD_CNO,2026_06_21_merged.mat,OF1,2,3019,3019,150.9,150.9
R005,CNO,T2_SD_CNO,2026_06_21_merged.mat,OF1,2,3031,3031,151.5,151.5
R005,CNO,T2_SD_CNO,2026_06_21_merged.mat,OF1,2,3032,3032,151.55,151.55
R005,CNO,T2_SD_CNO,2026_06_21_merged.mat,OF1,2,3033,3033,151.6,151.6
R005,CNO,T2_SD_CNO,2026_06_21_merged.mat,OF1,2,3034,3034,151.65,151.65
R005,CNO,T2_SD_CNO,2026_06_21_merged.mat,OF1,1,3049,3049,152.4,152.4
R005,CNO,T2_SD_CNO,2026_06_21_merged.mat,OF1,2,3051,3051,152.5,152.5
R005,CNO,T2_SD_CNO,2026_06_21_merged.mat,OF1,2,3052,3052,152.55,152.55
R005,CNO,T2_SD_CNO,2026_06_21_merged.mat,OF1,2,3053,3053,152.6,152.6
R005,CNO,T2_SD_CNO,2026_06_21_merged.mat,OF1,2,3054,3054,152.65,152.65
R005,CNO,T2_SD_CNO,2026_06_21_merged.mat,OF1,2,3055,3055,152.70000000000002,152.70000000000002
R005,CNO,T2_SD_CNO,2026_06_21_merged.mat,OF1,2,3065,3065,153.20000000000002,153.20000000000002
R005,CNO,T2_SD_CNO,2026_06_21_merged.mat,OF1,2,3084,3084,154.15,154.15
R005,CNO,T2_SD_CNO,2026_06_21_merged.mat,OF1,2,3085,3085,154.20000000000002,154.20000000000002
R005,CNO,T2_SD_CNO,2026_06_21_merged.mat,OF1,2,3086,3086,154.25,154.25
R005,CNO,T2_SD_CNO,2026_06_21_merged.mat,OF1,2,3087,3087,154.3,154.3
R005,CNO,T2_SD_CNO,2026_06_21_merged.mat,OF1,2,3129,3129,156.4,156.4
R005,CNO,T2_SD_CNO,2026_06_21_merged.mat,OF1,2,3130,3130,156.45000000000002,156.45000000000002
R005,CNO,T2_SD_CNO,2026_06_21_merged.mat,OF1,2,3131,3131,156.5,156.5
R005,CNO,T2_SD_CNO,2026_06_21_merged.mat,OF1,2,3132,3132,156.55,156.55
R005,CNO,T2_SD_CNO,2026_06_21_merged.mat,OF1,2,3133,3133,156.60000000000002,156.60000000000002
R005,CNO,T2_SD_CNO,2026_06_21_merged.mat,OF1,2,3134,3134,156.65,156.65
R005,CNO,T2_SD_CNO,2026_06_21_merged.mat,OF1,2,3147,3147,157.3,157.3
R005,CNO,T2_SD_CNO,2026_06_21_merged.mat,OF1,2,3148,3148,157.35000000000002,157.35000000000002
R005,CNO,T2_SD_CNO,2026_06_21_merged.mat,OF1,2,3149,3149,157.4,157.4
R005,CNO,T2_SD_CNO,2026_06_21_merged.mat,OF1,2,3150,3150,157.45000000000002,157.45000000000002
R005,CNO,T2_SD_CNO,2026_06_21_merged.mat,OF1,2,3151,3151,157.5,157.5
R005,CNO,T2_SD_CNO,2026_06_21_merged.mat,OF1,1,3188,3188,159.35000000000002,159.35000000000002
R005,CNO,T2_SD_CNO,2026_06_21_merged.mat,OF1,1,3189,3189,159.4,159.4
R005,CNO,T2_SD_CNO,2026_06_21_merged.mat,OF1,4,3258,3258,162.85000000000002,162.85000000000002
R005,CNO,T2_SD_CNO,2026_06_21_merged.mat,OF1,2,3273,3273,163.60000000000002,163.60000000000002
R005,CNO,T2_SD_CNO,2026_06_21_merged.mat,OF1,2,3274,3274,163.65,163.65
R005,CNO,T2_SD_CNO,2026_06_21_merged.mat,OF1,2,3275,3275,163.70000000000002,163.70000000000002
R005,CNO,T2_SD_CNO,2026_06_21_merged.mat,OF1,4,3402,3402,170.05,170.05
R005,CNO,T2_SD_CNO,2026_06_21_merged.mat,OF1,2,3443,3443,172.10000000000002,172.10000000000002
R005,CNO,T2_SD_CNO,2026_06_21_merged.mat,OF1,2,3444,3444,172.15,172.15
R005,CNO,T2_SD_CNO,2026_06_21_merged.mat,OF1,2,3445,3445,172.20000000000002,172.20000000000002
R005,CNO,T2_SD_CNO,2026_06_21_merged.mat,OF1,2,3446,3446,172.25,172.25
R005,CNO,T2_SD_CNO,2026_06_21_merged.mat,OF1,4,3464,3464,173.15,173.15
R005,CNO,T2_SD_CNO,2026_06_21_merged.mat,OF1,4,3465,3465,173.20000000000002,173.20000000000002
R005,CNO,T2_SD_CNO,2026_06_21_merged.mat,OF1,4,3466,3466,173.25,173.25
R005,CNO,T2_SD_CNO,2026_06_21_merged.mat,OF1,3,3467,3467,173.3,173.3
R005,CNO,T2_SD_CNO,2026_06_21_merged.mat,OF1,3,3468,3468,173.35000000000002,173.35000000000002
R005,CNO,T2_SD_CNO,2026_06_21_merged.mat,OF1,1,3503,3503,175.10000000000002,175.10000000000002
R005,CNO,T2_SD_CNO,2026_06_21_merged.mat,OF1,4,3519,3519,175.9,175.9
R005,CNO,T2_SD_CNO,2026_06_21_merged.mat,OF1,4,3520,3520,175.95000000000002,175.95000000000002
R005,CNO,T2_SD_CNO,2026_06_21_merged.mat,OF1,4,3549,3549,177.4,177.4
R005,CNO,T2_SD_CNO,2026_06_21_merged.mat,OF1,4,3550,3550,177.45000000000002,177.45000000000002
R005,CNO,T2_SD_CNO,2026_06_21_merged.mat,OF1,4,3551,3551,177.5,177.5
R005,CNO,T2_SD_CNO,2026_06_21_merged.mat,OF1,4,3552,3552,177.55,177.55
R005,CNO,T2_SD_CNO,2026_06_21_merged.mat,OF1,4,3585,3585,179.20000000000002,179.20000000000002
R005,CNO,T2_SD_CNO,2026_06_21_merged.mat,OF1,4,3586,3586,179.25,179.25
R005,CNO,T2_SD_CNO,2026_06_21_merged.mat,OF1,3,3708,3708,185.35000000000002,185.35000000000002
R005,CNO,T2_SD_CNO,2026_06_21_merged.mat,OF1,3,3709,3709,185.4,185.4
R005,CNO,T2_SD_CNO,2026_06_21_merged.mat,OF1,2,3830,3830,191.45000000000002,191.45000000000002
R005,CNO,T2_SD_CNO,2026_06_21_merged.mat,OF1,2,3831,3831,191.5,191.5
R005,CNO,T2_SD_CNO,2026_06_21_merged.mat,OF1,2,3832,3832,191.55,191.55
R005,CNO,T2_SD_CNO,2026_06_21_merged.mat,OF1,2,3875,3875,193.70000000000002,193.70000000000002
R005,CNO,T2_SD_CNO,2026_06_21_merged.mat,OF1,2,3876,3876,193.75,193.75
R005,CNO,T2_SD_CNO,2026_06_21_merged.mat,OF1,2,3877,3877,193.8,193.8
R005,CNO,T2_SD_CNO,2026_06_21_merged.mat,OF1,2,3878,3878,193.85000000000002,193.85000000000002
R005,CNO,T2_SD_CNO,2026_06_21_merged.mat,OF1,2,3890,3890,194.45000000000002,194.45000000000002
R005,CNO,T2_SD_CNO,2026_06_21_merged.mat,OF1,2,3891,3891,194.5,194.5
R005,CNO,T2_SD_CNO,2026_06_21_merged.mat,OF1,2,3940,3940,196.95000000000002,196.95000000000002
R005,CNO,T2_SD_CNO,2026_06_21_merged.mat,OF1,2,3965,3965,198.20000000000002,198.20000000000002
R005,CNO,T2_SD_CNO,2026_06_21_merged.mat,OF1,2,3966,3966,198.25,198.25
R005,CNO,T2_SD_CNO,2026_06_21_merged.mat,OF1,2,3988,3988,199.35000000000002,199.35000000000002
R005,CNO,T2_SD_CNO,2026_06_21_merged.mat,OF1,2,3989,3989,199.4,199.4
R005,CNO,T2_SD_CNO,2026_06_21_merged.mat,OF1,2,3990,3990,199.45000000000002,199.45000000000002
R005,CNO,T2_SD_CNO,2026_06_21_merged.mat,OF1,2,3991,3991,199.5,199.5
R005,CNO,T2_SD_CNO,2026_06_21_merged.mat,OF1,3,4007,4007,200.3,200.3
R005,CNO,T2_SD_CNO,2026_06_21_merged.mat,OF1,2,4024,4024,201.15,201.15
R005,CNO,T2_SD_CNO,2026_06_21_merged.mat,OF1,2,4033,4033,201.60000000000002,201.60000000000002
R005,CNO,T2_SD_CNO,2026_06_21_merged.mat,OF1,2,4034,4034,201.65,201.65
R005,CNO,T2_SD_CNO,2026_06_21_merged.mat,OF1,2,4156,4156,207.75,207.75
R005,CNO,T2_SD_CNO,2026_06_21_merged.mat,OF1,2,4157,4157,207.8,207.8
R005,CNO,T2_SD_CNO,2026_06_21_merged.mat,OF1,2,4158,4158,207.85000000000002,207.85000000000002
R005,CNO,T2_SD_CNO,2026_06_21_merged.mat,OF1,2,4159,4159,207.9,207.9
R005,CNO,T2_SD_CNO,2026_06_21_merged.mat,OF1,2,4160,4160,207.95000000000002,207.95000000000002
R005,CNO,T2_SD_CNO,2026_06_21_merged.mat,OF1,2,4199,4199,209.9,209.9
R005,CNO,T2_SD_CNO,2026_06_21_merged.mat,OF1,2,4220,4220,210.95000000000002,210.95000000000002
R005,CNO,T2_SD_CNO,2026_06_21_merged.mat,OF1,2,4250,4250,212.45000000000002,212.45000000000002
R005,CNO,T2_SD_CNO,2026_06_21_merged.mat,OF1,2,4251,4251,212.5,212.5
R005,CNO,T2_SD_CNO,2026_06_21_merged.mat,OF1,2,4339,4339,216.9,216.9
R005,CNO,T2_SD_CNO,2026_06_21_merged.mat,OF1,4,4355,4355,217.70000000000002,217.70000000000002
R005,CNO,T2_SD_CNO,2026_06_21_merged.mat,OF1,2,4571,4571,228.5,228.5
R005,CNO,T2_SD_CNO,2026_06_21_merged.mat,OF1,2,4572,4572,228.55,228.55
R005,CNO,T2_SD_CNO,2026_06_21_merged.mat,OF1,2,4573,4573,228.60000000000002,228.60000000000002
R005,CNO,T2_SD_CNO,2026_06_21_merged.mat,OF1,2,4602,4602,230.05,230.05
R005,CNO,T2_SD_CNO,2026_06_21_merged.mat,OF1,2,4655,4655,232.70000000000002,232.70000000000002
R005,CNO,T2_SD_CNO,2026_06_21_merged.mat,OF1,2,4664,4664,233.15,233.15
R005,CNO,T2_SD_CNO,2026_06_21_merged.mat,OF1,2,4665,4665,233.20000000000002,233.20000000000002
R005,CNO,T2_SD_CNO,2026_06_21_merged.mat,OF1,2,4666,4666,233.25,233.25
R005,CNO,T2_SD_CNO,2026_06_21_merged.mat,OF1,4,4685,4685,234.20000000000002,234.20000000000002
R005,CNO,T2_SD_CNO,2026_06_21_merged.mat,OF1,2,4697,4697,234.8,234.8
R005,CNO,T2_SD_CNO,2026_06_21_merged.mat,OF1,2,4796,4796,239.75,239.75
R005,CNO,T2_SD_CNO,2026_06_21_merged.mat,OF1,4,4804,4804,240.15,240.15
R005,CNO,T2_SD_CNO,2026_06_21_merged.mat,OF1,4,4919,4919,245.9,245.9
R005,CNO,T2_SD_CNO,2026_06_21_merged.mat,OF1,3,4993,4993,249.60000000000002,249.60000000000002
R005,CNO,T2_SD_CNO,2026_06_21_merged.mat,OF1,4,4994,4994,249.65,249.65
R005,CNO,T2_SD_CNO,2026_06_21_merged.mat,OF1,4,4995,4995,249.70000000000002,249.70000000000002
R005,CNO,T2_SD_CNO,2026_06_21_merged.mat,OF1,4,5062,5062,253.05,253.05
R005,CNO,T2_SD_CNO,2026_06_21_merged.mat,OF1,3,5063,5063,253.10000000000002,253.10000000000002
R005,CNO,T2_SD_CNO,2026_06_21_merged.mat,OF1,3,5064,5064,253.15,253.15
R005,CNO,T2_SD_CNO,2026_06_21_merged.mat,OF1,3,5065,5065,253.20000000000002,253.20000000000002
R005,CNO,T2_SD_CNO,2026_06_21_merged.mat,OF1,4,5066,5066,253.25,253.25
R005,CNO,T2_SD_CNO,2026_06_21_merged.mat,OF1,3,5073,5073,253.60000000000002,253.60000000000002
R005,CNO,T2_SD_CNO,2026_06_21_merged.mat,OF1,3,5074,5074,253.65,253.65
R005,CNO,T2_SD_CNO,2026_06_21_merged.mat,OF1,3,5075,5075,253.70000000000002,253.70000000000002
R005,CNO,T2_SD_CNO,2026_06_21_merged.mat,OF1,3,5076,5076,253.75,253.75
R005,CNO,T2_SD_CNO,2026_06_21_merged.mat,OF1,4,5079,5079,253.9,253.9
R005,CNO,T2_SD_CNO,2026_06_21_merged.mat,OF1,3,5090,5090,254.45000000000002,254.45000000000002
R005,CNO,T2_SD_CNO,2026_06_21_merged.mat,OF1,3,5091,5091,254.5,254.5
R005,CNO,T2_SD_CNO,2026_06_21_merged.mat,OF1,3,5092,5092,254.55,254.55
R005,CNO,T2_SD_CNO,2026_06_21_merged.mat,OF1,3,5093,5093,254.60000000000002,254.60000000000002
R005,CNO,T2_SD_CNO,2026_06_21_merged.mat,OF1,4,5094,5094,254.65,254.65
R005,CNO,T2_SD_CNO,2026_06_21_merged.mat,OF1,4,5097,5097,254.8,254.8
R005,CNO,T2_SD_CNO,2026_06_21_merged.mat,OF1,4,5098,5098,254.85000000000002,254.85000000000002
R005,CNO,T2_SD_CNO,2026_06_21_merged.mat,OF1,2,5178,5178,258.85,258.85
R005,CNO,T2_SD_CNO,2026_06_21_merged.mat,OF1,1,5324,5324,266.15000000000003,266.15000000000003
R005,CNO,T2_SD_CNO,2026_06_21_merged.mat,OF1,2,5326,5326,266.25,266.25
R005,CNO,T2_SD_CNO,2026_06_21_merged.mat,OF1,2,5327,5327,266.3,266.3
R005,CNO,T2_SD_CNO,2026_06_21_merged.mat,OF1,2,5328,5328,266.35,266.35
R005,CNO,T2_SD_CNO,2026_06_21_merged.mat,OF1,2,5329,5329,266.40000000000003,266.40000000000003
R005,CNO,T2_SD_CNO,2026_06_21_merged.mat,OF1,2,5330,5330,266.45,266.45
R005,CNO,T2_SD_CNO,2026_06_21_merged.mat,OF1,2,5331,5331,266.5,266.5
R005,CNO,T2_SD_CNO,2026_06_21_merged.mat,OF1,2,5364,5364,268.15000000000003,268.15000000000003
R005,CNO,T2_SD_CNO,2026_06_21_merged.mat,OF1,2,5365,5365,268.2,268.2
R005,CNO,T2_SD_CNO,2026_06_21_merged.mat,OF1,2,5366,5366,268.25,268.25
R005,CNO,T2_SD_CNO,2026_06_21_merged.mat,OF1,2,5367,5367,268.3,268.3
R005,CNO,T2_SD_CNO,2026_06_21_merged.mat,OF1,1,5375,5375,268.7,268.7
R005,CNO,T2_SD_CNO,2026_06_21_merged.mat,OF1,1,5376,5376,268.75,268.75
R005,CNO,T2_SD_CNO,2026_06_21_merged.mat,OF1,1,5377,5377,268.8,268.8
R005,CNO,T2_SD_CNO,2026_06_21_merged.mat,OF1,4,5427,5427,271.3,271.3
R005,CNO,T2_SD_CNO,2026_06_21_merged.mat,OF1,4,5428,5428,271.35,271.35
R005,CNO,T2_SD_CNO,2026_06_21_merged.mat,OF1,4,5451,5451,272.5,272.5
R005,CNO,T2_SD_CNO,2026_06_21_merged.mat,OF1,4,5452,5452,272.55,272.55
R005,CNO,T2_SD_CNO,2026_06_21_merged.mat,OF1,2,5471,5471,273.5,273.5
R005,CNO,T2_SD_CNO,2026_06_21_merged.mat,OF1,4,5491,5491,274.5,274.5
R005,CNO,T2_SD_CNO,2026_06_21_merged.mat,OF1,4,5493,5493,274.6,274.6
R005,CNO,T2_SD_CNO,2026_06_21_merged.mat,OF1,1,5500,5500,274.95,274.95
R005,CNO,T2_SD_CNO,2026_06_21_merged.mat,OF1,2,5536,5536,276.75,276.75
R005,CNO,T2_SD_CNO,2026_06_21_merged.mat,OF1,2,5560,5560,277.95,277.95
R005,CNO,T2_SD_CNO,2026_06_21_merged.mat,OF1,2,5563,5563,278.1,278.1
R005,CNO,T2_SD_CNO,2026_06_21_merged.mat,OF1,2,5564,5564,278.15000000000003,278.15000000000003
R005,CNO,T2_SD_CNO,2026_06_21_merged.mat,OF1,2,5579,5579,278.90000000000003,278.90000000000003
R005,CNO,T2_SD_CNO,2026_06_21_merged.mat,OF1,2,5580,5580,278.95,278.95
R005,CNO,T2_SD_CNO,2026_06_21_merged.mat,OF1,2,5581,5581,279.0,279.0
R005,CNO,T2_SD_CNO,2026_06_21_merged.mat,OF1,1,5664,5664,283.15000000000003,283.15000000000003
R005,CNO,T2_SD_CNO,2026_06_21_merged.mat,OF1,2,5700,5700,284.95,284.95
R005,CNO,T2_SD_CNO,2026_06_21_merged.mat,OF1,2,5701,5701,285.0,285.0
R005,CNO,T2_SD_CNO,2026_06_21_merged.mat,OF1,2,5702,5702,285.05,285.05
R005,CNO,T2_SD_CNO,2026_06_21_merged.mat,OF1,2,5703,5703,285.1,285.1
R005,CNO,T2_SD_CNO,2026_06_21_merged.mat,OF1,4,5722,5722,286.05,286.05
R005,CNO,T2_SD_CNO,2026_06_21_merged.mat,OF1,2,5757,5757,287.8,287.8
R005,CNO,T2_SD_CNO,2026_06_21_merged.mat,OF1,2,5758,5758,287.85,287.85
R005,CNO,T2_SD_CNO,2026_06_21_merged.mat,OF1,2,5830,5830,291.45,291.45
R005,CNO,T2_SD_CNO,2026_06_21_merged.mat,OF1,2,5831,5831,291.5,291.5
R005,CNO,T2_SD_CNO,2026_06_21_merged.mat,OF1,2,5832,5832,291.55,291.55
R005,CNO,T2_SD_CNO,2026_06_21_merged.mat,OF1,2,5833,5833,291.6,291.6
R005,CNO,T2_SD_CNO,2026_06_21_merged.mat,OF1,1,5845,5845,292.2,292.2
R005,CNO,T2_SD_CNO,2026_06_21_merged.mat,OF1,1,5846,5846,292.25,292.25
R005,CNO,T2_SD_CNO,2026_06_21_merged.mat,OF1,1,5866,5866,293.25,293.25
R005,CNO,T2_SD_CNO,2026_06_21_merged.mat,OF1,1,5867,5867,293.3,293.3
R005,CNO,T2_SD_CNO,2026_06_21_merged.mat,OF1,2,5869,5869,293.40000000000003,293.40000000000003
R005,CNO,T2_SD_CNO,2026_06_21_merged.mat,OF1,2,5872,5872,293.55,293.55
R005,CNO,T2_SD_CNO,2026_06_21_merged.mat,OF1,2,5873,5873,293.6,293.6
R005,CNO,T2_SD_CNO,2026_06_21_merged.mat,OF1,2,5874,5874,293.65000000000003,293.65000000000003
R005,CNO,T2_SD_CNO,2026_06_21_merged.mat,OF1,2,5875,5875,293.7,293.7
R005,CNO,T2_SD_CNO,2026_06_21_merged.mat,OF1,2,5876,5876,293.75,293.75
R005,CNO,T2_SD_CNO,2026_06_21_merged.mat,OF1,2,5900,5900,294.95,294.95
R005,CNO,T2_SD_CNO,2026_06_21_merged.mat,OF1,2,5901,5901,295.0,295.0
R005,CNO,T2_SD_CNO,2026_06_21_merged.mat,OF1,2,5902,5902,295.05,295.05
R005,CNO,T2_SD_CNO,2026_06_21_merged.mat,OF1,2,5903,5903,295.1,295.1
R005,CNO,T2_SD_CNO,2026_06_21_merged.mat,OF1,2,5904,5904,295.15000000000003,295.15000000000003
R005,CNO,T2_SD_CNO,2026_06_21_merged.mat,OF1,2,5913,5913,295.6,295.6
R005,CNO,T2_SD_CNO,2026_06_21_merged.mat,OF1,4,5971,5971,298.5,298.5
R005,CNO,T2_SD_CNO,2026_06_21_merged.mat,OF1,4,5972,5972,298.55,298.55
R005,CNO,T2_SD_CNO,2026_06_21_merged.mat,OF1,3,5984,5984,299.15000000000003,299.15000000000003
R005,CNO,T2_SD_CNO,2026_06_21_merged.mat,OF1,3,5985,5985,299.2,299.2
R005,CNO,T2_SD_CNO,2026_06_21_merged.mat,OF1,4,5986,5986,299.25,299.25
R005,CNO,T2_SD_CNO,2026_06_21_merged.mat,OF1,3,5987,5987,299.3,299.3
R005,CNO,T2_SD_CNO,2026_06_21_merged.mat,OF1,3,5988,5988,299.35,299.35
R005,CNO,T2_SD_CNO,2026_06_21_merged.mat,OF1,3,6033,6033,301.6,301.6
R005,CNO,T2_SD_CNO,2026_06_21_merged.mat,OF1,4,6034,6034,301.65000000000003,301.65000000000003
R005,CNO,T2_SD_CNO,2026_06_21_merged.mat,OF1,4,6092,6092,304.55,304.55
R005,CNO,T2_SD_CNO,2026_06_21_merged.mat,OF1,3,6139,6139,306.90000000000003,306.90000000000003
R005,CNO,T2_SD_CNO,2026_06_21_merged.mat,OF1,4,6147,6147,307.3,307.3
R005,CNO,T2_SD_CNO,2026_06_21_merged.mat,OF1,4,6186,6186,309.25,309.25
R005,CNO,T2_SD_CNO,2026_06_21_merged.mat,OF1,4,6187,6187,309.3,309.3
R005,CNO,T2_SD_CNO,2026_06_21_merged.mat,OF1,2,6202,6202,310.05,310.05
R005,CNO,T2_SD_CNO,2026_06_21_merged.mat,OF1,2,6203,6203,310.1,310.1
R005,CNO,T2_SD_CNO,2026_06_21_merged.mat,OF1,2,6204,6204,310.15000000000003,310.15000000000003
R005,CNO,T2_SD_CNO,2026_06_21_merged.mat,OF1,2,6249,6249,312.40000000000003,312.40000000000003
R005,CNO,T2_SD_CNO,2026_06_21_merged.mat,OF1,2,6261,6261,313.0,313.0
R005,CNO,T2_SD_CNO,2026_06_21_merged.mat,OF1,2,6262,6262,313.05,313.05
R005,CNO,T2_SD_CNO,2026_06_21_merged.mat,OF1,2,6263,6263,313.1,313.1
R005,CNO,T2_SD_CNO,2026_06_21_merged.mat,OF1,2,6264,6264,313.15000000000003,313.15000000000003
R005,CNO,T2_SD_CNO,2026_06_21_merged.mat,OF1,2,6265,6265,313.20000000000005,313.20000000000005
R005,CNO,T2_SD_CNO,2026_06_21_merged.mat,OF1,4,6303,6303,315.1,315.1
R005,CNO,T2_SD_CNO,2026_06_21_merged.mat,OF1,4,6342,6342,317.05,317.05
R005,CNO,T2_SD_CNO,2026_06_21_merged.mat,OF1,4,6343,6343,317.1,317.1
R005,CNO,T2_SD_CNO,2026_06_21_merged.mat,OF1,4,6350,6350,317.45000000000005,317.45000000000005
R005,CNO,T2_SD_CNO,2026_06_21_merged.mat,OF1,2,6432,6432,321.55,321.55
R005,CNO,T2_SD_CNO,2026_06_21_merged.mat,OF1,2,6433,6433,321.6,321.6
R005,CNO,T2_SD_CNO,2026_06_21_merged.mat,OF1,2,6434,6434,321.65000000000003,321.65000000000003
R005,CNO,T2_SD_CNO,2026_06_21_merged.mat,OF1,4,6487,6487,324.3,324.3
R005,CNO,T2_SD_CNO,2026_06_21_merged.mat,OF1,4,6488,6488,324.35,324.35
R005,CNO,T2_SD_CNO,2026_06_21_merged.mat,OF1,4,6489,6489,324.40000000000003,324.40000000000003
R005,CNO,T2_SD_CNO,2026_06_21_merged.mat,OF1,1,6524,6524,326.15,326.15
R005,CNO,T2_SD_CNO,2026_06_21_merged.mat,OF1,4,6526,6526,326.24999999999994,326.24999999999994
R005,CNO,T2_SD_CNO,2026_06_21_merged.mat,OF1,2,6548,6548,327.34999999999997,327.34999999999997
R005,CNO,T2_SD_CNO,2026_06_21_merged.mat,OF1,2,6549,6549,327.4,327.4
R005,CNO,T2_SD_CNO,2026_06_21_merged.mat,OF1,4,6718,6718,335.84999999999997,335.84999999999997
R005,CNO,T2_SD_CNO,2026_06_21_merged.mat,OF1,4,6719,6719,335.9,335.9
R005,CNO,T2_SD_CNO,2026_06_21_merged.mat,OF1,3,6720,6720,335.94999999999993,335.94999999999993
R005,CNO,T2_SD_CNO,2026_06_21_merged.mat,OF1,3,6721,6721,335.99999999999994,335.99999999999994
R005,CNO,T2_SD_CNO,2026_06_21_merged.mat,OF1,4,6722,6722,336.04999999999995,336.04999999999995
R005,CNO,T2_SD_CNO,2026_06_21_merged.mat,OF1,1,6753,6753,337.59999999999997,337.59999999999997
R005,CNO,T2_SD_CNO,2026_06_21_merged.mat,OF1,4,6830,6830,341.44999999999993,341.44999999999993
R005,CNO,T2_SD_CNO,2026_06_21_merged.mat,OF1,2,6888,6888,344.34999999999997,344.34999999999997
R005,CNO,T2_SD_CNO,2026_06_21_merged.mat,OF1,2,6889,6889,344.4,344.4
R005,CNO,T2_SD_CNO,2026_06_21_merged.mat,OF1,2,6890,6890,344.45,344.45
R005,CNO,T2_SD_CNO,2026_06_21_merged.mat,OF1,2,6891,6891,344.49999999999994,344.49999999999994
R005,CNO,T2_SD_CNO,2026_06_21_merged.mat,OF1,2,6892,6892,344.54999999999995,344.54999999999995
R005,CNO,T2_SD_CNO,2026_06_21_merged.mat,OF1,4,6927,6927,346.29999999999995,346.29999999999995
R005,CNO,T2_SD_CNO,2026_06_21_merged.mat,OF1,4,6974,6974,348.65,348.65
R005,CNO,T2_SD_CNO,2026_06_21_merged.mat,OF1,4,6975,6975,348.7,348.7
R005,CNO,T2_SD_CNO,2026_06_21_merged.mat,OF1,2,6997,6997,349.79999999999995,349.79999999999995
R005,CNO,T2_SD_CNO,2026_06_21_merged.mat,OF1,2,6999,6999,349.9,349.9
R005,CNO,T2_SD_CNO,2026_06_21_merged.mat,OF1,4,7016,7016,350.74999999999994,350.74999999999994
R005,CNO,T2_SD_CNO,2026_06_21_merged.mat,OF1,2,7033,7033,351.59999999999997,351.59999999999997
R005,CNO,T2_SD_CNO,2026_06_21_merged.mat,OF1,2,7034,7034,351.65,351.65
R005,CNO,T2_SD_CNO,2026_06_21_merged.mat,OF1,2,7035,7035,351.7,351.7
R005,CNO,T2_SD_CNO,2026_06_21_merged.mat,OF1,2,7036,7036,351.74999999999994,351.74999999999994
R005,CNO,T2_SD_CNO,2026_06_21_merged.mat,OF1,2,7049,7049,352.4,352.4
R005,CNO,T2_SD_CNO,2026_06_21_merged.mat,OF1,2,7051,7051,352.49999999999994,352.49999999999994
R005,CNO,T2_SD_CNO,2026_06_21_merged.mat,OF1,2,7052,7052,352.54999999999995,352.54999999999995
R005,CNO,T2_SD_CNO,2026_06_21_merged.mat,OF1,1,7062,7062,353.04999999999995,353.04999999999995
R005,CNO,T2_SD_CNO,2026_06_21_merged.mat,OF1,2,7072,7072,353.54999999999995,353.54999999999995
R005,CNO,T2_SD_CNO,2026_06_21_merged.mat,OF1,2,7073,7073,353.59999999999997,353.59999999999997
R005,CNO,T2_SD_CNO,2026_06_21_merged.mat,OF1,2,7074,7074,353.65,353.65
R005,CNO,T2_SD_CNO,2026_06_21_merged.mat,OF1,2,7075,7075,353.7,353.7
R005,CNO,T2_SD_CNO,2026_06_21_merged.mat,OF1,1,7088,7088,354.34999999999997,354.34999999999997
R005,CNO,T2_SD_CNO,2026_06_21_merged.mat,OF1,2,7089,7089,354.4,354.4
R005,CNO,T2_SD_CNO,2026_06_21_merged.mat,OF1,2,7090,7090,354.45,354.45
R005,CNO,T2_SD_CNO,2026_06_21_merged.mat,OF1,2,7091,7091,354.49999999999994,354.49999999999994
R005,CNO,T2_SD_CNO,2026_06_21_merged.mat,OF1,2,7099,7099,354.9,354.9
R005,CNO,T2_SD_CNO,2026_06_21_merged.mat,OF1,2,7122,7122,356.04999999999995,356.04999999999995
R005,CNO,T2_SD_CNO,2026_06_21_merged.mat,OF1,2,7162,7162,358.04999999999995,358.04999999999995
R005,CNO,T2_SD_CNO,2026_06_21_merged.mat,OF1,2,7163,7163,358.09999999999997,358.09999999999997
R005,CNO,T2_SD_CNO,2026_06_21_merged.mat,OF1,1,7167,7167,358.29999999999995,358.29999999999995
R005,CNO,T2_SD_CNO,2026_06_21_merged.mat,OF1,1,7168,7168,358.34999999999997,358.34999999999997
R005,CNO,T2_SD_CNO,2026_06_21_merged.mat,OF1,1,7169,7169,358.4,358.4
R005,CNO,T2_SD_CNO,2026_06_21_merged.mat,OF1,1,7170,7170,358.45,358.45
R005,CNO,T2_SD_CNO,2026_06_21_merged.mat,OF1,1,7171,7171,358.49999999999994,358.49999999999994
R005,CNO,T2_SD_CNO,2026_06_21_merged.mat,OF1,2,7176,7176,358.74999999999994,358.74999999999994
R005,CNO,T2_SD_CNO,2026_06_21_merged.mat,OF1,1,7272,7272,363.54999999999995,363.54999999999995
R005,CNO,T2_SD_CNO,2026_06_21_merged.mat,OF1,2,7309,7309,365.4,365.4
R005,CNO,T2_SD_CNO,2026_06_21_merged.mat,OF1,2,7311,7311,365.49999999999994,365.49999999999994
R005,CNO,T2_SD_CNO,2026_06_21_merged.mat,OF1,2,7312,7312,365.54999999999995,365.54999999999995
R005,CNO,T2_SD_CNO,2026_06_21_merged.mat,OF1,4,7336,7336,366.74999999999994,366.74999999999994
R005,CNO,T2_SD_CNO,2026_06_21_merged.mat,OF1,2,7345,7345,367.2,367.2
R005,CNO,T2_SD_CNO,2026_06_21_merged.mat,OF1,2,7346,7346,367.24999999999994,367.24999999999994
R005,CNO,T2_SD_CNO,2026_06_21_merged.mat,OF1,2,7347,7347,367.29999999999995,367.29999999999995
R005,CNO,T2_SD_CNO,2026_06_21_merged.mat,OF1,2,7382,7382,369.04999999999995,369.04999999999995
R005,CNO,T2_SD_CNO,2026_06_21_merged.mat,OF1,2,7383,7383,369.09999999999997,369.09999999999997
R005,CNO,T2_SD_CNO,2026_06_21_merged.mat,OF1,2,7384,7384,369.15,369.15
R005,CNO,T2_SD_CNO,2026_06_21_merged.mat,OF1,2,7399,7399,369.9,369.9
R005,CNO,T2_SD_CNO,2026_06_21_merged.mat,OF1,2,7402,7402,370.04999999999995,370.04999999999995
R005,CNO,T2_SD_CNO,2026_06_21_merged.mat,OF1,2,7404,7404,370.15,370.15
R005,CNO,T2_SD_CNO,2026_06_21_merged.mat,OF1,2,7405,7405,370.2,370.2
R005,CNO,T2_SD_CNO,2026_06_21_merged.mat,OF1,2,7426,7426,371.24999999999994,371.24999999999994
R005,CNO,T2_SD_CNO,2026_06_21_merged.mat,OF1,2,7427,7427,371.29999999999995,371.29999999999995
R005,CNO,T2_SD_CNO,2026_06_21_merged.mat,OF1,2,7428,7428,371.34999999999997,371.34999999999997
R005,CNO,T2_SD_CNO,2026_06_21_merged.mat,OF1,2,7429,7429,371.4,371.4
R005,CNO,T2_SD_CNO,2026_06_21_merged.mat,OF1,2,7473,7473,373.59999999999997,373.59999999999997
R005,CNO,T2_SD_CNO,2026_06_21_merged.mat,OF1,2,7474,7474,373.65,373.65
R005,CNO,T2_SD_CNO,2026_06_21_merged.mat,OF1,2,7501,7501,374.99999999999994,374.99999999999994
R005,CNO,T2_SD_CNO,2026_06_21_merged.mat,OF1,2,7502,7502,375.04999999999995,375.04999999999995
R005,CNO,T2_SD_CNO,2026_06_21_merged.mat,OF1,2,7536,7536,376.74999999999994,376.74999999999994
R005,CNO,T2_SD_CNO,2026_06_21_merged.mat,OF1,2,7543,7543,377.09999999999997,377.09999999999997
R005,CNO,T2_SD_CNO,2026_06_21_merged.mat,OF1,2,7544,7544,377.15,377.15
R005,CNO,T2_SD_CNO,2026_06_21_merged.mat,OF1,2,7545,7545,377.2,377.2
R005,CNO,T2_SD_CNO,2026_06_21_merged.mat,OF1,2,7546,7546,377.24999999999994,377.24999999999994
R005,CNO,T2_SD_CNO,2026_06_21_merged.mat,OF1,2,7547,7547,377.29999999999995,377.29999999999995
R005,CNO,T2_SD_CNO,2026_06_21_merged.mat,OF1,2,7548,7548,377.34999999999997,377.34999999999997
R005,CNO,T2_SD_CNO,2026_06_21_merged.mat,OF1,2,7555,7555,377.7,377.7
R005,CNO,T2_SD_CNO,2026_06_21_merged.mat,OF1,2,7556,7556,377.74999999999994,377.74999999999994
R005,CNO,T2_SD_CNO,2026_06_21_merged.mat,OF1,2,7632,7632,381.54999999999995,381.54999999999995
R005,CNO,T2_SD_CNO,2026_06_21_merged.mat,OF1,2,7633,7633,381.59999999999997,381.59999999999997
R005,CNO,T2_SD_CNO,2026_06_21_merged.mat,OF1,2,7643,7643,382.09999999999997,382.09999999999997
R005,CNO,T2_SD_CNO,2026_06_21_merged.mat,OF1,2,7645,7645,382.2,382.2
R005,CNO,T2_SD_CNO,2026_06_21_merged.mat,OF1,1,7676,7676,383.74999999999994,383.74999999999994
R005,CNO,T2_SD_CNO,2026_06_21_merged.mat,OF1,2,7857,7857,392.79999999999995,392.79999999999995
R005,CNO,T2_SD_CNO,2026_06_21_merged.mat,OF1,2,7858,7858,392.84999999999997,392.84999999999997
R005,CNO,T2_SD_CNO,2026_06_21_merged.mat,OF1,2,7894,7894,394.65,394.65
R005,CNO,T2_SD_CNO,2026_06_21_merged.mat,OF1,2,7909,7909,395.4,395.4
R005,CNO,T2_SD_CNO,2026_06_21_merged.mat,OF1,2,7910,7910,395.44999999999993,395.44999999999993
R005,CNO,T2_SD_CNO,2026_06_21_merged.mat,OF1,2,7911,7911,395.5,395.5
R005,CNO,T2_SD_CNO,2026_06_21_merged.mat,OF1,2,7919,7919,395.9,395.9
R005,CNO,T2_SD_CNO,2026_06_21_merged.mat,OF1,2,7920,7920,395.94999999999993,395.94999999999993
R005,CNO,T2_SD_CNO,2026_06_21_merged.mat,OF1,2,7921,7921,396.0,396.0
R005,CNO,T2_SD_CNO,2026_06_21_merged.mat,OF1,2,7922,7922,396.04999999999995,396.04999999999995
R005,CNO,T2_SD_CNO,2026_06_21_merged.mat,OF1,2,7939,7939,396.9,396.9
R005,CNO,T2_SD_CNO,2026_06_21_merged.mat,OF1,2,7940,7940,396.94999999999993,396.94999999999993
R005,CNO,T2_SD_CNO,2026_06_21_merged.mat,OF1,2,7941,7941,397.0,397.0
R005,CNO,T2_SD_CNO,2026_06_21_merged.mat,OF1,2,7952,7952,397.54999999999995,397.54999999999995
R005,CNO,T2_SD_CNO,2026_06_21_merged.mat,OF1,2,7953,7953,397.59999999999997,397.59999999999997
R005,CNO,T2_SD_CNO,2026_06_21_merged.mat,OF1,2,7954,7954,397.65,397.65
R005,CNO,T2_SD_CNO,2026_06_21_merged.mat,OF1,1,7970,7970,398.44999999999993,398.44999999999993
R005,CNO,T2_SD_CNO,2026_06_21_merged.mat,OF1,2,7971,7971,398.5,398.5
R005,CNO,T2_SD_CNO,2026_06_21_merged.mat,OF1,2,7972,7972,398.54999999999995,398.54999999999995
R005,CNO,T2_SD_CNO,2026_06_21_merged.mat,OF1,2,7973,7973,398.59999999999997,398.59999999999997
R005,CNO,T2_SD_CNO,2026_06_21_merged.mat,OF1,2,7974,7974,398.65,398.65
R005,CNO,T2_SD_CNO,2026_06_21_merged.mat,OF1,2,7987,7987,399.29999999999995,399.29999999999995
R005,CNO,T2_SD_CNO,2026_06_21_merged.mat,OF1,2,7988,7988,399.34999999999997,399.34999999999997
R005,CNO,T2_SD_CNO,2026_06_21_merged.mat,OF1,2,7989,7989,399.4,399.4
R005,CNO,T2_SD_CNO,2026_06_21_merged.mat,OF1,2,8011,8011,400.5,400.5
R005,CNO,T2_SD_CNO,2026_06_21_merged.mat,OF1,2,8012,8012,400.54999999999995,400.54999999999995
R005,CNO,T2_SD_CNO,2026_06_21_merged.mat,OF1,2,8013,8013,400.59999999999997,400.59999999999997
R005,CNO,T2_SD_CNO,2026_06_21_merged.mat,OF1,2,8014,8014,400.65,400.65
R005,CNO,T2_SD_CNO,2026_06_21_merged.mat,OF1,2,8039,8039,401.9,401.9
R005,CNO,T2_SD_CNO,2026_06_21_merged.mat,OF1,2,8053,8053,402.59999999999997,402.59999999999997
R005,CNO,T2_SD_CNO,2026_06_21_merged.mat,OF1,3,8111,8111,405.5,405.5
R005,CNO,T2_SD_CNO,2026_06_21_merged.mat,OF1,3,8112,8112,405.54999999999995,405.54999999999995
R005,CNO,T2_SD_CNO,2026_06_21_merged.mat,OF1,4,8183,8183,409.09999999999997,409.09999999999997
R005,CNO,T2_SD_CNO,2026_06_21_merged.mat,OF1,2,8250,8250,412.44999999999993,412.44999999999993
R005,CNO,T2_SD_CNO,2026_06_21_merged.mat,OF1,2,8251,8251,412.5,412.5
R005,CNO,T2_SD_CNO,2026_06_21_merged.mat,OF1,2,8252,8252,412.54999999999995,412.54999999999995
R005,CNO,T2_SD_CNO,2026_06_21_merged.mat,OF1,2,8253,8253,412.59999999999997,412.59999999999997
R005,CNO,T2_SD_CNO,2026_06_21_merged.mat,OF1,2,8254,8254,412.65,412.65
R005,CNO,T2_SD_CNO,2026_06_21_merged.mat,OF1,2,8272,8272,413.54999999999995,413.54999999999995
R005,CNO,T2_SD_CNO,2026_06_21_merged.mat,OF1,2,8273,8273,413.59999999999997,413.59999999999997
R005,CNO,T2_SD_CNO,2026_06_21_merged.mat,OF1,2,8307,8307,415.29999999999995,415.29999999999995
R005,CNO,T2_SD_CNO,2026_06_21_merged.mat,OF1,4,8463,8463,423.09999999999997,423.09999999999997
R005,CNO,T2_SD_CNO,2026_06_21_merged.mat,OF1,3,8511,8511,425.5,425.5
R005,CNO,T2_SD_CNO,2026_06_21_merged.mat,OF1,3,8512,8512,425.54999999999995,425.54999999999995
R005,CNO,T2_SD_CNO,2026_06_21_merged.mat,OF1,3,8513,8513,425.59999999999997,425.59999999999997
R005,CNO,T2_SD_CNO,2026_06_21_merged.mat,OF1,3,8514,8514,425.65,425.65
R005,CNO,T2_SD_CNO,2026_06_21_merged.mat,OF1,3,8515,8515,425.69999999999993,425.69999999999993
R005,CNO,T2_SD_CNO,2026_06_21_merged.mat,OF1,2,8537,8537,426.79999999999995,426.79999999999995
R005,CNO,T2_SD_CNO,2026_06_21_merged.mat,OF1,4,8569,8569,428.4,428.4
R005,CNO,T2_SD_CNO,2026_06_21_merged.mat,OF1,4,8570,8570,428.44999999999993,428.44999999999993
R005,CNO,T2_SD_CNO,2026_06_21_merged.mat,OF1,4,8571,8571,428.5,428.5
R005,CNO,T2_SD_CNO,2026_06_21_merged.mat,OF1,4,8601,8601,430.0,430.0
R005,CNO,T2_SD_CNO,2026_06_21_merged.mat,OF1,4,8602,8602,430.04999999999995,430.04999999999995
R005,CNO,T2_SD_CNO,2026_06_21_merged.mat,OF1,1,8672,8672,433.54999999999995,433.54999999999995
R005,CNO,T2_SD_CNO,2026_06_21_merged.mat,OF1,1,8673,8673,433.59999999999997,433.59999999999997
R005,CNO,T2_SD_CNO,2026_06_21_merged.mat,OF1,4,8680,8680,433.94999999999993,433.94999999999993
R005,CNO,T2_SD_CNO,2026_06_21_merged.mat,OF1,4,8681,8681,434.0,434.0
R005,CNO,T2_SD_CNO,2026_06_21_merged.mat,OF1,4,8683,8683,434.09999999999997,434.09999999999997
R005,CNO,T2_SD_CNO,2026_06_21_merged.mat,OF1,4,8684,8684,434.15,434.15
R005,CNO,T2_SD_CNO,2026_06_21_merged.mat,OF1,4,8685,8685,434.19999999999993,434.19999999999993
R005,CNO,T2_SD_CNO,2026_06_21_merged.mat,OF1,4,8687,8687,434.29999999999995,434.29999999999995
R005,CNO,T2_SD_CNO,2026_06_21_merged.mat,OF1,4,8688,8688,434.34999999999997,434.34999999999997
R005,CNO,T2_SD_CNO,2026_06_21_merged.mat,OF1,4,8731,8731,436.5,436.5
R005,CNO,T2_SD_CNO,2026_06_21_merged.mat,OF1,3,8742,8742,437.04999999999995,437.04999999999995
R005,CNO,T2_SD_CNO,2026_06_21_merged.mat,OF1,4,8743,8743,437.09999999999997,437.09999999999997
R005,CNO,T2_SD_CNO,2026_06_21_merged.mat,OF1,4,8744,8744,437.15,437.15
R005,CNO,T2_SD_CNO,2026_06_21_merged.mat,OF1,1,8774,8774,438.65,438.65
R005,CNO,T2_SD_CNO,2026_06_21_merged.mat,OF1,2,8775,8775,438.69999999999993,438.69999999999993
R005,CNO,T2_SD_CNO,2026_06_21_merged.mat,OF1,2,8776,8776,438.75,438.75
R005,CNO,T2_SD_CNO,2026_06_21_merged.mat,OF1,2,8787,8787,439.29999999999995,439.29999999999995
R005,CNO,T2_SD_CNO,2026_06_21_merged.mat,OF1,2,8788,8788,439.34999999999997,439.34999999999997
R005,CNO,T2_SD_CNO,2026_06_21_merged.mat,OF1,4,8826,8826,441.25,441.25
R005,CNO,T2_SD_CNO,2026_06_21_merged.mat,OF1,4,8827,8827,441.29999999999995,441.29999999999995
R005,CNO,T2_SD_CNO,2026_06_21_merged.mat,OF1,4,8828,8828,441.34999999999997,441.34999999999997
R005,CNO,T2_SD_CNO,2026_06_21_merged.mat,OF1,4,8829,8829,441.4,441.4
R005,CNO,T2_SD_CNO,2026_06_21_merged.mat,OF1,1,8831,8831,441.5,441.5
R005,CNO,T2_SD_CNO,2026_06_21_merged.mat,OF1,3,8869,8869,443.4,443.4
R005,CNO,T2_SD_CNO,2026_06_21_merged.mat,OF1,3,8870,8870,443.44999999999993,443.44999999999993
R005,CNO,T2_SD_CNO,2026_06_21_merged.mat,OF1,3,8871,8871,443.5,443.5
R005,CNO,T2_SD_CNO,2026_06_21_merged.mat,OF1,3,8872,8872,443.54999999999995,443.54999999999995
R005,CNO,T2_SD_CNO,2026_06_21_merged.mat,OF1,3,8873,8873,443.59999999999997,443.59999999999997
R005,CNO,T2_SD_CNO,2026_06_21_merged.mat,OF1,4,8875,8875,443.69999999999993,443.69999999999993
R005,CNO,T2_SD_CNO,2026_06_21_merged.mat,OF1,4,8876,8876,443.75,443.75
R005,CNO,T2_SD_CNO,2026_06_21_merged.mat,OF1,2,8914,8914,445.65,445.65
R005,CNO,T2_SD_CNO,2026_06_21_merged.mat,OF1,2,8915,8915,445.69999999999993,445.69999999999993
R005,CNO,T2_SD_CNO,2026_06_21_merged.mat,OF1,2,8938,8938,446.84999999999997,446.84999999999997
R005,CNO,T2_SD_CNO,2026_06_21_merged.mat,OF1,2,8939,8939,446.9,446.9
R005,CNO,T2_SD_CNO,2026_06_21_merged.mat,OF1,2,8940,8940,446.94999999999993,446.94999999999993
R005,CNO,T2_SD_CNO,2026_06_21_merged.mat,OF1,2,8941,8941,447.0,447.0
R005,CNO,T2_SD_CNO,2026_06_21_merged.mat,OF1,2,8942,8942,447.04999999999995,447.04999999999995
R005,CNO,T2_SD_CNO,2026_06_21_merged.mat,OF1,2,8971,8971,448.5,448.5
R005,CNO,T2_SD_CNO,2026_06_21_merged.mat,OF1,2,8972,8972,448.54999999999995,448.54999999999995
R005,CNO,T2_SD_CNO,2026_06_21_merged.mat,OF1,2,8973,8973,448.59999999999997,448.59999999999997
R005,CNO,T2_SD_CNO,2026_06_21_merged.mat,OF1,2,8974,8974,448.65,448.65
R005,CNO,T2_SD_CNO,2026_06_21_merged.mat,OF1,2,8975,8975,448.69999999999993,448.69999999999993
R005,CNO,T2_SD_CNO,2026_06_21_merged.mat,OF1,2,8981,8981,449.0,449.0
R005,CNO,T2_SD_CNO,2026_06_21_merged.mat,OF1,2,8993,8993,449.59999999999997,449.59999999999997
R005,CNO,T2_SD_CNO,2026_06_21_merged.mat,OF1,2,9001,9001,450.0,450.0
R005,CNO,T2_SD_CNO,2026_06_21_merged.mat,OF1,2,9002,9002,450.04999999999995,450.04999999999995
R005,CNO,T2_SD_CNO,2026_06_21_merged.mat,OF1,2,9043,9043,452.09999999999997,452.09999999999997
R005,CNO,T2_SD_CNO,2026_06_21_merged.mat,OF1,2,9044,9044,452.15,452.15
R005,CNO,T2_SD_CNO,2026_06_21_merged.mat,OF1,2,9045,9045,452.19999999999993,452.19999999999993
R005,CNO,T2_SD_CNO,2026_06_21_merged.mat,OF1,2,9046,9046,452.25,452.25
R005,CNO,T2_SD_CNO,2026_06_21_merged.mat,OF1,2,9067,9067,453.29999999999995,453.29999999999995
R005,CNO,T2_SD_CNO,2026_06_21_merged.mat,OF1,2,9068,9068,453.34999999999997,453.34999999999997
R005,CNO,T2_SD_CNO,2026_06_21_merged.mat,OF1,2,9076,9076,453.75,453.75
R005,CNO,T2_SD_CNO,2026_06_21_merged.mat,OF1,2,9077,9077,453.79999999999995,453.79999999999995
R005,CNO,T2_SD_CNO,2026_06_21_merged.mat,OF1,2,9078,9078,453.84999999999997,453.84999999999997
R005,CNO,T2_SD_CNO,2026_06_21_merged.mat,OF1,2,9079,9079,453.9,453.9
R005,CNO,T2_SD_CNO,2026_06_21_merged.mat,OF1,2,9080,9080,453.94999999999993,453.94999999999993
R005,CNO,T2_SD_CNO,2026_06_21_merged.mat,OF1,2,9081,9081,454.0,454.0
R005,CNO,T2_SD_CNO,2026_06_21_merged.mat,OF1,4,9096,9096,454.75,454.75
R005,CNO,T2_SD_CNO,2026_06_21_merged.mat,OF1,4,9097,9097,454.79999999999995,454.79999999999995
R005,CNO,T2_SD_CNO,2026_06_21_merged.mat,OF1,4,9098,9098,454.84999999999997,454.84999999999997
R005,CNO,T2_SD_CNO,2026_06_21_merged.mat,OF1,1,9115,9115,455.69999999999993,455.69999999999993
R005,CNO,T2_SD_CNO,2026_06_21_merged.mat,OF1,2,9163,9163,458.09999999999997,458.09999999999997
R005,CNO,T2_SD_CNO,2026_06_21_merged.mat,OF1,2,9164,9164,458.15,458.15
R005,CNO,T2_SD_CNO,2026_06_21_merged.mat,OF1,2,9184,9184,459.15,459.15
R005,CNO,T2_SD_CNO,2026_06_21_merged.mat,OF1,2,9219,9219,460.9,460.9
R005,CNO,T2_SD_CNO,2026_06_21_merged.mat,OF1,1,9242,9242,462.04999999999995,462.04999999999995
R005,CNO,T2_SD_CNO,2026_06_21_merged.mat,OF1,2,9266,9266,463.25,463.25
R005,CNO,T2_SD_CNO,2026_06_21_merged.mat,OF1,2,9267,9267,463.29999999999995,463.29999999999995
R005,CNO,T2_SD_CNO,2026_06_21_merged.mat,OF1,2,9268,9268,463.34999999999997,463.34999999999997
R005,CNO,T2_SD_CNO,2026_06_21_merged.mat,OF1,2,9269,9269,463.4,463.4
R005,CNO,T2_SD_CNO,2026_06_21_merged.mat,OF1,2,9270,9270,463.44999999999993,463.44999999999993
R005,CNO,T2_SD_CNO,2026_06_21_merged.mat,OF1,2,9271,9271,463.5,463.5
R005,CNO,T2_SD_CNO,2026_06_21_merged.mat,OF1,3,9301,9301,465.0,465.0
R005,CNO,T2_SD_CNO,2026_06_21_merged.mat,OF1,4,9303,9303,465.09999999999997,465.09999999999997
R005,CNO,T2_SD_CNO,2026_06_21_merged.mat,OF1,3,9316,9316,465.75,465.75
R005,CNO,T2_SD_CNO,2026_06_21_merged.mat,OF1,3,9318,9318,465.84999999999997,465.84999999999997
R005,CNO,T2_SD_CNO,2026_06_21_merged.mat,OF1,2,9356,9356,467.75,467.75
R005,CNO,T2_SD_CNO,2026_06_21_merged.mat,OF1,2,9393,9393,469.59999999999997,469.59999999999997
R005,CNO,T2_SD_CNO,2026_06_21_merged.mat,OF1,2,9394,9394,469.65,469.65
R005,CNO,T2_SD_CNO,2026_06_21_merged.mat,OF1,2,9395,9395,469.69999999999993,469.69999999999993
R005,CNO,T2_SD_CNO,2026_06_21_merged.mat,OF1,2,9396,9396,469.75,469.75
R005,CNO,T2_SD_CNO,2026_06_21_merged.mat,OF1,2,9433,9433,471.59999999999997,471.59999999999997
R005,CNO,T2_SD_CNO,2026_06_21_merged.mat,OF1,2,9434,9434,471.65,471.65
R005,CNO,T2_SD_CNO,2026_06_21_merged.mat,OF1,2,9450,9450,472.44999999999993,472.44999999999993
R005,CNO,T2_SD_CNO,2026_06_21_merged.mat,OF1,1,9452,9452,472.54999999999995,472.54999999999995
R005,CNO,T2_SD_CNO,2026_06_21_merged.mat,OF1,2,9494,9494,474.65,474.65
R005,CNO,T2_SD_CNO,2026_06_21_merged.mat,OF1,2,9515,9515,475.69999999999993,475.69999999999993
R005,CNO,T2_SD_CNO,2026_06_21_merged.mat,OF1,2,9517,9517,475.79999999999995,475.79999999999995
R005,CNO,T2_SD_CNO,2026_06_21_merged.mat,OF1,2,9547,9547,477.29999999999995,477.29999999999995
R005,CNO,T2_SD_CNO,2026_06_21_merged.mat,OF1,2,9562,9562,478.04999999999995,478.04999999999995
R005,CNO,T2_SD_CNO,2026_06_21_merged.mat,OF1,2,9563,9563,478.09999999999997,478.09999999999997
R005,CNO,T2_SD_CNO,2026_06_21_merged.mat,OF1,2,9564,9564,478.15,478.15
R005,CNO,T2_SD_CNO,2026_06_21_merged.mat,OF1,2,9565,9565,478.19999999999993,478.19999999999993
R005,CNO,T2_SD_CNO,2026_06_21_merged.mat,OF1,2,9697,9697,484.79999999999995,484.79999999999995
R005,CNO,T2_SD_CNO,2026_06_21_merged.mat,OF1,2,9698,9698,484.84999999999997,484.84999999999997
R005,CNO,T2_SD_CNO,2026_06_21_merged.mat,OF1,2,9699,9699,484.9,484.9
R005,CNO,T2_SD_CNO,2026_06_21_merged.mat,OF1,2,9700,9700,484.94999999999993,484.94999999999993
R005,CNO,T2_SD_CNO,2026_06_21_merged.mat,OF1,2,9701,9701,485.0,485.0
R005,CNO,T2_SD_CNO,2026_06_21_merged.mat,OF1,4,9741,9741,487.0,487.0
R005,CNO,T2_SD_CNO,2026_06_21_merged.mat,OF1,3,9753,9753,487.59999999999997,487.59999999999997
R005,CNO,T2_SD_CNO,2026_06_21_merged.mat,OF1,4,9754,9754,487.65,487.65
R005,CNO,T2_SD_CNO,2026_06_21_merged.mat,OF1,3,9784,9784,489.15,489.15
R005,CNO,T2_SD_CNO,2026_06_21_merged.mat,OF1,4,9785,9785,489.19999999999993,489.19999999999993
R005,CNO,T2_SD_CNO,2026_06_21_merged.mat,OF1,2,9804,9804,490.15,490.15
R005,CNO,T2_SD_CNO,2026_06_21_merged.mat,OF1,2,9805,9805,490.19999999999993,490.19999999999993
R005,CNO,T2_SD_CNO,2026_06_21_merged.mat,OF1,2,9806,9806,490.25,490.25
R005,CNO,T2_SD_CNO,2026_06_21_merged.mat,OF1,4,9850,9850,492.44999999999993,492.44999999999993
R005,CNO,T2_SD_CNO,2026_06_21_merged.mat,OF1,1,9890,9890,494.44999999999993,494.44999999999993
R005,CNO,T2_SD_CNO,2026_06_21_merged.mat,OF1,3,9924,9924,496.15,496.15
R005,CNO,T2_SD_CNO,2026_06_21_merged.mat,OF1,3,9925,9925,496.19999999999993,496.19999999999993
R005,CNO,T2_SD_CNO,2026_06_21_merged.mat,OF1,3,9926,9926,496.25,496.25
R005,CNO,T2_SD_CNO,2026_06_21_merged.mat,OF1,3,9927,9927,496.29999999999995,496.29999999999995
R005,CNO,T2_SD_CNO,2026_06_21_merged.mat,OF1,3,9928,9928,496.34999999999997,496.34999999999997
R005,CNO,T2_SD_CNO,2026_06_21_merged.mat,OF1,4,9933,9933,496.59999999999997,496.59999999999997
R005,CNO,T2_SD_CNO,2026_06_21_merged.mat,OF1,4,9934,9934,496.65,496.65
R005,CNO,T2_SD_CNO,2026_06_21_merged.mat,OF1,4,9935,9935,496.69999999999993,496.69999999999993
R005,CNO,T2_SD_CNO,2026_06_21_merged.mat,OF1,2,10045,10045,502.19999999999993,502.19999999999993
R005,CNO,T2_SD_CNO,2026_06_21_merged.mat,OF1,2,10046,10046,502.25,502.25
R005,CNO,T2_SD_CNO,2026_06_21_merged.mat,OF1,2,10047,10047,502.29999999999995,502.29999999999995
R005,CNO,T2_SD_CNO,2026_06_21_merged.mat,OF1,4,10066,10066,503.25,503.25
R005,CNO,T2_SD_CNO,2026_06_21_merged.mat,OF1,2,10147,10147,507.29999999999995,507.29999999999995
R005,CNO,T2_SD_CNO,2026_06_21_merged.mat,OF1,2,10202,10202,510.04999999999995,510.04999999999995
R005,CNO,T2_SD_CNO,2026_06_21_merged.mat,OF1,2,10210,10210,510.44999999999993,510.44999999999993
R005,CNO,T2_SD_CNO,2026_06_21_merged.mat,OF1,2,10243,10243,512.0999999999999,512.0999999999999
R005,CNO,T2_SD_CNO,2026_06_21_merged.mat,OF1,2,10244,10244,512.15,512.15
R005,CNO,T2_SD_CNO,2026_06_21_merged.mat,OF1,2,10245,10245,512.1999999999999,512.1999999999999
R005,CNO,T2_SD_CNO,2026_06_21_merged.mat,OF1,2,10267,10267,513.3,513.3
R005,CNO,T2_SD_CNO,2026_06_21_merged.mat,OF1,2,10282,10282,514.05,514.05
R005,CNO,T2_SD_CNO,2026_06_21_merged.mat,OF1,2,10283,10283,514.0999999999999,514.0999999999999
R005,CNO,T2_SD_CNO,2026_06_21_merged.mat,OF1,2,10331,10331,516.5,516.5
R005,CNO,T2_SD_CNO,2026_06_21_merged.mat,OF1,2,10332,10332,516.55,516.55
R005,CNO,T2_SD_CNO,2026_06_21_merged.mat,OF1,2,10333,10333,516.5999999999999,516.5999999999999
R005,CNO,T2_SD_CNO,2026_06_21_merged.mat,OF1,2,10334,10334,516.65,516.65
R005,CNO,T2_SD_CNO,2026_06_21_merged.mat,OF1,2,10358,10358,517.8499999999999,517.8499999999999
R005,CNO,T2_SD_CNO,2026_06_21_merged.mat,OF1,2,10359,10359,517.9,517.9
R005,CNO,T2_SD_CNO,2026_06_21_merged.mat,OF1,2,10360,10360,517.9499999999999,517.9499999999999
R005,CNO,T2_SD_CNO,2026_06_21_merged.mat,OF1,2,10361,10361,518.0,518.0
R005,CNO,T2_SD_CNO,2026_06_21_merged.mat,OF1,2,10371,10371,518.5,518.5
R005,CNO,T2_SD_CNO,2026_06_21_merged.mat,OF1,2,10372,10372,518.55,518.55
R005,CNO,T2_SD_CNO,2026_06_21_merged.mat,OF1,2,10373,10373,518.5999999999999,518.5999999999999
R005,CNO,T2_SD_CNO,2026_06_21_merged.mat,OF1,4,10391,10391,519.5,519.5
R005,CNO,T2_SD_CNO,2026_06_21_merged.mat,OF1,4,10392,10392,519.55,519.55
R005,CNO,T2_SD_CNO,2026_06_21_merged.mat,OF1,2,10413,10413,520.5999999999999,520.5999999999999
R005,CNO,T2_SD_CNO,2026_06_21_merged.mat,OF1,2,10414,10414,520.65,520.65
R005,CNO,T2_SD_CNO,2026_06_21_merged.mat,OF1,2,10415,10415,520.6999999999999,520.6999999999999
R005,CNO,T2_SD_CNO,2026_06_21_merged.mat,OF1,1,10431,10431,521.5,521.5
R005,CNO,T2_SD_CNO,2026_06_21_merged.mat,OF1,2,10438,10438,521.8499999999999,521.8499999999999
R005,CNO,T2_SD_CNO,2026_06_21_merged.mat,OF1,2,10444,10444,522.15,522.15
R005,CNO,T2_SD_CNO,2026_06_21_merged.mat,OF1,2,10445,10445,522.1999999999999,522.1999999999999
R005,CNO,T2_SD_CNO,2026_06_21_merged.mat,OF1,4,10558,10558,527.8499999999999,527.8499999999999
R005,CNO,T2_SD_CNO,2026_06_21_merged.mat,OF1,4,10559,10559,527.9,527.9
R005,CNO,T2_SD_CNO,2026_06_21_merged.mat,OF1,4,10681,10681,534.0,534.0
R005,CNO,T2_SD_CNO,2026_06_21_merged.mat,OF1,2,10691,10691,534.5,534.5
R005,CNO,T2_SD_CNO,2026_06_21_merged.mat,OF1,2,10692,10692,534.55,534.55
R005,CNO,T2_SD_CNO,2026_06_21_merged.mat,OF1,2,10693,10693,534.5999999999999,534.5999999999999
R005,CNO,T2_SD_CNO,2026_06_21_merged.mat,OF1,2,10694,10694,534.65,534.65
R005,CNO,T2_SD_CNO,2026_06_21_merged.mat,OF1,2,10723,10723,536.0999999999999,536.0999999999999
R005,CNO,T2_SD_CNO,2026_06_21_merged.mat,OF1,2,10724,10724,536.15,536.15
R005,CNO,T2_SD_CNO,2026_06_21_merged.mat,OF1,2,10725,10725,536.1999999999999,536.1999999999999
R005,CNO,T2_SD_CNO,2026_06_21_merged.mat,OF1,2,10726,10726,536.25,536.25
R005,CNO,T2_SD_CNO,2026_06_21_merged.mat,OF1,1,10729,10729,536.4,536.4
R005,CNO,T2_SD_CNO,2026_06_21_merged.mat,OF1,2,10778,10778,538.8499999999999,538.8499999999999
R005,CNO,T2_SD_CNO,2026_06_21_merged.mat,OF1,2,10779,10779,538.9,538.9
R005,CNO,T2_SD_CNO,2026_06_21_merged.mat,OF1,2,10780,10780,538.9499999999999,538.9499999999999
R005,CNO,T2_SD_CNO,2026_06_21_merged.mat,OF1,1,10781,10781,539.0,539.0
R005,CNO,T2_SD_CNO,2026_06_21_merged.mat,OF1,1,10782,10782,539.05,539.05
R005,CNO,T2_SD_CNO,2026_06_21_merged.mat,OF1,1,10783,10783,539.0999999999999,539.0999999999999
R005,CNO,T2_SD_CNO,2026_06_21_merged.mat,OF1,1,10784,10784,539.15,539.15
R005,CNO,T2_SD_CNO,2026_06_21_merged.mat,OF1,1,10800,10800,539.9499999999999,539.9499999999999
R005,CNO,T2_SD_CNO,2026_06_21_merged.mat,OF1,1,10801,10801,540.0,540.0
R005,CNO,T2_SD_CNO,2026_06_21_merged.mat,OF1,1,10802,10802,540.05,540.05
R005,CNO,T2_SD_CNO,2026_06_21_merged.mat,OF1,1,10803,10803,540.0999999999999,540.0999999999999
R005,CNO,T2_SD_CNO,2026_06_21_merged.mat,OF1,1,10804,10804,540.15,540.15
R005,CNO,T2_SD_CNO,2026_06_21_merged.mat,OF1,1,10805,10805,540.1999999999999,540.1999999999999
R005,CNO,T2_SD_CNO,2026_06_21_merged.mat,OF1,2,10821,10821,541.0,541.0
R005,CNO,T2_SD_CNO,2026_06_21_merged.mat,OF1,4,10831,10831,541.5,541.5
R005,CNO,T2_SD_CNO,2026_06_21_merged.mat,OF1,2,10855,10855,542.6999999999999,542.6999999999999
R005,CNO,T2_SD_CNO,2026_06_21_merged.mat,OF1,2,10856,10856,542.75,542.75
R005,CNO,T2_SD_CNO,2026_06_21_merged.mat,OF1,2,10857,10857,542.8,542.8
R005,CNO,T2_SD_CNO,2026_06_21_merged.mat,OF1,2,10867,10867,543.3,543.3
R005,CNO,T2_SD_CNO,2026_06_21_merged.mat,OF1,2,10868,10868,543.3499999999999,543.3499999999999
R005,CNO,T2_SD_CNO,2026_06_21_merged.mat,OF1,2,10908,10908,545.3499999999999,545.3499999999999
R005,CNO,T2_SD_CNO,2026_06_21_merged.mat,OF1,2,10909,10909,545.4,545.4
R005,CNO,T2_SD_CNO,2026_06_21_merged.mat,OF1,2,10933,10933,546.5999999999999,546.5999999999999
R005,CNO,T2_SD_CNO,2026_06_21_merged.mat,OF1,2,10934,10934,546.65,546.65
R005,CNO,T2_SD_CNO,2026_06_21_merged.mat,OF1,2,10968,10968,548.3499999999999,548.3499999999999
R005,CNO,T2_SD_CNO,2026_06_21_merged.mat,OF1,2,10969,10969,548.4,548.4
R005,CNO,T2_SD_CNO,2026_06_21_merged.mat,OF1,2,10992,10992,549.55,549.55
R005,CNO,T2_SD_CNO,2026_06_21_merged.mat,OF1,3,11058,11058,552.8499999999999,552.8499999999999
R005,CNO,T2_SD_CNO,2026_06_21_merged.mat,OF1,2,11067,11067,553.3,553.3
R005,CNO,T2_SD_CNO,2026_06_21_merged.mat,OF1,2,11068,11068,553.3499999999999,553.3499999999999
R005,CNO,T2_SD_CNO,2026_06_21_merged.mat,OF1,2,11069,11069,553.4,553.4
R005,CNO,T2_SD_CNO,2026_06_21_merged.mat,OF1,2,11133,11133,556.5999999999999,556.5999999999999
R005,CNO,T2_SD_CNO,2026_06_21_merged.mat,OF1,2,11134,11134,556.65,556.65
R005,CNO,T2_SD_CNO,2026_06_21_merged.mat,OF1,2,11135,11135,556.6999999999999,556.6999999999999
R005,CNO,T2_SD_CNO,2026_06_21_merged.mat,OF1,2,11152,11152,557.55,557.55
R005,CNO,T2_SD_CNO,2026_06_21_merged.mat,OF1,4,11160,11160,557.9499999999999,557.9499999999999
R005,CNO,T2_SD_CNO,2026_06_21_merged.mat,OF1,2,11177,11177,558.8,558.8
R005,CNO,T2_SD_CNO,2026_06_21_merged.mat,OF1,2,11178,11178,558.8499999999999,558.8499999999999
R005,CNO,T2_SD_CNO,2026_06_21_merged.mat,OF1,2,11179,11179,558.9,558.9
R005,CNO,T2_SD_CNO,2026_06_21_merged.mat,OF1,2,11180,11180,558.9499999999999,558.9499999999999
R005,CNO,T2_SD_CNO,2026_06_21_merged.mat,OF1,4,11272,11272,563.55,563.55
R005,CNO,T2_SD_CNO,2026_06_21_merged.mat,OF1,4,11273,11273,563.5999999999999,563.5999999999999
R005,CNO,T2_SD_CNO,2026_06_21_merged.mat,OF1,2,11296,11296,564.75,564.75
R005,CNO,T2_SD_CNO,2026_06_21_merged.mat,OF1,2,11297,11297,564.8,564.8
R005,CNO,T2_SD_CNO,2026_06_21_merged.mat,OF1,2,11298,11298,564.8499999999999,564.8499999999999
R005,CNO,T2_SD_CNO,2026_06_21_merged.mat,OF1,2,11299,11299,564.9,564.9
R005,CNO,T2_SD_CNO,2026_06_21_merged.mat,OF1,4,11368,11368,568.3499999999999,568.3499999999999
R005,CNO,T2_SD_CNO,2026_06_21_merged.mat,OF1,4,11391,11391,569.5,569.5
R005,CNO,T2_SD_CNO,2026_06_21_merged.mat,OF1,4,11392,11392,569.55,569.55
R005,CNO,T2_SD_CNO,2026_06_21_merged.mat,OF1,3,11430,11430,571.4499999999999,571.4499999999999
R005,CNO,T2_SD_CNO,2026_06_21_merged.mat,OF1,3,11431,11431,571.5,571.5
R005,CNO,T2_SD_CNO,2026_06_21_merged.mat,OF1,3,11432,11432,571.55,571.55
R005,CNO,T2_SD_CNO,2026_06_21_merged.mat,OF1,3,11433,11433,571.5999999999999,571.5999999999999
R005,CNO,T2_SD_CNO,2026_06_21_merged.mat,OF1,3,11434,11434,571.65,571.65
R005,CNO,T2_SD_CNO,2026_06_21_merged.mat,OF1,3,11435,11435,571.6999999999999,571.6999999999999
R005,CNO,T2_SD_CNO,2026_06_21_merged.mat,OF1,3,11439,11439,571.9,571.9
R005,CNO,T2_SD_CNO,2026_06_21_merged.mat,OF1,3,11440,11440,571.9499999999999,571.9499999999999
R005,CNO,T2_SD_CNO,2026_06_21_merged.mat,OF1,3,11441,11441,572.0,572.0
R005,CNO,T2_SD_CNO,2026_06_21_merged.mat,OF1,4,11442,11442,572.05,572.05
R005,CNO,T2_SD_CNO,2026_06_21_merged.mat,OF1,4,11443,11443,572.0999999999999,572.0999999999999
R005,CNO,T2_SD_CNO,2026_06_21_merged.mat,OF1,4,11492,11492,574.55,574.55
R005,CNO,T2_SD_CNO,2026_06_21_merged.mat,OF1,3,11500,11500,574.9499999999999,574.9499999999999
R005,CNO,T2_SD_CNO,2026_06_21_merged.mat,OF1,3,11501,11501,575.0,575.0
R005,CNO,T2_SD_CNO,2026_06_21_merged.mat,OF1,3,11502,11502,575.05,575.05
R005,CNO,T2_SD_CNO,2026_06_21_merged.mat,OF1,3,11503,11503,575.1,575.1
R005,CNO,T2_SD_CNO,2026_06_21_merged.mat,OF1,3,11504,11504,575.15,575.15
R005,CNO,T2_SD_CNO,2026_06_21_merged.mat,OF1,3,11510,11510,575.4499999999999,575.4499999999999
R005,CNO,T2_SD_CNO,2026_06_21_merged.mat,OF1,4,11555,11555,577.6999999999999,577.6999999999999
R005,CNO,T2_SD_CNO,2026_06_21_merged.mat,OF1,4,11556,11556,577.75,577.75
R005,CNO,T2_SD_CNO,2026_06_21_merged.mat,OF1,4,11564,11564,578.15,578.15
R005,CNO,T2_SD_CNO,2026_06_21_merged.mat,OF1,4,11594,11594,579.65,579.65
R005,CNO,T2_SD_CNO,2026_06_21_merged.mat,OF1,2,11613,11613,580.6,580.6
R005,CNO,T2_SD_CNO,2026_06_21_merged.mat,OF1,2,11614,11614,580.65,580.65
R005,CNO,T2_SD_CNO,2026_06_21_merged.mat,OF1,2,11615,11615,580.6999999999999,580.6999999999999
R005,CNO,T2_SD_CNO,2026_06_21_merged.mat,OF1,2,11647,11647,582.3,582.3
R005,CNO,T2_SD_CNO,2026_06_21_merged.mat,OF1,2,11649,11649,582.4,582.4
R005,CNO,T2_SD_CNO,2026_06_21_merged.mat,OF1,3,11773,11773,588.6,588.6
R005,CNO,T2_SD_CNO,2026_06_21_merged.mat,OF1,3,11774,11774,588.65,588.65
R005,CNO,T2_SD_CNO,2026_06_21_merged.mat,OF1,3,11775,11775,588.6999999999999,588.6999999999999
R005,CNO,T2_SD_CNO,2026_06_21_merged.mat,OF1,3,11776,11776,588.75,588.75
R005,CNO,T2_SD_CNO,2026_06_21_merged.mat,OF1,3,11785,11785,589.1999999999999,589.1999999999999
R005,CNO,T2_SD_CNO,2026_06_21_merged.mat,OF1,3,11786,11786,589.25,589.25
R005,CNO,T2_SD_CNO,2026_06_21_merged.mat,OF1,3,11793,11793,589.6,589.6
R005,CNO,T2_SD_CNO,2026_06_21_merged.mat,OF1,3,11794,11794,589.65,589.65
R005,CNO,T2_SD_CNO,2026_06_21_merged.mat,OF1,3,11795,11795,589.6999999999999,589.6999999999999
R005,CNO,T2_SD_CNO,2026_06_21_merged.mat,OF1,3,11796,11796,589.75,589.75
R005,CNO,T2_SD_CNO,2026_06_21_merged.mat,OF1,3,11797,11797,589.8,589.8
R005,CNO,T2_SD_CNO,2026_06_21_merged.mat,OF1,3,11798,11798,589.85,589.85
R005,CNO,T2_SD_CNO,2026_06_21_merged.mat,OF1,3,11799,11799,589.9,589.9
R005,CNO,T2_SD_CNO,2026_06_21_merged.mat,OF1,3,11800,11800,589.9499999999999,589.9499999999999
R005,CNO,T2_SD_CNO,2026_06_21_merged.mat,OF1,3,11801,11801,590.0,590.0
R005,CNO,T2_SD_CNO,2026_06_21_merged.mat,OF1,3,11802,11802,590.05,590.05
R005,CNO,T2_SD_CNO,2026_06_21_merged.mat,OF1,3,11805,11805,590.1999999999999,590.1999999999999
R005,CNO,T2_SD_CNO,2026_06_21_merged.mat,OF1,3,11806,11806,590.25,590.25
R005,CNO,T2_SD_CNO,2026_06_21_merged.mat,OF1,3,11814,11814,590.65,590.65
R005,CNO,T2_SD_CNO,2026_06_21_merged.mat,OF1,3,11815,11815,590.6999999999999,590.6999999999999
R005,CNO,T2_SD_CNO,2026_06_21_merged.mat,OF1,3,11816,11816,590.75,590.75
R005,CNO,T2_SD_CNO,2026_06_21_merged.mat,OF1,3,11828,11828,591.35,591.35
R005,CNO,T2_SD_CNO,2026_06_21_merged.mat,OF1,3,11829,11829,591.4,591.4
R005,CNO,T2_SD_CNO,2026_06_21_merged.mat,OF1,3,11830,11830,591.4499999999999,591.4499999999999
R005,CNO,T2_SD_CNO,2026_06_21_merged.mat,OF1,3,11837,11837,591.8,591.8
R005,CNO,T2_SD_CNO,2026_06_21_merged.mat,OF1,3,11838,11838,591.85,591.85
R005,CNO,T2_SD_CNO,2026_06_21_merged.mat,OF1,3,11839,11839,591.9,591.9
R005,CNO,T2_SD_CNO,2026_06_21_merged.mat,OF1,3,11840,11840,591.9499999999999,591.9499999999999
R005,CNO,T2_SD_CNO,2026_06_21_merged.mat,OF1,3,11849,11849,592.4,592.4
R005,CNO,T2_SD_CNO,2026_06_21_merged.mat,OF1,3,11850,11850,592.4499999999999,592.4499999999999
R005,CNO,T2_SD_CNO,2026_06_21_merged.mat,OF1,3,11878,11878,593.85,593.85
R005,CNO,T2_SD_CNO,2026_06_21_merged.mat,OF1,3,11879,11879,593.9,593.9
R005,CNO,T2_SD_CNO,2026_06_21_merged.mat,OF1,3,11898,11898,594.85,594.85
R005,CNO,T2_SD_CNO,2026_06_21_merged.mat,OF1,3,11899,11899,594.9,594.9
R005,CNO,T2_SD_CNO,2026_06_21_merged.mat,OF1,3,11900,11900,594.9499999999999,594.9499999999999
R005,CNO,T2_SD_CNO,2026_06_21_merged.mat,OF1,3,11901,11901,595.0,595.0
R005,CNO,T2_SD_CNO,2026_06_21_merged.mat,OF1,3,11924,11924,596.15,596.15
R005,CNO,T2_SD_CNO,2026_06_21_merged.mat,OF1,3,11935,11935,596.6999999999999,596.6999999999999
R005,CNO,T2_SD_CNO,2026_06_21_merged.mat,OF1,3,11936,11936,596.75,596.75
R005,CNO,T2_SD_CNO,2026_06_21_merged.mat,OF1,3,11937,11937,596.8,596.8
R005,CNO,T2_SD_CNO,2026_06_21_merged.mat,OF1,3,11938,11938,596.85,596.85
R005,CNO,T2_SD_CNO,2026_06_21_merged.mat,OF1,3,11939,11939,596.9,596.9
R005,CNO,T2_SD_CNO,2026_06_21_merged.mat,OF1,2,11980,11980,598.9499999999999,598.9499999999999
R005,CNO,T2_SD_CNO,2026_06_21_merged.mat,OF1,3,12000,12000,599.9499999999999,599.9499999999999
R005,CNO,T2_SD_CNO,2026_06_21_merged.mat,OF1,3,12001,12001,600.0,600.0
R005,CNO,T2_SD_CNO,2026_06_21_merged.mat,OF1,3,12002,12002,600.05,600.05
R005,CNO,T2_SD_CNO,2026_06_21_merged.mat,OF1,3,12019,12019,600.9,600.9
R005,CNO,T2_SD_CNO,2026_06_21_merged.mat,OF1,3,12020,12020,600.9499999999999,600.9499999999999
R005,CNO,T2_SD_CNO,2026_06_21_merged.mat,OF1,3,12021,12021,601.0,601.0
R005,CNO,T2_SD_CNO,2026_06_21_merged.mat,OF1,3,12022,12022,601.05,601.05
R005,CNO,T2_SD_CNO,2026_06_21_merged.mat,OF1,3,12030,12030,601.4499999999999,601.4499999999999
R005,CNO,T2_SD_CNO,2026_06_21_merged.mat,OF1,3,12031,12031,601.5,601.5
R005,CNO,T2_SD_CNO,2026_06_21_merged.mat,OF1,3,12041,12041,602.0,602.0
R005,CNO,T2_SD_CNO,2026_06_21_merged.mat,OF1,3,12042,12042,602.05,602.05
R005,CNO,T2_SD_CNO,2026_06_21_merged.mat,OF1,3,12043,12043,602.1,602.1
R005,CNO,T2_SD_CNO,2026_06_21_merged.mat,OF1,3,12051,12051,602.5,602.5
R005,CNO,T2_SD_CNO,2026_06_21_merged.mat,OF1,4,12078,12078,603.85,603.85
R005,CNO,T2_SD_CNO,2026_06_21_merged.mat,OF1,1,12093,12093,604.6,604.6
R005,CNO,T2_SD_CNO,2026_06_21_merged.mat,OF1,1,12094,12094,604.65,604.65
R005,CNO,T2_SD_CNO,2026_06_21_merged.mat,OF1,1,12095,12095,604.6999999999999,604.6999999999999
R005,CNO,T2_SD_CNO,2026_06_21_merged.mat,OF1,1,12096,12096,604.75,604.75
R005,CNO,T2_SD_CNO,2026_06_21_merged.mat,OF1,4,12110,12110,605.4499999999999,605.4499999999999
R005,CNO,T2_SD_CNO,2026_06_21_merged.mat,OF1,2,12200,12200,609.9499999999999,609.9499999999999
R005,CNO,T2_SD_CNO,2026_06_21_merged.mat,OF1,1,12248,12248,612.35,612.35
R005,CNO,T2_SD_CNO,2026_06_21_merged.mat,OF1,3,12259,12259,612.9,612.9
R005,CNO,T2_SD_CNO,2026_06_21_merged.mat,OF1,4,12260,12260,612.9499999999999,612.9499999999999
R005,CNO,T2_SD_CNO,2026_06_21_merged.mat,OF1,4,12261,12261,613.0,613.0
R005,CNO,T2_SD_CNO,2026_06_21_merged.mat,OF1,3,12262,12262,613.05,613.05
R005,CNO,T2_SD_CNO,2026_06_21_merged.mat,OF1,4,12264,12264,613.15,613.15
R005,CNO,T2_SD_CNO,2026_06_21_merged.mat,OF1,2,12332,12332,616.55,616.55
R005,CNO,T2_SD_CNO,2026_06_21_merged.mat,OF1,2,12399,12399,619.9,619.9
R005,CNO,T2_SD_CNO,2026_06_21_merged.mat,OF1,2,12400,12400,619.9499999999999,619.9499999999999
R005,CNO,T2_SD_CNO,2026_06_21_merged.mat,OF1,2,12401,12401,620.0,620.0
R005,CNO,T2_SD_CNO,2026_06_21_merged.mat,OF1,2,12435,12435,621.6999999999999,621.6999999999999
R005,CNO,T2_SD_CNO,2026_06_21_merged.mat,OF1,2,12436,12436,621.75,621.75
R005,CNO,T2_SD_CNO,2026_06_21_merged.mat,OF1,2,12437,12437,621.8,621.8
R005,CNO,T2_SD_CNO,2026_06_21_merged.mat,OF1,2,12464,12464,623.15,623.15
R005,CNO,T2_SD_CNO,2026_06_21_merged.mat,OF1,4,12513,12513,625.6,625.6
R005,CNO,T2_SD_CNO,2026_06_21_merged.mat,OF1,2,12527,12527,626.3,626.3
R005,CNO,T2_SD_CNO,2026_06_21_merged.mat,OF1,2,12528,12528,626.35,626.35
R005,CNO,T2_SD_CNO,2026_06_21_merged.mat,OF1,2,12529,12529,626.4,626.4
R005,CNO,T2_SD_CNO,2026_06_21_merged.mat,OF1,2,12533,12533,626.6,626.6
R005,CNO,T2_SD_CNO,2026_06_21_merged.mat,OF1,2,12534,12534,626.65,626.65
R005,CNO,T2_SD_CNO,2026_06_21_merged.mat,OF1,2,12535,12535,626.6999999999999,626.6999999999999
R005,CNO,T2_SD_CNO,2026_06_21_merged.mat,OF1,2,12547,12547,627.3,627.3
R005,CNO,T2_SD_CNO,2026_06_21_merged.mat,OF1,2,12548,12548,627.35,627.35
R005,CNO,T2_SD_CNO,2026_06_21_merged.mat,OF1,2,12549,12549,627.4,627.4
R005,CNO,T2_SD_CNO,2026_06_21_merged.mat,OF1,2,12550,12550,627.4499999999999,627.4499999999999
R005,CNO,T2_SD_CNO,2026_06_21_merged.mat,OF1,2,12551,12551,627.5,627.5
R005,CNO,T2_SD_CNO,2026_06_21_merged.mat,OF1,4,12567,12567,628.3,628.3
R005,CNO,T2_SD_CNO,2026_06_21_merged.mat,OF1,4,12568,12568,628.35,628.35
R005,CNO,T2_SD_CNO,2026_06_21_merged.mat,OF1,2,12597,12597,629.8,629.8
R005,CNO,T2_SD_CNO,2026_06_21_merged.mat,OF1,2,12598,12598,629.85,629.85
R005,CNO,T2_SD_CNO,2026_06_21_merged.mat,OF1,2,12599,12599,629.9,629.9
R005,CNO,T2_SD_CNO,2026_06_21_merged.mat,OF1,2,12623,12623,631.1,631.1
R005,CNO,T2_SD_CNO,2026_06_21_merged.mat,OF1,2,12633,12633,631.6,631.6
R005,CNO,T2_SD_CNO,2026_06_21_merged.mat,OF1,2,12634,12634,631.65,631.65
R005,CNO,T2_SD_CNO,2026_06_21_merged.mat,OF1,2,12635,12635,631.6999999999999,631.6999999999999
R005,CNO,T2_SD_CNO,2026_06_21_merged.mat,OF1,2,12636,12636,631.75,631.75
R005,CNO,T2_SD_CNO,2026_06_21_merged.mat,OF1,2,12637,12637,631.8,631.8
R005,CNO,T2_SD_CNO,2026_06_21_merged.mat,OF1,2,12654,12654,632.65,632.65
R005,CNO,T2_SD_CNO,2026_06_21_merged.mat,OF1,2,12655,12655,632.6999999999999,632.6999999999999
R005,CNO,T2_SD_CNO,2026_06_21_merged.mat,OF1,2,12680,12680,633.9499999999999,633.9499999999999
R005,CNO,T2_SD_CNO,2026_06_21_merged.mat,OF1,2,12682,12682,634.05,634.05
R005,CNO,T2_SD_CNO,2026_06_21_merged.mat,OF1,2,12753,12753,637.6,637.6
R005,CNO,T2_SD_CNO,2026_06_21_merged.mat,OF1,2,12754,12754,637.65,637.65
R005,CNO,T2_SD_CNO,2026_06_21_merged.mat,OF1,2,12755,12755,637.6999999999999,637.6999999999999
R005,CNO,T2_SD_CNO,2026_06_21_merged.mat,OF1,2,12765,12765,638.1999999999999,638.1999999999999
R005,CNO,T2_SD_CNO,2026_06_21_merged.mat,OF1,2,12766,12766,638.25,638.25
R005,CNO,T2_SD_CNO,2026_06_21_merged.mat,OF1,2,12767,12767,638.3,638.3
R005,CNO,T2_SD_CNO,2026_06_21_merged.mat,OF1,2,12768,12768,638.35,638.35
R005,CNO,T2_SD_CNO,2026_06_21_merged.mat,OF1,2,12786,12786,639.25,639.25
R005,CNO,T2_SD_CNO,2026_06_21_merged.mat,OF1,4,12813,12813,640.6,640.6
R005,CNO,T2_SD_CNO,2026_06_21_merged.mat,OF1,4,12814,12814,640.65,640.65
R005,CNO,T2_SD_CNO,2026_06_21_merged.mat,OF1,4,12817,12817,640.8,640.8
R005,CNO,T2_SD_CNO,2026_06_21_merged.mat,OF1,2,12840,12840,641.9499999999999,641.9499999999999
R005,CNO,T2_SD_CNO,2026_06_21_merged.mat,OF1,2,12841,12841,642.0,642.0
R005,CNO,T2_SD_CNO,2026_06_21_merged.mat,OF1,2,12880,12880,643.9499999999999,643.9499999999999
R005,CNO,T2_SD_CNO,2026_06_21_merged.mat,OF1,2,12927,12927,646.3,646.3
R005,CNO,T2_SD_CNO,2026_06_21_merged.mat,OF1,2,12928,12928,646.35,646.35
R005,CNO,T2_SD_CNO,2026_06_21_merged.mat,OF1,2,12937,12937,646.8,646.8
R005,CNO,T2_SD_CNO,2026_06_21_merged.mat,OF1,2,12950,12950,647.4499999999999,647.4499999999999
R005,CNO,T2_SD_CNO,2026_06_21_merged.mat,OF1,2,12951,12951,647.5,647.5
R005,CNO,T2_SD_CNO,2026_06_21_merged.mat,OF1,4,12959,12959,647.9,647.9
R005,CNO,T2_SD_CNO,2026_06_21_merged.mat,OF1,2,12973,12973,648.6,648.6
R005,CNO,T2_SD_CNO,2026_06_21_merged.mat,OF1,2,12982,12982,649.05,649.05
R005,CNO,T2_SD_CNO,2026_06_21_merged.mat,OF1,4,12993,12993,649.6,649.6
R005,CNO,T2_SD_CNO,2026_06_21_merged.mat,SAMPLE,3,13021,22,1.05,651.0
R005,CNO,T2_SD_CNO,2026_06_21_merged.mat,SAMPLE,4,13022,23,1.1,651.0500000000001
R005,CNO,T2_SD_CNO,2026_06_21_merged.mat,SAMPLE,4,13023,24,1.1500000000000001,651.1
R005,CNO,T2_SD_CNO,2026_06_21_merged.mat,SAMPLE,4,13046,47,2.3000000000000003,652.25
R005,CNO,T2_SD_CNO,2026_06_21_merged.mat,SAMPLE,4,13057,58,2.85,652.8000000000001
R005,CNO,T2_SD_CNO,2026_06_21_merged.mat,SAMPLE,3,13067,68,3.35,653.3000000000001
R005,CNO,T2_SD_CNO,2026_06_21_merged.mat,SAMPLE,3,13068,69,3.4000000000000004,653.35
R005,CNO,T2_SD_CNO,2026_06_21_merged.mat,SAMPLE,3,13069,70,3.45,653.4000000000001
R005,CNO,T2_SD_CNO,2026_06_21_merged.mat,SAMPLE,4,13070,71,3.5,653.45
R005,CNO,T2_SD_CNO,2026_06_21_merged.mat,SAMPLE,4,13071,72,3.5500000000000003,653.5
R005,CNO,T2_SD_CNO,2026_06_21_merged.mat,SAMPLE,4,13074,75,3.7,653.6500000000001
R005,CNO,T2_SD_CNO,2026_06_21_merged.mat,SAMPLE,3,13076,77,3.8000000000000003,653.75
R005,CNO,T2_SD_CNO,2026_06_21_merged.mat,SAMPLE,3,13077,78,3.85,653.8000000000001
R005,CNO,T2_SD_CNO,2026_06_21_merged.mat,SAMPLE,3,13078,79,3.9000000000000004,653.85
R005,CNO,T2_SD_CNO,2026_06_21_merged.mat,SAMPLE,3,13095,96,4.75,654.7
R005,CNO,T2_SD_CNO,2026_06_21_merged.mat,SAMPLE,3,13096,97,4.800000000000001,654.75
R005,CNO,T2_SD_CNO,2026_06_21_merged.mat,SAMPLE,3,13097,98,4.8500000000000005,654.8000000000001
R005,CNO,T2_SD_CNO,2026_06_21_merged.mat,SAMPLE,3,13098,99,4.9,654.85
R005,CNO,T2_SD_CNO,2026_06_21_merged.mat,SAMPLE,3,13099,100,4.95,654.9000000000001
R005,CNO,T2_SD_CNO,2026_06_21_merged.mat,SAMPLE,3,13100,101,5.0,654.95
R005,CNO,T2_SD_CNO,2026_06_21_merged.mat,SAMPLE,2,13121,122,6.050000000000001,656.0
R005,CNO,T2_SD_CNO,2026_06_21_merged.mat,SAMPLE,4,13133,134,6.65,656.6
R005,CNO,T2_SD_CNO,2026_06_21_merged.mat,SAMPLE,3,13135,136,6.75,656.7
R005,CNO,T2_SD_CNO,2026_06_21_merged.mat,SAMPLE,3,13136,137,6.800000000000001,656.75
R005,CNO,T2_SD_CNO,2026_06_21_merged.mat,SAMPLE,3,13137,138,6.8500000000000005,656.8000000000001
R005,CNO,T2_SD_CNO,2026_06_21_merged.mat,SAMPLE,3,13151,152,7.550000000000001,657.5
R005,CNO,T2_SD_CNO,2026_06_21_merged.mat,SAMPLE,3,13152,153,7.6000000000000005,657.5500000000001
R005,CNO,T2_SD_CNO,2026_06_21_merged.mat,SAMPLE,3,13153,154,7.65,657.6
R005,CNO,T2_SD_CNO,2026_06_21_merged.mat,SAMPLE,4,13154,155,7.7,657.6500000000001
R005,CNO,T2_SD_CNO,2026_06_21_merged.mat,SAMPLE,3,13163,164,8.15,658.1
R005,CNO,T2_SD_CNO,2026_06_21_merged.mat,SAMPLE,3,13164,165,8.200000000000001,658.1500000000001
R005,CNO,T2_SD_CNO,2026_06_21_merged.mat,SAMPLE,3,13165,166,8.25,658.2
R005,CNO,T2_SD_CNO,2026_06_21_merged.mat,SAMPLE,3,13166,167,8.3,658.25
R005,CNO,T2_SD_CNO,2026_06_21_merged.mat,SAMPLE,4,13167,168,8.35,658.3000000000001
R005,CNO,T2_SD_CNO,2026_06_21_merged.mat,SAMPLE,4,13181,182,9.05,659.0
R005,CNO,T2_SD_CNO,2026_06_21_merged.mat,SAMPLE,4,13193,194,9.65,659.6
R005,CNO,T2_SD_CNO,2026_06_21_merged.mat,SAMPLE,4,13194,195,9.700000000000001,659.6500000000001
R005,CNO,T2_SD_CNO,2026_06_21_merged.mat,SAMPLE,2,13213,214,10.65,660.6
R005,CNO,T2_SD_CNO,2026_06_21_merged.mat,SAMPLE,2,13214,215,10.700000000000001,660.6500000000001
R005,CNO,T2_SD_CNO,2026_06_21_merged.mat,SAMPLE,2,13215,216,10.75,660.7
R005,CNO,T2_SD_CNO,2026_06_21_merged.mat,SAMPLE,3,13230,231,11.5,661.45
R005,CNO,T2_SD_CNO,2026_06_21_merged.mat,SAMPLE,3,13231,232,11.55,661.5
R005,CNO,T2_SD_CNO,2026_06_21_merged.mat,SAMPLE,3,13232,233,11.600000000000001,661.5500000000001
R005,CNO,T2_SD_CNO,2026_06_21_merged.mat,SAMPLE,3,13233,234,11.65,661.6
R005,CNO,T2_SD_CNO,2026_06_21_merged.mat,SAMPLE,3,13263,264,13.15,663.1
R005,CNO,T2_SD_CNO,2026_06_21_merged.mat,SAMPLE,4,13264,265,13.200000000000001,663.1500000000001
R005,CNO,T2_SD_CNO,2026_06_21_merged.mat,SAMPLE,3,13284,285,14.200000000000001,664.1500000000001
R005,CNO,T2_SD_CNO,2026_06_21_merged.mat,SAMPLE,3,13285,286,14.25,664.2
R005,CNO,T2_SD_CNO,2026_06_21_merged.mat,SAMPLE,3,13338,339,16.900000000000002,666.85
R005,CNO,T2_SD_CNO,2026_06_21_merged.mat,SAMPLE,4,13340,341,17.0,666.95
R005,CNO,T2_SD_CNO,2026_06_21_merged.mat,SAMPLE,4,13341,342,17.05,667.0
R005,CNO,T2_SD_CNO,2026_06_21_merged.mat,SAMPLE,4,13354,355,17.7,667.6500000000001
R005,CNO,T2_SD_CNO,2026_06_21_merged.mat,SAMPLE,3,13356,357,17.8,667.75
R005,CNO,T2_SD_CNO,2026_06_21_merged.mat,SAMPLE,4,13357,358,17.85,667.8000000000001
R005,CNO,T2_SD_CNO,2026_06_21_merged.mat,SAMPLE,3,13369,370,18.45,668.4000000000001
R005,CNO,T2_SD_CNO,2026_06_21_merged.mat,SAMPLE,3,13370,371,18.5,668.45
R005,CNO,T2_SD_CNO,2026_06_21_merged.mat,SAMPLE,4,13371,372,18.55,668.5
R005,CNO,T2_SD_CNO,2026_06_21_merged.mat,SAMPLE,3,13393,394,19.650000000000002,669.6
R005,CNO,T2_SD_CNO,2026_06_21_merged.mat,SAMPLE,3,13394,395,19.700000000000003,669.6500000000001
R005,CNO,T2_SD_CNO,2026_06_21_merged.mat,SAMPLE,3,13395,396,19.75,669.7
R005,CNO,T2_SD_CNO,2026_06_21_merged.mat,SAMPLE,3,13396,397,19.8,669.75
R005,CNO,T2_SD_CNO,2026_06_21_merged.mat,SAMPLE,3,13397,398,19.85,669.8000000000001
R005,CNO,T2_SD_CNO,2026_06_21_merged.mat,SAMPLE,3,13398,399,19.900000000000002,669.85
R005,CNO,T2_SD_CNO,2026_06_21_merged.mat,SAMPLE,4,13417,418,20.85,670.8000000000001
R005,CNO,T2_SD_CNO,2026_06_21_merged.mat,SAMPLE,4,13420,421,21.0,670.95
R005,CNO,T2_SD_CNO,2026_06_21_merged.mat,SAMPLE,4,13421,422,21.05,671.0
R005,CNO,T2_SD_CNO,2026_06_21_merged.mat,SAMPLE,4,13422,423,21.1,671.0500000000001
R005,CNO,T2_SD_CNO,2026_06_21_merged.mat,SAMPLE,4,13423,424,21.150000000000002,671.1
R005,CNO,T2_SD_CNO,2026_06_21_merged.mat,SAMPLE,4,13424,425,21.200000000000003,671.1500000000001
R005,CNO,T2_SD_CNO,2026_06_21_merged.mat,SAMPLE,4,13454,455,22.700000000000003,672.6500000000001
R005,CNO,T2_SD_CNO,2026_06_21_merged.mat,SAMPLE,3,13455,456,22.75,672.7
R005,CNO,T2_SD_CNO,2026_06_21_merged.mat,SAMPLE,3,13456,457,22.8,672.75
R005,CNO,T2_SD_CNO,2026_06_21_merged.mat,SAMPLE,4,13457,458,22.85,672.8000000000001
R005,CNO,T2_SD_CNO,2026_06_21_merged.mat,SAMPLE,3,13475,476,23.75,673.7
R005,CNO,T2_SD_CNO,2026_06_21_merged.mat,SAMPLE,3,13476,477,23.8,673.75
R005,CNO,T2_SD_CNO,2026_06_21_merged.mat,SAMPLE,4,13477,478,23.85,673.8000000000001
R005,CNO,T2_SD_CNO,2026_06_21_merged.mat,SAMPLE,3,13488,489,24.400000000000002,674.35
R005,CNO,T2_SD_CNO,2026_06_21_merged.mat,SAMPLE,3,13489,490,24.450000000000003,674.4000000000001
R005,CNO,T2_SD_CNO,2026_06_21_merged.mat,SAMPLE,3,13490,491,24.5,674.45
R005,CNO,T2_SD_CNO,2026_06_21_merged.mat,SAMPLE,3,13527,528,26.35,676.3000000000001
R005,CNO,T2_SD_CNO,2026_06_21_merged.mat,SAMPLE,3,13528,529,26.400000000000002,676.35
R005,CNO,T2_SD_CNO,2026_06_21_merged.mat,SAMPLE,3,13534,535,26.700000000000003,676.6500000000001
R005,CNO,T2_SD_CNO,2026_06_21_merged.mat,SAMPLE,3,13537,538,26.85,676.8000000000001
R005,CNO,T2_SD_CNO,2026_06_21_merged.mat,SAMPLE,3,13538,539,26.900000000000002,676.85
R005,CNO,T2_SD_CNO,2026_06_21_merged.mat,SAMPLE,3,13539,540,26.950000000000003,676.9000000000001
R005,CNO,T2_SD_CNO,2026_06_21_merged.mat,SAMPLE,3,13540,541,27.0,676.95
R005,CNO,T2_SD_CNO,2026_06_21_merged.mat,SAMPLE,4,13543,544,27.150000000000002,677.1
R005,CNO,T2_SD_CNO,2026_06_21_merged.mat,SAMPLE,4,13544,545,27.200000000000003,677.1500000000001
R005,CNO,T2_SD_CNO,2026_06_21_merged.mat,SAMPLE,4,13545,546,27.25,677.2
R005,CNO,T2_SD_CNO,2026_06_21_merged.mat,SAMPLE,4,13546,547,27.3,677.25
R005,CNO,T2_SD_CNO,2026_06_21_merged.mat,SAMPLE,3,13547,548,27.35,677.3000000000001
R005,CNO,T2_SD_CNO,2026_06_21_merged.mat,SAMPLE,3,13548,549,27.400000000000002,677.35
R005,CNO,T2_SD_CNO,2026_06_21_merged.mat,SAMPLE,3,13549,550,27.450000000000003,677.4000000000001
R005,CNO,T2_SD_CNO,2026_06_21_merged.mat,SAMPLE,3,13550,551,27.5,677.45
R005,CNO,T2_SD_CNO,2026_06_21_merged.mat,SAMPLE,3,13551,552,27.55,677.5
R005,CNO,T2_SD_CNO,2026_06_21_merged.mat,SAMPLE,3,13552,553,27.6,677.5500000000001
R005,CNO,T2_SD_CNO,2026_06_21_merged.mat,SAMPLE,4,13560,561,28.0,677.95
R005,CNO,T2_SD_CNO,2026_06_21_merged.mat,SAMPLE,4,13583,584,29.150000000000002,679.1
R005,CNO,T2_SD_CNO,2026_06_21_merged.mat,SAMPLE,2,13601,602,30.05,680.0
R005,CNO,T2_SD_CNO,2026_06_21_merged.mat,SAMPLE,4,13612,613,30.6,680.5500000000001
R005,CNO,T2_SD_CNO,2026_06_21_merged.mat,SAMPLE,4,13613,614,30.650000000000002,680.6
R005,CNO,T2_SD_CNO,2026_06_21_merged.mat,SAMPLE,2,13624,625,31.200000000000003,681.1500000000001
R005,CNO,T2_SD_CNO,2026_06_21_merged.mat,SAMPLE,2,13625,626,31.25,681.2
R005,CNO,T2_SD_CNO,2026_06_21_merged.mat,SAMPLE,2,13626,627,31.3,681.25
R005,CNO,T2_SD_CNO,2026_06_21_merged.mat,SAMPLE,2,13627,628,31.35,681.3000000000001
R005,CNO,T2_SD_CNO,2026_06_21_merged.mat,SAMPLE,2,13642,643,32.1,682.0500000000001
R005,CNO,T2_SD_CNO,2026_06_21_merged.mat,SAMPLE,2,13643,644,32.15,682.1
R005,CNO,T2_SD_CNO,2026_06_21_merged.mat,SAMPLE,2,13644,645,32.2,682.1500000000001
R005,CNO,T2_SD_CNO,2026_06_21_merged.mat,SAMPLE,2,13645,646,32.25,682.2
R005,CNO,T2_SD_CNO,2026_06_21_merged.mat,SAMPLE,2,13646,647,32.300000000000004,682.25
R005,CNO,T2_SD_CNO,2026_06_21_merged.mat,SAMPLE,2,13647,648,32.35,682.3000000000001
R005,CNO,T2_SD_CNO,2026_06_21_merged.mat,SAMPLE,2,13648,649,32.4,682.35
R005,CNO,T2_SD_CNO,2026_06_21_merged.mat,SAMPLE,2,13658,659,32.9,682.85
R005,CNO,T2_SD_CNO,2026_06_21_merged.mat,SAMPLE,2,13718,719,35.9,685.85
R005,CNO,T2_SD_CNO,2026_06_21_merged.mat,SAMPLE,2,13719,720,35.95,685.9000000000001
R005,CNO,T2_SD_CNO,2026_06_21_merged.mat,SAMPLE,2,13720,721,36.0,685.95
R005,CNO,T2_SD_CNO,2026_06_21_merged.mat,SAMPLE,2,13721,722,36.050000000000004,686.0
R005,CNO,T2_SD_CNO,2026_06_21_merged.mat,SAMPLE,2,13722,723,36.1,686.0500000000001
R005,CNO,T2_SD_CNO,2026_06_21_merged.mat,SAMPLE,2,13740,741,37.0,686.95
R005,CNO,T2_SD_CNO,2026_06_21_merged.mat,SAMPLE,2,13741,742,37.050000000000004,687.0
R005,CNO,T2_SD_CNO,2026_06_21_merged.mat,SAMPLE,2,13742,743,37.1,687.0500000000001
R005,CNO,T2_SD_CNO,2026_06_21_merged.mat,SAMPLE,2,13743,744,37.15,687.1
R005,CNO,T2_SD_CNO,2026_06_21_merged.mat,SAMPLE,2,13744,745,37.2,687.1500000000001
R005,CNO,T2_SD_CNO,2026_06_21_merged.mat,SAMPLE,2,13745,746,37.25,687.2
R005,CNO,T2_SD_CNO,2026_06_21_merged.mat,SAMPLE,2,13751,752,37.550000000000004,687.5
R005,CNO,T2_SD_CNO,2026_06_21_merged.mat,SAMPLE,2,13752,753,37.6,687.5500000000001
R005,CNO,T2_SD_CNO,2026_06_21_merged.mat,SAMPLE,3,13767,768,38.35,688.3000000000001
R005,CNO,T2_SD_CNO,2026_06_21_merged.mat,SAMPLE,3,13768,769,38.400000000000006,688.35
R005,CNO,T2_SD_CNO,2026_06_21_merged.mat,SAMPLE,3,13769,770,38.45,688.4000000000001
R005,CNO,T2_SD_CNO,2026_06_21_merged.mat,SAMPLE,4,13771,772,38.550000000000004,688.5
R005,CNO,T2_SD_CNO,2026_06_21_merged.mat,SAMPLE,3,13779,780,38.95,688.9000000000001
R005,CNO,T2_SD_CNO,2026_06_21_merged.mat,SAMPLE,2,13812,813,40.6,690.5500000000001
R005,CNO,T2_SD_CNO,2026_06_21_merged.mat,SAMPLE,2,13813,814,40.650000000000006,690.6
R005,CNO,T2_SD_CNO,2026_06_21_merged.mat,SAMPLE,2,13814,815,40.7,690.6500000000001
R005,CNO,T2_SD_CNO,2026_06_21_merged.mat,SAMPLE,2,13815,816,40.75,690.7
R005,CNO,T2_SD_CNO,2026_06_21_merged.mat,SAMPLE,2,13816,817,40.800000000000004,690.75
R005,CNO,T2_SD_CNO,2026_06_21_merged.mat,SAMPLE,2,13849,850,42.45,692.4000000000001
R005,CNO,T2_SD_CNO,2026_06_21_merged.mat,SAMPLE,2,13850,851,42.5,692.45
R005,CNO,T2_SD_CNO,2026_06_21_merged.mat,SAMPLE,2,13859,860,42.95,692.9000000000001
R005,CNO,T2_SD_CNO,2026_06_21_merged.mat,SAMPLE,2,13860,861,43.0,692.95
R005,CNO,T2_SD_CNO,2026_06_21_merged.mat,SAMPLE,2,13861,862,43.050000000000004,693.0
R005,CNO,T2_SD_CNO,2026_06_21_merged.mat,SAMPLE,2,13862,863,43.1,693.0500000000001
R005,CNO,T2_SD_CNO,2026_06_21_merged.mat,SAMPLE,2,13863,864,43.150000000000006,693.1
R005,CNO,T2_SD_CNO,2026_06_21_merged.mat,SAMPLE,2,13864,865,43.2,693.1500000000001
R005,CNO,T2_SD_CNO,2026_06_21_merged.mat,SAMPLE,2,13889,890,44.45,694.4000000000001
R005,CNO,T2_SD_CNO,2026_06_21_merged.mat,SAMPLE,2,13893,894,44.650000000000006,694.6
R005,CNO,T2_SD_CNO,2026_06_21_merged.mat,SAMPLE,2,13894,895,44.7,694.6500000000001
R005,CNO,T2_SD_CNO,2026_06_21_merged.mat,SAMPLE,2,13895,896,44.75,694.7
R005,CNO,T2_SD_CNO,2026_06_21_merged.mat,SAMPLE,2,13896,897,44.800000000000004,694.75
R005,CNO,T2_SD_CNO,2026_06_21_merged.mat,SAMPLE,2,13897,898,44.85,694.8000000000001
R005,CNO,T2_SD_CNO,2026_06_21_merged.mat,SAMPLE,4,13928,929,46.400000000000006,696.35
R005,CNO,T2_SD_CNO,2026_06_21_merged.mat,SAMPLE,4,13929,930,46.45,696.4000000000001
R005,CNO,T2_SD_CNO,2026_06_21_merged.mat,SAMPLE,4,13930,931,46.5,696.45
R005,CNO,T2_SD_CNO,2026_06_21_merged.mat,SAMPLE,4,14016,1017,50.800000000000004,700.75
R005,CNO,T2_SD_CNO,2026_06_21_merged.mat,SAMPLE,3,14074,1075,53.7,703.6500000000001
R005,CNO,T2_SD_CNO,2026_06_21_merged.mat,SAMPLE,3,14075,1076,53.75,703.7
R005,CNO,T2_SD_CNO,2026_06_21_merged.mat,SAMPLE,3,14076,1077,53.800000000000004,703.75
R005,CNO,T2_SD_CNO,2026_06_21_merged.mat,SAMPLE,3,14077,1078,53.85,703.8000000000001
R005,CNO,T2_SD_CNO,2026_06_21_merged.mat,SAMPLE,3,14078,1079,53.900000000000006,703.85
R005,CNO,T2_SD_CNO,2026_06_21_merged.mat,SAMPLE,3,14079,1080,53.95,703.9000000000001
R005,CNO,T2_SD_CNO,2026_06_21_merged.mat,SAMPLE,3,14080,1081,54.0,703.95
R005,CNO,T2_SD_CNO,2026_06_21_merged.mat,SAMPLE,3,14081,1082,54.050000000000004,704.0
R005,CNO,T2_SD_CNO,2026_06_21_merged.mat,SAMPLE,3,14082,1083,54.1,704.0500000000001
R005,CNO,T2_SD_CNO,2026_06_21_merged.mat,SAMPLE,3,14128,1129,56.400000000000006,706.35
R005,CNO,T2_SD_CNO,2026_06_21_merged.mat,SAMPLE,3,14130,1131,56.5,706.45
R005,CNO,T2_SD_CNO,2026_06_21_merged.mat,SAMPLE,2,14156,1157,57.800000000000004,707.75
R005,CNO,T2_SD_CNO,2026_06_21_merged.mat,SAMPLE,2,14157,1158,57.85,707.8000000000001
R005,CNO,T2_SD_CNO,2026_06_21_merged.mat,SAMPLE,2,14176,1177,58.800000000000004,708.75
R005,CNO,T2_SD_CNO,2026_06_21_merged.mat,SAMPLE,2,14189,1190,59.45,709.4000000000001
R005,CNO,T2_SD_CNO,2026_06_21_merged.mat,SAMPLE,4,14203,1204,60.150000000000006,710.1
R005,CNO,T2_SD_CNO,2026_06_21_merged.mat,SAMPLE,2,14220,1221,61.0,710.95
R005,CNO,T2_SD_CNO,2026_06_21_merged.mat,SAMPLE,3,14250,1251,62.5,712.45
R005,CNO,T2_SD_CNO,2026_06_21_merged.mat,SAMPLE,3,14251,1252,62.550000000000004,712.5
R005,CNO,T2_SD_CNO,2026_06_21_merged.mat,SAMPLE,2,14283,1284,64.15,714.1
R005,CNO,T2_SD_CNO,2026_06_21_merged.mat,SAMPLE,2,14284,1285,64.2,714.1500000000001
R005,CNO,T2_SD_CNO,2026_06_21_merged.mat,SAMPLE,2,14285,1286,64.25,714.2
R005,CNO,T2_SD_CNO,2026_06_21_merged.mat,SAMPLE,2,14286,1287,64.3,714.25
R005,CNO,T2_SD_CNO,2026_06_21_merged.mat,SAMPLE,2,14287,1288,64.35000000000001,714.3000000000001
R005,CNO,T2_SD_CNO,2026_06_21_merged.mat,SAMPLE,2,14288,1289,64.4,714.35
R005,CNO,T2_SD_CNO,2026_06_21_merged.mat,SAMPLE,2,14289,1290,64.45,714.4000000000001
R005,CNO,T2_SD_CNO,2026_06_21_merged.mat,SAMPLE,2,14292,1293,64.60000000000001,714.5500000000001
R005,CNO,T2_SD_CNO,2026_06_21_merged.mat,SAMPLE,2,14293,1294,64.65,714.6
R005,CNO,T2_SD_CNO,2026_06_21_merged.mat,SAMPLE,4,14325,1326,66.25,716.2
R005,CNO,T2_SD_CNO,2026_06_21_merged.mat,SAMPLE,3,14400,1401,70.0,719.95
R005,CNO,T2_SD_CNO,2026_06_21_merged.mat,SAMPLE,4,14401,1402,70.05,720.0
R005,CNO,T2_SD_CNO,2026_06_21_merged.mat,SAMPLE,3,14424,1425,71.2,721.1500000000001
R005,CNO,T2_SD_CNO,2026_06_21_merged.mat,SAMPLE,2,14462,1463,73.10000000000001,723.0500000000001
R005,CNO,T2_SD_CNO,2026_06_21_merged.mat,SAMPLE,2,14463,1464,73.15,723.1
R005,CNO,T2_SD_CNO,2026_06_21_merged.mat,SAMPLE,2,14464,1465,73.2,723.1500000000001
R005,CNO,T2_SD_CNO,2026_06_21_merged.mat,SAMPLE,2,14503,1504,75.15,725.1
R005,CNO,T2_SD_CNO,2026_06_21_merged.mat,SAMPLE,2,14504,1505,75.2,725.1500000000001
R005,CNO,T2_SD_CNO,2026_06_21_merged.mat,SAMPLE,2,14505,1506,75.25,725.2
R005,CNO,T2_SD_CNO,2026_06_21_merged.mat,SAMPLE,2,14506,1507,75.3,725.25
R005,CNO,T2_SD_CNO,2026_06_21_merged.mat,SAMPLE,2,14519,1520,75.95,725.9000000000001
R005,CNO,T2_SD_CNO,2026_06_21_merged.mat,SAMPLE,2,14520,1521,76.0,725.95
R005,CNO,T2_SD_CNO,2026_06_21_merged.mat,SAMPLE,3,14548,1549,77.4,727.35
R005,CNO,T2_SD_CNO,2026_06_21_merged.mat,SAMPLE,3,14549,1550,77.45,727.4000000000001
R005,CNO,T2_SD_CNO,2026_06_21_merged.mat,SAMPLE,3,14550,1551,77.5,727.45
R005,CNO,T2_SD_CNO,2026_06_21_merged.mat,SAMPLE,4,14593,1594,79.65,729.6
R005,CNO,T2_SD_CNO,2026_06_21_merged.mat,SAMPLE,3,14594,1595,79.7,729.6500000000001
R005,CNO,T2_SD_CNO,2026_06_21_merged.mat,SAMPLE,3,14596,1597,79.80000000000001,729.75
R005,CNO,T2_SD_CNO,2026_06_21_merged.mat,SAMPLE,3,14597,1598,79.85000000000001,729.8000000000001
R005,CNO,T2_SD_CNO,2026_06_21_merged.mat,SAMPLE,2,14652,1653,82.60000000000001,732.5500000000001
R005,CNO,T2_SD_CNO,2026_06_21_merged.mat,SAMPLE,2,14653,1654,82.65,732.6
R005,CNO,T2_SD_CNO,2026_06_21_merged.mat,SAMPLE,2,14654,1655,82.7,732.6500000000001
R005,CNO,T2_SD_CNO,2026_06_21_merged.mat,SAMPLE,2,14655,1656,82.75,732.7
R005,CNO,T2_SD_CNO,2026_06_21_merged.mat,SAMPLE,2,14656,1657,82.80000000000001,732.75
R005,CNO,T2_SD_CNO,2026_06_21_merged.mat,SAMPLE,2,14657,1658,82.85000000000001,732.8000000000001
R005,CNO,T2_SD_CNO,2026_06_21_merged.mat,SAMPLE,2,14658,1659,82.9,732.85
R005,CNO,T2_SD_CNO,2026_06_21_merged.mat,SAMPLE,4,14680,1681,84.0,733.95
R005,CNO,T2_SD_CNO,2026_06_21_merged.mat,SAMPLE,2,14689,1690,84.45,734.4000000000001
R005,CNO,T2_SD_CNO,2026_06_21_merged.mat,SAMPLE,2,14691,1692,84.55000000000001,734.5
R005,CNO,T2_SD_CNO,2026_06_21_merged.mat,SAMPLE,2,14734,1735,86.7,736.6500000000001
R005,CNO,T2_SD_CNO,2026_06_21_merged.mat,SAMPLE,2,14735,1736,86.75,736.7
R005,CNO,T2_SD_CNO,2026_06_21_merged.mat,SAMPLE,2,14736,1737,86.80000000000001,736.75
R005,CNO,T2_SD_CNO,2026_06_21_merged.mat,SAMPLE,2,14737,1738,86.85000000000001,736.8000000000001
R005,CNO,T2_SD_CNO,2026_06_21_merged.mat,SAMPLE,4,14745,1746,87.25,737.2
R005,CNO,T2_SD_CNO,2026_06_21_merged.mat,SAMPLE,3,14746,1747,87.30000000000001,737.25
R005,CNO,T2_SD_CNO,2026_06_21_merged.mat,SAMPLE,3,14747,1748,87.35000000000001,737.3000000000001
R005,CNO,T2_SD_CNO,2026_06_21_merged.mat,SAMPLE,4,14748,1749,87.4,737.35
R005,CNO,T2_SD_CNO,2026_06_21_merged.mat,SAMPLE,1,14757,1758,87.85000000000001,737.8000000000001
R005,CNO,T2_SD_CNO,2026_06_21_merged.mat,SAMPLE,1,14758,1759,87.9,737.85
R005,CNO,T2_SD_CNO,2026_06_21_merged.mat,SAMPLE,2,14775,1776,88.75,738.7
R005,CNO,T2_SD_CNO,2026_06_21_merged.mat,SAMPLE,2,14776,1777,88.80000000000001,738.75
R005,CNO,T2_SD_CNO,2026_06_21_merged.mat,SAMPLE,2,14777,1778,88.85000000000001,738.8000000000001
R005,CNO,T2_SD_CNO,2026_06_21_merged.mat,SAMPLE,2,14778,1779,88.9,738.85
R005,CNO,T2_SD_CNO,2026_06_21_merged.mat,SAMPLE,3,14789,1790,89.45,739.4000000000001
R005,CNO,T2_SD_CNO,2026_06_21_merged.mat,SAMPLE,4,14791,1792,89.55000000000001,739.5
R005,CNO,T2_SD_CNO,2026_06_21_merged.mat,SAMPLE,2,14799,1800,89.95,739.9000000000001
R005,CNO,T2_SD_CNO,2026_06_21_merged.mat,SAMPLE,2,14800,1801,90.0,739.95
R005,CNO,T2_SD_CNO,2026_06_21_merged.mat,SAMPLE,3,14815,1816,90.75,740.7
R005,CNO,T2_SD_CNO,2026_06_21_merged.mat,SAMPLE,4,14817,1818,90.85000000000001,740.8000000000001
R005,CNO,T2_SD_CNO,2026_06_21_merged.mat,SAMPLE,4,14818,1819,90.9,740.85
R005,CNO,T2_SD_CNO,2026_06_21_merged.mat,SAMPLE,3,14823,1824,91.15,741.1
R005,CNO,T2_SD_CNO,2026_06_21_merged.mat,SAMPLE,3,14824,1825,91.2,741.1500000000001
R005,CNO,T2_SD_CNO,2026_06_21_merged.mat,SAMPLE,3,14825,1826,91.25,741.2
R005,CNO,T2_SD_CNO,2026_06_21_merged.mat,SAMPLE,3,14826,1827,91.30000000000001,741.25
R005,CNO,T2_SD_CNO,2026_06_21_merged.mat,SAMPLE,3,14827,1828,91.35000000000001,741.3000000000001
R005,CNO,T2_SD_CNO,2026_06_21_merged.mat,SAMPLE,3,14835,1836,91.75,741.7
R005,CNO,T2_SD_CNO,2026_06_21_merged.mat,SAMPLE,3,14836,1837,91.80000000000001,741.75
R005,CNO,T2_SD_CNO,2026_06_21_merged.mat,SAMPLE,3,14837,1838,91.85000000000001,741.8000000000001
R005,CNO,T2_SD_CNO,2026_06_21_merged.mat,SAMPLE,3,14838,1839,91.9,741.85
R005,CNO,T2_SD_CNO,2026_06_21_merged.mat,SAMPLE,3,14839,1840,91.95,741.9000000000001
R005,CNO,T2_SD_CNO,2026_06_21_merged.mat,SAMPLE,3,14840,1841,92.0,741.95
R005,CNO,T2_SD_CNO,2026_06_21_merged.mat,SAMPLE,3,14841,1842,92.05000000000001,742.0
R005,CNO,T2_SD_CNO,2026_06_21_merged.mat,SAMPLE,3,14842,1843,92.10000000000001,742.0500000000001
R005,CNO,T2_SD_CNO,2026_06_21_merged.mat,SAMPLE,3,14848,1849,92.4,742.35
R005,CNO,T2_SD_CNO,2026_06_21_merged.mat,SAMPLE,3,14849,1850,92.45,742.4000000000001
R005,CNO,T2_SD_CNO,2026_06_21_merged.mat,SAMPLE,3,14850,1851,92.5,742.45
R005,CNO,T2_SD_CNO,2026_06_21_merged.mat,SAMPLE,3,14851,1852,92.55000000000001,742.5
R005,CNO,T2_SD_CNO,2026_06_21_merged.mat,SAMPLE,3,14852,1853,92.60000000000001,742.5500000000001
R005,CNO,T2_SD_CNO,2026_06_21_merged.mat,SAMPLE,3,14853,1854,92.65,742.6
R005,CNO,T2_SD_CNO,2026_06_21_merged.mat,SAMPLE,3,14909,1910,95.45,745.4000000000001
R005,CNO,T2_SD_CNO,2026_06_21_merged.mat,SAMPLE,3,14910,1911,95.5,745.45
R005,CNO,T2_SD_CNO,2026_06_21_merged.mat,SAMPLE,3,14911,1912,95.55000000000001,745.5
R005,CNO,T2_SD_CNO,2026_06_21_merged.mat,SAMPLE,3,14912,1913,95.60000000000001,745.5500000000001
R005,CNO,T2_SD_CNO,2026_06_21_merged.mat,SAMPLE,3,14913,1914,95.65,745.6
R005,CNO,T2_SD_CNO,2026_06_21_merged.mat,SAMPLE,3,14914,1915,95.7,745.6500000000001
R005,CNO,T2_SD_CNO,2026_06_21_merged.mat,SAMPLE,2,14968,1969,98.4,748.35
R005,CNO,T2_SD_CNO,2026_06_21_merged.mat,SAMPLE,2,14969,1970,98.45,748.4000000000001
R005,CNO,T2_SD_CNO,2026_06_21_merged.mat,SAMPLE,2,14970,1971,98.5,748.45
R005,CNO,T2_SD_CNO,2026_06_21_merged.mat,SAMPLE,1,14981,1982,99.05000000000001,749.0
R005,CNO,T2_SD_CNO,2026_06_21_merged.mat,SAMPLE,1,14982,1983,99.10000000000001,749.0500000000001
R005,CNO,T2_SD_CNO,2026_06_21_merged.mat,SAMPLE,1,14983,1984,99.15,749.1
R005,CNO,T2_SD_CNO,2026_06_21_merged.mat,SAMPLE,3,14992,1993,99.60000000000001,749.5500000000001
R005,CNO,T2_SD_CNO,2026_06_21_merged.mat,SAMPLE,3,14993,1994,99.65,749.6
R005,CNO,T2_SD_CNO,2026_06_21_merged.mat,SAMPLE,3,14994,1995,99.7,749.6500000000001
R005,CNO,T2_SD_CNO,2026_06_21_merged.mat,SAMPLE,4,15012,2013,100.60000000000001,750.5500000000001
R005,CNO,T2_SD_CNO,2026_06_21_merged.mat,SAMPLE,2,15060,2061,103.0,752.95
R005,CNO,T2_SD_CNO,2026_06_21_merged.mat,SAMPLE,2,15061,2062,103.05000000000001,753.0
R005,CNO,T2_SD_CNO,2026_06_21_merged.mat,SAMPLE,2,15062,2063,103.10000000000001,753.0500000000001
R005,CNO,T2_SD_CNO,2026_06_21_merged.mat,SAMPLE,2,15074,2075,103.7,753.6500000000001
R005,CNO,T2_SD_CNO,2026_06_21_merged.mat,SAMPLE,2,15075,2076,103.75,753.7
R005,CNO,T2_SD_CNO,2026_06_21_merged.mat,SAMPLE,2,15076,2077,103.80000000000001,753.75
R005,CNO,T2_SD_CNO,2026_06_21_merged.mat,SAMPLE,2,15077,2078,103.85000000000001,753.8000000000001
R005,CNO,T2_SD_CNO,2026_06_21_merged.mat,SAMPLE,4,15092,2093,104.60000000000001,754.5500000000001
R005,CNO,T2_SD_CNO,2026_06_21_merged.mat,SAMPLE,4,15093,2094,104.65,754.6
R005,CNO,T2_SD_CNO,2026_06_21_merged.mat,SAMPLE,3,15094,2095,104.7,754.6500000000001
R005,CNO,T2_SD_CNO,2026_06_21_merged.mat,SAMPLE,2,15122,2123,106.10000000000001,756.0500000000001
R005,CNO,T2_SD_CNO,2026_06_21_merged.mat,SAMPLE,2,15123,2124,106.15,756.1
R005,CNO,T2_SD_CNO,2026_06_21_merged.mat,SAMPLE,2,15124,2125,106.2,756.1500000000001
R005,CNO,T2_SD_CNO,2026_06_21_merged.mat,SAMPLE,2,15125,2126,106.25,756.2
R005,CNO,T2_SD_CNO,2026_06_21_merged.mat,SAMPLE,3,15141,2142,107.05000000000001,757.0
R005,CNO,T2_SD_CNO,2026_06_21_merged.mat,SAMPLE,3,15142,2143,107.10000000000001,757.0500000000001
R005,CNO,T2_SD_CNO,2026_06_21_merged.mat,SAMPLE,2,15176,2177,108.80000000000001,758.75
R005,CNO,T2_SD_CNO,2026_06_21_merged.mat,SAMPLE,2,15177,2178,108.85000000000001,758.8000000000001
R005,CNO,T2_SD_CNO,2026_06_21_merged.mat,SAMPLE,2,15178,2179,108.9,758.85
R005,CNO,T2_SD_CNO,2026_06_21_merged.mat,SAMPLE,3,15188,2189,109.4,759.35
R005,CNO,T2_SD_CNO,2026_06_21_merged.mat,SAMPLE,3,15189,2190,109.45,759.4000000000001
R005,CNO,T2_SD_CNO,2026_06_21_merged.mat,SAMPLE,3,15190,2191,109.5,759.45
R005,CNO,T2_SD_CNO,2026_06_21_merged.mat,SAMPLE,3,15191,2192,109.55000000000001,759.5
R005,CNO,T2_SD_CNO,2026_06_21_merged.mat,SAMPLE,3,15192,2193,109.60000000000001,759.5500000000001
R005,CNO,T2_SD_CNO,2026_06_21_merged.mat,SAMPLE,2,15218,2219,110.9,760.85
R005,CNO,T2_SD_CNO,2026_06_21_merged.mat,SAMPLE,2,15219,2220,110.95,760.9000000000001
R005,CNO,T2_SD_CNO,2026_06_21_merged.mat,SAMPLE,2,15249,2250,112.45,762.4000000000001
R005,CNO,T2_SD_CNO,2026_06_21_merged.mat,SAMPLE,2,15250,2251,112.5,762.45
R005,CNO,T2_SD_CNO,2026_06_21_merged.mat,SAMPLE,2,15251,2252,112.55000000000001,762.5
R005,CNO,T2_SD_CNO,2026_06_21_merged.mat,SAMPLE,2,15252,2253,112.60000000000001,762.5500000000001
R005,CNO,T2_SD_CNO,2026_06_21_merged.mat,SAMPLE,2,15255,2256,112.75,762.7
R005,CNO,T2_SD_CNO,2026_06_21_merged.mat,SAMPLE,2,15256,2257,112.80000000000001,762.75
R005,CNO,T2_SD_CNO,2026_06_21_merged.mat,SAMPLE,2,15257,2258,112.85000000000001,762.8000000000001
R005,CNO,T2_SD_CNO,2026_06_21_merged.mat,SAMPLE,2,15258,2259,112.9,762.85
R005,CNO,T2_SD_CNO,2026_06_21_merged.mat,SAMPLE,2,15325,2326,116.25,766.2
R005,CNO,T2_SD_CNO,2026_06_21_merged.mat,SAMPLE,2,15326,2327,116.30000000000001,766.25
R005,CNO,T2_SD_CNO,2026_06_21_merged.mat,SAMPLE,2,15327,2328,116.35000000000001,766.3000000000001
R005,CNO,T2_SD_CNO,2026_06_21_merged.mat,SAMPLE,2,15328,2329,116.4,766.35
R005,CNO,T2_SD_CNO,2026_06_21_merged.mat,SAMPLE,2,15329,2330,116.45,766.4000000000001
R005,CNO,T2_SD_CNO,2026_06_21_merged.mat,SAMPLE,2,15330,2331,116.5,766.45
R005,CNO,T2_SD_CNO,2026_06_21_merged.mat,SAMPLE,3,15341,2342,117.05000000000001,767.0
R005,CNO,T2_SD_CNO,2026_06_21_merged.mat,SAMPLE,3,15342,2343,117.10000000000001,767.0500000000001
R005,CNO,T2_SD_CNO,2026_06_21_merged.mat,SAMPLE,3,15343,2344,117.15,767.1
R005,CNO,T2_SD_CNO,2026_06_21_merged.mat,SAMPLE,3,15344,2345,117.2,767.1500000000001
R005,CNO,T2_SD_CNO,2026_06_21_merged.mat,SAMPLE,4,15352,2353,117.60000000000001,767.5500000000001
R005,CNO,T2_SD_CNO,2026_06_21_merged.mat,SAMPLE,4,15353,2354,117.65,767.6
R005,CNO,T2_SD_CNO,2026_06_21_merged.mat,SAMPLE,4,15354,2355,117.7,767.6500000000001
R005,CNO,T2_SD_CNO,2026_06_21_merged.mat,SAMPLE,2,15372,2373,118.60000000000001,768.5500000000001
R005,CNO,T2_SD_CNO,2026_06_21_merged.mat,SAMPLE,3,15385,2386,119.25,769.2
R005,CNO,T2_SD_CNO,2026_06_21_merged.mat,SAMPLE,2,15411,2412,120.55000000000001,770.5
R005,CNO,T2_SD_CNO,2026_06_21_merged.mat,SAMPLE,2,15412,2413,120.60000000000001,770.5500000000001
R005,CNO,T2_SD_CNO,2026_06_21_merged.mat,SAMPLE,2,15413,2414,120.65,770.6
R005,CNO,T2_SD_CNO,2026_06_21_merged.mat,SAMPLE,2,15414,2415,120.7,770.6500000000001
R005,CNO,T2_SD_CNO,2026_06_21_merged.mat,SAMPLE,2,15415,2416,120.75,770.7
R005,CNO,T2_SD_CNO,2026_06_21_merged.mat,SAMPLE,2,15506,2507,125.30000000000001,775.25
R005,CNO,T2_SD_CNO,2026_06_21_merged.mat,SAMPLE,2,15527,2528,126.35000000000001,776.3000000000001
R005,CNO,T2_SD_CNO,2026_06_21_merged.mat,SAMPLE,2,15528,2529,126.4,776.35
R005,CNO,T2_SD_CNO,2026_06_21_merged.mat,SAMPLE,2,15529,2530,126.45,776.4000000000001
R005,CNO,T2_SD_CNO,2026_06_21_merged.mat,SAMPLE,3,15567,2568,128.35,778.3000000000001
R005,CNO,T2_SD_CNO,2026_06_21_merged.mat,SAMPLE,4,15588,2589,129.4,779.35
R005,CNO,T2_SD_CNO,2026_06_21_merged.mat,SAMPLE,3,15589,2590,129.45000000000002,779.4000000000001
R005,CNO,T2_SD_CNO,2026_06_21_merged.mat,SAMPLE,3,15590,2591,129.5,779.45
R005,CNO,T2_SD_CNO,2026_06_21_merged.mat,SAMPLE,3,15591,2592,129.55,779.5
R005,CNO,T2_SD_CNO,2026_06_21_merged.mat,SAMPLE,3,15592,2593,129.6,779.5500000000001
R005,CNO,T2_SD_CNO,2026_06_21_merged.mat,SAMPLE,3,15593,2594,129.65,779.6
R005,CNO,T2_SD_CNO,2026_06_21_merged.mat,SAMPLE,3,15604,2605,130.20000000000002,780.1500000000001
R005,CNO,T2_SD_CNO,2026_06_21_merged.mat,SAMPLE,2,15704,2705,135.20000000000002,785.1500000000001
R005,CNO,T2_SD_CNO,2026_06_21_merged.mat,SAMPLE,2,15705,2706,135.25,785.2
R005,CNO,T2_SD_CNO,2026_06_21_merged.mat,SAMPLE,2,15734,2735,136.70000000000002,786.6500000000001
R005,CNO,T2_SD_CNO,2026_06_21_merged.mat,SAMPLE,2,15735,2736,136.75,786.7
R005,CNO,T2_SD_CNO,2026_06_21_merged.mat,SAMPLE,2,15736,2737,136.8,786.75
R005,CNO,T2_SD_CNO,2026_06_21_merged.mat,SAMPLE,2,15737,2738,136.85,786.8000000000001
R005,CNO,T2_SD_CNO,2026_06_21_merged.mat,SAMPLE,2,15738,2739,136.9,786.85
R005,CNO,T2_SD_CNO,2026_06_21_merged.mat,SAMPLE,2,15747,2748,137.35,787.3000000000001
R005,CNO,T2_SD_CNO,2026_06_21_merged.mat,SAMPLE,4,15761,2762,138.05,788.0
R005,CNO,T2_SD_CNO,2026_06_21_merged.mat,SAMPLE,2,15776,2777,138.8,788.75
R005,CNO,T2_SD_CNO,2026_06_21_merged.mat,SAMPLE,2,15777,2778,138.85,788.8000000000001
R005,CNO,T2_SD_CNO,2026_06_21_merged.mat,SAMPLE,4,15789,2790,139.45000000000002,789.4000000000001
R005,CNO,T2_SD_CNO,2026_06_21_merged.mat,SAMPLE,2,15858,2859,142.9,792.85
R005,CNO,T2_SD_CNO,2026_06_21_merged.mat,SAMPLE,2,15859,2860,142.95000000000002,792.9000000000001
R005,CNO,T2_SD_CNO,2026_06_21_merged.mat,SAMPLE,2,15860,2861,143.0,792.95
R005,CNO,T2_SD_CNO,2026_06_21_merged.mat,SAMPLE,2,15861,2862,143.05,793.0
R005,CNO,T2_SD_CNO,2026_06_21_merged.mat,SAMPLE,2,15862,2863,143.1,793.0500000000001
R005,CNO,T2_SD_CNO,2026_06_21_merged.mat,SAMPLE,2,15863,2864,143.15,793.1
R005,CNO,T2_SD_CNO,2026_06_21_merged.mat,SAMPLE,2,15864,2865,143.20000000000002,793.1500000000001
R005,CNO,T2_SD_CNO,2026_06_21_merged.mat,SAMPLE,2,15881,2882,144.05,794.0
R005,CNO,T2_SD_CNO,2026_06_21_merged.mat,SAMPLE,2,15899,2900,144.95000000000002,794.9000000000001
R005,CNO,T2_SD_CNO,2026_06_21_merged.mat,SAMPLE,2,15900,2901,145.0,794.95
R005,CNO,T2_SD_CNO,2026_06_21_merged.mat,SAMPLE,2,15901,2902,145.05,795.0
R005,CNO,T2_SD_CNO,2026_06_21_merged.mat,SAMPLE,2,15902,2903,145.1,795.0500000000001
R005,CNO,T2_SD_CNO,2026_06_21_merged.mat,SAMPLE,2,15906,2907,145.3,795.25
R005,CNO,T2_SD_CNO,2026_06_21_merged.mat,SAMPLE,2,15907,2908,145.35,795.3000000000001
R005,CNO,T2_SD_CNO,2026_06_21_merged.mat,SAMPLE,2,15908,2909,145.4,795.35
R005,CNO,T2_SD_CNO,2026_06_21_merged.mat,SAMPLE,2,15909,2910,145.45000000000002,795.4000000000001
R005,CNO,T2_SD_CNO,2026_06_21_merged.mat,SAMPLE,2,15910,2911,145.5,795.45
R005,CNO,T2_SD_CNO,2026_06_21_merged.mat,SAMPLE,2,15911,2912,145.55,795.5
R005,CNO,T2_SD_CNO,2026_06_21_merged.mat,SAMPLE,4,15926,2927,146.3,796.25
R005,CNO,T2_SD_CNO,2026_06_21_merged.mat,SAMPLE,2,15937,2938,146.85,796.8000000000001
R005,CNO,T2_SD_CNO,2026_06_21_merged.mat,SAMPLE,2,15951,2952,147.55,797.5
R005,CNO,T2_SD_CNO,2026_06_21_merged.mat,SAMPLE,2,15952,2953,147.6,797.5500000000001
R005,CNO,T2_SD_CNO,2026_06_21_merged.mat,SAMPLE,2,15953,2954,147.65,797.6
R005,CNO,T2_SD_CNO,2026_06_21_merged.mat,SAMPLE,2,16033,3034,151.65,801.6
R005,CNO,T2_SD_CNO,2026_06_21_merged.mat,SAMPLE,2,16034,3035,151.70000000000002,801.6500000000001
R005,CNO,T2_SD_CNO,2026_06_21_merged.mat,SAMPLE,2,16035,3036,151.75,801.7
R005,CNO,T2_SD_CNO,2026_06_21_merged.mat,SAMPLE,3,16048,3049,152.4,802.35
R005,CNO,T2_SD_CNO,2026_06_21_merged.mat,SAMPLE,3,16049,3050,152.45000000000002,802.4000000000001
R005,CNO,T2_SD_CNO,2026_06_21_merged.mat,SAMPLE,4,16050,3051,152.5,802.45
R005,CNO,T2_SD_CNO,2026_06_21_merged.mat,SAMPLE,4,16051,3052,152.55,802.5
R005,CNO,T2_SD_CNO,2026_06_21_merged.mat,SAMPLE,2,16083,3084,154.15,804.1
R005,CNO,T2_SD_CNO,2026_06_21_merged.mat,SAMPLE,2,16084,3085,154.20000000000002,804.1500000000001
R005,CNO,T2_SD_CNO,2026_06_21_merged.mat,SAMPLE,2,16085,3086,154.25,804.2
R005,CNO,T2_SD_CNO,2026_06_21_merged.mat,SAMPLE,2,16086,3087,154.3,804.25
R005,CNO,T2_SD_CNO,2026_06_21_merged.mat,SAMPLE,2,16087,3088,154.35000000000002,804.3000000000001
R005,CNO,T2_SD_CNO,2026_06_21_merged.mat,SAMPLE,2,16088,3089,154.4,804.35
R005,CNO,T2_SD_CNO,2026_06_21_merged.mat,SAMPLE,1,16089,3090,154.45000000000002,804.4000000000001
R005,CNO,T2_SD_CNO,2026_06_21_merged.mat,SAMPLE,4,16099,3100,154.95000000000002,804.9000000000001
R005,CNO,T2_SD_CNO,2026_06_21_merged.mat,SAMPLE,2,16164,3165,158.20000000000002,808.1500000000001
R005,CNO,T2_SD_CNO,2026_06_21_merged.mat,SAMPLE,2,16165,3166,158.25,808.2
R005,CNO,T2_SD_CNO,2026_06_21_merged.mat,SAMPLE,2,16166,3167,158.3,808.25
R005,CNO,T2_SD_CNO,2026_06_21_merged.mat,SAMPLE,2,16167,3168,158.35000000000002,808.3000000000001
R005,CNO,T2_SD_CNO,2026_06_21_merged.mat,SAMPLE,2,16168,3169,158.4,808.35
R005,CNO,T2_SD_CNO,2026_06_21_merged.mat,SAMPLE,2,16169,3170,158.45000000000002,808.4000000000001
R005,CNO,T2_SD_CNO,2026_06_21_merged.mat,SAMPLE,2,16170,3171,158.5,808.45
R005,CNO,T2_SD_CNO,2026_06_21_merged.mat,SAMPLE,2,16193,3194,159.65,809.6
R005,CNO,T2_SD_CNO,2026_06_21_merged.mat,SAMPLE,2,16194,3195,159.70000000000002,809.6500000000001
R005,CNO,T2_SD_CNO,2026_06_21_merged.mat,SAMPLE,2,16195,3196,159.75,809.7
R005,CNO,T2_SD_CNO,2026_06_21_merged.mat,SAMPLE,2,16196,3197,159.8,809.75
R005,CNO,T2_SD_CNO,2026_06_21_merged.mat,SAMPLE,2,16197,3198,159.85000000000002,809.8000000000001
R005,CNO,T2_SD_CNO,2026_06_21_merged.mat,SAMPLE,2,16198,3199,159.9,809.85
R005,CNO,T2_SD_CNO,2026_06_21_merged.mat,SAMPLE,2,16417,3418,170.85000000000002,820.8000000000001
R005,CNO,T2_SD_CNO,2026_06_21_merged.mat,SAMPLE,2,16477,3478,173.85000000000002,823.8000000000001
R005,CNO,T2_SD_CNO,2026_06_21_merged.mat,SAMPLE,2,16478,3479,173.9,823.85
R005,CNO,T2_SD_CNO,2026_06_21_merged.mat,SAMPLE,2,16586,3587,179.3,829.25
R005,CNO,T2_SD_CNO,2026_06_21_merged.mat,SAMPLE,1,16599,3600,179.95000000000002,829.9000000000001
R005,CNO,T2_SD_CNO,2026_06_21_merged.mat,SAMPLE,1,16600,3601,180.0,829.95
R005,CNO,T2_SD_CNO,2026_06_21_merged.mat,SAMPLE,1,16601,3602,180.05,830.0
R005,CNO,T2_SD_CNO,2026_06_21_merged.mat,SAMPLE,2,16604,3605,180.20000000000002,830.1500000000001
R005,CNO,T2_SD_CNO,2026_06_21_merged.mat,SAMPLE,2,16605,3606,180.25,830.2
R005,CNO,T2_SD_CNO,2026_06_21_merged.mat,SAMPLE,2,16606,3607,180.3,830.25
R005,CNO,T2_SD_CNO,2026_06_21_merged.mat,SAMPLE,2,16607,3608,180.35000000000002,830.3000000000001
R005,CNO,T2_SD_CNO,2026_06_21_merged.mat,SAMPLE,4,16634,3635,181.70000000000002,831.6500000000001
R005,CNO,T2_SD_CNO,2026_06_21_merged.mat,SAMPLE,2,16685,3686,184.25,834.2
R005,CNO,T2_SD_CNO,2026_06_21_merged.mat,SAMPLE,2,16686,3687,184.3,834.25
R005,CNO,T2_SD_CNO,2026_06_21_merged.mat,SAMPLE,2,16687,3688,184.35000000000002,834.3000000000001
R005,CNO,T2_SD_CNO,2026_06_21_merged.mat,SAMPLE,2,16688,3689,184.4,834.35
R005,CNO,T2_SD_CNO,2026_06_21_merged.mat,SAMPLE,2,16690,3691,184.5,834.45
R005,CNO,T2_SD_CNO,2026_06_21_merged.mat,SAMPLE,1,16707,3708,185.35000000000002,835.3000000000001
R005,CNO,T2_SD_CNO,2026_06_21_merged.mat,SAMPLE,3,16726,3727,186.3,836.25
R005,CNO,T2_SD_CNO,2026_06_21_merged.mat,SAMPLE,3,16727,3728,186.35000000000002,836.3000000000001
R005,CNO,T2_SD_CNO,2026_06_21_merged.mat,SAMPLE,3,16748,3749,187.4,837.35
R005,CNO,T2_SD_CNO,2026_06_21_merged.mat,SAMPLE,2,16783,3784,189.15,839.1
R005,CNO,T2_SD_CNO,2026_06_21_merged.mat,SAMPLE,2,16784,3785,189.20000000000002,839.1500000000001
R005,CNO,T2_SD_CNO,2026_06_21_merged.mat,SAMPLE,2,16785,3786,189.25,839.2
R005,CNO,T2_SD_CNO,2026_06_21_merged.mat,SAMPLE,2,16801,3802,190.05,840.0
R005,CNO,T2_SD_CNO,2026_06_21_merged.mat,SAMPLE,2,16802,3803,190.10000000000002,840.0500000000001
R005,CNO,T2_SD_CNO,2026_06_21_merged.mat,SAMPLE,2,16803,3804,190.15,840.1
R005,CNO,T2_SD_CNO,2026_06_21_merged.mat,SAMPLE,2,16804,3805,190.20000000000002,840.1500000000001
R005,CNO,T2_SD_CNO,2026_06_21_merged.mat,SAMPLE,2,16806,3807,190.3,840.25
R005,CNO,T2_SD_CNO,2026_06_21_merged.mat,SAMPLE,2,16811,3812,190.55,840.5
R005,CNO,T2_SD_CNO,2026_06_21_merged.mat,SAMPLE,2,16812,3813,190.60000000000002,840.5500000000001
R005,CNO,T2_SD_CNO,2026_06_21_merged.mat,SAMPLE,2,16813,3814,190.65,840.6
R005,CNO,T2_SD_CNO,2026_06_21_merged.mat,SAMPLE,2,16814,3815,190.70000000000002,840.6500000000001
R005,CNO,T2_SD_CNO,2026_06_21_merged.mat,SAMPLE,2,16815,3816,190.75,840.7
R005,CNO,T2_SD_CNO,2026_06_21_merged.mat,SAMPLE,2,16816,3817,190.8,840.75
R005,CNO,T2_SD_CNO,2026_06_21_merged.mat,SAMPLE,3,16881,3882,194.05,844.0
R005,CNO,T2_SD_CNO,2026_06_21_merged.mat,SAMPLE,3,16896,3897,194.8,844.75
R005,CNO,T2_SD_CNO,2026_06_21_merged.mat,SAMPLE,3,16897,3898,194.85000000000002,844.8000000000001
R005,CNO,T2_SD_CNO,2026_06_21_merged.mat,SAMPLE,3,16911,3912,195.55,845.5
R005,CNO,T2_SD_CNO,2026_06_21_merged.mat,SAMPLE,3,16912,3913,195.60000000000002,845.5500000000001
R005,CNO,T2_SD_CNO,2026_06_21_merged.mat,SAMPLE,2,16955,3956,197.75,847.7
R005,CNO,T2_SD_CNO,2026_06_21_merged.mat,SAMPLE,2,16956,3957,197.8,847.75
R005,CNO,T2_SD_CNO,2026_06_21_merged.mat,SAMPLE,3,16969,3970,198.45000000000002,848.4000000000001
R005,CNO,T2_SD_CNO,2026_06_21_merged.mat,SAMPLE,3,16970,3971,198.5,848.45
R005,CNO,T2_SD_CNO,2026_06_21_merged.mat,SAMPLE,2,17007,4008,200.35000000000002,850.3000000000001
R005,CNO,T2_SD_CNO,2026_06_21_merged.mat,SAMPLE,2,17021,4022,201.05,851.0
R005,CNO,T2_SD_CNO,2026_06_21_merged.mat,SAMPLE,2,17022,4023,201.10000000000002,851.0500000000001
R005,CNO,T2_SD_CNO,2026_06_21_merged.mat,SAMPLE,2,17023,4024,201.15,851.1
R005,CNO,T2_SD_CNO,2026_06_21_merged.mat,SAMPLE,2,17024,4025,201.20000000000002,851.1500000000001
R005,CNO,T2_SD_CNO,2026_06_21_merged.mat,SAMPLE,2,17025,4026,201.25,851.2
R005,CNO,T2_SD_CNO,2026_06_21_merged.mat,SAMPLE,2,17026,4027,201.3,851.25
R005,CNO,T2_SD_CNO,2026_06_21_merged.mat,SAMPLE,2,17027,4028,201.35000000000002,851.3000000000001
R005,CNO,T2_SD_CNO,2026_06_21_merged.mat,SAMPLE,2,17028,4029,201.4,851.35
R005,CNO,T2_SD_CNO,2026_06_21_merged.mat,SAMPLE,2,17029,4030,201.45000000000002,851.4000000000001
R005,CNO,T2_SD_CNO,2026_06_21_merged.mat,SAMPLE,2,17030,4031,201.5,851.45
R005,CNO,T2_SD_CNO,2026_06_21_merged.mat,SAMPLE,2,17031,4032,201.55,851.5
R005,CNO,T2_SD_CNO,2026_06_21_merged.mat,SAMPLE,2,17032,4033,201.60000000000002,851.5500000000001
R005,CNO,T2_SD_CNO,2026_06_21_merged.mat,SAMPLE,2,17033,4034,201.65,851.6
R005,CNO,T2_SD_CNO,2026_06_21_merged.mat,SAMPLE,2,17085,4086,204.25,854.2
R005,CNO,T2_SD_CNO,2026_06_21_merged.mat,SAMPLE,2,17086,4087,204.3,854.25
R005,CNO,T2_SD_CNO,2026_06_21_merged.mat,SAMPLE,2,17087,4088,204.35000000000002,854.3000000000001
R005,CNO,T2_SD_CNO,2026_06_21_merged.mat,SAMPLE,2,17088,4089,204.4,854.35
R005,CNO,T2_SD_CNO,2026_06_21_merged.mat,SAMPLE,2,17089,4090,204.45000000000002,854.4000000000001
R005,CNO,T2_SD_CNO,2026_06_21_merged.mat,SAMPLE,2,17090,4091,204.5,854.45
R005,CNO,T2_SD_CNO,2026_06_21_merged.mat,SAMPLE,2,17091,4092,204.55,854.5
R005,CNO,T2_SD_CNO,2026_06_21_merged.mat,SAMPLE,2,17092,4093,204.60000000000002,854.5500000000001
R005,CNO,T2_SD_CNO,2026_06_21_merged.mat,SAMPLE,2,17093,4094,204.65,854.6
R005,CNO,T2_SD_CNO,2026_06_21_merged.mat,SAMPLE,2,17119,4120,205.95000000000002,855.9000000000001
R005,CNO,T2_SD_CNO,2026_06_21_merged.mat,SAMPLE,2,17120,4121,206.0,855.95
R005,CNO,T2_SD_CNO,2026_06_21_merged.mat,SAMPLE,2,17121,4122,206.05,856.0
R005,CNO,T2_SD_CNO,2026_06_21_merged.mat,SAMPLE,2,17122,4123,206.10000000000002,856.0500000000001
R005,CNO,T2_SD_CNO,2026_06_21_merged.mat,SAMPLE,2,17123,4124,206.15,856.1
R005,CNO,T2_SD_CNO,2026_06_21_merged.mat,SAMPLE,2,17141,4142,207.05,857.0
R005,CNO,T2_SD_CNO,2026_06_21_merged.mat,SAMPLE,2,17142,4143,207.10000000000002,857.0500000000001
R005,CNO,T2_SD_CNO,2026_06_21_merged.mat,SAMPLE,2,17143,4144,207.15,857.1
R005,CNO,T2_SD_CNO,2026_06_21_merged.mat,SAMPLE,2,17144,4145,207.20000000000002,857.1500000000001
R005,CNO,T2_SD_CNO,2026_06_21_merged.mat,SAMPLE,2,17145,4146,207.25,857.2
R005,CNO,T2_SD_CNO,2026_06_21_merged.mat,SAMPLE,2,17146,4147,207.3,857.25
R005,CNO,T2_SD_CNO,2026_06_21_merged.mat,SAMPLE,2,17147,4148,207.35000000000002,857.3000000000001
R005,CNO,T2_SD_CNO,2026_06_21_merged.mat,SAMPLE,2,17240,4241,212.0,861.95
R005,CNO,T2_SD_CNO,2026_06_21_merged.mat,SAMPLE,2,17241,4242,212.05,862.0
R005,CNO,T2_SD_CNO,2026_06_21_merged.mat,SAMPLE,2,17242,4243,212.10000000000002,862.0500000000001
R005,CNO,T2_SD_CNO,2026_06_21_merged.mat,SAMPLE,2,17243,4244,212.15,862.1
R005,CNO,T2_SD_CNO,2026_06_21_merged.mat,SAMPLE,2,17244,4245,212.20000000000002,862.1500000000001
R005,CNO,T2_SD_CNO,2026_06_21_merged.mat,SAMPLE,2,17245,4246,212.25,862.2
R005,CNO,T2_SD_CNO,2026_06_21_merged.mat,SAMPLE,2,17246,4247,212.3,862.25
R005,CNO,T2_SD_CNO,2026_06_21_merged.mat,SAMPLE,2,17247,4248,212.35000000000002,862.3000000000001
R005,CNO,T2_SD_CNO,2026_06_21_merged.mat,SAMPLE,2,17267,4268,213.35000000000002,863.3000000000001
R005,CNO,T2_SD_CNO,2026_06_21_merged.mat,SAMPLE,2,17276,4277,213.8,863.75
R005,CNO,T2_SD_CNO,2026_06_21_merged.mat,SAMPLE,2,17277,4278,213.85000000000002,863.8000000000001
R005,CNO,T2_SD_CNO,2026_06_21_merged.mat,SAMPLE,2,17278,4279,213.9,863.85
R005,CNO,T2_SD_CNO,2026_06_21_merged.mat,SAMPLE,2,17279,4280,213.95000000000002,863.9000000000001
R005,CNO,T2_SD_CNO,2026_06_21_merged.mat,SAMPLE,2,17290,4291,214.5,864.45
R005,CNO,T2_SD_CNO,2026_06_21_merged.mat,SAMPLE,2,17291,4292,214.55,864.5
R005,CNO,T2_SD_CNO,2026_06_21_merged.mat,SAMPLE,2,17292,4293,214.60000000000002,864.5500000000001
R005,CNO,T2_SD_CNO,2026_06_21_merged.mat,SAMPLE,2,17321,4322,216.05,866.0
R005,CNO,T2_SD_CNO,2026_06_21_merged.mat,SAMPLE,2,17322,4323,216.10000000000002,866.0500000000001
R005,CNO,T2_SD_CNO,2026_06_21_merged.mat,SAMPLE,2,17323,4324,216.15,866.1
R005,CNO,T2_SD_CNO,2026_06_21_merged.mat,SAMPLE,2,17324,4325,216.20000000000002,866.1500000000001
R005,CNO,T2_SD_CNO,2026_06_21_merged.mat,SAMPLE,2,17325,4326,216.25,866.2
R005,CNO,T2_SD_CNO,2026_06_21_merged.mat,SAMPLE,2,17326,4327,216.3,866.25
R005,CNO,T2_SD_CNO,2026_06_21_merged.mat,SAMPLE,2,17328,4329,216.4,866.35
R005,CNO,T2_SD_CNO,2026_06_21_merged.mat,SAMPLE,2,17329,4330,216.45000000000002,866.4000000000001
R005,CNO,T2_SD_CNO,2026_06_21_merged.mat,SAMPLE,2,17330,4331,216.5,866.45
R005,CNO,T2_SD_CNO,2026_06_21_merged.mat,SAMPLE,2,17331,4332,216.55,866.5
R005,CNO,T2_SD_CNO,2026_06_21_merged.mat,SAMPLE,2,17332,4333,216.60000000000002,866.5500000000001
R005,CNO,T2_SD_CNO,2026_06_21_merged.mat,SAMPLE,3,17340,4341,217.0,866.95
R005,CNO,T2_SD_CNO,2026_06_21_merged.mat,SAMPLE,2,17394,4395,219.70000000000002,869.6500000000001
R005,CNO,T2_SD_CNO,2026_06_21_merged.mat,SAMPLE,2,17395,4396,219.75,869.7
R005,CNO,T2_SD_CNO,2026_06_21_merged.mat,SAMPLE,2,17396,4397,219.8,869.75
R005,CNO,T2_SD_CNO,2026_06_21_merged.mat,SAMPLE,2,17397,4398,219.85000000000002,869.8000000000001
R005,CNO,T2_SD_CNO,2026_06_21_merged.mat,SAMPLE,2,17398,4399,219.9,869.85
R005,CNO,T2_SD_CNO,2026_06_21_merged.mat,SAMPLE,2,17399,4400,219.95000000000002,869.9000000000001
R005,CNO,T2_SD_CNO,2026_06_21_merged.mat,SAMPLE,2,17404,4405,220.20000000000002,870.1500000000001
R005,CNO,T2_SD_CNO,2026_06_21_merged.mat,SAMPLE,2,17405,4406,220.25,870.2
R005,CNO,T2_SD_CNO,2026_06_21_merged.mat,SAMPLE,3,17414,4415,220.70000000000002,870.6500000000001
R005,CNO,T2_SD_CNO,2026_06_21_merged.mat,SAMPLE,3,17416,4417,220.8,870.75
R005,CNO,T2_SD_CNO,2026_06_21_merged.mat,SAMPLE,1,17456,4457,222.8,872.75
R005,CNO,T2_SD_CNO,2026_06_21_merged.mat,SAMPLE,2,17458,4459,222.9,872.85
R005,CNO,T2_SD_CNO,2026_06_21_merged.mat,SAMPLE,2,17459,4460,222.95000000000002,872.9000000000001
R005,CNO,T2_SD_CNO,2026_06_21_merged.mat,SAMPLE,2,17460,4461,223.0,872.95
R005,CNO,T2_SD_CNO,2026_06_21_merged.mat,SAMPLE,2,17461,4462,223.05,873.0
R005,CNO,T2_SD_CNO,2026_06_21_merged.mat,SAMPLE,3,17481,4482,224.05,874.0
R005,CNO,T2_SD_CNO,2026_06_21_merged.mat,SAMPLE,3,17482,4483,224.10000000000002,874.0500000000001
R005,CNO,T2_SD_CNO,2026_06_21_merged.mat,SAMPLE,2,17525,4526,226.25,876.2
R005,CNO,T2_SD_CNO,2026_06_21_merged.mat,SAMPLE,2,17559,4560,227.95000000000002,877.9000000000001
R005,CNO,T2_SD_CNO,2026_06_21_merged.mat,SAMPLE,3,17572,4573,228.60000000000002,878.5500000000001
R005,CNO,T2_SD_CNO,2026_06_21_merged.mat,SAMPLE,3,17573,4574,228.65,878.6
R005,CNO,T2_SD_CNO,2026_06_21_merged.mat,SAMPLE,3,17574,4575,228.70000000000002,878.6500000000001
R005,CNO,T2_SD_CNO,2026_06_21_merged.mat,SAMPLE,3,17575,4576,228.75,878.7
R005,CNO,T2_SD_CNO,2026_06_21_merged.mat,SAMPLE,3,17576,4577,228.8,878.75
R005,CNO,T2_SD_CNO,2026_06_21_merged.mat,SAMPLE,3,17577,4578,228.85000000000002,878.8000000000001
R005,CNO,T2_SD_CNO,2026_06_21_merged.mat,SAMPLE,3,17578,4579,228.9,878.85
R005,CNO,T2_SD_CNO,2026_06_21_merged.mat,SAMPLE,2,17593,4594,229.65,879.6
R005,CNO,T2_SD_CNO,2026_06_21_merged.mat,SAMPLE,2,17602,4603,230.10000000000002,880.0500000000001
R005,CNO,T2_SD_CNO,2026_06_21_merged.mat,SAMPLE,2,17603,4604,230.15,880.1
R005,CNO,T2_SD_CNO,2026_06_21_merged.mat,SAMPLE,2,17604,4605,230.20000000000002,880.1500000000001
R005,CNO,T2_SD_CNO,2026_06_21_merged.mat,SAMPLE,2,17605,4606,230.25,880.2
R005,CNO,T2_SD_CNO,2026_06_21_merged.mat,SAMPLE,3,17613,4614,230.65,880.6
R005,CNO,T2_SD_CNO,2026_06_21_merged.mat,SAMPLE,3,17614,4615,230.70000000000002,880.6500000000001
R005,CNO,T2_SD_CNO,2026_06_21_merged.mat,SAMPLE,3,17785,4786,239.25,889.2
R005,CNO,T2_SD_CNO,2026_06_21_merged.mat,SAMPLE,3,17786,4787,239.3,889.25
R005,CNO,T2_SD_CNO,2026_06_21_merged.mat,SAMPLE,3,17787,4788,239.35000000000002,889.3000000000001
R005,CNO,T2_SD_CNO,2026_06_21_merged.mat,SAMPLE,2,17814,4815,240.70000000000002,890.6500000000001
R005,CNO,T2_SD_CNO,2026_06_21_merged.mat,SAMPLE,2,17815,4816,240.75,890.7
R005,CNO,T2_SD_CNO,2026_06_21_merged.mat,SAMPLE,2,17816,4817,240.8,890.75
R005,CNO,T2_SD_CNO,2026_06_21_merged.mat,SAMPLE,2,17817,4818,240.85000000000002,890.8000000000001
R005,CNO,T2_SD_CNO,2026_06_21_merged.mat,SAMPLE,2,17818,4819,240.9,890.85
R005,CNO,T2_SD_CNO,2026_06_21_merged.mat,SAMPLE,1,17820,4821,241.0,890.95
R005,CNO,T2_SD_CNO,2026_06_21_merged.mat,SAMPLE,1,17821,4822,241.05,891.0
R005,CNO,T2_SD_CNO,2026_06_21_merged.mat,SAMPLE,2,17825,4826,241.25,891.2
R005,CNO,T2_SD_CNO,2026_06_21_merged.mat,SAMPLE,2,17827,4828,241.35000000000002,891.3000000000001
R005,CNO,T2_SD_CNO,2026_06_21_merged.mat,SAMPLE,2,17836,4837,241.8,891.75
R005,CNO,T2_SD_CNO,2026_06_21_merged.mat,SAMPLE,2,17837,4838,241.85000000000002,891.8000000000001
R005,CNO,T2_SD_CNO,2026_06_21_merged.mat,SAMPLE,2,17838,4839,241.9,891.85
R005,CNO,T2_SD_CNO,2026_06_21_merged.mat,SAMPLE,2,17839,4840,241.95000000000002,891.9000000000001
R005,CNO,T2_SD_CNO,2026_06_21_merged.mat,SAMPLE,2,17840,4841,242.0,891.95
R005,CNO,T2_SD_CNO,2026_06_21_merged.mat,SAMPLE,2,17841,4842,242.05,892.0
R005,CNO,T2_SD_CNO,2026_06_21_merged.mat,SAMPLE,2,17842,4843,242.10000000000002,892.0500000000001
R005,CNO,T2_SD_CNO,2026_06_21_merged.mat,SAMPLE,2,17848,4849,242.4,892.35
R005,CNO,T2_SD_CNO,2026_06_21_merged.mat,SAMPLE,2,17849,4850,242.45000000000002,892.4000000000001
R005,CNO,T2_SD_CNO,2026_06_21_merged.mat,SAMPLE,3,17866,4867,243.3,893.25
R005,CNO,T2_SD_CNO,2026_06_21_merged.mat,SAMPLE,3,17867,4868,243.35000000000002,893.3000000000001
R005,CNO,T2_SD_CNO,2026_06_21_merged.mat,SAMPLE,3,17868,4869,243.4,893.35
R005,CNO,T2_SD_CNO,2026_06_21_merged.mat,SAMPLE,2,17939,4940,246.95000000000002,896.9000000000001
R005,CNO,T2_SD_CNO,2026_06_21_merged.mat,SAMPLE,2,17940,4941,247.0,896.95
R005,CNO,T2_SD_CNO,2026_06_21_merged.mat,SAMPLE,2,17941,4942,247.05,897.0
R005,CNO,T2_SD_CNO,2026_06_21_merged.mat,SAMPLE,2,17942,4943,247.10000000000002,897.0500000000001
R005,CNO,T2_SD_CNO,2026_06_21_merged.mat,SAMPLE,2,17943,4944,247.15,897.1
R005,CNO,T2_SD_CNO,2026_06_21_merged.mat,SAMPLE,2,17944,4945,247.20000000000002,897.1500000000001
R005,CNO,T2_SD_CNO,2026_06_21_merged.mat,SAMPLE,4,18034,5035,251.70000000000002,901.6500000000001
R005,CNO,T2_SD_CNO,2026_06_21_merged.mat,SAMPLE,3,18035,5036,251.75,901.7
R005,CNO,T2_SD_CNO,2026_06_21_merged.mat,SAMPLE,3,18036,5037,251.8,901.75
R005,CNO,T2_SD_CNO,2026_06_21_merged.mat,SAMPLE,3,18037,5038,251.85000000000002,901.8000000000001
R005,CNO,T2_SD_CNO,2026_06_21_merged.mat,SAMPLE,3,18038,5039,251.9,901.85
R005,CNO,T2_SD_CNO,2026_06_21_merged.mat,SAMPLE,3,18039,5040,251.95000000000002,901.9000000000001
R005,CNO,T2_SD_CNO,2026_06_21_merged.mat,SAMPLE,3,18040,5041,252.0,901.95
R005,CNO,T2_SD_CNO,2026_06_21_merged.mat,SAMPLE,3,18041,5042,252.05,902.0
R005,CNO,T2_SD_CNO,2026_06_21_merged.mat,SAMPLE,3,18042,5043,252.10000000000002,902.0500000000001
R005,CNO,T2_SD_CNO,2026_06_21_merged.mat,SAMPLE,3,18043,5044,252.15,902.1
R005,CNO,T2_SD_CNO,2026_06_21_merged.mat,SAMPLE,3,18045,5046,252.25,902.2
R005,CNO,T2_SD_CNO,2026_06_21_merged.mat,SAMPLE,3,18046,5047,252.3,902.25
R005,CNO,T2_SD_CNO,2026_06_21_merged.mat,SAMPLE,4,18047,5048,252.35000000000002,902.3000000000001
R005,CNO,T2_SD_CNO,2026_06_21_merged.mat,SAMPLE,3,18057,5058,252.85000000000002,902.8000000000001
R005,CNO,T2_SD_CNO,2026_06_21_merged.mat,SAMPLE,3,18058,5059,252.9,902.85
R005,CNO,T2_SD_CNO,2026_06_21_merged.mat,SAMPLE,2,18081,5082,254.05,904.0
R005,CNO,T2_SD_CNO,2026_06_21_merged.mat,SAMPLE,2,18082,5083,254.10000000000002,904.0500000000001
R005,CNO,T2_SD_CNO,2026_06_21_merged.mat,SAMPLE,2,18083,5084,254.15,904.1
R005,CNO,T2_SD_CNO,2026_06_21_merged.mat,SAMPLE,2,18084,5085,254.20000000000002,904.1500000000001
R005,CNO,T2_SD_CNO,2026_06_21_merged.mat,SAMPLE,2,18085,5086,254.25,904.2
R005,CNO,T2_SD_CNO,2026_06_21_merged.mat,SAMPLE,3,18117,5118,255.85000000000002,905.8000000000001
R005,CNO,T2_SD_CNO,2026_06_21_merged.mat,SAMPLE,3,18119,5120,255.95000000000002,905.9000000000001
R005,CNO,T2_SD_CNO,2026_06_21_merged.mat,SAMPLE,3,18141,5142,257.05,907.0
R005,CNO,T2_SD_CNO,2026_06_21_merged.mat,SAMPLE,3,18142,5143,257.1,907.0500000000001
R005,CNO,T2_SD_CNO,2026_06_21_merged.mat,SAMPLE,3,18143,5144,257.15000000000003,907.1000000000001
R005,CNO,T2_SD_CNO,2026_06_21_merged.mat,SAMPLE,3,18213,5214,260.65000000000003,910.6000000000001
R005,CNO,T2_SD_CNO,2026_06_21_merged.mat,SAMPLE,3,18214,5215,260.7,910.6500000000001
R005,CNO,T2_SD_CNO,2026_06_21_merged.mat,SAMPLE,1,18351,5352,267.55,917.5
R005,CNO,T2_SD_CNO,2026_06_21_merged.mat,SAMPLE,2,18352,5353,267.6,917.5500000000001
R005,CNO,T2_SD_CNO,2026_06_21_merged.mat,SAMPLE,2,18353,5354,267.65000000000003,917.6000000000001
R005,CNO,T2_SD_CNO,2026_06_21_merged.mat,SAMPLE,2,18354,5355,267.7,917.6500000000001
R005,CNO,T2_SD_CNO,2026_06_21_merged.mat,SAMPLE,2,18355,5356,267.75,917.7
R005,CNO,T2_SD_CNO,2026_06_21_merged.mat,SAMPLE,2,18356,5357,267.8,917.75
R005,CNO,T2_SD_CNO,2026_06_21_merged.mat,SAMPLE,2,18357,5358,267.85,917.8000000000001
R005,CNO,T2_SD_CNO,2026_06_21_merged.mat,SAMPLE,2,18358,5359,267.90000000000003,917.8500000000001
R005,CNO,T2_SD_CNO,2026_06_21_merged.mat,SAMPLE,2,18359,5360,267.95,917.9000000000001
R005,CNO,T2_SD_CNO,2026_06_21_merged.mat,SAMPLE,2,18361,5362,268.05,918.0
R005,CNO,T2_SD_CNO,2026_06_21_merged.mat,SAMPLE,2,18373,5374,268.65000000000003,918.6000000000001
R005,CNO,T2_SD_CNO,2026_06_21_merged.mat,SAMPLE,2,18374,5375,268.7,918.6500000000001
R005,CNO,T2_SD_CNO,2026_06_21_merged.mat,SAMPLE,3,18383,5384,269.15000000000003,919.1000000000001
R005,CNO,T2_SD_CNO,2026_06_21_merged.mat,SAMPLE,3,18384,5385,269.2,919.1500000000001
R005,CNO,T2_SD_CNO,2026_06_21_merged.mat,SAMPLE,3,18385,5386,269.25,919.2
R005,CNO,T2_SD_CNO,2026_06_21_merged.mat,SAMPLE,2,18398,5399,269.90000000000003,919.8500000000001
R005,CNO,T2_SD_CNO,2026_06_21_merged.mat,SAMPLE,2,18441,5442,272.05,922.0
R005,CNO,T2_SD_CNO,2026_06_21_merged.mat,SAMPLE,3,18463,5464,273.15000000000003,923.1000000000001
R005,CNO,T2_SD_CNO,2026_06_21_merged.mat,SAMPLE,2,18496,5497,274.8,924.75
R005,CNO,T2_SD_CNO,2026_06_21_merged.mat,SAMPLE,2,18497,5498,274.85,924.8000000000001
R005,CNO,T2_SD_CNO,2026_06_21_merged.mat,SAMPLE,2,18498,5499,274.90000000000003,924.8500000000001
R005,CNO,T2_SD_CNO,2026_06_21_merged.mat,SAMPLE,2,18499,5500,274.95,924.9000000000001
R005,CNO,T2_SD_CNO,2026_06_21_merged.mat,SAMPLE,2,18500,5501,275.0,924.95
R005,CNO,T2_SD_CNO,2026_06_21_merged.mat,SAMPLE,2,18501,5502,275.05,925.0
R005,CNO,T2_SD_CNO,2026_06_21_merged.mat,SAMPLE,2,18505,5506,275.25,925.2
R005,CNO,T2_SD_CNO,2026_06_21_merged.mat,SAMPLE,2,18533,5534,276.65000000000003,926.6000000000001
R005,CNO,T2_SD_CNO,2026_06_21_merged.mat,SAMPLE,3,18543,5544,277.15000000000003,927.1000000000001
R005,CNO,T2_SD_CNO,2026_06_21_merged.mat,SAMPLE,3,18564,5565,278.2,928.1500000000001
R005,CNO,T2_SD_CNO,2026_06_21_merged.mat,SAMPLE,3,18565,5566,278.25,928.2
R005,CNO,T2_SD_CNO,2026_06_21_merged.mat,SAMPLE,3,18566,5567,278.3,928.25
R005,CNO,T2_SD_CNO,2026_06_21_merged.mat,SAMPLE,2,18600,5601,280.0,929.95
R005,CNO,T2_SD_CNO,2026_06_21_merged.mat,SAMPLE,2,18601,5602,280.05,930.0
R005,CNO,T2_SD_CNO,2026_06_21_merged.mat,SAMPLE,2,18602,5603,280.1,930.0500000000001
R005,CNO,T2_SD_CNO,2026_06_21_merged.mat,SAMPLE,2,18603,5604,280.15000000000003,930.1000000000001
R005,CNO,T2_SD_CNO,2026_06_21_merged.mat,SAMPLE,2,18604,5605,280.2,930.1500000000001
R005,CNO,T2_SD_CNO,2026_06_21_merged.mat,SAMPLE,2,18605,5606,280.25,930.2
R005,CNO,T2_SD_CNO,2026_06_21_merged.mat,SAMPLE,2,18606,5607,280.3,930.25
R005,CNO,T2_SD_CNO,2026_06_21_merged.mat,SAMPLE,2,18617,5618,280.85,930.8000000000001
R005,CNO,T2_SD_CNO,2026_06_21_merged.mat,SAMPLE,2,18618,5619,280.90000000000003,930.8500000000001
R005,CNO,T2_SD_CNO,2026_06_21_merged.mat,SAMPLE,2,18619,5620,280.95,930.9000000000001
R005,CNO,T2_SD_CNO,2026_06_21_merged.mat,SAMPLE,2,18620,5621,281.0,930.95
R005,CNO,T2_SD_CNO,2026_06_21_merged.mat,SAMPLE,2,18652,5653,282.6,932.5500000000001
R005,CNO,T2_SD_CNO,2026_06_21_merged.mat,SAMPLE,2,18653,5654,282.65000000000003,932.6000000000001
R005,CNO,T2_SD_CNO,2026_06_21_merged.mat,SAMPLE,2,18663,5664,283.15000000000003,933.1000000000001
R005,CNO,T2_SD_CNO,2026_06_21_merged.mat,SAMPLE,2,18664,5665,283.2,933.1500000000001
R005,CNO,T2_SD_CNO,2026_06_21_merged.mat,SAMPLE,2,18665,5666,283.25,933.2
R005,CNO,T2_SD_CNO,2026_06_21_merged.mat,SAMPLE,2,18666,5667,283.3,933.25
R005,CNO,T2_SD_CNO,2026_06_21_merged.mat,SAMPLE,2,18687,5688,284.35,934.3000000000001
R005,CNO,T2_SD_CNO,2026_06_21_merged.mat,SAMPLE,2,18688,5689,284.40000000000003,934.3500000000001
R005,CNO,T2_SD_CNO,2026_06_21_merged.mat,SAMPLE,2,18689,5690,284.45,934.4000000000001
R005,CNO,T2_SD_CNO,2026_06_21_merged.mat,SAMPLE,2,18690,5691,284.5,934.45
R005,CNO,T2_SD_CNO,2026_06_21_merged.mat,SAMPLE,2,18691,5692,284.55,934.5
R005,CNO,T2_SD_CNO,2026_06_21_merged.mat,SAMPLE,2,18692,5693,284.6,934.5500000000001
R005,CNO,T2_SD_CNO,2026_06_21_merged.mat,SAMPLE,4,18706,5707,285.3,935.25
R005,CNO,T2_SD_CNO,2026_06_21_merged.mat,SAMPLE,4,18707,5708,285.35,935.3000000000001
R005,CNO,T2_SD_CNO,2026_06_21_merged.mat,SAMPLE,4,18708,5709,285.40000000000003,935.3500000000001
R005,CNO,T2_SD_CNO,2026_06_21_merged.mat,SAMPLE,3,18709,5710,285.45,935.4000000000001
R005,CNO,T2_SD_CNO,2026_06_21_merged.mat,SAMPLE,3,18710,5711,285.5,935.45
R005,CNO,T2_SD_CNO,2026_06_21_merged.mat,SAMPLE,2,18752,5753,287.6,937.5500000000001
R005,CNO,T2_SD_CNO,2026_06_21_merged.mat,SAMPLE,2,18754,5755,287.7,937.6500000000001
R005,CNO,T2_SD_CNO,2026_06_21_merged.mat,SAMPLE,2,18755,5756,287.75,937.7
R005,CNO,T2_SD_CNO,2026_06_21_merged.mat,SAMPLE,2,18757,5758,287.85,937.8000000000001
R005,CNO,T2_SD_CNO,2026_06_21_merged.mat,SAMPLE,2,18758,5759,287.90000000000003,937.8500000000001
R005,CNO,T2_SD_CNO,2026_06_21_merged.mat,SAMPLE,2,18759,5760,287.95,937.9000000000001
R005,CNO,T2_SD_CNO,2026_06_21_merged.mat,SAMPLE,2,18760,5761,288.0,937.95
R005,CNO,T2_SD_CNO,2026_06_21_merged.mat,SAMPLE,2,18761,5762,288.05,938.0
R005,CNO,T2_SD_CNO,2026_06_21_merged.mat,SAMPLE,2,18762,5763,288.1,938.0500000000001
R005,CNO,T2_SD_CNO,2026_06_21_merged.mat,SAMPLE,2,18763,5764,288.15000000000003,938.1000000000001
R005,CNO,T2_SD_CNO,2026_06_21_merged.mat,SAMPLE,3,18780,5781,289.0,938.95
R005,CNO,T2_SD_CNO,2026_06_21_merged.mat,SAMPLE,2,18806,5807,290.3,940.25
R005,CNO,T2_SD_CNO,2026_06_21_merged.mat,SAMPLE,2,18830,5831,291.5,941.45
R005,CNO,T2_SD_CNO,2026_06_21_merged.mat,SAMPLE,2,18831,5832,291.55,941.5
R005,CNO,T2_SD_CNO,2026_06_21_merged.mat,SAMPLE,2,18832,5833,291.6,941.5500000000001
R005,CNO,T2_SD_CNO,2026_06_21_merged.mat,SAMPLE,2,18833,5834,291.65000000000003,941.6000000000001
R005,CNO,T2_SD_CNO,2026_06_21_merged.mat,SAMPLE,2,18834,5835,291.7,941.6500000000001
R005,CNO,T2_SD_CNO,2026_06_21_merged.mat,SAMPLE,2,18835,5836,291.75,941.7
R005,CNO,T2_SD_CNO,2026_06_21_merged.mat,SAMPLE,2,18836,5837,291.8,941.75
R005,CNO,T2_SD_CNO,2026_06_21_merged.mat,SAMPLE,3,18853,5854,292.65000000000003,942.6000000000001
R005,CNO,T2_SD_CNO,2026_06_21_merged.mat,SAMPLE,2,18948,5949,297.40000000000003,947.3500000000001
R005,CNO,T2_SD_CNO,2026_06_21_merged.mat,SAMPLE,2,18949,5950,297.45,947.4000000000001
R005,CNO,T2_SD_CNO,2026_06_21_merged.mat,SAMPLE,2,18950,5951,297.5,947.45
R005,CNO,T2_SD_CNO,2026_06_21_merged.mat,SAMPLE,2,18951,5952,297.55,947.5
R005,CNO,T2_SD_CNO,2026_06_21_merged.mat,SAMPLE,2,18952,5953,297.6,947.5500000000001
R005,CNO,T2_SD_CNO,2026_06_21_merged.mat,SAMPLE,2,18953,5954,297.65000000000003,947.6000000000001
R005,CNO,T2_SD_CNO,2026_06_21_merged.mat,SAMPLE,2,18954,5955,297.7,947.6500000000001
R005,CNO,T2_SD_CNO,2026_06_21_merged.mat,SAMPLE,1,18963,5964,298.15000000000003,948.1000000000001
R005,CNO,T2_SD_CNO,2026_06_21_merged.mat,SAMPLE,1,18964,5965,298.2,948.1500000000001
R005,CNO,T2_SD_CNO,2026_06_21_merged.mat,SAMPLE,1,18965,5966,298.25,948.2
R005,CNO,T2_SD_CNO,2026_06_21_merged.mat,SAMPLE,1,18966,5967,298.3,948.25
R005,CNO,T2_SD_CNO,2026_06_21_merged.mat,SAMPLE,1,18967,5968,298.35,948.3000000000001
R005,CNO,T2_SD_CNO,2026_06_21_merged.mat,SAMPLE,2,18970,5971,298.5,948.45
R005,CNO,T2_SD_CNO,2026_06_21_merged.mat,SAMPLE,2,18971,5972,298.55,948.5
R005,CNO,T2_SD_CNO,2026_06_21_merged.mat,SAMPLE,2,18972,5973,298.6,948.5500000000001
R005,CNO,T2_SD_CNO,2026_06_21_merged.mat,SAMPLE,2,18973,5974,298.65000000000003,948.6000000000001
R005,CNO,T2_SD_CNO,2026_06_21_merged.mat,SAMPLE,2,18974,5975,298.7,948.6500000000001
R005,CNO,T2_SD_CNO,2026_06_21_merged.mat,SAMPLE,2,18975,5976,298.75,948.7
R005,CNO,T2_SD_CNO,2026_06_21_merged.mat,SAMPLE,2,18976,5977,298.8,948.75
R005,CNO,T2_SD_CNO,2026_06_21_merged.mat,SAMPLE,2,18979,5980,298.95,948.9000000000001
R005,CNO,T2_SD_CNO,2026_06_21_merged.mat,SAMPLE,2,18980,5981,299.0,948.95
R005,CNO,T2_SD_CNO,2026_06_21_merged.mat,SAMPLE,2,18981,5982,299.05,949.0
R005,CNO,T2_SD_CNO,2026_06_21_merged.mat,SAMPLE,2,18982,5983,299.1,949.0500000000001
R005,CNO,T2_SD_CNO,2026_06_21_merged.mat,SAMPLE,2,19002,6003,300.1,950.0500000000001
R005,CNO,T2_SD_CNO,2026_06_21_merged.mat,SAMPLE,2,19003,6004,300.15000000000003,950.1000000000001
R005,CNO,T2_SD_CNO,2026_06_21_merged.mat,SAMPLE,2,19004,6005,300.2,950.1500000000001
R005,CNO,T2_SD_CNO,2026_06_21_merged.mat,SAMPLE,2,19016,6017,300.8,950.75
R005,CNO,T2_SD_CNO,2026_06_21_merged.mat,SAMPLE,2,19017,6018,300.85,950.8000000000001
R005,CNO,T2_SD_CNO,2026_06_21_merged.mat,SAMPLE,2,19018,6019,300.90000000000003,950.8500000000001
R005,CNO,T2_SD_CNO,2026_06_21_merged.mat,SAMPLE,2,19033,6034,301.65000000000003,951.6000000000001
R005,CNO,T2_SD_CNO,2026_06_21_merged.mat,SAMPLE,2,19034,6035,301.7,951.6500000000001
R005,CNO,T2_SD_CNO,2026_06_21_merged.mat,SAMPLE,2,19035,6036,301.75,951.7
R005,CNO,T2_SD_CNO,2026_06_21_merged.mat,SAMPLE,2,19036,6037,301.8,951.75
R005,CNO,T2_SD_CNO,2026_06_21_merged.mat,SAMPLE,2,19037,6038,301.85,951.8000000000001
R005,CNO,T2_SD_CNO,2026_06_21_merged.mat,SAMPLE,2,19038,6039,301.90000000000003,951.8500000000001
R005,CNO,T2_SD_CNO,2026_06_21_merged.mat,SAMPLE,2,19039,6040,301.95,951.9000000000001
R005,CNO,T2_SD_CNO,2026_06_21_merged.mat,SAMPLE,2,19040,6041,302.0,951.95
R005,CNO,T2_SD_CNO,2026_06_21_merged.mat,SAMPLE,2,19041,6042,302.05,952.0
R005,CNO,T2_SD_CNO,2026_06_21_merged.mat,SAMPLE,2,19042,6043,302.1,952.0500000000001
R005,CNO,T2_SD_CNO,2026_06_21_merged.mat,SAMPLE,3,19060,6061,303.0,952.95
R005,CNO,T2_SD_CNO,2026_06_21_merged.mat,SAMPLE,3,19061,6062,303.05,953.0
R005,CNO,T2_SD_CNO,2026_06_21_merged.mat,SAMPLE,3,19062,6063,303.1,953.0500000000001
R005,CNO,T2_SD_CNO,2026_06_21_merged.mat,SAMPLE,3,19063,6064,303.15000000000003,953.1000000000001
R005,CNO,T2_SD_CNO,2026_06_21_merged.mat,SAMPLE,3,19064,6065,303.2,953.1500000000001
R005,CNO,T2_SD_CNO,2026_06_21_merged.mat,SAMPLE,2,19116,6117,305.8,955.75
R005,CNO,T2_SD_CNO,2026_06_21_merged.mat,SAMPLE,2,19117,6118,305.85,955.8000000000001
R005,CNO,T2_SD_CNO,2026_06_21_merged.mat,SAMPLE,2,19118,6119,305.90000000000003,955.8500000000001
R005,CNO,T2_SD_CNO,2026_06_21_merged.mat,SAMPLE,2,19126,6127,306.3,956.25
R005,CNO,T2_SD_CNO,2026_06_21_merged.mat,SAMPLE,2,19127,6128,306.35,956.3000000000001
R005,CNO,T2_SD_CNO,2026_06_21_merged.mat,SAMPLE,2,19138,6139,306.90000000000003,956.8500000000001
R005,CNO,T2_SD_CNO,2026_06_21_merged.mat,SAMPLE,2,19139,6140,306.95,956.9000000000001
R005,CNO,T2_SD_CNO,2026_06_21_merged.mat,SAMPLE,2,19140,6141,307.0,956.95
R005,CNO,T2_SD_CNO,2026_06_21_merged.mat,SAMPLE,2,19141,6142,307.05,957.0
R005,CNO,T2_SD_CNO,2026_06_21_merged.mat,SAMPLE,2,19153,6154,307.65000000000003,957.6000000000001
R005,CNO,T2_SD_CNO,2026_06_21_merged.mat,SAMPLE,2,19178,6179,308.90000000000003,958.8500000000001
R005,CNO,T2_SD_CNO,2026_06_21_merged.mat,SAMPLE,2,19179,6180,308.95000000000005,958.9000000000001
R005,CNO,T2_SD_CNO,2026_06_21_merged.mat,SAMPLE,2,19181,6182,309.05,959.0
R005,CNO,T2_SD_CNO,2026_06_21_merged.mat,SAMPLE,2,19182,6183,309.1,959.0500000000001
R005,CNO,T2_SD_CNO,2026_06_21_merged.mat,SAMPLE,2,19191,6192,309.55,959.5
R005,CNO,T2_SD_CNO,2026_06_21_merged.mat,SAMPLE,2,19220,6221,311.0,960.95
R005,CNO,T2_SD_CNO,2026_06_21_merged.mat,SAMPLE,2,19221,6222,311.05,961.0
R005,CNO,T2_SD_CNO,2026_06_21_merged.mat,SAMPLE,2,19222,6223,311.1,961.0500000000001
R005,CNO,T2_SD_CNO,2026_06_21_merged.mat,SAMPLE,2,19223,6224,311.15000000000003,961.1000000000001
R005,CNO,T2_SD_CNO,2026_06_21_merged.mat,SAMPLE,2,19224,6225,311.20000000000005,961.1500000000001
R005,CNO,T2_SD_CNO,2026_06_21_merged.mat,SAMPLE,1,19225,6226,311.25,961.2
R005,CNO,T2_SD_CNO,2026_06_21_merged.mat,SAMPLE,2,19299,6300,314.95000000000005,964.9000000000001
R005,CNO,T2_SD_CNO,2026_06_21_merged.mat,SAMPLE,2,19300,6301,315.0,964.95
R005,CNO,T2_SD_CNO,2026_06_21_merged.mat,SAMPLE,2,19301,6302,315.05,965.0
R005,CNO,T2_SD_CNO,2026_06_21_merged.mat,SAMPLE,2,19302,6303,315.1,965.0500000000001
R005,CNO,T2_SD_CNO,2026_06_21_merged.mat,SAMPLE,2,19303,6304,315.15000000000003,965.1000000000001
R005,CNO,T2_SD_CNO,2026_06_21_merged.mat,SAMPLE,2,19304,6305,315.20000000000005,965.1500000000001
R005,CNO,T2_SD_CNO,2026_06_21_merged.mat,SAMPLE,2,19305,6306,315.25,965.2
R005,CNO,T2_SD_CNO,2026_06_21_merged.mat,SAMPLE,2,19306,6307,315.3,965.25
R005,CNO,T2_SD_CNO,2026_06_21_merged.mat,SAMPLE,3,19352,6353,317.6,967.5500000000001
R005,CNO,T2_SD_CNO,2026_06_21_merged.mat,SAMPLE,3,19353,6354,317.65000000000003,967.6000000000001
R005,CNO,T2_SD_CNO,2026_06_21_merged.mat,SAMPLE,3,19354,6355,317.70000000000005,967.6500000000001
R005,CNO,T2_SD_CNO,2026_06_21_merged.mat,SAMPLE,4,19355,6356,317.75,967.7
R005,CNO,T2_SD_CNO,2026_06_21_merged.mat,SAMPLE,2,19377,6378,318.85,968.8000000000001
R005,CNO,T2_SD_CNO,2026_06_21_merged.mat,SAMPLE,2,19378,6379,318.90000000000003,968.8500000000001
R005,CNO,T2_SD_CNO,2026_06_21_merged.mat,SAMPLE,2,19379,6380,318.95000000000005,968.9000000000001
R005,CNO,T2_SD_CNO,2026_06_21_merged.mat,SAMPLE,2,19380,6381,319.0,968.95
R005,CNO,T2_SD_CNO,2026_06_21_merged.mat,SAMPLE,2,19413,6414,320.65000000000003,970.6000000000001
R005,CNO,T2_SD_CNO,2026_06_21_merged.mat,SAMPLE,2,19414,6415,320.70000000000005,970.6500000000001
R005,CNO,T2_SD_CNO,2026_06_21_merged.mat,SAMPLE,4,19436,6437,321.8,971.75
R005,CNO,T2_SD_CNO,2026_06_21_merged.mat,SAMPLE,3,19497,6498,324.85,974.8000000000001
R005,CNO,T2_SD_CNO,2026_06_21_merged.mat,SAMPLE,3,19498,6499,324.90000000000003,974.8500000000001
R005,CNO,T2_SD_CNO,2026_06_21_merged.mat,SAMPLE,3,19499,6500,324.95000000000005,974.9000000000001
R005,CNO,T2_SD_CNO,2026_06_21_merged.mat,SAMPLE,3,19500,6501,325.00000000000006,974.95
R005,CNO,T2_SD_CNO,2026_06_21_merged.mat,SAMPLE,3,19501,6502,325.05000000000007,975.0000000000001
R005,CNO,T2_SD_CNO,2026_06_21_merged.mat,SAMPLE,3,19502,6503,325.1000000000001,975.0500000000002
R005,CNO,T2_SD_CNO,2026_06_21_merged.mat,SAMPLE,3,19503,6504,325.1500000000001,975.1000000000001
R005,CNO,T2_SD_CNO,2026_06_21_merged.mat,SAMPLE,3,19504,6505,325.20000000000005,975.1500000000001
R005,CNO,T2_SD_CNO,2026_06_21_merged.mat,SAMPLE,3,19510,6511,325.50000000000006,975.45
R005,CNO,T2_SD_CNO,2026_06_21_merged.mat,SAMPLE,3,19511,6512,325.55000000000007,975.5000000000001
R005,CNO,T2_SD_CNO,2026_06_21_merged.mat,SAMPLE,3,19525,6526,326.25000000000006,976.2
R005,CNO,T2_SD_CNO,2026_06_21_merged.mat,SAMPLE,3,19526,6527,326.30000000000007,976.2500000000001
R005,CNO,T2_SD_CNO,2026_06_21_merged.mat,SAMPLE,3,19527,6528,326.3500000000001,976.3000000000002
R005,CNO,T2_SD_CNO,2026_06_21_merged.mat,SAMPLE,3,19528,6529,326.4000000000001,976.3500000000001
R005,CNO,T2_SD_CNO,2026_06_21_merged.mat,SAMPLE,3,19536,6537,326.80000000000007,976.7500000000001
R005,CNO,T2_SD_CNO,2026_06_21_merged.mat,SAMPLE,3,19537,6538,326.8500000000001,976.8000000000002
R005,CNO,T2_SD_CNO,2026_06_21_merged.mat,SAMPLE,3,19538,6539,326.9000000000001,976.8500000000001
R005,CNO,T2_SD_CNO,2026_06_21_merged.mat,SAMPLE,3,19550,6551,327.50000000000006,977.45
R005,CNO,T2_SD_CNO,2026_06_21_merged.mat,SAMPLE,3,19551,6552,327.55000000000007,977.5000000000001
R005,CNO,T2_SD_CNO,2026_06_21_merged.mat,SAMPLE,3,19552,6553,327.6000000000001,977.5500000000002
R005,CNO,T2_SD_CNO,2026_06_21_merged.mat,SAMPLE,3,19553,6554,327.6500000000001,977.6000000000001
R005,CNO,T2_SD_CNO,2026_06_21_merged.mat,SAMPLE,3,19554,6555,327.70000000000005,977.6500000000001
R005,CNO,T2_SD_CNO,2026_06_21_merged.mat,SAMPLE,3,19555,6556,327.75000000000006,977.7
R005,CNO,T2_SD_CNO,2026_06_21_merged.mat,SAMPLE,3,19556,6557,327.80000000000007,977.7500000000001
R005,CNO,T2_SD_CNO,2026_06_21_merged.mat,SAMPLE,3,19557,6558,327.8500000000001,977.8000000000002
R005,CNO,T2_SD_CNO,2026_06_21_merged.mat,SAMPLE,3,19558,6559,327.9000000000001,977.8500000000001
R005,CNO,T2_SD_CNO,2026_06_21_merged.mat,SAMPLE,3,19559,6560,327.95000000000005,977.9000000000001
R005,CNO,T2_SD_CNO,2026_06_21_merged.mat,SAMPLE,3,19569,6570,328.45000000000005,978.4000000000001
R005,CNO,T2_SD_CNO,2026_06_21_merged.mat,SAMPLE,3,19570,6571,328.50000000000006,978.45
R005,CNO,T2_SD_CNO,2026_06_21_merged.mat,SAMPLE,3,19571,6572,328.55000000000007,978.5000000000001
R005,CNO,T2_SD_CNO,2026_06_21_merged.mat,SAMPLE,3,19572,6573,328.6000000000001,978.5500000000002
R005,CNO,T2_SD_CNO,2026_06_21_merged.mat,SAMPLE,3,19573,6574,328.6500000000001,978.6000000000001
R005,CNO,T2_SD_CNO,2026_06_21_merged.mat,SAMPLE,3,19574,6575,328.70000000000005,978.6500000000001
R005,CNO,T2_SD_CNO,2026_06_21_merged.mat,SAMPLE,3,19575,6576,328.75000000000006,978.7
R005,CNO,T2_SD_CNO,2026_06_21_merged.mat,SAMPLE,3,19583,6584,329.1500000000001,979.1000000000001
R005,CNO,T2_SD_CNO,2026_06_21_merged.mat,SAMPLE,3,19584,6585,329.20000000000005,979.1500000000001
R005,CNO,T2_SD_CNO,2026_06_21_merged.mat,SAMPLE,3,19590,6591,329.50000000000006,979.45
R005,CNO,T2_SD_CNO,2026_06_21_merged.mat,SAMPLE,3,19591,6592,329.55000000000007,979.5000000000001
R005,CNO,T2_SD_CNO,2026_06_21_merged.mat,SAMPLE,3,19592,6593,329.6000000000001,979.5500000000002
R005,CNO,T2_SD_CNO,2026_06_21_merged.mat,SAMPLE,3,19593,6594,329.6500000000001,979.6000000000001
R005,CNO,T2_SD_CNO,2026_06_21_merged.mat,SAMPLE,3,19594,6595,329.70000000000005,979.6500000000001
R005,CNO,T2_SD_CNO,2026_06_21_merged.mat,SAMPLE,3,19595,6596,329.75000000000006,979.7
R005,CNO,T2_SD_CNO,2026_06_21_merged.mat,SAMPLE,3,19596,6597,329.80000000000007,979.7500000000001
R005,CNO,T2_SD_CNO,2026_06_21_merged.mat,SAMPLE,3,19597,6598,329.8500000000001,979.8000000000002
R005,CNO,T2_SD_CNO,2026_06_21_merged.mat,SAMPLE,3,19605,6606,330.25000000000006,980.2
R005,CNO,T2_SD_CNO,2026_06_21_merged.mat,SAMPLE,3,19606,6607,330.30000000000007,980.2500000000001
R005,CNO,T2_SD_CNO,2026_06_21_merged.mat,SAMPLE,3,19607,6608,330.3500000000001,980.3000000000002
R005,CNO,T2_SD_CNO,2026_06_21_merged.mat,SAMPLE,3,19608,6609,330.4000000000001,980.3500000000001
R005,CNO,T2_SD_CNO,2026_06_21_merged.mat,SAMPLE,3,19609,6610,330.45000000000005,980.4000000000001
R005,CNO,T2_SD_CNO,2026_06_21_merged.mat,SAMPLE,3,19610,6611,330.50000000000006,980.45
R005,CNO,T2_SD_CNO,2026_06_21_merged.mat,SAMPLE,3,19611,6612,330.55000000000007,980.5000000000001
R005,CNO,T2_SD_CNO,2026_06_21_merged.mat,SAMPLE,3,19612,6613,330.6000000000001,980.5500000000002
R005,CNO,T2_SD_CNO,2026_06_21_merged.mat,SAMPLE,3,19613,6614,330.6500000000001,980.6000000000001
R005,CNO,T2_SD_CNO,2026_06_21_merged.mat,SAMPLE,3,19614,6615,330.70000000000005,980.6500000000001
R005,CNO,T2_SD_CNO,2026_06_21_merged.mat,SAMPLE,3,19615,6616,330.75000000000006,980.7
R005,CNO,T2_SD_CNO,2026_06_21_merged.mat,SAMPLE,3,19616,6617,330.80000000000007,980.7500000000001
R005,CNO,T2_SD_CNO,2026_06_21_merged.mat,SAMPLE,3,19619,6620,330.95000000000005,980.9000000000001
R005,CNO,T2_SD_CNO,2026_06_21_merged.mat,SAMPLE,3,19620,6621,331.00000000000006,980.95
R005,CNO,T2_SD_CNO,2026_06_21_merged.mat,SAMPLE,3,19621,6622,331.05000000000007,981.0000000000001
R005,CNO,T2_SD_CNO,2026_06_21_merged.mat,SAMPLE,3,19622,6623,331.1000000000001,981.0500000000002
R005,CNO,T2_SD_CNO,2026_06_21_merged.mat,SAMPLE,3,19623,6624,331.1500000000001,981.1000000000001
R005,CNO,T2_SD_CNO,2026_06_21_merged.mat,SAMPLE,3,19624,6625,331.20000000000005,981.1500000000001
R005,CNO,T2_SD_CNO,2026_06_21_merged.mat,SAMPLE,3,19625,6626,331.25000000000006,981.2
R005,CNO,T2_SD_CNO,2026_06_21_merged.mat,SAMPLE,3,19626,6627,331.30000000000007,981.2500000000001
R005,CNO,T2_SD_CNO,2026_06_21_merged.mat,SAMPLE,3,19627,6628,331.3500000000001,981.3000000000002
R005,CNO,T2_SD_CNO,2026_06_21_merged.mat,SAMPLE,3,19628,6629,331.4000000000001,981.3500000000001
R005,CNO,T2_SD_CNO,2026_06_21_merged.mat,SAMPLE,3,19629,6630,331.45000000000005,981.4000000000001
R005,CNO,T2_SD_CNO,2026_06_21_merged.mat,SAMPLE,3,19630,6631,331.50000000000006,981.45
R005,CNO,T2_SD_CNO,2026_06_21_merged.mat,SAMPLE,3,19631,6632,331.55000000000007,981.5000000000001
R005,CNO,T2_SD_CNO,2026_06_21_merged.mat,SAMPLE,3,19632,6633,331.6000000000001,981.5500000000002
R005,CNO,T2_SD_CNO,2026_06_21_merged.mat,SAMPLE,3,19633,6634,331.6500000000001,981.6000000000001
R005,CNO,T2_SD_CNO,2026_06_21_merged.mat,SAMPLE,3,19634,6635,331.70000000000005,981.6500000000001
R005,CNO,T2_SD_CNO,2026_06_21_merged.mat,SAMPLE,3,19637,6638,331.8500000000001,981.8000000000002
R005,CNO,T2_SD_CNO,2026_06_21_merged.mat,SAMPLE,3,19638,6639,331.9000000000001,981.8500000000001
R005,CNO,T2_SD_CNO,2026_06_21_merged.mat,SAMPLE,3,19640,6641,332.00000000000006,981.95
R005,CNO,T2_SD_CNO,2026_06_21_merged.mat,SAMPLE,3,19643,6644,332.1500000000001,982.1000000000001
R005,CNO,T2_SD_CNO,2026_06_21_merged.mat,SAMPLE,3,19644,6645,332.20000000000005,982.1500000000001
R005,CNO,T2_SD_CNO,2026_06_21_merged.mat,SAMPLE,3,19645,6646,332.25000000000006,982.2
R005,CNO,T2_SD_CNO,2026_06_21_merged.mat,SAMPLE,3,19646,6647,332.30000000000007,982.2500000000001
R005,CNO,T2_SD_CNO,2026_06_21_merged.mat,SAMPLE,3,19647,6648,332.3500000000001,982.3000000000002
R005,CNO,T2_SD_CNO,2026_06_21_merged.mat,SAMPLE,3,19648,6649,332.4000000000001,982.3500000000001
R005,CNO,T2_SD_CNO,2026_06_21_merged.mat,SAMPLE,3,19649,6650,332.45000000000005,982.4000000000001
R005,CNO,T2_SD_CNO,2026_06_21_merged.mat,SAMPLE,3,19650,6651,332.50000000000006,982.45
R005,CNO,T2_SD_CNO,2026_06_21_merged.mat,SAMPLE,3,19651,6652,332.55000000000007,982.5000000000001
R005,CNO,T2_SD_CNO,2026_06_21_merged.mat,SAMPLE,3,19652,6653,332.6000000000001,982.5500000000002
R005,CNO,T2_SD_CNO,2026_06_21_merged.mat,SAMPLE,3,19653,6654,332.6500000000001,982.6000000000001
R005,CNO,T2_SD_CNO,2026_06_21_merged.mat,SAMPLE,3,19654,6655,332.70000000000005,982.6500000000001
R005,CNO,T2_SD_CNO,2026_06_21_merged.mat,SAMPLE,3,19655,6656,332.75000000000006,982.7
R005,CNO,T2_SD_CNO,2026_06_21_merged.mat,SAMPLE,3,19656,6657,332.80000000000007,982.7500000000001
R005,CNO,T2_SD_CNO,2026_06_21_merged.mat,SAMPLE,3,19663,6664,333.1500000000001,983.1000000000001
R005,CNO,T2_SD_CNO,2026_06_21_merged.mat,SAMPLE,3,19664,6665,333.20000000000005,983.1500000000001
R005,CNO,T2_SD_CNO,2026_06_21_merged.mat,SAMPLE,3,19665,6666,333.25000000000006,983.2
R005,CNO,T2_SD_CNO,2026_06_21_merged.mat,SAMPLE,3,19666,6667,333.30000000000007,983.2500000000001
R005,CNO,T2_SD_CNO,2026_06_21_merged.mat,SAMPLE,3,19667,6668,333.3500000000001,983.3000000000002
R005,CNO,T2_SD_CNO,2026_06_21_merged.mat,SAMPLE,3,19668,6669,333.4000000000001,983.3500000000001
R005,CNO,T2_SD_CNO,2026_06_21_merged.mat,SAMPLE,3,19669,6670,333.45000000000005,983.4000000000001
R005,CNO,T2_SD_CNO,2026_06_21_merged.mat,SAMPLE,3,19670,6671,333.50000000000006,983.45
R005,CNO,T2_SD_CNO,2026_06_21_merged.mat,SAMPLE,3,19671,6672,333.55000000000007,983.5000000000001
R005,CNO,T2_SD_CNO,2026_06_21_merged.mat,SAMPLE,3,19672,6673,333.6000000000001,983.5500000000002
R005,CNO,T2_SD_CNO,2026_06_21_merged.mat,SAMPLE,3,19673,6674,333.6500000000001,983.6000000000001
R005,CNO,T2_SD_CNO,2026_06_21_merged.mat,SAMPLE,3,19675,6676,333.75000000000006,983.7
R005,CNO,T2_SD_CNO,2026_06_21_merged.mat,SAMPLE,3,19676,6677,333.80000000000007,983.7500000000001
R005,CNO,T2_SD_CNO,2026_06_21_merged.mat,SAMPLE,3,19677,6678,333.8500000000001,983.8000000000002
R005,CNO,T2_SD_CNO,2026_06_21_merged.mat,SAMPLE,3,19678,6679,333.9000000000001,983.8500000000001
R005,CNO,T2_SD_CNO,2026_06_21_merged.mat,SAMPLE,3,19679,6680,333.95000000000005,983.9000000000001
R005,CNO,T2_SD_CNO,2026_06_21_merged.mat,SAMPLE,3,19680,6681,334.00000000000006,983.95
R005,CNO,T2_SD_CNO,2026_06_21_merged.mat,SAMPLE,3,19681,6682,334.05000000000007,984.0000000000001
R005,CNO,T2_SD_CNO,2026_06_21_merged.mat,SAMPLE,3,19682,6683,334.1000000000001,984.0500000000002
R005,CNO,T2_SD_CNO,2026_06_21_merged.mat,SAMPLE,3,19683,6684,334.1500000000001,984.1000000000001
R005,CNO,T2_SD_CNO,2026_06_21_merged.mat,SAMPLE,3,19684,6685,334.20000000000005,984.1500000000001
R005,CNO,T2_SD_CNO,2026_06_21_merged.mat,SAMPLE,3,19685,6686,334.25000000000006,984.2
R005,CNO,T2_SD_CNO,2026_06_21_merged.mat,SAMPLE,3,19686,6687,334.30000000000007,984.2500000000001
R005,CNO,T2_SD_CNO,2026_06_21_merged.mat,SAMPLE,3,19687,6688,334.3500000000001,984.3000000000002
R005,CNO,T2_SD_CNO,2026_06_21_merged.mat,SAMPLE,3,19688,6689,334.4000000000001,984.3500000000001
R005,CNO,T2_SD_CNO,2026_06_21_merged.mat,SAMPLE,3,19689,6690,334.45000000000005,984.4000000000001
R005,CNO,T2_SD_CNO,2026_06_21_merged.mat,SAMPLE,3,19696,6697,334.80000000000007,984.7500000000001
R005,CNO,T2_SD_CNO,2026_06_21_merged.mat,SAMPLE,3,19697,6698,334.8500000000001,984.8000000000002
R005,CNO,T2_SD_CNO,2026_06_21_merged.mat,SAMPLE,3,19698,6699,334.9000000000001,984.8500000000001
R005,CNO,T2_SD_CNO,2026_06_21_merged.mat,SAMPLE,3,19699,6700,334.95000000000005,984.9000000000001
R005,CNO,T2_SD_CNO,2026_06_21_merged.mat,SAMPLE,3,19700,6701,335.00000000000006,984.95
R005,CNO,T2_SD_CNO,2026_06_21_merged.mat,SAMPLE,3,19701,6702,335.05000000000007,985.0000000000001
R005,CNO,T2_SD_CNO,2026_06_21_merged.mat,SAMPLE,3,19702,6703,335.1000000000001,985.0500000000002
R005,CNO,T2_SD_CNO,2026_06_21_merged.mat,SAMPLE,3,19703,6704,335.1500000000001,985.1000000000001
R005,CNO,T2_SD_CNO,2026_06_21_merged.mat,SAMPLE,3,19704,6705,335.20000000000005,985.1500000000001
R005,CNO,T2_SD_CNO,2026_06_21_merged.mat,SAMPLE,3,19705,6706,335.25000000000006,985.2
R005,CNO,T2_SD_CNO,2026_06_21_merged.mat,SAMPLE,3,19706,6707,335.30000000000007,985.2500000000001
R005,CNO,T2_SD_CNO,2026_06_21_merged.mat,SAMPLE,3,19707,6708,335.3500000000001,985.3000000000002
R005,CNO,T2_SD_CNO,2026_06_21_merged.mat,SAMPLE,3,19708,6709,335.4000000000001,985.3500000000001
R005,CNO,T2_SD_CNO,2026_06_21_merged.mat,SAMPLE,3,19709,6710,335.45000000000005,985.4000000000001
R005,CNO,T2_SD_CNO,2026_06_21_merged.mat,SAMPLE,3,19710,6711,335.50000000000006,985.45
R005,CNO,T2_SD_CNO,2026_06_21_merged.mat,SAMPLE,4,19711,6712,335.55000000000007,985.5000000000001
R005,CNO,T2_SD_CNO,2026_06_21_merged.mat,SAMPLE,4,19712,6713,335.6000000000001,985.5500000000002
R005,CNO,T2_SD_CNO,2026_06_21_merged.mat,SAMPLE,3,19717,6718,335.8500000000001,985.8000000000002
R005,CNO,T2_SD_CNO,2026_06_21_merged.mat,SAMPLE,3,19718,6719,335.9000000000001,985.8500000000001
R005,CNO,T2_SD_CNO,2026_06_21_merged.mat,SAMPLE,3,19737,6738,336.8500000000001,986.8000000000002
R005,CNO,T2_SD_CNO,2026_06_21_merged.mat,SAMPLE,3,19738,6739,336.9000000000001,986.8500000000001
R005,CNO,T2_SD_CNO,2026_06_21_merged.mat,SAMPLE,3,19739,6740,336.95000000000005,986.9000000000001
R005,CNO,T2_SD_CNO,2026_06_21_merged.mat,SAMPLE,3,19740,6741,337.00000000000006,986.95
R005,CNO,T2_SD_CNO,2026_06_21_merged.mat,SAMPLE,3,19741,6742,337.05000000000007,987.0000000000001
R005,CNO,T2_SD_CNO,2026_06_21_merged.mat,SAMPLE,3,19742,6743,337.1000000000001,987.0500000000002
R005,CNO,T2_SD_CNO,2026_06_21_merged.mat,SAMPLE,3,19743,6744,337.1500000000001,987.1000000000001
R005,CNO,T2_SD_CNO,2026_06_21_merged.mat,SAMPLE,3,19750,6751,337.50000000000006,987.45
R005,CNO,T2_SD_CNO,2026_06_21_merged.mat,SAMPLE,3,19751,6752,337.55000000000007,987.5000000000001
R005,CNO,T2_SD_CNO,2026_06_21_merged.mat,SAMPLE,3,19753,6754,337.6500000000001,987.6000000000001
R005,CNO,T2_SD_CNO,2026_06_21_merged.mat,SAMPLE,3,19754,6755,337.70000000000005,987.6500000000001
R005,CNO,T2_SD_CNO,2026_06_21_merged.mat,SAMPLE,3,19755,6756,337.75000000000006,987.7
R005,CNO,T2_SD_CNO,2026_06_21_merged.mat,SAMPLE,3,19756,6757,337.80000000000007,987.7500000000001
R005,CNO,T2_SD_CNO,2026_06_21_merged.mat,SAMPLE,3,19757,6758,337.8500000000001,987.8000000000002
R005,CNO,T2_SD_CNO,2026_06_21_merged.mat,SAMPLE,3,19758,6759,337.9000000000001,987.8500000000001
R005,CNO,T2_SD_CNO,2026_06_21_merged.mat,SAMPLE,3,19759,6760,337.95000000000005,987.9000000000001
R005,CNO,T2_SD_CNO,2026_06_21_merged.mat,SAMPLE,3,19760,6761,338.00000000000006,987.95
R005,CNO,T2_SD_CNO,2026_06_21_merged.mat,SAMPLE,3,19761,6762,338.05000000000007,988.0000000000001
R005,CNO,T2_SD_CNO,2026_06_21_merged.mat,SAMPLE,3,19762,6763,338.1000000000001,988.0500000000002
R005,CNO,T2_SD_CNO,2026_06_21_merged.mat,SAMPLE,3,19763,6764,338.1500000000001,988.1000000000001
R005,CNO,T2_SD_CNO,2026_06_21_merged.mat,SAMPLE,3,19764,6765,338.20000000000005,988.1500000000001
R005,CNO,T2_SD_CNO,2026_06_21_merged.mat,SAMPLE,3,19767,6768,338.3500000000001,988.3000000000002
R005,CNO,T2_SD_CNO,2026_06_21_merged.mat,SAMPLE,3,19768,6769,338.4000000000001,988.3500000000001
R005,CNO,T2_SD_CNO,2026_06_21_merged.mat,SAMPLE,3,19769,6770,338.45000000000005,988.4000000000001
R005,CNO,T2_SD_CNO,2026_06_21_merged.mat,SAMPLE,3,19770,6771,338.50000000000006,988.45
R005,CNO,T2_SD_CNO,2026_06_21_merged.mat,SAMPLE,3,19771,6772,338.55000000000007,988.5000000000001
R005,CNO,T2_SD_CNO,2026_06_21_merged.mat,SAMPLE,3,19815,6816,340.75000000000006,990.7
R005,CNO,T2_SD_CNO,2026_06_21_merged.mat,SAMPLE,3,19816,6817,340.80000000000007,990.7500000000001
R005,CNO,T2_SD_CNO,2026_06_21_merged.mat,SAMPLE,3,19817,6818,340.8500000000001,990.8000000000002
R005,CNO,T2_SD_CNO,2026_06_21_merged.mat,SAMPLE,3,19818,6819,340.9000000000001,990.8500000000001
R005,CNO,T2_SD_CNO,2026_06_21_merged.mat,SAMPLE,3,19819,6820,340.95000000000005,990.9000000000001
R005,CNO,T2_SD_CNO,2026_06_21_merged.mat,SAMPLE,3,19820,6821,341.00000000000006,990.95
R005,CNO,T2_SD_CNO,2026_06_21_merged.mat,SAMPLE,3,19821,6822,341.05000000000007,991.0000000000001
R005,CNO,T2_SD_CNO,2026_06_21_merged.mat,SAMPLE,3,19858,6859,342.9000000000001,992.8500000000001
R005,CNO,T2_SD_CNO,2026_06_21_merged.mat,SAMPLE,3,19859,6860,342.9500000000001,992.9000000000001
R005,CNO,T2_SD_CNO,2026_06_21_merged.mat,SAMPLE,3,19902,6903,345.1000000000001,995.0500000000002
R005,CNO,T2_SD_CNO,2026_06_21_merged.mat,SAMPLE,3,19903,6904,345.1500000000001,995.1000000000001
R005,CNO,T2_SD_CNO,2026_06_21_merged.mat,SAMPLE,3,19904,6905,345.2000000000001,995.1500000000001
R005,CNO,T2_SD_CNO,2026_06_21_merged.mat,SAMPLE,3,19905,6906,345.25000000000006,995.2
R005,CNO,T2_SD_CNO,2026_06_21_merged.mat,SAMPLE,3,19906,6907,345.30000000000007,995.2500000000001
R005,CNO,T2_SD_CNO,2026_06_21_merged.mat,SAMPLE,2,19971,6972,348.55000000000007,998.5000000000001
R005,CNO,T2_SD_CNO,2026_06_21_merged.mat,SAMPLE,2,19972,6973,348.6000000000001,998.5500000000002
R005,CNO,T2_SD_CNO,2026_06_21_merged.mat,SAMPLE,3,19979,6980,348.9500000000001,998.9000000000001
R005,CNO,T2_SD_CNO,2026_06_21_merged.mat,SAMPLE,3,19980,6981,349.00000000000006,998.95
R005,CNO,T2_SD_CNO,2026_06_21_merged.mat,SAMPLE,3,19981,6982,349.05000000000007,999.0000000000001
R005,CNO,T2_SD_CNO,2026_06_21_merged.mat,SAMPLE,3,19982,6983,349.1000000000001,999.0500000000002
R005,CNO,T2_SD_CNO,2026_06_21_merged.mat,SAMPLE,2,20005,7006,350.25000000000006,1000.2
R005,CNO,T2_SD_CNO,2026_06_21_merged.mat,SAMPLE,2,20006,7007,350.30000000000007,1000.2500000000001
R005,CNO,T2_SD_CNO,2026_06_21_merged.mat,SAMPLE,2,20007,7008,350.3500000000001,1000.3000000000002
R005,CNO,T2_SD_CNO,2026_06_21_merged.mat,SAMPLE,2,20008,7009,350.4000000000001,1000.3500000000001
R005,CNO,T2_SD_CNO,2026_06_21_merged.mat,SAMPLE,2,20033,7034,351.6500000000001,1001.6000000000001
R005,CNO,T2_SD_CNO,2026_06_21_merged.mat,SAMPLE,2,20058,7059,352.9000000000001,1002.8500000000001
R005,CNO,T2_SD_CNO,2026_06_21_merged.mat,SAMPLE,2,20059,7060,352.9500000000001,1002.9000000000001
R005,CNO,T2_SD_CNO,2026_06_21_merged.mat,SAMPLE,2,20060,7061,353.00000000000006,1002.95
R005,CNO,T2_SD_CNO,2026_06_21_merged.mat,SAMPLE,2,20061,7062,353.05000000000007,1003.0000000000001
R005,CNO,T2_SD_CNO,2026_06_21_merged.mat,SAMPLE,2,20062,7063,353.1000000000001,1003.0500000000002
R005,CNO,T2_SD_CNO,2026_06_21_merged.mat,SAMPLE,2,20063,7064,353.1500000000001,1003.1000000000001
R005,CNO,T2_SD_CNO,2026_06_21_merged.mat,SAMPLE,2,20070,7071,353.50000000000006,1003.45
R005,CNO,T2_SD_CNO,2026_06_21_merged.mat,SAMPLE,2,20071,7072,353.55000000000007,1003.5000000000001
R005,CNO,T2_SD_CNO,2026_06_21_merged.mat,SAMPLE,2,20080,7081,354.00000000000006,1003.95
R005,CNO,T2_SD_CNO,2026_06_21_merged.mat,SAMPLE,2,20093,7094,354.6500000000001,1004.6000000000001
R005,CNO,T2_SD_CNO,2026_06_21_merged.mat,SAMPLE,2,20094,7095,354.7000000000001,1004.6500000000001
R005,CNO,T2_SD_CNO,2026_06_21_merged.mat,SAMPLE,2,20095,7096,354.75000000000006,1004.7
R005,CNO,T2_SD_CNO,2026_06_21_merged.mat,SAMPLE,2,20103,7104,355.1500000000001,1005.1000000000001
R005,CNO,T2_SD_CNO,2026_06_21_merged.mat,SAMPLE,2,20104,7105,355.2000000000001,1005.1500000000001
R005,CNO,T2_SD_CNO,2026_06_21_merged.mat,SAMPLE,2,20105,7106,355.25000000000006,1005.2
R005,CNO,T2_SD_CNO,2026_06_21_merged.mat,SAMPLE,2,20106,7107,355.30000000000007,1005.2500000000001
R005,CNO,T2_SD_CNO,2026_06_21_merged.mat,SAMPLE,2,20107,7108,355.3500000000001,1005.3000000000002
R005,CNO,T2_SD_CNO,2026_06_21_merged.mat,SAMPLE,2,20127,7128,356.3500000000001,1006.3000000000002
R005,CNO,T2_SD_CNO,2026_06_21_merged.mat,SAMPLE,2,20129,7130,356.4500000000001,1006.4000000000001
R005,CNO,T2_SD_CNO,2026_06_21_merged.mat,SAMPLE,2,20130,7131,356.50000000000006,1006.45
R005,CNO,T2_SD_CNO,2026_06_21_merged.mat,SAMPLE,2,20131,7132,356.55000000000007,1006.5000000000001
R005,CNO,T2_SD_CNO,2026_06_21_merged.mat,SAMPLE,2,20132,7133,356.6000000000001,1006.5500000000002
R005,CNO,T2_SD_CNO,2026_06_21_merged.mat,SAMPLE,2,20133,7134,356.6500000000001,1006.6000000000001
R005,CNO,T2_SD_CNO,2026_06_21_merged.mat,SAMPLE,2,20134,7135,356.7000000000001,1006.6500000000001
R005,CNO,T2_SD_CNO,2026_06_21_merged.mat,SAMPLE,2,20158,7159,357.9000000000001,1007.8500000000001
R005,CNO,T2_SD_CNO,2026_06_21_merged.mat,SAMPLE,2,20159,7160,357.9500000000001,1007.9000000000001
R005,CNO,T2_SD_CNO,2026_06_21_merged.mat,SAMPLE,2,20160,7161,358.00000000000006,1007.95
R005,CNO,T2_SD_CNO,2026_06_21_merged.mat,SAMPLE,2,20161,7162,358.05000000000007,1008.0000000000001
R005,CNO,T2_SD_CNO,2026_06_21_merged.mat,SAMPLE,2,20162,7163,358.1000000000001,1008.0500000000002
R005,CNO,T2_SD_CNO,2026_06_21_merged.mat,SAMPLE,2,20163,7164,358.1500000000001,1008.1000000000001
R005,CNO,T2_SD_CNO,2026_06_21_merged.mat,SAMPLE,2,20164,7165,358.2000000000001,1008.1500000000001
R005,CNO,T2_SD_CNO,2026_06_21_merged.mat,SAMPLE,2,20165,7166,358.25000000000006,1008.2
R005,CNO,T2_SD_CNO,2026_06_21_merged.mat,SAMPLE,2,20182,7183,359.1000000000001,1009.0500000000002
R005,CNO,T2_SD_CNO,2026_06_21_merged.mat,SAMPLE,2,20183,7184,359.1500000000001,1009.1000000000001
R005,CNO,T2_SD_CNO,2026_06_21_merged.mat,SAMPLE,2,20184,7185,359.2000000000001,1009.1500000000001
R005,CNO,T2_SD_CNO,2026_06_21_merged.mat,SAMPLE,2,20225,7226,361.25000000000006,1011.2
R005,CNO,T2_SD_CNO,2026_06_21_merged.mat,SAMPLE,2,20226,7227,361.30000000000007,1011.2500000000001
R005,CNO,T2_SD_CNO,2026_06_21_merged.mat,SAMPLE,2,20241,7242,362.05000000000007,1012.0000000000001
R005,CNO,T2_SD_CNO,2026_06_21_merged.mat,SAMPLE,2,20242,7243,362.1000000000001,1012.0500000000002
R005,CNO,T2_SD_CNO,2026_06_21_merged.mat,SAMPLE,2,20258,7259,362.9000000000001,1012.8500000000001
R005,CNO,T2_SD_CNO,2026_06_21_merged.mat,SAMPLE,2,20259,7260,362.9500000000001,1012.9000000000001
R005,CNO,T2_SD_CNO,2026_06_21_merged.mat,SAMPLE,2,20260,7261,363.00000000000006,1012.95
R005,CNO,T2_SD_CNO,2026_06_21_merged.mat,SAMPLE,2,20261,7262,363.05000000000007,1013.0000000000001
R005,CNO,T2_SD_CNO,2026_06_21_merged.mat,SAMPLE,2,20262,7263,363.1000000000001,1013.0500000000002
R005,CNO,T2_SD_CNO,2026_06_21_merged.mat,SAMPLE,2,20312,7313,365.6000000000001,1015.5500000000002
R005,CNO,T2_SD_CNO,2026_06_21_merged.mat,SAMPLE,2,20313,7314,365.6500000000001,1015.6000000000001
R005,CNO,T2_SD_CNO,2026_06_21_merged.mat,SAMPLE,2,20314,7315,365.7000000000001,1015.6500000000001
R005,CNO,T2_SD_CNO,2026_06_21_merged.mat,SAMPLE,2,20315,7316,365.75000000000006,1015.7
R005,CNO,T2_SD_CNO,2026_06_21_merged.mat,SAMPLE,2,20316,7317,365.80000000000007,1015.7500000000001
R005,CNO,T2_SD_CNO,2026_06_21_merged.mat,SAMPLE,2,20407,7408,370.3500000000001,1020.3000000000002
R005,CNO,T2_SD_CNO,2026_06_21_merged.mat,SAMPLE,2,20408,7409,370.4000000000001,1020.3500000000001
R005,CNO,T2_SD_CNO,2026_06_21_merged.mat,SAMPLE,2,20409,7410,370.4500000000001,1020.4000000000001
R005,CNO,T2_SD_CNO,2026_06_21_merged.mat,SAMPLE,2,20424,7425,371.2000000000001,1021.1500000000001
R005,CNO,T2_SD_CNO,2026_06_21_merged.mat,SAMPLE,2,20425,7426,371.25000000000006,1021.2
R005,CNO,T2_SD_CNO,2026_06_21_merged.mat,SAMPLE,2,20437,7438,371.8500000000001,1021.8000000000002
R005,CNO,T2_SD_CNO,2026_06_21_merged.mat,SAMPLE,2,20438,7439,371.9000000000001,1021.8500000000001
R005,CNO,T2_SD_CNO,2026_06_21_merged.mat,SAMPLE,2,20460,7461,373.00000000000006,1022.95
R005,CNO,T2_SD_CNO,2026_06_21_merged.mat,SAMPLE,2,20461,7462,373.05000000000007,1023.0000000000001
R005,CNO,T2_SD_CNO,2026_06_21_merged.mat,SAMPLE,2,20462,7463,373.1000000000001,1023.0500000000002
R005,CNO,T2_SD_CNO,2026_06_21_merged.mat,SAMPLE,2,20463,7464,373.1500000000001,1023.1000000000001
R005,CNO,T2_SD_CNO,2026_06_21_merged.mat,SAMPLE,2,20506,7507,375.30000000000007,1025.25
R005,CNO,T2_SD_CNO,2026_06_21_merged.mat,SAMPLE,2,20507,7508,375.3500000000001,1025.3000000000002
R005,CNO,T2_SD_CNO,2026_06_21_merged.mat,SAMPLE,2,20542,7543,377.1000000000001,1027.0500000000002
R005,CNO,T2_SD_CNO,2026_06_21_merged.mat,SAMPLE,2,20543,7544,377.1500000000001,1027.1000000000001
R005,CNO,T2_SD_CNO,2026_06_21_merged.mat,SAMPLE,2,20544,7545,377.2000000000001,1027.15
R005,CNO,T2_SD_CNO,2026_06_21_merged.mat,SAMPLE,2,20545,7546,377.25000000000006,1027.2
R005,CNO,T2_SD_CNO,2026_06_21_merged.mat,SAMPLE,2,20546,7547,377.30000000000007,1027.25
R005,CNO,T2_SD_CNO,2026_06_21_merged.mat,SAMPLE,2,20547,7548,377.3500000000001,1027.3000000000002
R005,CNO,T2_SD_CNO,2026_06_21_merged.mat,SAMPLE,2,20548,7549,377.4000000000001,1027.3500000000001
R005,CNO,T2_SD_CNO,2026_06_21_merged.mat,SAMPLE,3,20558,7559,377.9000000000001,1027.8500000000001
R005,CNO,T2_SD_CNO,2026_06_21_merged.mat,SAMPLE,3,20559,7560,377.9500000000001,1027.9
R005,CNO,T2_SD_CNO,2026_06_21_merged.mat,SAMPLE,3,20560,7561,378.00000000000006,1027.95
R005,CNO,T2_SD_CNO,2026_06_21_merged.mat,SAMPLE,3,20561,7562,378.05000000000007,1028.0
R005,CNO,T2_SD_CNO,2026_06_21_merged.mat,SAMPLE,3,20562,7563,378.1000000000001,1028.0500000000002
R005,CNO,T2_SD_CNO,2026_06_21_merged.mat,SAMPLE,3,20590,7591,379.50000000000006,1029.45
R005,CNO,T2_SD_CNO,2026_06_21_merged.mat,SAMPLE,3,20591,7592,379.55000000000007,1029.5
R005,CNO,T2_SD_CNO,2026_06_21_merged.mat,SAMPLE,2,20612,7613,380.6000000000001,1030.5500000000002
R005,CNO,T2_SD_CNO,2026_06_21_merged.mat,SAMPLE,2,20614,7615,380.7000000000001,1030.65
R005,CNO,T2_SD_CNO,2026_06_21_merged.mat,SAMPLE,3,20632,7633,381.6000000000001,1031.5500000000002
R005,CNO,T2_SD_CNO,2026_06_21_merged.mat,SAMPLE,3,20633,7634,381.6500000000001,1031.6000000000001
R005,CNO,T2_SD_CNO,2026_06_21_merged.mat,SAMPLE,3,20634,7635,381.7000000000001,1031.65
R005,CNO,T2_SD_CNO,2026_06_21_merged.mat,SAMPLE,3,20635,7636,381.75000000000006,1031.7
R005,CNO,T2_SD_CNO,2026_06_21_merged.mat,SAMPLE,3,20636,7637,381.80000000000007,1031.75
R005,CNO,T2_SD_CNO,2026_06_21_merged.mat,SAMPLE,2,20701,7702,385.05000000000007,1035.0
R005,CNO,T2_SD_CNO,2026_06_21_merged.mat,SAMPLE,2,20702,7703,385.1000000000001,1035.0500000000002
R005,CNO,T2_SD_CNO,2026_06_21_merged.mat,SAMPLE,2,20703,7704,385.1500000000001,1035.1000000000001
R005,CNO,T2_SD_CNO,2026_06_21_merged.mat,SAMPLE,2,20730,7731,386.50000000000006,1036.45
R005,CNO,T2_SD_CNO,2026_06_21_merged.mat,SAMPLE,2,20748,7749,387.4000000000001,1037.3500000000001
R005,CNO,T2_SD_CNO,2026_06_21_merged.mat,SAMPLE,1,20774,7775,388.7000000000001,1038.65
R005,CNO,T2_SD_CNO,2026_06_21_merged.mat,SAMPLE,1,20775,7776,388.75000000000006,1038.7
R005,CNO,T2_SD_CNO,2026_06_21_merged.mat,SAMPLE,1,20777,7778,388.8500000000001,1038.8000000000002
R005,CNO,T2_SD_CNO,2026_06_21_merged.mat,SAMPLE,2,20778,7779,388.9000000000001,1038.8500000000001
R005,CNO,T2_SD_CNO,2026_06_21_merged.mat,SAMPLE,2,20779,7780,388.9500000000001,1038.9
R005,CNO,T2_SD_CNO,2026_06_21_merged.mat,SAMPLE,2,20780,7781,389.00000000000006,1038.95
R005,CNO,T2_SD_CNO,2026_06_21_merged.mat,SAMPLE,2,20781,7782,389.05000000000007,1039.0
R005,CNO,T2_SD_CNO,2026_06_21_merged.mat,SAMPLE,2,20782,7783,389.1000000000001,1039.0500000000002
R005,CNO,T2_SD_CNO,2026_06_21_merged.mat,SAMPLE,2,20783,7784,389.1500000000001,1039.1000000000001
R005,CNO,T2_SD_CNO,2026_06_21_merged.mat,SAMPLE,2,20784,7785,389.2000000000001,1039.15
R005,CNO,T2_SD_CNO,2026_06_21_merged.mat,SAMPLE,2,20785,7786,389.25000000000006,1039.2
R005,CNO,T2_SD_CNO,2026_06_21_merged.mat,SAMPLE,2,20788,7789,389.4000000000001,1039.3500000000001
R005,CNO,T2_SD_CNO,2026_06_21_merged.mat,SAMPLE,2,20789,7790,389.4500000000001,1039.4
R005,CNO,T2_SD_CNO,2026_06_21_merged.mat,SAMPLE,2,20790,7791,389.50000000000006,1039.45
R005,CNO,T2_SD_CNO,2026_06_21_merged.mat,SAMPLE,2,20791,7792,389.55000000000007,1039.5
R005,CNO,T2_SD_CNO,2026_06_21_merged.mat,SAMPLE,2,20792,7793,389.6000000000001,1039.5500000000002
R005,CNO,T2_SD_CNO,2026_06_21_merged.mat,SAMPLE,4,20809,7810,390.4500000000001,1040.4
R005,CNO,T2_SD_CNO,2026_06_21_merged.mat,SAMPLE,2,20823,7824,391.1500000000001,1041.1000000000001
R005,CNO,T2_SD_CNO,2026_06_21_merged.mat,SAMPLE,2,20835,7836,391.75000000000006,1041.7
R005,CNO,T2_SD_CNO,2026_06_21_merged.mat,SAMPLE,2,20836,7837,391.80000000000007,1041.75
R005,CNO,T2_SD_CNO,2026_06_21_merged.mat,SAMPLE,2,20837,7838,391.8500000000001,1041.8000000000002
R005,CNO,T2_SD_CNO,2026_06_21_merged.mat,SAMPLE,2,20838,7839,391.9000000000001,1041.8500000000001
R005,CNO,T2_SD_CNO,2026_06_21_merged.mat,SAMPLE,2,20839,7840,391.9500000000001,1041.9
R005,CNO,T2_SD_CNO,2026_06_21_merged.mat,SAMPLE,2,20844,7845,392.2000000000001,1042.15
R005,CNO,T2_SD_CNO,2026_06_21_merged.mat,SAMPLE,4,20858,7859,392.9000000000001,1042.8500000000001
R005,CNO,T2_SD_CNO,2026_06_21_merged.mat,SAMPLE,3,20860,7861,393.00000000000006,1042.95
R005,CNO,T2_SD_CNO,2026_06_21_merged.mat,SAMPLE,3,20861,7862,393.05000000000007,1043.0
R005,CNO,T2_SD_CNO,2026_06_21_merged.mat,SAMPLE,2,20945,7946,397.2500000000001,1047.2000000000003
R005,CNO,T2_SD_CNO,2026_06_21_merged.mat,SAMPLE,3,20953,7954,397.6500000000001,1047.6000000000001
R005,CNO,T2_SD_CNO,2026_06_21_merged.mat,SAMPLE,3,20954,7955,397.70000000000005,1047.65
R005,CNO,T2_SD_CNO,2026_06_21_merged.mat,SAMPLE,3,20955,7956,397.7500000000001,1047.7000000000003
R005,CNO,T2_SD_CNO,2026_06_21_merged.mat,SAMPLE,2,20971,7972,398.55000000000007,1048.5
R005,CNO,T2_SD_CNO,2026_06_21_merged.mat,SAMPLE,2,20972,7973,398.6000000000001,1048.5500000000002
R005,CNO,T2_SD_CNO,2026_06_21_merged.mat,SAMPLE,2,20973,7974,398.6500000000001,1048.6000000000001
R005,CNO,T2_SD_CNO,2026_06_21_merged.mat,SAMPLE,2,20974,7975,398.70000000000005,1048.65
R005,CNO,T2_SD_CNO,2026_06_21_merged.mat,SAMPLE,2,20975,7976,398.7500000000001,1048.7000000000003
R005,CNO,T2_SD_CNO,2026_06_21_merged.mat,SAMPLE,2,20976,7977,398.80000000000007,1048.75
R005,CNO,T2_SD_CNO,2026_06_21_merged.mat,SAMPLE,2,20977,7978,398.8500000000001,1048.8000000000002
R005,CNO,T2_SD_CNO,2026_06_21_merged.mat,SAMPLE,2,21005,8006,400.2500000000001,1050.2000000000003
R005,CNO,T2_SD_CNO,2026_06_21_merged.mat,SAMPLE,2,21006,8007,400.30000000000007,1050.25
R005,CNO,T2_SD_CNO,2026_06_21_merged.mat,SAMPLE,2,21007,8008,400.3500000000001,1050.3000000000002
R005,CNO,T2_SD_CNO,2026_06_21_merged.mat,SAMPLE,2,21008,8009,400.4000000000001,1050.3500000000001
R005,CNO,T2_SD_CNO,2026_06_21_merged.mat,SAMPLE,2,21009,8010,400.45000000000005,1050.4
R005,CNO,T2_SD_CNO,2026_06_21_merged.mat,SAMPLE,2,21038,8039,401.9000000000001,1051.8500000000001
R005,CNO,T2_SD_CNO,2026_06_21_merged.mat,SAMPLE,2,21039,8040,401.95000000000005,1051.9
R005,CNO,T2_SD_CNO,2026_06_21_merged.mat,SAMPLE,1,21097,8098,404.8500000000001,1054.8000000000002
R005,CNO,T2_SD_CNO,2026_06_21_merged.mat,SAMPLE,4,21159,8160,407.95000000000005,1057.9
R005,CNO,T2_SD_CNO,2026_06_21_merged.mat,SAMPLE,4,21160,8161,408.0000000000001,1057.9500000000003
R005,CNO,T2_SD_CNO,2026_06_21_merged.mat,SAMPLE,4,21161,8162,408.05000000000007,1058.0
R005,CNO,T2_SD_CNO,2026_06_21_merged.mat,SAMPLE,2,21177,8178,408.8500000000001,1058.8000000000002
R005,CNO,T2_SD_CNO,2026_06_21_merged.mat,SAMPLE,2,21197,8198,409.8500000000001,1059.8000000000002
R005,CNO,T2_SD_CNO,2026_06_21_merged.mat,SAMPLE,2,21198,8199,409.9000000000001,1059.8500000000001
R005,CNO,T2_SD_CNO,2026_06_21_merged.mat,SAMPLE,2,21199,8200,409.95000000000005,1059.9
R005,CNO,T2_SD_CNO,2026_06_21_merged.mat,SAMPLE,2,21201,8202,410.05000000000007,1060.0
R005,CNO,T2_SD_CNO,2026_06_21_merged.mat,SAMPLE,2,21203,8204,410.1500000000001,1060.1000000000001
R005,CNO,T2_SD_CNO,2026_06_21_merged.mat,SAMPLE,2,21269,8270,413.45000000000005,1063.4
R005,CNO,T2_SD_CNO,2026_06_21_merged.mat,SAMPLE,2,21270,8271,413.5000000000001,1063.4500000000003
R005,CNO,T2_SD_CNO,2026_06_21_merged.mat,SAMPLE,2,21271,8272,413.55000000000007,1063.5
R005,CNO,T2_SD_CNO,2026_06_21_merged.mat,SAMPLE,2,21272,8273,413.6000000000001,1063.5500000000002
R005,CNO,T2_SD_CNO,2026_06_21_merged.mat,SAMPLE,2,21284,8285,414.20000000000005,1064.15
R005,CNO,T2_SD_CNO,2026_06_21_merged.mat,SAMPLE,2,21289,8290,414.45000000000005,1064.4
R005,CNO,T2_SD_CNO,2026_06_21_merged.mat,SAMPLE,2,21290,8291,414.5000000000001,1064.4500000000003
R005,CNO,T2_SD_CNO,2026_06_21_merged.mat,SAMPLE,2,21291,8292,414.55000000000007,1064.5
R005,CNO,T2_SD_CNO,2026_06_21_merged.mat,SAMPLE,2,21292,8293,414.6000000000001,1064.5500000000002
R005,CNO,T2_SD_CNO,2026_06_21_merged.mat,SAMPLE,2,21293,8294,414.6500000000001,1064.6000000000001
R005,CNO,T2_SD_CNO,2026_06_21_merged.mat,SAMPLE,2,21294,8295,414.70000000000005,1064.65
R005,CNO,T2_SD_CNO,2026_06_21_merged.mat,SAMPLE,3,21312,8313,415.6000000000001,1065.5500000000002
R005,CNO,T2_SD_CNO,2026_06_21_merged.mat,SAMPLE,3,21313,8314,415.6500000000001,1065.6000000000001
R005,CNO,T2_SD_CNO,2026_06_21_merged.mat,SAMPLE,3,21314,8315,415.70000000000005,1065.65
R005,CNO,T2_SD_CNO,2026_06_21_merged.mat,SAMPLE,3,21315,8316,415.7500000000001,1065.7000000000003
R005,CNO,T2_SD_CNO,2026_06_21_merged.mat,SAMPLE,3,21349,8350,417.45000000000005,1067.4
R005,CNO,T2_SD_CNO,2026_06_21_merged.mat,SAMPLE,3,21437,8438,421.8500000000001,1071.8000000000002
R005,CNO,T2_SD_CNO,2026_06_21_merged.mat,SAMPLE,3,21438,8439,421.9000000000001,1071.8500000000001
R005,CNO,T2_SD_CNO,2026_06_21_merged.mat,SAMPLE,3,21447,8448,422.3500000000001,1072.3000000000002
R005,CNO,T2_SD_CNO,2026_06_21_merged.mat,SAMPLE,3,21448,8449,422.4000000000001,1072.3500000000001
R005,CNO,T2_SD_CNO,2026_06_21_merged.mat,SAMPLE,3,21449,8450,422.45000000000005,1072.4
R005,CNO,T2_SD_CNO,2026_06_21_merged.mat,SAMPLE,3,21450,8451,422.5000000000001,1072.4500000000003
R005,CNO,T2_SD_CNO,2026_06_21_merged.mat,SAMPLE,3,21471,8472,423.55000000000007,1073.5
R005,CNO,T2_SD_CNO,2026_06_21_merged.mat,SAMPLE,3,21472,8473,423.6000000000001,1073.5500000000002
R005,CNO,T2_SD_CNO,2026_06_21_merged.mat,SAMPLE,3,21473,8474,423.6500000000001,1073.6000000000001
R005,CNO,T2_SD_CNO,2026_06_21_merged.mat,SAMPLE,3,21474,8475,423.70000000000005,1073.65
R005,CNO,T2_SD_CNO,2026_06_21_merged.mat,SAMPLE,3,21475,8476,423.7500000000001,1073.7000000000003
R005,CNO,T2_SD_CNO,2026_06_21_merged.mat,SAMPLE,3,21476,8477,423.80000000000007,1073.75
R005,CNO,T2_SD_CNO,2026_06_21_merged.mat,SAMPLE,4,21477,8478,423.8500000000001,1073.8000000000002
R005,CNO,T2_SD_CNO,2026_06_21_merged.mat,SAMPLE,4,21478,8479,423.9000000000001,1073.8500000000001
R005,CNO,T2_SD_CNO,2026_06_21_merged.mat,SAMPLE,2,21513,8514,425.6500000000001,1075.6000000000001
R005,CNO,T2_SD_CNO,2026_06_21_merged.mat,SAMPLE,2,21514,8515,425.70000000000005,1075.65
R005,CNO,T2_SD_CNO,2026_06_21_merged.mat,SAMPLE,2,21515,8516,425.7500000000001,1075.7000000000003
R005,CNO,T2_SD_CNO,2026_06_21_merged.mat,SAMPLE,2,21516,8517,425.80000000000007,1075.75
R005,CNO,T2_SD_CNO,2026_06_21_merged.mat,SAMPLE,2,21517,8518,425.8500000000001,1075.8000000000002
R005,CNO,T2_SD_CNO,2026_06_21_merged.mat,SAMPLE,2,21526,8527,426.30000000000007,1076.25
R005,CNO,T2_SD_CNO,2026_06_21_merged.mat,SAMPLE,2,21527,8528,426.3500000000001,1076.3000000000002
R005,CNO,T2_SD_CNO,2026_06_21_merged.mat,SAMPLE,2,21536,8537,426.80000000000007,1076.75
R005,CNO,T2_SD_CNO,2026_06_21_merged.mat,SAMPLE,4,21573,8574,428.6500000000001,1078.6000000000001
R005,CNO,T2_SD_CNO,2026_06_21_merged.mat,SAMPLE,3,21574,8575,428.70000000000005,1078.65
R005,CNO,T2_SD_CNO,2026_06_21_merged.mat,SAMPLE,3,21575,8576,428.7500000000001,1078.7000000000003
R005,CNO,T2_SD_CNO,2026_06_21_merged.mat,SAMPLE,3,21576,8577,428.80000000000007,1078.75
R005,CNO,T2_SD_CNO,2026_06_21_merged.mat,SAMPLE,3,21577,8578,428.8500000000001,1078.8000000000002
R005,CNO,T2_SD_CNO,2026_06_21_merged.mat,SAMPLE,4,21578,8579,428.9000000000001,1078.8500000000001
R005,CNO,T2_SD_CNO,2026_06_21_merged.mat,SAMPLE,3,21616,8617,430.80000000000007,1080.75
R005,CNO,T2_SD_CNO,2026_06_21_merged.mat,SAMPLE,2,21646,8647,432.30000000000007,1082.25
R005,CNO,T2_SD_CNO,2026_06_21_merged.mat,SAMPLE,2,21647,8648,432.3500000000001,1082.3000000000002
R005,CNO,T2_SD_CNO,2026_06_21_merged.mat,SAMPLE,4,21665,8666,433.2500000000001,1083.2000000000003
R005,CNO,T2_SD_CNO,2026_06_21_merged.mat,SAMPLE,4,21667,8668,433.3500000000001,1083.3000000000002
R005,CNO,T2_SD_CNO,2026_06_21_merged.mat,SAMPLE,3,21674,8675,433.70000000000005,1083.65
R005,CNO,T2_SD_CNO,2026_06_21_merged.mat,SAMPLE,3,21675,8676,433.7500000000001,1083.7000000000003
R005,CNO,T2_SD_CNO,2026_06_21_merged.mat,SAMPLE,3,21676,8677,433.80000000000007,1083.75
R005,CNO,T2_SD_CNO,2026_06_21_merged.mat,SAMPLE,3,21677,8678,433.8500000000001,1083.8000000000002
R005,CNO,T2_SD_CNO,2026_06_21_merged.mat,SAMPLE,3,21678,8679,433.9000000000001,1083.8500000000001
R005,CNO,T2_SD_CNO,2026_06_21_merged.mat,SAMPLE,3,21679,8680,433.95000000000005,1083.9
R005,CNO,T2_SD_CNO,2026_06_21_merged.mat,SAMPLE,3,21680,8681,434.0000000000001,1083.9500000000003
R005,CNO,T2_SD_CNO,2026_06_21_merged.mat,SAMPLE,3,21681,8682,434.05000000000007,1084.0
R005,CNO,T2_SD_CNO,2026_06_21_merged.mat,SAMPLE,3,21682,8683,434.1000000000001,1084.0500000000002
R005,CNO,T2_SD_CNO,2026_06_21_merged.mat,SAMPLE,3,21691,8692,434.55000000000007,1084.5
R005,CNO,T2_SD_CNO,2026_06_21_merged.mat,SAMPLE,3,21731,8732,436.55000000000007,1086.5
R005,CNO,T2_SD_CNO,2026_06_21_merged.mat,SAMPLE,4,21732,8733,436.6000000000001,1086.5500000000002
R005,CNO,T2_SD_CNO,2026_06_21_merged.mat,SAMPLE,4,21733,8734,436.6500000000001,1086.6000000000001
R005,CNO,T2_SD_CNO,2026_06_21_merged.mat,SAMPLE,2,21753,8754,437.6500000000001,1087.6000000000001
R005,CNO,T2_SD_CNO,2026_06_21_merged.mat,SAMPLE,2,21754,8755,437.70000000000005,1087.65
R005,CNO,T2_SD_CNO,2026_06_21_merged.mat,SAMPLE,2,21777,8778,438.8500000000001,1088.8000000000002
R005,CNO,T2_SD_CNO,2026_06_21_merged.mat,SAMPLE,2,21778,8779,438.9000000000001,1088.8500000000001
R005,CNO,T2_SD_CNO,2026_06_21_merged.mat,SAMPLE,2,21779,8780,438.95000000000005,1088.9
R005,CNO,T2_SD_CNO,2026_06_21_merged.mat,SAMPLE,3,21787,8788,439.3500000000001,1089.3000000000002
R005,CNO,T2_SD_CNO,2026_06_21_merged.mat,SAMPLE,3,21853,8854,442.6500000000001,1092.6000000000001
R005,CNO,T2_SD_CNO,2026_06_21_merged.mat,SAMPLE,3,21854,8855,442.70000000000005,1092.65
R005,CNO,T2_SD_CNO,2026_06_21_merged.mat,SAMPLE,3,21855,8856,442.7500000000001,1092.7000000000003
R005,CNO,T2_SD_CNO,2026_06_21_merged.mat,SAMPLE,3,21856,8857,442.80000000000007,1092.75
R005,CNO,T2_SD_CNO,2026_06_21_merged.mat,SAMPLE,3,21857,8858,442.8500000000001,1092.8000000000002
R005,CNO,T2_SD_CNO,2026_06_21_merged.mat,SAMPLE,3,21858,8859,442.9000000000001,1092.8500000000001
R005,CNO,T2_SD_CNO,2026_06_21_merged.mat,SAMPLE,3,21859,8860,442.95000000000005,1092.9
R005,CNO,T2_SD_CNO,2026_06_21_merged.mat,SAMPLE,2,21889,8890,444.45000000000005,1094.4
R005,CNO,T2_SD_CNO,2026_06_21_merged.mat,SAMPLE,2,21890,8891,444.5000000000001,1094.4500000000003
R005,CNO,T2_SD_CNO,2026_06_21_merged.mat,SAMPLE,4,21912,8913,445.6000000000001,1095.5500000000002
R005,CNO,T2_SD_CNO,2026_06_21_merged.mat,SAMPLE,3,21913,8914,445.6500000000001,1095.6000000000001
R005,CNO,T2_SD_CNO,2026_06_21_merged.mat,SAMPLE,3,21914,8915,445.70000000000005,1095.65
R005,CNO,T2_SD_CNO,2026_06_21_merged.mat,SAMPLE,3,21915,8916,445.7500000000001,1095.7000000000003
R005,CNO,T2_SD_CNO,2026_06_21_merged.mat,SAMPLE,3,21916,8917,445.80000000000007,1095.75
R005,CNO,T2_SD_CNO,2026_06_21_merged.mat,SAMPLE,3,21917,8918,445.8500000000001,1095.8000000000002
R005,CNO,T2_SD_CNO,2026_06_21_merged.mat,SAMPLE,3,21918,8919,445.9000000000001,1095.8500000000001
R005,CNO,T2_SD_CNO,2026_06_21_merged.mat,SAMPLE,2,21931,8932,446.55000000000007,1096.5
R005,CNO,T2_SD_CNO,2026_06_21_merged.mat,SAMPLE,2,21932,8933,446.6000000000001,1096.5500000000002
R005,CNO,T2_SD_CNO,2026_06_21_merged.mat,SAMPLE,2,21933,8934,446.6500000000001,1096.6000000000001
R005,CNO,T2_SD_CNO,2026_06_21_merged.mat,SAMPLE,2,21962,8963,448.1000000000001,1098.0500000000002
R005,CNO,T2_SD_CNO,2026_06_21_merged.mat,SAMPLE,2,21963,8964,448.1500000000001,1098.1000000000001
R005,CNO,T2_SD_CNO,2026_06_21_merged.mat,SAMPLE,2,21989,8990,449.45000000000005,1099.4
R005,CNO,T2_SD_CNO,2026_06_21_merged.mat,SAMPLE,2,22037,9038,451.8500000000001,1101.8000000000002
R005,CNO,T2_SD_CNO,2026_06_21_merged.mat,SAMPLE,2,22038,9039,451.9000000000001,1101.8500000000001
R005,CNO,T2_SD_CNO,2026_06_21_merged.mat,SAMPLE,2,22039,9040,451.95000000000005,1101.9
R005,CNO,T2_SD_CNO,2026_06_21_merged.mat,SAMPLE,2,22040,9041,452.0000000000001,1101.9500000000003
R005,CNO,T2_SD_CNO,2026_06_21_merged.mat,SAMPLE,4,22059,9060,452.95000000000005,1102.9
R005,CNO,T2_SD_CNO,2026_06_21_merged.mat,SAMPLE,1,22077,9078,453.8500000000001,1103.8000000000002
R005,CNO,T2_SD_CNO,2026_06_21_merged.mat,SAMPLE,2,22086,9087,454.30000000000007,1104.25
R005,CNO,T2_SD_CNO,2026_06_21_merged.mat,SAMPLE,2,22088,9089,454.4000000000001,1104.3500000000001
R005,CNO,T2_SD_CNO,2026_06_21_merged.mat,SAMPLE,2,22118,9119,455.9000000000001,1105.8500000000001
R005,CNO,T2_SD_CNO,2026_06_21_merged.mat,SAMPLE,2,22119,9120,455.95000000000005,1105.9
R005,CNO,T2_SD_CNO,2026_06_21_merged.mat,SAMPLE,2,22120,9121,456.0000000000001,1105.9500000000003
R005,CNO,T2_SD_CNO,2026_06_21_merged.mat,SAMPLE,2,22121,9122,456.05000000000007,1106.0
R005,CNO,T2_SD_CNO,2026_06_21_merged.mat,SAMPLE,2,22141,9142,457.05000000000007,1107.0
R005,CNO,T2_SD_CNO,2026_06_21_merged.mat,SAMPLE,2,22142,9143,457.1000000000001,1107.0500000000002
R005,CNO,T2_SD_CNO,2026_06_21_merged.mat,SAMPLE,2,22143,9144,457.1500000000001,1107.1000000000001
R005,CNO,T2_SD_CNO,2026_06_21_merged.mat,SAMPLE,2,22144,9145,457.20000000000005,1107.15
R005,CNO,T2_SD_CNO,2026_06_21_merged.mat,SAMPLE,4,22155,9156,457.7500000000001,1107.7000000000003
R005,CNO,T2_SD_CNO,2026_06_21_merged.mat,SAMPLE,3,22156,9157,457.80000000000007,1107.75
R005,CNO,T2_SD_CNO,2026_06_21_merged.mat,SAMPLE,2,22174,9175,458.70000000000005,1108.65
R005,CNO,T2_SD_CNO,2026_06_21_merged.mat,SAMPLE,2,22175,9176,458.7500000000001,1108.7000000000003
R005,CNO,T2_SD_CNO,2026_06_21_merged.mat,SAMPLE,2,22183,9184,459.1500000000001,1109.1000000000001
R005,CNO,T2_SD_CNO,2026_06_21_merged.mat,SAMPLE,2,22184,9185,459.20000000000005,1109.15
R005,CNO,T2_SD_CNO,2026_06_21_merged.mat,SAMPLE,2,22197,9198,459.8500000000001,1109.8000000000002
R005,CNO,T2_SD_CNO,2026_06_21_merged.mat,SAMPLE,2,22198,9199,459.9000000000001,1109.8500000000001
R005,CNO,T2_SD_CNO,2026_06_21_merged.mat,SAMPLE,2,22199,9200,459.95000000000005,1109.9
R005,CNO,T2_SD_CNO,2026_06_21_merged.mat,SAMPLE,2,22200,9201,460.0000000000001,1109.9500000000003
R005,CNO,T2_SD_CNO,2026_06_21_merged.mat,SAMPLE,2,22201,9202,460.05000000000007,1110.0
R005,CNO,T2_SD_CNO,2026_06_21_merged.mat,SAMPLE,2,22202,9203,460.1000000000001,1110.0500000000002
R005,CNO,T2_SD_CNO,2026_06_21_merged.mat,SAMPLE,2,22203,9204,460.1500000000001,1110.1000000000001
R005,CNO,T2_SD_CNO,2026_06_21_merged.mat,SAMPLE,2,22217,9218,460.8500000000001,1110.8000000000002
R005,CNO,T2_SD_CNO,2026_06_21_merged.mat,SAMPLE,2,22218,9219,460.9000000000001,1110.8500000000001
R005,CNO,T2_SD_CNO,2026_06_21_merged.mat,SAMPLE,2,22219,9220,460.95000000000005,1110.9
R005,CNO,T2_SD_CNO,2026_06_21_merged.mat,SAMPLE,2,22220,9221,461.0000000000001,1110.9500000000003
R005,CNO,T2_SD_CNO,2026_06_21_merged.mat,SAMPLE,2,22221,9222,461.05000000000007,1111.0
R005,CNO,T2_SD_CNO,2026_06_21_merged.mat,SAMPLE,2,22222,9223,461.1000000000001,1111.0500000000002
R005,CNO,T2_SD_CNO,2026_06_21_merged.mat,SAMPLE,2,22245,9246,462.2500000000001,1112.2000000000003
R005,CNO,T2_SD_CNO,2026_06_21_merged.mat,SAMPLE,2,22246,9247,462.30000000000007,1112.25
R005,CNO,T2_SD_CNO,2026_06_21_merged.mat,SAMPLE,2,22247,9248,462.3500000000001,1112.3000000000002
R005,CNO,T2_SD_CNO,2026_06_21_merged.mat,SAMPLE,2,22248,9249,462.4000000000001,1112.3500000000001
R005,CNO,T2_SD_CNO,2026_06_21_merged.mat,SAMPLE,2,22249,9250,462.45000000000005,1112.4
R005,CNO,T2_SD_CNO,2026_06_21_merged.mat,SAMPLE,4,22265,9266,463.2500000000001,1113.2000000000003
R005,CNO,T2_SD_CNO,2026_06_21_merged.mat,SAMPLE,4,22266,9267,463.30000000000007,1113.25
R005,CNO,T2_SD_CNO,2026_06_21_merged.mat,SAMPLE,3,22284,9285,464.20000000000005,1114.15
R005,CNO,T2_SD_CNO,2026_06_21_merged.mat,SAMPLE,3,22285,9286,464.2500000000001,1114.2000000000003
R005,CNO,T2_SD_CNO,2026_06_21_merged.mat,SAMPLE,3,22286,9287,464.30000000000007,1114.25
R005,CNO,T2_SD_CNO,2026_06_21_merged.mat,SAMPLE,2,22354,9355,467.70000000000005,1117.65
R005,CNO,T2_SD_CNO,2026_06_21_merged.mat,SAMPLE,2,22365,9366,468.2500000000001,1118.2000000000003
R005,CNO,T2_SD_CNO,2026_06_21_merged.mat,SAMPLE,2,22366,9367,468.30000000000007,1118.25
R005,CNO,T2_SD_CNO,2026_06_21_merged.mat,SAMPLE,3,22374,9375,468.70000000000005,1118.65
R005,CNO,T2_SD_CNO,2026_06_21_merged.mat,SAMPLE,4,22375,9376,468.7500000000001,1118.7000000000003
R005,CNO,T2_SD_CNO,2026_06_21_merged.mat,SAMPLE,4,22377,9378,468.8500000000001,1118.8000000000002
R005,CNO,T2_SD_CNO,2026_06_21_merged.mat,SAMPLE,2,22398,9399,469.9000000000001,1119.8500000000001
R005,CNO,T2_SD_CNO,2026_06_21_merged.mat,SAMPLE,2,22438,9439,471.9000000000001,1121.8500000000001
R005,CNO,T2_SD_CNO,2026_06_21_merged.mat,SAMPLE,2,22439,9440,471.95000000000005,1121.9
R005,CNO,T2_SD_CNO,2026_06_21_merged.mat,SAMPLE,2,22440,9441,472.0000000000001,1121.9500000000003
R005,CNO,T2_SD_CNO,2026_06_21_merged.mat,SAMPLE,2,22441,9442,472.05000000000007,1122.0
R005,CNO,T2_SD_CNO,2026_06_21_merged.mat,SAMPLE,2,22442,9443,472.1000000000001,1122.0500000000002
R005,CNO,T2_SD_CNO,2026_06_21_merged.mat,SAMPLE,2,22463,9464,473.1500000000001,1123.1000000000001
R005,CNO,T2_SD_CNO,2026_06_21_merged.mat,SAMPLE,2,22464,9465,473.20000000000005,1123.15
R005,CNO,T2_SD_CNO,2026_06_21_merged.mat,SAMPLE,2,22486,9487,474.30000000000007,1124.25
R005,CNO,T2_SD_CNO,2026_06_21_merged.mat,SAMPLE,2,22503,9504,475.1500000000001,1125.1000000000001
R005,CNO,T2_SD_CNO,2026_06_21_merged.mat,SAMPLE,2,22504,9505,475.20000000000005,1125.15
R005,CNO,T2_SD_CNO,2026_06_21_merged.mat,SAMPLE,2,22536,9537,476.80000000000007,1126.75
R005,CNO,T2_SD_CNO,2026_06_21_merged.mat,SAMPLE,2,22537,9538,476.8500000000001,1126.8000000000002
R005,CNO,T2_SD_CNO,2026_06_21_merged.mat,SAMPLE,2,22538,9539,476.9000000000001,1126.8500000000001
R005,CNO,T2_SD_CNO,2026_06_21_merged.mat,SAMPLE,2,22539,9540,476.95000000000005,1126.9
R005,CNO,T2_SD_CNO,2026_06_21_merged.mat,SAMPLE,2,22540,9541,477.0000000000001,1126.9500000000003
R005,CNO,T2_SD_CNO,2026_06_21_merged.mat,SAMPLE,2,22566,9567,478.30000000000007,1128.25
R005,CNO,T2_SD_CNO,2026_06_21_merged.mat,SAMPLE,2,22567,9568,478.3500000000001,1128.3000000000002
R005,CNO,T2_SD_CNO,2026_06_21_merged.mat,SAMPLE,2,22568,9569,478.4000000000001,1128.3500000000001
R005,CNO,T2_SD_CNO,2026_06_21_merged.mat,SAMPLE,2,22569,9570,478.45000000000005,1128.4
R005,CNO,T2_SD_CNO,2026_06_21_merged.mat,SAMPLE,2,22570,9571,478.5000000000001,1128.4500000000003
R005,CNO,T2_SD_CNO,2026_06_21_merged.mat,SAMPLE,2,22580,9581,479.0000000000001,1128.9500000000003
R005,CNO,T2_SD_CNO,2026_06_21_merged.mat,SAMPLE,2,22581,9582,479.05000000000007,1129.0
R005,CNO,T2_SD_CNO,2026_06_21_merged.mat,SAMPLE,2,22582,9583,479.1000000000001,1129.0500000000002
R005,CNO,T2_SD_CNO,2026_06_21_merged.mat,SAMPLE,2,22584,9585,479.20000000000005,1129.15
R005,CNO,T2_SD_CNO,2026_06_21_merged.mat,SAMPLE,2,22591,9592,479.55000000000007,1129.5
R005,CNO,T2_SD_CNO,2026_06_21_merged.mat,SAMPLE,2,22592,9593,479.6000000000001,1129.5500000000002
R005,CNO,T2_SD_CNO,2026_06_21_merged.mat,SAMPLE,2,22603,9604,480.1500000000001,1130.1000000000001
R005,CNO,T2_SD_CNO,2026_06_21_merged.mat,SAMPLE,2,22604,9605,480.20000000000005,1130.15
R005,CNO,T2_SD_CNO,2026_06_21_merged.mat,SAMPLE,2,22628,9629,481.4000000000001,1131.3500000000001
R005,CNO,T2_SD_CNO,2026_06_21_merged.mat,SAMPLE,2,22629,9630,481.45000000000005,1131.4
R005,CNO,T2_SD_CNO,2026_06_21_merged.mat,SAMPLE,2,22630,9631,481.5000000000001,1131.4500000000003
R005,CNO,T2_SD_CNO,2026_06_21_merged.mat,SAMPLE,2,22631,9632,481.55000000000007,1131.5
R005,CNO,T2_SD_CNO,2026_06_21_merged.mat,SAMPLE,2,22632,9633,481.6000000000001,1131.5500000000002
R005,CNO,T2_SD_CNO,2026_06_21_merged.mat,SAMPLE,2,22633,9634,481.6500000000001,1131.6000000000001
R005,CNO,T2_SD_CNO,2026_06_21_merged.mat,SAMPLE,2,22634,9635,481.70000000000005,1131.65
R005,CNO,T2_SD_CNO,2026_06_21_merged.mat,SAMPLE,4,22644,9645,482.20000000000005,1132.15
R005,CNO,T2_SD_CNO,2026_06_21_merged.mat,SAMPLE,4,22677,9678,483.8500000000001,1133.8000000000002
R005,CNO,T2_SD_CNO,2026_06_21_merged.mat,SAMPLE,3,22678,9679,483.9000000000001,1133.8500000000001
R005,CNO,T2_SD_CNO,2026_06_21_merged.mat,SAMPLE,4,22727,9728,486.3500000000001,1136.3000000000002
R005,CNO,T2_SD_CNO,2026_06_21_merged.mat,SAMPLE,2,22753,9754,487.6500000000001,1137.6000000000001
R005,CNO,T2_SD_CNO,2026_06_21_merged.mat,SAMPLE,2,22754,9755,487.70000000000005,1137.65
R005,CNO,T2_SD_CNO,2026_06_21_merged.mat,SAMPLE,2,22755,9756,487.7500000000001,1137.7000000000003
R005,CNO,T2_SD_CNO,2026_06_21_merged.mat,SAMPLE,2,22764,9765,488.20000000000005,1138.15
R005,CNO,T2_SD_CNO,2026_06_21_merged.mat,SAMPLE,2,22772,9773,488.6000000000001,1138.5500000000002
R005,CNO,T2_SD_CNO,2026_06_21_merged.mat,SAMPLE,2,22773,9774,488.6500000000001,1138.6000000000001
R005,CNO,T2_SD_CNO,2026_06_21_merged.mat,SAMPLE,2,22774,9775,488.70000000000005,1138.65
R005,CNO,T2_SD_CNO,2026_06_21_merged.mat,SAMPLE,2,22775,9776,488.7500000000001,1138.7000000000003
R005,CNO,T2_SD_CNO,2026_06_21_merged.mat,SAMPLE,2,22790,9791,489.5000000000001,1139.4500000000003
R005,CNO,T2_SD_CNO,2026_06_21_merged.mat,SAMPLE,2,22791,9792,489.55000000000007,1139.5
R005,CNO,T2_SD_CNO,2026_06_21_merged.mat,SAMPLE,2,22792,9793,489.6000000000001,1139.5500000000002
R005,CNO,T2_SD_CNO,2026_06_21_merged.mat,SAMPLE,2,22793,9794,489.6500000000001,1139.6000000000001
R005,CNO,T2_SD_CNO,2026_06_21_merged.mat,SAMPLE,2,22794,9795,489.70000000000005,1139.65
R005,CNO,T2_SD_CNO,2026_06_21_merged.mat,SAMPLE,2,22795,9796,489.7500000000001,1139.7000000000003
R005,CNO,T2_SD_CNO,2026_06_21_merged.mat,SAMPLE,2,22796,9797,489.80000000000007,1139.75
R005,CNO,T2_SD_CNO,2026_06_21_merged.mat,SAMPLE,2,22797,9798,489.8500000000001,1139.8000000000002
R005,CNO,T2_SD_CNO,2026_06_21_merged.mat,SAMPLE,2,22805,9806,490.2500000000001,1140.2000000000003
R005,CNO,T2_SD_CNO,2026_06_21_merged.mat,SAMPLE,2,22806,9807,490.30000000000007,1140.25
R005,CNO,T2_SD_CNO,2026_06_21_merged.mat,SAMPLE,2,22829,9830,491.45000000000005,1141.4
R005,CNO,T2_SD_CNO,2026_06_21_merged.mat,SAMPLE,2,22832,9833,491.6000000000001,1141.5500000000002
R005,CNO,T2_SD_CNO,2026_06_21_merged.mat,SAMPLE,2,22837,9838,491.8500000000001,1141.8000000000002
R005,CNO,T2_SD_CNO,2026_06_21_merged.mat,SAMPLE,2,22838,9839,491.9000000000001,1141.8500000000001
R005,CNO,T2_SD_CNO,2026_06_21_merged.mat,SAMPLE,2,22839,9840,491.95000000000005,1141.9
R005,CNO,T2_SD_CNO,2026_06_21_merged.mat,SAMPLE,2,22840,9841,492.0000000000001,1141.9500000000003
R005,CNO,T2_SD_CNO,2026_06_21_merged.mat,SAMPLE,2,22841,9842,492.05000000000007,1142.0
R005,CNO,T2_SD_CNO,2026_06_21_merged.mat,SAMPLE,2,22859,9860,492.95000000000005,1142.9
R005,CNO,T2_SD_CNO,2026_06_21_merged.mat,SAMPLE,2,22860,9861,493.0000000000001,1142.9500000000003
R005,CNO,T2_SD_CNO,2026_06_21_merged.mat,SAMPLE,2,22861,9862,493.05000000000007,1143.0
R005,CNO,T2_SD_CNO,2026_06_21_merged.mat,SAMPLE,2,22862,9863,493.1000000000001,1143.0500000000002
R005,CNO,T2_SD_CNO,2026_06_21_merged.mat,SAMPLE,2,22884,9885,494.20000000000005,1144.15
R005,CNO,T2_SD_CNO,2026_06_21_merged.mat,SAMPLE,2,22885,9886,494.2500000000001,1144.2000000000003
R005,CNO,T2_SD_CNO,2026_06_21_merged.mat,SAMPLE,2,22886,9887,494.30000000000007,1144.25
R005,CNO,T2_SD_CNO,2026_06_21_merged.mat,SAMPLE,2,22887,9888,494.3500000000001,1144.3000000000002
R005,CNO,T2_SD_CNO,2026_06_21_merged.mat,SAMPLE,2,22888,9889,494.4000000000001,1144.3500000000001
R005,CNO,T2_SD_CNO,2026_06_21_merged.mat,SAMPLE,2,22903,9904,495.1500000000001,1145.1000000000001
R005,CNO,T2_SD_CNO,2026_06_21_merged.mat,SAMPLE,2,22904,9905,495.20000000000005,1145.15
R005,CNO,T2_SD_CNO,2026_06_21_merged.mat,SAMPLE,2,22905,9906,495.2500000000001,1145.2000000000003
R005,CNO,T2_SD_CNO,2026_06_21_merged.mat,SAMPLE,2,22906,9907,495.30000000000007,1145.25
R005,CNO,T2_SD_CNO,2026_06_21_merged.mat,SAMPLE,2,22937,9938,496.8500000000001,1146.8000000000002
R005,CNO,T2_SD_CNO,2026_06_21_merged.mat,SAMPLE,2,22938,9939,496.9000000000001,1146.8500000000001
R005,CNO,T2_SD_CNO,2026_06_21_merged.mat,SAMPLE,2,22939,9940,496.95000000000005,1146.9
R005,CNO,T2_SD_CNO,2026_06_21_merged.mat,SAMPLE,2,22940,9941,497.0000000000001,1146.9500000000003
R005,CNO,T2_SD_CNO,2026_06_21_merged.mat,SAMPLE,2,22941,9942,497.05000000000007,1147.0
R005,CNO,T2_SD_CNO,2026_06_21_merged.mat,SAMPLE,2,22942,9943,497.1000000000001,1147.0500000000002
R005,CNO,T2_SD_CNO,2026_06_21_merged.mat,SAMPLE,2,22949,9950,497.45000000000005,1147.4
R005,CNO,T2_SD_CNO,2026_06_21_merged.mat,SAMPLE,2,22950,9951,497.5000000000001,1147.4500000000003
R005,CNO,T2_SD_CNO,2026_06_21_merged.mat,SAMPLE,2,22951,9952,497.55000000000007,1147.5
R005,CNO,T2_SD_CNO,2026_06_21_merged.mat,SAMPLE,2,22952,9953,497.6000000000001,1147.5500000000002
R005,CNO,T2_SD_CNO,2026_06_21_merged.mat,SAMPLE,2,22953,9954,497.6500000000001,1147.6000000000001
R005,CNO,T2_SD_CNO,2026_06_21_merged.mat,SAMPLE,2,22986,9987,499.30000000000007,1149.25
R005,CNO,T2_SD_CNO,2026_06_21_merged.mat,SAMPLE,2,22987,9988,499.3500000000001,1149.3000000000002
R005,CNO,T2_SD_CNO,2026_06_21_merged.mat,SAMPLE,2,22988,9989,499.4000000000001,1149.3500000000001
R005,CNO,T2_SD_CNO,2026_06_21_merged.mat,SAMPLE,2,22989,9990,499.45000000000005,1149.4
R005,CNO,T2_SD_CNO,2026_06_21_merged.mat,SAMPLE,2,22990,9991,499.5000000000001,1149.4500000000003
R005,CNO,T2_SD_CNO,2026_06_21_merged.mat,SAMPLE,2,22997,9998,499.8500000000001,1149.8000000000002
R005,CNO,T2_SD_CNO,2026_06_21_merged.mat,SAMPLE,2,22998,9999,499.9000000000001,1149.8500000000001
R005,CNO,T2_SD_CNO,2026_06_21_merged.mat,SAMPLE,2,22999,10000,499.95000000000005,1149.9
R005,CNO,T2_SD_CNO,2026_06_21_merged.mat,SAMPLE,2,23000,10001,500.0000000000001,1149.9500000000003
R005,CNO,T2_SD_CNO,2026_06_21_merged.mat,SAMPLE,2,23029,10030,501.45000000000005,1151.4
R005,CNO,T2_SD_CNO,2026_06_21_merged.mat,SAMPLE,2,23030,10031,501.5000000000001,1151.4500000000003
R005,CNO,T2_SD_CNO,2026_06_21_merged.mat,SAMPLE,2,23031,10032,501.55000000000007,1151.5
R005,CNO,T2_SD_CNO,2026_06_21_merged.mat,SAMPLE,2,23043,10044,502.1500000000001,1152.1000000000001
R005,CNO,T2_SD_CNO,2026_06_21_merged.mat,SAMPLE,2,23044,10045,502.20000000000005,1152.15
R005,CNO,T2_SD_CNO,2026_06_21_merged.mat,SAMPLE,2,23045,10046,502.2500000000001,1152.2000000000003
R005,CNO,T2_SD_CNO,2026_06_21_merged.mat,SAMPLE,2,23047,10048,502.3500000000001,1152.3000000000002
R005,CNO,T2_SD_CNO,2026_06_21_merged.mat,SAMPLE,2,23048,10049,502.4000000000001,1152.3500000000001
R005,CNO,T2_SD_CNO,2026_06_21_merged.mat,SAMPLE,2,23049,10050,502.45000000000005,1152.4
R005,CNO,T2_SD_CNO,2026_06_21_merged.mat,SAMPLE,2,23050,10051,502.5000000000001,1152.4500000000003
R005,CNO,T2_SD_CNO,2026_06_21_merged.mat,SAMPLE,2,23051,10052,502.55000000000007,1152.5
R005,CNO,T2_SD_CNO,2026_06_21_merged.mat,SAMPLE,2,23060,10061,503.0000000000001,1152.9500000000003
R005,CNO,T2_SD_CNO,2026_06_21_merged.mat,SAMPLE,2,23061,10062,503.05000000000007,1153.0
R005,CNO,T2_SD_CNO,2026_06_21_merged.mat,SAMPLE,2,23062,10063,503.1000000000001,1153.0500000000002
R005,CNO,T2_SD_CNO,2026_06_21_merged.mat,SAMPLE,2,23063,10064,503.1500000000001,1153.1000000000001
R005,CNO,T2_SD_CNO,2026_06_21_merged.mat,SAMPLE,2,23064,10065,503.20000000000005,1153.15
R005,CNO,T2_SD_CNO,2026_06_21_merged.mat,SAMPLE,2,23071,10072,503.55000000000007,1153.5
R005,CNO,T2_SD_CNO,2026_06_21_merged.mat,SAMPLE,2,23072,10073,503.6000000000001,1153.5500000000002
R005,CNO,T2_SD_CNO,2026_06_21_merged.mat,SAMPLE,2,23073,10074,503.6500000000001,1153.6000000000001
R005,CNO,T2_SD_CNO,2026_06_21_merged.mat,SAMPLE,2,23090,10091,504.5000000000001,1154.4500000000003
R005,CNO,T2_SD_CNO,2026_06_21_merged.mat,SAMPLE,2,23095,10096,504.7500000000001,1154.7000000000003
R005,CNO,T2_SD_CNO,2026_06_21_merged.mat,SAMPLE,2,23099,10100,504.95000000000005,1154.9
R005,CNO,T2_SD_CNO,2026_06_21_merged.mat,SAMPLE,2,23100,10101,505.0000000000001,1154.9500000000003
R005,CNO,T2_SD_CNO,2026_06_21_merged.mat,SAMPLE,2,23103,10104,505.1500000000001,1155.1000000000001
R005,CNO,T2_SD_CNO,2026_06_21_merged.mat,SAMPLE,2,23104,10105,505.20000000000005,1155.15
R005,CNO,T2_SD_CNO,2026_06_21_merged.mat,SAMPLE,2,23105,10106,505.2500000000001,1155.2000000000003
R005,CNO,T2_SD_CNO,2026_06_21_merged.mat,SAMPLE,2,23106,10107,505.30000000000007,1155.25
R005,CNO,T2_SD_CNO,2026_06_21_merged.mat,SAMPLE,2,23107,10108,505.3500000000001,1155.3000000000002
R005,CNO,T2_SD_CNO,2026_06_21_merged.mat,SAMPLE,2,23108,10109,505.4000000000001,1155.3500000000001
R005,CNO,T2_SD_CNO,2026_06_21_merged.mat,SAMPLE,2,23109,10110,505.45000000000005,1155.4
R005,CNO,T2_SD_CNO,2026_06_21_merged.mat,SAMPLE,2,23110,10111,505.5000000000001,1155.4500000000003
R005,CNO,T2_SD_CNO,2026_06_21_merged.mat,SAMPLE,2,23131,10132,506.55000000000007,1156.5
R005,CNO,T2_SD_CNO,2026_06_21_merged.mat,SAMPLE,2,23132,10133,506.6000000000001,1156.5500000000002
R005,CNO,T2_SD_CNO,2026_06_21_merged.mat,SAMPLE,2,23133,10134,506.6500000000001,1156.6000000000001
R005,CNO,T2_SD_CNO,2026_06_21_merged.mat,SAMPLE,2,23140,10141,507.0000000000001,1156.9500000000003
R005,CNO,T2_SD_CNO,2026_06_21_merged.mat,SAMPLE,2,23141,10142,507.05000000000007,1157.0
R005,CNO,T2_SD_CNO,2026_06_21_merged.mat,SAMPLE,2,23142,10143,507.1000000000001,1157.0500000000002
R005,CNO,T2_SD_CNO,2026_06_21_merged.mat,SAMPLE,2,23143,10144,507.1500000000001,1157.1000000000001
R005,CNO,T2_SD_CNO,2026_06_21_merged.mat,SAMPLE,2,23150,10151,507.5000000000001,1157.4500000000003
R005,CNO,T2_SD_CNO,2026_06_21_merged.mat,SAMPLE,2,23152,10153,507.6000000000001,1157.5500000000002
R005,CNO,T2_SD_CNO,2026_06_21_merged.mat,SAMPLE,2,23166,10167,508.30000000000007,1158.25
R005,CNO,T2_SD_CNO,2026_06_21_merged.mat,SAMPLE,2,23167,10168,508.3500000000001,1158.3000000000002
R005,CNO,T2_SD_CNO,2026_06_21_merged.mat,SAMPLE,2,23168,10169,508.4000000000001,1158.3500000000001
R005,CNO,T2_SD_CNO,2026_06_21_merged.mat,SAMPLE,2,23169,10170,508.45000000000005,1158.4
R005,CNO,T2_SD_CNO,2026_06_21_merged.mat,SAMPLE,2,23170,10171,508.5000000000001,1158.4500000000003
R005,CNO,T2_SD_CNO,2026_06_21_merged.mat,SAMPLE,2,23171,10172,508.55000000000007,1158.5
R005,CNO,T2_SD_CNO,2026_06_21_merged.mat,SAMPLE,2,23172,10173,508.6000000000001,1158.5500000000002
R005,CNO,T2_SD_CNO,2026_06_21_merged.mat,SAMPLE,2,23173,10174,508.6500000000001,1158.6000000000001
R005,CNO,T2_SD_CNO,2026_06_21_merged.mat,SAMPLE,2,23174,10175,508.70000000000005,1158.65
R005,CNO,T2_SD_CNO,2026_06_21_merged.mat,SAMPLE,2,23180,10181,509.0000000000001,1158.9500000000003
R005,CNO,T2_SD_CNO,2026_06_21_merged.mat,SAMPLE,2,23181,10182,509.05000000000007,1159.0
R005,CNO,T2_SD_CNO,2026_06_21_merged.mat,SAMPLE,2,23182,10183,509.1000000000001,1159.0500000000002
R005,CNO,T2_SD_CNO,2026_06_21_merged.mat,SAMPLE,2,23183,10184,509.1500000000001,1159.1000000000001
R005,CNO,T2_SD_CNO,2026_06_21_merged.mat,SAMPLE,2,23184,10185,509.20000000000005,1159.15
R005,CNO,T2_SD_CNO,2026_06_21_merged.mat,SAMPLE,2,23185,10186,509.2500000000001,1159.2000000000003
R005,CNO,T2_SD_CNO,2026_06_21_merged.mat,SAMPLE,2,23192,10193,509.6000000000001,1159.5500000000002
R005,CNO,T2_SD_CNO,2026_06_21_merged.mat,SAMPLE,2,23193,10194,509.6500000000001,1159.6000000000001
R005,CNO,T2_SD_CNO,2026_06_21_merged.mat,SAMPLE,2,23194,10195,509.70000000000005,1159.65
R005,CNO,T2_SD_CNO,2026_06_21_merged.mat,SAMPLE,2,23195,10196,509.7500000000001,1159.7000000000003
R005,CNO,T2_SD_CNO,2026_06_21_merged.mat,SAMPLE,2,23196,10197,509.80000000000007,1159.75
R005,CNO,T2_SD_CNO,2026_06_21_merged.mat,SAMPLE,2,23197,10198,509.8500000000001,1159.8000000000002
R005,CNO,T2_SD_CNO,2026_06_21_merged.mat,SAMPLE,1,23207,10208,510.3500000000001,1160.3000000000002
R005,CNO,T2_SD_CNO,2026_06_21_merged.mat,SAMPLE,2,23210,10211,510.5000000000001,1160.4500000000003
R005,CNO,T2_SD_CNO,2026_06_21_merged.mat,SAMPLE,2,23215,10216,510.7500000000001,1160.7000000000003
R005,CNO,T2_SD_CNO,2026_06_21_merged.mat,SAMPLE,2,23216,10217,510.80000000000007,1160.75
R005,CNO,T2_SD_CNO,2026_06_21_merged.mat,SAMPLE,2,23217,10218,510.8500000000001,1160.8000000000002
R005,CNO,T2_SD_CNO,2026_06_21_merged.mat,SAMPLE,2,23218,10219,510.9000000000001,1160.8500000000001
R005,CNO,T2_SD_CNO,2026_06_21_merged.mat,SAMPLE,2,23219,10220,510.95000000000005,1160.9
R005,CNO,T2_SD_CNO,2026_06_21_merged.mat,SAMPLE,2,23220,10221,511.0000000000001,1160.9500000000003
R005,CNO,T2_SD_CNO,2026_06_21_merged.mat,SAMPLE,2,23221,10222,511.05000000000007,1161.0
R005,CNO,T2_SD_CNO,2026_06_21_merged.mat,SAMPLE,2,23224,10225,511.20000000000005,1161.15
R005,CNO,T2_SD_CNO,2026_06_21_merged.mat,SAMPLE,2,23225,10226,511.2500000000001,1161.2000000000003
R005,CNO,T2_SD_CNO,2026_06_21_merged.mat,SAMPLE,2,23226,10227,511.30000000000007,1161.25
R005,CNO,T2_SD_CNO,2026_06_21_merged.mat,SAMPLE,2,23227,10228,511.3500000000001,1161.3000000000002
R005,CNO,T2_SD_CNO,2026_06_21_merged.mat,SAMPLE,2,23228,10229,511.4000000000001,1161.3500000000001
R005,CNO,T2_SD_CNO,2026_06_21_merged.mat,SAMPLE,2,23229,10230,511.45000000000005,1161.4
R005,CNO,T2_SD_CNO,2026_06_21_merged.mat,SAMPLE,1,23243,10244,512.1500000000001,1162.1000000000001
R005,CNO,T2_SD_CNO,2026_06_21_merged.mat,SAMPLE,1,23244,10245,512.2,1162.15
R005,CNO,T2_SD_CNO,2026_06_21_merged.mat,SAMPLE,1,23245,10246,512.2500000000001,1162.2000000000003
R005,CNO,T2_SD_CNO,2026_06_21_merged.mat,SAMPLE,1,23246,10247,512.3000000000001,1162.25
R005,CNO,T2_SD_CNO,2026_06_21_merged.mat,SAMPLE,2,23248,10249,512.4000000000001,1162.3500000000001
R005,CNO,T2_SD_CNO,2026_06_21_merged.mat,SAMPLE,2,23257,10258,512.8500000000001,1162.8000000000002
R005,CNO,T2_SD_CNO,2026_06_21_merged.mat,SAMPLE,2,23258,10259,512.9000000000001,1162.8500000000001
R005,CNO,T2_SD_CNO,2026_06_21_merged.mat,SAMPLE,2,23273,10274,513.6500000000001,1163.6000000000001
R005,CNO,T2_SD_CNO,2026_06_21_merged.mat,SAMPLE,2,23274,10275,513.7,1163.65
R005,CNO,T2_SD_CNO,2026_06_21_merged.mat,SAMPLE,2,23282,10283,514.1000000000001,1164.0500000000002
R005,CNO,T2_SD_CNO,2026_06_21_merged.mat,SAMPLE,2,23284,10285,514.2,1164.15
R005,CNO,T2_SD_CNO,2026_06_21_merged.mat,SAMPLE,2,23293,10294,514.6500000000001,1164.6000000000001
R005,CNO,T2_SD_CNO,2026_06_21_merged.mat,SAMPLE,2,23294,10295,514.7,1164.65
R005,CNO,T2_SD_CNO,2026_06_21_merged.mat,SAMPLE,2,23295,10296,514.7500000000001,1164.7000000000003
R005,CNO,T2_SD_CNO,2026_06_21_merged.mat,SAMPLE,1,23305,10306,515.2500000000001,1165.2000000000003
R005,CNO,T2_SD_CNO,2026_06_21_merged.mat,SAMPLE,2,23307,10308,515.3500000000001,1165.3000000000002
R005,CNO,T2_SD_CNO,2026_06_21_merged.mat,SAMPLE,1,23308,10309,515.4000000000001,1165.3500000000001
R005,CNO,T2_SD_CNO,2026_06_21_merged.mat,SAMPLE,1,23309,10310,515.45,1165.4
R005,CNO,T2_SD_CNO,2026_06_21_merged.mat,SAMPLE,1,23342,10343,517.1000000000001,1167.0500000000002
R005,CNO,T2_SD_CNO,2026_06_21_merged.mat,SAMPLE,2,23346,10347,517.3000000000001,1167.25
R005,CNO,T2_SD_CNO,2026_06_21_merged.mat,SAMPLE,2,23347,10348,517.3500000000001,1167.3000000000002
R005,CNO,T2_SD_CNO,2026_06_21_merged.mat,SAMPLE,2,23348,10349,517.4000000000001,1167.3500000000001
R005,CNO,T2_SD_CNO,2026_06_21_merged.mat,SAMPLE,2,23349,10350,517.45,1167.4
R005,CNO,T2_SD_CNO,2026_06_21_merged.mat,SAMPLE,2,23350,10351,517.5000000000001,1167.4500000000003
R005,CNO,T2_SD_CNO,2026_06_21_merged.mat,SAMPLE,2,23357,10358,517.8500000000001,1167.8000000000002
R005,CNO,T2_SD_CNO,2026_06_21_merged.mat,SAMPLE,2,23358,10359,517.9000000000001,1167.8500000000001
R005,CNO,T2_SD_CNO,2026_06_21_merged.mat,SAMPLE,2,23359,10360,517.95,1167.9
R005,CNO,T2_SD_CNO,2026_06_21_merged.mat,SAMPLE,2,23430,10431,521.5000000000001,1171.4500000000003
R005,CNO,T2_SD_CNO,2026_06_21_merged.mat,SAMPLE,4,23466,10467,523.3000000000001,1173.25
R005,CNO,T2_SD_CNO,2026_06_21_merged.mat,SAMPLE,3,23467,10468,523.3500000000001,1173.3000000000002
R005,CNO,T2_SD_CNO,2026_06_21_merged.mat,SAMPLE,4,23468,10469,523.4000000000001,1173.3500000000001
R005,CNO,T2_SD_CNO,2026_06_21_merged.mat,SAMPLE,3,23469,10470,523.45,1173.4
R005,CNO,T2_SD_CNO,2026_06_21_merged.mat,SAMPLE,2,23481,10482,524.0500000000001,1174.0
R005,CNO,T2_SD_CNO,2026_06_21_merged.mat,SAMPLE,2,23482,10483,524.1000000000001,1174.0500000000002
R005,CNO,T2_SD_CNO,2026_06_21_merged.mat,SAMPLE,2,23513,10514,525.6500000000001,1175.6000000000001
R005,CNO,T2_SD_CNO,2026_06_21_merged.mat,SAMPLE,4,23522,10523,526.1000000000001,1176.0500000000002
R005,CNO,T2_SD_CNO,2026_06_21_merged.mat,SAMPLE,2,23532,10533,526.6000000000001,1176.5500000000002
R005,CNO,T2_SD_CNO,2026_06_21_merged.mat,SAMPLE,2,23533,10534,526.6500000000001,1176.6000000000001
R005,CNO,T2_SD_CNO,2026_06_21_merged.mat,SAMPLE,2,23534,10535,526.7,1176.65
R005,CNO,T2_SD_CNO,2026_06_21_merged.mat,SAMPLE,2,23535,10536,526.7500000000001,1176.7000000000003
R005,CNO,T2_SD_CNO,2026_06_21_merged.mat,SAMPLE,1,23544,10545,527.2,1177.15
R005,CNO,T2_SD_CNO,2026_06_21_merged.mat,SAMPLE,3,23550,10551,527.5000000000001,1177.4500000000003
R005,CNO,T2_SD_CNO,2026_06_21_merged.mat,SAMPLE,4,23598,10599,529.9000000000001,1179.8500000000001
R005,CNO,T2_SD_CNO,2026_06_21_merged.mat,SAMPLE,2,23607,10608,530.3500000000001,1180.3000000000002
R005,CNO,T2_SD_CNO,2026_06_21_merged.mat,SAMPLE,2,23608,10609,530.4000000000001,1180.3500000000001
R005,CNO,T2_SD_CNO,2026_06_21_merged.mat,SAMPLE,2,23609,10610,530.45,1180.4
R005,CNO,T2_SD_CNO,2026_06_21_merged.mat,SAMPLE,4,23618,10619,530.9000000000001,1180.8500000000001
R005,CNO,T2_SD_CNO,2026_06_21_merged.mat,SAMPLE,1,23624,10625,531.2,1181.15
R005,CNO,T2_SD_CNO,2026_06_21_merged.mat,SAMPLE,2,23635,10636,531.7500000000001,1181.7000000000003
R005,CNO,T2_SD_CNO,2026_06_21_merged.mat,SAMPLE,2,23636,10637,531.8000000000001,1181.75
R005,CNO,T2_SD_CNO,2026_06_21_merged.mat,SAMPLE,2,23655,10656,532.7500000000001,1182.7000000000003
R005,CNO,T2_SD_CNO,2026_06_21_merged.mat,SAMPLE,2,23656,10657,532.8000000000001,1182.75
R005,CNO,T2_SD_CNO,2026_06_21_merged.mat,SAMPLE,2,23658,10659,532.9000000000001,1182.8500000000001
R005,CNO,T2_SD_CNO,2026_06_21_merged.mat,SAMPLE,2,23685,10686,534.2500000000001,1184.2000000000003
R005,CNO,T2_SD_CNO,2026_06_21_merged.mat,SAMPLE,2,23686,10687,534.3000000000001,1184.25
R005,CNO,T2_SD_CNO,2026_06_21_merged.mat,SAMPLE,3,23696,10697,534.8000000000001,1184.75
R005,CNO,T2_SD_CNO,2026_06_21_merged.mat,SAMPLE,2,23715,10716,535.7500000000001,1185.7000000000003
R005,CNO,T2_SD_CNO,2026_06_21_merged.mat,SAMPLE,2,23716,10717,535.8000000000001,1185.75
R005,CNO,T2_SD_CNO,2026_06_21_merged.mat,SAMPLE,2,23717,10718,535.8500000000001,1185.8000000000002
R005,CNO,T2_SD_CNO,2026_06_21_merged.mat,SAMPLE,2,23718,10719,535.9000000000001,1185.8500000000001
R005,CNO,T2_SD_CNO,2026_06_21_merged.mat,SAMPLE,2,23719,10720,535.95,1185.9
R005,CNO,T2_SD_CNO,2026_06_21_merged.mat,SAMPLE,2,23781,10782,539.0500000000001,1189.0
R005,CNO,T2_SD_CNO,2026_06_21_merged.mat,SAMPLE,2,23782,10783,539.1000000000001,1189.0500000000002
R005,CNO,T2_SD_CNO,2026_06_21_merged.mat,SAMPLE,2,23783,10784,539.1500000000001,1189.1000000000001
R005,CNO,T2_SD_CNO,2026_06_21_merged.mat,SAMPLE,2,23791,10792,539.5500000000001,1189.5
R005,CNO,T2_SD_CNO,2026_06_21_merged.mat,SAMPLE,2,23792,10793,539.6000000000001,1189.5500000000002
R005,CNO,T2_SD_CNO,2026_06_21_merged.mat,SAMPLE,2,23793,10794,539.6500000000001,1189.6000000000001
R005,CNO,T2_SD_CNO,2026_06_21_merged.mat,SAMPLE,2,23794,10795,539.7,1189.65
R005,CNO,T2_SD_CNO,2026_06_21_merged.mat,SAMPLE,2,23795,10796,539.7500000000001,1189.7000000000003
R005,CNO,T2_SD_CNO,2026_06_21_merged.mat,SAMPLE,2,23796,10797,539.8000000000001,1189.75
R005,CNO,T2_SD_CNO,2026_06_21_merged.mat,SAMPLE,2,23797,10798,539.8500000000001,1189.8000000000002
R005,CNO,T2_SD_CNO,2026_06_21_merged.mat,SAMPLE,1,23856,10857,542.8000000000001,1192.75
R005,CNO,T2_SD_CNO,2026_06_21_merged.mat,SAMPLE,1,23857,10858,542.8500000000001,1192.8000000000002
R005,CNO,T2_SD_CNO,2026_06_21_merged.mat,SAMPLE,1,23858,10859,542.9000000000001,1192.8500000000001
R005,CNO,T2_SD_CNO,2026_06_21_merged.mat,SAMPLE,1,23859,10860,542.95,1192.9
R005,CNO,T2_SD_CNO,2026_06_21_merged.mat,SAMPLE,1,23860,10861,543.0000000000001,1192.9500000000003
R005,CNO,T2_SD_CNO,2026_06_21_merged.mat,SAMPLE,4,23916,10917,545.8000000000001,1195.75
R005,CNO,T2_SD_CNO,2026_06_21_merged.mat,SAMPLE,1,23927,10928,546.3500000000001,1196.3000000000002
R005,CNO,T2_SD_CNO,2026_06_21_merged.mat,SAMPLE,2,23928,10929,546.4000000000001,1196.3500000000001
R005,CNO,T2_SD_CNO,2026_06_21_merged.mat,SAMPLE,2,23953,10954,547.6500000000001,1197.6000000000001
R005,CNO,T2_SD_CNO,2026_06_21_merged.mat,SAMPLE,2,23954,10955,547.7,1197.65
R005,CNO,T2_SD_CNO,2026_06_21_merged.mat,SAMPLE,2,23988,10989,549.4000000000001,1199.3500000000001
R005,CNO,T2_SD_CNO,2026_06_21_merged.mat,SAMPLE,2,23989,10990,549.45,1199.4
R005,CNO,T2_SD_CNO,2026_06_21_merged.mat,SAMPLE,2,23990,10991,549.5000000000001,1199.4500000000003
R005,CNO,T2_SD_CNO,2026_06_21_merged.mat,SAMPLE,2,23991,10992,549.5500000000001,1199.5
R005,CNO,T2_SD_CNO,2026_06_21_merged.mat,SAMPLE,2,23992,10993,549.6000000000001,1199.5500000000002
R005,CNO,T2_SD_CNO,2026_06_21_merged.mat,SAMPLE,2,23993,10994,549.6500000000001,1199.6000000000001
R005,CNO,T2_SD_CNO,2026_06_21_merged.mat,SAMPLE,2,23994,10995,549.7,1199.65
R005,CNO,T2_SD_CNO,2026_06_21_merged.mat,SAMPLE,2,24014,11015,550.7,1200.65
R005,CNO,T2_SD_CNO,2026_06_21_merged.mat,SAMPLE,2,24028,11029,551.4000000000001,1201.3500000000001
R005,CNO,T2_SD_CNO,2026_06_21_merged.mat,SAMPLE,2,24029,11030,551.45,1201.4
R005,CNO,T2_SD_CNO,2026_06_21_merged.mat,SAMPLE,2,24030,11031,551.5000000000001,1201.4500000000003
R005,CNO,T2_SD_CNO,2026_06_21_merged.mat,SAMPLE,2,24046,11047,552.3000000000001,1202.25
R005,CNO,T2_SD_CNO,2026_06_21_merged.mat,SAMPLE,2,24047,11048,552.3500000000001,1202.3000000000002
R005,CNO,T2_SD_CNO,2026_06_21_merged.mat,SAMPLE,2,24048,11049,552.4000000000001,1202.3500000000001
R005,CNO,T2_SD_CNO,2026_06_21_merged.mat,SAMPLE,2,24049,11050,552.45,1202.4
R005,CNO,T2_SD_CNO,2026_06_21_merged.mat,SAMPLE,2,24050,11051,552.5000000000001,1202.4500000000003
R005,CNO,T2_SD_CNO,2026_06_21_merged.mat,SAMPLE,2,24091,11092,554.5500000000001,1204.5
R005,CNO,T2_SD_CNO,2026_06_21_merged.mat,SAMPLE,2,24092,11093,554.6000000000001,1204.5500000000002
R005,CNO,T2_SD_CNO,2026_06_21_merged.mat,SAMPLE,2,24093,11094,554.6500000000001,1204.6000000000001
R005,CNO,T2_SD_CNO,2026_06_21_merged.mat,SAMPLE,2,24094,11095,554.7,1204.65
R005,CNO,T2_SD_CNO,2026_06_21_merged.mat,SAMPLE,2,24105,11106,555.2500000000001,1205.2000000000003
R005,CNO,T2_SD_CNO,2026_06_21_merged.mat,SAMPLE,2,24106,11107,555.3000000000001,1205.25
R005,CNO,T2_SD_CNO,2026_06_21_merged.mat,SAMPLE,2,24124,11125,556.2,1206.15
R005,CNO,T2_SD_CNO,2026_06_21_merged.mat,SAMPLE,2,24125,11126,556.2500000000001,1206.2000000000003
R005,CNO,T2_SD_CNO,2026_06_21_merged.mat,SAMPLE,2,24126,11127,556.3000000000001,1206.25
R005,CNO,T2_SD_CNO,2026_06_21_merged.mat,SAMPLE,2,24127,11128,556.3500000000001,1206.3000000000002
R005,CNO,T2_SD_CNO,2026_06_21_merged.mat,SAMPLE,2,24128,11129,556.4000000000001,1206.3500000000001
R005,CNO,T2_SD_CNO,2026_06_21_merged.mat,SAMPLE,2,24129,11130,556.45,1206.4
R005,CNO,T2_SD_CNO,2026_06_21_merged.mat,SAMPLE,4,24140,11141,557.0000000000001,1206.9500000000003
R005,CNO,T2_SD_CNO,2026_06_21_merged.mat,SAMPLE,4,24141,11142,557.0500000000001,1207.0
R005,CNO,T2_SD_CNO,2026_06_21_merged.mat,SAMPLE,4,24142,11143,557.1000000000001,1207.0500000000002
R005,CNO,T2_SD_CNO,2026_06_21_merged.mat,SAMPLE,1,24168,11169,558.4000000000001,1208.3500000000001
R005,CNO,T2_SD_CNO,2026_06_21_merged.mat,SAMPLE,1,24169,11170,558.45,1208.4
R005,CNO,T2_SD_CNO,2026_06_21_merged.mat,SAMPLE,2,24171,11172,558.5500000000001,1208.5
R005,CNO,T2_SD_CNO,2026_06_21_merged.mat,SAMPLE,2,24172,11173,558.6000000000001,1208.5500000000002
R005,CNO,T2_SD_CNO,2026_06_21_merged.mat,SAMPLE,2,24173,11174,558.6500000000001,1208.6000000000001
R005,CNO,T2_SD_CNO,2026_06_21_merged.mat,SAMPLE,2,24174,11175,558.7,1208.65
R005,CNO,T2_SD_CNO,2026_06_21_merged.mat,SAMPLE,4,24190,11191,559.5000000000001,1209.4500000000003
R005,CNO,T2_SD_CNO,2026_06_21_merged.mat,SAMPLE,4,24192,11193,559.6000000000001,1209.5500000000002
R005,CNO,T2_SD_CNO,2026_06_21_merged.mat,SAMPLE,2,24221,11222,561.0500000000001,1211.0
R005,CNO,T2_SD_CNO,2026_06_21_merged.mat,SAMPLE,2,24222,11223,561.1000000000001,1211.0500000000002
R005,CNO,T2_SD_CNO,2026_06_21_merged.mat,SAMPLE,2,24223,11224,561.1500000000001,1211.1000000000001
R005,CNO,T2_SD_CNO,2026_06_21_merged.mat,SAMPLE,2,24224,11225,561.2,1211.15
R005,CNO,T2_SD_CNO,2026_06_21_merged.mat,SAMPLE,2,24225,11226,561.2500000000001,1211.2000000000003
R005,CNO,T2_SD_CNO,2026_06_21_merged.mat,SAMPLE,1,24227,11228,561.3500000000001,1211.3000000000002
R005,CNO,T2_SD_CNO,2026_06_21_merged.mat,SAMPLE,1,24228,11229,561.4000000000001,1211.3500000000001
R005,CNO,T2_SD_CNO,2026_06_21_merged.mat,SAMPLE,2,24244,11245,562.2,1212.15
R005,CNO,T2_SD_CNO,2026_06_21_merged.mat,SAMPLE,2,24245,11246,562.2500000000001,1212.2000000000003
R005,CNO,T2_SD_CNO,2026_06_21_merged.mat,SAMPLE,2,24246,11247,562.3000000000001,1212.25
R005,CNO,T2_SD_CNO,2026_06_21_merged.mat,SAMPLE,2,24247,11248,562.3500000000001,1212.3000000000002
R005,CNO,T2_SD_CNO,2026_06_21_merged.mat,SAMPLE,2,24252,11253,562.6000000000001,1212.5500000000002
R005,CNO,T2_SD_CNO,2026_06_21_merged.mat,SAMPLE,2,24253,11254,562.6500000000001,1212.6000000000001
R005,CNO,T2_SD_CNO,2026_06_21_merged.mat,SAMPLE,2,24257,11258,562.8500000000001,1212.8000000000002
R005,CNO,T2_SD_CNO,2026_06_21_merged.mat,SAMPLE,2,24277,11278,563.8500000000001,1213.8000000000002
R005,CNO,T2_SD_CNO,2026_06_21_merged.mat,SAMPLE,2,24278,11279,563.9000000000001,1213.8500000000001
R005,CNO,T2_SD_CNO,2026_06_21_merged.mat,SAMPLE,2,24279,11280,563.95,1213.9
R005,CNO,T2_SD_CNO,2026_06_21_merged.mat,SAMPLE,2,24280,11281,564.0000000000001,1213.9500000000003
R005,CNO,T2_SD_CNO,2026_06_21_merged.mat,SAMPLE,2,24281,11282,564.0500000000001,1214.0
R005,CNO,T2_SD_CNO,2026_06_21_merged.mat,SAMPLE,2,24282,11283,564.1000000000001,1214.0500000000002
R005,CNO,T2_SD_CNO,2026_06_21_merged.mat,SAMPLE,2,24290,11291,564.5000000000001,1214.4500000000003
R005,CNO,T2_SD_CNO,2026_06_21_merged.mat,SAMPLE,2,24291,11292,564.5500000000001,1214.5
R005,CNO,T2_SD_CNO,2026_06_21_merged.mat,SAMPLE,2,24292,11293,564.6000000000001,1214.5500000000002
R005,CNO,T2_SD_CNO,2026_06_21_merged.mat,SAMPLE,2,24293,11294,564.6500000000001,1214.6000000000001
R005,CNO,T2_SD_CNO,2026_06_21_merged.mat,SAMPLE,2,24310,11311,565.5000000000001,1215.4500000000003
R005,CNO,T2_SD_CNO,2026_06_21_merged.mat,SAMPLE,2,24311,11312,565.5500000000001,1215.5
R005,CNO,T2_SD_CNO,2026_06_21_merged.mat,SAMPLE,2,24312,11313,565.6000000000001,1215.5500000000002
R005,CNO,T2_SD_CNO,2026_06_21_merged.mat,SAMPLE,2,24313,11314,565.6500000000001,1215.6000000000001
R005,CNO,T2_SD_CNO,2026_06_21_merged.mat,SAMPLE,2,24314,11315,565.7,1215.65
R005,CNO,T2_SD_CNO,2026_06_21_merged.mat,SAMPLE,2,24315,11316,565.7500000000001,1215.7000000000003
R005,CNO,T2_SD_CNO,2026_06_21_merged.mat,SAMPLE,4,24328,11329,566.4000000000001,1216.3500000000001
R005,CNO,T2_SD_CNO,2026_06_21_merged.mat,SAMPLE,3,24329,11330,566.45,1216.4
R005,CNO,T2_SD_CNO,2026_06_21_merged.mat,SAMPLE,1,24349,11350,567.45,1217.4
R005,CNO,T2_SD_CNO,2026_06_21_merged.mat,SAMPLE,1,24350,11351,567.5000000000001,1217.4500000000003
R005,CNO,T2_SD_CNO,2026_06_21_merged.mat,SAMPLE,1,24351,11352,567.5500000000001,1217.5
R005,CNO,T2_SD_CNO,2026_06_21_merged.mat,SAMPLE,1,24353,11354,567.6500000000001,1217.6000000000001
R005,CNO,T2_SD_CNO,2026_06_21_merged.mat,SAMPLE,1,24389,11390,569.45,1219.4
R005,CNO,T2_SD_CNO,2026_06_21_merged.mat,SAMPLE,1,24390,11391,569.5000000000001,1219.4500000000003
R005,CNO,T2_SD_CNO,2026_06_21_merged.mat,SAMPLE,1,24420,11421,571.0000000000001,1220.9500000000003
R005,CNO,T2_SD_CNO,2026_06_21_merged.mat,SAMPLE,3,24429,11430,571.45,1221.4
R005,CNO,T2_SD_CNO,2026_06_21_merged.mat,SAMPLE,3,24430,11431,571.5000000000001,1221.4500000000003
R005,CNO,T2_SD_CNO,2026_06_21_merged.mat,SAMPLE,3,24431,11432,571.5500000000001,1221.5
R005,CNO,T2_SD_CNO,2026_06_21_merged.mat,SAMPLE,3,24432,11433,571.6000000000001,1221.5500000000002
R005,CNO,T2_SD_CNO,2026_06_21_merged.mat,SAMPLE,2,24455,11456,572.7500000000001,1222.7000000000003
R005,CNO,T2_SD_CNO,2026_06_21_merged.mat,SAMPLE,2,24456,11457,572.8000000000001,1222.75
R005,CNO,T2_SD_CNO,2026_06_21_merged.mat,SAMPLE,2,24457,11458,572.8500000000001,1222.8000000000002
R005,CNO,T2_SD_CNO,2026_06_21_merged.mat,SAMPLE,2,24458,11459,572.9000000000001,1222.8500000000001
R005,CNO,T2_SD_CNO,2026_06_21_merged.mat,SAMPLE,2,24459,11460,572.95,1222.9
R005,CNO,T2_SD_CNO,2026_06_21_merged.mat,SAMPLE,2,24460,11461,573.0000000000001,1222.9500000000003
R005,CNO,T2_SD_CNO,2026_06_21_merged.mat,SAMPLE,2,24464,11465,573.2,1223.15
R005,CNO,T2_SD_CNO,2026_06_21_merged.mat,SAMPLE,2,24466,11467,573.3000000000001,1223.25
R005,CNO,T2_SD_CNO,2026_06_21_merged.mat,SAMPLE,2,24467,11468,573.3500000000001,1223.3000000000002
R005,CNO,T2_SD_CNO,2026_06_21_merged.mat,SAMPLE,2,24468,11469,573.4000000000001,1223.3500000000001
R005,CNO,T2_SD_CNO,2026_06_21_merged.mat,SAMPLE,2,24469,11470,573.45,1223.4
R005,CNO,T2_SD_CNO,2026_06_21_merged.mat,SAMPLE,2,24470,11471,573.5000000000001,1223.4500000000003
R005,CNO,T2_SD_CNO,2026_06_21_merged.mat,SAMPLE,2,24476,11477,573.8000000000001,1223.75
R005,CNO,T2_SD_CNO,2026_06_21_merged.mat,SAMPLE,2,24477,11478,573.8500000000001,1223.8000000000002
R005,CNO,T2_SD_CNO,2026_06_21_merged.mat,SAMPLE,2,24478,11479,573.9000000000001,1223.8500000000001
R005,CNO,T2_SD_CNO,2026_06_21_merged.mat,SAMPLE,2,24487,11488,574.3500000000001,1224.3000000000002
R005,CNO,T2_SD_CNO,2026_06_21_merged.mat,SAMPLE,2,24488,11489,574.4000000000001,1224.3500000000001
R005,CNO,T2_SD_CNO,2026_06_21_merged.mat,SAMPLE,2,24489,11490,574.45,1224.4
R005,CNO,T2_SD_CNO,2026_06_21_merged.mat,SAMPLE,2,24490,11491,574.5000000000001,1224.4500000000003
R005,CNO,T2_SD_CNO,2026_06_21_merged.mat,SAMPLE,2,24512,11513,575.6000000000001,1225.5500000000002
R005,CNO,T2_SD_CNO,2026_06_21_merged.mat,SAMPLE,2,24513,11514,575.6500000000001,1225.6000000000001
R005,CNO,T2_SD_CNO,2026_06_21_merged.mat,SAMPLE,2,24514,11515,575.7,1225.65
R005,CNO,T2_SD_CNO,2026_06_21_merged.mat,SAMPLE,2,24515,11516,575.7500000000001,1225.7000000000003
R005,CNO,T2_SD_CNO,2026_06_21_merged.mat,SAMPLE,2,24516,11517,575.8000000000001,1225.75
R005,CNO,T2_SD_CNO,2026_06_21_merged.mat,SAMPLE,1,24517,11518,575.8500000000001,1225.8000000000002
R005,CNO,T2_SD_CNO,2026_06_21_merged.mat,SAMPLE,2,24544,11545,577.2,1227.15
R005,CNO,T2_SD_CNO,2026_06_21_merged.mat,SAMPLE,2,24546,11547,577.3000000000001,1227.25
R005,CNO,T2_SD_CNO,2026_06_21_merged.mat,SAMPLE,2,24547,11548,577.3500000000001,1227.3000000000002
R005,CNO,T2_SD_CNO,2026_06_21_merged.mat,SAMPLE,2,24548,11549,577.4000000000001,1227.3500000000001
R005,CNO,T2_SD_CNO,2026_06_21_merged.mat,SAMPLE,2,24549,11550,577.45,1227.4
R005,CNO,T2_SD_CNO,2026_06_21_merged.mat,SAMPLE,2,24550,11551,577.5000000000001,1227.4500000000003
R005,CNO,T2_SD_CNO,2026_06_21_merged.mat,SAMPLE,2,24551,11552,577.5500000000001,1227.5
R005,CNO,T2_SD_CNO,2026_06_21_merged.mat,SAMPLE,2,24552,11553,577.6000000000001,1227.5500000000002
R005,CNO,T2_SD_CNO,2026_06_21_merged.mat,SAMPLE,2,24648,11649,582.4000000000001,1232.3500000000001
R005,CNO,T2_SD_CNO,2026_06_21_merged.mat,SAMPLE,2,24649,11650,582.45,1232.4
R005,CNO,T2_SD_CNO,2026_06_21_merged.mat,SAMPLE,2,24650,11651,582.5000000000001,1232.4500000000003
R005,CNO,T2_SD_CNO,2026_06_21_merged.mat,SAMPLE,2,24651,11652,582.5500000000001,1232.5
R005,CNO,T2_SD_CNO,2026_06_21_merged.mat,SAMPLE,2,24668,11669,583.4000000000001,1233.3500000000001
R005,CNO,T2_SD_CNO,2026_06_21_merged.mat,SAMPLE,2,24669,11670,583.45,1233.4
R005,CNO,T2_SD_CNO,2026_06_21_merged.mat,SAMPLE,2,24670,11671,583.5000000000001,1233.4500000000003
R005,CNO,T2_SD_CNO,2026_06_21_merged.mat,SAMPLE,2,24671,11672,583.5500000000001,1233.5
R005,CNO,T2_SD_CNO,2026_06_21_merged.mat,SAMPLE,2,24672,11673,583.6000000000001,1233.5500000000002
R005,CNO,T2_SD_CNO,2026_06_21_merged.mat,SAMPLE,2,24685,11686,584.2500000000001,1234.2000000000003
R005,CNO,T2_SD_CNO,2026_06_21_merged.mat,SAMPLE,2,24686,11687,584.3000000000001,1234.25
R005,CNO,T2_SD_CNO,2026_06_21_merged.mat,SAMPLE,2,24687,11688,584.3500000000001,1234.3000000000002
R005,CNO,T2_SD_CNO,2026_06_21_merged.mat,SAMPLE,2,24688,11689,584.4000000000001,1234.3500000000001
R005,CNO,T2_SD_CNO,2026_06_21_merged.mat,SAMPLE,2,24689,11690,584.45,1234.4
R005,CNO,T2_SD_CNO,2026_06_21_merged.mat,SAMPLE,2,24697,11698,584.8500000000001,1234.8000000000002
R005,CNO,T2_SD_CNO,2026_06_21_merged.mat,SAMPLE,2,24698,11699,584.9000000000001,1234.8500000000001
R005,CNO,T2_SD_CNO,2026_06_21_merged.mat,SAMPLE,2,24699,11700,584.95,1234.9
R005,CNO,T2_SD_CNO,2026_06_21_merged.mat,SAMPLE,2,24701,11702,585.0500000000001,1235.0
R005,CNO,T2_SD_CNO,2026_06_21_merged.mat,SAMPLE,2,24724,11725,586.2,1236.15
R005,CNO,T2_SD_CNO,2026_06_21_merged.mat,SAMPLE,2,24725,11726,586.2500000000001,1236.2000000000003
R005,CNO,T2_SD_CNO,2026_06_21_merged.mat,SAMPLE,2,24726,11727,586.3000000000001,1236.25
R005,CNO,T2_SD_CNO,2026_06_21_merged.mat,SAMPLE,2,24727,11728,586.3500000000001,1236.3000000000002
R005,CNO,T2_SD_CNO,2026_06_21_merged.mat,SAMPLE,4,24744,11745,587.2,1237.15
R005,CNO,T2_SD_CNO,2026_06_21_merged.mat,SAMPLE,2,24755,11756,587.7500000000001,1237.7000000000003
R005,CNO,T2_SD_CNO,2026_06_21_merged.mat,SAMPLE,2,24756,11757,587.8000000000001,1237.75
R005,CNO,T2_SD_CNO,2026_06_21_merged.mat,SAMPLE,2,24757,11758,587.8500000000001,1237.8000000000002
R005,CNO,T2_SD_CNO,2026_06_21_merged.mat,SAMPLE,4,24767,11768,588.3500000000001,1238.3000000000002
R005,CNO,T2_SD_CNO,2026_06_21_merged.mat,SAMPLE,2,24806,11807,590.3000000000001,1240.25
R005,CNO,T2_SD_CNO,2026_06_21_merged.mat,SAMPLE,2,24807,11808,590.3500000000001,1240.3000000000002
R005,CNO,T2_SD_CNO,2026_06_21_merged.mat,SAMPLE,2,24808,11809,590.4000000000001,1240.3500000000001
R005,CNO,T2_SD_CNO,2026_06_21_merged.mat,SAMPLE,4,24851,11852,592.5500000000001,1242.5
R005,CNO,T2_SD_CNO,2026_06_21_merged.mat,SAMPLE,4,24852,11853,592.6000000000001,1242.5500000000002
R005,CNO,T2_SD_CNO,2026_06_21_merged.mat,SAMPLE,2,24863,11864,593.1500000000001,1243.1000000000001
R005,CNO,T2_SD_CNO,2026_06_21_merged.mat,SAMPLE,4,24882,11883,594.1000000000001,1244.0500000000002
R005,CNO,T2_SD_CNO,2026_06_21_merged.mat,SAMPLE,3,24900,11901,595.0000000000001,1244.9500000000003
R005,CNO,T2_SD_CNO,2026_06_21_merged.mat,SAMPLE,4,24901,11902,595.0500000000001,1245.0
R005,CNO,T2_SD_CNO,2026_06_21_merged.mat,SAMPLE,3,24903,11904,595.1500000000001,1245.1000000000001
R005,CNO,T2_SD_CNO,2026_06_21_merged.mat,SAMPLE,4,24929,11930,596.45,1246.4
R005,CNO,T2_SD_CNO,2026_06_21_merged.mat,SAMPLE,4,24930,11931,596.5000000000001,1246.4500000000003
R005,CNO,T2_SD_CNO,2026_06_21_merged.mat,SAMPLE,4,24932,11933,596.6000000000001,1246.5500000000002
R005,CNO,T2_SD_CNO,2026_06_21_merged.mat,SAMPLE,4,24933,11934,596.6500000000001,1246.6000000000001
R005,CNO,T2_SD_CNO,2026_06_21_merged.mat,SAMPLE,2,24949,11950,597.45,1247.4
R005,CNO,T2_SD_CNO,2026_06_21_merged.mat,SAMPLE,2,24950,11951,597.5000000000001,1247.4500000000003
R005,CNO,T2_SD_CNO,2026_06_21_merged.mat,SAMPLE,2,24951,11952,597.5500000000001,1247.5
R005,CNO,T2_SD_CNO,2026_06_21_merged.mat,SAMPLE,2,24992,11993,599.6000000000001,1249.5500000000002
R005,CNO,T2_SD_CNO,2026_06_21_merged.mat,SAMPLE,2,24993,11994,599.6500000000001,1249.6000000000001
R005,CNO,T2_SD_CNO,2026_06_21_merged.mat,SAMPLE,2,25004,12005,600.2,1250.15
R005,CNO,T2_SD_CNO,2026_06_21_merged.mat,SAMPLE,2,25005,12006,600.2500000000001,1250.2000000000003
R005,CNO,T2_SD_CNO,2026_06_21_merged.mat,SAMPLE,2,25006,12007,600.3000000000001,1250.25
R005,CNO,T2_SD_CNO,2026_06_21_merged.mat,SAMPLE,2,25007,12008,600.3500000000001,1250.3000000000002
R005,CNO,T2_SD_CNO,2026_06_21_merged.mat,SAMPLE,2,25046,12047,602.3000000000001,1252.25
R005,CNO,T2_SD_CNO,2026_06_21_merged.mat,SAMPLE,2,25047,12048,602.3500000000001,1252.3000000000002
R005,CNO,T2_SD_CNO,2026_06_21_merged.mat,SAMPLE,2,25048,12049,602.4000000000001,1252.3500000000001
R005,CNO,T2_SD_CNO,2026_06_21_merged.mat,SAMPLE,2,25049,12050,602.45,1252.4
R005,CNO,T2_SD_CNO,2026_06_21_merged.mat,SAMPLE,2,25050,12051,602.5000000000001,1252.4500000000003
R005,CNO,T2_SD_CNO,2026_06_21_merged.mat,SAMPLE,2,25051,12052,602.5500000000001,1252.5
R005,CNO,T2_SD_CNO,2026_06_21_merged.mat,SAMPLE,2,25071,12072,603.5500000000001,1253.5
R005,CNO,T2_SD_CNO,2026_06_21_merged.mat,SAMPLE,3,25083,12084,604.1500000000001,1254.1000000000001
R005,CNO,T2_SD_CNO,2026_06_21_merged.mat,SAMPLE,4,25108,12109,605.4000000000001,1255.3500000000001
R005,CNO,T2_SD_CNO,2026_06_21_merged.mat,SAMPLE,4,25109,12110,605.45,1255.4
R005,CNO,T2_SD_CNO,2026_06_21_merged.mat,SAMPLE,4,25110,12111,605.5000000000001,1255.4500000000003
R005,CNO,T2_SD_CNO,2026_06_21_merged.mat,SAMPLE,3,25111,12112,605.5500000000001,1255.5
R005,CNO,T2_SD_CNO,2026_06_21_merged.mat,SAMPLE,3,25112,12113,605.6000000000001,1255.5500000000002
R005,CNO,T2_SD_CNO,2026_06_21_merged.mat,SAMPLE,3,25113,12114,605.6500000000001,1255.6000000000001
R005,CNO,T2_SD_CNO,2026_06_21_merged.mat,SAMPLE,3,25114,12115,605.7,1255.65
R005,CNO,T2_SD_CNO,2026_06_21_merged.mat,SAMPLE,2,25134,12135,606.7,1256.65
R005,CNO,T2_SD_CNO,2026_06_21_merged.mat,SAMPLE,2,25135,12136,606.7500000000001,1256.7000000000003
R005,CNO,T2_SD_CNO,2026_06_21_merged.mat,SAMPLE,2,25136,12137,606.8000000000001,1256.75
R005,CNO,T2_SD_CNO,2026_06_21_merged.mat,SAMPLE,2,25137,12138,606.8500000000001,1256.8000000000002
R005,CNO,T2_SD_CNO,2026_06_21_merged.mat,SAMPLE,2,25138,12139,606.9000000000001,1256.8500000000001
R005,CNO,T2_SD_CNO,2026_06_21_merged.mat,SAMPLE,2,25139,12140,606.95,1256.9
R005,CNO,T2_SD_CNO,2026_06_21_merged.mat,SAMPLE,2,25140,12141,607.0000000000001,1256.9500000000003
R005,CNO,T2_SD_CNO,2026_06_21_merged.mat,SAMPLE,4,25150,12151,607.5000000000001,1257.4500000000003
R005,CNO,T2_SD_CNO,2026_06_21_merged.mat,SAMPLE,4,25151,12152,607.5500000000001,1257.5
R005,CNO,T2_SD_CNO,2026_06_21_merged.mat,SAMPLE,4,25152,12153,607.6000000000001,1257.5500000000002
R005,CNO,T2_SD_CNO,2026_06_21_merged.mat,SAMPLE,2,25177,12178,608.8500000000001,1258.8000000000002
R005,CNO,T2_SD_CNO,2026_06_21_merged.mat,SAMPLE,2,25178,12179,608.9000000000001,1258.8500000000001
R005,CNO,T2_SD_CNO,2026_06_21_merged.mat,SAMPLE,2,25179,12180,608.95,1258.9
R005,CNO,T2_SD_CNO,2026_06_21_merged.mat,SAMPLE,2,25180,12181,609.0000000000001,1258.9500000000003
R005,CNO,T2_SD_CNO,2026_06_21_merged.mat,SAMPLE,4,25197,12198,609.8500000000001,1259.8000000000002
R005,CNO,T2_SD_CNO,2026_06_21_merged.mat,SAMPLE,4,25198,12199,609.9000000000001,1259.8500000000001
R005,CNO,T2_SD_CNO,2026_06_21_merged.mat,SAMPLE,4,25199,12200,609.95,1259.9
R005,CNO,T2_SD_CNO,2026_06_21_merged.mat,SAMPLE,2,25250,12251,612.5000000000001,1262.4500000000003
R005,CNO,T2_SD_CNO,2026_06_21_merged.mat,SAMPLE,2,25251,12252,612.5500000000001,1262.5
R005,CNO,T2_SD_CNO,2026_06_21_merged.mat,SAMPLE,2,25252,12253,612.6000000000001,1262.5500000000002
R005,CNO,T2_SD_CNO,2026_06_21_merged.mat,SAMPLE,2,25253,12254,612.6500000000001,1262.6000000000001
R005,CNO,T2_SD_CNO,2026_06_21_merged.mat,SAMPLE,1,25285,12286,614.2500000000001,1264.2000000000003
R005,CNO,T2_SD_CNO,2026_06_21_merged.mat,SAMPLE,2,25296,12297,614.8000000000001,1264.75
R005,CNO,T2_SD_CNO,2026_06_21_merged.mat,SAMPLE,2,25297,12298,614.8500000000001,1264.8000000000002
R005,CNO,T2_SD_CNO,2026_06_21_merged.mat,SAMPLE,2,25298,12299,614.9000000000001,1264.8500000000001
R005,CNO,T2_SD_CNO,2026_06_21_merged.mat,SAMPLE,2,25299,12300,614.95,1264.9
R005,CNO,T2_SD_CNO,2026_06_21_merged.mat,SAMPLE,2,25306,12307,615.3000000000001,1265.25
R005,CNO,T2_SD_CNO,2026_06_21_merged.mat,SAMPLE,2,25307,12308,615.3500000000001,1265.3000000000002
R005,CNO,T2_SD_CNO,2026_06_21_merged.mat,SAMPLE,2,25308,12309,615.4000000000001,1265.3500000000001
R005,CNO,T2_SD_CNO,2026_06_21_merged.mat,SAMPLE,2,25309,12310,615.45,1265.4
R005,CNO,T2_SD_CNO,2026_06_21_merged.mat,SAMPLE,2,25310,12311,615.5000000000001,1265.4500000000003
R005,CNO,T2_SD_CNO,2026_06_21_merged.mat,SAMPLE,2,25311,12312,615.5500000000001,1265.5
R005,CNO,T2_SD_CNO,2026_06_21_merged.mat,SAMPLE,4,25318,12319,615.9000000000001,1265.8500000000001
R005,CNO,T2_SD_CNO,2026_06_21_merged.mat,SAMPLE,4,25319,12320,615.95,1265.9
R005,CNO,T2_SD_CNO,2026_06_21_merged.mat,SAMPLE,4,25320,12321,616.0000000000001,1265.9500000000003
R005,CNO,T2_SD_CNO,2026_06_21_merged.mat,SAMPLE,4,25342,12343,617.1000000000001,1267.0500000000002
R005,CNO,T2_SD_CNO,2026_06_21_merged.mat,SAMPLE,3,25343,12344,617.1500000000001,1267.1000000000001
R005,CNO,T2_SD_CNO,2026_06_21_merged.mat,SAMPLE,3,25344,12345,617.2,1267.15
R005,CNO,T2_SD_CNO,2026_06_21_merged.mat,SAMPLE,3,25345,12346,617.2500000000001,1267.2000000000003
R005,CNO,T2_SD_CNO,2026_06_21_merged.mat,SAMPLE,3,25346,12347,617.3000000000001,1267.25
R005,CNO,T2_SD_CNO,2026_06_21_merged.mat,SAMPLE,4,25347,12348,617.3500000000001,1267.3000000000002
R005,CNO,T2_SD_CNO,2026_06_21_merged.mat,SAMPLE,3,25367,12368,618.3500000000001,1268.3000000000002
R005,CNO,T2_SD_CNO,2026_06_21_merged.mat,SAMPLE,3,25368,12369,618.4000000000001,1268.3500000000001
R005,CNO,T2_SD_CNO,2026_06_21_merged.mat,SAMPLE,3,25388,12389,619.4000000000001,1269.3500000000001
R005,CNO,T2_SD_CNO,2026_06_21_merged.mat,SAMPLE,3,25389,12390,619.45,1269.4
R005,CNO,T2_SD_CNO,2026_06_21_merged.mat,SAMPLE,3,25390,12391,619.5000000000001,1269.4500000000003
R005,CNO,T2_SD_CNO,2026_06_21_merged.mat,SAMPLE,3,25391,12392,619.5500000000001,1269.5
R005,CNO,T2_SD_CNO,2026_06_21_merged.mat,SAMPLE,4,25460,12461,623.0000000000001,1272.9500000000003
R005,CNO,T2_SD_CNO,2026_06_21_merged.mat,SAMPLE,2,25485,12486,624.2500000000001,1274.2000000000003
R005,CNO,T2_SD_CNO,2026_06_21_merged.mat,SAMPLE,2,25486,12487,624.3000000000001,1274.25
R005,CNO,T2_SD_CNO,2026_06_21_merged.mat,SAMPLE,2,25487,12488,624.3500000000001,1274.3000000000002
R005,CNO,T2_SD_CNO,2026_06_21_merged.mat,SAMPLE,2,25488,12489,624.4000000000001,1274.3500000000001
R005,CNO,T2_SD_CNO,2026_06_21_merged.mat,SAMPLE,2,25489,12490,624.45,1274.4
R005,CNO,T2_SD_CNO,2026_06_21_merged.mat,SAMPLE,2,25495,12496,624.7500000000001,1274.7000000000003
R005,CNO,T2_SD_CNO,2026_06_21_merged.mat,SAMPLE,2,25496,12497,624.8000000000001,1274.75
R005,CNO,T2_SD_CNO,2026_06_21_merged.mat,SAMPLE,2,25497,12498,624.8500000000001,1274.8000000000002
R005,CNO,T2_SD_CNO,2026_06_21_merged.mat,SAMPLE,2,25498,12499,624.9000000000001,1274.8500000000001
R005,CNO,T2_SD_CNO,2026_06_21_merged.mat,SAMPLE,3,25512,12513,625.6000000000001,1275.5500000000002
R005,CNO,T2_SD_CNO,2026_06_21_merged.mat,SAMPLE,4,25514,12515,625.7,1275.65
R005,CNO,T2_SD_CNO,2026_06_21_merged.mat,SAMPLE,2,25559,12560,627.95,1277.9
R005,CNO,T2_SD_CNO,2026_06_21_merged.mat,SAMPLE,2,25560,12561,628.0000000000001,1277.9500000000003
R005,CNO,T2_SD_CNO,2026_06_21_merged.mat,SAMPLE,2,25561,12562,628.0500000000001,1278.0
R005,CNO,T2_SD_CNO,2026_06_21_merged.mat,SAMPLE,2,25562,12563,628.1000000000001,1278.0500000000002
R005,CNO,T2_SD_CNO,2026_06_21_merged.mat,SAMPLE,2,25570,12571,628.5000000000001,1278.4500000000003
R005,CNO,T2_SD_CNO,2026_06_21_merged.mat,SAMPLE,2,25571,12572,628.5500000000001,1278.5
R005,CNO,T2_SD_CNO,2026_06_21_merged.mat,SAMPLE,4,25580,12581,629.0000000000001,1278.9500000000003
R005,CNO,T2_SD_CNO,2026_06_21_merged.mat,SAMPLE,2,25592,12593,629.6000000000001,1279.5500000000002
R005,CNO,T2_SD_CNO,2026_06_21_merged.mat,SAMPLE,2,25593,12594,629.6500000000001,1279.6000000000001
R005,CNO,T2_SD_CNO,2026_06_21_merged.mat,SAMPLE,2,25594,12595,629.7,1279.65
R005,CNO,T2_SD_CNO,2026_06_21_merged.mat,SAMPLE,1,25627,12628,631.3500000000001,1281.3000000000002
R005,CNO,T2_SD_CNO,2026_06_21_merged.mat,SAMPLE,2,25628,12629,631.4000000000001,1281.3500000000001
R005,CNO,T2_SD_CNO,2026_06_21_merged.mat,SAMPLE,2,25631,12632,631.5500000000001,1281.5
R005,CNO,T2_SD_CNO,2026_06_21_merged.mat,SAMPLE,2,25632,12633,631.6000000000001,1281.5500000000002
R005,CNO,T2_SD_CNO,2026_06_21_merged.mat,SAMPLE,2,25633,12634,631.6500000000001,1281.6000000000001
R005,CNO,T2_SD_CNO,2026_06_21_merged.mat,SAMPLE,2,25634,12635,631.7,1281.65
R005,CNO,T2_SD_CNO,2026_06_21_merged.mat,SAMPLE,2,25635,12636,631.7500000000001,1281.7000000000003
R005,CNO,T2_SD_CNO,2026_06_21_merged.mat,SAMPLE,2,25636,12637,631.8000000000001,1281.75
R005,CNO,T2_SD_CNO,2026_06_21_merged.mat,SAMPLE,2,25637,12638,631.8500000000001,1281.8000000000002
R005,CNO,T2_SD_CNO,2026_06_21_merged.mat,SAMPLE,2,25638,12639,631.9000000000001,1281.8500000000001
R005,CNO,T2_SD_CNO,2026_06_21_merged.mat,SAMPLE,2,25665,12666,633.2500000000001,1283.2000000000003
R005,CNO,T2_SD_CNO,2026_06_21_merged.mat,SAMPLE,2,25666,12667,633.3000000000001,1283.25
R005,CNO,T2_SD_CNO,2026_06_21_merged.mat,SAMPLE,2,25667,12668,633.3500000000001,1283.3000000000002
R005,CNO,T2_SD_CNO,2026_06_21_merged.mat,SAMPLE,2,25668,12669,633.4000000000001,1283.3500000000001
R005,CNO,T2_SD_CNO,2026_06_21_merged.mat,SAMPLE,2,25669,12670,633.45,1283.4
R005,CNO,T2_SD_CNO,2026_06_21_merged.mat,SAMPLE,2,25670,12671,633.5000000000001,1283.4500000000003
R005,CNO,T2_SD_CNO,2026_06_21_merged.mat,SAMPLE,4,25681,12682,634.0500000000001,1284.0
R005,CNO,T2_SD_CNO,2026_06_21_merged.mat,SAMPLE,2,25698,12699,634.9000000000001,1284.8500000000001
R005,CNO,T2_SD_CNO,2026_06_21_merged.mat,SAMPLE,2,25699,12700,634.95,1284.9
R005,CNO,T2_SD_CNO,2026_06_21_merged.mat,SAMPLE,2,25700,12701,635.0000000000001,1284.9500000000003
R005,CNO,T2_SD_CNO,2026_06_21_merged.mat,SAMPLE,2,25701,12702,635.0500000000001,1285.0
R005,CNO,T2_SD_CNO,2026_06_21_merged.mat,SAMPLE,2,25712,12713,635.6000000000001,1285.5500000000002
R005,CNO,T2_SD_CNO,2026_06_21_merged.mat,SAMPLE,2,25713,12714,635.6500000000001,1285.6000000000001
R005,CNO,T2_SD_CNO,2026_06_21_merged.mat,SAMPLE,2,25714,12715,635.7,1285.65
R005,CNO,T2_SD_CNO,2026_06_21_merged.mat,SAMPLE,2,25719,12720,635.95,1285.9
R005,CNO,T2_SD_CNO,2026_06_21_merged.mat,SAMPLE,2,25744,12745,637.2,1287.15
R005,CNO,T2_SD_CNO,2026_06_21_merged.mat,SAMPLE,2,25767,12768,638.3500000000001,1288.3000000000002
R005,CNO,T2_SD_CNO,2026_06_21_merged.mat,SAMPLE,2,25768,12769,638.4000000000001,1288.3500000000001
R005,CNO,T2_SD_CNO,2026_06_21_merged.mat,SAMPLE,2,25769,12770,638.45,1288.4
R005,CNO,T2_SD_CNO,2026_06_21_merged.mat,SAMPLE,2,25770,12771,638.5000000000001,1288.4500000000003
R005,CNO,T2_SD_CNO,2026_06_21_merged.mat,SAMPLE,2,25771,12772,638.5500000000001,1288.5
R005,CNO,T2_SD_CNO,2026_06_21_merged.mat,SAMPLE,2,25772,12773,638.6000000000001,1288.5500000000002
R005,CNO,T2_SD_CNO,2026_06_21_merged.mat,SAMPLE,1,25837,12838,641.8500000000001,1291.8000000000002
R005,CNO,T2_SD_CNO,2026_06_21_merged.mat,SAMPLE,1,25838,12839,641.9000000000001,1291.8500000000001
R005,CNO,T2_SD_CNO,2026_06_21_merged.mat,SAMPLE,1,25839,12840,641.95,1291.9
R005,CNO,T2_SD_CNO,2026_06_21_merged.mat,SAMPLE,1,25840,12841,642.0000000000001,1291.9500000000003
R005,CNO,T2_SD_CNO,2026_06_21_merged.mat,SAMPLE,2,25859,12860,642.95,1292.9
R005,CNO,T2_SD_CNO,2026_06_21_merged.mat,SAMPLE,2,25862,12863,643.1000000000001,1293.0500000000002
R005,CNO,T2_SD_CNO,2026_06_21_merged.mat,SAMPLE,2,25863,12864,643.1500000000001,1293.1000000000001
R005,CNO,T2_SD_CNO,2026_06_21_merged.mat,SAMPLE,2,25864,12865,643.2,1293.15
R005,CNO,T2_SD_CNO,2026_06_21_merged.mat,SAMPLE,2,25865,12866,643.2500000000001,1293.2000000000003
R005,CNO,T2_SD_CNO,2026_06_21_merged.mat,SAMPLE,2,25866,12867,643.3000000000001,1293.25
R005,CNO,T2_SD_CNO,2026_06_21_merged.mat,SAMPLE,4,25873,12874,643.6500000000001,1293.6000000000001
R005,CNO,T2_SD_CNO,2026_06_21_merged.mat,SAMPLE,4,25874,12875,643.7,1293.65
R005,CNO,T2_SD_CNO,2026_06_21_merged.mat,SAMPLE,2,25884,12885,644.2,1294.15
R005,CNO,T2_SD_CNO,2026_06_21_merged.mat,SAMPLE,2,25903,12904,645.1500000000001,1295.1000000000001
R005,CNO,T2_SD_CNO,2026_06_21_merged.mat,SAMPLE,2,25904,12905,645.2,1295.15
R005,CNO,T2_SD_CNO,2026_06_21_merged.mat,SAMPLE,2,25905,12906,645.2500000000001,1295.2000000000003
R005,CNO,T2_SD_CNO,2026_06_21_merged.mat,SAMPLE,4,25921,12922,646.0500000000001,1296.0
R005,CNO,T2_SD_CNO,2026_06_21_merged.mat,SAMPLE,2,25937,12938,646.8500000000001,1296.8000000000002
R005,CNO,T2_SD_CNO,2026_06_21_merged.mat,SAMPLE,2,25990,12991,649.5000000000001,1299.4500000000003
R005,CNO,T2_SD_CNO,2026_06_21_merged.mat,SAMPLE,2,25991,12992,649.5500000000001,1299.5
R005,CNO,T2_SD_CNO,2026_06_21_merged.mat,SAMPLE,2,25992,12993,649.6000000000001,1299.5500000000002
R005,CNO,T2_SD_CNO,2026_06_21_merged.mat,TEST,3,26008,10,0.45,1300.3500000000001
R005,CNO,T2_SD_CNO,2026_06_21_merged.mat,TEST,3,26009,11,0.5,1300.4
R005,CNO,T2_SD_CNO,2026_06_21_merged.mat,TEST,3,26016,18,0.8500000000000001,1300.75
R005,CNO,T2_SD_CNO,2026_06_21_merged.mat,TEST,3,26017,19,0.9,1300.8000000000002
R005,CNO,T2_SD_CNO,2026_06_21_merged.mat,TEST,3,26018,20,0.9500000000000001,1300.8500000000001
R005,CNO,T2_SD_CNO,2026_06_21_merged.mat,TEST,3,26019,21,1.0,1300.9
R005,CNO,T2_SD_CNO,2026_06_21_merged.mat,TEST,3,26041,43,2.1,1302.0
R005,CNO,T2_SD_CNO,2026_06_21_merged.mat,TEST,3,26058,60,2.95,1302.8500000000001
R005,CNO,T2_SD_CNO,2026_06_21_merged.mat,TEST,3,26059,61,3.0,1302.9
R005,CNO,T2_SD_CNO,2026_06_21_merged.mat,TEST,3,26061,63,3.1,1303.0
R005,CNO,T2_SD_CNO,2026_06_21_merged.mat,TEST,3,26202,204,10.15,1310.0500000000002
R005,CNO,T2_SD_CNO,2026_06_21_merged.mat,TEST,3,26240,242,12.05,1311.95
R005,CNO,T2_SD_CNO,2026_06_21_merged.mat,TEST,3,26241,243,12.100000000000001,1312.0
R005,CNO,T2_SD_CNO,2026_06_21_merged.mat,TEST,3,26242,244,12.15,1312.0500000000002
R005,CNO,T2_SD_CNO,2026_06_21_merged.mat,TEST,3,26323,325,16.2,1316.1000000000001
R005,CNO,T2_SD_CNO,2026_06_21_merged.mat,TEST,3,26324,326,16.25,1316.15
R005,CNO,T2_SD_CNO,2026_06_21_merged.mat,TEST,3,26325,327,16.3,1316.2
R005,CNO,T2_SD_CNO,2026_06_21_merged.mat,TEST,3,26326,328,16.35,1316.25
R005,CNO,T2_SD_CNO,2026_06_21_merged.mat,TEST,3,26445,447,22.3,1322.2
R005,CNO,T2_SD_CNO,2026_06_21_merged.mat,TEST,3,26446,448,22.35,1322.25
R005,CNO,T2_SD_CNO,2026_06_21_merged.mat,TEST,3,26461,463,23.1,1323.0
R005,CNO,T2_SD_CNO,2026_06_21_merged.mat,TEST,3,26462,464,23.150000000000002,1323.0500000000002
R005,CNO,T2_SD_CNO,2026_06_21_merged.mat,TEST,3,26463,465,23.200000000000003,1323.1000000000001
R005,CNO,T2_SD_CNO,2026_06_21_merged.mat,TEST,3,26487,489,24.400000000000002,1324.3000000000002
R005,CNO,T2_SD_CNO,2026_06_21_merged.mat,TEST,3,26488,490,24.450000000000003,1324.3500000000001
R005,CNO,T2_SD_CNO,2026_06_21_merged.mat,TEST,3,26568,570,28.450000000000003,1328.3500000000001
R005,CNO,T2_SD_CNO,2026_06_21_merged.mat,TEST,3,26592,594,29.650000000000002,1329.5500000000002
R005,CNO,T2_SD_CNO,2026_06_21_merged.mat,TEST,1,26627,629,31.400000000000002,1331.3000000000002
R005,CNO,T2_SD_CNO,2026_06_21_merged.mat,TEST,1,26628,630,31.450000000000003,1331.3500000000001
R005,CNO,T2_SD_CNO,2026_06_21_merged.mat,TEST,3,26643,645,32.2,1332.1000000000001
R005,CNO,T2_SD_CNO,2026_06_21_merged.mat,TEST,3,26647,649,32.4,1332.3000000000002
R005,CNO,T2_SD_CNO,2026_06_21_merged.mat,TEST,3,26648,650,32.45,1332.3500000000001
R005,CNO,T2_SD_CNO,2026_06_21_merged.mat,TEST,3,26657,659,32.9,1332.8000000000002
R005,CNO,T2_SD_CNO,2026_06_21_merged.mat,TEST,3,26658,660,32.95,1332.8500000000001
R005,CNO,T2_SD_CNO,2026_06_21_merged.mat,TEST,3,26670,672,33.550000000000004,1333.45
R005,CNO,T2_SD_CNO,2026_06_21_merged.mat,TEST,3,26671,673,33.6,1333.5
R005,CNO,T2_SD_CNO,2026_06_21_merged.mat,TEST,3,26711,713,35.6,1335.5
R005,CNO,T2_SD_CNO,2026_06_21_merged.mat,TEST,3,26713,715,35.7,1335.6000000000001
R005,CNO,T2_SD_CNO,2026_06_21_merged.mat,TEST,1,26726,728,36.35,1336.25
R005,CNO,T2_SD_CNO,2026_06_21_merged.mat,TEST,1,26727,729,36.4,1336.3000000000002
R005,CNO,T2_SD_CNO,2026_06_21_merged.mat,TEST,3,26770,772,38.550000000000004,1338.45
R005,CNO,T2_SD_CNO,2026_06_21_merged.mat,TEST,3,26771,773,38.6,1338.5
R005,CNO,T2_SD_CNO,2026_06_21_merged.mat,TEST,3,26772,774,38.650000000000006,1338.5500000000002
R005,CNO,T2_SD_CNO,2026_06_21_merged.mat,TEST,3,26773,775,38.7,1338.6000000000001
R005,CNO,T2_SD_CNO,2026_06_21_merged.mat,TEST,3,26774,776,38.75,1338.65
R005,CNO,T2_SD_CNO,2026_06_21_merged.mat,TEST,3,26775,777,38.800000000000004,1338.7
R005,CNO,T2_SD_CNO,2026_06_21_merged.mat,TEST,3,26776,778,38.85,1338.75
R005,CNO,T2_SD_CNO,2026_06_21_merged.mat,TEST,3,26777,779,38.900000000000006,1338.8000000000002
R005,CNO,T2_SD_CNO,2026_06_21_merged.mat,TEST,3,26788,790,39.45,1339.3500000000001
R005,CNO,T2_SD_CNO,2026_06_21_merged.mat,TEST,3,26789,791,39.5,1339.4
R005,CNO,T2_SD_CNO,2026_06_21_merged.mat,TEST,3,26790,792,39.550000000000004,1339.45
R005,CNO,T2_SD_CNO,2026_06_21_merged.mat,TEST,3,26791,793,39.6,1339.5
R005,CNO,T2_SD_CNO,2026_06_21_merged.mat,TEST,2,26848,850,42.45,1342.3500000000001
R005,CNO,T2_SD_CNO,2026_06_21_merged.mat,TEST,2,26850,852,42.550000000000004,1342.45
R005,CNO,T2_SD_CNO,2026_06_21_merged.mat,TEST,2,26851,853,42.6,1342.5
R005,CNO,T2_SD_CNO,2026_06_21_merged.mat,TEST,4,26916,918,45.85,1345.75
R005,CNO,T2_SD_CNO,2026_06_21_merged.mat,TEST,4,26918,920,45.95,1345.8500000000001
R005,CNO,T2_SD_CNO,2026_06_21_merged.mat,TEST,3,26919,921,46.0,1345.9
R005,CNO,T2_SD_CNO,2026_06_21_merged.mat,TEST,2,26944,946,47.25,1347.15
R005,CNO,T2_SD_CNO,2026_06_21_merged.mat,TEST,3,26951,953,47.6,1347.5
R005,CNO,T2_SD_CNO,2026_06_21_merged.mat,TEST,3,26952,954,47.650000000000006,1347.5500000000002
R005,CNO,T2_SD_CNO,2026_06_21_merged.mat,TEST,3,26955,957,47.800000000000004,1347.7
R005,CNO,T2_SD_CNO,2026_06_21_merged.mat,TEST,3,26956,958,47.85,1347.75
R005,CNO,T2_SD_CNO,2026_06_21_merged.mat,TEST,2,26982,984,49.150000000000006,1349.0500000000002
R005,CNO,T2_SD_CNO,2026_06_21_merged.mat,TEST,1,27016,1018,50.85,1350.75
R005,CNO,T2_SD_CNO,2026_06_21_merged.mat,TEST,3,27034,1036,51.75,1351.65
R005,CNO,T2_SD_CNO,2026_06_21_merged.mat,TEST,2,27068,1070,53.45,1353.3500000000001
R005,CNO,T2_SD_CNO,2026_06_21_merged.mat,TEST,2,27128,1130,56.45,1356.3500000000001
R005,CNO,T2_SD_CNO,2026_06_21_merged.mat,TEST,2,27131,1133,56.6,1356.5
R005,CNO,T2_SD_CNO,2026_06_21_merged.mat,TEST,2,27170,1172,58.550000000000004,1358.45
R005,CNO,T2_SD_CNO,2026_06_21_merged.mat,TEST,2,27171,1173,58.6,1358.5
R005,CNO,T2_SD_CNO,2026_06_21_merged.mat,TEST,2,27172,1174,58.650000000000006,1358.5500000000002
R005,CNO,T2_SD_CNO,2026_06_21_merged.mat,TEST,2,27173,1175,58.7,1358.6000000000001
R005,CNO,T2_SD_CNO,2026_06_21_merged.mat,TEST,2,27183,1185,59.2,1359.1000000000001
R005,CNO,T2_SD_CNO,2026_06_21_merged.mat,TEST,2,27184,1186,59.25,1359.15
R005,CNO,T2_SD_CNO,2026_06_21_merged.mat,TEST,2,27205,1207,60.300000000000004,1360.2
R005,CNO,T2_SD_CNO,2026_06_21_merged.mat,TEST,2,27206,1208,60.35,1360.25
R005,CNO,T2_SD_CNO,2026_06_21_merged.mat,TEST,2,27244,1246,62.25,1362.15
R005,CNO,T2_SD_CNO,2026_06_21_merged.mat,TEST,2,27245,1247,62.300000000000004,1362.2
R005,CNO,T2_SD_CNO,2026_06_21_merged.mat,TEST,2,27246,1248,62.35,1362.25
R005,CNO,T2_SD_CNO,2026_06_21_merged.mat,TEST,3,27269,1271,63.5,1363.4
R005,CNO,T2_SD_CNO,2026_06_21_merged.mat,TEST,3,27270,1272,63.550000000000004,1363.45
R005,CNO,T2_SD_CNO,2026_06_21_merged.mat,TEST,3,27271,1273,63.6,1363.5
R005,CNO,T2_SD_CNO,2026_06_21_merged.mat,TEST,3,27304,1306,65.25,1365.15
R005,CNO,T2_SD_CNO,2026_06_21_merged.mat,TEST,3,27305,1307,65.3,1365.2
R005,CNO,T2_SD_CNO,2026_06_21_merged.mat,TEST,3,27314,1316,65.75,1365.65
R005,CNO,T2_SD_CNO,2026_06_21_merged.mat,TEST,3,27315,1317,65.8,1365.7
R005,CNO,T2_SD_CNO,2026_06_21_merged.mat,TEST,3,27316,1318,65.85000000000001,1365.75
R005,CNO,T2_SD_CNO,2026_06_21_merged.mat,TEST,3,27347,1349,67.4,1367.3000000000002
R005,CNO,T2_SD_CNO,2026_06_21_merged.mat,TEST,3,27348,1350,67.45,1367.3500000000001
R005,CNO,T2_SD_CNO,2026_06_21_merged.mat,TEST,1,27368,1370,68.45,1368.3500000000001
R005,CNO,T2_SD_CNO,2026_06_21_merged.mat,TEST,1,27369,1371,68.5,1368.4
R005,CNO,T2_SD_CNO,2026_06_21_merged.mat,TEST,3,27421,1423,71.10000000000001,1371.0
R005,CNO,T2_SD_CNO,2026_06_21_merged.mat,TEST,1,27430,1432,71.55,1371.45
R005,CNO,T2_SD_CNO,2026_06_21_merged.mat,TEST,3,27502,1504,75.15,1375.0500000000002
R005,CNO,T2_SD_CNO,2026_06_21_merged.mat,TEST,3,27503,1505,75.2,1375.1000000000001
R005,CNO,T2_SD_CNO,2026_06_21_merged.mat,TEST,3,27504,1506,75.25,1375.15
R005,CNO,T2_SD_CNO,2026_06_21_merged.mat,TEST,3,27505,1507,75.3,1375.2
R005,CNO,T2_SD_CNO,2026_06_21_merged.mat,TEST,3,27506,1508,75.35000000000001,1375.25
R005,CNO,T2_SD_CNO,2026_06_21_merged.mat,TEST,3,27507,1509,75.4,1375.3000000000002
R005,CNO,T2_SD_CNO,2026_06_21_merged.mat,TEST,3,27508,1510,75.45,1375.3500000000001
R005,CNO,T2_SD_CNO,2026_06_21_merged.mat,TEST,3,27509,1511,75.5,1375.4
R005,CNO,T2_SD_CNO,2026_06_21_merged.mat,TEST,4,27510,1512,75.55,1375.45
R005,CNO,T2_SD_CNO,2026_06_21_merged.mat,TEST,3,27517,1519,75.9,1375.8000000000002
R005,CNO,T2_SD_CNO,2026_06_21_merged.mat,TEST,3,27518,1520,75.95,1375.8500000000001
R005,CNO,T2_SD_CNO,2026_06_21_merged.mat,TEST,3,27519,1521,76.0,1375.9
R005,CNO,T2_SD_CNO,2026_06_21_merged.mat,TEST,3,27520,1522,76.05,1375.95
R005,CNO,T2_SD_CNO,2026_06_21_merged.mat,TEST,3,27529,1531,76.5,1376.4
R005,CNO,T2_SD_CNO,2026_06_21_merged.mat,TEST,3,27530,1532,76.55,1376.45
R005,CNO,T2_SD_CNO,2026_06_21_merged.mat,TEST,3,27531,1533,76.60000000000001,1376.5
R005,CNO,T2_SD_CNO,2026_06_21_merged.mat,TEST,3,27532,1534,76.65,1376.5500000000002
R005,CNO,T2_SD_CNO,2026_06_21_merged.mat,TEST,3,27533,1535,76.7,1376.6000000000001
R005,CNO,T2_SD_CNO,2026_06_21_merged.mat,TEST,3,27534,1536,76.75,1376.65
R005,CNO,T2_SD_CNO,2026_06_21_merged.mat,TEST,3,27539,1541,77.0,1376.9
R005,CNO,T2_SD_CNO,2026_06_21_merged.mat,TEST,3,27540,1542,77.05000000000001,1376.95
R005,CNO,T2_SD_CNO,2026_06_21_merged.mat,TEST,3,27541,1543,77.10000000000001,1377.0
R005,CNO,T2_SD_CNO,2026_06_21_merged.mat,TEST,3,27542,1544,77.15,1377.0500000000002
R005,CNO,T2_SD_CNO,2026_06_21_merged.mat,TEST,3,27549,1551,77.5,1377.4
R005,CNO,T2_SD_CNO,2026_06_21_merged.mat,TEST,3,27550,1552,77.55000000000001,1377.45
R005,CNO,T2_SD_CNO,2026_06_21_merged.mat,TEST,3,27551,1553,77.60000000000001,1377.5
R005,CNO,T2_SD_CNO,2026_06_21_merged.mat,TEST,3,27553,1555,77.7,1377.6000000000001
R005,CNO,T2_SD_CNO,2026_06_21_merged.mat,TEST,3,27561,1563,78.10000000000001,1378.0
R005,CNO,T2_SD_CNO,2026_06_21_merged.mat,TEST,3,27562,1564,78.15,1378.0500000000002
R005,CNO,T2_SD_CNO,2026_06_21_merged.mat,TEST,3,27563,1565,78.2,1378.1000000000001
R005,CNO,T2_SD_CNO,2026_06_21_merged.mat,TEST,3,27564,1566,78.25,1378.15
R005,CNO,T2_SD_CNO,2026_06_21_merged.mat,TEST,3,27565,1567,78.30000000000001,1378.2
R005,CNO,T2_SD_CNO,2026_06_21_merged.mat,TEST,3,27572,1574,78.65,1378.5500000000002
R005,CNO,T2_SD_CNO,2026_06_21_merged.mat,TEST,3,27573,1575,78.7,1378.6000000000001
R005,CNO,T2_SD_CNO,2026_06_21_merged.mat,TEST,3,27574,1576,78.75,1378.65
R005,CNO,T2_SD_CNO,2026_06_21_merged.mat,TEST,3,27575,1577,78.80000000000001,1378.7
R005,CNO,T2_SD_CNO,2026_06_21_merged.mat,TEST,3,27584,1586,79.25,1379.15
R005,CNO,T2_SD_CNO,2026_06_21_merged.mat,TEST,3,27585,1587,79.30000000000001,1379.2
R005,CNO,T2_SD_CNO,2026_06_21_merged.mat,TEST,3,27586,1588,79.35000000000001,1379.25
R005,CNO,T2_SD_CNO,2026_06_21_merged.mat,TEST,3,27597,1599,79.9,1379.8000000000002
R005,CNO,T2_SD_CNO,2026_06_21_merged.mat,TEST,3,27598,1600,79.95,1379.8500000000001
R005,CNO,T2_SD_CNO,2026_06_21_merged.mat,TEST,3,27599,1601,80.0,1379.9
R005,CNO,T2_SD_CNO,2026_06_21_merged.mat,TEST,3,27600,1602,80.05000000000001,1379.95
R005,CNO,T2_SD_CNO,2026_06_21_merged.mat,TEST,3,27601,1603,80.10000000000001,1380.0
R005,CNO,T2_SD_CNO,2026_06_21_merged.mat,TEST,3,27616,1618,80.85000000000001,1380.75
R005,CNO,T2_SD_CNO,2026_06_21_merged.mat,TEST,3,27617,1619,80.9,1380.8000000000002
R005,CNO,T2_SD_CNO,2026_06_21_merged.mat,TEST,3,27618,1620,80.95,1380.8500000000001
R005,CNO,T2_SD_CNO,2026_06_21_merged.mat,TEST,3,27619,1621,81.0,1380.9
R005,CNO,T2_SD_CNO,2026_06_21_merged.mat,TEST,3,27620,1622,81.05000000000001,1380.95
R005,CNO,T2_SD_CNO,2026_06_21_merged.mat,TEST,3,27621,1623,81.10000000000001,1381.0
R005,CNO,T2_SD_CNO,2026_06_21_merged.mat,TEST,3,27622,1624,81.15,1381.0500000000002
R005,CNO,T2_SD_CNO,2026_06_21_merged.mat,TEST,3,27629,1631,81.5,1381.4
R005,CNO,T2_SD_CNO,2026_06_21_merged.mat,TEST,3,27630,1632,81.55000000000001,1381.45
R005,CNO,T2_SD_CNO,2026_06_21_merged.mat,TEST,3,27642,1644,82.15,1382.0500000000002
R005,CNO,T2_SD_CNO,2026_06_21_merged.mat,TEST,3,27643,1645,82.2,1382.1000000000001
R005,CNO,T2_SD_CNO,2026_06_21_merged.mat,TEST,3,27644,1646,82.25,1382.15
R005,CNO,T2_SD_CNO,2026_06_21_merged.mat,TEST,3,27645,1647,82.30000000000001,1382.2
R005,CNO,T2_SD_CNO,2026_06_21_merged.mat,TEST,3,27646,1648,82.35000000000001,1382.25
R005,CNO,T2_SD_CNO,2026_06_21_merged.mat,TEST,3,27647,1649,82.4,1382.3000000000002
R005,CNO,T2_SD_CNO,2026_06_21_merged.mat,TEST,3,27657,1659,82.9,1382.8000000000002
R005,CNO,T2_SD_CNO,2026_06_21_merged.mat,TEST,3,27658,1660,82.95,1382.8500000000001
R005,CNO,T2_SD_CNO,2026_06_21_merged.mat,TEST,3,27659,1661,83.0,1382.9
R005,CNO,T2_SD_CNO,2026_06_21_merged.mat,TEST,3,27660,1662,83.05000000000001,1382.95
R005,CNO,T2_SD_CNO,2026_06_21_merged.mat,TEST,3,27663,1665,83.2,1383.1000000000001
R005,CNO,T2_SD_CNO,2026_06_21_merged.mat,TEST,3,27668,1670,83.45,1383.3500000000001
R005,CNO,T2_SD_CNO,2026_06_21_merged.mat,TEST,3,27669,1671,83.5,1383.4
R005,CNO,T2_SD_CNO,2026_06_21_merged.mat,TEST,3,27670,1672,83.55000000000001,1383.45
R005,CNO,T2_SD_CNO,2026_06_21_merged.mat,TEST,3,27681,1683,84.10000000000001,1384.0
R005,CNO,T2_SD_CNO,2026_06_21_merged.mat,TEST,3,27682,1684,84.15,1384.0500000000002
R005,CNO,T2_SD_CNO,2026_06_21_merged.mat,TEST,3,27683,1685,84.2,1384.1000000000001
R005,CNO,T2_SD_CNO,2026_06_21_merged.mat,TEST,3,27684,1686,84.25,1384.15
R005,CNO,T2_SD_CNO,2026_06_21_merged.mat,TEST,3,27689,1691,84.5,1384.4
R005,CNO,T2_SD_CNO,2026_06_21_merged.mat,TEST,3,27690,1692,84.55000000000001,1384.45
R005,CNO,T2_SD_CNO,2026_06_21_merged.mat,TEST,3,27691,1693,84.60000000000001,1384.5
R005,CNO,T2_SD_CNO,2026_06_21_merged.mat,TEST,3,27692,1694,84.65,1384.5500000000002
R005,CNO,T2_SD_CNO,2026_06_21_merged.mat,TEST,3,27693,1695,84.7,1384.6000000000001
R005,CNO,T2_SD_CNO,2026_06_21_merged.mat,TEST,3,27694,1696,84.75,1384.65
R005,CNO,T2_SD_CNO,2026_06_21_merged.mat,TEST,3,27714,1716,85.75,1385.65
R005,CNO,T2_SD_CNO,2026_06_21_merged.mat,TEST,3,27715,1717,85.80000000000001,1385.7
R005,CNO,T2_SD_CNO,2026_06_21_merged.mat,TEST,3,27716,1718,85.85000000000001,1385.75
R005,CNO,T2_SD_CNO,2026_06_21_merged.mat,TEST,3,27717,1719,85.9,1385.8000000000002
R005,CNO,T2_SD_CNO,2026_06_21_merged.mat,TEST,3,27718,1720,85.95,1385.8500000000001
R005,CNO,T2_SD_CNO,2026_06_21_merged.mat,TEST,3,27719,1721,86.0,1385.9
R005,CNO,T2_SD_CNO,2026_06_21_merged.mat,TEST,3,27720,1722,86.05000000000001,1385.95
R005,CNO,T2_SD_CNO,2026_06_21_merged.mat,TEST,3,27721,1723,86.10000000000001,1386.0
R005,CNO,T2_SD_CNO,2026_06_21_merged.mat,TEST,3,27722,1724,86.15,1386.0500000000002
R005,CNO,T2_SD_CNO,2026_06_21_merged.mat,TEST,3,27723,1725,86.2,1386.1000000000001
R005,CNO,T2_SD_CNO,2026_06_21_merged.mat,TEST,3,27724,1726,86.25,1386.15
R005,CNO,T2_SD_CNO,2026_06_21_merged.mat,TEST,3,27725,1727,86.30000000000001,1386.2
R005,CNO,T2_SD_CNO,2026_06_21_merged.mat,TEST,3,27738,1740,86.95,1386.8500000000001
R005,CNO,T2_SD_CNO,2026_06_21_merged.mat,TEST,3,27740,1742,87.05000000000001,1386.95
R005,CNO,T2_SD_CNO,2026_06_21_merged.mat,TEST,3,27741,1743,87.10000000000001,1387.0
R005,CNO,T2_SD_CNO,2026_06_21_merged.mat,TEST,3,27742,1744,87.15,1387.0500000000002
R005,CNO,T2_SD_CNO,2026_06_21_merged.mat,TEST,3,27759,1761,88.0,1387.9
R005,CNO,T2_SD_CNO,2026_06_21_merged.mat,TEST,3,27760,1762,88.05000000000001,1387.95
R005,CNO,T2_SD_CNO,2026_06_21_merged.mat,TEST,3,27761,1763,88.10000000000001,1388.0
R005,CNO,T2_SD_CNO,2026_06_21_merged.mat,TEST,3,27762,1764,88.15,1388.0500000000002
R005,CNO,T2_SD_CNO,2026_06_21_merged.mat,TEST,3,27763,1765,88.2,1388.1000000000001
R005,CNO,T2_SD_CNO,2026_06_21_merged.mat,TEST,3,27767,1769,88.4,1388.3000000000002
R005,CNO,T2_SD_CNO,2026_06_21_merged.mat,TEST,3,27770,1772,88.55000000000001,1388.45
R005,CNO,T2_SD_CNO,2026_06_21_merged.mat,TEST,3,27771,1773,88.60000000000001,1388.5
R005,CNO,T2_SD_CNO,2026_06_21_merged.mat,TEST,3,27772,1774,88.65,1388.5500000000002
R005,CNO,T2_SD_CNO,2026_06_21_merged.mat,TEST,3,27773,1775,88.7,1388.6000000000001
R005,CNO,T2_SD_CNO,2026_06_21_merged.mat,TEST,3,27787,1789,89.4,1389.3000000000002
R005,CNO,T2_SD_CNO,2026_06_21_merged.mat,TEST,3,27789,1791,89.5,1389.4
R005,CNO,T2_SD_CNO,2026_06_21_merged.mat,TEST,3,27800,1802,90.05000000000001,1389.95
R005,CNO,T2_SD_CNO,2026_06_21_merged.mat,TEST,3,27801,1803,90.10000000000001,1390.0
R005,CNO,T2_SD_CNO,2026_06_21_merged.mat,TEST,3,27802,1804,90.15,1390.0500000000002
R005,CNO,T2_SD_CNO,2026_06_21_merged.mat,TEST,3,27803,1805,90.2,1390.1000000000001
R005,CNO,T2_SD_CNO,2026_06_21_merged.mat,TEST,3,27804,1806,90.25,1390.15
R005,CNO,T2_SD_CNO,2026_06_21_merged.mat,TEST,3,27805,1807,90.30000000000001,1390.2
R005,CNO,T2_SD_CNO,2026_06_21_merged.mat,TEST,3,27806,1808,90.35000000000001,1390.25
R005,CNO,T2_SD_CNO,2026_06_21_merged.mat,TEST,3,27838,1840,91.95,1391.8500000000001
R005,CNO,T2_SD_CNO,2026_06_21_merged.mat,TEST,3,27839,1841,92.0,1391.9
R005,CNO,T2_SD_CNO,2026_06_21_merged.mat,TEST,3,27840,1842,92.05000000000001,1391.95
R005,CNO,T2_SD_CNO,2026_06_21_merged.mat,TEST,3,27841,1843,92.10000000000001,1392.0
R005,CNO,T2_SD_CNO,2026_06_21_merged.mat,TEST,3,27842,1844,92.15,1392.0500000000002
R005,CNO,T2_SD_CNO,2026_06_21_merged.mat,TEST,3,27851,1853,92.60000000000001,1392.5
R005,CNO,T2_SD_CNO,2026_06_21_merged.mat,TEST,3,27852,1854,92.65,1392.5500000000002
R005,CNO,T2_SD_CNO,2026_06_21_merged.mat,TEST,3,27853,1855,92.7,1392.6000000000001
R005,CNO,T2_SD_CNO,2026_06_21_merged.mat,TEST,3,27854,1856,92.75,1392.65
R005,CNO,T2_SD_CNO,2026_06_21_merged.mat,TEST,3,27876,1878,93.85000000000001,1393.75
R005,CNO,T2_SD_CNO,2026_06_21_merged.mat,TEST,3,27877,1879,93.9,1393.8000000000002
R005,CNO,T2_SD_CNO,2026_06_21_merged.mat,TEST,3,27878,1880,93.95,1393.8500000000001
R005,CNO,T2_SD_CNO,2026_06_21_merged.mat,TEST,3,27902,1904,95.15,1395.0500000000002
R005,CNO,T2_SD_CNO,2026_06_21_merged.mat,TEST,3,27903,1905,95.2,1395.1000000000001
R005,CNO,T2_SD_CNO,2026_06_21_merged.mat,TEST,3,27904,1906,95.25,1395.15
R005,CNO,T2_SD_CNO,2026_06_21_merged.mat,TEST,3,27905,1907,95.30000000000001,1395.2
R005,CNO,T2_SD_CNO,2026_06_21_merged.mat,TEST,3,27925,1927,96.30000000000001,1396.2
R005,CNO,T2_SD_CNO,2026_06_21_merged.mat,TEST,3,27926,1928,96.35000000000001,1396.25
R005,CNO,T2_SD_CNO,2026_06_21_merged.mat,TEST,3,27927,1929,96.4,1396.3000000000002
R005,CNO,T2_SD_CNO,2026_06_21_merged.mat,TEST,3,27928,1930,96.45,1396.3500000000001
R005,CNO,T2_SD_CNO,2026_06_21_merged.mat,TEST,3,27929,1931,96.5,1396.4
R005,CNO,T2_SD_CNO,2026_06_21_merged.mat,TEST,3,27937,1939,96.9,1396.8000000000002
R005,CNO,T2_SD_CNO,2026_06_21_merged.mat,TEST,3,27938,1940,96.95,1396.8500000000001
R005,CNO,T2_SD_CNO,2026_06_21_merged.mat,TEST,3,27939,1941,97.0,1396.9
R005,CNO,T2_SD_CNO,2026_06_21_merged.mat,TEST,3,27940,1942,97.05000000000001,1396.95
R005,CNO,T2_SD_CNO,2026_06_21_merged.mat,TEST,3,27941,1943,97.10000000000001,1397.0
R005,CNO,T2_SD_CNO,2026_06_21_merged.mat,TEST,3,27942,1944,97.15,1397.0500000000002
R005,CNO,T2_SD_CNO,2026_06_21_merged.mat,TEST,3,27943,1945,97.2,1397.1000000000001
R005,CNO,T2_SD_CNO,2026_06_21_merged.mat,TEST,3,27968,1970,98.45,1398.3500000000001
R005,CNO,T2_SD_CNO,2026_06_21_merged.mat,TEST,3,27969,1971,98.5,1398.4
R005,CNO,T2_SD_CNO,2026_06_21_merged.mat,TEST,3,27970,1972,98.55000000000001,1398.45
R005,CNO,T2_SD_CNO,2026_06_21_merged.mat,TEST,3,27971,1973,98.60000000000001,1398.5
R005,CNO,T2_SD_CNO,2026_06_21_merged.mat,TEST,3,27972,1974,98.65,1398.5500000000002
R005,CNO,T2_SD_CNO,2026_06_21_merged.mat,TEST,3,27985,1987,99.30000000000001,1399.2
R005,CNO,T2_SD_CNO,2026_06_21_merged.mat,TEST,3,27986,1988,99.35000000000001,1399.25
R005,CNO,T2_SD_CNO,2026_06_21_merged.mat,TEST,3,27987,1989,99.4,1399.3000000000002
R005,CNO,T2_SD_CNO,2026_06_21_merged.mat,TEST,3,28008,2010,100.45,1400.3500000000001
R005,CNO,T2_SD_CNO,2026_06_21_merged.mat,TEST,3,28009,2011,100.5,1400.4
R005,CNO,T2_SD_CNO,2026_06_21_merged.mat,TEST,3,28010,2012,100.55000000000001,1400.45
R005,CNO,T2_SD_CNO,2026_06_21_merged.mat,TEST,3,28018,2020,100.95,1400.8500000000001
R005,CNO,T2_SD_CNO,2026_06_21_merged.mat,TEST,3,28019,2021,101.0,1400.9
R005,CNO,T2_SD_CNO,2026_06_21_merged.mat,TEST,3,28020,2022,101.05000000000001,1400.95
R005,CNO,T2_SD_CNO,2026_06_21_merged.mat,TEST,3,28021,2023,101.10000000000001,1401.0
R005,CNO,T2_SD_CNO,2026_06_21_merged.mat,TEST,3,28022,2024,101.15,1401.0500000000002
R005,CNO,T2_SD_CNO,2026_06_21_merged.mat,TEST,3,28041,2043,102.10000000000001,1402.0
R005,CNO,T2_SD_CNO,2026_06_21_merged.mat,TEST,3,28042,2044,102.15,1402.0500000000002
R005,CNO,T2_SD_CNO,2026_06_21_merged.mat,TEST,3,28043,2045,102.2,1402.1000000000001
R005,CNO,T2_SD_CNO,2026_06_21_merged.mat,TEST,3,28044,2046,102.25,1402.15
R005,CNO,T2_SD_CNO,2026_06_21_merged.mat,TEST,3,28053,2055,102.7,1402.6000000000001
R005,CNO,T2_SD_CNO,2026_06_21_merged.mat,TEST,3,28054,2056,102.75,1402.65
R005,CNO,T2_SD_CNO,2026_06_21_merged.mat,TEST,3,28055,2057,102.80000000000001,1402.7
R005,CNO,T2_SD_CNO,2026_06_21_merged.mat,TEST,3,28056,2058,102.85000000000001,1402.75
R005,CNO,T2_SD_CNO,2026_06_21_merged.mat,TEST,2,28112,2114,105.65,1405.5500000000002
R005,CNO,T2_SD_CNO,2026_06_21_merged.mat,TEST,2,28113,2115,105.7,1405.6000000000001
R005,CNO,T2_SD_CNO,2026_06_21_merged.mat,TEST,2,28115,2117,105.80000000000001,1405.7
R005,CNO,T2_SD_CNO,2026_06_21_merged.mat,TEST,2,28116,2118,105.85000000000001,1405.75
R005,CNO,T2_SD_CNO,2026_06_21_merged.mat,TEST,2,28117,2119,105.9,1405.8000000000002
R005,CNO,T2_SD_CNO,2026_06_21_merged.mat,TEST,3,28137,2139,106.9,1406.8000000000002
R005,CNO,T2_SD_CNO,2026_06_21_merged.mat,TEST,3,28138,2140,106.95,1406.8500000000001
R005,CNO,T2_SD_CNO,2026_06_21_merged.mat,TEST,2,28218,2220,110.95,1410.8500000000001
R005,CNO,T2_SD_CNO,2026_06_21_merged.mat,TEST,2,28304,2306,115.25,1415.15
R005,CNO,T2_SD_CNO,2026_06_21_merged.mat,TEST,2,28305,2307,115.30000000000001,1415.2
R005,CNO,T2_SD_CNO,2026_06_21_merged.mat,TEST,2,28306,2308,115.35000000000001,1415.25
R005,CNO,T2_SD_CNO,2026_06_21_merged.mat,TEST,2,28307,2309,115.4,1415.3000000000002
R005,CNO,T2_SD_CNO,2026_06_21_merged.mat,TEST,2,28308,2310,115.45,1415.3500000000001
R005,CNO,T2_SD_CNO,2026_06_21_merged.mat,TEST,3,28323,2325,116.2,1416.1000000000001
R005,CNO,T2_SD_CNO,2026_06_21_merged.mat,TEST,3,28324,2326,116.25,1416.15
R005,CNO,T2_SD_CNO,2026_06_21_merged.mat,TEST,3,28394,2396,119.75,1419.65
R005,CNO,T2_SD_CNO,2026_06_21_merged.mat,TEST,3,28396,2398,119.85000000000001,1419.75
R005,CNO,T2_SD_CNO,2026_06_21_merged.mat,TEST,3,28400,2402,120.05000000000001,1419.95
R005,CNO,T2_SD_CNO,2026_06_21_merged.mat,TEST,3,28403,2405,120.2,1420.1000000000001
R005,CNO,T2_SD_CNO,2026_06_21_merged.mat,TEST,3,28404,2406,120.25,1420.15
R005,CNO,T2_SD_CNO,2026_06_21_merged.mat,TEST,2,28463,2465,123.2,1423.1000000000001
R005,CNO,T2_SD_CNO,2026_06_21_merged.mat,TEST,2,28464,2466,123.25,1423.15
R005,CNO,T2_SD_CNO,2026_06_21_merged.mat,TEST,2,28465,2467,123.30000000000001,1423.2
R005,CNO,T2_SD_CNO,2026_06_21_merged.mat,TEST,3,28591,2593,129.6,1429.5
R005,CNO,T2_SD_CNO,2026_06_21_merged.mat,TEST,3,28593,2595,129.70000000000002,1429.6000000000001
R005,CNO,T2_SD_CNO,2026_06_21_merged.mat,TEST,2,28606,2608,130.35,1430.25
R005,CNO,T2_SD_CNO,2026_06_21_merged.mat,TEST,2,28607,2609,130.4,1430.3000000000002
R005,CNO,T2_SD_CNO,2026_06_21_merged.mat,TEST,2,28619,2621,131.0,1430.9
R005,CNO,T2_SD_CNO,2026_06_21_merged.mat,TEST,2,28620,2622,131.05,1430.95
R005,CNO,T2_SD_CNO,2026_06_21_merged.mat,TEST,2,28688,2690,134.45000000000002,1434.3500000000001
R005,CNO,T2_SD_CNO,2026_06_21_merged.mat,TEST,3,28786,2788,139.35,1439.25
R005,CNO,T2_SD_CNO,2026_06_21_merged.mat,TEST,3,28787,2789,139.4,1439.3000000000002
R005,CNO,T2_SD_CNO,2026_06_21_merged.mat,TEST,3,28788,2790,139.45000000000002,1439.3500000000001
R005,CNO,T2_SD_CNO,2026_06_21_merged.mat,TEST,3,28804,2806,140.25,1440.15
R005,CNO,T2_SD_CNO,2026_06_21_merged.mat,TEST,3,28805,2807,140.3,1440.2
R005,CNO,T2_SD_CNO,2026_06_21_merged.mat,TEST,2,28895,2897,144.8,1444.7
R005,CNO,T2_SD_CNO,2026_06_21_merged.mat,TEST,3,28905,2907,145.3,1445.2
R005,CNO,T2_SD_CNO,2026_06_21_merged.mat,TEST,3,28949,2951,147.5,1447.4
R005,CNO,T2_SD_CNO,2026_06_21_merged.mat,TEST,1,28973,2975,148.70000000000002,1448.6000000000001
R005,CNO,T2_SD_CNO,2026_06_21_merged.mat,TEST,2,28974,2976,148.75,1448.65
R005,CNO,T2_SD_CNO,2026_06_21_merged.mat,TEST,2,29013,3015,150.70000000000002,1450.6000000000001
R005,CNO,T2_SD_CNO,2026_06_21_merged.mat,TEST,2,29014,3016,150.75,1450.65
R005,CNO,T2_SD_CNO,2026_06_21_merged.mat,TEST,2,29015,3017,150.8,1450.7
R005,CNO,T2_SD_CNO,2026_06_21_merged.mat,TEST,3,29082,3084,154.15,1454.0500000000002
R005,CNO,T2_SD_CNO,2026_06_21_merged.mat,TEST,3,29083,3085,154.20000000000002,1454.1000000000001
R005,CNO,T2_SD_CNO,2026_06_21_merged.mat,TEST,1,29121,3123,156.10000000000002,1456.0
R005,CNO,T2_SD_CNO,2026_06_21_merged.mat,TEST,2,29127,3129,156.4,1456.3000000000002
R005,CNO,T2_SD_CNO,2026_06_21_merged.mat,TEST,2,29128,3130,156.45000000000002,1456.3500000000001
R005,CNO,T2_SD_CNO,2026_06_21_merged.mat,TEST,2,29129,3131,156.5,1456.4
R005,CNO,T2_SD_CNO,2026_06_21_merged.mat,TEST,2,29138,3140,156.95000000000002,1456.8500000000001
R005,CNO,T2_SD_CNO,2026_06_21_merged.mat,TEST,2,29139,3141,157.0,1456.9
R005,CNO,T2_SD_CNO,2026_06_21_merged.mat,TEST,1,29174,3176,158.75,1458.65
R005,CNO,T2_SD_CNO,2026_06_21_merged.mat,TEST,2,29175,3177,158.8,1458.7
R005,CNO,T2_SD_CNO,2026_06_21_merged.mat,TEST,4,29188,3190,159.45000000000002,1459.3500000000001
R005,CNO,T2_SD_CNO,2026_06_21_merged.mat,TEST,4,29189,3191,159.5,1459.4
R005,CNO,T2_SD_CNO,2026_06_21_merged.mat,TEST,2,29400,3402,170.05,1469.95
R005,CNO,T2_SD_CNO,2026_06_21_merged.mat,TEST,1,29421,3423,171.10000000000002,1471.0
R005,CNO,T2_SD_CNO,2026_06_21_merged.mat,TEST,2,29530,3532,176.55,1476.45
R005,CNO,T2_SD_CNO,2026_06_21_merged.mat,TEST,2,29531,3533,176.60000000000002,1476.5
R005,CNO,T2_SD_CNO,2026_06_21_merged.mat,TEST,2,29532,3534,176.65,1476.5500000000002
R005,CNO,T2_SD_CNO,2026_06_21_merged.mat,TEST,2,29551,3553,177.60000000000002,1477.5
R005,CNO,T2_SD_CNO,2026_06_21_merged.mat,TEST,2,29552,3554,177.65,1477.5500000000002
R005,CNO,T2_SD_CNO,2026_06_21_merged.mat,TEST,2,29553,3555,177.70000000000002,1477.6000000000001
R005,CNO,T2_SD_CNO,2026_06_21_merged.mat,TEST,2,29554,3556,177.75,1477.65
R005,CNO,T2_SD_CNO,2026_06_21_merged.mat,TEST,3,29579,3581,179.0,1478.9
R005,CNO,T2_SD_CNO,2026_06_21_merged.mat,TEST,3,29580,3582,179.05,1478.95
R005,CNO,T2_SD_CNO,2026_06_21_merged.mat,TEST,4,29608,3610,180.45000000000002,1480.3500000000001
R005,CNO,T2_SD_CNO,2026_06_21_merged.mat,TEST,3,29648,3650,182.45000000000002,1482.3500000000001
R005,CNO,T2_SD_CNO,2026_06_21_merged.mat,TEST,3,29649,3651,182.5,1482.4
R005,CNO,T2_SD_CNO,2026_06_21_merged.mat,TEST,3,29650,3652,182.55,1482.45
R005,CNO,T2_SD_CNO,2026_06_21_merged.mat,TEST,3,29657,3659,182.9,1482.8000000000002
R005,CNO,T2_SD_CNO,2026_06_21_merged.mat,TEST,3,29658,3660,182.95000000000002,1482.8500000000001
R005,CNO,T2_SD_CNO,2026_06_21_merged.mat,TEST,3,29659,3661,183.0,1482.9
R005,CNO,T2_SD_CNO,2026_06_21_merged.mat,TEST,4,29660,3662,183.05,1482.95
R005,CNO,T2_SD_CNO,2026_06_21_merged.mat,TEST,4,29661,3663,183.10000000000002,1483.0
R005,CNO,T2_SD_CNO,2026_06_21_merged.mat,TEST,4,29662,3664,183.15,1483.0500000000002
R005,CNO,T2_SD_CNO,2026_06_21_merged.mat,TEST,2,29674,3676,183.75,1483.65
R005,CNO,T2_SD_CNO,2026_06_21_merged.mat,TEST,2,29675,3677,183.8,1483.7
R005,CNO,T2_SD_CNO,2026_06_21_merged.mat,TEST,2,29676,3678,183.85000000000002,1483.75
R005,CNO,T2_SD_CNO,2026_06_21_merged.mat,TEST,3,29714,3716,185.75,1485.65
R005,CNO,T2_SD_CNO,2026_06_21_merged.mat,TEST,3,29715,3717,185.8,1485.7
R005,CNO,T2_SD_CNO,2026_06_21_merged.mat,TEST,3,29743,3745,187.20000000000002,1487.1000000000001
R005,CNO,T2_SD_CNO,2026_06_21_merged.mat,TEST,3,29744,3746,187.25,1487.15
R005,CNO,T2_SD_CNO,2026_06_21_merged.mat,TEST,3,29745,3747,187.3,1487.2
R005,CNO,T2_SD_CNO,2026_06_21_merged.mat,TEST,3,29766,3768,188.35000000000002,1488.25
R005,CNO,T2_SD_CNO,2026_06_21_merged.mat,TEST,3,29767,3769,188.4,1488.3000000000002
R005,CNO,T2_SD_CNO,2026_06_21_merged.mat,TEST,3,29768,3770,188.45000000000002,1488.3500000000001
R005,CNO,T2_SD_CNO,2026_06_21_merged.mat,TEST,3,29797,3799,189.9,1489.8000000000002
R005,CNO,T2_SD_CNO,2026_06_21_merged.mat,TEST,3,29798,3800,189.95000000000002,1489.8500000000001
R005,CNO,T2_SD_CNO,2026_06_21_merged.mat,TEST,3,29799,3801,190.0,1489.9
R005,CNO,T2_SD_CNO,2026_06_21_merged.mat,TEST,3,29800,3802,190.05,1489.95
R005,CNO,T2_SD_CNO,2026_06_21_merged.mat,TEST,3,29801,3803,190.10000000000002,1490.0
R005,CNO,T2_SD_CNO,2026_06_21_merged.mat,TEST,3,29813,3815,190.70000000000002,1490.6000000000001
R005,CNO,T2_SD_CNO,2026_06_21_merged.mat,TEST,3,29818,3820,190.95000000000002,1490.8500000000001
R005,CNO,T2_SD_CNO,2026_06_21_merged.mat,TEST,3,29819,3821,191.0,1490.9
R005,CNO,T2_SD_CNO,2026_06_21_merged.mat,TEST,3,29820,3822,191.05,1490.95
R005,CNO,T2_SD_CNO,2026_06_21_merged.mat,TEST,3,29887,3889,194.4,1494.3000000000002
R005,CNO,T2_SD_CNO,2026_06_21_merged.mat,TEST,3,29888,3890,194.45000000000002,1494.3500000000001
R005,CNO,T2_SD_CNO,2026_06_21_merged.mat,TEST,2,29900,3902,195.05,1494.95
R005,CNO,T2_SD_CNO,2026_06_21_merged.mat,TEST,2,29901,3903,195.10000000000002,1495.0
R005,CNO,T2_SD_CNO,2026_06_21_merged.mat,TEST,2,29902,3904,195.15,1495.0500000000002
R005,CNO,T2_SD_CNO,2026_06_21_merged.mat,TEST,2,29903,3905,195.20000000000002,1495.1000000000001
R005,CNO,T2_SD_CNO,2026_06_21_merged.mat,TEST,2,29904,3906,195.25,1495.15
R005,CNO,T2_SD_CNO,2026_06_21_merged.mat,TEST,2,29907,3909,195.4,1495.3000000000002
R005,CNO,T2_SD_CNO,2026_06_21_merged.mat,TEST,2,29908,3910,195.45000000000002,1495.3500000000001
R005,CNO,T2_SD_CNO,2026_06_21_merged.mat,TEST,2,30047,4049,202.4,1502.3000000000002
R005,CNO,T2_SD_CNO,2026_06_21_merged.mat,TEST,3,30098,4100,204.95000000000002,1504.8500000000001
R005,CNO,T2_SD_CNO,2026_06_21_merged.mat,TEST,3,30099,4101,205.0,1504.9
R005,CNO,T2_SD_CNO,2026_06_21_merged.mat,TEST,2,30121,4123,206.10000000000002,1506.0
R005,CNO,T2_SD_CNO,2026_06_21_merged.mat,TEST,2,30123,4125,206.20000000000002,1506.1000000000001
R005,CNO,T2_SD_CNO,2026_06_21_merged.mat,TEST,2,30124,4126,206.25,1506.15
R005,CNO,T2_SD_CNO,2026_06_21_merged.mat,TEST,2,30154,4156,207.75,1507.65
R005,CNO,T2_SD_CNO,2026_06_21_merged.mat,TEST,2,30155,4157,207.8,1507.7
R005,CNO,T2_SD_CNO,2026_06_21_merged.mat,TEST,2,30156,4158,207.85000000000002,1507.75
R005,CNO,T2_SD_CNO,2026_06_21_merged.mat,TEST,2,30157,4159,207.9,1507.8000000000002
R005,CNO,T2_SD_CNO,2026_06_21_merged.mat,TEST,2,30158,4160,207.95000000000002,1507.8500000000001
R005,CNO,T2_SD_CNO,2026_06_21_merged.mat,TEST,2,30159,4161,208.0,1507.9
R005,CNO,T2_SD_CNO,2026_06_21_merged.mat,TEST,3,30183,4185,209.20000000000002,1509.1000000000001
R005,CNO,T2_SD_CNO,2026_06_21_merged.mat,TEST,3,30184,4186,209.25,1509.15
R005,CNO,T2_SD_CNO,2026_06_21_merged.mat,TEST,1,30214,4216,210.75,1510.65
R005,CNO,T2_SD_CNO,2026_06_21_merged.mat,TEST,2,30294,4296,214.75,1514.65
R005,CNO,T2_SD_CNO,2026_06_21_merged.mat,TEST,2,30446,4448,222.35000000000002,1522.25
R005,CNO,T2_SD_CNO,2026_06_21_merged.mat,TEST,2,30447,4449,222.4,1522.3000000000002
R005,CNO,T2_SD_CNO,2026_06_21_merged.mat,TEST,2,30448,4450,222.45000000000002,1522.3500000000001
R005,CNO,T2_SD_CNO,2026_06_21_merged.mat,TEST,2,30465,4467,223.3,1523.2
R005,CNO,T2_SD_CNO,2026_06_21_merged.mat,TEST,3,30481,4483,224.10000000000002,1524.0
R005,CNO,T2_SD_CNO,2026_06_21_merged.mat,TEST,3,30482,4484,224.15,1524.0500000000002
R005,CNO,T2_SD_CNO,2026_06_21_merged.mat,TEST,3,30483,4485,224.20000000000002,1524.1000000000001
R005,CNO,T2_SD_CNO,2026_06_21_merged.mat,TEST,2,30517,4519,225.9,1525.8000000000002
R005,CNO,T2_SD_CNO,2026_06_21_merged.mat,TEST,2,30518,4520,225.95000000000002,1525.8500000000001
R005,CNO,T2_SD_CNO,2026_06_21_merged.mat,TEST,2,30538,4540,226.95000000000002,1526.8500000000001
R005,CNO,T2_SD_CNO,2026_06_21_merged.mat,TEST,2,30539,4541,227.0,1526.9
R005,CNO,T2_SD_CNO,2026_06_21_merged.mat,TEST,2,30540,4542,227.05,1526.95
R005,CNO,T2_SD_CNO,2026_06_21_merged.mat,TEST,2,30573,4575,228.70000000000002,1528.6000000000001
R005,CNO,T2_SD_CNO,2026_06_21_merged.mat,TEST,2,30654,4656,232.75,1532.65
R005,CNO,T2_SD_CNO,2026_06_21_merged.mat,TEST,1,30777,4779,238.9,1538.8000000000002
R005,CNO,T2_SD_CNO,2026_06_21_merged.mat,TEST,2,30798,4800,239.95000000000002,1539.8500000000001
R005,CNO,T2_SD_CNO,2026_06_21_merged.mat,TEST,1,30810,4812,240.55,1540.45
R005,CNO,T2_SD_CNO,2026_06_21_merged.mat,TEST,1,30811,4813,240.60000000000002,1540.5
R005,CNO,T2_SD_CNO,2026_06_21_merged.mat,TEST,2,30837,4839,241.9,1541.8000000000002
R005,CNO,T2_SD_CNO,2026_06_21_merged.mat,TEST,2,30838,4840,241.95000000000002,1541.8500000000001
R005,CNO,T2_SD_CNO,2026_06_21_merged.mat,TEST,2,30970,4972,248.55,1548.45
R005,CNO,T2_SD_CNO,2026_06_21_merged.mat,TEST,2,30971,4973,248.60000000000002,1548.5
R005,CNO,T2_SD_CNO,2026_06_21_merged.mat,TEST,2,30972,4974,248.65,1548.5500000000002
R005,CNO,T2_SD_CNO,2026_06_21_merged.mat,TEST,1,30994,4996,249.75,1549.65
R005,CNO,T2_SD_CNO,2026_06_21_merged.mat,TEST,2,31005,5007,250.3,1550.2
R005,CNO,T2_SD_CNO,2026_06_21_merged.mat,TEST,2,31006,5008,250.35000000000002,1550.25
R005,CNO,T2_SD_CNO,2026_06_21_merged.mat,TEST,3,31025,5027,251.3,1551.2
R005,CNO,T2_SD_CNO,2026_06_21_merged.mat,TEST,3,31026,5028,251.35000000000002,1551.25
R005,CNO,T2_SD_CNO,2026_06_21_merged.mat,TEST,2,31077,5079,253.9,1553.8000000000002
R005,CNO,T2_SD_CNO,2026_06_21_merged.mat,TEST,2,31078,5080,253.95000000000002,1553.8500000000001
R005,CNO,T2_SD_CNO,2026_06_21_merged.mat,TEST,2,31079,5081,254.0,1553.9
R005,CNO,T2_SD_CNO,2026_06_21_merged.mat,TEST,2,31080,5082,254.05,1553.95
R005,CNO,T2_SD_CNO,2026_06_21_merged.mat,TEST,2,31081,5083,254.10000000000002,1554.0
R005,CNO,T2_SD_CNO,2026_06_21_merged.mat,TEST,2,31173,5175,258.7,1558.6000000000001
R005,CNO,T2_SD_CNO,2026_06_21_merged.mat,TEST,2,31174,5176,258.75,1558.65
R005,CNO,T2_SD_CNO,2026_06_21_merged.mat,TEST,3,31190,5192,259.55,1559.45
R005,CNO,T2_SD_CNO,2026_06_21_merged.mat,TEST,1,31198,5200,259.95,1559.8500000000001
R005,CNO,T2_SD_CNO,2026_06_21_merged.mat,TEST,4,31231,5233,261.6,1561.5
R005,CNO,T2_SD_CNO,2026_06_21_merged.mat,TEST,4,31232,5234,261.65000000000003,1561.5500000000002
R005,CNO,T2_SD_CNO,2026_06_21_merged.mat,TEST,2,31249,5251,262.5,1562.4
R005,CNO,T2_SD_CNO,2026_06_21_merged.mat,TEST,2,31250,5252,262.55,1562.45
R005,CNO,T2_SD_CNO,2026_06_21_merged.mat,TEST,2,31251,5253,262.6,1562.5
R005,CNO,T2_SD_CNO,2026_06_21_merged.mat,TEST,2,31262,5264,263.15000000000003,1563.0500000000002
R005,CNO,T2_SD_CNO,2026_06_21_merged.mat,TEST,2,31263,5265,263.2,1563.1000000000001
R005,CNO,T2_SD_CNO,2026_06_21_merged.mat,TEST,2,31264,5266,263.25,1563.15
R005,CNO,T2_SD_CNO,2026_06_21_merged.mat,TEST,2,31391,5393,269.6,1569.5
R005,CNO,T2_SD_CNO,2026_06_21_merged.mat,TEST,2,31392,5394,269.65000000000003,1569.5500000000002
R005,CNO,T2_SD_CNO,2026_06_21_merged.mat,TEST,2,31393,5395,269.7,1569.6000000000001
R005,CNO,T2_SD_CNO,2026_06_21_merged.mat,TEST,2,31394,5396,269.75,1569.65
R005,CNO,T2_SD_CNO,2026_06_21_merged.mat,TEST,3,31486,5488,274.35,1574.25
R005,CNO,T2_SD_CNO,2026_06_21_merged.mat,TEST,3,31487,5489,274.40000000000003,1574.3000000000002
R005,CNO,T2_SD_CNO,2026_06_21_merged.mat,TEST,3,31488,5490,274.45,1574.3500000000001
R005,CNO,T2_SD_CNO,2026_06_21_merged.mat,TEST,3,31489,5491,274.5,1574.4
R005,CNO,T2_SD_CNO,2026_06_21_merged.mat,TEST,2,31574,5576,278.75,1578.65
R005,CNO,T2_SD_CNO,2026_06_21_merged.mat,TEST,3,31611,5613,280.6,1580.5
R005,CNO,T2_SD_CNO,2026_06_21_merged.mat,TEST,2,31680,5682,284.05,1583.95
R005,CNO,T2_SD_CNO,2026_06_21_merged.mat,TEST,2,31681,5683,284.1,1584.0
R005,CNO,T2_SD_CNO,2026_06_21_merged.mat,TEST,2,31692,5694,284.65000000000003,1584.5500000000002
R005,CNO,T2_SD_CNO,2026_06_21_merged.mat,TEST,2,31693,5695,284.7,1584.6000000000001
R005,CNO,T2_SD_CNO,2026_06_21_merged.mat,TEST,2,31694,5696,284.75,1584.65
R005,CNO,T2_SD_CNO,2026_06_21_merged.mat,TEST,2,31764,5766,288.25,1588.15
R005,CNO,T2_SD_CNO,2026_06_21_merged.mat,TEST,2,31765,5767,288.3,1588.2
R005,CNO,T2_SD_CNO,2026_06_21_merged.mat,TEST,2,31822,5824,291.15000000000003,1591.0500000000002
R005,CNO,T2_SD_CNO,2026_06_21_merged.mat,TEST,3,31885,5887,294.3,1594.2
R005,CNO,T2_SD_CNO,2026_06_21_merged.mat,TEST,3,31886,5888,294.35,1594.25
R005,CNO,T2_SD_CNO,2026_06_21_merged.mat,TEST,1,31913,5915,295.7,1595.6000000000001
R005,CNO,T2_SD_CNO,2026_06_21_merged.mat,TEST,2,31915,5917,295.8,1595.7
R005,CNO,T2_SD_CNO,2026_06_21_merged.mat,TEST,2,31916,5918,295.85,1595.75
R005,CNO,T2_SD_CNO,2026_06_21_merged.mat,TEST,2,32002,6004,300.15000000000003,1600.0500000000002
R005,CNO,T2_SD_CNO,2026_06_21_merged.mat,TEST,2,32003,6005,300.2,1600.1000000000001
R005,CNO,T2_SD_CNO,2026_06_21_merged.mat,TEST,2,32004,6006,300.25,1600.15
R005,CNO,T2_SD_CNO,2026_06_21_merged.mat,TEST,2,32005,6007,300.3,1600.2
R005,CNO,T2_SD_CNO,2026_06_21_merged.mat,TEST,2,32029,6031,301.5,1601.4
R005,CNO,T2_SD_CNO,2026_06_21_merged.mat,TEST,2,32030,6032,301.55,1601.45
R005,CNO,T2_SD_CNO,2026_06_21_merged.mat,TEST,2,32031,6033,301.6,1601.5
R005,CNO,T2_SD_CNO,2026_06_21_merged.mat,TEST,2,32032,6034,301.65000000000003,1601.5500000000002
R005,CNO,T2_SD_CNO,2026_06_21_merged.mat,TEST,2,32033,6035,301.7,1601.6000000000001
R005,CNO,T2_SD_CNO,2026_06_21_merged.mat,TEST,2,32034,6036,301.75,1601.65
R005,CNO,T2_SD_CNO,2026_06_21_merged.mat,TEST,2,32035,6037,301.8,1601.7
R005,CNO,T2_SD_CNO,2026_06_21_merged.mat,TEST,2,32036,6038,301.85,1601.75
R005,CNO,T2_SD_CNO,2026_06_21_merged.mat,TEST,3,32085,6087,304.3,1604.2
R005,CNO,T2_SD_CNO,2026_06_21_merged.mat,TEST,3,32086,6088,304.35,1604.25
R005,CNO,T2_SD_CNO,2026_06_21_merged.mat,TEST,3,32087,6089,304.40000000000003,1604.3000000000002
R005,CNO,T2_SD_CNO,2026_06_21_merged.mat,TEST,3,32088,6090,304.45,1604.3500000000001
R005,CNO,T2_SD_CNO,2026_06_21_merged.mat,TEST,2,32102,6104,305.15000000000003,1605.0500000000002
R005,CNO,T2_SD_CNO,2026_06_21_merged.mat,TEST,2,32103,6105,305.2,1605.1000000000001
R005,CNO,T2_SD_CNO,2026_06_21_merged.mat,TEST,2,32114,6116,305.75,1605.65
R005,CNO,T2_SD_CNO,2026_06_21_merged.mat,TEST,3,32169,6171,308.5,1608.4
R005,CNO,T2_SD_CNO,2026_06_21_merged.mat,TEST,2,32183,6185,309.20000000000005,1609.1000000000001
R005,CNO,T2_SD_CNO,2026_06_21_merged.mat,TEST,2,32275,6277,313.8,1613.7
R005,CNO,T2_SD_CNO,2026_06_21_merged.mat,TEST,2,32276,6278,313.85,1613.75
R005,CNO,T2_SD_CNO,2026_06_21_merged.mat,TEST,2,32277,6279,313.90000000000003,1613.8000000000002
R005,CNO,T2_SD_CNO,2026_06_21_merged.mat,TEST,2,32278,6280,313.95000000000005,1613.8500000000001
R005,CNO,T2_SD_CNO,2026_06_21_merged.mat,TEST,1,32290,6292,314.55,1614.45
R005,CNO,T2_SD_CNO,2026_06_21_merged.mat,TEST,2,32388,6390,319.45000000000005,1619.3500000000001
R005,CNO,T2_SD_CNO,2026_06_21_merged.mat,TEST,2,32389,6391,319.5,1619.4
R005,CNO,T2_SD_CNO,2026_06_21_merged.mat,TEST,2,32390,6392,319.55,1619.45
R005,CNO,T2_SD_CNO,2026_06_21_merged.mat,TEST,3,32413,6415,320.70000000000005,1620.6000000000001
R005,CNO,T2_SD_CNO,2026_06_21_merged.mat,TEST,3,32414,6416,320.75,1620.65
R005,CNO,T2_SD_CNO,2026_06_21_merged.mat,TEST,3,32415,6417,320.8,1620.7
R005,CNO,T2_SD_CNO,2026_06_21_merged.mat,TEST,2,32427,6429,321.40000000000003,1621.3000000000002
R005,CNO,T2_SD_CNO,2026_06_21_merged.mat,TEST,3,32669,6671,333.50000000000006,1633.4
R005,CNO,T2_SD_CNO,2026_06_21_merged.mat,TEST,3,32670,6672,333.55000000000007,1633.4500000000003
R005,CNO,T2_SD_CNO,2026_06_21_merged.mat,TEST,3,32671,6673,333.6000000000001,1633.5000000000002
R005,CNO,T2_SD_CNO,2026_06_21_merged.mat,TEST,3,32672,6674,333.6500000000001,1633.5500000000002
R005,CNO,T2_SD_CNO,2026_06_21_merged.mat,TEST,3,32673,6675,333.70000000000005,1633.6000000000001
R005,CNO,T2_SD_CNO,2026_06_21_merged.mat,TEST,3,32674,6676,333.75000000000006,1633.65
R005,CNO,T2_SD_CNO,2026_06_21_merged.mat,TEST,3,32716,6718,335.8500000000001,1635.7500000000002
R005,CNO,T2_SD_CNO,2026_06_21_merged.mat,TEST,3,32717,6719,335.9000000000001,1635.8000000000002
R005,CNO,T2_SD_CNO,2026_06_21_merged.mat,TEST,3,32718,6720,335.95000000000005,1635.8500000000001
R005,CNO,T2_SD_CNO,2026_06_21_merged.mat,TEST,3,32719,6721,336.00000000000006,1635.9
R005,CNO,T2_SD_CNO,2026_06_21_merged.mat,TEST,3,32751,6753,337.6000000000001,1637.5000000000002
R005,CNO,T2_SD_CNO,2026_06_21_merged.mat,TEST,3,32752,6754,337.6500000000001,1637.5500000000002
R005,CNO,T2_SD_CNO,2026_06_21_merged.mat,TEST,3,32753,6755,337.70000000000005,1637.6000000000001
R005,CNO,T2_SD_CNO,2026_06_21_merged.mat,TEST,3,32754,6756,337.75000000000006,1637.65
R005,CNO,T2_SD_CNO,2026_06_21_merged.mat,TEST,3,32755,6757,337.80000000000007,1637.7000000000003
R005,CNO,T2_SD_CNO,2026_06_21_merged.mat,TEST,3,32756,6758,337.8500000000001,1637.7500000000002
R005,CNO,T2_SD_CNO,2026_06_21_merged.mat,TEST,2,32826,6828,341.3500000000001,1641.2500000000002
R005,CNO,T2_SD_CNO,2026_06_21_merged.mat,TEST,2,32827,6829,341.4000000000001,1641.3000000000002
R005,CNO,T2_SD_CNO,2026_06_21_merged.mat,TEST,2,32828,6830,341.45000000000005,1641.3500000000001
R005,CNO,T2_SD_CNO,2026_06_21_merged.mat,TEST,2,32886,6888,344.3500000000001,1644.2500000000002
R005,CNO,T2_SD_CNO,2026_06_21_merged.mat,TEST,2,33002,7004,350.1500000000001,1650.0500000000002
R005,CNO,T2_SD_CNO,2026_06_21_merged.mat,TEST,1,33008,7010,350.4500000000001,1650.3500000000001
R005,CNO,T2_SD_CNO,2026_06_21_merged.mat,TEST,1,33022,7024,351.1500000000001,1651.0500000000002
R005,CNO,T2_SD_CNO,2026_06_21_merged.mat,TEST,2,33051,7053,352.6000000000001,1652.5000000000002
R005,CNO,T2_SD_CNO,2026_06_21_merged.mat,TEST,2,33079,7081,354.00000000000006,1653.9
R005,CNO,T2_SD_CNO,2026_06_21_merged.mat,TEST,2,33080,7082,354.05000000000007,1653.9500000000003
R005,CNO,T2_SD_CNO,2026_06_21_merged.mat,TEST,2,33081,7083,354.1000000000001,1654.0000000000002
R005,CNO,T2_SD_CNO,2026_06_21_merged.mat,TEST,2,33153,7155,357.7000000000001,1657.6000000000001
R005,CNO,T2_SD_CNO,2026_06_21_merged.mat,TEST,2,33154,7156,357.75000000000006,1657.65
R005,CNO,T2_SD_CNO,2026_06_21_merged.mat,TEST,2,33165,7167,358.30000000000007,1658.2000000000003
R005,CNO,T2_SD_CNO,2026_06_21_merged.mat,TEST,4,33175,7177,358.80000000000007,1658.7000000000003
R005,CNO,T2_SD_CNO,2026_06_21_merged.mat,TEST,2,33179,7181,359.00000000000006,1658.9
R005,CNO,T2_SD_CNO,2026_06_21_merged.mat,TEST,2,33180,7182,359.05000000000007,1658.9500000000003
R005,CNO,T2_SD_CNO,2026_06_21_merged.mat,TEST,1,33207,7209,360.4000000000001,1660.3000000000002
R005,CNO,T2_SD_CNO,2026_06_21_merged.mat,TEST,1,33208,7210,360.4500000000001,1660.3500000000001
R005,CNO,T2_SD_CNO,2026_06_21_merged.mat,TEST,2,33210,7212,360.55000000000007,1660.4500000000003
R005,CNO,T2_SD_CNO,2026_06_21_merged.mat,TEST,2,33212,7214,360.6500000000001,1660.5500000000002
R005,CNO,T2_SD_CNO,2026_06_21_merged.mat,TEST,2,33213,7215,360.7000000000001,1660.6000000000001
R005,CNO,T2_SD_CNO,2026_06_21_merged.mat,TEST,2,33214,7216,360.75000000000006,1660.65
R005,CNO,T2_SD_CNO,2026_06_21_merged.mat,TEST,2,33215,7217,360.80000000000007,1660.7000000000003
R005,CNO,T2_SD_CNO,2026_06_21_merged.mat,TEST,2,33273,7275,363.7000000000001,1663.6000000000001
R005,CNO,T2_SD_CNO,2026_06_21_merged.mat,TEST,2,33274,7276,363.75000000000006,1663.65
R005,CNO,T2_SD_CNO,2026_06_21_merged.mat,TEST,2,33275,7277,363.80000000000007,1663.7000000000003
R005,CNO,T2_SD_CNO,2026_06_21_merged.mat,TEST,2,33276,7278,363.8500000000001,1663.7500000000002
R005,CNO,T2_SD_CNO,2026_06_21_merged.mat,TEST,3,33299,7301,365.00000000000006,1664.9
R005,CNO,T2_SD_CNO,2026_06_21_merged.mat,TEST,3,33300,7302,365.05000000000007,1664.9500000000003
R005,CNO,T2_SD_CNO,2026_06_21_merged.mat,TEST,2,33310,7312,365.55000000000007,1665.4500000000003
R005,CNO,T2_SD_CNO,2026_06_21_merged.mat,TEST,2,33311,7313,365.6000000000001,1665.5000000000002
R005,CNO,T2_SD_CNO,2026_06_21_merged.mat,TEST,2,33312,7314,365.6500000000001,1665.5500000000002
R005,CNO,T2_SD_CNO,2026_06_21_merged.mat,TEST,2,33338,7340,366.9500000000001,1666.8500000000001
R005,CNO,T2_SD_CNO,2026_06_21_merged.mat,TEST,2,33339,7341,367.00000000000006,1666.9
R005,CNO,T2_SD_CNO,2026_06_21_merged.mat,TEST,2,33340,7342,367.05000000000007,1666.9500000000003
R005,CNO,T2_SD_CNO,2026_06_21_merged.mat,TEST,2,33341,7343,367.1000000000001,1667.0000000000002
R005,CNO,T2_SD_CNO,2026_06_21_merged.mat,TEST,2,33342,7344,367.1500000000001,1667.0500000000002
R005,CNO,T2_SD_CNO,2026_06_21_merged.mat,TEST,2,33343,7345,367.2000000000001,1667.1000000000001
R005,CNO,T2_SD_CNO,2026_06_21_merged.mat,TEST,2,33344,7346,367.25000000000006,1667.15
R005,CNO,T2_SD_CNO,2026_06_21_merged.mat,TEST,1,33346,7348,367.3500000000001,1667.2500000000002
R005,CNO,T2_SD_CNO,2026_06_21_merged.mat,TEST,1,33364,7366,368.25000000000006,1668.15
R005,CNO,T2_SD_CNO,2026_06_21_merged.mat,TEST,1,33365,7367,368.30000000000007,1668.2000000000003
R005,CNO,T2_SD_CNO,2026_06_21_merged.mat,TEST,1,33366,7368,368.3500000000001,1668.2500000000002
R005,CNO,T2_SD_CNO,2026_06_21_merged.mat,TEST,2,33381,7383,369.1000000000001,1669.0000000000002
R005,CNO,T2_SD_CNO,2026_06_21_merged.mat,TEST,2,33428,7430,371.4500000000001,1671.3500000000001
R005,CNO,T2_SD_CNO,2026_06_21_merged.mat,TEST,1,33441,7443,372.1000000000001,1672.0000000000002
R005,CNO,T2_SD_CNO,2026_06_21_merged.mat,TEST,1,33442,7444,372.1500000000001,1672.0500000000002
R005,CNO,T2_SD_CNO,2026_06_21_merged.mat,TEST,3,33449,7451,372.50000000000006,1672.4
R005,CNO,T2_SD_CNO,2026_06_21_merged.mat,TEST,3,33450,7452,372.55000000000007,1672.4500000000003
R005,CNO,T2_SD_CNO,2026_06_21_merged.mat,TEST,3,33451,7453,372.6000000000001,1672.5000000000002
R005,CNO,T2_SD_CNO,2026_06_21_merged.mat,TEST,3,33452,7454,372.6500000000001,1672.5500000000002
R005,CNO,T2_SD_CNO,2026_06_21_merged.mat,TEST,2,33520,7522,376.05000000000007,1675.9500000000003
R005,CNO,T2_SD_CNO,2026_06_21_merged.mat,TEST,2,33521,7523,376.1000000000001,1676.0000000000002
R005,CNO,T2_SD_CNO,2026_06_21_merged.mat,TEST,2,33522,7524,376.1500000000001,1676.0500000000002
R005,CNO,T2_SD_CNO,2026_06_21_merged.mat,TEST,2,33523,7525,376.2000000000001,1676.1000000000001
R005,CNO,T2_SD_CNO,2026_06_21_merged.mat,TEST,2,33687,7689,384.4000000000001,1684.3000000000002
R005,CNO,T2_SD_CNO,2026_06_21_merged.mat,TEST,2,33700,7702,385.05000000000007,1684.9500000000003
R005,CNO,T2_SD_CNO,2026_06_21_merged.mat,TEST,2,33701,7703,385.1000000000001,1685.0000000000002
R005,CNO,T2_SD_CNO,2026_06_21_merged.mat,TEST,2,33706,7708,385.3500000000001,1685.2500000000002
R005,CNO,T2_SD_CNO,2026_06_21_merged.mat,TEST,2,33721,7723,386.1000000000001,1686.0000000000002
R005,CNO,T2_SD_CNO,2026_06_21_merged.mat,TEST,2,33722,7724,386.1500000000001,1686.0500000000002
R005,CNO,T2_SD_CNO,2026_06_21_merged.mat,TEST,1,33769,7771,388.50000000000006,1688.4
R005,CNO,T2_SD_CNO,2026_06_21_merged.mat,TEST,2,33793,7795,389.7000000000001,1689.6000000000001
R005,CNO,T2_SD_CNO,2026_06_21_merged.mat,TEST,2,33794,7796,389.75000000000006,1689.65
R005,CNO,T2_SD_CNO,2026_06_21_merged.mat,TEST,2,33795,7797,389.80000000000007,1689.7000000000003
R005,CNO,T2_SD_CNO,2026_06_21_merged.mat,TEST,2,33796,7798,389.8500000000001,1689.7500000000002
R005,CNO,T2_SD_CNO,2026_06_21_merged.mat,TEST,2,33797,7799,389.9000000000001,1689.8000000000002
R005,CNO,T2_SD_CNO,2026_06_21_merged.mat,TEST,2,33798,7800,389.9500000000001,1689.8500000000001
R005,CNO,T2_SD_CNO,2026_06_21_merged.mat,TEST,1,33802,7804,390.1500000000001,1690.0500000000002
R005,CNO,T2_SD_CNO,2026_06_21_merged.mat,TEST,1,33815,7817,390.80000000000007,1690.7000000000003
R005,CNO,T2_SD_CNO,2026_06_21_merged.mat,TEST,1,33864,7866,393.25000000000006,1693.15
R005,CNO,T2_SD_CNO,2026_06_21_merged.mat,TEST,1,33865,7867,393.30000000000007,1693.2000000000003
R005,CNO,T2_SD_CNO,2026_06_21_merged.mat,TEST,2,33914,7916,395.7500000000001,1695.65
R005,CNO,T2_SD_CNO,2026_06_21_merged.mat,TEST,2,33917,7919,395.9000000000001,1695.8000000000002
R005,CNO,T2_SD_CNO,2026_06_21_merged.mat,TEST,2,33918,7920,395.95000000000005,1695.8500000000001
R005,CNO,T2_SD_CNO,2026_06_21_merged.mat,TEST,2,33919,7921,396.0000000000001,1695.9
R005,CNO,T2_SD_CNO,2026_06_21_merged.mat,TEST,2,33938,7940,396.95000000000005,1696.8500000000001
R005,CNO,T2_SD_CNO,2026_06_21_merged.mat,TEST,2,33939,7941,397.0000000000001,1696.9
R005,CNO,T2_SD_CNO,2026_06_21_merged.mat,TEST,2,33940,7942,397.05000000000007,1696.9500000000003
R005,CNO,T2_SD_CNO,2026_06_21_merged.mat,TEST,2,33941,7943,397.1000000000001,1697.0000000000002
R005,CNO,T2_SD_CNO,2026_06_21_merged.mat,TEST,2,33942,7944,397.1500000000001,1697.0500000000002
R005,CNO,T2_SD_CNO,2026_06_21_merged.mat,TEST,2,33943,7945,397.20000000000005,1697.1000000000001
R005,CNO,T2_SD_CNO,2026_06_21_merged.mat,TEST,2,33975,7977,398.80000000000007,1698.7000000000003
R005,CNO,T2_SD_CNO,2026_06_21_merged.mat,TEST,2,33978,7980,398.95000000000005,1698.8500000000001
R005,CNO,T2_SD_CNO,2026_06_21_merged.mat,TEST,1,34006,8008,400.3500000000001,1700.2500000000002
R005,CNO,T2_SD_CNO,2026_06_21_merged.mat,TEST,2,34012,8014,400.6500000000001,1700.5500000000002
R005,CNO,T2_SD_CNO,2026_06_21_merged.mat,TEST,1,34032,8034,401.6500000000001,1701.5500000000002
R005,CNO,T2_SD_CNO,2026_06_21_merged.mat,TEST,2,34033,8035,401.70000000000005,1701.6000000000001
R005,CNO,T2_SD_CNO,2026_06_21_merged.mat,TEST,2,34034,8036,401.7500000000001,1701.65
R005,CNO,T2_SD_CNO,2026_06_21_merged.mat,TEST,2,34035,8037,401.80000000000007,1701.7000000000003
R005,CNO,T2_SD_CNO,2026_06_21_merged.mat,TEST,2,34049,8051,402.5000000000001,1702.4
R005,CNO,T2_SD_CNO,2026_06_21_merged.mat,TEST,2,34057,8059,402.9000000000001,1702.8000000000002
R005,CNO,T2_SD_CNO,2026_06_21_merged.mat,TEST,2,34058,8060,402.95000000000005,1702.8500000000001
R005,CNO,T2_SD_CNO,2026_06_21_merged.mat,TEST,2,34069,8071,403.5000000000001,1703.4
R005,CNO,T2_SD_CNO,2026_06_21_merged.mat,TEST,2,34070,8072,403.55000000000007,1703.4500000000003
R005,CNO,T2_SD_CNO,2026_06_21_merged.mat,TEST,2,34071,8073,403.6000000000001,1703.5000000000002
R005,CNO,T2_SD_CNO,2026_06_21_merged.mat,TEST,2,34072,8074,403.6500000000001,1703.5500000000002
R005,CNO,T2_SD_CNO,2026_06_21_merged.mat,TEST,2,34073,8075,403.70000000000005,1703.6000000000001
R005,CNO,T2_SD_CNO,2026_06_21_merged.mat,TEST,2,34101,8103,405.1000000000001,1705.0000000000002
R005,CNO,T2_SD_CNO,2026_06_21_merged.mat,TEST,2,34116,8118,405.8500000000001,1705.7500000000002
R005,CNO,T2_SD_CNO,2026_06_21_merged.mat,TEST,2,34117,8119,405.9000000000001,1705.8000000000002
R005,CNO,T2_SD_CNO,2026_06_21_merged.mat,TEST,2,34118,8120,405.95000000000005,1705.8500000000001
R005,CNO,T2_SD_CNO,2026_06_21_merged.mat,TEST,1,34137,8139,406.9000000000001,1706.8000000000002
R005,CNO,T2_SD_CNO,2026_06_21_merged.mat,TEST,1,34139,8141,407.0000000000001,1706.9
R005,CNO,T2_SD_CNO,2026_06_21_merged.mat,TEST,1,34140,8142,407.05000000000007,1706.9500000000003
R005,CNO,T2_SD_CNO,2026_06_21_merged.mat,TEST,2,34141,8143,407.1000000000001,1707.0000000000002
R005,CNO,T2_SD_CNO,2026_06_21_merged.mat,TEST,2,34168,8170,408.45000000000005,1708.3500000000001
R005,CNO,T2_SD_CNO,2026_06_21_merged.mat,TEST,2,34169,8171,408.5000000000001,1708.4
R005,CNO,T2_SD_CNO,2026_06_21_merged.mat,TEST,2,34173,8175,408.70000000000005,1708.6000000000001
R005,CNO,T2_SD_CNO,2026_06_21_merged.mat,TEST,2,34174,8176,408.7500000000001,1708.65
R005,CNO,T2_SD_CNO,2026_06_21_merged.mat,TEST,2,34175,8177,408.80000000000007,1708.7000000000003
R005,CNO,T2_SD_CNO,2026_06_21_merged.mat,TEST,2,34177,8179,408.9000000000001,1708.8000000000002
R005,CNO,T2_SD_CNO,2026_06_21_merged.mat,TEST,1,34253,8255,412.70000000000005,1712.6000000000001
R005,CNO,T2_SD_CNO,2026_06_21_merged.mat,TEST,2,34263,8265,413.20000000000005,1713.1000000000001
R005,CNO,T2_SD_CNO,2026_06_21_merged.mat,TEST,2,34264,8266,413.2500000000001,1713.15
R005,CNO,T2_SD_CNO,2026_06_21_merged.mat,TEST,2,34265,8267,413.30000000000007,1713.2000000000003
R005,CNO,T2_SD_CNO,2026_06_21_merged.mat,TEST,2,34266,8268,413.3500000000001,1713.2500000000002
R005,CNO,T2_SD_CNO,2026_06_21_merged.mat,TEST,2,34267,8269,413.4000000000001,1713.3000000000002
R005,CNO,T2_SD_CNO,2026_06_21_merged.mat,TEST,2,34269,8271,413.5000000000001,1713.4
R005,CNO,T2_SD_CNO,2026_06_21_merged.mat,TEST,2,34292,8294,414.6500000000001,1714.5500000000002
R005,CNO,T2_SD_CNO,2026_06_21_merged.mat,TEST,2,34309,8311,415.5000000000001,1715.4
R005,CNO,T2_SD_CNO,2026_06_21_merged.mat,TEST,2,34310,8312,415.55000000000007,1715.4500000000003
R005,CNO,T2_SD_CNO,2026_06_21_merged.mat,TEST,2,34311,8313,415.6000000000001,1715.5000000000002
R005,CNO,T2_SD_CNO,2026_06_21_merged.mat,TEST,2,34312,8314,415.6500000000001,1715.5500000000002
R005,CNO,T2_SD_CNO,2026_06_21_merged.mat,TEST,2,34313,8315,415.70000000000005,1715.6000000000001
R005,CNO,T2_SD_CNO,2026_06_21_merged.mat,TEST,1,34331,8333,416.6000000000001,1716.5000000000002
R005,CNO,T2_SD_CNO,2026_06_21_merged.mat,TEST,1,34332,8334,416.6500000000001,1716.5500000000002
R005,CNO,T2_SD_CNO,2026_06_21_merged.mat,TEST,2,34344,8346,417.2500000000001,1717.15
R005,CNO,T2_SD_CNO,2026_06_21_merged.mat,TEST,2,34345,8347,417.30000000000007,1717.2000000000003
R005,CNO,T2_SD_CNO,2026_06_21_merged.mat,TEST,2,34346,8348,417.3500000000001,1717.2500000000002
R005,CNO,T2_SD_CNO,2026_06_21_merged.mat,TEST,2,34357,8359,417.9000000000001,1717.8000000000002
R005,CNO,T2_SD_CNO,2026_06_21_merged.mat,TEST,2,34358,8360,417.95000000000005,1717.8500000000001
R005,CNO,T2_SD_CNO,2026_06_21_merged.mat,TEST,2,34359,8361,418.0000000000001,1717.9
R005,CNO,T2_SD_CNO,2026_06_21_merged.mat,TEST,2,34360,8362,418.05000000000007,1717.9500000000003
R005,CNO,T2_SD_CNO,2026_06_21_merged.mat,TEST,2,34361,8363,418.1000000000001,1718.0000000000002
R005,CNO,T2_SD_CNO,2026_06_21_merged.mat,TEST,2,34374,8376,418.7500000000001,1718.65
R005,CNO,T2_SD_CNO,2026_06_21_merged.mat,TEST,2,34375,8377,418.80000000000007,1718.7000000000003
R005,CNO,T2_SD_CNO,2026_06_21_merged.mat,TEST,2,34411,8413,420.6000000000001,1720.5000000000002
R005,CNO,T2_SD_CNO,2026_06_21_merged.mat,TEST,1,34441,8443,422.1000000000001,1722.0000000000002
R005,CNO,T2_SD_CNO,2026_06_21_merged.mat,TEST,2,34451,8453,422.6000000000001,1722.5000000000002
R005,CNO,T2_SD_CNO,2026_06_21_merged.mat,TEST,2,34452,8454,422.6500000000001,1722.5500000000002
R005,CNO,T2_SD_CNO,2026_06_21_merged.mat,TEST,2,34453,8455,422.70000000000005,1722.6000000000001
R005,CNO,T2_SD_CNO,2026_06_21_merged.mat,TEST,2,34454,8456,422.7500000000001,1722.65
R005,CNO,T2_SD_CNO,2026_06_21_merged.mat,TEST,2,34455,8457,422.80000000000007,1722.7000000000003
R005,CNO,T2_SD_CNO,2026_06_21_merged.mat,TEST,2,34456,8458,422.8500000000001,1722.7500000000002
R005,CNO,T2_SD_CNO,2026_06_21_merged.mat,TEST,2,34457,8459,422.9000000000001,1722.8000000000002
R005,CNO,T2_SD_CNO,2026_06_21_merged.mat,TEST,2,34458,8460,422.95000000000005,1722.8500000000001
R005,CNO,T2_SD_CNO,2026_06_21_merged.mat,TEST,2,34466,8468,423.3500000000001,1723.2500000000002
R005,CNO,T2_SD_CNO,2026_06_21_merged.mat,TEST,2,34467,8469,423.4000000000001,1723.3000000000002
R005,CNO,T2_SD_CNO,2026_06_21_merged.mat,TEST,1,34493,8495,424.70000000000005,1724.6000000000001
R005,CNO,T2_SD_CNO,2026_06_21_merged.mat,TEST,2,34504,8506,425.2500000000001,1725.15
R005,CNO,T2_SD_CNO,2026_06_21_merged.mat,TEST,2,34505,8507,425.30000000000007,1725.2000000000003
R005,CNO,T2_SD_CNO,2026_06_21_merged.mat,TEST,2,34506,8508,425.3500000000001,1725.2500000000002
R005,CNO,T2_SD_CNO,2026_06_21_merged.mat,TEST,1,34527,8529,426.4000000000001,1726.3000000000002
R005,CNO,T2_SD_CNO,2026_06_21_merged.mat,TEST,2,34547,8549,427.4000000000001,1727.3000000000002
R005,CNO,T2_SD_CNO,2026_06_21_merged.mat,TEST,2,34548,8550,427.45000000000005,1727.3500000000001
R005,CNO,T2_SD_CNO,2026_06_21_merged.mat,TEST,2,34549,8551,427.5000000000001,1727.4
R005,CNO,T2_SD_CNO,2026_06_21_merged.mat,TEST,2,34550,8552,427.55000000000007,1727.4500000000003
R005,CNO,T2_SD_CNO,2026_06_21_merged.mat,TEST,2,34551,8553,427.6000000000001,1727.5000000000002
R005,CNO,T2_SD_CNO,2026_06_21_merged.mat,TEST,1,34558,8560,427.95000000000005,1727.8500000000001
R005,CNO,T2_SD_CNO,2026_06_21_merged.mat,TEST,2,34562,8564,428.1500000000001,1728.0500000000002
R005,CNO,T2_SD_CNO,2026_06_21_merged.mat,TEST,2,34563,8565,428.20000000000005,1728.1000000000001
R005,CNO,T2_SD_CNO,2026_06_21_merged.mat,TEST,2,34564,8566,428.2500000000001,1728.15
R005,CNO,T2_SD_CNO,2026_06_21_merged.mat,TEST,1,34582,8584,429.1500000000001,1729.0500000000002
R005,CNO,T2_SD_CNO,2026_06_21_merged.mat,TEST,1,34583,8585,429.20000000000005,1729.1000000000001
R005,CNO,T2_SD_CNO,2026_06_21_merged.mat,TEST,1,34584,8586,429.2500000000001,1729.15
R005,CNO,T2_SD_CNO,2026_06_21_merged.mat,TEST,1,34585,8587,429.30000000000007,1729.2000000000003
R005,CNO,T2_SD_CNO,2026_06_21_merged.mat,TEST,2,34594,8596,429.7500000000001,1729.65
R005,CNO,T2_SD_CNO,2026_06_21_merged.mat,TEST,2,34595,8597,429.80000000000007,1729.7000000000003
R005,CNO,T2_SD_CNO,2026_06_21_merged.mat,TEST,2,34596,8598,429.8500000000001,1729.7500000000002
R005,CNO,T2_SD_CNO,2026_06_21_merged.mat,TEST,4,34613,8615,430.70000000000005,1730.6000000000001
R005,CNO,T2_SD_CNO,2026_06_21_merged.mat,TEST,2,34618,8620,430.95000000000005,1730.8500000000001
R005,CNO,T2_SD_CNO,2026_06_21_merged.mat,TEST,2,34619,8621,431.0000000000001,1730.9
R005,CNO,T2_SD_CNO,2026_06_21_merged.mat,TEST,2,34620,8622,431.05000000000007,1730.9500000000003
R005,CNO,T2_SD_CNO,2026_06_21_merged.mat,TEST,2,34627,8629,431.4000000000001,1731.3000000000002
R005,CNO,T2_SD_CNO,2026_06_21_merged.mat,TEST,2,34628,8630,431.45000000000005,1731.3500000000001
R005,CNO,T2_SD_CNO,2026_06_21_merged.mat,TEST,2,34629,8631,431.5000000000001,1731.4
R005,CNO,T2_SD_CNO,2026_06_21_merged.mat,TEST,1,34658,8660,432.95000000000005,1732.8500000000001
R005,CNO,T2_SD_CNO,2026_06_21_merged.mat,TEST,2,34660,8662,433.05000000000007,1732.9500000000003
R005,CNO,T2_SD_CNO,2026_06_21_merged.mat,TEST,2,34661,8663,433.1000000000001,1733.0000000000002
R005,CNO,T2_SD_CNO,2026_06_21_merged.mat,TEST,1,34669,8671,433.5000000000001,1733.4
R005,CNO,T2_SD_CNO,2026_06_21_merged.mat,TEST,2,34670,8672,433.55000000000007,1733.4500000000003
R005,CNO,T2_SD_CNO,2026_06_21_merged.mat,TEST,2,34671,8673,433.6000000000001,1733.5000000000002
R005,CNO,T2_SD_CNO,2026_06_21_merged.mat,TEST,2,34672,8674,433.6500000000001,1733.5500000000002
R005,CNO,T2_SD_CNO,2026_06_21_merged.mat,TEST,2,34673,8675,433.70000000000005,1733.6000000000001
R005,CNO,T2_SD_CNO,2026_06_21_merged.mat,TEST,2,34674,8676,433.7500000000001,1733.65
R005,CNO,T2_SD_CNO,2026_06_21_merged.mat,TEST,1,34701,8703,435.1000000000001,1735.0000000000002
R005,CNO,T2_SD_CNO,2026_06_21_merged.mat,TEST,4,34703,8705,435.20000000000005,1735.1000000000001
R005,CNO,T2_SD_CNO,2026_06_21_merged.mat,TEST,4,34704,8706,435.2500000000001,1735.15
R005,CNO,T2_SD_CNO,2026_06_21_merged.mat,TEST,2,34722,8724,436.1500000000001,1736.0500000000002
R005,CNO,T2_SD_CNO,2026_06_21_merged.mat,TEST,2,34723,8725,436.20000000000005,1736.1000000000001
R005,CNO,T2_SD_CNO,2026_06_21_merged.mat,TEST,2,34724,8726,436.2500000000001,1736.15
R005,CNO,T2_SD_CNO,2026_06_21_merged.mat,TEST,2,34725,8727,436.30000000000007,1736.2000000000003
R005,CNO,T2_SD_CNO,2026_06_21_merged.mat,TEST,2,34726,8728,436.3500000000001,1736.2500000000002
R005,CNO,T2_SD_CNO,2026_06_21_merged.mat,TEST,2,34736,8738,436.8500000000001,1736.7500000000002
R005,CNO,T2_SD_CNO,2026_06_21_merged.mat,TEST,2,34737,8739,436.9000000000001,1736.8000000000002
R005,CNO,T2_SD_CNO,2026_06_21_merged.mat,TEST,2,34739,8741,437.0000000000001,1736.9
R005,CNO,T2_SD_CNO,2026_06_21_merged.mat,TEST,2,34740,8742,437.05000000000007,1736.9500000000003
R005,CNO,T2_SD_CNO,2026_06_21_merged.mat,TEST,2,34762,8764,438.1500000000001,1738.0500000000002
R005,CNO,T2_SD_CNO,2026_06_21_merged.mat,TEST,2,34763,8765,438.20000000000005,1738.1000000000001
R005,CNO,T2_SD_CNO,2026_06_21_merged.mat,TEST,2,34764,8766,438.2500000000001,1738.15
R005,CNO,T2_SD_CNO,2026_06_21_merged.mat,TEST,2,34765,8767,438.30000000000007,1738.2000000000003
R005,CNO,T2_SD_CNO,2026_06_21_merged.mat,TEST,2,34787,8789,439.4000000000001,1739.3000000000002
R005,CNO,T2_SD_CNO,2026_06_21_merged.mat,TEST,2,34788,8790,439.45000000000005,1739.3500000000001
R005,CNO,T2_SD_CNO,2026_06_21_merged.mat,TEST,2,34789,8791,439.5000000000001,1739.4
R005,CNO,T2_SD_CNO,2026_06_21_merged.mat,TEST,2,34790,8792,439.55000000000007,1739.4500000000003
R005,CNO,T2_SD_CNO,2026_06_21_merged.mat,TEST,2,34791,8793,439.6000000000001,1739.5000000000002
R005,CNO,T2_SD_CNO,2026_06_21_merged.mat,TEST,1,34813,8815,440.70000000000005,1740.6000000000001
R005,CNO,T2_SD_CNO,2026_06_21_merged.mat,TEST,1,34814,8816,440.7500000000001,1740.65
R005,CNO,T2_SD_CNO,2026_06_21_merged.mat,TEST,1,34815,8817,440.80000000000007,1740.7000000000003
R005,CNO,T2_SD_CNO,2026_06_21_merged.mat,TEST,2,34838,8840,441.95000000000005,1741.8500000000001
R005,CNO,T2_SD_CNO,2026_06_21_merged.mat,TEST,2,34839,8841,442.0000000000001,1741.9
R005,CNO,T2_SD_CNO,2026_06_21_merged.mat,TEST,2,34840,8842,442.05000000000007,1741.9500000000003
R005,CNO,T2_SD_CNO,2026_06_21_merged.mat,TEST,2,34841,8843,442.1000000000001,1742.0000000000002
R005,CNO,T2_SD_CNO,2026_06_21_merged.mat,TEST,2,34842,8844,442.1500000000001,1742.0500000000002
R005,CNO,T2_SD_CNO,2026_06_21_merged.mat,TEST,1,34858,8860,442.95000000000005,1742.8500000000001
R005,CNO,T2_SD_CNO,2026_06_21_merged.mat,TEST,2,34872,8874,443.6500000000001,1743.5500000000002
R005,CNO,T2_SD_CNO,2026_06_21_merged.mat,TEST,2,34873,8875,443.70000000000005,1743.6000000000001
R005,CNO,T2_SD_CNO,2026_06_21_merged.mat,TEST,2,34874,8876,443.7500000000001,1743.65
R005,CNO,T2_SD_CNO,2026_06_21_merged.mat,TEST,2,34902,8904,445.1500000000001,1745.0500000000002
R005,CNO,T2_SD_CNO,2026_06_21_merged.mat,TEST,2,34903,8905,445.20000000000005,1745.1000000000001
R005,CNO,T2_SD_CNO,2026_06_21_merged.mat,TEST,2,34904,8906,445.2500000000001,1745.15
R005,CNO,T2_SD_CNO,2026_06_21_merged.mat,TEST,2,34905,8907,445.30000000000007,1745.2000000000003
R005,CNO,T2_SD_CNO,2026_06_21_merged.mat,TEST,2,34930,8932,446.55000000000007,1746.4500000000003
R005,CNO,T2_SD_CNO,2026_06_21_merged.mat,TEST,2,34931,8933,446.6000000000001,1746.5000000000002
R005,CNO,T2_SD_CNO,2026_06_21_merged.mat,TEST,2,34932,8934,446.6500000000001,1746.5500000000002
R005,CNO,T2_SD_CNO,2026_06_21_merged.mat,TEST,2,34933,8935,446.70000000000005,1746.6000000000001
R005,CNO,T2_SD_CNO,2026_06_21_merged.mat,TEST,2,34944,8946,447.2500000000001,1747.15
R005,CNO,T2_SD_CNO,2026_06_21_merged.mat,TEST,2,34945,8947,447.30000000000007,1747.2000000000003
R005,CNO,T2_SD_CNO,2026_06_21_merged.mat,TEST,2,34946,8948,447.3500000000001,1747.2500000000002
R005,CNO,T2_SD_CNO,2026_06_21_merged.mat,TEST,1,34959,8961,448.0000000000001,1747.9
R005,CNO,T2_SD_CNO,2026_06_21_merged.mat,TEST,1,34960,8962,448.05000000000007,1747.9500000000003
R005,CNO,T2_SD_CNO,2026_06_21_merged.mat,TEST,1,34961,8963,448.1000000000001,1748.0000000000002
R005,CNO,T2_SD_CNO,2026_06_21_merged.mat,TEST,3,34975,8977,448.80000000000007,1748.7000000000003
R005,CNO,T2_SD_CNO,2026_06_21_merged.mat,TEST,3,34976,8978,448.8500000000001,1748.7500000000002
R005,CNO,T2_SD_CNO,2026_06_21_merged.mat,TEST,3,34977,8979,448.9000000000001,1748.8000000000002
R005,CNO,T2_SD_CNO,2026_06_21_merged.mat,TEST,4,34978,8980,448.95000000000005,1748.8500000000001
R005,CNO,T2_SD_CNO,2026_06_21_merged.mat,TEST,4,34979,8981,449.0000000000001,1748.9
R005,CNO,T2_SD_CNO,2026_06_21_merged.mat,TEST,4,34980,8982,449.05000000000007,1748.9500000000003
R005,CNO,T2_SD_CNO,2026_06_21_merged.mat,TEST,1,34988,8990,449.45000000000005,1749.3500000000001
R005,CNO,T2_SD_CNO,2026_06_21_merged.mat,TEST,2,34990,8992,449.55000000000007,1749.4500000000003
R005,CNO,T2_SD_CNO,2026_06_21_merged.mat,TEST,2,34991,8993,449.6000000000001,1749.5000000000002
R005,CNO,T2_SD_CNO,2026_06_21_merged.mat,TEST,2,34992,8994,449.6500000000001,1749.5500000000002
R005,CNO,T2_SD_CNO,2026_06_21_merged.mat,TEST,2,34993,8995,449.70000000000005,1749.6000000000001
R005,CNO,T2_SD_CNO,2026_06_21_merged.mat,TEST,2,35003,9005,450.20000000000005,1750.1000000000001
R005,CNO,T2_SD_CNO,2026_06_21_merged.mat,TEST,2,35004,9006,450.2500000000001,1750.15
R005,CNO,T2_SD_CNO,2026_06_21_merged.mat,TEST,2,35005,9007,450.30000000000007,1750.2000000000003
R005,CNO,T2_SD_CNO,2026_06_21_merged.mat,TEST,2,35006,9008,450.3500000000001,1750.2500000000002
R005,CNO,T2_SD_CNO,2026_06_21_merged.mat,TEST,2,35007,9009,450.4000000000001,1750.3000000000002
R005,CNO,T2_SD_CNO,2026_06_21_merged.mat,TEST,2,35008,9010,450.45000000000005,1750.3500000000001
R005,CNO,T2_SD_CNO,2026_06_21_merged.mat,TEST,2,35018,9020,450.95000000000005,1750.8500000000001
R005,CNO,T2_SD_CNO,2026_06_21_merged.mat,TEST,2,35019,9021,451.0000000000001,1750.9
R005,CNO,T2_SD_CNO,2026_06_21_merged.mat,TEST,1,35033,9035,451.70000000000005,1751.6000000000001
R005,CNO,T2_SD_CNO,2026_06_21_merged.mat,TEST,2,35038,9040,451.95000000000005,1751.8500000000001
R005,CNO,T2_SD_CNO,2026_06_21_merged.mat,TEST,2,35082,9084,454.1500000000001,1754.0500000000002
R005,CNO,T2_SD_CNO,2026_06_21_merged.mat,TEST,2,35083,9085,454.20000000000005,1754.1000000000001
R005,CNO,T2_SD_CNO,2026_06_21_merged.mat,TEST,2,35084,9086,454.2500000000001,1754.15
R005,CNO,T2_SD_CNO,2026_06_21_merged.mat,TEST,2,35085,9087,454.30000000000007,1754.2000000000003
R005,CNO,T2_SD_CNO,2026_06_21_merged.mat,TEST,2,35086,9088,454.3500000000001,1754.2500000000002
R005,CNO,T2_SD_CNO,2026_06_21_merged.mat,TEST,2,35087,9089,454.4000000000001,1754.3000000000002
R005,CNO,T2_SD_CNO,2026_06_21_merged.mat,TEST,2,35088,9090,454.45000000000005,1754.3500000000001
R005,CNO,T2_SD_CNO,2026_06_21_merged.mat,TEST,2,35135,9137,456.80000000000007,1756.7000000000003
R005,CNO,T2_SD_CNO,2026_06_21_merged.mat,TEST,2,35136,9138,456.8500000000001,1756.7500000000002
R005,CNO,T2_SD_CNO,2026_06_21_merged.mat,TEST,2,35137,9139,456.9000000000001,1756.8000000000002
R005,CNO,T2_SD_CNO,2026_06_21_merged.mat,TEST,1,35138,9140,456.95000000000005,1756.8500000000001
R005,CNO,T2_SD_CNO,2026_06_21_merged.mat,TEST,2,35147,9149,457.4000000000001,1757.3000000000002
R005,CNO,T2_SD_CNO,2026_06_21_merged.mat,TEST,2,35148,9150,457.45000000000005,1757.3500000000001
R005,CNO,T2_SD_CNO,2026_06_21_merged.mat,TEST,2,35167,9169,458.4000000000001,1758.3000000000002
R005,CNO,T2_SD_CNO,2026_06_21_merged.mat,TEST,2,35168,9170,458.45000000000005,1758.3500000000001
R005,CNO,T2_SD_CNO,2026_06_21_merged.mat,TEST,2,35199,9201,460.0000000000001,1759.9
R005,CNO,T2_SD_CNO,2026_06_21_merged.mat,TEST,3,35207,9209,460.4000000000001,1760.3000000000002
R005,CNO,T2_SD_CNO,2026_06_21_merged.mat,TEST,3,35208,9210,460.45000000000005,1760.3500000000001
R005,CNO,T2_SD_CNO,2026_06_21_merged.mat,TEST,3,35209,9211,460.5000000000001,1760.4
R005,CNO,T2_SD_CNO,2026_06_21_merged.mat,TEST,1,35236,9238,461.8500000000001,1761.7500000000002
R005,CNO,T2_SD_CNO,2026_06_21_merged.mat,TEST,1,35238,9240,461.95000000000005,1761.8500000000001
R005,CNO,T2_SD_CNO,2026_06_21_merged.mat,TEST,1,35249,9251,462.5000000000001,1762.4
R005,CNO,T2_SD_CNO,2026_06_21_merged.mat,TEST,1,35250,9252,462.55000000000007,1762.4500000000003
R005,CNO,T2_SD_CNO,2026_06_21_merged.mat,TEST,2,35256,9258,462.8500000000001,1762.7500000000002
R005,CNO,T2_SD_CNO,2026_06_21_merged.mat,TEST,2,35257,9259,462.9000000000001,1762.8000000000002
R005,CNO,T2_SD_CNO,2026_06_21_merged.mat,TEST,2,35258,9260,462.95000000000005,1762.8500000000001
R005,CNO,T2_SD_CNO,2026_06_21_merged.mat,TEST,3,35272,9274,463.6500000000001,1763.5500000000002
R005,CNO,T2_SD_CNO,2026_06_21_merged.mat,TEST,3,35273,9275,463.70000000000005,1763.6000000000001
R005,CNO,T2_SD_CNO,2026_06_21_merged.mat,TEST,3,35308,9310,465.45000000000005,1765.3500000000001
R005,CNO,T2_SD_CNO,2026_06_21_merged.mat,TEST,3,35309,9311,465.5000000000001,1765.4
R005,CNO,T2_SD_CNO,2026_06_21_merged.mat,TEST,2,35324,9326,466.2500000000001,1766.15
R005,CNO,T2_SD_CNO,2026_06_21_merged.mat,TEST,2,35325,9327,466.30000000000007,1766.2000000000003
R005,CNO,T2_SD_CNO,2026_06_21_merged.mat,TEST,2,35326,9328,466.3500000000001,1766.2500000000002
R005,CNO,T2_SD_CNO,2026_06_21_merged.mat,TEST,2,35335,9337,466.80000000000007,1766.7000000000003
R005,CNO,T2_SD_CNO,2026_06_21_merged.mat,TEST,2,35336,9338,466.8500000000001,1766.7500000000002
R005,CNO,T2_SD_CNO,2026_06_21_merged.mat,TEST,2,35338,9340,466.95000000000005,1766.8500000000001
R005,CNO,T2_SD_CNO,2026_06_21_merged.mat,TEST,2,35426,9428,471.3500000000001,1771.2500000000002
R005,CNO,T2_SD_CNO,2026_06_21_merged.mat,TEST,2,35427,9429,471.4000000000001,1771.3000000000002
R005,CNO,T2_SD_CNO,2026_06_21_merged.mat,TEST,4,35475,9477,473.80000000000007,1773.7000000000003
R005,CNO,T2_SD_CNO,2026_06_21_merged.mat,TEST,3,35476,9478,473.8500000000001,1773.7500000000002
R005,CNO,T2_SD_CNO,2026_06_21_merged.mat,TEST,3,35477,9479,473.9000000000001,1773.8000000000002
R005,CNO,T2_SD_CNO,2026_06_21_merged.mat,TEST,3,35478,9480,473.95000000000005,1773.8500000000001
R005,CNO,T2_SD_CNO,2026_06_21_merged.mat,TEST,2,35501,9503,475.1000000000001,1775.0000000000002
R005,CNO,T2_SD_CNO,2026_06_21_merged.mat,TEST,2,35502,9504,475.1500000000001,1775.0500000000002
R005,CNO,T2_SD_CNO,2026_06_21_merged.mat,TEST,2,35503,9505,475.20000000000005,1775.1000000000001
R005,CNO,T2_SD_CNO,2026_06_21_merged.mat,TEST,2,35504,9506,475.2500000000001,1775.15
R005,CNO,T2_SD_CNO,2026_06_21_merged.mat,TEST,2,35505,9507,475.30000000000007,1775.2000000000003
R005,CNO,T2_SD_CNO,2026_06_21_merged.mat,TEST,2,35531,9533,476.6000000000001,1776.5000000000002
R005,CNO,T2_SD_CNO,2026_06_21_merged.mat,TEST,2,35532,9534,476.6500000000001,1776.5500000000002
R005,CNO,T2_SD_CNO,2026_06_21_merged.mat,TEST,2,35533,9535,476.70000000000005,1776.6000000000001
R005,CNO,T2_SD_CNO,2026_06_21_merged.mat,TEST,2,35534,9536,476.7500000000001,1776.65
R005,CNO,T2_SD_CNO,2026_06_21_merged.mat,TEST,2,35558,9560,477.95000000000005,1777.8500000000001
R005,CNO,T2_SD_CNO,2026_06_21_merged.mat,TEST,2,35559,9561,478.0000000000001,1777.9
R005,CNO,T2_SD_CNO,2026_06_21_merged.mat,TEST,2,35560,9562,478.05000000000007,1777.9500000000003
R005,CNO,T2_SD_CNO,2026_06_21_merged.mat,TEST,2,35561,9563,478.1000000000001,1778.0000000000002
R005,CNO,T2_SD_CNO,2026_06_21_merged.mat,TEST,2,35562,9564,478.1500000000001,1778.0500000000002
R005,CNO,T2_SD_CNO,2026_06_21_merged.mat,TEST,2,35563,9565,478.20000000000005,1778.1000000000001
R005,CNO,T2_SD_CNO,2026_06_21_merged.mat,TEST,2,35564,9566,478.2500000000001,1778.15
R005,CNO,T2_SD_CNO,2026_06_21_merged.mat,TEST,2,35580,9582,479.05000000000007,1778.9500000000003
R005,CNO,T2_SD_CNO,2026_06_21_merged.mat,TEST,2,35591,9593,479.6000000000001,1779.5000000000002
R005,CNO,T2_SD_CNO,2026_06_21_merged.mat,TEST,2,35592,9594,479.6500000000001,1779.5500000000002
R005,CNO,T2_SD_CNO,2026_06_21_merged.mat,TEST,2,35593,9595,479.70000000000005,1779.6000000000001
R005,CNO,T2_SD_CNO,2026_06_21_merged.mat,TEST,2,35630,9632,481.55000000000007,1781.4500000000003
R005,CNO,T2_SD_CNO,2026_06_21_merged.mat,TEST,2,35631,9633,481.6000000000001,1781.5000000000002
R005,CNO,T2_SD_CNO,2026_06_21_merged.mat,TEST,2,35632,9634,481.6500000000001,1781.5500000000002
R005,CNO,T2_SD_CNO,2026_06_21_merged.mat,TEST,1,35656,9658,482.8500000000001,1782.7500000000002
R005,CNO,T2_SD_CNO,2026_06_21_merged.mat,TEST,1,35657,9659,482.9000000000001,1782.8000000000002
R005,CNO,T2_SD_CNO,2026_06_21_merged.mat,TEST,2,35666,9668,483.3500000000001,1783.2500000000002
R005,CNO,T2_SD_CNO,2026_06_21_merged.mat,TEST,2,35667,9669,483.4000000000001,1783.3000000000002
R005,CNO,T2_SD_CNO,2026_06_21_merged.mat,TEST,2,35668,9670,483.45000000000005,1783.3500000000001
R005,CNO,T2_SD_CNO,2026_06_21_merged.mat,TEST,2,35669,9671,483.5000000000001,1783.4
R005,CNO,T2_SD_CNO,2026_06_21_merged.mat,TEST,2,35670,9672,483.55000000000007,1783.4500000000003
R005,CNO,T2_SD_CNO,2026_06_21_merged.mat,TEST,2,35671,9673,483.6000000000001,1783.5000000000002
R005,CNO,T2_SD_CNO,2026_06_21_merged.mat,TEST,2,35672,9674,483.6500000000001,1783.5500000000002
R005,CNO,T2_SD_CNO,2026_06_21_merged.mat,TEST,2,35674,9676,483.7500000000001,1783.65
R005,CNO,T2_SD_CNO,2026_06_21_merged.mat,TEST,2,35680,9682,484.05000000000007,1783.9500000000003
R005,CNO,T2_SD_CNO,2026_06_21_merged.mat,TEST,2,35681,9683,484.1000000000001,1784.0000000000002
R005,CNO,T2_SD_CNO,2026_06_21_merged.mat,TEST,2,35682,9684,484.1500000000001,1784.0500000000002
R005,CNO,T2_SD_CNO,2026_06_21_merged.mat,TEST,2,35725,9727,486.30000000000007,1786.2000000000003
R005,CNO,T2_SD_CNO,2026_06_21_merged.mat,TEST,2,35726,9728,486.3500000000001,1786.2500000000002
R005,CNO,T2_SD_CNO,2026_06_21_merged.mat,TEST,2,35727,9729,486.4000000000001,1786.3000000000002
R005,CNO,T2_SD_CNO,2026_06_21_merged.mat,TEST,2,35728,9730,486.45000000000005,1786.3500000000001
R005,CNO,T2_SD_CNO,2026_06_21_merged.mat,TEST,2,35729,9731,486.5000000000001,1786.4
R005,CNO,T2_SD_CNO,2026_06_21_merged.mat,TEST,2,35730,9732,486.55000000000007,1786.4500000000003
R005,CNO,T2_SD_CNO,2026_06_21_merged.mat,TEST,2,35731,9733,486.6000000000001,1786.5000000000002
R005,CNO,T2_SD_CNO,2026_06_21_merged.mat,TEST,2,35732,9734,486.6500000000001,1786.5500000000002
R005,CNO,T2_SD_CNO,2026_06_21_merged.mat,TEST,2,35743,9745,487.20000000000005,1787.1000000000001
R005,CNO,T2_SD_CNO,2026_06_21_merged.mat,TEST,2,35744,9746,487.2500000000001,1787.15
R005,CNO,T2_SD_CNO,2026_06_21_merged.mat,TEST,2,35745,9747,487.30000000000007,1787.2000000000003
R005,CNO,T2_SD_CNO,2026_06_21_merged.mat,TEST,2,35746,9748,487.3500000000001,1787.2500000000002
R005,CNO,T2_SD_CNO,2026_06_21_merged.mat,TEST,2,35770,9772,488.55000000000007,1788.4500000000003
R005,CNO,T2_SD_CNO,2026_06_21_merged.mat,TEST,2,35771,9773,488.6000000000001,1788.5000000000002
R005,CNO,T2_SD_CNO,2026_06_21_merged.mat,TEST,2,35772,9774,488.6500000000001,1788.5500000000002
R005,CNO,T2_SD_CNO,2026_06_21_merged.mat,TEST,2,35785,9787,489.30000000000007,1789.2000000000003
R005,CNO,T2_SD_CNO,2026_06_21_merged.mat,TEST,2,35786,9788,489.3500000000001,1789.2500000000002
R005,CNO,T2_SD_CNO,2026_06_21_merged.mat,TEST,2,35793,9795,489.70000000000005,1789.6000000000001
R005,CNO,T2_SD_CNO,2026_06_21_merged.mat,TEST,2,35794,9796,489.7500000000001,1789.65
R005,CNO,T2_SD_CNO,2026_06_21_merged.mat,TEST,2,35795,9797,489.80000000000007,1789.7000000000003
R005,CNO,T2_SD_CNO,2026_06_21_merged.mat,TEST,2,35796,9798,489.8500000000001,1789.7500000000002
R005,CNO,T2_SD_CNO,2026_06_21_merged.mat,TEST,2,35797,9799,489.9000000000001,1789.8000000000002
R005,CNO,T2_SD_CNO,2026_06_21_merged.mat,TEST,2,35798,9800,489.95000000000005,1789.8500000000001
R005,CNO,T2_SD_CNO,2026_06_21_merged.mat,TEST,2,35799,9801,490.0000000000001,1789.9
R005,CNO,T2_SD_CNO,2026_06_21_merged.mat,TEST,2,35838,9840,491.95000000000005,1791.8500000000001
R005,CNO,T2_SD_CNO,2026_06_21_merged.mat,TEST,2,35839,9841,492.0000000000001,1791.9
R005,CNO,T2_SD_CNO,2026_06_21_merged.mat,TEST,2,35840,9842,492.05000000000007,1791.9500000000003
R005,CNO,T2_SD_CNO,2026_06_21_merged.mat,TEST,2,35841,9843,492.1000000000001,1792.0000000000002
R005,CNO,T2_SD_CNO,2026_06_21_merged.mat,TEST,2,35842,9844,492.1500000000001,1792.0500000000002
R005,CNO,T2_SD_CNO,2026_06_21_merged.mat,TEST,2,35843,9845,492.20000000000005,1792.1000000000001
R005,CNO,T2_SD_CNO,2026_06_21_merged.mat,TEST,2,35844,9846,492.2500000000001,1792.15
R005,CNO,T2_SD_CNO,2026_06_21_merged.mat,TEST,2,35885,9887,494.30000000000007,1794.2000000000003
R005,CNO,T2_SD_CNO,2026_06_21_merged.mat,TEST,2,35886,9888,494.3500000000001,1794.2500000000002
R005,CNO,T2_SD_CNO,2026_06_21_merged.mat,TEST,2,35887,9889,494.4000000000001,1794.3000000000002
R005,CNO,T2_SD_CNO,2026_06_21_merged.mat,TEST,2,35888,9890,494.45000000000005,1794.3500000000001
R005,CNO,T2_SD_CNO,2026_06_21_merged.mat,TEST,2,35889,9891,494.5000000000001,1794.4
R005,CNO,T2_SD_CNO,2026_06_21_merged.mat,TEST,2,35890,9892,494.55000000000007,1794.4500000000003
R005,CNO,T2_SD_CNO,2026_06_21_merged.mat,TEST,2,35896,9898,494.8500000000001,1794.7500000000002
R005,CNO,T2_SD_CNO,2026_06_21_merged.mat,TEST,2,35897,9899,494.9000000000001,1794.8000000000002
R005,CNO,T2_SD_CNO,2026_06_21_merged.mat,TEST,2,35898,9900,494.95000000000005,1794.8500000000001
R005,CNO,T2_SD_CNO,2026_06_21_merged.mat,TEST,2,35899,9901,495.0000000000001,1794.9
R005,CNO,T2_SD_CNO,2026_06_21_merged.mat,TEST,2,35900,9902,495.05000000000007,1794.9500000000003
R005,CNO,T2_SD_CNO,2026_06_21_merged.mat,TEST,2,35901,9903,495.1000000000001,1795.0000000000002
R005,CNO,T2_SD_CNO,2026_06_21_merged.mat,TEST,2,35903,9905,495.20000000000005,1795.1000000000001
R005,CNO,T2_SD_CNO,2026_06_21_merged.mat,TEST,2,35904,9906,495.2500000000001,1795.15
R005,CNO,T2_SD_CNO,2026_06_21_merged.mat,TEST,2,35905,9907,495.30000000000007,1795.2000000000003
R005,CNO,T2_SD_CNO,2026_06_21_merged.mat,TEST,2,35906,9908,495.3500000000001,1795.2500000000002
R005,CNO,T2_SD_CNO,2026_06_21_merged.mat,TEST,2,35907,9909,495.4000000000001,1795.3000000000002
R005,CNO,T2_SD_CNO,2026_06_21_merged.mat,TEST,1,35924,9926,496.2500000000001,1796.15
R005,CNO,T2_SD_CNO,2026_06_21_merged.mat,TEST,2,35934,9936,496.7500000000001,1796.65
R005,CNO,T2_SD_CNO,2026_06_21_merged.mat,TEST,2,35935,9937,496.80000000000007,1796.7000000000003
R005,CNO,T2_SD_CNO,2026_06_21_merged.mat,TEST,2,35936,9938,496.8500000000001,1796.7500000000002
R005,CNO,T2_SD_CNO,2026_06_21_merged.mat,TEST,2,35937,9939,496.9000000000001,1796.8000000000002
R005,CNO,T2_SD_CNO,2026_06_21_merged.mat,TEST,2,35954,9956,497.7500000000001,1797.65
R005,CNO,T2_SD_CNO,2026_06_21_merged.mat,TEST,2,35955,9957,497.80000000000007,1797.7000000000003
R005,CNO,T2_SD_CNO,2026_06_21_merged.mat,TEST,2,35956,9958,497.8500000000001,1797.7500000000002
R005,CNO,T2_SD_CNO,2026_06_21_merged.mat,TEST,2,35957,9959,497.9000000000001,1797.8000000000002
R005,CNO,T2_SD_CNO,2026_06_21_merged.mat,TEST,2,35958,9960,497.95000000000005,1797.8500000000001
R005,CNO,T2_SD_CNO,2026_06_21_merged.mat,TEST,2,36003,10005,500.20000000000005,1800.1000000000001
R005,CNO,T2_SD_CNO,2026_06_21_merged.mat,TEST,2,36004,10006,500.2500000000001,1800.15
R005,CNO,T2_SD_CNO,2026_06_21_merged.mat,TEST,2,36011,10013,500.6000000000001,1800.5000000000002
R005,CNO,T2_SD_CNO,2026_06_21_merged.mat,TEST,2,36012,10014,500.6500000000001,1800.5500000000002
R005,CNO,T2_SD_CNO,2026_06_21_merged.mat,TEST,2,36013,10015,500.70000000000005,1800.6000000000001
R005,CNO,T2_SD_CNO,2026_06_21_merged.mat,TEST,1,36039,10041,502.0000000000001,1801.9
R005,CNO,T2_SD_CNO,2026_06_21_merged.mat,TEST,1,36040,10042,502.05000000000007,1801.9500000000003
R005,CNO,T2_SD_CNO,2026_06_21_merged.mat,TEST,2,36041,10043,502.1000000000001,1802.0000000000002
R005,CNO,T2_SD_CNO,2026_06_21_merged.mat,TEST,2,36042,10044,502.1500000000001,1802.0500000000002
R005,CNO,T2_SD_CNO,2026_06_21_merged.mat,TEST,2,36054,10056,502.7500000000001,1802.65
R005,CNO,T2_SD_CNO,2026_06_21_merged.mat,TEST,2,36055,10057,502.80000000000007,1802.7000000000003
R005,CNO,T2_SD_CNO,2026_06_21_merged.mat,TEST,2,36056,10058,502.8500000000001,1802.7500000000002
R005,CNO,T2_SD_CNO,2026_06_21_merged.mat,TEST,2,36076,10078,503.8500000000001,1803.7500000000002
R005,CNO,T2_SD_CNO,2026_06_21_merged.mat,TEST,2,36077,10079,503.9000000000001,1803.8000000000002
R005,CNO,T2_SD_CNO,2026_06_21_merged.mat,TEST,1,36086,10088,504.3500000000001,1804.2500000000002
R005,CNO,T2_SD_CNO,2026_06_21_merged.mat,TEST,2,36098,10100,504.95000000000005,1804.8500000000001
R005,CNO,T2_SD_CNO,2026_06_21_merged.mat,TEST,2,36099,10101,505.0000000000001,1804.9
R005,CNO,T2_SD_CNO,2026_06_21_merged.mat,TEST,2,36100,10102,505.05000000000007,1804.9500000000003
R005,CNO,T2_SD_CNO,2026_06_21_merged.mat,TEST,3,36114,10116,505.7500000000001,1805.65
R005,CNO,T2_SD_CNO,2026_06_21_merged.mat,TEST,2,36130,10132,506.55000000000007,1806.4500000000003
R005,CNO,T2_SD_CNO,2026_06_21_merged.mat,TEST,2,36131,10133,506.6000000000001,1806.5000000000002
R005,CNO,T2_SD_CNO,2026_06_21_merged.mat,TEST,2,36132,10134,506.6500000000001,1806.5500000000002
R005,CNO,T2_SD_CNO,2026_06_21_merged.mat,TEST,2,36133,10135,506.70000000000005,1806.6000000000001
R005,CNO,T2_SD_CNO,2026_06_21_merged.mat,TEST,2,36134,10136,506.7500000000001,1806.65
R005,CNO,T2_SD_CNO,2026_06_21_merged.mat,TEST,2,36190,10192,509.55000000000007,1809.4500000000003
R005,CNO,T2_SD_CNO,2026_06_21_merged.mat,TEST,2,36191,10193,509.6000000000001,1809.5000000000002
R005,CNO,T2_SD_CNO,2026_06_21_merged.mat,TEST,2,36192,10194,509.6500000000001,1809.5500000000002
R005,CNO,T2_SD_CNO,2026_06_21_merged.mat,TEST,2,36193,10195,509.70000000000005,1809.6000000000001
R005,CNO,T2_SD_CNO,2026_06_21_merged.mat,TEST,2,36194,10196,509.7500000000001,1809.65
R005,CNO,T2_SD_CNO,2026_06_21_merged.mat,TEST,2,36195,10197,509.80000000000007,1809.7000000000003
R005,CNO,T2_SD_CNO,2026_06_21_merged.mat,TEST,2,36196,10198,509.8500000000001,1809.7500000000002
R005,CNO,T2_SD_CNO,2026_06_21_merged.mat,TEST,2,36197,10199,509.9000000000001,1809.8000000000002
R005,CNO,T2_SD_CNO,2026_06_21_merged.mat,TEST,2,36216,10218,510.8500000000001,1810.7500000000002
R005,CNO,T2_SD_CNO,2026_06_21_merged.mat,TEST,2,36218,10220,510.95000000000005,1810.8500000000001
R005,CNO,T2_SD_CNO,2026_06_21_merged.mat,TEST,1,36233,10235,511.70000000000005,1811.6000000000001
R005,CNO,T2_SD_CNO,2026_06_21_merged.mat,TEST,1,36234,10236,511.7500000000001,1811.65
R005,CNO,T2_SD_CNO,2026_06_21_merged.mat,TEST,1,36235,10237,511.80000000000007,1811.7000000000003
R005,CNO,T2_SD_CNO,2026_06_21_merged.mat,TEST,1,36236,10238,511.8500000000001,1811.7500000000002
R005,CNO,T2_SD_CNO,2026_06_21_merged.mat,TEST,1,36237,10239,511.9000000000001,1811.8000000000002
R005,CNO,T2_SD_CNO,2026_06_21_merged.mat,TEST,2,36238,10240,511.95000000000005,1811.8500000000001
R005,CNO,T2_SD_CNO,2026_06_21_merged.mat,TEST,2,36291,10293,514.6000000000001,1814.5000000000002
R005,CNO,T2_SD_CNO,2026_06_21_merged.mat,TEST,2,36292,10294,514.6500000000001,1814.5500000000002
R005,CNO,T2_SD_CNO,2026_06_21_merged.mat,TEST,2,36303,10305,515.2,1815.1000000000001
R005,CNO,T2_SD_CNO,2026_06_21_merged.mat,TEST,2,36304,10306,515.2500000000001,1815.15
R005,CNO,T2_SD_CNO,2026_06_21_merged.mat,TEST,2,36349,10351,517.5000000000001,1817.4
R005,CNO,T2_SD_CNO,2026_06_21_merged.mat,TEST,2,36350,10352,517.5500000000001,1817.4500000000003
R005,CNO,T2_SD_CNO,2026_06_21_merged.mat,TEST,2,36351,10353,517.6000000000001,1817.5000000000002
R005,CNO,T2_SD_CNO,2026_06_21_merged.mat,TEST,2,36352,10354,517.6500000000001,1817.5500000000002
R005,CNO,T2_SD_CNO,2026_06_21_merged.mat,TEST,2,36353,10355,517.7,1817.6000000000001
R005,CNO,T2_SD_CNO,2026_06_21_merged.mat,TEST,2,36354,10356,517.7500000000001,1817.65
R005,CNO,T2_SD_CNO,2026_06_21_merged.mat,TEST,3,36377,10379,518.9000000000001,1818.8000000000002
R005,CNO,T2_SD_CNO,2026_06_21_merged.mat,TEST,3,36378,10380,518.95,1818.8500000000001
R005,CNO,T2_SD_CNO,2026_06_21_merged.mat,TEST,2,36421,10423,521.1000000000001,1821.0000000000002
R005,CNO,T2_SD_CNO,2026_06_21_merged.mat,TEST,2,36422,10424,521.1500000000001,1821.0500000000002
R005,CNO,T2_SD_CNO,2026_06_21_merged.mat,TEST,2,36423,10425,521.2,1821.1000000000001
R005,CNO,T2_SD_CNO,2026_06_21_merged.mat,TEST,2,36434,10436,521.7500000000001,1821.65
R005,CNO,T2_SD_CNO,2026_06_21_merged.mat,TEST,2,36465,10467,523.3000000000001,1823.2000000000003
R005,CNO,T2_SD_CNO,2026_06_21_merged.mat,TEST,2,36466,10468,523.3500000000001,1823.2500000000002
R005,CNO,T2_SD_CNO,2026_06_21_merged.mat,TEST,2,36467,10469,523.4000000000001,1823.3000000000002
R005,CNO,T2_SD_CNO,2026_06_21_merged.mat,TEST,2,36468,10470,523.45,1823.3500000000001
R005,CNO,T2_SD_CNO,2026_06_21_merged.mat,TEST,1,36494,10496,524.7500000000001,1824.65
R005,CNO,T2_SD_CNO,2026_06_21_merged.mat,TEST,1,36495,10497,524.8000000000001,1824.7000000000003
R005,CNO,T2_SD_CNO,2026_06_21_merged.mat,TEST,2,36511,10513,525.6000000000001,1825.5000000000002
R005,CNO,T2_SD_CNO,2026_06_21_merged.mat,TEST,2,36512,10514,525.6500000000001,1825.5500000000002
R005,CNO,T2_SD_CNO,2026_06_21_merged.mat,TEST,1,36533,10535,526.7,1826.6000000000001
R005,CNO,T2_SD_CNO,2026_06_21_merged.mat,TEST,1,36575,10577,528.8000000000001,1828.7000000000003
R005,CNO,T2_SD_CNO,2026_06_21_merged.mat,TEST,1,36576,10578,528.8500000000001,1828.7500000000002
R005,CNO,T2_SD_CNO,2026_06_21_merged.mat,TEST,2,36608,10610,530.45,1830.3500000000001
R005,CNO,T2_SD_CNO,2026_06_21_merged.mat,TEST,2,36636,10638,531.8500000000001,1831.7500000000002
R005,CNO,T2_SD_CNO,2026_06_21_merged.mat,TEST,2,36657,10659,532.9000000000001,1832.8000000000002
R005,CNO,T2_SD_CNO,2026_06_21_merged.mat,TEST,2,36658,10660,532.95,1832.8500000000001
R005,CNO,T2_SD_CNO,2026_06_21_merged.mat,TEST,2,36659,10661,533.0000000000001,1832.9
R005,CNO,T2_SD_CNO,2026_06_21_merged.mat,TEST,1,36679,10681,534.0000000000001,1833.9
R005,CNO,T2_SD_CNO,2026_06_21_merged.mat,TEST,2,36680,10682,534.0500000000001,1833.9500000000003
R005,CNO,T2_SD_CNO,2026_06_21_merged.mat,TEST,2,36681,10683,534.1000000000001,1834.0000000000002
R005,CNO,T2_SD_CNO,2026_06_21_merged.mat,TEST,2,36696,10698,534.8500000000001,1834.7500000000002
R005,CNO,T2_SD_CNO,2026_06_21_merged.mat,TEST,2,36697,10699,534.9000000000001,1834.8000000000002
R005,CNO,T2_SD_CNO,2026_06_21_merged.mat,TEST,2,36708,10710,535.45,1835.3500000000001
R005,CNO,T2_SD_CNO,2026_06_21_merged.mat,TEST,2,36709,10711,535.5000000000001,1835.4
R005,CNO,T2_SD_CNO,2026_06_21_merged.mat,TEST,2,36710,10712,535.5500000000001,1835.4500000000003
R005,CNO,T2_SD_CNO,2026_06_21_merged.mat,TEST,2,36711,10713,535.6000000000001,1835.5000000000002
R005,CNO,T2_SD_CNO,2026_06_21_merged.mat,TEST,2,36718,10720,535.95,1835.8500000000001
R005,CNO,T2_SD_CNO,2026_06_21_merged.mat,TEST,2,36719,10721,536.0000000000001,1835.9
R005,CNO,T2_SD_CNO,2026_06_21_merged.mat,TEST,2,36758,10760,537.95,1837.8500000000001
R005,CNO,T2_SD_CNO,2026_06_21_merged.mat,TEST,2,36759,10761,538.0000000000001,1837.9
R005,CNO,T2_SD_CNO,2026_06_21_merged.mat,TEST,2,36794,10796,539.7500000000001,1839.65
R005,CNO,T2_SD_CNO,2026_06_21_merged.mat,TEST,2,36795,10797,539.8000000000001,1839.7000000000003
R005,CNO,T2_SD_CNO,2026_06_21_merged.mat,TEST,2,36796,10798,539.8500000000001,1839.7500000000002
R005,CNO,T2_SD_CNO,2026_06_21_merged.mat,TEST,2,36797,10799,539.9000000000001,1839.8000000000002
R005,CNO,T2_SD_CNO,2026_06_21_merged.mat,TEST,2,36798,10800,539.95,1839.8500000000001
R005,CNO,T2_SD_CNO,2026_06_21_merged.mat,TEST,2,36799,10801,540.0000000000001,1839.9
R005,CNO,T2_SD_CNO,2026_06_21_merged.mat,TEST,2,36800,10802,540.0500000000001,1839.9500000000003
R005,CNO,T2_SD_CNO,2026_06_21_merged.mat,TEST,2,36801,10803,540.1000000000001,1840.0000000000002
R005,CNO,T2_SD_CNO,2026_06_21_merged.mat,TEST,2,36831,10833,541.6000000000001,1841.5000000000002
R005,CNO,T2_SD_CNO,2026_06_21_merged.mat,TEST,2,36832,10834,541.6500000000001,1841.5500000000002
R005,CNO,T2_SD_CNO,2026_06_21_merged.mat,TEST,2,36833,10835,541.7,1841.6000000000001
R005,CNO,T2_SD_CNO,2026_06_21_merged.mat,TEST,2,36834,10836,541.7500000000001,1841.65
R005,CNO,T2_SD_CNO,2026_06_21_merged.mat,TEST,2,36835,10837,541.8000000000001,1841.7000000000003
R005,CNO,T2_SD_CNO,2026_06_21_merged.mat,TEST,2,36836,10838,541.8500000000001,1841.7500000000002
R005,CNO,T2_SD_CNO,2026_06_21_merged.mat,TEST,2,36874,10876,543.7500000000001,1843.65
R005,CNO,T2_SD_CNO,2026_06_21_merged.mat,TEST,2,36877,10879,543.9000000000001,1843.8000000000002
R005,CNO,T2_SD_CNO,2026_06_21_merged.mat,TEST,2,36878,10880,543.95,1843.8500000000001
R005,CNO,T2_SD_CNO,2026_06_21_merged.mat,TEST,2,36879,10881,544.0000000000001,1843.9
R005,CNO,T2_SD_CNO,2026_06_21_merged.mat,TEST,2,36880,10882,544.0500000000001,1843.9500000000003
R005,CNO,T2_SD_CNO,2026_06_21_merged.mat,TEST,2,36881,10883,544.1000000000001,1844.0000000000002
R005,CNO,T2_SD_CNO,2026_06_21_merged.mat,TEST,2,36882,10884,544.1500000000001,1844.0500000000002
R005,CNO,T2_SD_CNO,2026_06_21_merged.mat,TEST,2,36883,10885,544.2,1844.1000000000001
R005,CNO,T2_SD_CNO,2026_06_21_merged.mat,TEST,2,36933,10935,546.7,1846.6000000000001
R005,CNO,T2_SD_CNO,2026_06_21_merged.mat,TEST,2,36934,10936,546.7500000000001,1846.65
R005,CNO,T2_SD_CNO,2026_06_21_merged.mat,TEST,2,36941,10943,547.1000000000001,1847.0000000000002
R005,CNO,T2_SD_CNO,2026_06_21_merged.mat,TEST,2,36942,10944,547.1500000000001,1847.0500000000002
R005,CNO,T2_SD_CNO,2026_06_21_merged.mat,TEST,1,36983,10985,549.2,1849.1000000000001
R005,CNO,T2_SD_CNO,2026_06_21_merged.mat,TEST,1,37000,11002,550.0500000000001,1849.9500000000003
R005,CNO,T2_SD_CNO,2026_06_21_merged.mat,TEST,1,37002,11004,550.1500000000001,1850.0500000000002
R005,CNO,T2_SD_CNO,2026_06_21_merged.mat,TEST,2,37008,11010,550.45,1850.3500000000001
R005,CNO,T2_SD_CNO,2026_06_21_merged.mat,TEST,2,37009,11011,550.5000000000001,1850.4
R005,CNO,T2_SD_CNO,2026_06_21_merged.mat,TEST,2,37010,11012,550.5500000000001,1850.4500000000003
R005,CNO,T2_SD_CNO,2026_06_21_merged.mat,TEST,2,37011,11013,550.6000000000001,1850.5000000000002
R005,CNO,T2_SD_CNO,2026_06_21_merged.mat,TEST,2,37012,11014,550.6500000000001,1850.5500000000002
R005,CNO,T2_SD_CNO,2026_06_21_merged.mat,TEST,2,37025,11027,551.3000000000001,1851.2000000000003
R005,CNO,T2_SD_CNO,2026_06_21_merged.mat,TEST,2,37026,11028,551.3500000000001,1851.2500000000002
R005,CNO,T2_SD_CNO,2026_06_21_merged.mat,TEST,2,37027,11029,551.4000000000001,1851.3000000000002
R005,CNO,T2_SD_CNO,2026_06_21_merged.mat,TEST,2,37028,11030,551.45,1851.3500000000001
R005,CNO,T2_SD_CNO,2026_06_21_merged.mat,TEST,2,37030,11032,551.5500000000001,1851.4500000000003
R005,CNO,T2_SD_CNO,2026_06_21_merged.mat,TEST,2,37031,11033,551.6000000000001,1851.5000000000002
R005,CNO,T2_SD_CNO,2026_06_21_merged.mat,TEST,2,37032,11034,551.6500000000001,1851.5500000000002
R005,CNO,T2_SD_CNO,2026_06_21_merged.mat,TEST,2,37033,11035,551.7,1851.6000000000001
R005,CNO,T2_SD_CNO,2026_06_21_merged.mat,TEST,1,37062,11064,553.1500000000001,1853.0500000000002
R005,CNO,T2_SD_CNO,2026_06_21_merged.mat,TEST,2,37063,11065,553.2,1853.1000000000001
R005,CNO,T2_SD_CNO,2026_06_21_merged.mat,TEST,2,37064,11066,553.2500000000001,1853.15
R005,CNO,T2_SD_CNO,2026_06_21_merged.mat,TEST,2,37065,11067,553.3000000000001,1853.2000000000003
R005,CNO,T2_SD_CNO,2026_06_21_merged.mat,TEST,2,37066,11068,553.3500000000001,1853.2500000000002
R005,CNO,T2_SD_CNO,2026_06_21_merged.mat,TEST,1,37067,11069,553.4000000000001,1853.3000000000002
R005,CNO,T2_SD_CNO,2026_06_21_merged.mat,TEST,1,37068,11070,553.45,1853.3500000000001
R005,CNO,T2_SD_CNO,2026_06_21_merged.mat,TEST,2,37085,11087,554.3000000000001,1854.2000000000003
R005,CNO,T2_SD_CNO,2026_06_21_merged.mat,TEST,2,37086,11088,554.3500000000001,1854.2500000000002
R005,CNO,T2_SD_CNO,2026_06_21_merged.mat,TEST,2,37087,11089,554.4000000000001,1854.3000000000002
R005,CNO,T2_SD_CNO,2026_06_21_merged.mat,TEST,2,37088,11090,554.45,1854.3500000000001
R005,CNO,T2_SD_CNO,2026_06_21_merged.mat,TEST,2,37089,11091,554.5000000000001,1854.4
R005,CNO,T2_SD_CNO,2026_06_21_merged.mat,TEST,2,37090,11092,554.5500000000001,1854.4500000000003
R005,CNO,T2_SD_CNO,2026_06_21_merged.mat,TEST,2,37091,11093,554.6000000000001,1854.5000000000002
R005,CNO,T2_SD_CNO,2026_06_21_merged.mat,TEST,2,37092,11094,554.6500000000001,1854.5500000000002
R005,CNO,T2_SD_CNO,2026_06_21_merged.mat,TEST,2,37133,11135,556.7,1856.6000000000001
R005,CNO,T2_SD_CNO,2026_06_21_merged.mat,TEST,2,37134,11136,556.7500000000001,1856.65
R005,CNO,T2_SD_CNO,2026_06_21_merged.mat,TEST,2,37135,11137,556.8000000000001,1856.7000000000003
R005,CNO,T2_SD_CNO,2026_06_21_merged.mat,TEST,2,37136,11138,556.8500000000001,1856.7500000000002
R005,CNO,T2_SD_CNO,2026_06_21_merged.mat,TEST,2,37137,11139,556.9000000000001,1856.8000000000002
R005,CNO,T2_SD_CNO,2026_06_21_merged.mat,TEST,2,37138,11140,556.95,1856.8500000000001
R005,CNO,T2_SD_CNO,2026_06_21_merged.mat,TEST,2,37139,11141,557.0000000000001,1856.9
R005,CNO,T2_SD_CNO,2026_06_21_merged.mat,TEST,2,37170,11172,558.5500000000001,1858.4500000000003
R005,CNO,T2_SD_CNO,2026_06_21_merged.mat,TEST,2,37171,11173,558.6000000000001,1858.5000000000002
R005,CNO,T2_SD_CNO,2026_06_21_merged.mat,TEST,2,37172,11174,558.6500000000001,1858.5500000000002
R005,CNO,T2_SD_CNO,2026_06_21_merged.mat,TEST,2,37173,11175,558.7,1858.6000000000001
R005,CNO,T2_SD_CNO,2026_06_21_merged.mat,TEST,2,37174,11176,558.7500000000001,1858.65
R005,CNO,T2_SD_CNO,2026_06_21_merged.mat,TEST,2,37197,11199,559.9000000000001,1859.8000000000002
R005,CNO,T2_SD_CNO,2026_06_21_merged.mat,TEST,2,37198,11200,559.95,1859.8500000000001
R005,CNO,T2_SD_CNO,2026_06_21_merged.mat,TEST,2,37206,11208,560.3500000000001,1860.2500000000002
R005,CNO,T2_SD_CNO,2026_06_21_merged.mat,TEST,2,37207,11209,560.4000000000001,1860.3000000000002
R005,CNO,T2_SD_CNO,2026_06_21_merged.mat,TEST,2,37208,11210,560.45,1860.3500000000001
R005,CNO,T2_SD_CNO,2026_06_21_merged.mat,TEST,2,37209,11211,560.5000000000001,1860.4
R005,CNO,T2_SD_CNO,2026_06_21_merged.mat,TEST,2,37210,11212,560.5500000000001,1860.4500000000003
R005,CNO,T2_SD_CNO,2026_06_21_merged.mat,TEST,2,37211,11213,560.6000000000001,1860.5000000000002
R005,CNO,T2_SD_CNO,2026_06_21_merged.mat,TEST,2,37212,11214,560.6500000000001,1860.5500000000002
R005,CNO,T2_SD_CNO,2026_06_21_merged.mat,TEST,1,37230,11232,561.5500000000001,1861.4500000000003
R005,CNO,T2_SD_CNO,2026_06_21_merged.mat,TEST,2,37231,11233,561.6000000000001,1861.5000000000002
R005,CNO,T2_SD_CNO,2026_06_21_merged.mat,TEST,2,37232,11234,561.6500000000001,1861.5500000000002
R005,CNO,T2_SD_CNO,2026_06_21_merged.mat,TEST,1,37256,11258,562.8500000000001,1862.7500000000002
R005,CNO,T2_SD_CNO,2026_06_21_merged.mat,TEST,2,37258,11260,562.95,1862.8500000000001
R005,CNO,T2_SD_CNO,2026_06_21_merged.mat,TEST,2,37259,11261,563.0000000000001,1862.9
R005,CNO,T2_SD_CNO,2026_06_21_merged.mat,TEST,2,37260,11262,563.0500000000001,1862.9500000000003
R005,CNO,T2_SD_CNO,2026_06_21_merged.mat,TEST,2,37261,11263,563.1000000000001,1863.0000000000002
R005,CNO,T2_SD_CNO,2026_06_21_merged.mat,TEST,2,37262,11264,563.1500000000001,1863.0500000000002
R005,CNO,T2_SD_CNO,2026_06_21_merged.mat,TEST,2,37263,11265,563.2,1863.1000000000001
R005,CNO,T2_SD_CNO,2026_06_21_merged.mat,TEST,2,37264,11266,563.2500000000001,1863.15
R005,CNO,T2_SD_CNO,2026_06_21_merged.mat,TEST,2,37265,11267,563.3000000000001,1863.2000000000003
R005,CNO,T2_SD_CNO,2026_06_21_merged.mat,TEST,2,37266,11268,563.3500000000001,1863.2500000000002
R005,CNO,T2_SD_CNO,2026_06_21_merged.mat,TEST,2,37267,11269,563.4000000000001,1863.3000000000002
R005,CNO,T2_SD_CNO,2026_06_21_merged.mat,TEST,2,37285,11287,564.3000000000001,1864.2000000000003
R005,CNO,T2_SD_CNO,2026_06_21_merged.mat,TEST,2,37286,11288,564.3500000000001,1864.2500000000002
R005,CNO,T2_SD_CNO,2026_06_21_merged.mat,TEST,2,37287,11289,564.4000000000001,1864.3000000000002
R005,CNO,T2_SD_CNO,2026_06_21_merged.mat,TEST,2,37288,11290,564.45,1864.3500000000001
R005,CNO,T2_SD_CNO,2026_06_21_merged.mat,TEST,2,37306,11308,565.3500000000001,1865.2500000000002
R005,CNO,T2_SD_CNO,2026_06_21_merged.mat,TEST,2,37316,11318,565.8500000000001,1865.7500000000002
R005,CNO,T2_SD_CNO,2026_06_21_merged.mat,TEST,2,37317,11319,565.9000000000001,1865.8000000000002
R005,CNO,T2_SD_CNO,2026_06_21_merged.mat,TEST,2,37318,11320,565.95,1865.8500000000001
R005,CNO,T2_SD_CNO,2026_06_21_merged.mat,TEST,2,37319,11321,566.0000000000001,1865.9
R005,CNO,T2_SD_CNO,2026_06_21_merged.mat,TEST,2,37320,11322,566.0500000000001,1865.9500000000003
R005,CNO,T2_SD_CNO,2026_06_21_merged.mat,TEST,2,37328,11330,566.45,1866.3500000000001
R005,CNO,T2_SD_CNO,2026_06_21_merged.mat,TEST,2,37331,11333,566.6000000000001,1866.5000000000002
R005,CNO,T2_SD_CNO,2026_06_21_merged.mat,TEST,2,37332,11334,566.6500000000001,1866.5500000000002
R005,CNO,T2_SD_CNO,2026_06_21_merged.mat,TEST,2,37333,11335,566.7,1866.6000000000001
R005,CNO,T2_SD_CNO,2026_06_21_merged.mat,TEST,2,37352,11354,567.6500000000001,1867.5500000000002
R005,CNO,T2_SD_CNO,2026_06_21_merged.mat,TEST,2,37353,11355,567.7,1867.6000000000001
R005,CNO,T2_SD_CNO,2026_06_21_merged.mat,TEST,2,37354,11356,567.7500000000001,1867.65
R005,CNO,T2_SD_CNO,2026_06_21_merged.mat,TEST,2,37355,11357,567.8000000000001,1867.7000000000003
R005,CNO,T2_SD_CNO,2026_06_21_merged.mat,TEST,2,37369,11371,568.5000000000001,1868.4
R005,CNO,T2_SD_CNO,2026_06_21_merged.mat,TEST,2,37370,11372,568.5500000000001,1868.4500000000003
R005,CNO,T2_SD_CNO,2026_06_21_merged.mat,TEST,1,37385,11387,569.3000000000001,1869.2000000000003
R005,CNO,T2_SD_CNO,2026_06_21_merged.mat,TEST,2,37386,11388,569.3500000000001,1869.2500000000002
R005,CNO,T2_SD_CNO,2026_06_21_merged.mat,TEST,2,37387,11389,569.4000000000001,1869.3000000000002
R005,CNO,T2_SD_CNO,2026_06_21_merged.mat,TEST,2,37410,11412,570.5500000000001,1870.4500000000003
R005,CNO,T2_SD_CNO,2026_06_21_merged.mat,TEST,2,37411,11413,570.6000000000001,1870.5000000000002
R005,CNO,T2_SD_CNO,2026_06_21_merged.mat,TEST,2,37420,11422,571.0500000000001,1870.9500000000003
R005,CNO,T2_SD_CNO,2026_06_21_merged.mat,TEST,2,37421,11423,571.1000000000001,1871.0000000000002
R005,CNO,T2_SD_CNO,2026_06_21_merged.mat,TEST,2,37422,11424,571.1500000000001,1871.0500000000002
R005,CNO,T2_SD_CNO,2026_06_21_merged.mat,TEST,2,37423,11425,571.2,1871.1000000000001
R005,CNO,T2_SD_CNO,2026_06_21_merged.mat,TEST,2,37429,11431,571.5000000000001,1871.4
R005,CNO,T2_SD_CNO,2026_06_21_merged.mat,TEST,2,37441,11443,572.1000000000001,1872.0000000000002
R005,CNO,T2_SD_CNO,2026_06_21_merged.mat,TEST,2,37442,11444,572.1500000000001,1872.0500000000002
R005,CNO,T2_SD_CNO,2026_06_21_merged.mat,TEST,2,37443,11445,572.2,1872.1000000000001
R005,CNO,T2_SD_CNO,2026_06_21_merged.mat,TEST,2,37444,11446,572.2500000000001,1872.15
R005,CNO,T2_SD_CNO,2026_06_21_merged.mat,TEST,2,37466,11468,573.3500000000001,1873.2500000000002
R005,CNO,T2_SD_CNO,2026_06_21_merged.mat,TEST,2,37467,11469,573.4000000000001,1873.3000000000002
R005,CNO,T2_SD_CNO,2026_06_21_merged.mat,TEST,2,37483,11485,574.2,1874.1000000000001
R005,CNO,T2_SD_CNO,2026_06_21_merged.mat,TEST,2,37484,11486,574.2500000000001,1874.15
R005,CNO,T2_SD_CNO,2026_06_21_merged.mat,TEST,2,37485,11487,574.3000000000001,1874.2000000000003
R005,CNO,T2_SD_CNO,2026_06_21_merged.mat,TEST,2,37486,11488,574.3500000000001,1874.2500000000002
R005,CNO,T2_SD_CNO,2026_06_21_merged.mat,TEST,2,37487,11489,574.4000000000001,1874.3000000000002
R005,CNO,T2_SD_CNO,2026_06_21_merged.mat,TEST,2,37495,11497,574.8000000000001,1874.7000000000003
R005,CNO,T2_SD_CNO,2026_06_21_merged.mat,TEST,2,37496,11498,574.8500000000001,1874.7500000000002
R005,CNO,T2_SD_CNO,2026_06_21_merged.mat,TEST,2,37497,11499,574.9000000000001,1874.8000000000002
R005,CNO,T2_SD_CNO,2026_06_21_merged.mat,TEST,2,37513,11515,575.7,1875.6000000000001
R005,CNO,T2_SD_CNO,2026_06_21_merged.mat,TEST,2,37514,11516,575.7500000000001,1875.65
R005,CNO,T2_SD_CNO,2026_06_21_merged.mat,TEST,2,37515,11517,575.8000000000001,1875.7000000000003
R005,CNO,T2_SD_CNO,2026_06_21_merged.mat,TEST,2,37516,11518,575.8500000000001,1875.7500000000002
R005,CNO,T2_SD_CNO,2026_06_21_merged.mat,TEST,2,37538,11540,576.95,1876.8500000000001
R005,CNO,T2_SD_CNO,2026_06_21_merged.mat,TEST,2,37539,11541,577.0000000000001,1876.9
R005,CNO,T2_SD_CNO,2026_06_21_merged.mat,TEST,2,37540,11542,577.0500000000001,1876.9500000000003
R005,CNO,T2_SD_CNO,2026_06_21_merged.mat,TEST,2,37541,11543,577.1000000000001,1877.0000000000002
R005,CNO,T2_SD_CNO,2026_06_21_merged.mat,TEST,2,37542,11544,577.1500000000001,1877.0500000000002
R005,CNO,T2_SD_CNO,2026_06_21_merged.mat,TEST,2,37543,11545,577.2,1877.1000000000001
R005,CNO,T2_SD_CNO,2026_06_21_merged.mat,TEST,2,37544,11546,577.2500000000001,1877.15
R005,CNO,T2_SD_CNO,2026_06_21_merged.mat,TEST,2,37572,11574,578.6500000000001,1878.5500000000002
R005,CNO,T2_SD_CNO,2026_06_21_merged.mat,TEST,2,37573,11575,578.7,1878.6000000000001
R005,CNO,T2_SD_CNO,2026_06_21_merged.mat,TEST,2,37574,11576,578.7500000000001,1878.65
R005,CNO,T2_SD_CNO,2026_06_21_merged.mat,TEST,1,37584,11586,579.2500000000001,1879.15
R005,CNO,T2_SD_CNO,2026_06_21_merged.mat,TEST,1,37585,11587,579.3000000000001,1879.2000000000003
R005,CNO,T2_SD_CNO,2026_06_21_merged.mat,TEST,2,37587,11589,579.4000000000001,1879.3000000000002
R005,CNO,T2_SD_CNO,2026_06_21_merged.mat,TEST,2,37588,11590,579.45,1879.3500000000001
R005,CNO,T2_SD_CNO,2026_06_21_merged.mat,TEST,2,37589,11591,579.5000000000001,1879.4
R005,CNO,T2_SD_CNO,2026_06_21_merged.mat,TEST,2,37599,11601,580.0000000000001,1879.9
R005,CNO,T2_SD_CNO,2026_06_21_merged.mat,TEST,2,37600,11602,580.0500000000001,1879.9500000000003
R005,CNO,T2_SD_CNO,2026_06_21_merged.mat,TEST,2,37601,11603,580.1000000000001,1880.0000000000002
R005,CNO,T2_SD_CNO,2026_06_21_merged.mat,TEST,2,37602,11604,580.1500000000001,1880.0500000000002
R005,CNO,T2_SD_CNO,2026_06_21_merged.mat,TEST,2,37603,11605,580.2,1880.1000000000001
R005,CNO,T2_SD_CNO,2026_06_21_merged.mat,TEST,2,37622,11624,581.1500000000001,1881.0500000000002
R005,CNO,T2_SD_CNO,2026_06_21_merged.mat,TEST,2,37623,11625,581.2,1881.1000000000001
R005,CNO,T2_SD_CNO,2026_06_21_merged.mat,TEST,2,37634,11636,581.7500000000001,1881.65
R005,CNO,T2_SD_CNO,2026_06_21_merged.mat,TEST,2,37635,11637,581.8000000000001,1881.7000000000003
R005,CNO,T2_SD_CNO,2026_06_21_merged.mat,TEST,2,37636,11638,581.8500000000001,1881.7500000000002
R005,CNO,T2_SD_CNO,2026_06_21_merged.mat,TEST,2,37637,11639,581.9000000000001,1881.8000000000002
R005,CNO,T2_SD_CNO,2026_06_21_merged.mat,TEST,2,37644,11646,582.2500000000001,1882.15
R005,CNO,T2_SD_CNO,2026_06_21_merged.mat,TEST,2,37645,11647,582.3000000000001,1882.2000000000003
R005,CNO,T2_SD_CNO,2026_06_21_merged.mat,TEST,2,37646,11648,582.3500000000001,1882.2500000000002
R005,CNO,T2_SD_CNO,2026_06_21_merged.mat,TEST,2,37647,11649,582.4000000000001,1882.3000000000002
R005,CNO,T2_SD_CNO,2026_06_21_merged.mat,TEST,2,37693,11695,584.7,1884.6000000000001
R005,CNO,T2_SD_CNO,2026_06_21_merged.mat,TEST,2,37707,11709,585.4000000000001,1885.3000000000002
R005,CNO,T2_SD_CNO,2026_06_21_merged.mat,TEST,2,37708,11710,585.45,1885.3500000000001
R005,CNO,T2_SD_CNO,2026_06_21_merged.mat,TEST,2,37709,11711,585.5000000000001,1885.4
R005,CNO,T2_SD_CNO,2026_06_21_merged.mat,TEST,2,37710,11712,585.5500000000001,1885.4500000000003
R005,CNO,T2_SD_CNO,2026_06_21_merged.mat,TEST,1,37762,11764,588.1500000000001,1888.0500000000002
R005,CNO,T2_SD_CNO,2026_06_21_merged.mat,TEST,1,37763,11765,588.2,1888.1000000000001
R005,CNO,T2_SD_CNO,2026_06_21_merged.mat,TEST,1,37764,11766,588.2500000000001,1888.15
R005,CNO,T2_SD_CNO,2026_06_21_merged.mat,TEST,1,37780,11782,589.0500000000001,1888.9500000000003
R005,CNO,T2_SD_CNO,2026_06_21_merged.mat,TEST,2,37848,11850,592.45,1892.3500000000001
R005,CNO,T2_SD_CNO,2026_06_21_merged.mat,TEST,2,37849,11851,592.5000000000001,1892.4
R005,CNO,T2_SD_CNO,2026_06_21_merged.mat,TEST,2,37850,11852,592.5500000000001,1892.4500000000003
R005,CNO,T2_SD_CNO,2026_06_21_merged.mat,TEST,2,37851,11853,592.6000000000001,1892.5000000000002
R005,CNO,T2_SD_CNO,2026_06_21_merged.mat,TEST,2,37852,11854,592.6500000000001,1892.5500000000002
R005,CNO,T2_SD_CNO,2026_06_21_merged.mat,TEST,2,37896,11898,594.8500000000001,1894.7500000000002
R005,CNO,T2_SD_CNO,2026_06_21_merged.mat,TEST,1,37907,11909,595.4000000000001,1895.3000000000002
R005,CNO,T2_SD_CNO,2026_06_21_merged.mat,TEST,1,37926,11928,596.3500000000001,1896.2500000000002
R005,CNO,T2_SD_CNO,2026_06_21_merged.mat,TEST,2,37927,11929,596.4000000000001,1896.3000000000002
R005,CNO,T2_SD_CNO,2026_06_21_merged.mat,TEST,2,37928,11930,596.45,1896.3500000000001
R005,CNO,T2_SD_CNO,2026_06_21_merged.mat,TEST,2,37929,11931,596.5000000000001,1896.4
R005,CNO,T2_SD_CNO,2026_06_21_merged.mat,TEST,2,37930,11932,596.5500000000001,1896.4500000000003
R005,CNO,T2_SD_CNO,2026_06_21_merged.mat,TEST,2,37931,11933,596.6000000000001,1896.5000000000002
R005,CNO,T2_SD_CNO,2026_06_21_merged.mat,TEST,2,37947,11949,597.4000000000001,1897.3000000000002
R005,CNO,T2_SD_CNO,2026_06_21_merged.mat,TEST,2,37948,11950,597.45,1897.3500000000001
R005,CNO,T2_SD_CNO,2026_06_21_merged.mat,TEST,2,37984,11986,599.2500000000001,1899.15
R005,CNO,T2_SD_CNO,2026_06_21_merged.mat,TEST,2,37985,11987,599.3000000000001,1899.2000000000003
R005,CNO,T2_SD_CNO,2026_06_21_merged.mat,TEST,2,37986,11988,599.3500000000001,1899.2500000000002
R005,CNO,T2_SD_CNO,2026_06_21_merged.mat,TEST,2,37999,12001,600.0000000000001,1899.9
R005,CNO,T2_SD_CNO,2026_06_21_merged.mat,TEST,2,38000,12002,600.0500000000001,1899.9500000000003
R005,CNO,T2_SD_CNO,2026_06_21_merged.mat,TEST,2,38001,12003,600.1000000000001,1900.0000000000002
R005,CNO,T2_SD_CNO,2026_06_21_merged.mat,TEST,2,38002,12004,600.1500000000001,1900.0500000000002
R005,CNO,T2_SD_CNO,2026_06_21_merged.mat,TEST,2,38003,12005,600.2,1900.1000000000001
R005,CNO,T2_SD_CNO,2026_06_21_merged.mat,TEST,2,38004,12006,600.2500000000001,1900.15
R005,CNO,T2_SD_CNO,2026_06_21_merged.mat,TEST,2,38005,12007,600.3000000000001,1900.2000000000003
R005,CNO,T2_SD_CNO,2026_06_21_merged.mat,TEST,2,38006,12008,600.3500000000001,1900.2500000000002
R005,CNO,T2_SD_CNO,2026_06_21_merged.mat,TEST,2,38007,12009,600.4000000000001,1900.3000000000002
R005,CNO,T2_SD_CNO,2026_06_21_merged.mat,TEST,2,38008,12010,600.45,1900.3500000000001
R005,CNO,T2_SD_CNO,2026_06_21_merged.mat,TEST,2,38009,12011,600.5000000000001,1900.4
R005,CNO,T2_SD_CNO,2026_06_21_merged.mat,TEST,2,38017,12019,600.9000000000001,1900.8000000000002
R005,CNO,T2_SD_CNO,2026_06_21_merged.mat,TEST,2,38018,12020,600.95,1900.8500000000001
R005,CNO,T2_SD_CNO,2026_06_21_merged.mat,TEST,2,38019,12021,601.0000000000001,1900.9
R005,CNO,T2_SD_CNO,2026_06_21_merged.mat,TEST,2,38028,12030,601.45,1901.3500000000001
R005,CNO,T2_SD_CNO,2026_06_21_merged.mat,TEST,2,38029,12031,601.5000000000001,1901.4
R005,CNO,T2_SD_CNO,2026_06_21_merged.mat,TEST,2,38030,12032,601.5500000000001,1901.4500000000003
R005,CNO,T2_SD_CNO,2026_06_21_merged.mat,TEST,2,38031,12033,601.6000000000001,1901.5000000000002
R005,CNO,T2_SD_CNO,2026_06_21_merged.mat,TEST,2,38049,12051,602.5000000000001,1902.4
R005,CNO,T2_SD_CNO,2026_06_21_merged.mat,TEST,2,38082,12084,604.1500000000001,1904.0500000000002
R005,CNO,T2_SD_CNO,2026_06_21_merged.mat,TEST,2,38083,12085,604.2,1904.1000000000001
R005,CNO,T2_SD_CNO,2026_06_21_merged.mat,TEST,2,38084,12086,604.2500000000001,1904.15
R005,CNO,T2_SD_CNO,2026_06_21_merged.mat,TEST,2,38085,12087,604.3000000000001,1904.2000000000003
R005,CNO,T2_SD_CNO,2026_06_21_merged.mat,TEST,2,38086,12088,604.3500000000001,1904.2500000000002
R005,CNO,T2_SD_CNO,2026_06_21_merged.mat,TEST,2,38087,12089,604.4000000000001,1904.3000000000002
R005,CNO,T2_SD_CNO,2026_06_21_merged.mat,TEST,2,38088,12090,604.45,1904.3500000000001
R005,CNO,T2_SD_CNO,2026_06_21_merged.mat,TEST,2,38089,12091,604.5000000000001,1904.4
R005,CNO,T2_SD_CNO,2026_06_21_merged.mat,TEST,2,38090,12092,604.5500000000001,1904.4500000000003
R005,CNO,T2_SD_CNO,2026_06_21_merged.mat,TEST,2,38102,12104,605.1500000000001,1905.0500000000002
R005,CNO,T2_SD_CNO,2026_06_21_merged.mat,TEST,2,38117,12119,605.9000000000001,1905.8000000000002
R005,CNO,T2_SD_CNO,2026_06_21_merged.mat,TEST,2,38118,12120,605.95,1905.8500000000001
R005,CNO,T2_SD_CNO,2026_06_21_merged.mat,TEST,2,38119,12121,606.0000000000001,1905.9
R005,CNO,T2_SD_CNO,2026_06_21_merged.mat,TEST,1,38121,12123,606.1000000000001,1906.0000000000002
R005,CNO,T2_SD_CNO,2026_06_21_merged.mat,TEST,2,38130,12132,606.5500000000001,1906.4500000000003
R005,CNO,T2_SD_CNO,2026_06_21_merged.mat,TEST,2,38131,12133,606.6000000000001,1906.5000000000002
R005,CNO,T2_SD_CNO,2026_06_21_merged.mat,TEST,2,38132,12134,606.6500000000001,1906.5500000000002
R005,CNO,T2_SD_CNO,2026_06_21_merged.mat,TEST,2,38133,12135,606.7,1906.6000000000001
R005,CNO,T2_SD_CNO,2026_06_21_merged.mat,TEST,2,38134,12136,606.7500000000001,1906.65
R005,CNO,T2_SD_CNO,2026_06_21_merged.mat,TEST,2,38141,12143,607.1000000000001,1907.0000000000002
R005,CNO,T2_SD_CNO,2026_06_21_merged.mat,TEST,2,38142,12144,607.1500000000001,1907.0500000000002
R005,CNO,T2_SD_CNO,2026_06_21_merged.mat,TEST,2,38143,12145,607.2,1907.1000000000001
R005,CNO,T2_SD_CNO,2026_06_21_merged.mat,TEST,2,38144,12146,607.2500000000001,1907.15
R005,CNO,T2_SD_CNO,2026_06_21_merged.mat,TEST,2,38164,12166,608.2500000000001,1908.15
R005,CNO,T2_SD_CNO,2026_06_21_merged.mat,TEST,2,38165,12167,608.3000000000001,1908.2000000000003
R005,CNO,T2_SD_CNO,2026_06_21_merged.mat,TEST,2,38166,12168,608.3500000000001,1908.2500000000002
R005,CNO,T2_SD_CNO,2026_06_21_merged.mat,TEST,2,38167,12169,608.4000000000001,1908.3000000000002
R005,CNO,T2_SD_CNO,2026_06_21_merged.mat,TEST,2,38168,12170,608.45,1908.3500000000001
R005,CNO,T2_SD_CNO,2026_06_21_merged.mat,TEST,2,38175,12177,608.8000000000001,1908.7000000000003
R005,CNO,T2_SD_CNO,2026_06_21_merged.mat,TEST,2,38190,12192,609.5500000000001,1909.4500000000003
R005,CNO,T2_SD_CNO,2026_06_21_merged.mat,TEST,1,38205,12207,610.3000000000001,1910.2000000000003
R005,CNO,T2_SD_CNO,2026_06_21_merged.mat,TEST,1,38211,12213,610.6000000000001,1910.5000000000002
R005,CNO,T2_SD_CNO,2026_06_21_merged.mat,TEST,2,38218,12220,610.95,1910.8500000000001
R005,CNO,T2_SD_CNO,2026_06_21_merged.mat,TEST,2,38219,12221,611.0000000000001,1910.9
R005,CNO,T2_SD_CNO,2026_06_21_merged.mat,TEST,2,38220,12222,611.0500000000001,1910.9500000000003
R005,CNO,T2_SD_CNO,2026_06_21_merged.mat,TEST,2,38221,12223,611.1000000000001,1911.0000000000002
R005,CNO,T2_SD_CNO,2026_06_21_merged.mat,TEST,2,38222,12224,611.1500000000001,1911.0500000000002
R005,CNO,T2_SD_CNO,2026_06_21_merged.mat,TEST,2,38256,12258,612.8500000000001,1912.7500000000002
R005,CNO,T2_SD_CNO,2026_06_21_merged.mat,TEST,2,38257,12259,612.9000000000001,1912.8000000000002
R005,CNO,T2_SD_CNO,2026_06_21_merged.mat,TEST,2,38258,12260,612.95,1912.8500000000001
R005,CNO,T2_SD_CNO,2026_06_21_merged.mat,TEST,2,38259,12261,613.0000000000001,1912.9
R005,CNO,T2_SD_CNO,2026_06_21_merged.mat,TEST,2,38260,12262,613.0500000000001,1912.9500000000003
R005,CNO,T2_SD_CNO,2026_06_21_merged.mat,TEST,2,38273,12275,613.7,1913.6000000000001
R005,CNO,T2_SD_CNO,2026_06_21_merged.mat,TEST,2,38274,12276,613.7500000000001,1913.65
R005,CNO,T2_SD_CNO,2026_06_21_merged.mat,TEST,2,38296,12298,614.8500000000001,1914.7500000000002
R005,CNO,T2_SD_CNO,2026_06_21_merged.mat,TEST,2,38317,12319,615.9000000000001,1915.8000000000002
R005,CNO,T2_SD_CNO,2026_06_21_merged.mat,TEST,2,38318,12320,615.95,1915.8500000000001
R005,CNO,T2_SD_CNO,2026_06_21_merged.mat,TEST,2,38319,12321,616.0000000000001,1915.9
R005,CNO,T2_SD_CNO,2026_06_21_merged.mat,TEST,2,38320,12322,616.0500000000001,1915.9500000000003
R005,CNO,T2_SD_CNO,2026_06_21_merged.mat,TEST,2,38321,12323,616.1000000000001,1916.0000000000002
R005,CNO,T2_SD_CNO,2026_06_21_merged.mat,TEST,2,38322,12324,616.1500000000001,1916.0500000000002
R005,CNO,T2_SD_CNO,2026_06_21_merged.mat,TEST,2,38323,12325,616.2,1916.1000000000001
R005,CNO,T2_SD_CNO,2026_06_21_merged.mat,TEST,2,38350,12352,617.5500000000001,1917.4500000000003
R005,CNO,T2_SD_CNO,2026_06_21_merged.mat,TEST,2,38351,12353,617.6000000000001,1917.5000000000002
R005,CNO,T2_SD_CNO,2026_06_21_merged.mat,TEST,2,38352,12354,617.6500000000001,1917.5500000000002
R005,CNO,T2_SD_CNO,2026_06_21_merged.mat,TEST,2,38366,12368,618.3500000000001,1918.2500000000002
R005,CNO,T2_SD_CNO,2026_06_21_merged.mat,TEST,2,38367,12369,618.4000000000001,1918.3000000000002
R005,CNO,T2_SD_CNO,2026_06_21_merged.mat,TEST,2,38368,12370,618.45,1918.3500000000001
R005,CNO,T2_SD_CNO,2026_06_21_merged.mat,TEST,2,38378,12380,618.95,1918.8500000000001
R005,CNO,T2_SD_CNO,2026_06_21_merged.mat,TEST,2,38379,12381,619.0000000000001,1918.9
R005,CNO,T2_SD_CNO,2026_06_21_merged.mat,TEST,2,38380,12382,619.0500000000001,1918.9500000000003
R005,CNO,T2_SD_CNO,2026_06_21_merged.mat,TEST,2,38381,12383,619.1000000000001,1919.0000000000002
R005,CNO,T2_SD_CNO,2026_06_21_merged.mat,TEST,1,38392,12394,619.6500000000001,1919.5500000000002
R005,CNO,T2_SD_CNO,2026_06_21_merged.mat,TEST,2,38395,12397,619.8000000000001,1919.7000000000003
R005,CNO,T2_SD_CNO,2026_06_21_merged.mat,TEST,2,38396,12398,619.8500000000001,1919.7500000000002
R005,CNO,T2_SD_CNO,2026_06_21_merged.mat,TEST,2,38397,12399,619.9000000000001,1919.8000000000002
R005,CNO,T2_SD_CNO,2026_06_21_merged.mat,TEST,2,38405,12407,620.3000000000001,1920.2000000000003
R005,CNO,T2_SD_CNO,2026_06_21_merged.mat,TEST,2,38406,12408,620.3500000000001,1920.2500000000002
R005,CNO,T2_SD_CNO,2026_06_21_merged.mat,TEST,2,38407,12409,620.4000000000001,1920.3000000000002
R005,CNO,T2_SD_CNO,2026_06_21_merged.mat,TEST,2,38415,12417,620.8000000000001,1920.7000000000003
R005,CNO,T2_SD_CNO,2026_06_21_merged.mat,TEST,2,38416,12418,620.8500000000001,1920.7500000000002
R005,CNO,T2_SD_CNO,2026_06_21_merged.mat,TEST,2,38469,12471,623.5000000000001,1923.4
R005,CNO,T2_SD_CNO,2026_06_21_merged.mat,TEST,2,38470,12472,623.5500000000001,1923.4500000000003
R005,CNO,T2_SD_CNO,2026_06_21_merged.mat,TEST,2,38471,12473,623.6000000000001,1923.5000000000002
R005,CNO,T2_SD_CNO,2026_06_21_merged.mat,TEST,2,38472,12474,623.6500000000001,1923.5500000000002
R005,CNO,T2_SD_CNO,2026_06_21_merged.mat,TEST,2,38486,12488,624.3500000000001,1924.2500000000002
R005,CNO,T2_SD_CNO,2026_06_21_merged.mat,TEST,2,38487,12489,624.4000000000001,1924.3000000000002
R005,CNO,T2_SD_CNO,2026_06_21_merged.mat,TEST,1,38499,12501,625.0000000000001,1924.9
R005,CNO,T2_SD_CNO,2026_06_21_merged.mat,TEST,2,38500,12502,625.0500000000001,1924.9500000000003
R005,CNO,T2_SD_CNO,2026_06_21_merged.mat,TEST,2,38501,12503,625.1000000000001,1925.0000000000002
R005,CNO,T2_SD_CNO,2026_06_21_merged.mat,TEST,2,38503,12505,625.2,1925.1000000000001
R005,CNO,T2_SD_CNO,2026_06_21_merged.mat,TEST,2,38507,12509,625.4000000000001,1925.3000000000002
R005,CNO,T2_SD_CNO,2026_06_21_merged.mat,TEST,2,38517,12519,625.9000000000001,1925.8000000000002
R005,CNO,T2_SD_CNO,2026_06_21_merged.mat,TEST,2,38518,12520,625.95,1925.8500000000001
R005,CNO,T2_SD_CNO,2026_06_21_merged.mat,TEST,3,38536,12538,626.8500000000001,1926.7500000000002
R005,CNO,T2_SD_CNO,2026_06_21_merged.mat,TEST,3,38537,12539,626.9000000000001,1926.8000000000002
R005,CNO,T2_SD_CNO,2026_06_21_merged.mat,TEST,3,38538,12540,626.95,1926.8500000000001
R005,CNO,T2_SD_CNO,2026_06_21_merged.mat,TEST,3,38539,12541,627.0000000000001,1926.9
R005,CNO,T2_SD_CNO,2026_06_21_merged.mat,TEST,4,38542,12544,627.1500000000001,1927.0500000000002
R005,CNO,T2_SD_CNO,2026_06_21_merged.mat,TEST,4,38543,12545,627.2,1927.1000000000001
R005,CNO,T2_SD_CNO,2026_06_21_merged.mat,TEST,2,38569,12571,628.5000000000001,1928.4
R005,CNO,T2_SD_CNO,2026_06_21_merged.mat,TEST,2,38570,12572,628.5500000000001,1928.4500000000003
R005,CNO,T2_SD_CNO,2026_06_21_merged.mat,TEST,2,38571,12573,628.6000000000001,1928.5000000000002
R005,CNO,T2_SD_CNO,2026_06_21_merged.mat,TEST,2,38572,12574,628.6500000000001,1928.5500000000002
R005,CNO,T2_SD_CNO,2026_06_21_merged.mat,TEST,1,38613,12615,630.7,1930.6000000000001
R005,CNO,T2_SD_CNO,2026_06_21_merged.mat,TEST,2,38627,12629,631.4000000000001,1931.3000000000002
R005,CNO,T2_SD_CNO,2026_06_21_merged.mat,TEST,2,38628,12630,631.45,1931.3500000000001
R005,CNO,T2_SD_CNO,2026_06_21_merged.mat,TEST,2,38629,12631,631.5000000000001,1931.4
R005,CNO,T2_SD_CNO,2026_06_21_merged.mat,TEST,2,38630,12632,631.5500000000001,1931.4500000000003
R005,CNO,T2_SD_CNO,2026_06_21_merged.mat,TEST,2,38631,12633,631.6000000000001,1931.5000000000002
R005,CNO,T2_SD_CNO,2026_06_21_merged.mat,TEST,2,38632,12634,631.6500000000001,1931.5500000000002
R005,CNO,T2_SD_CNO,2026_06_21_merged.mat,TEST,2,38633,12635,631.7,1931.6000000000001
R005,CNO,T2_SD_CNO,2026_06_21_merged.mat,TEST,2,38713,12715,635.7,1935.6000000000001
R005,CNO,T2_SD_CNO,2026_06_21_merged.mat,TEST,2,38714,12716,635.7500000000001,1935.65
R005,CNO,T2_SD_CNO,2026_06_21_merged.mat,TEST,2,38715,12717,635.8000000000001,1935.7000000000003
R005,CNO,T2_SD_CNO,2026_06_21_merged.mat,TEST,2,38716,12718,635.8500000000001,1935.7500000000002
R005,CNO,T2_SD_CNO,2026_06_21_merged.mat,TEST,2,38717,12719,635.9000000000001,1935.8000000000002
R005,CNO,T2_SD_CNO,2026_06_21_merged.mat,TEST,2,38722,12724,636.1500000000001,1936.0500000000002
R005,CNO,T2_SD_CNO,2026_06_21_merged.mat,TEST,2,38723,12725,636.2,1936.1000000000001
R005,CNO,T2_SD_CNO,2026_06_21_merged.mat,TEST,2,38724,12726,636.2500000000001,1936.15
R005,CNO,T2_SD_CNO,2026_06_21_merged.mat,TEST,2,38725,12727,636.3000000000001,1936.2000000000003
R005,CNO,T2_SD_CNO,2026_06_21_merged.mat,TEST,2,38726,12728,636.3500000000001,1936.2500000000002
R005,CNO,T2_SD_CNO,2026_06_21_merged.mat,TEST,2,38727,12729,636.4000000000001,1936.3000000000002
R005,CNO,T2_SD_CNO,2026_06_21_merged.mat,TEST,2,38728,12730,636.45,1936.3500000000001
R005,CNO,T2_SD_CNO,2026_06_21_merged.mat,TEST,2,38729,12731,636.5000000000001,1936.4
R005,CNO,T2_SD_CNO,2026_06_21_merged.mat,TEST,2,38742,12744,637.1500000000001,1937.0500000000002
R005,CNO,T2_SD_CNO,2026_06_21_merged.mat,TEST,2,38743,12745,637.2,1937.1000000000001
R005,CNO,T2_SD_CNO,2026_06_21_merged.mat,TEST,2,38744,12746,637.2500000000001,1937.15
R005,CNO,T2_SD_CNO,2026_06_21_merged.mat,TEST,2,38745,12747,637.3000000000001,1937.2000000000003
R005,CNO,T2_SD_CNO,2026_06_21_merged.mat,TEST,2,38746,12748,637.3500000000001,1937.2500000000002
R005,CNO,T2_SD_CNO,2026_06_21_merged.mat,TEST,2,38777,12779,638.9000000000001,1938.8000000000002
R005,CNO,T2_SD_CNO,2026_06_21_merged.mat,TEST,2,38778,12780,638.95,1938.8500000000001
R005,CNO,T2_SD_CNO,2026_06_21_merged.mat,TEST,2,38779,12781,639.0000000000001,1938.9
R005,CNO,T2_SD_CNO,2026_06_21_merged.mat,TEST,2,38780,12782,639.0500000000001,1938.9500000000003
R005,CNO,T2_SD_CNO,2026_06_21_merged.mat,TEST,2,38824,12826,641.2500000000001,1941.15
R005,CNO,T2_SD_CNO,2026_06_21_merged.mat,TEST,2,38825,12827,641.3000000000001,1941.2000000000003
R005,CNO,T2_SD_CNO,2026_06_21_merged.mat,TEST,2,38826,12828,641.3500000000001,1941.2500000000002
R005,CNO,T2_SD_CNO,2026_06_21_merged.mat,TEST,2,38827,12829,641.4000000000001,1941.3000000000002
R005,CNO,T2_SD_CNO,2026_06_21_merged.mat,TEST,1,38839,12841,642.0000000000001,1941.9
R005,CNO,T2_SD_CNO,2026_06_21_merged.mat,TEST,2,38851,12853,642.6000000000001,1942.5000000000002
R005,CNO,T2_SD_CNO,2026_06_21_merged.mat,TEST,2,38852,12854,642.6500000000001,1942.5500000000002
R005,CNO,T2_SD_CNO,2026_06_21_merged.mat,TEST,2,38853,12855,642.7,1942.6000000000001
R005,CNO,T2_SD_CNO,2026_06_21_merged.mat,TEST,2,38854,12856,642.7500000000001,1942.65
R005,CNO,T2_SD_CNO,2026_06_21_merged.mat,TEST,2,38855,12857,642.8000000000001,1942.7000000000003
R005,CNO,T2_SD_CNO,2026_06_21_merged.mat,TEST,2,38871,12873,643.6000000000001,1943.5000000000002
R005,CNO,T2_SD_CNO,2026_06_21_merged.mat,TEST,2,38872,12874,643.6500000000001,1943.5500000000002
R005,CNO,T2_SD_CNO,2026_06_21_merged.mat,TEST,2,38898,12900,644.95,1944.8500000000001
R005,CNO,T2_SD_CNO,2026_06_21_merged.mat,TEST,2,38899,12901,645.0000000000001,1944.9
R005,CNO,T2_SD_CNO,2026_06_21_merged.mat,TEST,1,38924,12926,646.2500000000001,1946.15
R005,CNO,T2_SD_CNO,2026_06_21_merged.mat,TEST,2,38944,12946,647.2500000000001,1947.15
R005,CNO,T2_SD_CNO,2026_06_21_merged.mat,TEST,2,38945,12947,647.3000000000001,1947.2000000000003
R005,CNO,T2_SD_CNO,2026_06_21_merged.mat,TEST,2,38946,12948,647.3500000000001,1947.2500000000002
R005,CNO,T2_SD_CNO,2026_06_21_merged.mat,TEST,2,38947,12949,647.4000000000001,1947.3000000000002
R005,CNO,T2_SD_CNO,2026_06_21_merged.mat,TEST,2,38948,12950,647.45,1947.3500000000001
R005,CNO,T2_SD_CNO,2026_06_21_merged.mat,TEST,2,38964,12966,648.2500000000001,1948.15
R005,CNO,T2_SD_CNO,2026_06_21_merged.mat,TEST,2,38986,12988,649.3500000000001,1949.2500000000002
R005,CNO,T2_SD_CNO,2026_06_21_merged.mat,OF2,3,39009,12,0.55,1950.4
R005,CNO,T2_SD_CNO,2026_06_21_merged.mat,OF2,3,39010,13,0.6000000000000001,1950.45
R005,CNO,T2_SD_CNO,2026_06_21_merged.mat,OF2,3,39011,14,0.65,1950.5000000000002
R005,CNO,T2_SD_CNO,2026_06_21_merged.mat,OF2,3,39017,20,0.9500000000000001,1950.8000000000002
R005,CNO,T2_SD_CNO,2026_06_21_merged.mat,OF2,3,39018,21,1.0,1950.8500000000001
R005,CNO,T2_SD_CNO,2026_06_21_merged.mat,OF2,3,39019,22,1.05,1950.9
R005,CNO,T2_SD_CNO,2026_06_21_merged.mat,OF2,3,39020,23,1.1,1950.95
R005,CNO,T2_SD_CNO,2026_06_21_merged.mat,OF2,4,39065,68,3.35,1953.2
R005,CNO,T2_SD_CNO,2026_06_21_merged.mat,OF2,1,39072,75,3.7,1953.5500000000002
R005,CNO,T2_SD_CNO,2026_06_21_merged.mat,OF2,1,39073,76,3.75,1953.6000000000001
R005,CNO,T2_SD_CNO,2026_06_21_merged.mat,OF2,3,39091,94,4.65,1954.5000000000002
R005,CNO,T2_SD_CNO,2026_06_21_merged.mat,OF2,3,39092,95,4.7,1954.5500000000002
R005,CNO,T2_SD_CNO,2026_06_21_merged.mat,OF2,3,39093,96,4.75,1954.6000000000001
R005,CNO,T2_SD_CNO,2026_06_21_merged.mat,OF2,3,39094,97,4.800000000000001,1954.65
R005,CNO,T2_SD_CNO,2026_06_21_merged.mat,OF2,3,39095,98,4.8500000000000005,1954.7
R005,CNO,T2_SD_CNO,2026_06_21_merged.mat,OF2,3,39096,99,4.9,1954.7500000000002
R005,CNO,T2_SD_CNO,2026_06_21_merged.mat,OF2,3,39097,100,4.95,1954.8000000000002
R005,CNO,T2_SD_CNO,2026_06_21_merged.mat,OF2,3,39098,101,5.0,1954.8500000000001
R005,CNO,T2_SD_CNO,2026_06_21_merged.mat,OF2,3,39099,102,5.050000000000001,1954.9
R005,CNO,T2_SD_CNO,2026_06_21_merged.mat,OF2,3,39100,103,5.1000000000000005,1954.95
R005,CNO,T2_SD_CNO,2026_06_21_merged.mat,OF2,3,39101,104,5.15,1955.0000000000002
R005,CNO,T2_SD_CNO,2026_06_21_merged.mat,OF2,3,39102,105,5.2,1955.0500000000002
R005,CNO,T2_SD_CNO,2026_06_21_merged.mat,OF2,3,39103,106,5.25,1955.1000000000001
R005,CNO,T2_SD_CNO,2026_06_21_merged.mat,OF2,3,39104,107,5.300000000000001,1955.15
R005,CNO,T2_SD_CNO,2026_06_21_merged.mat,OF2,3,39105,108,5.3500000000000005,1955.2
R005,CNO,T2_SD_CNO,2026_06_21_merged.mat,OF2,3,39106,109,5.4,1955.2500000000002
R005,CNO,T2_SD_CNO,2026_06_21_merged.mat,OF2,3,39107,110,5.45,1955.3000000000002
R005,CNO,T2_SD_CNO,2026_06_21_merged.mat,OF2,3,39108,111,5.5,1955.3500000000001
R005,CNO,T2_SD_CNO,2026_06_21_merged.mat,OF2,3,39109,112,5.550000000000001,1955.4
R005,CNO,T2_SD_CNO,2026_06_21_merged.mat,OF2,1,39142,145,7.2,1957.0500000000002
R005,CNO,T2_SD_CNO,2026_06_21_merged.mat,OF2,1,39143,146,7.25,1957.1000000000001
R005,CNO,T2_SD_CNO,2026_06_21_merged.mat,OF2,1,39144,147,7.300000000000001,1957.15
R005,CNO,T2_SD_CNO,2026_06_21_merged.mat,OF2,3,39165,168,8.35,1958.2
R005,CNO,T2_SD_CNO,2026_06_21_merged.mat,OF2,3,39182,185,9.200000000000001,1959.0500000000002
R005,CNO,T2_SD_CNO,2026_06_21_merged.mat,OF2,3,39183,186,9.25,1959.1000000000001
R005,CNO,T2_SD_CNO,2026_06_21_merged.mat,OF2,3,39228,231,11.5,1961.3500000000001
R005,CNO,T2_SD_CNO,2026_06_21_merged.mat,OF2,3,39254,257,12.8,1962.65
R005,CNO,T2_SD_CNO,2026_06_21_merged.mat,OF2,3,39268,271,13.5,1963.3500000000001
R005,CNO,T2_SD_CNO,2026_06_21_merged.mat,OF2,1,39274,277,13.8,1963.65
R005,CNO,T2_SD_CNO,2026_06_21_merged.mat,OF2,4,39297,300,14.950000000000001,1964.8000000000002
R005,CNO,T2_SD_CNO,2026_06_21_merged.mat,OF2,3,39306,309,15.4,1965.2500000000002
R005,CNO,T2_SD_CNO,2026_06_21_merged.mat,OF2,3,39307,310,15.450000000000001,1965.3000000000002
R005,CNO,T2_SD_CNO,2026_06_21_merged.mat,OF2,3,39308,311,15.5,1965.3500000000001
R005,CNO,T2_SD_CNO,2026_06_21_merged.mat,OF2,3,39309,312,15.55,1965.4
R005,CNO,T2_SD_CNO,2026_06_21_merged.mat,OF2,3,39310,313,15.600000000000001,1965.45
R005,CNO,T2_SD_CNO,2026_06_21_merged.mat,OF2,1,39321,324,16.150000000000002,1966.0000000000002
R005,CNO,T2_SD_CNO,2026_06_21_merged.mat,OF2,1,39322,325,16.2,1966.0500000000002
R005,CNO,T2_SD_CNO,2026_06_21_merged.mat,OF2,1,39323,326,16.25,1966.1000000000001
R005,CNO,T2_SD_CNO,2026_06_21_merged.mat,OF2,1,39324,327,16.3,1966.15
R005,CNO,T2_SD_CNO,2026_06_21_merged.mat,OF2,1,39325,328,16.35,1966.2
R005,CNO,T2_SD_CNO,2026_06_21_merged.mat,OF2,1,39351,354,17.650000000000002,1967.5000000000002
R005,CNO,T2_SD_CNO,2026_06_21_merged.mat,OF2,3,39379,382,19.05,1968.9
R005,CNO,T2_SD_CNO,2026_06_21_merged.mat,OF2,3,39430,433,21.6,1971.45
R005,CNO,T2_SD_CNO,2026_06_21_merged.mat,OF2,3,39431,434,21.650000000000002,1971.5000000000002
R005,CNO,T2_SD_CNO,2026_06_21_merged.mat,OF2,3,39432,435,21.700000000000003,1971.5500000000002
R005,CNO,T2_SD_CNO,2026_06_21_merged.mat,OF2,3,39433,436,21.75,1971.6000000000001
R005,CNO,T2_SD_CNO,2026_06_21_merged.mat,OF2,3,39434,437,21.8,1971.65
R005,CNO,T2_SD_CNO,2026_06_21_merged.mat,OF2,3,39435,438,21.85,1971.7
R005,CNO,T2_SD_CNO,2026_06_21_merged.mat,OF2,3,39436,439,21.900000000000002,1971.7500000000002
R005,CNO,T2_SD_CNO,2026_06_21_merged.mat,OF2,3,39437,440,21.950000000000003,1971.8000000000002
R005,CNO,T2_SD_CNO,2026_06_21_merged.mat,OF2,3,39438,441,22.0,1971.8500000000001
R005,CNO,T2_SD_CNO,2026_06_21_merged.mat,OF2,3,39447,450,22.450000000000003,1972.3000000000002
R005,CNO,T2_SD_CNO,2026_06_21_merged.mat,OF2,3,39448,451,22.5,1972.3500000000001
R005,CNO,T2_SD_CNO,2026_06_21_merged.mat,OF2,3,39449,452,22.55,1972.4
R005,CNO,T2_SD_CNO,2026_06_21_merged.mat,OF2,3,39450,453,22.6,1972.45
R005,CNO,T2_SD_CNO,2026_06_21_merged.mat,OF2,3,39451,454,22.650000000000002,1972.5000000000002
R005,CNO,T2_SD_CNO,2026_06_21_merged.mat,OF2,3,39452,455,22.700000000000003,1972.5500000000002
R005,CNO,T2_SD_CNO,2026_06_21_merged.mat,OF2,3,39453,456,22.75,1972.6000000000001
R005,CNO,T2_SD_CNO,2026_06_21_merged.mat,OF2,3,39454,457,22.8,1972.65
R005,CNO,T2_SD_CNO,2026_06_21_merged.mat,OF2,3,39463,466,23.25,1973.1000000000001
R005,CNO,T2_SD_CNO,2026_06_21_merged.mat,OF2,3,39464,467,23.3,1973.15
R005,CNO,T2_SD_CNO,2026_06_21_merged.mat,OF2,3,39465,468,23.35,1973.2
R005,CNO,T2_SD_CNO,2026_06_21_merged.mat,OF2,3,39466,469,23.400000000000002,1973.2500000000002
R005,CNO,T2_SD_CNO,2026_06_21_merged.mat,OF2,3,39467,470,23.450000000000003,1973.3000000000002
R005,CNO,T2_SD_CNO,2026_06_21_merged.mat,OF2,3,39468,471,23.5,1973.3500000000001
R005,CNO,T2_SD_CNO,2026_06_21_merged.mat,OF2,3,39469,472,23.55,1973.4
R005,CNO,T2_SD_CNO,2026_06_21_merged.mat,OF2,3,39470,473,23.6,1973.45
R005,CNO,T2_SD_CNO,2026_06_21_merged.mat,OF2,3,39471,474,23.650000000000002,1973.5000000000002
R005,CNO,T2_SD_CNO,2026_06_21_merged.mat,OF2,3,39472,475,23.700000000000003,1973.5500000000002
R005,CNO,T2_SD_CNO,2026_06_21_merged.mat,OF2,3,39473,476,23.75,1973.6000000000001
R005,CNO,T2_SD_CNO,2026_06_21_merged.mat,OF2,3,39474,477,23.8,1973.65
R005,CNO,T2_SD_CNO,2026_06_21_merged.mat,OF2,3,39475,478,23.85,1973.7
R005,CNO,T2_SD_CNO,2026_06_21_merged.mat,OF2,3,39476,479,23.900000000000002,1973.7500000000002
R005,CNO,T2_SD_CNO,2026_06_21_merged.mat,OF2,3,39478,481,24.0,1973.8500000000001
R005,CNO,T2_SD_CNO,2026_06_21_merged.mat,OF2,3,39479,482,24.05,1973.9
R005,CNO,T2_SD_CNO,2026_06_21_merged.mat,OF2,3,39484,487,24.3,1974.15
R005,CNO,T2_SD_CNO,2026_06_21_merged.mat,OF2,3,39492,495,24.700000000000003,1974.5500000000002
R005,CNO,T2_SD_CNO,2026_06_21_merged.mat,OF2,3,39493,496,24.75,1974.6000000000001
R005,CNO,T2_SD_CNO,2026_06_21_merged.mat,OF2,1,39571,574,28.650000000000002,1978.5000000000002
R005,CNO,T2_SD_CNO,2026_06_21_merged.mat,OF2,1,39572,575,28.700000000000003,1978.5500000000002
R005,CNO,T2_SD_CNO,2026_06_21_merged.mat,OF2,1,39573,576,28.75,1978.6000000000001
R005,CNO,T2_SD_CNO,2026_06_21_merged.mat,OF2,3,39644,647,32.300000000000004,1982.15
R005,CNO,T2_SD_CNO,2026_06_21_merged.mat,OF2,3,39691,694,34.65,1984.5000000000002
R005,CNO,T2_SD_CNO,2026_06_21_merged.mat,OF2,3,39692,695,34.7,1984.5500000000002
R005,CNO,T2_SD_CNO,2026_06_21_merged.mat,OF2,2,39728,731,36.5,1986.3500000000001
R005,CNO,T2_SD_CNO,2026_06_21_merged.mat,OF2,3,39749,752,37.550000000000004,1987.4
R005,CNO,T2_SD_CNO,2026_06_21_merged.mat,OF2,3,39750,753,37.6,1987.45
R005,CNO,T2_SD_CNO,2026_06_21_merged.mat,OF2,1,39770,773,38.6,1988.45
R005,CNO,T2_SD_CNO,2026_06_21_merged.mat,OF2,1,39771,774,38.650000000000006,1988.5000000000002
R005,CNO,T2_SD_CNO,2026_06_21_merged.mat,OF2,1,39772,775,38.7,1988.5500000000002
R005,CNO,T2_SD_CNO,2026_06_21_merged.mat,OF2,1,39773,776,38.75,1988.6000000000001
R005,CNO,T2_SD_CNO,2026_06_21_merged.mat,OF2,1,39774,777,38.800000000000004,1988.65
R005,CNO,T2_SD_CNO,2026_06_21_merged.mat,OF2,3,39795,798,39.85,1989.7
R005,CNO,T2_SD_CNO,2026_06_21_merged.mat,OF2,3,39796,799,39.900000000000006,1989.7500000000002
R005,CNO,T2_SD_CNO,2026_06_21_merged.mat,OF2,3,39797,800,39.95,1989.8000000000002
R005,CNO,T2_SD_CNO,2026_06_21_merged.mat,OF2,3,39798,801,40.0,1989.8500000000001
R005,CNO,T2_SD_CNO,2026_06_21_merged.mat,OF2,3,39799,802,40.050000000000004,1989.9
R005,CNO,T2_SD_CNO,2026_06_21_merged.mat,OF2,3,39800,803,40.1,1989.95
R005,CNO,T2_SD_CNO,2026_06_21_merged.mat,OF2,4,39801,804,40.150000000000006,1990.0000000000002
R005,CNO,T2_SD_CNO,2026_06_21_merged.mat,OF2,4,39846,849,42.400000000000006,1992.2500000000002
R005,CNO,T2_SD_CNO,2026_06_21_merged.mat,OF2,4,39847,850,42.45,1992.3000000000002
R005,CNO,T2_SD_CNO,2026_06_21_merged.mat,OF2,4,39848,851,42.5,1992.3500000000001
R005,CNO,T2_SD_CNO,2026_06_21_merged.mat,OF2,3,39874,877,43.800000000000004,1993.65
R005,CNO,T2_SD_CNO,2026_06_21_merged.mat,OF2,4,39944,947,47.300000000000004,1997.15
R005,CNO,T2_SD_CNO,2026_06_21_merged.mat,OF2,3,39945,948,47.35,1997.2
R005,CNO,T2_SD_CNO,2026_06_21_merged.mat,OF2,3,39947,950,47.45,1997.3000000000002
R005,CNO,T2_SD_CNO,2026_06_21_merged.mat,OF2,3,39948,951,47.5,1997.3500000000001
R005,CNO,T2_SD_CNO,2026_06_21_merged.mat,OF2,1,39962,965,48.2,1998.0500000000002
R005,CNO,T2_SD_CNO,2026_06_21_merged.mat,OF2,2,39983,986,49.25,1999.1000000000001
R005,CNO,T2_SD_CNO,2026_06_21_merged.mat,OF2,2,39984,987,49.300000000000004,1999.15
R005,CNO,T2_SD_CNO,2026_06_21_merged.mat,OF2,3,40033,1036,51.75,2001.6000000000001
R005,CNO,T2_SD_CNO,2026_06_21_merged.mat,OF2,3,40034,1037,51.800000000000004,2001.65
R005,CNO,T2_SD_CNO,2026_06_21_merged.mat,OF2,3,40043,1046,52.25,2002.1000000000001
R005,CNO,T2_SD_CNO,2026_06_21_merged.mat,OF2,3,40044,1047,52.300000000000004,2002.15
R005,CNO,T2_SD_CNO,2026_06_21_merged.mat,OF2,3,40045,1048,52.35,2002.2
R005,CNO,T2_SD_CNO,2026_06_21_merged.mat,OF2,3,40046,1049,52.400000000000006,2002.2500000000002
R005,CNO,T2_SD_CNO,2026_06_21_merged.mat,OF2,3,40047,1050,52.45,2002.3000000000002
R005,CNO,T2_SD_CNO,2026_06_21_merged.mat,OF2,1,40110,1113,55.6,2005.45
R005,CNO,T2_SD_CNO,2026_06_21_merged.mat,OF2,1,40111,1114,55.650000000000006,2005.5000000000002
R005,CNO,T2_SD_CNO,2026_06_21_merged.mat,OF2,2,40141,1144,57.150000000000006,2007.0000000000002
R005,CNO,T2_SD_CNO,2026_06_21_merged.mat,OF2,1,40143,1146,57.25,2007.1000000000001
R005,CNO,T2_SD_CNO,2026_06_21_merged.mat,OF2,3,40156,1159,57.900000000000006,2007.7500000000002
R005,CNO,T2_SD_CNO,2026_06_21_merged.mat,OF2,3,40157,1160,57.95,2007.8000000000002
R005,CNO,T2_SD_CNO,2026_06_21_merged.mat,OF2,3,40158,1161,58.0,2007.8500000000001
R005,CNO,T2_SD_CNO,2026_06_21_merged.mat,OF2,3,40159,1162,58.050000000000004,2007.9
R005,CNO,T2_SD_CNO,2026_06_21_merged.mat,OF2,3,40160,1163,58.1,2007.95
R005,CNO,T2_SD_CNO,2026_06_21_merged.mat,OF2,3,40161,1164,58.150000000000006,2008.0000000000002
R005,CNO,T2_SD_CNO,2026_06_21_merged.mat,OF2,3,40162,1165,58.2,2008.0500000000002
R005,CNO,T2_SD_CNO,2026_06_21_merged.mat,OF2,3,40163,1166,58.25,2008.1000000000001
R005,CNO,T2_SD_CNO,2026_06_21_merged.mat,OF2,3,40169,1172,58.550000000000004,2008.4
R005,CNO,T2_SD_CNO,2026_06_21_merged.mat,OF2,3,40170,1173,58.6,2008.45
R005,CNO,T2_SD_CNO,2026_06_21_merged.mat,OF2,3,40171,1174,58.650000000000006,2008.5000000000002
R005,CNO,T2_SD_CNO,2026_06_21_merged.mat,OF2,3,40238,1241,62.0,2011.8500000000001
R005,CNO,T2_SD_CNO,2026_06_21_merged.mat,OF2,3,40239,1242,62.050000000000004,2011.9
R005,CNO,T2_SD_CNO,2026_06_21_merged.mat,OF2,3,40240,1243,62.1,2011.95
R005,CNO,T2_SD_CNO,2026_06_21_merged.mat,OF2,3,40241,1244,62.150000000000006,2012.0000000000002
R005,CNO,T2_SD_CNO,2026_06_21_merged.mat,OF2,3,40242,1245,62.2,2012.0500000000002
R005,CNO,T2_SD_CNO,2026_06_21_merged.mat,OF2,1,40263,1266,63.25,2013.1000000000001
R005,CNO,T2_SD_CNO,2026_06_21_merged.mat,OF2,1,40264,1267,63.300000000000004,2013.15
R005,CNO,T2_SD_CNO,2026_06_21_merged.mat,OF2,1,40265,1268,63.35,2013.2
R005,CNO,T2_SD_CNO,2026_06_21_merged.mat,OF2,1,40266,1269,63.400000000000006,2013.2500000000002
R005,CNO,T2_SD_CNO,2026_06_21_merged.mat,OF2,1,40267,1270,63.45,2013.3000000000002
R005,CNO,T2_SD_CNO,2026_06_21_merged.mat,OF2,3,40287,1290,64.45,2014.3000000000002
R005,CNO,T2_SD_CNO,2026_06_21_merged.mat,OF2,3,40288,1291,64.5,2014.3500000000001
R005,CNO,T2_SD_CNO,2026_06_21_merged.mat,OF2,3,40289,1292,64.55,2014.4
R005,CNO,T2_SD_CNO,2026_06_21_merged.mat,OF2,3,40290,1293,64.60000000000001,2014.45
R005,CNO,T2_SD_CNO,2026_06_21_merged.mat,OF2,3,40322,1325,66.2,2016.0500000000002
R005,CNO,T2_SD_CNO,2026_06_21_merged.mat,OF2,1,40340,1343,67.10000000000001,2016.95
R005,CNO,T2_SD_CNO,2026_06_21_merged.mat,OF2,1,40341,1344,67.15,2017.0000000000002
R005,CNO,T2_SD_CNO,2026_06_21_merged.mat,OF2,1,40342,1345,67.2,2017.0500000000002
R005,CNO,T2_SD_CNO,2026_06_21_merged.mat,OF2,1,40344,1347,67.3,2017.15
R005,CNO,T2_SD_CNO,2026_06_21_merged.mat,OF2,2,40353,1356,67.75,2017.6000000000001
R005,CNO,T2_SD_CNO,2026_06_21_merged.mat,OF2,2,40354,1357,67.8,2017.65
R005,CNO,T2_SD_CNO,2026_06_21_merged.mat,OF2,1,40387,1390,69.45,2019.3000000000002
R005,CNO,T2_SD_CNO,2026_06_21_merged.mat,OF2,1,40389,1392,69.55,2019.4
R005,CNO,T2_SD_CNO,2026_06_21_merged.mat,OF2,3,40406,1409,70.4,2020.2500000000002
R005,CNO,T2_SD_CNO,2026_06_21_merged.mat,OF2,3,40407,1410,70.45,2020.3000000000002
R005,CNO,T2_SD_CNO,2026_06_21_merged.mat,OF2,3,40437,1440,71.95,2021.8000000000002
R005,CNO,T2_SD_CNO,2026_06_21_merged.mat,OF2,3,40438,1441,72.0,2021.8500000000001
R005,CNO,T2_SD_CNO,2026_06_21_merged.mat,OF2,3,40439,1442,72.05,2021.9
R005,CNO,T2_SD_CNO,2026_06_21_merged.mat,OF2,3,40454,1457,72.8,2022.65
R005,CNO,T2_SD_CNO,2026_06_21_merged.mat,OF2,3,40481,1484,74.15,2024.0000000000002
R005,CNO,T2_SD_CNO,2026_06_21_merged.mat,OF2,3,40528,1531,76.5,2026.3500000000001
R005,CNO,T2_SD_CNO,2026_06_21_merged.mat,OF2,3,40555,1558,77.85000000000001,2027.7
R005,CNO,T2_SD_CNO,2026_06_21_merged.mat,OF2,3,40556,1559,77.9,2027.7500000000002
R005,CNO,T2_SD_CNO,2026_06_21_merged.mat,OF2,3,40557,1560,77.95,2027.8000000000002
R005,CNO,T2_SD_CNO,2026_06_21_merged.mat,OF2,1,40612,1615,80.7,2030.5500000000002
R005,CNO,T2_SD_CNO,2026_06_21_merged.mat,OF2,1,40613,1616,80.75,2030.6000000000001
R005,CNO,T2_SD_CNO,2026_06_21_merged.mat,OF2,3,40619,1622,81.05000000000001,2030.9
R005,CNO,T2_SD_CNO,2026_06_21_merged.mat,OF2,2,40700,1703,85.10000000000001,2034.95
R005,CNO,T2_SD_CNO,2026_06_21_merged.mat,OF2,2,40701,1704,85.15,2035.0000000000002
R005,CNO,T2_SD_CNO,2026_06_21_merged.mat,OF2,3,40737,1740,86.95,2036.8000000000002
R005,CNO,T2_SD_CNO,2026_06_21_merged.mat,OF2,3,40738,1741,87.0,2036.8500000000001
R005,CNO,T2_SD_CNO,2026_06_21_merged.mat,OF2,3,40739,1742,87.05000000000001,2036.9
R005,CNO,T2_SD_CNO,2026_06_21_merged.mat,OF2,3,40740,1743,87.10000000000001,2036.95
R005,CNO,T2_SD_CNO,2026_06_21_merged.mat,OF2,3,40741,1744,87.15,2037.0000000000002
R005,CNO,T2_SD_CNO,2026_06_21_merged.mat,OF2,3,40742,1745,87.2,2037.0500000000002
R005,CNO,T2_SD_CNO,2026_06_21_merged.mat,OF2,3,40743,1746,87.25,2037.1000000000001
R005,CNO,T2_SD_CNO,2026_06_21_merged.mat,OF2,3,40800,1803,90.10000000000001,2039.95
R005,CNO,T2_SD_CNO,2026_06_21_merged.mat,OF2,1,40872,1875,93.7,2043.5500000000002
R005,CNO,T2_SD_CNO,2026_06_21_merged.mat,OF2,3,40940,1943,97.10000000000001,2046.95
R005,CNO,T2_SD_CNO,2026_06_21_merged.mat,OF2,3,40941,1944,97.15,2047.0000000000002
R005,CNO,T2_SD_CNO,2026_06_21_merged.mat,OF2,1,40945,1948,97.35000000000001,2047.2
R005,CNO,T2_SD_CNO,2026_06_21_merged.mat,OF2,1,40956,1959,97.9,2047.7500000000002
R005,CNO,T2_SD_CNO,2026_06_21_merged.mat,OF2,1,40957,1960,97.95,2047.8000000000002
R005,CNO,T2_SD_CNO,2026_06_21_merged.mat,OF2,1,40958,1961,98.0,2047.8500000000001
R005,CNO,T2_SD_CNO,2026_06_21_merged.mat,OF2,3,41071,2074,103.65,2053.5
R005,CNO,T2_SD_CNO,2026_06_21_merged.mat,OF2,3,41072,2075,103.7,2053.55
R005,CNO,T2_SD_CNO,2026_06_21_merged.mat,OF2,3,41073,2076,103.75,2053.6000000000004
R005,CNO,T2_SD_CNO,2026_06_21_merged.mat,OF2,3,41168,2171,108.5,2058.3500000000004
R005,CNO,T2_SD_CNO,2026_06_21_merged.mat,OF2,3,41169,2172,108.55000000000001,2058.4
R005,CNO,T2_SD_CNO,2026_06_21_merged.mat,OF2,3,41171,2174,108.65,2058.5
R005,CNO,T2_SD_CNO,2026_06_21_merged.mat,OF2,1,41256,2259,112.9,2062.75
R005,CNO,T2_SD_CNO,2026_06_21_merged.mat,OF2,1,41257,2260,112.95,2062.8
R005,CNO,T2_SD_CNO,2026_06_21_merged.mat,OF2,1,41258,2261,113.0,2062.8500000000004
R005,CNO,T2_SD_CNO,2026_06_21_merged.mat,OF2,1,41259,2262,113.05000000000001,2062.9
R005,CNO,T2_SD_CNO,2026_06_21_merged.mat,OF2,3,41269,2272,113.55000000000001,2063.4
R005,CNO,T2_SD_CNO,2026_06_21_merged.mat,OF2,3,41276,2279,113.9,2063.75
R005,CNO,T2_SD_CNO,2026_06_21_merged.mat,OF2,3,41277,2280,113.95,2063.8
R005,CNO,T2_SD_CNO,2026_06_21_merged.mat,OF2,3,41278,2281,114.0,2063.8500000000004
R005,CNO,T2_SD_CNO,2026_06_21_merged.mat,OF2,3,41279,2282,114.05000000000001,2063.9
R005,CNO,T2_SD_CNO,2026_06_21_merged.mat,OF2,3,41280,2283,114.10000000000001,2063.9500000000003
R005,CNO,T2_SD_CNO,2026_06_21_merged.mat,OF2,3,41281,2284,114.15,2064.0
R005,CNO,T2_SD_CNO,2026_06_21_merged.mat,OF2,3,41282,2285,114.2,2064.05
R005,CNO,T2_SD_CNO,2026_06_21_merged.mat,OF2,3,41283,2286,114.25,2064.1000000000004
R005,CNO,T2_SD_CNO,2026_06_21_merged.mat,OF2,3,41284,2287,114.30000000000001,2064.15
R005,CNO,T2_SD_CNO,2026_06_21_merged.mat,OF2,3,41285,2288,114.35000000000001,2064.2000000000003
R005,CNO,T2_SD_CNO,2026_06_21_merged.mat,OF2,3,41286,2289,114.4,2064.25
R005,CNO,T2_SD_CNO,2026_06_21_merged.mat,OF2,1,41307,2310,115.45,2065.3
R005,CNO,T2_SD_CNO,2026_06_21_merged.mat,OF2,1,41308,2311,115.5,2065.3500000000004
R005,CNO,T2_SD_CNO,2026_06_21_merged.mat,OF2,1,41309,2312,115.55000000000001,2065.4
R005,CNO,T2_SD_CNO,2026_06_21_merged.mat,OF2,1,41310,2313,115.60000000000001,2065.4500000000003
R005,CNO,T2_SD_CNO,2026_06_21_merged.mat,OF2,3,41366,2369,118.4,2068.25
R005,CNO,T2_SD_CNO,2026_06_21_merged.mat,OF2,4,41368,2371,118.5,2068.3500000000004
R005,CNO,T2_SD_CNO,2026_06_21_merged.mat,OF2,3,41422,2425,121.2,2071.05
R005,CNO,T2_SD_CNO,2026_06_21_merged.mat,OF2,3,41423,2426,121.25,2071.1000000000004
R005,CNO,T2_SD_CNO,2026_06_21_merged.mat,OF2,3,41424,2427,121.30000000000001,2071.15
R005,CNO,T2_SD_CNO,2026_06_21_merged.mat,OF2,3,41450,2453,122.60000000000001,2072.4500000000003
R005,CNO,T2_SD_CNO,2026_06_21_merged.mat,OF2,3,41451,2454,122.65,2072.5
R005,CNO,T2_SD_CNO,2026_06_21_merged.mat,OF2,1,41480,2483,124.10000000000001,2073.9500000000003
R005,CNO,T2_SD_CNO,2026_06_21_merged.mat,OF2,1,41481,2484,124.15,2074.0
R005,CNO,T2_SD_CNO,2026_06_21_merged.mat,OF2,1,41482,2485,124.2,2074.05
R005,CNO,T2_SD_CNO,2026_06_21_merged.mat,OF2,1,41492,2495,124.7,2074.55
R005,CNO,T2_SD_CNO,2026_06_21_merged.mat,OF2,1,41493,2496,124.75,2074.6000000000004
R005,CNO,T2_SD_CNO,2026_06_21_merged.mat,OF2,1,41494,2497,124.80000000000001,2074.65
R005,CNO,T2_SD_CNO,2026_06_21_merged.mat,OF2,1,41495,2498,124.85000000000001,2074.7000000000003
R005,CNO,T2_SD_CNO,2026_06_21_merged.mat,OF2,1,41496,2499,124.9,2074.75
R005,CNO,T2_SD_CNO,2026_06_21_merged.mat,OF2,1,41497,2500,124.95,2074.8
R005,CNO,T2_SD_CNO,2026_06_21_merged.mat,OF2,1,41498,2501,125.0,2074.8500000000004
R005,CNO,T2_SD_CNO,2026_06_21_merged.mat,OF2,3,41547,2550,127.45,2077.3
R005,CNO,T2_SD_CNO,2026_06_21_merged.mat,OF2,3,41548,2551,127.5,2077.3500000000004
R005,CNO,T2_SD_CNO,2026_06_21_merged.mat,OF2,1,41556,2559,127.9,2077.75
R005,CNO,T2_SD_CNO,2026_06_21_merged.mat,OF2,4,41597,2600,129.95000000000002,2079.8
R005,CNO,T2_SD_CNO,2026_06_21_merged.mat,OF2,4,41598,2601,130.0,2079.8500000000004
R005,CNO,T2_SD_CNO,2026_06_21_merged.mat,OF2,2,41612,2615,130.70000000000002,2080.55
R005,CNO,T2_SD_CNO,2026_06_21_merged.mat,OF2,2,41613,2616,130.75,2080.6000000000004
R005,CNO,T2_SD_CNO,2026_06_21_merged.mat,OF2,2,41637,2640,131.95000000000002,2081.8
R005,CNO,T2_SD_CNO,2026_06_21_merged.mat,OF2,2,41641,2644,132.15,2082.0
R005,CNO,T2_SD_CNO,2026_06_21_merged.mat,OF2,2,41642,2645,132.20000000000002,2082.05
R005,CNO,T2_SD_CNO,2026_06_21_merged.mat,OF2,3,41674,2677,133.8,2083.65
R005,CNO,T2_SD_CNO,2026_06_21_merged.mat,OF2,3,41684,2687,134.3,2084.15
R005,CNO,T2_SD_CNO,2026_06_21_merged.mat,OF2,3,41685,2688,134.35,2084.2000000000003
R005,CNO,T2_SD_CNO,2026_06_21_merged.mat,OF2,3,41686,2689,134.4,2084.25
R005,CNO,T2_SD_CNO,2026_06_21_merged.mat,OF2,3,41687,2690,134.45000000000002,2084.3
R005,CNO,T2_SD_CNO,2026_06_21_merged.mat,OF2,3,41688,2691,134.5,2084.3500000000004
R005,CNO,T2_SD_CNO,2026_06_21_merged.mat,OF2,3,41689,2692,134.55,2084.4
R005,CNO,T2_SD_CNO,2026_06_21_merged.mat,OF2,3,41690,2693,134.6,2084.4500000000003
R005,CNO,T2_SD_CNO,2026_06_21_merged.mat,OF2,2,41723,2726,136.25,2086.1000000000004
R005,CNO,T2_SD_CNO,2026_06_21_merged.mat,OF2,2,41724,2727,136.3,2086.15
R005,CNO,T2_SD_CNO,2026_06_21_merged.mat,OF2,2,41725,2728,136.35,2086.2000000000003
R005,CNO,T2_SD_CNO,2026_06_21_merged.mat,OF2,1,41781,2784,139.15,2089.0
R005,CNO,T2_SD_CNO,2026_06_21_merged.mat,OF2,3,41799,2802,140.05,2089.9
R005,CNO,T2_SD_CNO,2026_06_21_merged.mat,OF2,3,41800,2803,140.1,2089.9500000000003
R005,CNO,T2_SD_CNO,2026_06_21_merged.mat,OF2,3,41801,2804,140.15,2090.0
R005,CNO,T2_SD_CNO,2026_06_21_merged.mat,OF2,1,41815,2818,140.85,2090.7000000000003
R005,CNO,T2_SD_CNO,2026_06_21_merged.mat,OF2,1,41816,2819,140.9,2090.75
R005,CNO,T2_SD_CNO,2026_06_21_merged.mat,OF2,1,41867,2870,143.45000000000002,2093.3
R005,CNO,T2_SD_CNO,2026_06_21_merged.mat,OF2,1,41868,2871,143.5,2093.3500000000004
R005,CNO,T2_SD_CNO,2026_06_21_merged.mat,OF2,1,41869,2872,143.55,2093.4
R005,CNO,T2_SD_CNO,2026_06_21_merged.mat,OF2,1,41870,2873,143.6,2093.4500000000003
R005,CNO,T2_SD_CNO,2026_06_21_merged.mat,OF2,2,41879,2882,144.05,2093.9
R005,CNO,T2_SD_CNO,2026_06_21_merged.mat,OF2,2,41880,2883,144.1,2093.9500000000003
R005,CNO,T2_SD_CNO,2026_06_21_merged.mat,OF2,2,41881,2884,144.15,2094.0
R005,CNO,T2_SD_CNO,2026_06_21_merged.mat,OF2,2,41882,2885,144.20000000000002,2094.05
R005,CNO,T2_SD_CNO,2026_06_21_merged.mat,OF2,3,41951,2954,147.65,2097.5
R005,CNO,T2_SD_CNO,2026_06_21_merged.mat,OF2,3,41952,2955,147.70000000000002,2097.55
R005,CNO,T2_SD_CNO,2026_06_21_merged.mat,OF2,3,41953,2956,147.75,2097.6000000000004
R005,CNO,T2_SD_CNO,2026_06_21_merged.mat,OF2,3,41954,2957,147.8,2097.65
R005,CNO,T2_SD_CNO,2026_06_21_merged.mat,OF2,2,41990,2993,149.6,2099.4500000000003
R005,CNO,T2_SD_CNO,2026_06_21_merged.mat,OF2,2,41997,3000,149.95000000000002,2099.8
R005,CNO,T2_SD_CNO,2026_06_21_merged.mat,OF2,2,41998,3001,150.0,2099.8500000000004
R005,CNO,T2_SD_CNO,2026_06_21_merged.mat,OF2,2,41999,3002,150.05,2099.9
R005,CNO,T2_SD_CNO,2026_06_21_merged.mat,OF2,2,42028,3031,151.5,2101.3500000000004
R005,CNO,T2_SD_CNO,2026_06_21_merged.mat,OF2,2,42029,3032,151.55,2101.4
R005,CNO,T2_SD_CNO,2026_06_21_merged.mat,OF2,2,42030,3033,151.6,2101.4500000000003
R005,CNO,T2_SD_CNO,2026_06_21_merged.mat,OF2,2,42038,3041,152.0,2101.8500000000004
R005,CNO,T2_SD_CNO,2026_06_21_merged.mat,OF2,2,42039,3042,152.05,2101.9
R005,CNO,T2_SD_CNO,2026_06_21_merged.mat,OF2,2,42040,3043,152.1,2101.9500000000003
R005,CNO,T2_SD_CNO,2026_06_21_merged.mat,OF2,2,42041,3044,152.15,2102.0
R005,CNO,T2_SD_CNO,2026_06_21_merged.mat,OF2,2,42134,3137,156.8,2106.65
R005,CNO,T2_SD_CNO,2026_06_21_merged.mat,OF2,2,42135,3138,156.85000000000002,2106.7000000000003
R005,CNO,T2_SD_CNO,2026_06_21_merged.mat,OF2,2,42136,3139,156.9,2106.75
R005,CNO,T2_SD_CNO,2026_06_21_merged.mat,OF2,2,42137,3140,156.95000000000002,2106.8
R005,CNO,T2_SD_CNO,2026_06_21_merged.mat,OF2,2,42138,3141,157.0,2106.8500000000004
R005,CNO,T2_SD_CNO,2026_06_21_merged.mat,OF2,2,42141,3144,157.15,2107.0
R005,CNO,T2_SD_CNO,2026_06_21_merged.mat,OF2,2,42142,3145,157.20000000000002,2107.05
R005,CNO,T2_SD_CNO,2026_06_21_merged.mat,OF2,2,42143,3146,157.25,2107.1000000000004
R005,CNO,T2_SD_CNO,2026_06_21_merged.mat,OF2,2,42144,3147,157.3,2107.15
R005,CNO,T2_SD_CNO,2026_06_21_merged.mat,OF2,2,42171,3174,158.65,2108.5
R005,CNO,T2_SD_CNO,2026_06_21_merged.mat,OF2,2,42205,3208,160.35000000000002,2110.2000000000003
R005,CNO,T2_SD_CNO,2026_06_21_merged.mat,OF2,2,42206,3209,160.4,2110.25
R005,CNO,T2_SD_CNO,2026_06_21_merged.mat,OF2,2,42254,3257,162.8,2112.65
R005,CNO,T2_SD_CNO,2026_06_21_merged.mat,OF2,2,42255,3258,162.85000000000002,2112.7000000000003
R005,CNO,T2_SD_CNO,2026_06_21_merged.mat,OF2,2,42256,3259,162.9,2112.75
R005,CNO,T2_SD_CNO,2026_06_21_merged.mat,OF2,2,42257,3260,162.95000000000002,2112.8
R005,CNO,T2_SD_CNO,2026_06_21_merged.mat,OF2,1,42391,3394,169.65,2119.5
R005,CNO,T2_SD_CNO,2026_06_21_merged.mat,OF2,1,42392,3395,169.70000000000002,2119.55
R005,CNO,T2_SD_CNO,2026_06_21_merged.mat,OF2,1,42393,3396,169.75,2119.6000000000004
R005,CNO,T2_SD_CNO,2026_06_21_merged.mat,OF2,1,42394,3397,169.8,2119.65
R005,CNO,T2_SD_CNO,2026_06_21_merged.mat,OF2,1,42395,3398,169.85000000000002,2119.7000000000003
R005,CNO,T2_SD_CNO,2026_06_21_merged.mat,OF2,1,42476,3479,173.9,2123.75
R005,CNO,T2_SD_CNO,2026_06_21_merged.mat,OF2,3,42491,3494,174.65,2124.5
R005,CNO,T2_SD_CNO,2026_06_21_merged.mat,OF2,2,42544,3547,177.3,2127.15
R005,CNO,T2_SD_CNO,2026_06_21_merged.mat,OF2,2,42545,3548,177.35000000000002,2127.2000000000003
R005,CNO,T2_SD_CNO,2026_06_21_merged.mat,OF2,3,42569,3572,178.55,2128.4
R005,CNO,T2_SD_CNO,2026_06_21_merged.mat,OF2,3,42570,3573,178.60000000000002,2128.4500000000003
R005,CNO,T2_SD_CNO,2026_06_21_merged.mat,OF2,3,42571,3574,178.65,2128.5
R005,CNO,T2_SD_CNO,2026_06_21_merged.mat,OF2,1,42584,3587,179.3,2129.15
R005,CNO,T2_SD_CNO,2026_06_21_merged.mat,OF2,1,42585,3588,179.35000000000002,2129.2000000000003
R005,CNO,T2_SD_CNO,2026_06_21_merged.mat,OF2,1,42586,3589,179.4,2129.25
R005,CNO,T2_SD_CNO,2026_06_21_merged.mat,OF2,1,42587,3590,179.45000000000002,2129.3
R005,CNO,T2_SD_CNO,2026_06_21_merged.mat,OF2,1,42588,3591,179.5,2129.3500000000004
R005,CNO,T2_SD_CNO,2026_06_21_merged.mat,OF2,1,42637,3640,181.95000000000002,2131.8
R005,CNO,T2_SD_CNO,2026_06_21_merged.mat,OF2,1,42660,3663,183.10000000000002,2132.9500000000003
R005,CNO,T2_SD_CNO,2026_06_21_merged.mat,OF2,1,42716,3719,185.9,2135.75
R005,CNO,T2_SD_CNO,2026_06_21_merged.mat,OF2,1,42717,3720,185.95000000000002,2135.8
R005,CNO,T2_SD_CNO,2026_06_21_merged.mat,OF2,1,42718,3721,186.0,2135.8500000000004
R005,CNO,T2_SD_CNO,2026_06_21_merged.mat,OF2,2,42720,3723,186.10000000000002,2135.9500000000003
R005,CNO,T2_SD_CNO,2026_06_21_merged.mat,OF2,1,42764,3767,188.3,2138.15
R005,CNO,T2_SD_CNO,2026_06_21_merged.mat,OF2,1,42765,3768,188.35000000000002,2138.2000000000003
R005,CNO,T2_SD_CNO,2026_06_21_merged.mat,OF2,1,42817,3820,190.95000000000002,2140.8
R005,CNO,T2_SD_CNO,2026_06_21_merged.mat,OF2,1,42893,3896,194.75,2144.6000000000004
R005,CNO,T2_SD_CNO,2026_06_21_merged.mat,OF2,3,43002,4005,200.20000000000002,2150.05
R005,CNO,T2_SD_CNO,2026_06_21_merged.mat,OF2,3,43034,4037,201.8,2151.65
R005,CNO,T2_SD_CNO,2026_06_21_merged.mat,OF2,3,43035,4038,201.85000000000002,2151.7000000000003
R005,CNO,T2_SD_CNO,2026_06_21_merged.mat,OF2,3,43056,4059,202.9,2152.75
R005,CNO,T2_SD_CNO,2026_06_21_merged.mat,OF2,3,43092,4095,204.70000000000002,2154.55
R005,CNO,T2_SD_CNO,2026_06_21_merged.mat,OF2,3,43157,4160,207.95000000000002,2157.8
R005,CNO,T2_SD_CNO,2026_06_21_merged.mat,OF2,3,43158,4161,208.0,2157.8500000000004
R005,CNO,T2_SD_CNO,2026_06_21_merged.mat,OF2,3,43159,4162,208.05,2157.9
R005,CNO,T2_SD_CNO,2026_06_21_merged.mat,OF2,3,43160,4163,208.10000000000002,2157.9500000000003
R005,CNO,T2_SD_CNO,2026_06_21_merged.mat,OF2,3,43193,4196,209.75,2159.6000000000004
R005,CNO,T2_SD_CNO,2026_06_21_merged.mat,OF2,3,43207,4210,210.45000000000002,2160.3
R005,CNO,T2_SD_CNO,2026_06_21_merged.mat,OF2,3,43208,4211,210.5,2160.3500000000004
R005,CNO,T2_SD_CNO,2026_06_21_merged.mat,OF2,3,43209,4212,210.55,2160.4
R005,CNO,T2_SD_CNO,2026_06_21_merged.mat,OF2,3,43234,4237,211.8,2161.65
R005,CNO,T2_SD_CNO,2026_06_21_merged.mat,OF2,3,43235,4238,211.85000000000002,2161.7000000000003
R005,CNO,T2_SD_CNO,2026_06_21_merged.mat,OF2,3,43236,4239,211.9,2161.75
R005,CNO,T2_SD_CNO,2026_06_21_merged.mat,OF2,3,43237,4240,211.95000000000002,2161.8
R005,CNO,T2_SD_CNO,2026_06_21_merged.mat,OF2,2,43254,4257,212.8,2162.65
R005,CNO,T2_SD_CNO,2026_06_21_merged.mat,OF2,2,43255,4258,212.85000000000002,2162.7000000000003
R005,CNO,T2_SD_CNO,2026_06_21_merged.mat,OF2,1,43279,4282,214.05,2163.9
R005,CNO,T2_SD_CNO,2026_06_21_merged.mat,OF2,1,43281,4284,214.15,2164.0
R005,CNO,T2_SD_CNO,2026_06_21_merged.mat,OF2,1,43297,4300,214.95000000000002,2164.8
R005,CNO,T2_SD_CNO,2026_06_21_merged.mat,OF2,2,43320,4323,216.10000000000002,2165.9500000000003
R005,CNO,T2_SD_CNO,2026_06_21_merged.mat,OF2,2,43321,4324,216.15,2166.0
R005,CNO,T2_SD_CNO,2026_06_21_merged.mat,OF2,2,43322,4325,216.20000000000002,2166.05
R005,CNO,T2_SD_CNO,2026_06_21_merged.mat,OF2,2,43323,4326,216.25,2166.1000000000004
R005,CNO,T2_SD_CNO,2026_06_21_merged.mat,OF2,2,43324,4327,216.3,2166.15
R005,CNO,T2_SD_CNO,2026_06_21_merged.mat,OF2,2,43325,4328,216.35000000000002,2166.2000000000003
R005,CNO,T2_SD_CNO,2026_06_21_merged.mat,OF2,2,43326,4329,216.4,2166.25
R005,CNO,T2_SD_CNO,2026_06_21_merged.mat,OF2,2,43327,4330,216.45000000000002,2166.3
R005,CNO,T2_SD_CNO,2026_06_21_merged.mat,OF2,3,43383,4386,219.25,2169.1000000000004
R005,CNO,T2_SD_CNO,2026_06_21_merged.mat,OF2,1,43398,4401,220.0,2169.8500000000004
R005,CNO,T2_SD_CNO,2026_06_21_merged.mat,OF2,1,43399,4402,220.05,2169.9
R005,CNO,T2_SD_CNO,2026_06_21_merged.mat,OF2,2,43410,4413,220.60000000000002,2170.4500000000003
R005,CNO,T2_SD_CNO,2026_06_21_merged.mat,OF2,2,43411,4414,220.65,2170.5
R005,CNO,T2_SD_CNO,2026_06_21_merged.mat,OF2,2,43412,4415,220.70000000000002,2170.55
R005,CNO,T2_SD_CNO,2026_06_21_merged.mat,OF2,2,43591,4594,229.65,2179.5
R005,CNO,T2_SD_CNO,2026_06_21_merged.mat,OF2,2,43592,4595,229.70000000000002,2179.55
R005,CNO,T2_SD_CNO,2026_06_21_merged.mat,OF2,2,43788,4791,239.5,2189.3500000000004
R005,CNO,T2_SD_CNO,2026_06_21_merged.mat,OF2,2,43811,4814,240.65,2190.5
R005,CNO,T2_SD_CNO,2026_06_21_merged.mat,OF2,2,43812,4815,240.70000000000002,2190.55
R005,CNO,T2_SD_CNO,2026_06_21_merged.mat,OF2,2,43813,4816,240.75,2190.6000000000004
R005,CNO,T2_SD_CNO,2026_06_21_merged.mat,OF2,2,43814,4817,240.8,2190.65
R005,CNO,T2_SD_CNO,2026_06_21_merged.mat,OF2,2,43841,4844,242.15,2192.0
R005,CNO,T2_SD_CNO,2026_06_21_merged.mat,OF2,2,43842,4845,242.20000000000002,2192.05
R005,CNO,T2_SD_CNO,2026_06_21_merged.mat,OF2,2,43843,4846,242.25,2192.1000000000004
R005,CNO,T2_SD_CNO,2026_06_21_merged.mat,OF2,2,43846,4849,242.4,2192.25
R005,CNO,T2_SD_CNO,2026_06_21_merged.mat,OF2,2,43933,4936,246.75,2196.6000000000004
R005,CNO,T2_SD_CNO,2026_06_21_merged.mat,OF2,2,43934,4937,246.8,2196.65
R005,CNO,T2_SD_CNO,2026_06_21_merged.mat,OF2,2,43935,4938,246.85000000000002,2196.7000000000003
R005,CNO,T2_SD_CNO,2026_06_21_merged.mat,OF2,2,43956,4959,247.9,2197.75
R005,CNO,T2_SD_CNO,2026_06_21_merged.mat,OF2,2,43957,4960,247.95000000000002,2197.8
R005,CNO,T2_SD_CNO,2026_06_21_merged.mat,OF2,2,43958,4961,248.0,2197.8500000000004
R005,CNO,T2_SD_CNO,2026_06_21_merged.mat,OF2,2,43959,4962,248.05,2197.9
R005,CNO,T2_SD_CNO,2026_06_21_merged.mat,OF2,2,43976,4979,248.9,2198.75
R005,CNO,T2_SD_CNO,2026_06_21_merged.mat,OF2,2,43989,4992,249.55,2199.4
R005,CNO,T2_SD_CNO,2026_06_21_merged.mat,OF2,2,43990,4993,249.60000000000002,2199.4500000000003
R005,CNO,T2_SD_CNO,2026_06_21_merged.mat,OF2,2,44062,5065,253.20000000000002,2203.05
R005,CNO,T2_SD_CNO,2026_06_21_merged.mat,OF2,2,44063,5066,253.25,2203.1000000000004
R005,CNO,T2_SD_CNO,2026_06_21_merged.mat,OF2,2,44064,5067,253.3,2203.15
R005,CNO,T2_SD_CNO,2026_06_21_merged.mat,OF2,2,44076,5079,253.9,2203.75
R005,CNO,T2_SD_CNO,2026_06_21_merged.mat,OF2,2,44077,5080,253.95000000000002,2203.8
R005,CNO,T2_SD_CNO,2026_06_21_merged.mat,OF2,2,44078,5081,254.0,2203.8500000000004
R005,CNO,T2_SD_CNO,2026_06_21_merged.mat,OF2,3,44113,5116,255.75,2205.6000000000004
R005,CNO,T2_SD_CNO,2026_06_21_merged.mat,OF2,3,44114,5117,255.8,2205.65
R005,CNO,T2_SD_CNO,2026_06_21_merged.mat,OF2,3,44115,5118,255.85000000000002,2205.7000000000003
R005,CNO,T2_SD_CNO,2026_06_21_merged.mat,OF2,3,44116,5119,255.9,2205.75
R005,CNO,T2_SD_CNO,2026_06_21_merged.mat,OF2,2,44147,5150,257.45,2207.3
R005,CNO,T2_SD_CNO,2026_06_21_merged.mat,OF2,2,44148,5151,257.5,2207.3500000000004
R005,CNO,T2_SD_CNO,2026_06_21_merged.mat,OF2,2,44156,5159,257.90000000000003,2207.75
R005,CNO,T2_SD_CNO,2026_06_21_merged.mat,OF2,2,44228,5231,261.5,2211.3500000000004
R005,CNO,T2_SD_CNO,2026_06_21_merged.mat,OF2,2,44229,5232,261.55,2211.4
R005,CNO,T2_SD_CNO,2026_06_21_merged.mat,OF2,2,44230,5233,261.6,2211.4500000000003
R005,CNO,T2_SD_CNO,2026_06_21_merged.mat,OF2,2,44231,5234,261.65000000000003,2211.5
R005,CNO,T2_SD_CNO,2026_06_21_merged.mat,OF2,2,44232,5235,261.7,2211.55
R005,CNO,T2_SD_CNO,2026_06_21_merged.mat,OF2,2,44233,5236,261.75,2211.6000000000004
R005,CNO,T2_SD_CNO,2026_06_21_merged.mat,OF2,2,44234,5237,261.8,2211.65
R005,CNO,T2_SD_CNO,2026_06_21_merged.mat,OF2,2,44235,5238,261.85,2211.7000000000003
R005,CNO,T2_SD_CNO,2026_06_21_merged.mat,OF2,2,44258,5261,263.0,2212.8500000000004
R005,CNO,T2_SD_CNO,2026_06_21_merged.mat,OF2,2,44259,5262,263.05,2212.9
R005,CNO,T2_SD_CNO,2026_06_21_merged.mat,OF2,2,44289,5292,264.55,2214.4
R005,CNO,T2_SD_CNO,2026_06_21_merged.mat,OF2,2,44290,5293,264.6,2214.4500000000003
R005,CNO,T2_SD_CNO,2026_06_21_merged.mat,OF2,2,44291,5294,264.65000000000003,2214.5
R005,CNO,T2_SD_CNO,2026_06_21_merged.mat,OF2,2,44308,5311,265.5,2215.3500000000004
R005,CNO,T2_SD_CNO,2026_06_21_merged.mat,OF2,2,44346,5349,267.40000000000003,2217.25
R005,CNO,T2_SD_CNO,2026_06_21_merged.mat,OF2,2,44354,5357,267.8,2217.65
R005,CNO,T2_SD_CNO,2026_06_21_merged.mat,OF2,2,44355,5358,267.85,2217.7000000000003
R005,CNO,T2_SD_CNO,2026_06_21_merged.mat,OF2,2,44356,5359,267.90000000000003,2217.75
R005,CNO,T2_SD_CNO,2026_06_21_merged.mat,OF2,2,44357,5360,267.95,2217.8
R005,CNO,T2_SD_CNO,2026_06_21_merged.mat,OF2,2,44358,5361,268.0,2217.8500000000004
R005,CNO,T2_SD_CNO,2026_06_21_merged.mat,OF2,2,44359,5362,268.05,2217.9
R005,CNO,T2_SD_CNO,2026_06_21_merged.mat,OF2,2,44360,5363,268.1,2217.9500000000003
R005,CNO,T2_SD_CNO,2026_06_21_merged.mat,OF2,2,44369,5372,268.55,2218.4
R005,CNO,T2_SD_CNO,2026_06_21_merged.mat,OF2,2,44370,5373,268.6,2218.4500000000003
R005,CNO,T2_SD_CNO,2026_06_21_merged.mat,OF2,2,44393,5396,269.75,2219.6000000000004
R005,CNO,T2_SD_CNO,2026_06_21_merged.mat,OF2,2,44394,5397,269.8,2219.65
R005,CNO,T2_SD_CNO,2026_06_21_merged.mat,OF2,2,44395,5398,269.85,2219.7000000000003
R005,CNO,T2_SD_CNO,2026_06_21_merged.mat,OF2,2,44396,5399,269.90000000000003,2219.75
R005,CNO,T2_SD_CNO,2026_06_21_merged.mat,OF2,2,44459,5462,273.05,2222.9
R005,CNO,T2_SD_CNO,2026_06_21_merged.mat,OF2,2,44475,5478,273.85,2223.7000000000003
R005,CNO,T2_SD_CNO,2026_06_21_merged.mat,OF2,2,44476,5479,273.90000000000003,2223.75
R005,CNO,T2_SD_CNO,2026_06_21_merged.mat,OF2,2,44477,5480,273.95,2223.8
R005,CNO,T2_SD_CNO,2026_06_21_merged.mat,OF2,2,44478,5481,274.0,2223.8500000000004
R005,CNO,T2_SD_CNO,2026_06_21_merged.mat,OF2,2,44479,5482,274.05,2223.9
R005,CNO,T2_SD_CNO,2026_06_21_merged.mat,OF2,2,44494,5497,274.8,2224.65
R005,CNO,T2_SD_CNO,2026_06_21_merged.mat,OF2,2,44495,5498,274.85,2224.7000000000003
R005,CNO,T2_SD_CNO,2026_06_21_merged.mat,OF2,2,44530,5533,276.6,2226.4500000000003
R005,CNO,T2_SD_CNO,2026_06_21_merged.mat,OF2,2,44531,5534,276.65000000000003,2226.5
R005,CNO,T2_SD_CNO,2026_06_21_merged.mat,OF2,3,44569,5572,278.55,2228.4
R005,CNO,T2_SD_CNO,2026_06_21_merged.mat,OF2,2,44579,5582,279.05,2228.9
R005,CNO,T2_SD_CNO,2026_06_21_merged.mat,OF2,2,44626,5629,281.40000000000003,2231.25
R005,CNO,T2_SD_CNO,2026_06_21_merged.mat,OF2,2,44630,5633,281.6,2231.4500000000003
R005,CNO,T2_SD_CNO,2026_06_21_merged.mat,OF2,2,44631,5634,281.65000000000003,2231.5
R005,CNO,T2_SD_CNO,2026_06_21_merged.mat,OF2,2,44632,5635,281.7,2231.55
R005,CNO,T2_SD_CNO,2026_06_21_merged.mat,OF2,2,44633,5636,281.75,2231.6000000000004
R005,CNO,T2_SD_CNO,2026_06_21_merged.mat,OF2,2,44634,5637,281.8,2231.65
R005,CNO,T2_SD_CNO,2026_06_21_merged.mat,OF2,1,44657,5660,282.95,2232.8
R005,CNO,T2_SD_CNO,2026_06_21_merged.mat,OF2,2,44687,5690,284.45,2234.3
R005,CNO,T2_SD_CNO,2026_06_21_merged.mat,OF2,2,44688,5691,284.5,2234.3500000000004
R005,CNO,T2_SD_CNO,2026_06_21_merged.mat,OF2,2,44689,5692,284.55,2234.4
R005,CNO,T2_SD_CNO,2026_06_21_merged.mat,OF2,4,44695,5698,284.85,2234.7000000000003
R005,CNO,T2_SD_CNO,2026_06_21_merged.mat,OF2,2,44724,5727,286.3,2236.15
R005,CNO,T2_SD_CNO,2026_06_21_merged.mat,OF2,2,44725,5728,286.35,2236.2000000000003
R005,CNO,T2_SD_CNO,2026_06_21_merged.mat,OF2,2,44726,5729,286.40000000000003,2236.25
R005,CNO,T2_SD_CNO,2026_06_21_merged.mat,OF2,2,44742,5745,287.2,2237.05
R005,CNO,T2_SD_CNO,2026_06_21_merged.mat,OF2,2,44743,5746,287.25,2237.1000000000004
R005,CNO,T2_SD_CNO,2026_06_21_merged.mat,OF2,2,44744,5747,287.3,2237.15
R005,CNO,T2_SD_CNO,2026_06_21_merged.mat,OF2,2,44745,5748,287.35,2237.2000000000003
R005,CNO,T2_SD_CNO,2026_06_21_merged.mat,OF2,2,44792,5795,289.7,2239.55
R005,CNO,T2_SD_CNO,2026_06_21_merged.mat,OF2,2,44793,5796,289.75,2239.6000000000004
R005,CNO,T2_SD_CNO,2026_06_21_merged.mat,OF2,2,44851,5854,292.65000000000003,2242.5
R005,CNO,T2_SD_CNO,2026_06_21_merged.mat,OF2,2,44852,5855,292.7,2242.55
R005,CNO,T2_SD_CNO,2026_06_21_merged.mat,OF2,2,44853,5856,292.75,2242.6000000000004
R005,CNO,T2_SD_CNO,2026_06_21_merged.mat,OF2,1,44898,5901,295.0,2244.8500000000004
R005,CNO,T2_SD_CNO,2026_06_21_merged.mat,OF2,2,44906,5909,295.40000000000003,2245.25
R005,CNO,T2_SD_CNO,2026_06_21_merged.mat,OF2,2,44907,5910,295.45,2245.3
R005,CNO,T2_SD_CNO,2026_06_21_merged.mat,OF2,2,44908,5911,295.5,2245.3500000000004
R005,CNO,T2_SD_CNO,2026_06_21_merged.mat,OF2,2,44909,5912,295.55,2245.4
R005,CNO,T2_SD_CNO,2026_06_21_merged.mat,OF2,2,44910,5913,295.6,2245.4500000000003
R005,CNO,T2_SD_CNO,2026_06_21_merged.mat,OF2,2,44911,5914,295.65000000000003,2245.5
R005,CNO,T2_SD_CNO,2026_06_21_merged.mat,OF2,2,44953,5956,297.75,2247.6000000000004
R005,CNO,T2_SD_CNO,2026_06_21_merged.mat,OF2,2,44954,5957,297.8,2247.65
R005,CNO,T2_SD_CNO,2026_06_21_merged.mat,OF2,2,44955,5958,297.85,2247.7000000000003
R005,CNO,T2_SD_CNO,2026_06_21_merged.mat,OF2,2,44956,5959,297.90000000000003,2247.75
R005,CNO,T2_SD_CNO,2026_06_21_merged.mat,OF2,2,44957,5960,297.95,2247.8
R005,CNO,T2_SD_CNO,2026_06_21_merged.mat,OF2,2,44958,5961,298.0,2247.8500000000004
R005,CNO,T2_SD_CNO,2026_06_21_merged.mat,OF2,2,44966,5969,298.40000000000003,2248.25
R005,CNO,T2_SD_CNO,2026_06_21_merged.mat,OF2,2,45003,6006,300.25,2250.1000000000004
R005,CNO,T2_SD_CNO,2026_06_21_merged.mat,OF2,2,45004,6007,300.3,2250.15
R005,CNO,T2_SD_CNO,2026_06_21_merged.mat,OF2,2,45005,6008,300.35,2250.2000000000003
R005,CNO,T2_SD_CNO,2026_06_21_merged.mat,OF2,2,45039,6042,302.05,2251.9
R005,CNO,T2_SD_CNO,2026_06_21_merged.mat,OF2,2,45040,6043,302.1,2251.9500000000003
R005,CNO,T2_SD_CNO,2026_06_21_merged.mat,OF2,2,45041,6044,302.15000000000003,2252.0
R005,CNO,T2_SD_CNO,2026_06_21_merged.mat,OF2,2,45042,6045,302.2,2252.05
R005,CNO,T2_SD_CNO,2026_06_21_merged.mat,OF2,2,45043,6046,302.25,2252.1000000000004
R005,CNO,T2_SD_CNO,2026_06_21_merged.mat,OF2,2,45115,6118,305.85,2255.7000000000003
R005,CNO,T2_SD_CNO,2026_06_21_merged.mat,OF2,2,45116,6119,305.90000000000003,2255.75
R005,CNO,T2_SD_CNO,2026_06_21_merged.mat,OF2,2,45117,6120,305.95,2255.8
R005,CNO,T2_SD_CNO,2026_06_21_merged.mat,OF2,2,45119,6122,306.05,2255.9
R005,CNO,T2_SD_CNO,2026_06_21_merged.mat,OF2,2,45120,6123,306.1,2255.9500000000003
R005,CNO,T2_SD_CNO,2026_06_21_merged.mat,OF2,2,45121,6124,306.15000000000003,2256.0
R005,CNO,T2_SD_CNO,2026_06_21_merged.mat,OF2,2,45146,6149,307.40000000000003,2257.25
R005,CNO,T2_SD_CNO,2026_06_21_merged.mat,OF2,2,45168,6171,308.5,2258.3500000000004
R005,CNO,T2_SD_CNO,2026_06_21_merged.mat,OF2,2,45169,6172,308.55,2258.4
R005,CNO,T2_SD_CNO,2026_06_21_merged.mat,OF2,2,45170,6173,308.6,2258.4500000000003
R005,CNO,T2_SD_CNO,2026_06_21_merged.mat,OF2,2,45171,6174,308.65000000000003,2258.5
R005,CNO,T2_SD_CNO,2026_06_21_merged.mat,OF2,2,45172,6175,308.70000000000005,2258.55
R005,CNO,T2_SD_CNO,2026_06_21_merged.mat,OF2,2,45173,6176,308.75,2258.6000000000004
R005,CNO,T2_SD_CNO,2026_06_21_merged.mat,OF2,2,45174,6177,308.8,2258.65
R005,CNO,T2_SD_CNO,2026_06_21_merged.mat,OF2,2,45209,6212,310.55,2260.4
R005,CNO,T2_SD_CNO,2026_06_21_merged.mat,OF2,2,45210,6213,310.6,2260.4500000000003
R005,CNO,T2_SD_CNO,2026_06_21_merged.mat,OF2,3,45359,6362,318.05,2267.9
R005,CNO,T2_SD_CNO,2026_06_21_merged.mat,OF2,3,45360,6363,318.1,2267.9500000000003
R005,CNO,T2_SD_CNO,2026_06_21_merged.mat,OF2,1,45361,6364,318.15000000000003,2268.0
R005,CNO,T2_SD_CNO,2026_06_21_merged.mat,OF2,2,45389,6392,319.55,2269.4
R005,CNO,T2_SD_CNO,2026_06_21_merged.mat,OF2,2,45466,6469,323.40000000000003,2273.25
R005,CNO,T2_SD_CNO,2026_06_21_merged.mat,OF2,2,45476,6479,323.90000000000003,2273.75
R005,CNO,T2_SD_CNO,2026_06_21_merged.mat,OF2,2,45477,6480,323.95000000000005,2273.8
R005,CNO,T2_SD_CNO,2026_06_21_merged.mat,OF2,2,45478,6481,324.0,2273.8500000000004
R005,CNO,T2_SD_CNO,2026_06_21_merged.mat,OF2,2,45479,6482,324.05,2273.9
R005,CNO,T2_SD_CNO,2026_06_21_merged.mat,OF2,2,45480,6483,324.1,2273.9500000000003
R005,CNO,T2_SD_CNO,2026_06_21_merged.mat,OF2,2,45518,6521,326.00000000000006,2275.8500000000004
R005,CNO,T2_SD_CNO,2026_06_21_merged.mat,OF2,2,45519,6522,326.05000000000007,2275.9
R005,CNO,T2_SD_CNO,2026_06_21_merged.mat,OF2,2,45520,6523,326.1000000000001,2275.9500000000003
R005,CNO,T2_SD_CNO,2026_06_21_merged.mat,OF2,2,45529,6532,326.55000000000007,2276.4
R005,CNO,T2_SD_CNO,2026_06_21_merged.mat,OF2,2,45550,6553,327.6000000000001,2277.4500000000003
R005,CNO,T2_SD_CNO,2026_06_21_merged.mat,OF2,2,45559,6562,328.05000000000007,2277.9
R005,CNO,T2_SD_CNO,2026_06_21_merged.mat,OF2,2,45560,6563,328.1000000000001,2277.9500000000003
R005,CNO,T2_SD_CNO,2026_06_21_merged.mat,OF2,2,45561,6564,328.1500000000001,2278.0
R005,CNO,T2_SD_CNO,2026_06_21_merged.mat,OF2,2,45562,6565,328.20000000000005,2278.05
R005,CNO,T2_SD_CNO,2026_06_21_merged.mat,OF2,2,45608,6611,330.50000000000006,2280.3500000000004
R005,CNO,T2_SD_CNO,2026_06_21_merged.mat,OF2,2,45609,6612,330.55000000000007,2280.4
R005,CNO,T2_SD_CNO,2026_06_21_merged.mat,OF2,2,45610,6613,330.6000000000001,2280.4500000000003
R005,CNO,T2_SD_CNO,2026_06_21_merged.mat,OF2,2,45611,6614,330.6500000000001,2280.5
R005,CNO,T2_SD_CNO,2026_06_21_merged.mat,OF2,2,45633,6636,331.75000000000006,2281.6000000000004
R005,CNO,T2_SD_CNO,2026_06_21_merged.mat,OF2,2,45634,6637,331.80000000000007,2281.65
R005,CNO,T2_SD_CNO,2026_06_21_merged.mat,OF2,1,45722,6725,336.20000000000005,2286.05
R005,CNO,T2_SD_CNO,2026_06_21_merged.mat,OF2,3,45862,6865,343.2000000000001,2293.05
R005,CNO,T2_SD_CNO,2026_06_21_merged.mat,OF2,3,45863,6866,343.25000000000006,2293.1000000000004
R005,CNO,T2_SD_CNO,2026_06_21_merged.mat,OF2,3,45864,6867,343.30000000000007,2293.15
R005,CNO,T2_SD_CNO,2026_06_21_merged.mat,OF2,1,45910,6913,345.6000000000001,2295.4500000000003
R005,CNO,T2_SD_CNO,2026_06_21_merged.mat,OF2,1,45911,6914,345.6500000000001,2295.5
R005,CNO,T2_SD_CNO,2026_06_21_merged.mat,OF2,4,45923,6926,346.25000000000006,2296.1000000000004
R005,CNO,T2_SD_CNO,2026_06_21_merged.mat,OF2,1,45931,6934,346.6500000000001,2296.5
R005,CNO,T2_SD_CNO,2026_06_21_merged.mat,OF2,3,45996,6999,349.9000000000001,2299.75
R005,CNO,T2_SD_CNO,2026_06_21_merged.mat,OF2,3,45997,7000,349.9500000000001,2299.8
R005,CNO,T2_SD_CNO,2026_06_21_merged.mat,OF2,3,46007,7010,350.4500000000001,2300.3
R005,CNO,T2_SD_CNO,2026_06_21_merged.mat,OF2,3,46072,7075,353.7000000000001,2303.55
R005,CNO,T2_SD_CNO,2026_06_21_merged.mat,OF2,3,46130,7133,356.6000000000001,2306.4500000000003
R005,CNO,T2_SD_CNO,2026_06_21_merged.mat,OF2,3,46131,7134,356.6500000000001,2306.5
R005,CNO,T2_SD_CNO,2026_06_21_merged.mat,OF2,3,46132,7135,356.7000000000001,2306.55
R005,CNO,T2_SD_CNO,2026_06_21_merged.mat,OF2,3,46135,7138,356.8500000000001,2306.7000000000003
R005,CNO,T2_SD_CNO,2026_06_21_merged.mat,OF2,3,46136,7139,356.9000000000001,2306.75
R005,CNO,T2_SD_CNO,2026_06_21_merged.mat,OF2,2,46156,7159,357.9000000000001,2307.75
R005,CNO,T2_SD_CNO,2026_06_21_merged.mat,OF2,2,46157,7160,357.9500000000001,2307.8
R005,CNO,T2_SD_CNO,2026_06_21_merged.mat,OF2,2,46158,7161,358.00000000000006,2307.8500000000004
R005,CNO,T2_SD_CNO,2026_06_21_merged.mat,OF2,2,46159,7162,358.05000000000007,2307.9
R005,CNO,T2_SD_CNO,2026_06_21_merged.mat,OF2,2,46160,7163,358.1000000000001,2307.9500000000003
R005,CNO,T2_SD_CNO,2026_06_21_merged.mat,OF2,3,46181,7184,359.1500000000001,2309.0
R005,CNO,T2_SD_CNO,2026_06_21_merged.mat,OF2,1,46220,7223,361.1000000000001,2310.9500000000003
R005,CNO,T2_SD_CNO,2026_06_21_merged.mat,OF2,4,46286,7289,364.4000000000001,2314.25
R005,CNO,T2_SD_CNO,2026_06_21_merged.mat,OF2,3,46293,7296,364.75000000000006,2314.6000000000004
R005,CNO,T2_SD_CNO,2026_06_21_merged.mat,OF2,3,46294,7297,364.80000000000007,2314.65
R005,CNO,T2_SD_CNO,2026_06_21_merged.mat,OF2,3,46295,7298,364.8500000000001,2314.7000000000003
R005,CNO,T2_SD_CNO,2026_06_21_merged.mat,OF2,3,46296,7299,364.9000000000001,2314.75
R005,CNO,T2_SD_CNO,2026_06_21_merged.mat,OF2,3,46297,7300,364.9500000000001,2314.8
R005,CNO,T2_SD_CNO,2026_06_21_merged.mat,OF2,3,46298,7301,365.00000000000006,2314.8500000000004
R005,CNO,T2_SD_CNO,2026_06_21_merged.mat,OF2,3,46310,7313,365.6000000000001,2315.4500000000003
R005,CNO,T2_SD_CNO,2026_06_21_merged.mat,OF2,3,46311,7314,365.6500000000001,2315.5
R005,CNO,T2_SD_CNO,2026_06_21_merged.mat,OF2,3,46326,7329,366.4000000000001,2316.25
R005,CNO,T2_SD_CNO,2026_06_21_merged.mat,OF2,3,46327,7330,366.4500000000001,2316.3
R005,CNO,T2_SD_CNO,2026_06_21_merged.mat,OF2,3,46328,7331,366.50000000000006,2316.3500000000004
R005,CNO,T2_SD_CNO,2026_06_21_merged.mat,OF2,3,46329,7332,366.55000000000007,2316.4
R005,CNO,T2_SD_CNO,2026_06_21_merged.mat,OF2,3,46330,7333,366.6000000000001,2316.4500000000003
R005,CNO,T2_SD_CNO,2026_06_21_merged.mat,OF2,3,46331,7334,366.6500000000001,2316.5
R005,CNO,T2_SD_CNO,2026_06_21_merged.mat,OF2,2,46390,7393,369.6000000000001,2319.4500000000003
R005,CNO,T2_SD_CNO,2026_06_21_merged.mat,OF2,2,46391,7394,369.6500000000001,2319.5
R005,CNO,T2_SD_CNO,2026_06_21_merged.mat,OF2,2,46392,7395,369.7000000000001,2319.55
R005,CNO,T2_SD_CNO,2026_06_21_merged.mat,OF2,2,46393,7396,369.75000000000006,2319.6000000000004
R005,CNO,T2_SD_CNO,2026_06_21_merged.mat,OF2,2,46394,7397,369.80000000000007,2319.65
R005,CNO,T2_SD_CNO,2026_06_21_merged.mat,OF2,2,46395,7398,369.8500000000001,2319.7000000000003
R005,CNO,T2_SD_CNO,2026_06_21_merged.mat,OF2,2,46396,7399,369.9000000000001,2319.75
R005,CNO,T2_SD_CNO,2026_06_21_merged.mat,OF2,3,46451,7454,372.6500000000001,2322.5
R005,CNO,T2_SD_CNO,2026_06_21_merged.mat,OF2,3,46452,7455,372.7000000000001,2322.55
R005,CNO,T2_SD_CNO,2026_06_21_merged.mat,OF2,3,46453,7456,372.75000000000006,2322.6000000000004
R005,CNO,T2_SD_CNO,2026_06_21_merged.mat,OF2,2,46487,7490,374.4500000000001,2324.3
R005,CNO,T2_SD_CNO,2026_06_21_merged.mat,OF2,2,46488,7491,374.50000000000006,2324.3500000000004
R005,CNO,T2_SD_CNO,2026_06_21_merged.mat,OF2,2,46489,7492,374.55000000000007,2324.4
R005,CNO,T2_SD_CNO,2026_06_21_merged.mat,OF2,2,46490,7493,374.6000000000001,2324.4500000000003
R005,CNO,T2_SD_CNO,2026_06_21_merged.mat,OF2,2,46491,7494,374.6500000000001,2324.5
R005,CNO,T2_SD_CNO,2026_06_21_merged.mat,OF2,3,46518,7521,376.00000000000006,2325.8500000000004
R005,CNO,T2_SD_CNO,2026_06_21_merged.mat,OF2,3,46529,7532,376.55000000000007,2326.4
R005,CNO,T2_SD_CNO,2026_06_21_merged.mat,OF2,3,46540,7543,377.1000000000001,2326.9500000000003
R005,CNO,T2_SD_CNO,2026_06_21_merged.mat,OF2,3,46541,7544,377.1500000000001,2327.0
R005,CNO,T2_SD_CNO,2026_06_21_merged.mat,OF2,2,46728,7731,386.50000000000006,2336.3500000000004
R005,CNO,T2_SD_CNO,2026_06_21_merged.mat,OF2,2,46729,7732,386.55000000000007,2336.4
R005,CNO,T2_SD_CNO,2026_06_21_merged.mat,OF2,2,46730,7733,386.6000000000001,2336.4500000000003
R005,CNO,T2_SD_CNO,2026_06_21_merged.mat,OF2,2,46731,7734,386.6500000000001,2336.5
R005,CNO,T2_SD_CNO,2026_06_21_merged.mat,OF2,2,46732,7735,386.7000000000001,2336.55
R005,CNO,T2_SD_CNO,2026_06_21_merged.mat,OF2,2,46743,7746,387.25000000000006,2337.1000000000004
R005,CNO,T2_SD_CNO,2026_06_21_merged.mat,OF2,2,46744,7747,387.30000000000007,2337.15
R005,CNO,T2_SD_CNO,2026_06_21_merged.mat,OF2,3,46897,7900,394.95000000000005,2344.8
R005,CNO,T2_SD_CNO,2026_06_21_merged.mat,OF2,3,46898,7901,395.0000000000001,2344.8500000000004
R005,CNO,T2_SD_CNO,2026_06_21_merged.mat,OF2,3,46899,7902,395.05000000000007,2344.9
R005,CNO,T2_SD_CNO,2026_06_21_merged.mat,OF2,3,46900,7903,395.1000000000001,2344.9500000000003
R005,CNO,T2_SD_CNO,2026_06_21_merged.mat,OF2,3,46901,7904,395.1500000000001,2345.0
R005,CNO,T2_SD_CNO,2026_06_21_merged.mat,OF2,3,46902,7905,395.20000000000005,2345.05
R005,CNO,T2_SD_CNO,2026_06_21_merged.mat,OF2,3,46903,7906,395.2500000000001,2345.1000000000004
R005,CNO,T2_SD_CNO,2026_06_21_merged.mat,OF2,3,46904,7907,395.30000000000007,2345.15
R005,CNO,T2_SD_CNO,2026_06_21_merged.mat,OF2,1,46988,7991,399.5000000000001,2349.3500000000004
R005,CNO,T2_SD_CNO,2026_06_21_merged.mat,OF2,1,46989,7992,399.55000000000007,2349.4
R005,CNO,T2_SD_CNO,2026_06_21_merged.mat,OF2,2,47023,8026,401.2500000000001,2351.1000000000004
R005,CNO,T2_SD_CNO,2026_06_21_merged.mat,OF2,3,47072,8075,403.70000000000005,2353.55
R005,CNO,T2_SD_CNO,2026_06_21_merged.mat,OF2,3,47158,8161,408.0000000000001,2357.8500000000004
R005,CNO,T2_SD_CNO,2026_06_21_merged.mat,OF2,3,47159,8162,408.05000000000007,2357.9
R005,CNO,T2_SD_CNO,2026_06_21_merged.mat,OF2,3,47160,8163,408.1000000000001,2357.9500000000003
R005,CNO,T2_SD_CNO,2026_06_21_merged.mat,OF2,3,47161,8164,408.1500000000001,2358.0
R005,CNO,T2_SD_CNO,2026_06_21_merged.mat,OF2,3,47162,8165,408.20000000000005,2358.05
R005,CNO,T2_SD_CNO,2026_06_21_merged.mat,OF2,3,47163,8166,408.2500000000001,2358.1000000000004
R005,CNO,T2_SD_CNO,2026_06_21_merged.mat,OF2,2,47224,8227,411.30000000000007,2361.15
R005,CNO,T2_SD_CNO,2026_06_21_merged.mat,OF2,2,47225,8228,411.3500000000001,2361.2000000000003
R005,CNO,T2_SD_CNO,2026_06_21_merged.mat,OF2,2,47226,8229,411.4000000000001,2361.25
R005,CNO,T2_SD_CNO,2026_06_21_merged.mat,OF2,2,47227,8230,411.45000000000005,2361.3
R005,CNO,T2_SD_CNO,2026_06_21_merged.mat,OF2,2,47228,8231,411.5000000000001,2361.3500000000004
R005,CNO,T2_SD_CNO,2026_06_21_merged.mat,OF2,2,47229,8232,411.55000000000007,2361.4
R005,CNO,T2_SD_CNO,2026_06_21_merged.mat,OF2,2,47230,8233,411.6000000000001,2361.4500000000003
R005,CNO,T2_SD_CNO,2026_06_21_merged.mat,OF2,2,47231,8234,411.6500000000001,2361.5
R005,CNO,T2_SD_CNO,2026_06_21_merged.mat,OF2,3,47257,8260,412.95000000000005,2362.8
R005,CNO,T2_SD_CNO,2026_06_21_merged.mat,OF2,3,47258,8261,413.0000000000001,2362.8500000000004
R005,CNO,T2_SD_CNO,2026_06_21_merged.mat,OF2,3,47259,8262,413.05000000000007,2362.9
R005,CNO,T2_SD_CNO,2026_06_21_merged.mat,OF2,3,47260,8263,413.1000000000001,2362.9500000000003
R005,CNO,T2_SD_CNO,2026_06_21_merged.mat,OF2,3,47261,8264,413.1500000000001,2363.0
R005,CNO,T2_SD_CNO,2026_06_21_merged.mat,OF2,3,47262,8265,413.20000000000005,2363.05
R005,CNO,T2_SD_CNO,2026_06_21_merged.mat,OF2,3,47263,8266,413.2500000000001,2363.1000000000004
R005,CNO,T2_SD_CNO,2026_06_21_merged.mat,OF2,3,47264,8267,413.30000000000007,2363.15
R005,CNO,T2_SD_CNO,2026_06_21_merged.mat,OF2,2,47292,8295,414.70000000000005,2364.55
R005,CNO,T2_SD_CNO,2026_06_21_merged.mat,OF2,2,47293,8296,414.7500000000001,2364.6000000000004
R005,CNO,T2_SD_CNO,2026_06_21_merged.mat,OF2,2,47294,8297,414.80000000000007,2364.65
R005,CNO,T2_SD_CNO,2026_06_21_merged.mat,OF2,2,47295,8298,414.8500000000001,2364.7000000000003
R005,CNO,T2_SD_CNO,2026_06_21_merged.mat,OF2,2,47359,8362,418.05000000000007,2367.9
R005,CNO,T2_SD_CNO,2026_06_21_merged.mat,OF2,2,47360,8363,418.1000000000001,2367.9500000000003
R005,CNO,T2_SD_CNO,2026_06_21_merged.mat,OF2,2,47361,8364,418.1500000000001,2368.0
R005,CNO,T2_SD_CNO,2026_06_21_merged.mat,OF2,2,47362,8365,418.20000000000005,2368.05
R005,CNO,T2_SD_CNO,2026_06_21_merged.mat,OF2,2,47366,8369,418.4000000000001,2368.25
R005,CNO,T2_SD_CNO,2026_06_21_merged.mat,OF2,2,47367,8370,418.45000000000005,2368.3
R005,CNO,T2_SD_CNO,2026_06_21_merged.mat,OF2,2,47368,8371,418.5000000000001,2368.3500000000004
R005,CNO,T2_SD_CNO,2026_06_21_merged.mat,OF2,2,47369,8372,418.55000000000007,2368.4
R005,CNO,T2_SD_CNO,2026_06_21_merged.mat,OF2,2,47370,8373,418.6000000000001,2368.4500000000003
R005,CNO,T2_SD_CNO,2026_06_21_merged.mat,OF2,2,47402,8405,420.20000000000005,2370.05
R005,CNO,T2_SD_CNO,2026_06_21_merged.mat,OF2,2,47403,8406,420.2500000000001,2370.1000000000004
R005,CNO,T2_SD_CNO,2026_06_21_merged.mat,OF2,2,47404,8407,420.30000000000007,2370.15
R005,CNO,T2_SD_CNO,2026_06_21_merged.mat,OF2,2,47405,8408,420.3500000000001,2370.2000000000003
R005,CNO,T2_SD_CNO,2026_06_21_merged.mat,OF2,2,47406,8409,420.4000000000001,2370.25
R005,CNO,T2_SD_CNO,2026_06_21_merged.mat,OF2,2,47424,8427,421.30000000000007,2371.15
R005,CNO,T2_SD_CNO,2026_06_21_merged.mat,OF2,2,47426,8429,421.4000000000001,2371.25
R005,CNO,T2_SD_CNO,2026_06_21_merged.mat,OF2,2,47488,8491,424.5000000000001,2374.3500000000004
R005,CNO,T2_SD_CNO,2026_06_21_merged.mat,OF2,2,47510,8513,425.6000000000001,2375.4500000000003
R005,CNO,T2_SD_CNO,2026_06_21_merged.mat,OF2,2,47511,8514,425.6500000000001,2375.5
R005,CNO,T2_SD_CNO,2026_06_21_merged.mat,OF2,2,47512,8515,425.70000000000005,2375.55
R005,CNO,T2_SD_CNO,2026_06_21_merged.mat,OF2,2,47513,8516,425.7500000000001,2375.6000000000004
R005,CNO,T2_SD_CNO,2026_06_21_merged.mat,OF2,2,47514,8517,425.80000000000007,2375.65
R005,CNO,T2_SD_CNO,2026_06_21_merged.mat,OF2,2,47515,8518,425.8500000000001,2375.7000000000003
R005,CNO,T2_SD_CNO,2026_06_21_merged.mat,OF2,2,47516,8519,425.9000000000001,2375.75
R005,CNO,T2_SD_CNO,2026_06_21_merged.mat,OF2,2,47520,8523,426.1000000000001,2375.9500000000003
R005,CNO,T2_SD_CNO,2026_06_21_merged.mat,OF2,2,47562,8565,428.20000000000005,2378.05
R005,CNO,T2_SD_CNO,2026_06_21_merged.mat,OF2,2,47563,8566,428.2500000000001,2378.1000000000004
R005,CNO,T2_SD_CNO,2026_06_21_merged.mat,OF2,2,47564,8567,428.30000000000007,2378.15
R005,CNO,T2_SD_CNO,2026_06_21_merged.mat,OF2,2,47565,8568,428.3500000000001,2378.2000000000003
R005,CNO,T2_SD_CNO,2026_06_21_merged.mat,OF2,2,47584,8587,429.30000000000007,2379.15
R005,CNO,T2_SD_CNO,2026_06_21_merged.mat,OF2,2,47585,8588,429.3500000000001,2379.2000000000003
R005,CNO,T2_SD_CNO,2026_06_21_merged.mat,OF2,2,47586,8589,429.4000000000001,2379.25
R005,CNO,T2_SD_CNO,2026_06_21_merged.mat,OF2,2,47611,8614,430.6500000000001,2380.5
R005,CNO,T2_SD_CNO,2026_06_21_merged.mat,OF2,2,47626,8629,431.4000000000001,2381.25
R005,CNO,T2_SD_CNO,2026_06_21_merged.mat,OF2,2,47649,8652,432.55000000000007,2382.4
R005,CNO,T2_SD_CNO,2026_06_21_merged.mat,OF2,2,47650,8653,432.6000000000001,2382.4500000000003
R005,CNO,T2_SD_CNO,2026_06_21_merged.mat,OF2,2,47707,8710,435.45000000000005,2385.3
R005,CNO,T2_SD_CNO,2026_06_21_merged.mat,OF2,2,47708,8711,435.5000000000001,2385.3500000000004
R005,CNO,T2_SD_CNO,2026_06_21_merged.mat,OF2,2,47709,8712,435.55000000000007,2385.4
R005,CNO,T2_SD_CNO,2026_06_21_merged.mat,OF2,2,47710,8713,435.6000000000001,2385.4500000000003
R005,CNO,T2_SD_CNO,2026_06_21_merged.mat,OF2,2,47711,8714,435.6500000000001,2385.5
R005,CNO,T2_SD_CNO,2026_06_21_merged.mat,OF2,2,47719,8722,436.05000000000007,2385.9
R005,CNO,T2_SD_CNO,2026_06_21_merged.mat,OF2,2,47835,8838,441.8500000000001,2391.7000000000003
R005,CNO,T2_SD_CNO,2026_06_21_merged.mat,OF2,2,47836,8839,441.9000000000001,2391.75
R005,CNO,T2_SD_CNO,2026_06_21_merged.mat,OF2,2,47837,8840,441.95000000000005,2391.8
R005,CNO,T2_SD_CNO,2026_06_21_merged.mat,OF2,2,47838,8841,442.0000000000001,2391.8500000000004
R005,CNO,T2_SD_CNO,2026_06_21_merged.mat,OF2,3,47882,8885,444.20000000000005,2394.05
R005,CNO,T2_SD_CNO,2026_06_21_merged.mat,OF2,3,47883,8886,444.2500000000001,2394.1000000000004
R005,CNO,T2_SD_CNO,2026_06_21_merged.mat,OF2,3,47914,8917,445.80000000000007,2395.65
R005,CNO,T2_SD_CNO,2026_06_21_merged.mat,OF2,3,47915,8918,445.8500000000001,2395.7000000000003
R005,CNO,T2_SD_CNO,2026_06_21_merged.mat,OF2,3,47959,8962,448.05000000000007,2397.9
R005,CNO,T2_SD_CNO,2026_06_21_merged.mat,OF2,3,47962,8965,448.20000000000005,2398.05
R005,CNO,T2_SD_CNO,2026_06_21_merged.mat,OF2,3,48035,9038,451.8500000000001,2401.7000000000003
R005,CNO,T2_SD_CNO,2026_06_21_merged.mat,OF2,3,48036,9039,451.9000000000001,2401.75
R005,CNO,T2_SD_CNO,2026_06_21_merged.mat,OF2,3,48037,9040,451.95000000000005,2401.8
R005,CNO,T2_SD_CNO,2026_06_21_merged.mat,OF2,3,48043,9046,452.2500000000001,2402.1000000000004
R005,CNO,T2_SD_CNO,2026_06_21_merged.mat,OF2,3,48044,9047,452.30000000000007,2402.15
R005,CNO,T2_SD_CNO,2026_06_21_merged.mat,OF2,3,48045,9048,452.3500000000001,2402.2000000000003
R005,CNO,T2_SD_CNO,2026_06_21_merged.mat,OF2,3,48110,9113,455.6000000000001,2405.4500000000003
R005,CNO,T2_SD_CNO,2026_06_21_merged.mat,OF2,3,48111,9114,455.6500000000001,2405.5
R005,CNO,T2_SD_CNO,2026_06_21_merged.mat,OF2,3,48112,9115,455.70000000000005,2405.55
R005,CNO,T2_SD_CNO,2026_06_21_merged.mat,OF2,3,48133,9136,456.7500000000001,2406.6000000000004
R005,CNO,T2_SD_CNO,2026_06_21_merged.mat,OF2,3,48134,9137,456.80000000000007,2406.65
R005,CNO,T2_SD_CNO,2026_06_21_merged.mat,OF2,3,48135,9138,456.8500000000001,2406.7000000000003
R005,CNO,T2_SD_CNO,2026_06_21_merged.mat,OF2,3,48136,9139,456.9000000000001,2406.75
R005,CNO,T2_SD_CNO,2026_06_21_merged.mat,OF2,3,48156,9159,457.9000000000001,2407.75
R005,CNO,T2_SD_CNO,2026_06_21_merged.mat,OF2,3,48157,9160,457.95000000000005,2407.8
R005,CNO,T2_SD_CNO,2026_06_21_merged.mat,OF2,3,48228,9231,461.5000000000001,2411.3500000000004
R005,CNO,T2_SD_CNO,2026_06_21_merged.mat,OF2,3,48229,9232,461.55000000000007,2411.4
R005,CNO,T2_SD_CNO,2026_06_21_merged.mat,OF2,3,48230,9233,461.6000000000001,2411.4500000000003
R005,CNO,T2_SD_CNO,2026_06_21_merged.mat,OF2,3,48231,9234,461.6500000000001,2411.5
R005,CNO,T2_SD_CNO,2026_06_21_merged.mat,OF2,3,48232,9235,461.70000000000005,2411.55
R005,CNO,T2_SD_CNO,2026_06_21_merged.mat,OF2,3,48233,9236,461.7500000000001,2411.6000000000004
R005,CNO,T2_SD_CNO,2026_06_21_merged.mat,OF2,3,48234,9237,461.80000000000007,2411.65
R005,CNO,T2_SD_CNO,2026_06_21_merged.mat,OF2,3,48262,9265,463.20000000000005,2413.05
R005,CNO,T2_SD_CNO,2026_06_21_merged.mat,OF2,3,48263,9266,463.2500000000001,2413.1000000000004
R005,CNO,T2_SD_CNO,2026_06_21_merged.mat,OF2,3,48264,9267,463.30000000000007,2413.15
R005,CNO,T2_SD_CNO,2026_06_21_merged.mat,OF2,3,48291,9294,464.6500000000001,2414.5
R005,CNO,T2_SD_CNO,2026_06_21_merged.mat,OF2,3,48349,9352,467.55000000000007,2417.4
R005,CNO,T2_SD_CNO,2026_06_21_merged.mat,OF2,3,48350,9353,467.6000000000001,2417.4500000000003
R005,CNO,T2_SD_CNO,2026_06_21_merged.mat,OF2,3,48351,9354,467.6500000000001,2417.5
R005,CNO,T2_SD_CNO,2026_06_21_merged.mat,OF2,3,48362,9365,468.20000000000005,2418.05
R005,CNO,T2_SD_CNO,2026_06_21_merged.mat,OF2,3,48373,9376,468.7500000000001,2418.6000000000004
R005,CNO,T2_SD_CNO,2026_06_21_merged.mat,OF2,3,48384,9387,469.30000000000007,2419.15
R005,CNO,T2_SD_CNO,2026_06_21_merged.mat,OF2,3,48397,9400,469.95000000000005,2419.8
R005,CNO,T2_SD_CNO,2026_06_21_merged.mat,OF2,3,48398,9401,470.0000000000001,2419.8500000000004
R005,CNO,T2_SD_CNO,2026_06_21_merged.mat,OF2,2,48429,9432,471.55000000000007,2421.4
R005,CNO,T2_SD_CNO,2026_06_21_merged.mat,OF2,2,48430,9433,471.6000000000001,2421.4500000000003
R005,CNO,T2_SD_CNO,2026_06_21_merged.mat,OF2,2,48431,9434,471.6500000000001,2421.5
R005,CNO,T2_SD_CNO,2026_06_21_merged.mat,OF2,2,48461,9464,473.1500000000001,2423.0
R005,CNO,T2_SD_CNO,2026_06_21_merged.mat,OF2,2,48462,9465,473.20000000000005,2423.05
R005,CNO,T2_SD_CNO,2026_06_21_merged.mat,OF2,2,48463,9466,473.2500000000001,2423.1000000000004
R005,CNO,T2_SD_CNO,2026_06_21_merged.mat,OF2,2,48493,9496,474.7500000000001,2424.6000000000004
R005,CNO,T2_SD_CNO,2026_06_21_merged.mat,OF2,2,48494,9497,474.80000000000007,2424.65
R005,CNO,T2_SD_CNO,2026_06_21_merged.mat,OF2,2,48495,9498,474.8500000000001,2424.7000000000003
R005,CNO,T2_SD_CNO,2026_06_21_merged.mat,OF2,2,48499,9502,475.05000000000007,2424.9
R005,CNO,T2_SD_CNO,2026_06_21_merged.mat,OF2,2,48503,9506,475.2500000000001,2425.1000000000004
R005,CNO,T2_SD_CNO,2026_06_21_merged.mat,OF2,2,48504,9507,475.30000000000007,2425.15
R005,CNO,T2_SD_CNO,2026_06_21_merged.mat,OF2,2,48505,9508,475.3500000000001,2425.2000000000003
R005,CNO,T2_SD_CNO,2026_06_21_merged.mat,OF2,2,48538,9541,477.0000000000001,2426.8500000000004
R005,CNO,T2_SD_CNO,2026_06_21_merged.mat,OF2,2,48577,9580,478.95000000000005,2428.8
R005,CNO,T2_SD_CNO,2026_06_21_merged.mat,OF2,2,48578,9581,479.0000000000001,2428.8500000000004
R005,CNO,T2_SD_CNO,2026_06_21_merged.mat,OF2,2,48579,9582,479.05000000000007,2428.9
R005,CNO,T2_SD_CNO,2026_06_21_merged.mat,OF2,2,48580,9583,479.1000000000001,2428.9500000000003
R005,CNO,T2_SD_CNO,2026_06_21_merged.mat,OF2,2,48669,9672,483.55000000000007,2433.4
R005,CNO,T2_SD_CNO,2026_06_21_merged.mat,OF2,2,48670,9673,483.6000000000001,2433.4500000000003
R005,CNO,T2_SD_CNO,2026_06_21_merged.mat,OF2,2,48671,9674,483.6500000000001,2433.5
R005,CNO,T2_SD_CNO,2026_06_21_merged.mat,OF2,2,48672,9675,483.70000000000005,2433.55
R005,CNO,T2_SD_CNO,2026_06_21_merged.mat,OF2,2,48682,9685,484.20000000000005,2434.05
R005,CNO,T2_SD_CNO,2026_06_21_merged.mat,OF2,2,48683,9686,484.2500000000001,2434.1000000000004
R005,CNO,T2_SD_CNO,2026_06_21_merged.mat,OF2,2,48684,9687,484.30000000000007,2434.15
R005,CNO,T2_SD_CNO,2026_06_21_merged.mat,OF2,1,48745,9748,487.3500000000001,2437.2000000000003
R005,CNO,T2_SD_CNO,2026_06_21_merged.mat,OF2,2,48926,9929,496.4000000000001,2446.25
R005,CNO,T2_SD_CNO,2026_06_21_merged.mat,OF2,4,48973,9976,498.7500000000001,2448.6000000000004
R005,CNO,T2_SD_CNO,2026_06_21_merged.mat,OF2,3,48977,9980,498.95000000000005,2448.8
R005,CNO,T2_SD_CNO,2026_06_21_merged.mat,OF2,4,48978,9981,499.0000000000001,2448.8500000000004
R005,CNO,T2_SD_CNO,2026_06_21_merged.mat,OF2,4,48980,9983,499.1000000000001,2448.9500000000003
R005,CNO,T2_SD_CNO,2026_06_21_merged.mat,OF2,4,48981,9984,499.1500000000001,2449.0
R005,CNO,T2_SD_CNO,2026_06_21_merged.mat,OF2,4,48983,9986,499.2500000000001,2449.1000000000004
R005,CNO,T2_SD_CNO,2026_06_21_merged.mat,OF2,2,49098,10101,505.0000000000001,2454.8500000000004
R005,CNO,T2_SD_CNO,2026_06_21_merged.mat,OF2,2,49105,10108,505.3500000000001,2455.2000000000003
R005,CNO,T2_SD_CNO,2026_06_21_merged.mat,OF2,2,49106,10109,505.4000000000001,2455.25
R005,CNO,T2_SD_CNO,2026_06_21_merged.mat,OF2,2,49107,10110,505.45000000000005,2455.3
R005,CNO,T2_SD_CNO,2026_06_21_merged.mat,OF2,2,49108,10111,505.5000000000001,2455.3500000000004
R005,CNO,T2_SD_CNO,2026_06_21_merged.mat,OF2,2,49109,10112,505.55000000000007,2455.4
R005,CNO,T2_SD_CNO,2026_06_21_merged.mat,OF2,2,49110,10113,505.6000000000001,2455.4500000000003
R005,CNO,T2_SD_CNO,2026_06_21_merged.mat,OF2,2,49145,10148,507.3500000000001,2457.2000000000003
R005,CNO,T2_SD_CNO,2026_06_21_merged.mat,OF2,2,49147,10150,507.45000000000005,2457.3
R005,CNO,T2_SD_CNO,2026_06_21_merged.mat,OF2,2,49167,10170,508.45000000000005,2458.3
R005,CNO,T2_SD_CNO,2026_06_21_merged.mat,OF2,3,49200,10203,510.1000000000001,2459.9500000000003
R005,CNO,T2_SD_CNO,2026_06_21_merged.mat,OF2,3,49201,10204,510.1500000000001,2460.0
R005,CNO,T2_SD_CNO,2026_06_21_merged.mat,OF2,2,49313,10316,515.7500000000001,2465.6000000000004
R005,CNO,T2_SD_CNO,2026_06_21_merged.mat,OF2,2,49314,10317,515.8000000000001,2465.65
R005,CNO,T2_SD_CNO,2026_06_21_merged.mat,OF2,2,49315,10318,515.8500000000001,2465.7000000000003
R005,CNO,T2_SD_CNO,2026_06_21_merged.mat,OF2,1,49604,10607,530.3000000000001,2480.15
R005,CNO,T2_SD_CNO,2026_06_21_merged.mat,OF2,1,49617,10620,530.95,2480.8
R005,CNO,T2_SD_CNO,2026_06_21_merged.mat,OF2,1,49737,10740,536.95,2486.8
R005,CNO,T2_SD_CNO,2026_06_21_merged.mat,OF2,1,49750,10753,537.6000000000001,2487.4500000000003
R005,CNO,T2_SD_CNO,2026_06_21_merged.mat,OF2,1,49788,10791,539.5000000000001,2489.3500000000004
R005,CNO,T2_SD_CNO,2026_06_21_merged.mat,OF2,1,49789,10792,539.5500000000001,2489.4
R005,CNO,T2_SD_CNO,2026_06_21_merged.mat,OF2,1,49790,10793,539.6000000000001,2489.4500000000003
R005,CNO,T2_SD_CNO,2026_06_21_merged.mat,OF2,1,49791,10794,539.6500000000001,2489.5
R005,CNO,T2_SD_CNO,2026_06_21_merged.mat,OF2,1,49896,10899,544.9000000000001,2494.75
R005,CNO,T2_SD_CNO,2026_06_21_merged.mat,OF2,1,49913,10916,545.7500000000001,2495.6000000000004
R005,CNO,T2_SD_CNO,2026_06_21_merged.mat,OF2,1,49944,10947,547.3000000000001,2497.15
R005,CNO,T2_SD_CNO,2026_06_21_merged.mat,OF2,1,49945,10948,547.3500000000001,2497.2000000000003
R005,CNO,T2_SD_CNO,2026_06_21_merged.mat,OF2,1,49946,10949,547.4000000000001,2497.25
R005,CNO,T2_SD_CNO,2026_06_21_merged.mat,OF2,1,49986,10989,549.4000000000001,2499.25
R005,CNO,T2_SD_CNO,2026_06_21_merged.mat,OF2,1,50038,11041,552.0000000000001,2501.8500000000004
R005,CNO,T2_SD_CNO,2026_06_21_merged.mat,OF2,1,50105,11108,555.3500000000001,2505.2000000000003
R005,CNO,T2_SD_CNO,2026_06_21_merged.mat,OF2,1,50106,11109,555.4000000000001,2505.25
R005,CNO,T2_SD_CNO,2026_06_21_merged.mat,OF2,1,50107,11110,555.45,2505.3
R005,CNO,T2_SD_CNO,2026_06_21_merged.mat,OF2,1,50135,11138,556.8500000000001,2506.7000000000003
R005,CNO,T2_SD_CNO,2026_06_21_merged.mat,OF2,1,50136,11139,556.9000000000001,2506.75
R005,CNO,T2_SD_CNO,2026_06_21_merged.mat,OF2,1,50167,11170,558.45,2508.3
R005,CNO,T2_SD_CNO,2026_06_21_merged.mat,OF2,1,50168,11171,558.5000000000001,2508.3500000000004
R005,CNO,T2_SD_CNO,2026_06_21_merged.mat,OF2,1,50170,11173,558.6000000000001,2508.4500000000003
R005,CNO,T2_SD_CNO,2026_06_21_merged.mat,OF2,2,50189,11192,559.5500000000001,2509.4
R005,CNO,T2_SD_CNO,2026_06_21_merged.mat,OF2,2,50190,11193,559.6000000000001,2509.4500000000003
R005,CNO,T2_SD_CNO,2026_06_21_merged.mat,OF2,2,50191,11194,559.6500000000001,2509.5
R005,CNO,T2_SD_CNO,2026_06_21_merged.mat,OF2,2,50192,11195,559.7,2509.55
R005,CNO,T2_SD_CNO,2026_06_21_merged.mat,OF2,2,50193,11196,559.7500000000001,2509.6000000000004
R005,CNO,T2_SD_CNO,2026_06_21_merged.mat,OF2,2,50194,11197,559.8000000000001,2509.65
R005,CNO,T2_SD_CNO,2026_06_21_merged.mat,OF2,2,50224,11227,561.3000000000001,2511.15
R005,CNO,T2_SD_CNO,2026_06_21_merged.mat,OF2,2,50225,11228,561.3500000000001,2511.2000000000003
R005,CNO,T2_SD_CNO,2026_06_21_merged.mat,OF2,2,50226,11229,561.4000000000001,2511.25
R005,CNO,T2_SD_CNO,2026_06_21_merged.mat,OF2,2,50227,11230,561.45,2511.3
R005,CNO,T2_SD_CNO,2026_06_21_merged.mat,OF2,2,50228,11231,561.5000000000001,2511.3500000000004
R005,CNO,T2_SD_CNO,2026_06_21_merged.mat,OF2,1,50270,11273,563.6000000000001,2513.4500000000003
R005,CNO,T2_SD_CNO,2026_06_21_merged.mat,OF2,1,50484,11487,574.3000000000001,2524.15
R005,CNO,T2_SD_CNO,2026_06_21_merged.mat,OF2,2,50490,11493,574.6000000000001,2524.4500000000003
R005,CNO,T2_SD_CNO,2026_06_21_merged.mat,OF2,2,50491,11494,574.6500000000001,2524.5
R005,CNO,T2_SD_CNO,2026_06_21_merged.mat,OF2,2,50492,11495,574.7,2524.55
R005,CNO,T2_SD_CNO,2026_06_21_merged.mat,OF2,2,50493,11496,574.7500000000001,2524.6000000000004
R005,CNO,T2_SD_CNO,2026_06_21_merged.mat,OF2,2,50494,11497,574.8000000000001,2524.65
R005,CNO,T2_SD_CNO,2026_06_21_merged.mat,OF2,2,50504,11507,575.3000000000001,2525.15
R005,CNO,T2_SD_CNO,2026_06_21_merged.mat,OF2,2,50505,11508,575.3500000000001,2525.2000000000003
R005,CNO,T2_SD_CNO,2026_06_21_merged.mat,OF2,2,50506,11509,575.4000000000001,2525.25
R005,CNO,T2_SD_CNO,2026_06_21_merged.mat,OF2,2,50507,11510,575.45,2525.3
R005,CNO,T2_SD_CNO,2026_06_21_merged.mat,OF2,1,50606,11609,580.4000000000001,2530.25
R005,CNO,T2_SD_CNO,2026_06_21_merged.mat,OF2,1,50607,11610,580.45,2530.3
R005,CNO,T2_SD_CNO,2026_06_21_merged.mat,OF2,1,50628,11631,581.5000000000001,2531.3500000000004
R005,CNO,T2_SD_CNO,2026_06_21_merged.mat,OF2,1,50629,11632,581.5500000000001,2531.4
R005,CNO,T2_SD_CNO,2026_06_21_merged.mat,OF2,1,50658,11661,583.0000000000001,2532.8500000000004
R005,CNO,T2_SD_CNO,2026_06_21_merged.mat,OF2,2,50680,11683,584.1000000000001,2533.9500000000003
R005,CNO,T2_SD_CNO,2026_06_21_merged.mat,OF2,2,50681,11684,584.1500000000001,2534.0
R005,CNO,T2_SD_CNO,2026_06_21_merged.mat,OF2,2,50682,11685,584.2,2534.05
R005,CNO,T2_SD_CNO,2026_06_21_merged.mat,OF2,2,50768,11771,588.5000000000001,2538.3500000000004
R005,CNO,T2_SD_CNO,2026_06_21_merged.mat,OF2,1,50822,11825,591.2,2541.05
R005,CNO,T2_SD_CNO,2026_06_21_merged.mat,OF2,2,50849,11852,592.5500000000001,2542.4
R005,CNO,T2_SD_CNO,2026_06_21_merged.mat,OF2,2,50909,11912,595.5500000000001,2545.4
R005,CNO,T2_SD_CNO,2026_06_21_merged.mat,OF2,2,50911,11914,595.6500000000001,2545.5
R005,CNO,T2_SD_CNO,2026_06_21_merged.mat,OF2,2,50912,11915,595.7,2545.55
R005,CNO,T2_SD_CNO,2026_06_21_merged.mat,OF2,2,50913,11916,595.7500000000001,2545.6000000000004
R005,CNO,T2_SD_CNO,2026_06_21_merged.mat,OF2,2,50914,11917,595.8000000000001,2545.65
R005,CNO,T2_SD_CNO,2026_06_21_merged.mat,OF2,2,50915,11918,595.8500000000001,2545.7000000000003
R005,CNO,T2_SD_CNO,2026_06_21_merged.mat,OF2,2,50916,11919,595.9000000000001,2545.75
R005,CNO,T2_SD_CNO,2026_06_21_merged.mat,OF2,2,50917,11920,595.95,2545.8
R005,CNO,T2_SD_CNO,2026_06_21_merged.mat,OF2,2,50931,11934,596.6500000000001,2546.5
R005,CNO,T2_SD_CNO,2026_06_21_merged.mat,OF2,2,50932,11935,596.7,2546.55
R005,CNO,T2_SD_CNO,2026_06_21_merged.mat,OF2,1,50959,11962,598.0500000000001,2547.9
R005,CNO,T2_SD_CNO,2026_06_21_merged.mat,OF2,1,50960,11963,598.1000000000001,2547.9500000000003
R005,CNO,T2_SD_CNO,2026_06_21_merged.mat,OF2,2,50972,11975,598.7,2548.55
R005,CNO,T2_SD_CNO,2026_06_21_merged.mat,OF2,1,50983,11986,599.2500000000001,2549.1000000000004
R005,CNO,T2_SD_CNO,2026_06_21_merged.mat,OF2,2,51034,12037,601.8000000000001,2551.65
R005,CNO,T2_SD_CNO,2026_06_21_merged.mat,OF2,2,51035,12038,601.8500000000001,2551.7000000000003
R005,CNO,T2_SD_CNO,2026_06_21_merged.mat,OF2,2,51036,12039,601.9000000000001,2551.75
R005,CNO,T2_SD_CNO,2026_06_21_merged.mat,OF2,2,51037,12040,601.95,2551.8
R005,CNO,T2_SD_CNO,2026_06_21_merged.mat,OF2,2,51038,12041,602.0000000000001,2551.8500000000004
R005,CNO,T2_SD_CNO,2026_06_21_merged.mat,OF2,2,51062,12065,603.2,2553.05
R005,CNO,T2_SD_CNO,2026_06_21_merged.mat,OF2,2,51063,12066,603.2500000000001,2553.1000000000004
R005,CNO,T2_SD_CNO,2026_06_21_merged.mat,OF2,2,51064,12067,603.3000000000001,2553.15
R005,CNO,T2_SD_CNO,2026_06_21_merged.mat,OF2,2,51065,12068,603.3500000000001,2553.2000000000003
R005,CNO,T2_SD_CNO,2026_06_21_merged.mat,OF2,2,51066,12069,603.4000000000001,2553.25
R005,CNO,T2_SD_CNO,2026_06_21_merged.mat,OF2,2,51087,12090,604.45,2554.3
R005,CNO,T2_SD_CNO,2026_06_21_merged.mat,OF2,2,51088,12091,604.5000000000001,2554.3500000000004
R005,CNO,T2_SD_CNO,2026_06_21_merged.mat,OF2,2,51089,12092,604.5500000000001,2554.4
R005,CNO,T2_SD_CNO,2026_06_21_merged.mat,OF2,2,51090,12093,604.6000000000001,2554.4500000000003
R005,CNO,T2_SD_CNO,2026_06_21_merged.mat,OF2,2,51091,12094,604.6500000000001,2554.5
R005,CNO,T2_SD_CNO,2026_06_21_merged.mat,OF2,2,51144,12147,607.3000000000001,2557.15
R005,CNO,T2_SD_CNO,2026_06_21_merged.mat,OF2,2,51209,12212,610.5500000000001,2560.4
R005,CNO,T2_SD_CNO,2026_06_21_merged.mat,OF2,2,51240,12243,612.1000000000001,2561.9500000000003
R005,CNO,T2_SD_CNO,2026_06_21_merged.mat,OF2,2,51241,12244,612.1500000000001,2562.0
R005,CNO,T2_SD_CNO,2026_06_21_merged.mat,OF2,2,51242,12245,612.2,2562.05
R005,CNO,T2_SD_CNO,2026_06_21_merged.mat,OF2,2,51243,12246,612.2500000000001,2562.1000000000004
R005,CNO,T2_SD_CNO,2026_06_21_merged.mat,OF2,2,51277,12280,613.95,2563.8
R005,CNO,T2_SD_CNO,2026_06_21_merged.mat,OF2,2,51278,12281,614.0000000000001,2563.8500000000004
R005,CNO,T2_SD_CNO,2026_06_21_merged.mat,OF2,1,51597,12600,629.95,2579.8
R005,CNO,T2_SD_CNO,2026_06_21_merged.mat,OF2,1,51598,12601,630.0000000000001,2579.8500000000004
R005,CNO,T2_SD_CNO,2026_06_21_merged.mat,OF2,1,51599,12602,630.0500000000001,2579.9
R005,CNO,T2_SD_CNO,2026_06_21_merged.mat,OF2,2,51688,12691,634.5000000000001,2584.3500000000004
R005,CNO,T2_SD_CNO,2026_06_21_merged.mat,OF2,2,51689,12692,634.5500000000001,2584.4
R005,CNO,T2_SD_CNO,2026_06_21_merged.mat,OF2,2,51698,12701,635.0000000000001,2584.8500000000004
R005,CNO,T2_SD_CNO,2026_06_21_merged.mat,OF2,2,51728,12731,636.5000000000001,2586.3500000000004
R005,CNO,T2_SD_CNO,2026_06_21_merged.mat,OF2,2,51729,12732,636.5500000000001,2586.4
R005,CNO,T2_SD_CNO,2026_06_21_merged.mat,OF2,2,51730,12733,636.6000000000001,2586.4500000000003
R005,CNO,T2_SD_CNO,2026_06_21_merged.mat,OF2,2,51759,12762,638.0500000000001,2587.9
R005,CNO,T2_SD_CNO,2026_06_21_merged.mat,OF2,2,51760,12763,638.1000000000001,2587.9500000000003
R005,CNO,T2_SD_CNO,2026_06_21_merged.mat,OF2,2,51761,12764,638.1500000000001,2588.0
R005,CNO,T2_SD_CNO,2026_06_21_merged.mat,OF2,2,51772,12775,638.7,2588.55
R005,CNO,T2_SD_CNO,2026_06_21_merged.mat,OF2,2,51773,12776,638.7500000000001,2588.6000000000004
R005,CNO,T2_SD_CNO,2026_06_21_merged.mat,OF2,1,51795,12798,639.8500000000001,2589.7000000000003
R005,CNO,T2_SD_CNO,2026_06_21_merged.mat,OF2,1,51818,12821,641.0000000000001,2590.8500000000004
R005,CNO,T2_SD_CNO,2026_06_21_merged.mat,OF2,4,51887,12890,644.45,2594.3
R005,CNO,T2_SD_CNO,2026_06_21_merged.mat,OF2,4,51888,12891,644.5000000000001,2594.3500000000004
R005,CNO,T2_SD_CNO,2026_06_21_merged.mat,OF2,2,51907,12910,645.45,2595.3
R005,CNO,T2_SD_CNO,2026_06_21_merged.mat,OF2,2,51908,12911,645.5000000000001,2595.3500000000004
R005,CNO,T2_SD_CNO,2026_06_21_merged.mat,OF2,2,51909,12912,645.5500000000001,2595.4
R005,CNO,T2_SD_CNO,2026_06_21_merged.mat,OF2,2,51910,12913,645.6000000000001,2595.4500000000003
R005,CNO,T2_SD_CNO,2026_06_21_merged.mat,OF2,2,51911,12914,645.6500000000001,2595.5
R005,CNO,T2_SD_CNO,2026_06_21_merged.mat,OF2,1,51939,12942,647.0500000000001,2596.9
R005,CNO,T2_SD_CNO,2026_06_21_merged.mat,OF2,1,51940,12943,647.1000000000001,2596.9500000000003
R005,CNO,T2_SD_CNO,2026_06_21_merged.mat,OF2,1,51941,12944,647.1500000000001,2597.0
