animal,treatment,day_name,session,phase,factor,global_frame_1based,local_frame_1based,time_s,day_elapsed_s
R005,VEH,T1_SD_VEH,2026_06_19_merged.mat,OF1,1,17,17,0.8,0.8
R005,VEH,T1_SD_VEH,2026_06_19_merged.mat,OF1,2,37,37,1.8,1.8
R005,VEH,T1_SD_VEH,2026_06_19_merged.mat,OF1,3,76,76,3.75,3.75
R005,VEH,T1_SD_VEH,2026_06_19_merged.mat,OF1,4,100,100,4.95,4.95
R005,VEH,T1_SD_VEH,2026_06_19_merged.mat,OF1,1,127,127,6.300000000000001,6.300000000000001
R005,VEH,T1_SD_VEH,2026_06_19_merged.mat,OF1,1,128,128,6.3500000000000005,6.3500000000000005
R005,VEH,T1_SD_VEH,2026_06_19_merged.mat,OF1,1,129,129,6.4,6.4
R005,VEH,T1_SD_VEH,2026_06_19_merged.mat,OF1,3,176,176,8.75,8.75
R005,VEH,T1_SD_VEH,2026_06_19_merged.mat,OF1,3,177,177,8.8,8.8
R005,VEH,T1_SD_VEH,2026_06_19_merged.mat,OF1,1,182,182,9.05,9.05
R005,VEH,T1_SD_VEH,2026_06_19_merged.mat,OF1,1,241,241,12.0,12.0
R005,VEH,T1_SD_VEH,2026_06_19_merged.mat,OF1,3,272,272,13.55,13.55
R005,VEH,T1_SD_VEH,2026_06_19_merged.mat,OF1,2,275,275,13.700000000000001,13.700000000000001
R005,VEH,T1_SD_VEH,2026_06_19_merged.mat,OF1,2,276,276,13.75,13.75
R005,VEH,T1_SD_VEH,2026_06_19_merged.mat,OF1,4,283,283,14.100000000000001,14.100000000000001
R005,VEH,T1_SD_VEH,2026_06_19_merged.mat,OF1,3,303,303,15.100000000000001,15.100000000000001
R005,VEH,T1_SD_VEH,2026_06_19_merged.mat,OF1,2,316,316,15.75,15.75
R005,VEH,T1_SD_VEH,2026_06_19_merged.mat,OF1,1,333,333,16.6,16.6
R005,VEH,T1_SD_VEH,2026_06_19_merged.mat,OF1,1,334,334,16.650000000000002,16.650000000000002
R005,VEH,T1_SD_VEH,2026_06_19_merged.mat,OF1,4,368,368,18.35,18.35
R005,VEH,T1_SD_VEH,2026_06_19_merged.mat,OF1,4,369,369,18.400000000000002,18.400000000000002
R005,VEH,T1_SD_VEH,2026_06_19_merged.mat,OF1,4,370,370,18.45,18.45
R005,VEH,T1_SD_VEH,2026_06_19_merged.mat,OF1,4,371,371,18.5,18.5
R005,VEH,T1_SD_VEH,2026_06_19_merged.mat,OF1,3,372,372,18.55,18.55
R005,VEH,T1_SD_VEH,2026_06_19_merged.mat,OF1,3,373,373,18.6,18.6
R005,VEH,T1_SD_VEH,2026_06_19_merged.mat,OF1,3,374,374,18.650000000000002,18.650000000000002
R005,VEH,T1_SD_VEH,2026_06_19_merged.mat,OF1,3,375,375,18.7,18.7
R005,VEH,T1_SD_VEH,2026_06_19_merged.mat,OF1,3,423,423,21.1,21.1
R005,VEH,T1_SD_VEH,2026_06_19_merged.mat,OF1,4,461,461,23.0,23.0
R005,VEH,T1_SD_VEH,2026_06_19_merged.mat,OF1,4,462,462,23.05,23.05
R005,VEH,T1_SD_VEH,2026_06_19_merged.mat,OF1,4,463,463,23.1,23.1
R005,VEH,T1_SD_VEH,2026_06_19_merged.mat,OF1,3,478,478,23.85,23.85
R005,VEH,T1_SD_VEH,2026_06_19_merged.mat,OF1,4,481,481,24.0,24.0
R005,VEH,T1_SD_VEH,2026_06_19_merged.mat,OF1,4,482,482,24.05,24.05
R005,VEH,T1_SD_VEH,2026_06_19_merged.mat,OF1,1,564,564,28.150000000000002,28.150000000000002
R005,VEH,T1_SD_VEH,2026_06_19_merged.mat,OF1,1,565,565,28.200000000000003,28.200000000000003
R005,VEH,T1_SD_VEH,2026_06_19_merged.mat,OF1,1,566,566,28.25,28.25
R005,VEH,T1_SD_VEH,2026_06_19_merged.mat,OF1,1,567,567,28.3,28.3
R005,VEH,T1_SD_VEH,2026_06_19_merged.mat,OF1,1,568,568,28.35,28.35
R005,VEH,T1_SD_VEH,2026_06_19_merged.mat,OF1,1,569,569,28.400000000000002,28.400000000000002
R005,VEH,T1_SD_VEH,2026_06_19_merged.mat,OF1,1,675,675,33.7,33.7
R005,VEH,T1_SD_VEH,2026_06_19_merged.mat,OF1,1,676,676,33.75,33.75
R005,VEH,T1_SD_VEH,2026_06_19_merged.mat,OF1,1,677,677,33.800000000000004,33.800000000000004
R005,VEH,T1_SD_VEH,2026_06_19_merged.mat,OF1,1,686,686,34.25,34.25
R005,VEH,T1_SD_VEH,2026_06_19_merged.mat,OF1,1,687,687,34.300000000000004,34.300000000000004
R005,VEH,T1_SD_VEH,2026_06_19_merged.mat,OF1,1,707,707,35.300000000000004,35.300000000000004
R005,VEH,T1_SD_VEH,2026_06_19_merged.mat,OF1,1,708,708,35.35,35.35
R005,VEH,T1_SD_VEH,2026_06_19_merged.mat,OF1,4,741,741,37.0,37.0
R005,VEH,T1_SD_VEH,2026_06_19_merged.mat,OF1,4,743,743,37.1,37.1
R005,VEH,T1_SD_VEH,2026_06_19_merged.mat,OF1,4,744,744,37.15,37.15
R005,VEH,T1_SD_VEH,2026_06_19_merged.mat,OF1,1,779,779,38.900000000000006,38.900000000000006
R005,VEH,T1_SD_VEH,2026_06_19_merged.mat,OF1,1,780,780,38.95,38.95
R005,VEH,T1_SD_VEH,2026_06_19_merged.mat,OF1,1,781,781,39.0,39.0
R005,VEH,T1_SD_VEH,2026_06_19_merged.mat,OF1,1,782,782,39.050000000000004,39.050000000000004
R005,VEH,T1_SD_VEH,2026_06_19_merged.mat,OF1,1,783,783,39.1,39.1
R005,VEH,T1_SD_VEH,2026_06_19_merged.mat,OF1,1,784,784,39.150000000000006,39.150000000000006
R005,VEH,T1_SD_VEH,2026_06_19_merged.mat,OF1,1,791,791,39.5,39.5
R005,VEH,T1_SD_VEH,2026_06_19_merged.mat,OF1,1,792,792,39.550000000000004,39.550000000000004
R005,VEH,T1_SD_VEH,2026_06_19_merged.mat,OF1,1,793,793,39.6,39.6
R005,VEH,T1_SD_VEH,2026_06_19_merged.mat,OF1,1,794,794,39.650000000000006,39.650000000000006
R005,VEH,T1_SD_VEH,2026_06_19_merged.mat,OF1,1,795,795,39.7,39.7
R005,VEH,T1_SD_VEH,2026_06_19_merged.mat,OF1,1,796,796,39.75,39.75
R005,VEH,T1_SD_VEH,2026_06_19_merged.mat,OF1,1,797,797,39.800000000000004,39.800000000000004
R005,VEH,T1_SD_VEH,2026_06_19_merged.mat,OF1,1,798,798,39.85,39.85
R005,VEH,T1_SD_VEH,2026_06_19_merged.mat,OF1,1,799,799,39.900000000000006,39.900000000000006
R005,VEH,T1_SD_VEH,2026_06_19_merged.mat,OF1,1,800,800,39.95,39.95
R005,VEH,T1_SD_VEH,2026_06_19_merged.mat,OF1,1,809,809,40.400000000000006,40.400000000000006
R005,VEH,T1_SD_VEH,2026_06_19_merged.mat,OF1,1,810,810,40.45,40.45
R005,VEH,T1_SD_VEH,2026_06_19_merged.mat,OF1,1,811,811,40.5,40.5
R005,VEH,T1_SD_VEH,2026_06_19_merged.mat,OF1,1,812,812,40.550000000000004,40.550000000000004
R005,VEH,T1_SD_VEH,2026_06_19_merged.mat,OF1,1,820,820,40.95,40.95
R005,VEH,T1_SD_VEH,2026_06_19_merged.mat,OF1,1,821,821,41.0,41.0
R005,VEH,T1_SD_VEH,2026_06_19_merged.mat,OF1,1,822,822,41.050000000000004,41.050000000000004
R005,VEH,T1_SD_VEH,2026_06_19_merged.mat,OF1,1,830,830,41.45,41.45
R005,VEH,T1_SD_VEH,2026_06_19_merged.mat,OF1,1,833,833,41.6,41.6
R005,VEH,T1_SD_VEH,2026_06_19_merged.mat,OF1,1,834,834,41.650000000000006,41.650000000000006
R005,VEH,T1_SD_VEH,2026_06_19_merged.mat,OF1,1,847,847,42.300000000000004,42.300000000000004
R005,VEH,T1_SD_VEH,2026_06_19_merged.mat,OF1,1,850,850,42.45,42.45
R005,VEH,T1_SD_VEH,2026_06_19_merged.mat,OF1,1,854,854,42.650000000000006,42.650000000000006
R005,VEH,T1_SD_VEH,2026_06_19_merged.mat,OF1,1,855,855,42.7,42.7
R005,VEH,T1_SD_VEH,2026_06_19_merged.mat,OF1,4,884,884,44.150000000000006,44.150000000000006
R005,VEH,T1_SD_VEH,2026_06_19_merged.mat,OF1,1,915,915,45.7,45.7
R005,VEH,T1_SD_VEH,2026_06_19_merged.mat,OF1,1,947,947,47.300000000000004,47.300000000000004
R005,VEH,T1_SD_VEH,2026_06_19_merged.mat,OF1,2,1057,1057,52.800000000000004,52.800000000000004
R005,VEH,T1_SD_VEH,2026_06_19_merged.mat,OF1,4,1076,1076,53.75,53.75
R005,VEH,T1_SD_VEH,2026_06_19_merged.mat,OF1,1,1126,1126,56.25,56.25
R005,VEH,T1_SD_VEH,2026_06_19_merged.mat,OF1,1,1127,1127,56.300000000000004,56.300000000000004
R005,VEH,T1_SD_VEH,2026_06_19_merged.mat,OF1,1,1235,1235,61.7,61.7
R005,VEH,T1_SD_VEH,2026_06_19_merged.mat,OF1,1,1236,1236,61.75,61.75
R005,VEH,T1_SD_VEH,2026_06_19_merged.mat,OF1,1,1237,1237,61.800000000000004,61.800000000000004
R005,VEH,T1_SD_VEH,2026_06_19_merged.mat,OF1,1,1238,1238,61.85,61.85
R005,VEH,T1_SD_VEH,2026_06_19_merged.mat,OF1,1,1245,1245,62.2,62.2
R005,VEH,T1_SD_VEH,2026_06_19_merged.mat,OF1,1,1246,1246,62.25,62.25
R005,VEH,T1_SD_VEH,2026_06_19_merged.mat,OF1,1,1247,1247,62.300000000000004,62.300000000000004
R005,VEH,T1_SD_VEH,2026_06_19_merged.mat,OF1,1,1248,1248,62.35,62.35
R005,VEH,T1_SD_VEH,2026_06_19_merged.mat,OF1,1,1257,1257,62.800000000000004,62.800000000000004
R005,VEH,T1_SD_VEH,2026_06_19_merged.mat,OF1,1,1258,1258,62.85,62.85
R005,VEH,T1_SD_VEH,2026_06_19_merged.mat,OF1,1,1259,1259,62.900000000000006,62.900000000000006
R005,VEH,T1_SD_VEH,2026_06_19_merged.mat,OF1,1,1267,1267,63.300000000000004,63.300000000000004
R005,VEH,T1_SD_VEH,2026_06_19_merged.mat,OF1,1,1268,1268,63.35,63.35
R005,VEH,T1_SD_VEH,2026_06_19_merged.mat,OF1,1,1269,1269,63.400000000000006,63.400000000000006
R005,VEH,T1_SD_VEH,2026_06_19_merged.mat,OF1,1,1270,1270,63.45,63.45
R005,VEH,T1_SD_VEH,2026_06_19_merged.mat,OF1,1,1330,1330,66.45,66.45
R005,VEH,T1_SD_VEH,2026_06_19_merged.mat,OF1,1,1331,1331,66.5,66.5
R005,VEH,T1_SD_VEH,2026_06_19_merged.mat,OF1,1,1333,1333,66.60000000000001,66.60000000000001
R005,VEH,T1_SD_VEH,2026_06_19_merged.mat,OF1,1,1334,1334,66.65,66.65
R005,VEH,T1_SD_VEH,2026_06_19_merged.mat,OF1,4,1422,1422,71.05,71.05
R005,VEH,T1_SD_VEH,2026_06_19_merged.mat,OF1,4,1423,1423,71.10000000000001,71.10000000000001
R005,VEH,T1_SD_VEH,2026_06_19_merged.mat,OF1,4,1424,1424,71.15,71.15
R005,VEH,T1_SD_VEH,2026_06_19_merged.mat,OF1,1,1445,1445,72.2,72.2
R005,VEH,T1_SD_VEH,2026_06_19_merged.mat,OF1,1,1446,1446,72.25,72.25
R005,VEH,T1_SD_VEH,2026_06_19_merged.mat,OF1,1,1447,1447,72.3,72.3
R005,VEH,T1_SD_VEH,2026_06_19_merged.mat,OF1,3,1504,1504,75.15,75.15
R005,VEH,T1_SD_VEH,2026_06_19_merged.mat,OF1,3,1505,1505,75.2,75.2
R005,VEH,T1_SD_VEH,2026_06_19_merged.mat,OF1,1,1512,1512,75.55,75.55
R005,VEH,T1_SD_VEH,2026_06_19_merged.mat,OF1,1,1513,1513,75.60000000000001,75.60000000000001
R005,VEH,T1_SD_VEH,2026_06_19_merged.mat,OF1,1,1525,1525,76.2,76.2
R005,VEH,T1_SD_VEH,2026_06_19_merged.mat,OF1,3,1534,1534,76.65,76.65
R005,VEH,T1_SD_VEH,2026_06_19_merged.mat,OF1,1,1537,1537,76.80000000000001,76.80000000000001
R005,VEH,T1_SD_VEH,2026_06_19_merged.mat,OF1,3,1598,1598,79.85000000000001,79.85000000000001
R005,VEH,T1_SD_VEH,2026_06_19_merged.mat,OF1,3,1599,1599,79.9,79.9
R005,VEH,T1_SD_VEH,2026_06_19_merged.mat,OF1,3,1601,1601,80.0,80.0
R005,VEH,T1_SD_VEH,2026_06_19_merged.mat,OF1,4,1603,1603,80.10000000000001,80.10000000000001
R005,VEH,T1_SD_VEH,2026_06_19_merged.mat,OF1,4,1676,1676,83.75,83.75
R005,VEH,T1_SD_VEH,2026_06_19_merged.mat,OF1,4,1782,1782,89.05000000000001,89.05000000000001
R005,VEH,T1_SD_VEH,2026_06_19_merged.mat,OF1,4,1783,1783,89.10000000000001,89.10000000000001
R005,VEH,T1_SD_VEH,2026_06_19_merged.mat,OF1,4,1784,1784,89.15,89.15
R005,VEH,T1_SD_VEH,2026_06_19_merged.mat,OF1,4,1796,1796,89.75,89.75
R005,VEH,T1_SD_VEH,2026_06_19_merged.mat,OF1,4,1797,1797,89.80000000000001,89.80000000000001
R005,VEH,T1_SD_VEH,2026_06_19_merged.mat,OF1,3,1810,1810,90.45,90.45
R005,VEH,T1_SD_VEH,2026_06_19_merged.mat,OF1,2,1893,1893,94.60000000000001,94.60000000000001
R005,VEH,T1_SD_VEH,2026_06_19_merged.mat,OF1,2,1894,1894,94.65,94.65
R005,VEH,T1_SD_VEH,2026_06_19_merged.mat,OF1,4,1912,1912,95.55000000000001,95.55000000000001
R005,VEH,T1_SD_VEH,2026_06_19_merged.mat,OF1,2,1913,1913,95.60000000000001,95.60000000000001
R005,VEH,T1_SD_VEH,2026_06_19_merged.mat,OF1,1,1962,1962,98.05000000000001,98.05000000000001
R005,VEH,T1_SD_VEH,2026_06_19_merged.mat,OF1,1,2016,2016,100.75,100.75
R005,VEH,T1_SD_VEH,2026_06_19_merged.mat,OF1,1,2035,2035,101.7,101.7
R005,VEH,T1_SD_VEH,2026_06_19_merged.mat,OF1,1,2088,2088,104.35000000000001,104.35000000000001
R005,VEH,T1_SD_VEH,2026_06_19_merged.mat,OF1,1,2089,2089,104.4,104.4
R005,VEH,T1_SD_VEH,2026_06_19_merged.mat,OF1,1,2090,2090,104.45,104.45
R005,VEH,T1_SD_VEH,2026_06_19_merged.mat,OF1,1,2115,2115,105.7,105.7
R005,VEH,T1_SD_VEH,2026_06_19_merged.mat,OF1,1,2259,2259,112.9,112.9
R005,VEH,T1_SD_VEH,2026_06_19_merged.mat,OF1,1,2271,2271,113.5,113.5
R005,VEH,T1_SD_VEH,2026_06_19_merged.mat,OF1,4,2378,2378,118.85000000000001,118.85000000000001
R005,VEH,T1_SD_VEH,2026_06_19_merged.mat,OF1,4,2379,2379,118.9,118.9
R005,VEH,T1_SD_VEH,2026_06_19_merged.mat,OF1,4,2380,2380,118.95,118.95
R005,VEH,T1_SD_VEH,2026_06_19_merged.mat,OF1,1,2509,2509,125.4,125.4
R005,VEH,T1_SD_VEH,2026_06_19_merged.mat,OF1,1,2512,2512,125.55000000000001,125.55000000000001
R005,VEH,T1_SD_VEH,2026_06_19_merged.mat,OF1,1,2591,2591,129.5,129.5
R005,VEH,T1_SD_VEH,2026_06_19_merged.mat,OF1,1,2651,2651,132.5,132.5
R005,VEH,T1_SD_VEH,2026_06_19_merged.mat,OF1,1,2683,2683,134.1,134.1
R005,VEH,T1_SD_VEH,2026_06_19_merged.mat,OF1,1,2684,2684,134.15,134.15
R005,VEH,T1_SD_VEH,2026_06_19_merged.mat,OF1,1,2685,2685,134.20000000000002,134.20000000000002
R005,VEH,T1_SD_VEH,2026_06_19_merged.mat,OF1,1,2686,2686,134.25,134.25
R005,VEH,T1_SD_VEH,2026_06_19_merged.mat,OF1,2,2732,2732,136.55,136.55
R005,VEH,T1_SD_VEH,2026_06_19_merged.mat,OF1,4,2795,2795,139.70000000000002,139.70000000000002
R005,VEH,T1_SD_VEH,2026_06_19_merged.mat,OF1,4,2796,2796,139.75,139.75
R005,VEH,T1_SD_VEH,2026_06_19_merged.mat,OF1,4,2805,2805,140.20000000000002,140.20000000000002
R005,VEH,T1_SD_VEH,2026_06_19_merged.mat,OF1,4,2869,2869,143.4,143.4
R005,VEH,T1_SD_VEH,2026_06_19_merged.mat,OF1,1,2903,2903,145.1,145.1
R005,VEH,T1_SD_VEH,2026_06_19_merged.mat,OF1,1,2904,2904,145.15,145.15
R005,VEH,T1_SD_VEH,2026_06_19_merged.mat,OF1,1,2905,2905,145.20000000000002,145.20000000000002
R005,VEH,T1_SD_VEH,2026_06_19_merged.mat,OF1,1,2906,2906,145.25,145.25
R005,VEH,T1_SD_VEH,2026_06_19_merged.mat,OF1,1,2907,2907,145.3,145.3
R005,VEH,T1_SD_VEH,2026_06_19_merged.mat,OF1,4,2931,2931,146.5,146.5
R005,VEH,T1_SD_VEH,2026_06_19_merged.mat,OF1,1,2992,2992,149.55,149.55
R005,VEH,T1_SD_VEH,2026_06_19_merged.mat,OF1,1,2993,2993,149.6,149.6
R005,VEH,T1_SD_VEH,2026_06_19_merged.mat,OF1,1,2994,2994,149.65,149.65
R005,VEH,T1_SD_VEH,2026_06_19_merged.mat,OF1,1,2995,2995,149.70000000000002,149.70000000000002
R005,VEH,T1_SD_VEH,2026_06_19_merged.mat,OF1,1,2996,2996,149.75,149.75
R005,VEH,T1_SD_VEH,2026_06_19_merged.mat,OF1,4,3013,3013,150.6,150.6
R005,VEH,T1_SD_VEH,2026_06_19_merged.mat,OF1,3,3084,3084,154.15,154.15
R005,VEH,T1_SD_VEH,2026_06_19_merged.mat,OF1,4,3089,3089,154.4,154.4
R005,VEH,T1_SD_VEH,2026_06_19_merged.mat,OF1,2,3090,3090,154.45000000000002,154.45000000000002
R005,VEH,T1_SD_VEH,2026_06_19_merged.mat,OF1,3,3092,3092,154.55,154.55
R005,VEH,T1_SD_VEH,2026_06_19_merged.mat,OF1,4,3111,3111,155.5,155.5
R005,VEH,T1_SD_VEH,2026_06_19_merged.mat,OF1,4,3112,3112,155.55,155.55
R005,VEH,T1_SD_VEH,2026_06_19_merged.mat,OF1,3,3115,3115,155.70000000000002,155.70000000000002
R005,VEH,T1_SD_VEH,2026_06_19_merged.mat,OF1,3,3116,3116,155.75,155.75
R005,VEH,T1_SD_VEH,2026_06_19_merged.mat,OF1,2,3210,3210,160.45000000000002,160.45000000000002
R005,VEH,T1_SD_VEH,2026_06_19_merged.mat,OF1,2,3211,3211,160.5,160.5
R005,VEH,T1_SD_VEH,2026_06_19_merged.mat,OF1,3,3266,3266,163.25,163.25
R005,VEH,T1_SD_VEH,2026_06_19_merged.mat,OF1,4,3318,3318,165.85000000000002,165.85000000000002
R005,VEH,T1_SD_VEH,2026_06_19_merged.mat,OF1,4,3319,3319,165.9,165.9
R005,VEH,T1_SD_VEH,2026_06_19_merged.mat,OF1,4,3320,3320,165.95000000000002,165.95000000000002
R005,VEH,T1_SD_VEH,2026_06_19_merged.mat,OF1,4,3321,3321,166.0,166.0
R005,VEH,T1_SD_VEH,2026_06_19_merged.mat,OF1,4,3322,3322,166.05,166.05
R005,VEH,T1_SD_VEH,2026_06_19_merged.mat,OF1,4,3330,3330,166.45000000000002,166.45000000000002
R005,VEH,T1_SD_VEH,2026_06_19_merged.mat,OF1,4,3331,3331,166.5,166.5
R005,VEH,T1_SD_VEH,2026_06_19_merged.mat,OF1,2,3343,3343,167.10000000000002,167.10000000000002
R005,VEH,T1_SD_VEH,2026_06_19_merged.mat,OF1,4,3401,3401,170.0,170.0
R005,VEH,T1_SD_VEH,2026_06_19_merged.mat,OF1,4,3402,3402,170.05,170.05
R005,VEH,T1_SD_VEH,2026_06_19_merged.mat,OF1,4,3431,3431,171.5,171.5
R005,VEH,T1_SD_VEH,2026_06_19_merged.mat,OF1,3,3433,3433,171.60000000000002,171.60000000000002
R005,VEH,T1_SD_VEH,2026_06_19_merged.mat,OF1,4,3434,3434,171.65,171.65
R005,VEH,T1_SD_VEH,2026_06_19_merged.mat,OF1,4,3436,3436,171.75,171.75
R005,VEH,T1_SD_VEH,2026_06_19_merged.mat,OF1,3,3437,3437,171.8,171.8
R005,VEH,T1_SD_VEH,2026_06_19_merged.mat,OF1,3,3460,3460,172.95000000000002,172.95000000000002
R005,VEH,T1_SD_VEH,2026_06_19_merged.mat,OF1,3,3461,3461,173.0,173.0
R005,VEH,T1_SD_VEH,2026_06_19_merged.mat,OF1,4,3489,3489,174.4,174.4
R005,VEH,T1_SD_VEH,2026_06_19_merged.mat,OF1,4,3490,3490,174.45000000000002,174.45000000000002
R005,VEH,T1_SD_VEH,2026_06_19_merged.mat,OF1,1,3609,3609,180.4,180.4
R005,VEH,T1_SD_VEH,2026_06_19_merged.mat,OF1,4,3660,3660,182.95000000000002,182.95000000000002
R005,VEH,T1_SD_VEH,2026_06_19_merged.mat,OF1,3,3680,3680,183.95000000000002,183.95000000000002
R005,VEH,T1_SD_VEH,2026_06_19_merged.mat,OF1,3,3681,3681,184.0,184.0
R005,VEH,T1_SD_VEH,2026_06_19_merged.mat,OF1,3,3718,3718,185.85000000000002,185.85000000000002
R005,VEH,T1_SD_VEH,2026_06_19_merged.mat,OF1,4,3740,3740,186.95000000000002,186.95000000000002
R005,VEH,T1_SD_VEH,2026_06_19_merged.mat,OF1,4,3741,3741,187.0,187.0
R005,VEH,T1_SD_VEH,2026_06_19_merged.mat,OF1,3,3829,3829,191.4,191.4
R005,VEH,T1_SD_VEH,2026_06_19_merged.mat,OF1,3,3941,3941,197.0,197.0
R005,VEH,T1_SD_VEH,2026_06_19_merged.mat,OF1,4,3948,3948,197.35000000000002,197.35000000000002
R005,VEH,T1_SD_VEH,2026_06_19_merged.mat,OF1,4,3949,3949,197.4,197.4
R005,VEH,T1_SD_VEH,2026_06_19_merged.mat,OF1,3,3982,3982,199.05,199.05
R005,VEH,T1_SD_VEH,2026_06_19_merged.mat,OF1,3,3983,3983,199.10000000000002,199.10000000000002
R005,VEH,T1_SD_VEH,2026_06_19_merged.mat,OF1,3,4065,4065,203.20000000000002,203.20000000000002
R005,VEH,T1_SD_VEH,2026_06_19_merged.mat,OF1,4,4123,4123,206.10000000000002,206.10000000000002
R005,VEH,T1_SD_VEH,2026_06_19_merged.mat,OF1,4,4124,4124,206.15,206.15
R005,VEH,T1_SD_VEH,2026_06_19_merged.mat,OF1,3,4125,4125,206.20000000000002,206.20000000000002
R005,VEH,T1_SD_VEH,2026_06_19_merged.mat,OF1,3,4126,4126,206.25,206.25
R005,VEH,T1_SD_VEH,2026_06_19_merged.mat,OF1,3,4127,4127,206.3,206.3
R005,VEH,T1_SD_VEH,2026_06_19_merged.mat,OF1,4,4131,4131,206.5,206.5
R005,VEH,T1_SD_VEH,2026_06_19_merged.mat,OF1,4,4132,4132,206.55,206.55
R005,VEH,T1_SD_VEH,2026_06_19_merged.mat,OF1,4,4133,4133,206.60000000000002,206.60000000000002
R005,VEH,T1_SD_VEH,2026_06_19_merged.mat,OF1,3,4141,4141,207.0,207.0
R005,VEH,T1_SD_VEH,2026_06_19_merged.mat,OF1,4,4175,4175,208.70000000000002,208.70000000000002
R005,VEH,T1_SD_VEH,2026_06_19_merged.mat,OF1,4,4176,4176,208.75,208.75
R005,VEH,T1_SD_VEH,2026_06_19_merged.mat,OF1,4,4179,4179,208.9,208.9
R005,VEH,T1_SD_VEH,2026_06_19_merged.mat,OF1,2,4191,4191,209.5,209.5
R005,VEH,T1_SD_VEH,2026_06_19_merged.mat,OF1,2,4192,4192,209.55,209.55
R005,VEH,T1_SD_VEH,2026_06_19_merged.mat,OF1,2,4193,4193,209.60000000000002,209.60000000000002
R005,VEH,T1_SD_VEH,2026_06_19_merged.mat,OF1,3,4204,4204,210.15,210.15
R005,VEH,T1_SD_VEH,2026_06_19_merged.mat,OF1,4,4205,4205,210.20000000000002,210.20000000000002
R005,VEH,T1_SD_VEH,2026_06_19_merged.mat,OF1,3,4217,4217,210.8,210.8
R005,VEH,T1_SD_VEH,2026_06_19_merged.mat,OF1,3,4218,4218,210.85000000000002,210.85000000000002
R005,VEH,T1_SD_VEH,2026_06_19_merged.mat,OF1,4,4227,4227,211.3,211.3
R005,VEH,T1_SD_VEH,2026_06_19_merged.mat,OF1,4,4254,4254,212.65,212.65
R005,VEH,T1_SD_VEH,2026_06_19_merged.mat,OF1,4,4255,4255,212.70000000000002,212.70000000000002
R005,VEH,T1_SD_VEH,2026_06_19_merged.mat,OF1,4,4314,4314,215.65,215.65
R005,VEH,T1_SD_VEH,2026_06_19_merged.mat,OF1,4,4315,4315,215.70000000000002,215.70000000000002
R005,VEH,T1_SD_VEH,2026_06_19_merged.mat,OF1,4,4316,4316,215.75,215.75
R005,VEH,T1_SD_VEH,2026_06_19_merged.mat,OF1,2,4339,4339,216.9,216.9
R005,VEH,T1_SD_VEH,2026_06_19_merged.mat,OF1,4,4340,4340,216.95000000000002,216.95000000000002
R005,VEH,T1_SD_VEH,2026_06_19_merged.mat,OF1,1,4362,4362,218.05,218.05
R005,VEH,T1_SD_VEH,2026_06_19_merged.mat,OF1,1,4378,4378,218.85000000000002,218.85000000000002
R005,VEH,T1_SD_VEH,2026_06_19_merged.mat,OF1,1,4387,4387,219.3,219.3
R005,VEH,T1_SD_VEH,2026_06_19_merged.mat,OF1,1,4424,4424,221.15,221.15
R005,VEH,T1_SD_VEH,2026_06_19_merged.mat,OF1,1,4432,4432,221.55,221.55
R005,VEH,T1_SD_VEH,2026_06_19_merged.mat,OF1,1,4433,4433,221.60000000000002,221.60000000000002
R005,VEH,T1_SD_VEH,2026_06_19_merged.mat,OF1,1,4434,4434,221.65,221.65
R005,VEH,T1_SD_VEH,2026_06_19_merged.mat,OF1,1,4435,4435,221.70000000000002,221.70000000000002
R005,VEH,T1_SD_VEH,2026_06_19_merged.mat,OF1,1,4453,4453,222.60000000000002,222.60000000000002
R005,VEH,T1_SD_VEH,2026_06_19_merged.mat,OF1,1,4465,4465,223.20000000000002,223.20000000000002
R005,VEH,T1_SD_VEH,2026_06_19_merged.mat,OF1,1,4466,4466,223.25,223.25
R005,VEH,T1_SD_VEH,2026_06_19_merged.mat,OF1,1,4467,4467,223.3,223.3
R005,VEH,T1_SD_VEH,2026_06_19_merged.mat,OF1,1,4468,4468,223.35000000000002,223.35000000000002
R005,VEH,T1_SD_VEH,2026_06_19_merged.mat,OF1,1,4487,4487,224.3,224.3
R005,VEH,T1_SD_VEH,2026_06_19_merged.mat,OF1,1,4488,4488,224.35000000000002,224.35000000000002
R005,VEH,T1_SD_VEH,2026_06_19_merged.mat,OF1,1,4520,4520,225.95000000000002,225.95000000000002
R005,VEH,T1_SD_VEH,2026_06_19_merged.mat,OF1,1,4567,4567,228.3,228.3
R005,VEH,T1_SD_VEH,2026_06_19_merged.mat,OF1,1,4568,4568,228.35000000000002,228.35000000000002
R005,VEH,T1_SD_VEH,2026_06_19_merged.mat,OF1,1,4569,4569,228.4,228.4
R005,VEH,T1_SD_VEH,2026_06_19_merged.mat,OF1,1,4570,4570,228.45000000000002,228.45000000000002
R005,VEH,T1_SD_VEH,2026_06_19_merged.mat,OF1,1,4571,4571,228.5,228.5
R005,VEH,T1_SD_VEH,2026_06_19_merged.mat,OF1,1,4594,4594,229.65,229.65
R005,VEH,T1_SD_VEH,2026_06_19_merged.mat,OF1,1,4595,4595,229.70000000000002,229.70000000000002
R005,VEH,T1_SD_VEH,2026_06_19_merged.mat,OF1,1,4596,4596,229.75,229.75
R005,VEH,T1_SD_VEH,2026_06_19_merged.mat,OF1,1,4597,4597,229.8,229.8
R005,VEH,T1_SD_VEH,2026_06_19_merged.mat,OF1,1,4605,4605,230.20000000000002,230.20000000000002
R005,VEH,T1_SD_VEH,2026_06_19_merged.mat,OF1,1,4617,4617,230.8,230.8
R005,VEH,T1_SD_VEH,2026_06_19_merged.mat,OF1,1,4618,4618,230.85000000000002,230.85000000000002
R005,VEH,T1_SD_VEH,2026_06_19_merged.mat,OF1,1,4619,4619,230.9,230.9
R005,VEH,T1_SD_VEH,2026_06_19_merged.mat,OF1,1,4680,4680,233.95000000000002,233.95000000000002
R005,VEH,T1_SD_VEH,2026_06_19_merged.mat,OF1,1,4683,4683,234.10000000000002,234.10000000000002
R005,VEH,T1_SD_VEH,2026_06_19_merged.mat,OF1,1,4721,4721,236.0,236.0
R005,VEH,T1_SD_VEH,2026_06_19_merged.mat,OF1,1,4722,4722,236.05,236.05
R005,VEH,T1_SD_VEH,2026_06_19_merged.mat,OF1,1,4723,4723,236.10000000000002,236.10000000000002
R005,VEH,T1_SD_VEH,2026_06_19_merged.mat,OF1,1,4724,4724,236.15,236.15
R005,VEH,T1_SD_VEH,2026_06_19_merged.mat,OF1,1,4725,4725,236.20000000000002,236.20000000000002
R005,VEH,T1_SD_VEH,2026_06_19_merged.mat,OF1,1,4726,4726,236.25,236.25
R005,VEH,T1_SD_VEH,2026_06_19_merged.mat,OF1,1,4728,4728,236.35000000000002,236.35000000000002
R005,VEH,T1_SD_VEH,2026_06_19_merged.mat,OF1,1,4729,4729,236.4,236.4
R005,VEH,T1_SD_VEH,2026_06_19_merged.mat,OF1,1,4732,4732,236.55,236.55
R005,VEH,T1_SD_VEH,2026_06_19_merged.mat,OF1,1,4764,4764,238.15,238.15
R005,VEH,T1_SD_VEH,2026_06_19_merged.mat,OF1,1,4765,4765,238.20000000000002,238.20000000000002
R005,VEH,T1_SD_VEH,2026_06_19_merged.mat,OF1,1,4766,4766,238.25,238.25
R005,VEH,T1_SD_VEH,2026_06_19_merged.mat,OF1,1,4767,4767,238.3,238.3
R005,VEH,T1_SD_VEH,2026_06_19_merged.mat,OF1,1,4768,4768,238.35000000000002,238.35000000000002
R005,VEH,T1_SD_VEH,2026_06_19_merged.mat,OF1,1,4817,4817,240.8,240.8
R005,VEH,T1_SD_VEH,2026_06_19_merged.mat,OF1,1,4818,4818,240.85000000000002,240.85000000000002
R005,VEH,T1_SD_VEH,2026_06_19_merged.mat,OF1,1,4819,4819,240.9,240.9
R005,VEH,T1_SD_VEH,2026_06_19_merged.mat,OF1,1,4820,4820,240.95000000000002,240.95000000000002
R005,VEH,T1_SD_VEH,2026_06_19_merged.mat,OF1,1,4821,4821,241.0,241.0
R005,VEH,T1_SD_VEH,2026_06_19_merged.mat,OF1,1,4822,4822,241.05,241.05
R005,VEH,T1_SD_VEH,2026_06_19_merged.mat,OF1,1,4906,4906,245.25,245.25
R005,VEH,T1_SD_VEH,2026_06_19_merged.mat,OF1,1,4907,4907,245.3,245.3
R005,VEH,T1_SD_VEH,2026_06_19_merged.mat,OF1,1,4932,4932,246.55,246.55
R005,VEH,T1_SD_VEH,2026_06_19_merged.mat,OF1,1,4965,4965,248.20000000000002,248.20000000000002
R005,VEH,T1_SD_VEH,2026_06_19_merged.mat,OF1,1,4966,4966,248.25,248.25
R005,VEH,T1_SD_VEH,2026_06_19_merged.mat,OF1,1,4967,4967,248.3,248.3
R005,VEH,T1_SD_VEH,2026_06_19_merged.mat,OF1,1,4978,4978,248.85000000000002,248.85000000000002
R005,VEH,T1_SD_VEH,2026_06_19_merged.mat,OF1,1,4979,4979,248.9,248.9
R005,VEH,T1_SD_VEH,2026_06_19_merged.mat,OF1,1,4988,4988,249.35000000000002,249.35000000000002
R005,VEH,T1_SD_VEH,2026_06_19_merged.mat,OF1,1,4989,4989,249.4,249.4
R005,VEH,T1_SD_VEH,2026_06_19_merged.mat,OF1,1,4990,4990,249.45000000000002,249.45000000000002
R005,VEH,T1_SD_VEH,2026_06_19_merged.mat,OF1,1,4991,4991,249.5,249.5
R005,VEH,T1_SD_VEH,2026_06_19_merged.mat,OF1,1,4992,4992,249.55,249.55
R005,VEH,T1_SD_VEH,2026_06_19_merged.mat,OF1,1,4993,4993,249.60000000000002,249.60000000000002
R005,VEH,T1_SD_VEH,2026_06_19_merged.mat,OF1,1,5011,5011,250.5,250.5
R005,VEH,T1_SD_VEH,2026_06_19_merged.mat,OF1,1,5012,5012,250.55,250.55
R005,VEH,T1_SD_VEH,2026_06_19_merged.mat,OF1,1,5013,5013,250.60000000000002,250.60000000000002
R005,VEH,T1_SD_VEH,2026_06_19_merged.mat,OF1,1,5032,5032,251.55,251.55
R005,VEH,T1_SD_VEH,2026_06_19_merged.mat,OF1,1,5033,5033,251.60000000000002,251.60000000000002
R005,VEH,T1_SD_VEH,2026_06_19_merged.mat,OF1,1,5034,5034,251.65,251.65
R005,VEH,T1_SD_VEH,2026_06_19_merged.mat,OF1,1,5035,5035,251.70000000000002,251.70000000000002
R005,VEH,T1_SD_VEH,2026_06_19_merged.mat,OF1,1,5036,5036,251.75,251.75
R005,VEH,T1_SD_VEH,2026_06_19_merged.mat,OF1,1,5037,5037,251.8,251.8
R005,VEH,T1_SD_VEH,2026_06_19_merged.mat,OF1,1,5044,5044,252.15,252.15
R005,VEH,T1_SD_VEH,2026_06_19_merged.mat,OF1,1,5045,5045,252.20000000000002,252.20000000000002
R005,VEH,T1_SD_VEH,2026_06_19_merged.mat,OF1,1,5064,5064,253.15,253.15
R005,VEH,T1_SD_VEH,2026_06_19_merged.mat,OF1,3,5109,5109,255.4,255.4
R005,VEH,T1_SD_VEH,2026_06_19_merged.mat,OF1,3,5110,5110,255.45000000000002,255.45000000000002
R005,VEH,T1_SD_VEH,2026_06_19_merged.mat,OF1,1,5134,5134,256.65000000000003,256.65000000000003
R005,VEH,T1_SD_VEH,2026_06_19_merged.mat,OF1,1,5135,5135,256.7,256.7
R005,VEH,T1_SD_VEH,2026_06_19_merged.mat,OF1,4,5206,5206,260.25,260.25
R005,VEH,T1_SD_VEH,2026_06_19_merged.mat,OF1,2,5219,5219,260.90000000000003,260.90000000000003
R005,VEH,T1_SD_VEH,2026_06_19_merged.mat,OF1,2,5234,5234,261.65000000000003,261.65000000000003
R005,VEH,T1_SD_VEH,2026_06_19_merged.mat,OF1,4,5235,5235,261.7,261.7
R005,VEH,T1_SD_VEH,2026_06_19_merged.mat,OF1,4,5236,5236,261.75,261.75
R005,VEH,T1_SD_VEH,2026_06_19_merged.mat,OF1,1,5263,5263,263.1,263.1
R005,VEH,T1_SD_VEH,2026_06_19_merged.mat,OF1,1,5264,5264,263.15000000000003,263.15000000000003
R005,VEH,T1_SD_VEH,2026_06_19_merged.mat,OF1,1,5265,5265,263.2,263.2
R005,VEH,T1_SD_VEH,2026_06_19_merged.mat,OF1,1,5289,5289,264.40000000000003,264.40000000000003
R005,VEH,T1_SD_VEH,2026_06_19_merged.mat,OF1,1,5290,5290,264.45,264.45
R005,VEH,T1_SD_VEH,2026_06_19_merged.mat,OF1,1,5291,5291,264.5,264.5
R005,VEH,T1_SD_VEH,2026_06_19_merged.mat,OF1,1,5292,5292,264.55,264.55
R005,VEH,T1_SD_VEH,2026_06_19_merged.mat,OF1,1,5293,5293,264.6,264.6
R005,VEH,T1_SD_VEH,2026_06_19_merged.mat,OF1,1,5301,5301,265.0,265.0
R005,VEH,T1_SD_VEH,2026_06_19_merged.mat,OF1,1,5302,5302,265.05,265.05
R005,VEH,T1_SD_VEH,2026_06_19_merged.mat,OF1,2,5356,5356,267.75,267.75
R005,VEH,T1_SD_VEH,2026_06_19_merged.mat,OF1,2,5357,5357,267.8,267.8
R005,VEH,T1_SD_VEH,2026_06_19_merged.mat,OF1,4,5367,5367,268.3,268.3
R005,VEH,T1_SD_VEH,2026_06_19_merged.mat,OF1,4,5368,5368,268.35,268.35
R005,VEH,T1_SD_VEH,2026_06_19_merged.mat,OF1,4,5388,5388,269.35,269.35
R005,VEH,T1_SD_VEH,2026_06_19_merged.mat,OF1,3,5427,5427,271.3,271.3
R005,VEH,T1_SD_VEH,2026_06_19_merged.mat,OF1,4,5429,5429,271.40000000000003,271.40000000000003
R005,VEH,T1_SD_VEH,2026_06_19_merged.mat,OF1,4,5456,5456,272.75,272.75
R005,VEH,T1_SD_VEH,2026_06_19_merged.mat,OF1,3,5465,5465,273.2,273.2
R005,VEH,T1_SD_VEH,2026_06_19_merged.mat,OF1,4,5474,5474,273.65000000000003,273.65000000000003
R005,VEH,T1_SD_VEH,2026_06_19_merged.mat,OF1,4,5510,5510,275.45,275.45
R005,VEH,T1_SD_VEH,2026_06_19_merged.mat,OF1,1,5536,5536,276.75,276.75
R005,VEH,T1_SD_VEH,2026_06_19_merged.mat,OF1,4,5574,5574,278.65000000000003,278.65000000000003
R005,VEH,T1_SD_VEH,2026_06_19_merged.mat,OF1,4,5575,5575,278.7,278.7
R005,VEH,T1_SD_VEH,2026_06_19_merged.mat,OF1,4,5576,5576,278.75,278.75
R005,VEH,T1_SD_VEH,2026_06_19_merged.mat,OF1,4,5577,5577,278.8,278.8
R005,VEH,T1_SD_VEH,2026_06_19_merged.mat,OF1,3,5637,5637,281.8,281.8
R005,VEH,T1_SD_VEH,2026_06_19_merged.mat,OF1,1,5677,5677,283.8,283.8
R005,VEH,T1_SD_VEH,2026_06_19_merged.mat,OF1,1,5678,5678,283.85,283.85
R005,VEH,T1_SD_VEH,2026_06_19_merged.mat,OF1,1,5700,5700,284.95,284.95
R005,VEH,T1_SD_VEH,2026_06_19_merged.mat,OF1,1,5701,5701,285.0,285.0
R005,VEH,T1_SD_VEH,2026_06_19_merged.mat,OF1,1,5702,5702,285.05,285.05
R005,VEH,T1_SD_VEH,2026_06_19_merged.mat,OF1,1,5703,5703,285.1,285.1
R005,VEH,T1_SD_VEH,2026_06_19_merged.mat,OF1,1,5704,5704,285.15000000000003,285.15000000000003
R005,VEH,T1_SD_VEH,2026_06_19_merged.mat,OF1,1,5705,5705,285.2,285.2
R005,VEH,T1_SD_VEH,2026_06_19_merged.mat,OF1,1,5706,5706,285.25,285.25
R005,VEH,T1_SD_VEH,2026_06_19_merged.mat,OF1,1,5723,5723,286.1,286.1
R005,VEH,T1_SD_VEH,2026_06_19_merged.mat,OF1,1,5727,5727,286.3,286.3
R005,VEH,T1_SD_VEH,2026_06_19_merged.mat,OF1,1,5820,5820,290.95,290.95
R005,VEH,T1_SD_VEH,2026_06_19_merged.mat,OF1,1,5821,5821,291.0,291.0
R005,VEH,T1_SD_VEH,2026_06_19_merged.mat,OF1,1,5822,5822,291.05,291.05
R005,VEH,T1_SD_VEH,2026_06_19_merged.mat,OF1,1,5823,5823,291.1,291.1
R005,VEH,T1_SD_VEH,2026_06_19_merged.mat,OF1,1,5824,5824,291.15000000000003,291.15000000000003
R005,VEH,T1_SD_VEH,2026_06_19_merged.mat,OF1,1,5825,5825,291.2,291.2
R005,VEH,T1_SD_VEH,2026_06_19_merged.mat,OF1,1,5826,5826,291.25,291.25
R005,VEH,T1_SD_VEH,2026_06_19_merged.mat,OF1,1,5827,5827,291.3,291.3
R005,VEH,T1_SD_VEH,2026_06_19_merged.mat,OF1,1,5879,5879,293.90000000000003,293.90000000000003
R005,VEH,T1_SD_VEH,2026_06_19_merged.mat,OF1,1,5880,5880,293.95,293.95
R005,VEH,T1_SD_VEH,2026_06_19_merged.mat,OF1,1,5881,5881,294.0,294.0
R005,VEH,T1_SD_VEH,2026_06_19_merged.mat,OF1,1,5882,5882,294.05,294.05
R005,VEH,T1_SD_VEH,2026_06_19_merged.mat,OF1,1,5883,5883,294.1,294.1
R005,VEH,T1_SD_VEH,2026_06_19_merged.mat,OF1,1,5884,5884,294.15000000000003,294.15000000000003
R005,VEH,T1_SD_VEH,2026_06_19_merged.mat,OF1,1,5885,5885,294.2,294.2
R005,VEH,T1_SD_VEH,2026_06_19_merged.mat,OF1,1,5886,5886,294.25,294.25
R005,VEH,T1_SD_VEH,2026_06_19_merged.mat,OF1,1,5887,5887,294.3,294.3
R005,VEH,T1_SD_VEH,2026_06_19_merged.mat,OF1,1,5891,5891,294.5,294.5
R005,VEH,T1_SD_VEH,2026_06_19_merged.mat,OF1,1,5894,5894,294.65000000000003,294.65000000000003
R005,VEH,T1_SD_VEH,2026_06_19_merged.mat,OF1,1,5896,5896,294.75,294.75
R005,VEH,T1_SD_VEH,2026_06_19_merged.mat,OF1,1,5904,5904,295.15000000000003,295.15000000000003
R005,VEH,T1_SD_VEH,2026_06_19_merged.mat,OF1,1,5905,5905,295.2,295.2
R005,VEH,T1_SD_VEH,2026_06_19_merged.mat,OF1,1,5906,5906,295.25,295.25
R005,VEH,T1_SD_VEH,2026_06_19_merged.mat,OF1,1,5907,5907,295.3,295.3
R005,VEH,T1_SD_VEH,2026_06_19_merged.mat,OF1,1,5908,5908,295.35,295.35
R005,VEH,T1_SD_VEH,2026_06_19_merged.mat,OF1,1,5909,5909,295.40000000000003,295.40000000000003
R005,VEH,T1_SD_VEH,2026_06_19_merged.mat,OF1,1,5910,5910,295.45,295.45
R005,VEH,T1_SD_VEH,2026_06_19_merged.mat,OF1,1,5918,5918,295.85,295.85
R005,VEH,T1_SD_VEH,2026_06_19_merged.mat,OF1,1,6003,6003,300.1,300.1
R005,VEH,T1_SD_VEH,2026_06_19_merged.mat,OF1,1,6034,6034,301.65000000000003,301.65000000000003
R005,VEH,T1_SD_VEH,2026_06_19_merged.mat,OF1,1,6045,6045,302.2,302.2
R005,VEH,T1_SD_VEH,2026_06_19_merged.mat,OF1,1,6046,6046,302.25,302.25
R005,VEH,T1_SD_VEH,2026_06_19_merged.mat,OF1,1,6047,6047,302.3,302.3
R005,VEH,T1_SD_VEH,2026_06_19_merged.mat,OF1,1,6048,6048,302.35,302.35
R005,VEH,T1_SD_VEH,2026_06_19_merged.mat,OF1,1,6049,6049,302.40000000000003,302.40000000000003
R005,VEH,T1_SD_VEH,2026_06_19_merged.mat,OF1,1,6111,6111,305.5,305.5
R005,VEH,T1_SD_VEH,2026_06_19_merged.mat,OF1,1,6112,6112,305.55,305.55
R005,VEH,T1_SD_VEH,2026_06_19_merged.mat,OF1,4,6139,6139,306.90000000000003,306.90000000000003
R005,VEH,T1_SD_VEH,2026_06_19_merged.mat,OF1,4,6141,6141,307.0,307.0
R005,VEH,T1_SD_VEH,2026_06_19_merged.mat,OF1,1,6155,6155,307.70000000000005,307.70000000000005
R005,VEH,T1_SD_VEH,2026_06_19_merged.mat,OF1,1,6156,6156,307.75,307.75
R005,VEH,T1_SD_VEH,2026_06_19_merged.mat,OF1,1,6157,6157,307.8,307.8
R005,VEH,T1_SD_VEH,2026_06_19_merged.mat,OF1,1,6158,6158,307.85,307.85
R005,VEH,T1_SD_VEH,2026_06_19_merged.mat,OF1,1,6190,6190,309.45000000000005,309.45000000000005
R005,VEH,T1_SD_VEH,2026_06_19_merged.mat,OF1,1,6191,6191,309.5,309.5
R005,VEH,T1_SD_VEH,2026_06_19_merged.mat,OF1,1,6192,6192,309.55,309.55
R005,VEH,T1_SD_VEH,2026_06_19_merged.mat,OF1,1,6194,6194,309.65000000000003,309.65000000000003
R005,VEH,T1_SD_VEH,2026_06_19_merged.mat,OF1,1,6195,6195,309.70000000000005,309.70000000000005
R005,VEH,T1_SD_VEH,2026_06_19_merged.mat,OF1,1,6196,6196,309.75,309.75
R005,VEH,T1_SD_VEH,2026_06_19_merged.mat,OF1,1,6282,6282,314.05,314.05
R005,VEH,T1_SD_VEH,2026_06_19_merged.mat,OF1,1,6283,6283,314.1,314.1
R005,VEH,T1_SD_VEH,2026_06_19_merged.mat,OF1,1,6309,6309,315.40000000000003,315.40000000000003
R005,VEH,T1_SD_VEH,2026_06_19_merged.mat,OF1,1,6310,6310,315.45000000000005,315.45000000000005
R005,VEH,T1_SD_VEH,2026_06_19_merged.mat,OF1,1,6311,6311,315.5,315.5
R005,VEH,T1_SD_VEH,2026_06_19_merged.mat,OF1,1,6333,6333,316.6,316.6
R005,VEH,T1_SD_VEH,2026_06_19_merged.mat,OF1,1,6335,6335,316.70000000000005,316.70000000000005
R005,VEH,T1_SD_VEH,2026_06_19_merged.mat,OF1,1,6355,6355,317.70000000000005,317.70000000000005
R005,VEH,T1_SD_VEH,2026_06_19_merged.mat,OF1,1,6356,6356,317.75,317.75
R005,VEH,T1_SD_VEH,2026_06_19_merged.mat,OF1,1,6357,6357,317.8,317.8
R005,VEH,T1_SD_VEH,2026_06_19_merged.mat,OF1,1,6358,6358,317.85,317.85
R005,VEH,T1_SD_VEH,2026_06_19_merged.mat,OF1,1,6359,6359,317.90000000000003,317.90000000000003
R005,VEH,T1_SD_VEH,2026_06_19_merged.mat,OF1,1,6360,6360,317.95000000000005,317.95000000000005
R005,VEH,T1_SD_VEH,2026_06_19_merged.mat,OF1,1,6361,6361,318.0,318.0
R005,VEH,T1_SD_VEH,2026_06_19_merged.mat,OF1,1,6373,6373,318.6,318.6
R005,VEH,T1_SD_VEH,2026_06_19_merged.mat,OF1,1,6374,6374,318.65000000000003,318.65000000000003
R005,VEH,T1_SD_VEH,2026_06_19_merged.mat,OF1,1,6375,6375,318.70000000000005,318.70000000000005
R005,VEH,T1_SD_VEH,2026_06_19_merged.mat,OF1,1,6376,6376,318.75,318.75
R005,VEH,T1_SD_VEH,2026_06_19_merged.mat,OF1,1,6398,6398,319.85,319.85
R005,VEH,T1_SD_VEH,2026_06_19_merged.mat,OF1,1,6399,6399,319.90000000000003,319.90000000000003
R005,VEH,T1_SD_VEH,2026_06_19_merged.mat,OF1,2,6431,6431,321.5,321.5
R005,VEH,T1_SD_VEH,2026_06_19_merged.mat,OF1,4,6438,6438,321.85,321.85
R005,VEH,T1_SD_VEH,2026_06_19_merged.mat,OF1,4,6439,6439,321.90000000000003,321.90000000000003
R005,VEH,T1_SD_VEH,2026_06_19_merged.mat,OF1,1,6468,6468,323.35,323.35
R005,VEH,T1_SD_VEH,2026_06_19_merged.mat,OF1,1,6469,6469,323.40000000000003,323.40000000000003
R005,VEH,T1_SD_VEH,2026_06_19_merged.mat,OF1,1,6470,6470,323.45000000000005,323.45000000000005
R005,VEH,T1_SD_VEH,2026_06_19_merged.mat,OF1,1,6471,6471,323.5,323.5
R005,VEH,T1_SD_VEH,2026_06_19_merged.mat,OF1,4,6564,6564,328.1500000000001,328.1500000000001
R005,VEH,T1_SD_VEH,2026_06_19_merged.mat,OF1,4,6566,6566,328.25000000000006,328.25000000000006
R005,VEH,T1_SD_VEH,2026_06_19_merged.mat,OF1,4,6567,6567,328.30000000000007,328.30000000000007
R005,VEH,T1_SD_VEH,2026_06_19_merged.mat,OF1,4,6577,6577,328.80000000000007,328.80000000000007
R005,VEH,T1_SD_VEH,2026_06_19_merged.mat,OF1,4,6593,6593,329.6000000000001,329.6000000000001
R005,VEH,T1_SD_VEH,2026_06_19_merged.mat,OF1,4,6595,6595,329.70000000000005,329.70000000000005
R005,VEH,T1_SD_VEH,2026_06_19_merged.mat,OF1,2,6608,6608,330.3500000000001,330.3500000000001
R005,VEH,T1_SD_VEH,2026_06_19_merged.mat,OF1,2,6609,6609,330.4000000000001,330.4000000000001
R005,VEH,T1_SD_VEH,2026_06_19_merged.mat,OF1,1,6648,6648,332.3500000000001,332.3500000000001
R005,VEH,T1_SD_VEH,2026_06_19_merged.mat,OF1,1,6649,6649,332.4000000000001,332.4000000000001
R005,VEH,T1_SD_VEH,2026_06_19_merged.mat,OF1,4,6779,6779,338.9000000000001,338.9000000000001
R005,VEH,T1_SD_VEH,2026_06_19_merged.mat,OF1,4,6780,6780,338.95000000000005,338.95000000000005
R005,VEH,T1_SD_VEH,2026_06_19_merged.mat,OF1,2,6781,6781,339.00000000000006,339.00000000000006
R005,VEH,T1_SD_VEH,2026_06_19_merged.mat,OF1,3,6783,6783,339.1000000000001,339.1000000000001
R005,VEH,T1_SD_VEH,2026_06_19_merged.mat,OF1,3,6784,6784,339.1500000000001,339.1500000000001
R005,VEH,T1_SD_VEH,2026_06_19_merged.mat,OF1,3,6822,6822,341.05000000000007,341.05000000000007
R005,VEH,T1_SD_VEH,2026_06_19_merged.mat,OF1,4,6838,6838,341.8500000000001,341.8500000000001
R005,VEH,T1_SD_VEH,2026_06_19_merged.mat,OF1,4,6839,6839,341.9000000000001,341.9000000000001
R005,VEH,T1_SD_VEH,2026_06_19_merged.mat,OF1,4,6920,6920,345.9500000000001,345.9500000000001
R005,VEH,T1_SD_VEH,2026_06_19_merged.mat,OF1,4,6921,6921,346.00000000000006,346.00000000000006
R005,VEH,T1_SD_VEH,2026_06_19_merged.mat,OF1,4,6922,6922,346.05000000000007,346.05000000000007
R005,VEH,T1_SD_VEH,2026_06_19_merged.mat,OF1,4,6923,6923,346.1000000000001,346.1000000000001
R005,VEH,T1_SD_VEH,2026_06_19_merged.mat,OF1,4,6924,6924,346.1500000000001,346.1500000000001
R005,VEH,T1_SD_VEH,2026_06_19_merged.mat,OF1,4,6925,6925,346.2000000000001,346.2000000000001
R005,VEH,T1_SD_VEH,2026_06_19_merged.mat,OF1,4,6926,6926,346.25000000000006,346.25000000000006
R005,VEH,T1_SD_VEH,2026_06_19_merged.mat,OF1,4,6974,6974,348.6500000000001,348.6500000000001
R005,VEH,T1_SD_VEH,2026_06_19_merged.mat,OF1,4,6975,6975,348.7000000000001,348.7000000000001
R005,VEH,T1_SD_VEH,2026_06_19_merged.mat,OF1,3,7025,7025,351.2000000000001,351.2000000000001
R005,VEH,T1_SD_VEH,2026_06_19_merged.mat,OF1,4,7063,7063,353.1000000000001,353.1000000000001
R005,VEH,T1_SD_VEH,2026_06_19_merged.mat,OF1,4,7064,7064,353.1500000000001,353.1500000000001
R005,VEH,T1_SD_VEH,2026_06_19_merged.mat,OF1,4,7065,7065,353.2000000000001,353.2000000000001
R005,VEH,T1_SD_VEH,2026_06_19_merged.mat,OF1,4,7067,7067,353.30000000000007,353.30000000000007
R005,VEH,T1_SD_VEH,2026_06_19_merged.mat,OF1,2,7118,7118,355.8500000000001,355.8500000000001
R005,VEH,T1_SD_VEH,2026_06_19_merged.mat,OF1,4,7162,7162,358.05000000000007,358.05000000000007
R005,VEH,T1_SD_VEH,2026_06_19_merged.mat,OF1,2,7193,7193,359.6000000000001,359.6000000000001
R005,VEH,T1_SD_VEH,2026_06_19_merged.mat,OF1,4,7196,7196,359.75000000000006,359.75000000000006
R005,VEH,T1_SD_VEH,2026_06_19_merged.mat,OF1,4,7207,7207,360.30000000000007,360.30000000000007
R005,VEH,T1_SD_VEH,2026_06_19_merged.mat,OF1,4,7208,7208,360.3500000000001,360.3500000000001
R005,VEH,T1_SD_VEH,2026_06_19_merged.mat,OF1,4,7209,7209,360.4000000000001,360.4000000000001
R005,VEH,T1_SD_VEH,2026_06_19_merged.mat,OF1,4,7210,7210,360.4500000000001,360.4500000000001
R005,VEH,T1_SD_VEH,2026_06_19_merged.mat,OF1,4,7211,7211,360.50000000000006,360.50000000000006
R005,VEH,T1_SD_VEH,2026_06_19_merged.mat,OF1,4,7240,7240,361.9500000000001,361.9500000000001
R005,VEH,T1_SD_VEH,2026_06_19_merged.mat,OF1,4,7241,7241,362.00000000000006,362.00000000000006
R005,VEH,T1_SD_VEH,2026_06_19_merged.mat,OF1,4,7242,7242,362.05000000000007,362.05000000000007
R005,VEH,T1_SD_VEH,2026_06_19_merged.mat,OF1,3,7262,7262,363.05000000000007,363.05000000000007
R005,VEH,T1_SD_VEH,2026_06_19_merged.mat,OF1,4,7264,7264,363.1500000000001,363.1500000000001
R005,VEH,T1_SD_VEH,2026_06_19_merged.mat,OF1,4,7265,7265,363.2000000000001,363.2000000000001
R005,VEH,T1_SD_VEH,2026_06_19_merged.mat,OF1,4,7266,7266,363.25000000000006,363.25000000000006
R005,VEH,T1_SD_VEH,2026_06_19_merged.mat,OF1,4,7267,7267,363.30000000000007,363.30000000000007
R005,VEH,T1_SD_VEH,2026_06_19_merged.mat,OF1,3,7272,7272,363.55000000000007,363.55000000000007
R005,VEH,T1_SD_VEH,2026_06_19_merged.mat,OF1,4,7285,7285,364.2000000000001,364.2000000000001
R005,VEH,T1_SD_VEH,2026_06_19_merged.mat,OF1,4,7286,7286,364.25000000000006,364.25000000000006
R005,VEH,T1_SD_VEH,2026_06_19_merged.mat,OF1,3,7309,7309,365.4000000000001,365.4000000000001
R005,VEH,T1_SD_VEH,2026_06_19_merged.mat,OF1,4,7313,7313,365.6000000000001,365.6000000000001
R005,VEH,T1_SD_VEH,2026_06_19_merged.mat,OF1,4,7314,7314,365.6500000000001,365.6500000000001
R005,VEH,T1_SD_VEH,2026_06_19_merged.mat,OF1,2,7316,7316,365.75000000000006,365.75000000000006
R005,VEH,T1_SD_VEH,2026_06_19_merged.mat,OF1,4,7328,7328,366.3500000000001,366.3500000000001
R005,VEH,T1_SD_VEH,2026_06_19_merged.mat,OF1,4,7329,7329,366.4000000000001,366.4000000000001
R005,VEH,T1_SD_VEH,2026_06_19_merged.mat,OF1,4,7330,7330,366.4500000000001,366.4500000000001
R005,VEH,T1_SD_VEH,2026_06_19_merged.mat,OF1,2,7364,7364,368.1500000000001,368.1500000000001
R005,VEH,T1_SD_VEH,2026_06_19_merged.mat,OF1,4,7365,7365,368.2000000000001,368.2000000000001
R005,VEH,T1_SD_VEH,2026_06_19_merged.mat,OF1,4,7366,7366,368.25000000000006,368.25000000000006
R005,VEH,T1_SD_VEH,2026_06_19_merged.mat,OF1,4,7390,7390,369.4500000000001,369.4500000000001
R005,VEH,T1_SD_VEH,2026_06_19_merged.mat,OF1,4,7391,7391,369.50000000000006,369.50000000000006
R005,VEH,T1_SD_VEH,2026_06_19_merged.mat,OF1,2,7430,7430,371.4500000000001,371.4500000000001
R005,VEH,T1_SD_VEH,2026_06_19_merged.mat,OF1,4,7448,7448,372.3500000000001,372.3500000000001
R005,VEH,T1_SD_VEH,2026_06_19_merged.mat,OF1,4,7449,7449,372.4000000000001,372.4000000000001
R005,VEH,T1_SD_VEH,2026_06_19_merged.mat,OF1,4,7450,7450,372.4500000000001,372.4500000000001
R005,VEH,T1_SD_VEH,2026_06_19_merged.mat,OF1,3,7492,7492,374.55000000000007,374.55000000000007
R005,VEH,T1_SD_VEH,2026_06_19_merged.mat,OF1,4,7519,7519,375.9000000000001,375.9000000000001
R005,VEH,T1_SD_VEH,2026_06_19_merged.mat,OF1,4,7520,7520,375.9500000000001,375.9500000000001
R005,VEH,T1_SD_VEH,2026_06_19_merged.mat,OF1,4,7555,7555,377.7000000000001,377.7000000000001
R005,VEH,T1_SD_VEH,2026_06_19_merged.mat,OF1,4,7556,7556,377.75000000000006,377.75000000000006
R005,VEH,T1_SD_VEH,2026_06_19_merged.mat,OF1,4,7557,7557,377.80000000000007,377.80000000000007
R005,VEH,T1_SD_VEH,2026_06_19_merged.mat,OF1,4,7568,7568,378.3500000000001,378.3500000000001
R005,VEH,T1_SD_VEH,2026_06_19_merged.mat,OF1,4,7569,7569,378.4000000000001,378.4000000000001
R005,VEH,T1_SD_VEH,2026_06_19_merged.mat,OF1,4,7570,7570,378.4500000000001,378.4500000000001
R005,VEH,T1_SD_VEH,2026_06_19_merged.mat,OF1,2,7571,7571,378.50000000000006,378.50000000000006
R005,VEH,T1_SD_VEH,2026_06_19_merged.mat,OF1,2,7572,7572,378.55000000000007,378.55000000000007
R005,VEH,T1_SD_VEH,2026_06_19_merged.mat,OF1,3,7610,7610,380.4500000000001,380.4500000000001
R005,VEH,T1_SD_VEH,2026_06_19_merged.mat,OF1,3,7645,7645,382.2000000000001,382.2000000000001
R005,VEH,T1_SD_VEH,2026_06_19_merged.mat,OF1,4,7794,7794,389.6500000000001,389.6500000000001
R005,VEH,T1_SD_VEH,2026_06_19_merged.mat,OF1,3,7795,7795,389.7000000000001,389.7000000000001
R005,VEH,T1_SD_VEH,2026_06_19_merged.mat,OF1,2,7829,7829,391.4000000000001,391.4000000000001
R005,VEH,T1_SD_VEH,2026_06_19_merged.mat,OF1,4,7870,7870,393.4500000000001,393.4500000000001
R005,VEH,T1_SD_VEH,2026_06_19_merged.mat,OF1,4,7871,7871,393.50000000000006,393.50000000000006
R005,VEH,T1_SD_VEH,2026_06_19_merged.mat,OF1,4,7872,7872,393.55000000000007,393.55000000000007
R005,VEH,T1_SD_VEH,2026_06_19_merged.mat,OF1,4,7873,7873,393.6000000000001,393.6000000000001
R005,VEH,T1_SD_VEH,2026_06_19_merged.mat,OF1,4,7898,7898,394.8500000000001,394.8500000000001
R005,VEH,T1_SD_VEH,2026_06_19_merged.mat,OF1,4,7899,7899,394.9000000000001,394.9000000000001
R005,VEH,T1_SD_VEH,2026_06_19_merged.mat,OF1,3,7938,7938,396.8500000000001,396.8500000000001
R005,VEH,T1_SD_VEH,2026_06_19_merged.mat,OF1,3,7939,7939,396.9000000000001,396.9000000000001
R005,VEH,T1_SD_VEH,2026_06_19_merged.mat,OF1,2,7960,7960,397.95000000000005,397.95000000000005
R005,VEH,T1_SD_VEH,2026_06_19_merged.mat,OF1,4,7961,7961,398.0000000000001,398.0000000000001
R005,VEH,T1_SD_VEH,2026_06_19_merged.mat,OF1,4,7962,7962,398.05000000000007,398.05000000000007
R005,VEH,T1_SD_VEH,2026_06_19_merged.mat,OF1,4,7963,7963,398.1000000000001,398.1000000000001
R005,VEH,T1_SD_VEH,2026_06_19_merged.mat,OF1,4,7964,7964,398.1500000000001,398.1500000000001
R005,VEH,T1_SD_VEH,2026_06_19_merged.mat,OF1,2,7971,7971,398.5000000000001,398.5000000000001
R005,VEH,T1_SD_VEH,2026_06_19_merged.mat,OF1,3,8001,8001,400.0000000000001,400.0000000000001
R005,VEH,T1_SD_VEH,2026_06_19_merged.mat,OF1,4,8002,8002,400.05000000000007,400.05000000000007
R005,VEH,T1_SD_VEH,2026_06_19_merged.mat,OF1,4,8003,8003,400.1000000000001,400.1000000000001
R005,VEH,T1_SD_VEH,2026_06_19_merged.mat,OF1,4,8004,8004,400.1500000000001,400.1500000000001
R005,VEH,T1_SD_VEH,2026_06_19_merged.mat,OF1,3,8131,8131,406.5000000000001,406.5000000000001
R005,VEH,T1_SD_VEH,2026_06_19_merged.mat,OF1,4,8132,8132,406.55000000000007,406.55000000000007
R005,VEH,T1_SD_VEH,2026_06_19_merged.mat,OF1,4,8133,8133,406.6000000000001,406.6000000000001
R005,VEH,T1_SD_VEH,2026_06_19_merged.mat,OF1,4,8145,8145,407.20000000000005,407.20000000000005
R005,VEH,T1_SD_VEH,2026_06_19_merged.mat,OF1,4,8222,8222,411.05000000000007,411.05000000000007
R005,VEH,T1_SD_VEH,2026_06_19_merged.mat,OF1,4,8223,8223,411.1000000000001,411.1000000000001
R005,VEH,T1_SD_VEH,2026_06_19_merged.mat,OF1,4,8224,8224,411.1500000000001,411.1500000000001
R005,VEH,T1_SD_VEH,2026_06_19_merged.mat,OF1,3,8226,8226,411.2500000000001,411.2500000000001
R005,VEH,T1_SD_VEH,2026_06_19_merged.mat,OF1,3,8227,8227,411.30000000000007,411.30000000000007
R005,VEH,T1_SD_VEH,2026_06_19_merged.mat,OF1,3,8228,8228,411.3500000000001,411.3500000000001
R005,VEH,T1_SD_VEH,2026_06_19_merged.mat,OF1,3,8237,8237,411.80000000000007,411.80000000000007
R005,VEH,T1_SD_VEH,2026_06_19_merged.mat,OF1,3,8238,8238,411.8500000000001,411.8500000000001
R005,VEH,T1_SD_VEH,2026_06_19_merged.mat,OF1,4,8279,8279,413.9000000000001,413.9000000000001
R005,VEH,T1_SD_VEH,2026_06_19_merged.mat,OF1,4,8281,8281,414.0000000000001,414.0000000000001
R005,VEH,T1_SD_VEH,2026_06_19_merged.mat,OF1,2,8318,8318,415.8500000000001,415.8500000000001
R005,VEH,T1_SD_VEH,2026_06_19_merged.mat,OF1,2,8370,8370,418.45000000000005,418.45000000000005
R005,VEH,T1_SD_VEH,2026_06_19_merged.mat,OF1,1,8415,8415,420.70000000000005,420.70000000000005
R005,VEH,T1_SD_VEH,2026_06_19_merged.mat,OF1,4,8431,8431,421.5000000000001,421.5000000000001
R005,VEH,T1_SD_VEH,2026_06_19_merged.mat,OF1,4,8432,8432,421.55000000000007,421.55000000000007
R005,VEH,T1_SD_VEH,2026_06_19_merged.mat,OF1,3,8461,8461,423.0000000000001,423.0000000000001
R005,VEH,T1_SD_VEH,2026_06_19_merged.mat,OF1,3,8462,8462,423.05000000000007,423.05000000000007
R005,VEH,T1_SD_VEH,2026_06_19_merged.mat,OF1,3,8463,8463,423.1000000000001,423.1000000000001
R005,VEH,T1_SD_VEH,2026_06_19_merged.mat,OF1,3,8464,8464,423.1500000000001,423.1500000000001
R005,VEH,T1_SD_VEH,2026_06_19_merged.mat,OF1,4,8494,8494,424.6500000000001,424.6500000000001
R005,VEH,T1_SD_VEH,2026_06_19_merged.mat,OF1,4,8495,8495,424.70000000000005,424.70000000000005
R005,VEH,T1_SD_VEH,2026_06_19_merged.mat,OF1,4,8497,8497,424.80000000000007,424.80000000000007
R005,VEH,T1_SD_VEH,2026_06_19_merged.mat,OF1,1,8559,8559,427.9000000000001,427.9000000000001
R005,VEH,T1_SD_VEH,2026_06_19_merged.mat,OF1,1,8560,8560,427.95000000000005,427.95000000000005
R005,VEH,T1_SD_VEH,2026_06_19_merged.mat,OF1,1,8561,8561,428.0000000000001,428.0000000000001
R005,VEH,T1_SD_VEH,2026_06_19_merged.mat,OF1,1,8562,8562,428.05000000000007,428.05000000000007
R005,VEH,T1_SD_VEH,2026_06_19_merged.mat,OF1,2,8724,8724,436.1500000000001,436.1500000000001
R005,VEH,T1_SD_VEH,2026_06_19_merged.mat,OF1,2,8725,8725,436.20000000000005,436.20000000000005
R005,VEH,T1_SD_VEH,2026_06_19_merged.mat,OF1,2,8726,8726,436.2500000000001,436.2500000000001
R005,VEH,T1_SD_VEH,2026_06_19_merged.mat,OF1,3,8791,8791,439.5000000000001,439.5000000000001
R005,VEH,T1_SD_VEH,2026_06_19_merged.mat,OF1,2,8793,8793,439.6000000000001,439.6000000000001
R005,VEH,T1_SD_VEH,2026_06_19_merged.mat,OF1,2,8807,8807,440.30000000000007,440.30000000000007
R005,VEH,T1_SD_VEH,2026_06_19_merged.mat,OF1,2,8808,8808,440.3500000000001,440.3500000000001
R005,VEH,T1_SD_VEH,2026_06_19_merged.mat,OF1,2,8898,8898,444.8500000000001,444.8500000000001
R005,VEH,T1_SD_VEH,2026_06_19_merged.mat,OF1,2,8899,8899,444.9000000000001,444.9000000000001
R005,VEH,T1_SD_VEH,2026_06_19_merged.mat,OF1,2,8900,8900,444.95000000000005,444.95000000000005
R005,VEH,T1_SD_VEH,2026_06_19_merged.mat,OF1,3,8911,8911,445.5000000000001,445.5000000000001
R005,VEH,T1_SD_VEH,2026_06_19_merged.mat,OF1,1,8937,8937,446.80000000000007,446.80000000000007
R005,VEH,T1_SD_VEH,2026_06_19_merged.mat,OF1,1,8938,8938,446.8500000000001,446.8500000000001
R005,VEH,T1_SD_VEH,2026_06_19_merged.mat,OF1,4,9026,9026,451.2500000000001,451.2500000000001
R005,VEH,T1_SD_VEH,2026_06_19_merged.mat,OF1,2,9029,9029,451.4000000000001,451.4000000000001
R005,VEH,T1_SD_VEH,2026_06_19_merged.mat,OF1,4,9084,9084,454.1500000000001,454.1500000000001
R005,VEH,T1_SD_VEH,2026_06_19_merged.mat,OF1,4,9085,9085,454.20000000000005,454.20000000000005
R005,VEH,T1_SD_VEH,2026_06_19_merged.mat,OF1,3,9110,9110,455.45000000000005,455.45000000000005
R005,VEH,T1_SD_VEH,2026_06_19_merged.mat,OF1,3,9111,9111,455.5000000000001,455.5000000000001
R005,VEH,T1_SD_VEH,2026_06_19_merged.mat,OF1,3,9112,9112,455.55000000000007,455.55000000000007
R005,VEH,T1_SD_VEH,2026_06_19_merged.mat,OF1,4,9114,9114,455.6500000000001,455.6500000000001
R005,VEH,T1_SD_VEH,2026_06_19_merged.mat,OF1,4,9115,9115,455.70000000000005,455.70000000000005
R005,VEH,T1_SD_VEH,2026_06_19_merged.mat,OF1,3,9122,9122,456.05000000000007,456.05000000000007
R005,VEH,T1_SD_VEH,2026_06_19_merged.mat,OF1,1,9150,9150,457.45000000000005,457.45000000000005
R005,VEH,T1_SD_VEH,2026_06_19_merged.mat,OF1,1,9151,9151,457.5000000000001,457.5000000000001
R005,VEH,T1_SD_VEH,2026_06_19_merged.mat,OF1,3,9277,9277,463.80000000000007,463.80000000000007
R005,VEH,T1_SD_VEH,2026_06_19_merged.mat,OF1,3,9278,9278,463.8500000000001,463.8500000000001
R005,VEH,T1_SD_VEH,2026_06_19_merged.mat,OF1,3,9285,9285,464.20000000000005,464.20000000000005
R005,VEH,T1_SD_VEH,2026_06_19_merged.mat,OF1,3,9286,9286,464.2500000000001,464.2500000000001
R005,VEH,T1_SD_VEH,2026_06_19_merged.mat,OF1,4,9287,9287,464.30000000000007,464.30000000000007
R005,VEH,T1_SD_VEH,2026_06_19_merged.mat,OF1,4,9288,9288,464.3500000000001,464.3500000000001
R005,VEH,T1_SD_VEH,2026_06_19_merged.mat,OF1,4,9289,9289,464.4000000000001,464.4000000000001
R005,VEH,T1_SD_VEH,2026_06_19_merged.mat,OF1,4,9303,9303,465.1000000000001,465.1000000000001
R005,VEH,T1_SD_VEH,2026_06_19_merged.mat,OF1,4,9304,9304,465.1500000000001,465.1500000000001
R005,VEH,T1_SD_VEH,2026_06_19_merged.mat,OF1,4,9311,9311,465.5000000000001,465.5000000000001
R005,VEH,T1_SD_VEH,2026_06_19_merged.mat,OF1,4,9357,9357,467.80000000000007,467.80000000000007
R005,VEH,T1_SD_VEH,2026_06_19_merged.mat,OF1,4,9358,9358,467.8500000000001,467.8500000000001
R005,VEH,T1_SD_VEH,2026_06_19_merged.mat,OF1,4,9359,9359,467.9000000000001,467.9000000000001
R005,VEH,T1_SD_VEH,2026_06_19_merged.mat,OF1,4,9360,9360,467.95000000000005,467.95000000000005
R005,VEH,T1_SD_VEH,2026_06_19_merged.mat,OF1,4,9361,9361,468.0000000000001,468.0000000000001
R005,VEH,T1_SD_VEH,2026_06_19_merged.mat,OF1,4,9363,9363,468.1000000000001,468.1000000000001
R005,VEH,T1_SD_VEH,2026_06_19_merged.mat,OF1,3,9364,9364,468.1500000000001,468.1500000000001
R005,VEH,T1_SD_VEH,2026_06_19_merged.mat,OF1,3,9401,9401,470.0000000000001,470.0000000000001
R005,VEH,T1_SD_VEH,2026_06_19_merged.mat,OF1,3,9402,9402,470.05000000000007,470.05000000000007
R005,VEH,T1_SD_VEH,2026_06_19_merged.mat,OF1,1,9461,9461,473.0000000000001,473.0000000000001
R005,VEH,T1_SD_VEH,2026_06_19_merged.mat,OF1,1,9462,9462,473.05000000000007,473.05000000000007
R005,VEH,T1_SD_VEH,2026_06_19_merged.mat,OF1,1,9463,9463,473.1000000000001,473.1000000000001
R005,VEH,T1_SD_VEH,2026_06_19_merged.mat,OF1,1,9464,9464,473.1500000000001,473.1500000000001
R005,VEH,T1_SD_VEH,2026_06_19_merged.mat,OF1,1,9466,9466,473.2500000000001,473.2500000000001
R005,VEH,T1_SD_VEH,2026_06_19_merged.mat,OF1,3,9498,9498,474.8500000000001,474.8500000000001
R005,VEH,T1_SD_VEH,2026_06_19_merged.mat,OF1,3,9499,9499,474.9000000000001,474.9000000000001
R005,VEH,T1_SD_VEH,2026_06_19_merged.mat,OF1,4,9505,9505,475.20000000000005,475.20000000000005
R005,VEH,T1_SD_VEH,2026_06_19_merged.mat,OF1,4,9541,9541,477.0000000000001,477.0000000000001
R005,VEH,T1_SD_VEH,2026_06_19_merged.mat,OF1,4,9542,9542,477.05000000000007,477.05000000000007
R005,VEH,T1_SD_VEH,2026_06_19_merged.mat,OF1,4,9543,9543,477.1000000000001,477.1000000000001
R005,VEH,T1_SD_VEH,2026_06_19_merged.mat,OF1,4,9544,9544,477.1500000000001,477.1500000000001
R005,VEH,T1_SD_VEH,2026_06_19_merged.mat,OF1,3,9569,9569,478.4000000000001,478.4000000000001
R005,VEH,T1_SD_VEH,2026_06_19_merged.mat,OF1,4,9581,9581,479.0000000000001,479.0000000000001
R005,VEH,T1_SD_VEH,2026_06_19_merged.mat,OF1,4,9582,9582,479.05000000000007,479.05000000000007
R005,VEH,T1_SD_VEH,2026_06_19_merged.mat,OF1,4,9583,9583,479.1000000000001,479.1000000000001
R005,VEH,T1_SD_VEH,2026_06_19_merged.mat,OF1,1,9678,9678,483.8500000000001,483.8500000000001
R005,VEH,T1_SD_VEH,2026_06_19_merged.mat,OF1,3,9731,9731,486.5000000000001,486.5000000000001
R005,VEH,T1_SD_VEH,2026_06_19_merged.mat,OF1,4,9762,9762,488.05000000000007,488.05000000000007
R005,VEH,T1_SD_VEH,2026_06_19_merged.mat,OF1,4,9763,9763,488.1000000000001,488.1000000000001
R005,VEH,T1_SD_VEH,2026_06_19_merged.mat,OF1,4,9773,9773,488.6000000000001,488.6000000000001
R005,VEH,T1_SD_VEH,2026_06_19_merged.mat,OF1,4,9774,9774,488.6500000000001,488.6500000000001
R005,VEH,T1_SD_VEH,2026_06_19_merged.mat,OF1,4,9776,9776,488.7500000000001,488.7500000000001
R005,VEH,T1_SD_VEH,2026_06_19_merged.mat,OF1,4,9784,9784,489.1500000000001,489.1500000000001
R005,VEH,T1_SD_VEH,2026_06_19_merged.mat,OF1,4,9785,9785,489.20000000000005,489.20000000000005
R005,VEH,T1_SD_VEH,2026_06_19_merged.mat,OF1,2,9818,9818,490.8500000000001,490.8500000000001
R005,VEH,T1_SD_VEH,2026_06_19_merged.mat,OF1,4,9821,9821,491.0000000000001,491.0000000000001
R005,VEH,T1_SD_VEH,2026_06_19_merged.mat,OF1,4,9822,9822,491.05000000000007,491.05000000000007
R005,VEH,T1_SD_VEH,2026_06_19_merged.mat,OF1,4,9858,9858,492.8500000000001,492.8500000000001
R005,VEH,T1_SD_VEH,2026_06_19_merged.mat,OF1,4,9859,9859,492.9000000000001,492.9000000000001
R005,VEH,T1_SD_VEH,2026_06_19_merged.mat,OF1,4,9906,9906,495.2500000000001,495.2500000000001
R005,VEH,T1_SD_VEH,2026_06_19_merged.mat,OF1,4,9907,9907,495.30000000000007,495.30000000000007
R005,VEH,T1_SD_VEH,2026_06_19_merged.mat,OF1,4,9929,9929,496.4000000000001,496.4000000000001
R005,VEH,T1_SD_VEH,2026_06_19_merged.mat,OF1,4,9930,9930,496.45000000000005,496.45000000000005
R005,VEH,T1_SD_VEH,2026_06_19_merged.mat,OF1,1,9945,9945,497.20000000000005,497.20000000000005
R005,VEH,T1_SD_VEH,2026_06_19_merged.mat,OF1,4,9954,9954,497.6500000000001,497.6500000000001
R005,VEH,T1_SD_VEH,2026_06_19_merged.mat,OF1,4,9955,9955,497.70000000000005,497.70000000000005
R005,VEH,T1_SD_VEH,2026_06_19_merged.mat,OF1,4,9956,9956,497.7500000000001,497.7500000000001
R005,VEH,T1_SD_VEH,2026_06_19_merged.mat,OF1,4,9957,9957,497.80000000000007,497.80000000000007
R005,VEH,T1_SD_VEH,2026_06_19_merged.mat,OF1,3,9977,9977,498.80000000000007,498.80000000000007
R005,VEH,T1_SD_VEH,2026_06_19_merged.mat,OF1,3,9978,9978,498.8500000000001,498.8500000000001
R005,VEH,T1_SD_VEH,2026_06_19_merged.mat,OF1,3,10019,10019,500.9000000000001,500.9000000000001
R005,VEH,T1_SD_VEH,2026_06_19_merged.mat,OF1,3,10020,10020,500.95000000000005,500.95000000000005
R005,VEH,T1_SD_VEH,2026_06_19_merged.mat,OF1,3,10021,10021,501.0000000000001,501.0000000000001
R005,VEH,T1_SD_VEH,2026_06_19_merged.mat,OF1,3,10045,10045,502.20000000000005,502.20000000000005
R005,VEH,T1_SD_VEH,2026_06_19_merged.mat,OF1,4,10047,10047,502.30000000000007,502.30000000000007
R005,VEH,T1_SD_VEH,2026_06_19_merged.mat,OF1,4,10048,10048,502.3500000000001,502.3500000000001
R005,VEH,T1_SD_VEH,2026_06_19_merged.mat,OF1,4,10049,10049,502.4000000000001,502.4000000000001
R005,VEH,T1_SD_VEH,2026_06_19_merged.mat,OF1,2,10050,10050,502.45000000000005,502.45000000000005
R005,VEH,T1_SD_VEH,2026_06_19_merged.mat,OF1,4,10071,10071,503.5000000000001,503.5000000000001
R005,VEH,T1_SD_VEH,2026_06_19_merged.mat,OF1,4,10108,10108,505.3500000000001,505.3500000000001
R005,VEH,T1_SD_VEH,2026_06_19_merged.mat,OF1,4,10109,10109,505.4000000000001,505.4000000000001
R005,VEH,T1_SD_VEH,2026_06_19_merged.mat,OF1,4,10110,10110,505.45000000000005,505.45000000000005
R005,VEH,T1_SD_VEH,2026_06_19_merged.mat,OF1,4,10111,10111,505.5000000000001,505.5000000000001
R005,VEH,T1_SD_VEH,2026_06_19_merged.mat,OF1,4,10112,10112,505.55000000000007,505.55000000000007
R005,VEH,T1_SD_VEH,2026_06_19_merged.mat,OF1,4,10113,10113,505.6000000000001,505.6000000000001
R005,VEH,T1_SD_VEH,2026_06_19_merged.mat,OF1,4,10154,10154,507.6500000000001,507.6500000000001
R005,VEH,T1_SD_VEH,2026_06_19_merged.mat,OF1,3,10165,10165,508.20000000000005,508.20000000000005
R005,VEH,T1_SD_VEH,2026_06_19_merged.mat,OF1,3,10247,10247,512.3000000000001,512.3000000000001
R005,VEH,T1_SD_VEH,2026_06_19_merged.mat,OF1,3,10285,10285,514.2,514.2
R005,VEH,T1_SD_VEH,2026_06_19_merged.mat,OF1,3,10286,10286,514.2500000000001,514.2500000000001
R005,VEH,T1_SD_VEH,2026_06_19_merged.mat,OF1,4,10287,10287,514.3000000000001,514.3000000000001
R005,VEH,T1_SD_VEH,2026_06_19_merged.mat,OF1,2,10310,10310,515.45,515.45
R005,VEH,T1_SD_VEH,2026_06_19_merged.mat,OF1,4,10317,10317,515.8000000000001,515.8000000000001
R005,VEH,T1_SD_VEH,2026_06_19_merged.mat,OF1,4,10318,10318,515.8500000000001,515.8500000000001
R005,VEH,T1_SD_VEH,2026_06_19_merged.mat,OF1,4,10319,10319,515.9000000000001,515.9000000000001
R005,VEH,T1_SD_VEH,2026_06_19_merged.mat,OF1,4,10320,10320,515.95,515.95
R005,VEH,T1_SD_VEH,2026_06_19_merged.mat,OF1,4,10321,10321,516.0000000000001,516.0000000000001
R005,VEH,T1_SD_VEH,2026_06_19_merged.mat,OF1,4,10322,10322,516.0500000000001,516.0500000000001
R005,VEH,T1_SD_VEH,2026_06_19_merged.mat,OF1,4,10335,10335,516.7,516.7
R005,VEH,T1_SD_VEH,2026_06_19_merged.mat,OF1,4,10336,10336,516.7500000000001,516.7500000000001
R005,VEH,T1_SD_VEH,2026_06_19_merged.mat,OF1,4,10338,10338,516.8500000000001,516.8500000000001
R005,VEH,T1_SD_VEH,2026_06_19_merged.mat,OF1,4,10367,10367,518.3000000000001,518.3000000000001
R005,VEH,T1_SD_VEH,2026_06_19_merged.mat,OF1,4,10368,10368,518.3500000000001,518.3500000000001
R005,VEH,T1_SD_VEH,2026_06_19_merged.mat,OF1,4,10369,10369,518.4000000000001,518.4000000000001
R005,VEH,T1_SD_VEH,2026_06_19_merged.mat,OF1,4,10370,10370,518.45,518.45
R005,VEH,T1_SD_VEH,2026_06_19_merged.mat,OF1,2,10373,10373,518.6000000000001,518.6000000000001
R005,VEH,T1_SD_VEH,2026_06_19_merged.mat,OF1,2,10374,10374,518.6500000000001,518.6500000000001
R005,VEH,T1_SD_VEH,2026_06_19_merged.mat,OF1,3,10380,10380,518.95,518.95
R005,VEH,T1_SD_VEH,2026_06_19_merged.mat,OF1,3,10381,10381,519.0000000000001,519.0000000000001
R005,VEH,T1_SD_VEH,2026_06_19_merged.mat,OF1,4,10402,10402,520.0500000000001,520.0500000000001
R005,VEH,T1_SD_VEH,2026_06_19_merged.mat,OF1,4,10403,10403,520.1000000000001,520.1000000000001
R005,VEH,T1_SD_VEH,2026_06_19_merged.mat,OF1,4,10404,10404,520.1500000000001,520.1500000000001
R005,VEH,T1_SD_VEH,2026_06_19_merged.mat,OF1,4,10436,10436,521.7500000000001,521.7500000000001
R005,VEH,T1_SD_VEH,2026_06_19_merged.mat,OF1,4,10437,10437,521.8000000000001,521.8000000000001
R005,VEH,T1_SD_VEH,2026_06_19_merged.mat,OF1,2,10438,10438,521.8500000000001,521.8500000000001
R005,VEH,T1_SD_VEH,2026_06_19_merged.mat,OF1,4,10459,10459,522.9000000000001,522.9000000000001
R005,VEH,T1_SD_VEH,2026_06_19_merged.mat,OF1,4,10460,10460,522.95,522.95
R005,VEH,T1_SD_VEH,2026_06_19_merged.mat,OF1,2,10485,10485,524.2,524.2
R005,VEH,T1_SD_VEH,2026_06_19_merged.mat,OF1,2,10507,10507,525.3000000000001,525.3000000000001
R005,VEH,T1_SD_VEH,2026_06_19_merged.mat,OF1,2,10547,10547,527.3000000000001,527.3000000000001
R005,VEH,T1_SD_VEH,2026_06_19_merged.mat,OF1,2,10619,10619,530.9000000000001,530.9000000000001
R005,VEH,T1_SD_VEH,2026_06_19_merged.mat,OF1,4,10663,10663,533.1000000000001,533.1000000000001
R005,VEH,T1_SD_VEH,2026_06_19_merged.mat,OF1,4,10664,10664,533.1500000000001,533.1500000000001
R005,VEH,T1_SD_VEH,2026_06_19_merged.mat,OF1,2,10665,10665,533.2,533.2
R005,VEH,T1_SD_VEH,2026_06_19_merged.mat,OF1,2,10755,10755,537.7,537.7
R005,VEH,T1_SD_VEH,2026_06_19_merged.mat,OF1,2,10756,10756,537.7500000000001,537.7500000000001
R005,VEH,T1_SD_VEH,2026_06_19_merged.mat,OF1,4,10757,10757,537.8000000000001,537.8000000000001
R005,VEH,T1_SD_VEH,2026_06_19_merged.mat,OF1,4,10758,10758,537.8500000000001,537.8500000000001
R005,VEH,T1_SD_VEH,2026_06_19_merged.mat,OF1,3,10767,10767,538.3000000000001,538.3000000000001
R005,VEH,T1_SD_VEH,2026_06_19_merged.mat,OF1,3,10768,10768,538.3500000000001,538.3500000000001
R005,VEH,T1_SD_VEH,2026_06_19_merged.mat,OF1,4,10771,10771,538.5000000000001,538.5000000000001
R005,VEH,T1_SD_VEH,2026_06_19_merged.mat,OF1,2,10774,10774,538.6500000000001,538.6500000000001
R005,VEH,T1_SD_VEH,2026_06_19_merged.mat,OF1,2,10775,10775,538.7,538.7
R005,VEH,T1_SD_VEH,2026_06_19_merged.mat,OF1,2,10776,10776,538.7500000000001,538.7500000000001
R005,VEH,T1_SD_VEH,2026_06_19_merged.mat,OF1,3,10844,10844,542.1500000000001,542.1500000000001
R005,VEH,T1_SD_VEH,2026_06_19_merged.mat,OF1,2,10845,10845,542.2,542.2
R005,VEH,T1_SD_VEH,2026_06_19_merged.mat,OF1,4,10865,10865,543.2,543.2
R005,VEH,T1_SD_VEH,2026_06_19_merged.mat,OF1,4,10905,10905,545.2,545.2
R005,VEH,T1_SD_VEH,2026_06_19_merged.mat,OF1,2,10938,10938,546.8500000000001,546.8500000000001
R005,VEH,T1_SD_VEH,2026_06_19_merged.mat,OF1,2,10940,10940,546.95,546.95
R005,VEH,T1_SD_VEH,2026_06_19_merged.mat,OF1,2,10941,10941,547.0000000000001,547.0000000000001
R005,VEH,T1_SD_VEH,2026_06_19_merged.mat,OF1,2,10942,10942,547.0500000000001,547.0500000000001
R005,VEH,T1_SD_VEH,2026_06_19_merged.mat,OF1,2,10992,10992,549.5500000000001,549.5500000000001
R005,VEH,T1_SD_VEH,2026_06_19_merged.mat,OF1,2,10993,10993,549.6000000000001,549.6000000000001
R005,VEH,T1_SD_VEH,2026_06_19_merged.mat,OF1,2,10994,10994,549.6500000000001,549.6500000000001
R005,VEH,T1_SD_VEH,2026_06_19_merged.mat,OF1,3,10996,10996,549.7500000000001,549.7500000000001
R005,VEH,T1_SD_VEH,2026_06_19_merged.mat,OF1,4,11007,11007,550.3000000000001,550.3000000000001
R005,VEH,T1_SD_VEH,2026_06_19_merged.mat,OF1,4,11008,11008,550.3500000000001,550.3500000000001
R005,VEH,T1_SD_VEH,2026_06_19_merged.mat,OF1,4,11009,11009,550.4000000000001,550.4000000000001
R005,VEH,T1_SD_VEH,2026_06_19_merged.mat,OF1,4,11010,11010,550.45,550.45
R005,VEH,T1_SD_VEH,2026_06_19_merged.mat,OF1,2,11051,11051,552.5000000000001,552.5000000000001
R005,VEH,T1_SD_VEH,2026_06_19_merged.mat,OF1,3,11083,11083,554.1000000000001,554.1000000000001
R005,VEH,T1_SD_VEH,2026_06_19_merged.mat,OF1,3,11084,11084,554.1500000000001,554.1500000000001
R005,VEH,T1_SD_VEH,2026_06_19_merged.mat,OF1,4,11161,11161,558.0000000000001,558.0000000000001
R005,VEH,T1_SD_VEH,2026_06_19_merged.mat,OF1,4,11162,11162,558.0500000000001,558.0500000000001
R005,VEH,T1_SD_VEH,2026_06_19_merged.mat,OF1,2,11166,11166,558.2500000000001,558.2500000000001
R005,VEH,T1_SD_VEH,2026_06_19_merged.mat,OF1,3,11167,11167,558.3000000000001,558.3000000000001
R005,VEH,T1_SD_VEH,2026_06_19_merged.mat,OF1,3,11168,11168,558.3500000000001,558.3500000000001
R005,VEH,T1_SD_VEH,2026_06_19_merged.mat,OF1,3,11169,11169,558.4000000000001,558.4000000000001
R005,VEH,T1_SD_VEH,2026_06_19_merged.mat,OF1,3,11170,11170,558.45,558.45
R005,VEH,T1_SD_VEH,2026_06_19_merged.mat,OF1,3,11171,11171,558.5000000000001,558.5000000000001
R005,VEH,T1_SD_VEH,2026_06_19_merged.mat,OF1,4,11210,11210,560.45,560.45
R005,VEH,T1_SD_VEH,2026_06_19_merged.mat,OF1,4,11211,11211,560.5000000000001,560.5000000000001
R005,VEH,T1_SD_VEH,2026_06_19_merged.mat,OF1,4,11212,11212,560.5500000000001,560.5500000000001
R005,VEH,T1_SD_VEH,2026_06_19_merged.mat,OF1,4,11213,11213,560.6000000000001,560.6000000000001
R005,VEH,T1_SD_VEH,2026_06_19_merged.mat,OF1,4,11214,11214,560.6500000000001,560.6500000000001
R005,VEH,T1_SD_VEH,2026_06_19_merged.mat,OF1,3,11246,11246,562.2500000000001,562.2500000000001
R005,VEH,T1_SD_VEH,2026_06_19_merged.mat,OF1,4,11256,11256,562.7500000000001,562.7500000000001
R005,VEH,T1_SD_VEH,2026_06_19_merged.mat,OF1,3,11277,11277,563.8000000000001,563.8000000000001
R005,VEH,T1_SD_VEH,2026_06_19_merged.mat,OF1,4,11278,11278,563.8500000000001,563.8500000000001
R005,VEH,T1_SD_VEH,2026_06_19_merged.mat,OF1,4,11279,11279,563.9000000000001,563.9000000000001
R005,VEH,T1_SD_VEH,2026_06_19_merged.mat,OF1,3,11290,11290,564.45,564.45
R005,VEH,T1_SD_VEH,2026_06_19_merged.mat,OF1,4,11293,11293,564.6000000000001,564.6000000000001
R005,VEH,T1_SD_VEH,2026_06_19_merged.mat,OF1,4,11294,11294,564.6500000000001,564.6500000000001
R005,VEH,T1_SD_VEH,2026_06_19_merged.mat,OF1,3,11314,11314,565.6500000000001,565.6500000000001
R005,VEH,T1_SD_VEH,2026_06_19_merged.mat,OF1,4,11318,11318,565.8500000000001,565.8500000000001
R005,VEH,T1_SD_VEH,2026_06_19_merged.mat,OF1,2,11329,11329,566.4000000000001,566.4000000000001
R005,VEH,T1_SD_VEH,2026_06_19_merged.mat,OF1,2,11342,11342,567.0500000000001,567.0500000000001
R005,VEH,T1_SD_VEH,2026_06_19_merged.mat,OF1,2,11343,11343,567.1000000000001,567.1000000000001
R005,VEH,T1_SD_VEH,2026_06_19_merged.mat,OF1,2,11344,11344,567.1500000000001,567.1500000000001
R005,VEH,T1_SD_VEH,2026_06_19_merged.mat,OF1,4,11347,11347,567.3000000000001,567.3000000000001
R005,VEH,T1_SD_VEH,2026_06_19_merged.mat,OF1,3,11349,11349,567.4000000000001,567.4000000000001
R005,VEH,T1_SD_VEH,2026_06_19_merged.mat,OF1,3,11370,11370,568.45,568.45
R005,VEH,T1_SD_VEH,2026_06_19_merged.mat,OF1,3,11382,11382,569.0500000000001,569.0500000000001
R005,VEH,T1_SD_VEH,2026_06_19_merged.mat,OF1,2,11393,11393,569.6000000000001,569.6000000000001
R005,VEH,T1_SD_VEH,2026_06_19_merged.mat,OF1,3,11394,11394,569.6500000000001,569.6500000000001
R005,VEH,T1_SD_VEH,2026_06_19_merged.mat,OF1,4,11414,11414,570.6500000000001,570.6500000000001
R005,VEH,T1_SD_VEH,2026_06_19_merged.mat,OF1,4,11415,11415,570.7,570.7
R005,VEH,T1_SD_VEH,2026_06_19_merged.mat,OF1,2,11424,11424,571.1500000000001,571.1500000000001
R005,VEH,T1_SD_VEH,2026_06_19_merged.mat,OF1,2,11425,11425,571.2,571.2
R005,VEH,T1_SD_VEH,2026_06_19_merged.mat,OF1,2,11426,11426,571.2500000000001,571.2500000000001
R005,VEH,T1_SD_VEH,2026_06_19_merged.mat,OF1,3,11435,11435,571.7,571.7
R005,VEH,T1_SD_VEH,2026_06_19_merged.mat,OF1,3,11436,11436,571.7500000000001,571.7500000000001
R005,VEH,T1_SD_VEH,2026_06_19_merged.mat,OF1,2,11493,11493,574.6000000000001,574.6000000000001
R005,VEH,T1_SD_VEH,2026_06_19_merged.mat,OF1,3,11496,11496,574.7500000000001,574.7500000000001
R005,VEH,T1_SD_VEH,2026_06_19_merged.mat,OF1,2,11506,11506,575.2500000000001,575.2500000000001
R005,VEH,T1_SD_VEH,2026_06_19_merged.mat,OF1,2,11507,11507,575.3000000000001,575.3000000000001
R005,VEH,T1_SD_VEH,2026_06_19_merged.mat,OF1,2,11508,11508,575.3500000000001,575.3500000000001
R005,VEH,T1_SD_VEH,2026_06_19_merged.mat,OF1,2,11517,11517,575.8000000000001,575.8000000000001
R005,VEH,T1_SD_VEH,2026_06_19_merged.mat,OF1,2,11518,11518,575.8500000000001,575.8500000000001
R005,VEH,T1_SD_VEH,2026_06_19_merged.mat,OF1,2,11519,11519,575.9000000000001,575.9000000000001
R005,VEH,T1_SD_VEH,2026_06_19_merged.mat,OF1,2,11521,11521,576.0000000000001,576.0000000000001
R005,VEH,T1_SD_VEH,2026_06_19_merged.mat,OF1,2,11522,11522,576.0500000000001,576.0500000000001
R005,VEH,T1_SD_VEH,2026_06_19_merged.mat,OF1,2,11527,11527,576.3000000000001,576.3000000000001
R005,VEH,T1_SD_VEH,2026_06_19_merged.mat,OF1,2,11528,11528,576.3500000000001,576.3500000000001
R005,VEH,T1_SD_VEH,2026_06_19_merged.mat,OF1,4,11532,11532,576.5500000000001,576.5500000000001
R005,VEH,T1_SD_VEH,2026_06_19_merged.mat,OF1,4,11555,11555,577.7,577.7
R005,VEH,T1_SD_VEH,2026_06_19_merged.mat,OF1,4,11556,11556,577.7500000000001,577.7500000000001
R005,VEH,T1_SD_VEH,2026_06_19_merged.mat,OF1,3,11559,11559,577.9000000000001,577.9000000000001
R005,VEH,T1_SD_VEH,2026_06_19_merged.mat,OF1,3,11601,11601,580.0000000000001,580.0000000000001
R005,VEH,T1_SD_VEH,2026_06_19_merged.mat,OF1,3,11612,11612,580.5500000000001,580.5500000000001
R005,VEH,T1_SD_VEH,2026_06_19_merged.mat,OF1,2,11616,11616,580.7500000000001,580.7500000000001
R005,VEH,T1_SD_VEH,2026_06_19_merged.mat,OF1,4,11689,11689,584.4000000000001,584.4000000000001
R005,VEH,T1_SD_VEH,2026_06_19_merged.mat,OF1,4,11691,11691,584.5000000000001,584.5000000000001
R005,VEH,T1_SD_VEH,2026_06_19_merged.mat,OF1,4,11692,11692,584.5500000000001,584.5500000000001
R005,VEH,T1_SD_VEH,2026_06_19_merged.mat,OF1,1,11707,11707,585.3000000000001,585.3000000000001
R005,VEH,T1_SD_VEH,2026_06_19_merged.mat,OF1,1,11708,11708,585.3500000000001,585.3500000000001
R005,VEH,T1_SD_VEH,2026_06_19_merged.mat,OF1,1,11709,11709,585.4000000000001,585.4000000000001
R005,VEH,T1_SD_VEH,2026_06_19_merged.mat,OF1,1,11712,11712,585.5500000000001,585.5500000000001
R005,VEH,T1_SD_VEH,2026_06_19_merged.mat,OF1,1,11732,11732,586.5500000000001,586.5500000000001
R005,VEH,T1_SD_VEH,2026_06_19_merged.mat,OF1,1,11733,11733,586.6000000000001,586.6000000000001
R005,VEH,T1_SD_VEH,2026_06_19_merged.mat,OF1,3,11900,11900,594.95,594.95
R005,VEH,T1_SD_VEH,2026_06_19_merged.mat,OF1,3,11901,11901,595.0000000000001,595.0000000000001
R005,VEH,T1_SD_VEH,2026_06_19_merged.mat,OF1,4,11905,11905,595.2,595.2
R005,VEH,T1_SD_VEH,2026_06_19_merged.mat,OF1,4,11906,11906,595.2500000000001,595.2500000000001
R005,VEH,T1_SD_VEH,2026_06_19_merged.mat,OF1,3,11909,11909,595.4000000000001,595.4000000000001
R005,VEH,T1_SD_VEH,2026_06_19_merged.mat,OF1,3,11910,11910,595.45,595.45
R005,VEH,T1_SD_VEH,2026_06_19_merged.mat,OF1,3,11911,11911,595.5000000000001,595.5000000000001
R005,VEH,T1_SD_VEH,2026_06_19_merged.mat,OF1,4,11914,11914,595.6500000000001,595.6500000000001
R005,VEH,T1_SD_VEH,2026_06_19_merged.mat,OF1,4,11915,11915,595.7,595.7
R005,VEH,T1_SD_VEH,2026_06_19_merged.mat,OF1,4,11916,11916,595.7500000000001,595.7500000000001
R005,VEH,T1_SD_VEH,2026_06_19_merged.mat,OF1,3,11974,11974,598.6500000000001,598.6500000000001
R005,VEH,T1_SD_VEH,2026_06_19_merged.mat,OF1,4,11998,11998,599.8500000000001,599.8500000000001
R005,VEH,T1_SD_VEH,2026_06_19_merged.mat,OF1,2,12022,12022,601.0500000000001,601.0500000000001
R005,VEH,T1_SD_VEH,2026_06_19_merged.mat,OF1,1,12069,12069,603.4000000000001,603.4000000000001
R005,VEH,T1_SD_VEH,2026_06_19_merged.mat,OF1,1,12070,12070,603.45,603.45
R005,VEH,T1_SD_VEH,2026_06_19_merged.mat,OF1,4,12084,12084,604.1500000000001,604.1500000000001
R005,VEH,T1_SD_VEH,2026_06_19_merged.mat,OF1,4,12085,12085,604.2,604.2
R005,VEH,T1_SD_VEH,2026_06_19_merged.mat,OF1,4,12107,12107,605.3000000000001,605.3000000000001
R005,VEH,T1_SD_VEH,2026_06_19_merged.mat,OF1,4,12108,12108,605.3500000000001,605.3500000000001
R005,VEH,T1_SD_VEH,2026_06_19_merged.mat,OF1,4,12109,12109,605.4000000000001,605.4000000000001
R005,VEH,T1_SD_VEH,2026_06_19_merged.mat,OF1,4,12110,12110,605.45,605.45
R005,VEH,T1_SD_VEH,2026_06_19_merged.mat,OF1,4,12111,12111,605.5000000000001,605.5000000000001
R005,VEH,T1_SD_VEH,2026_06_19_merged.mat,OF1,4,12112,12112,605.5500000000001,605.5500000000001
R005,VEH,T1_SD_VEH,2026_06_19_merged.mat,OF1,4,12127,12127,606.3000000000001,606.3000000000001
R005,VEH,T1_SD_VEH,2026_06_19_merged.mat,OF1,4,12129,12129,606.4000000000001,606.4000000000001
R005,VEH,T1_SD_VEH,2026_06_19_merged.mat,OF1,2,12164,12164,608.1500000000001,608.1500000000001
R005,VEH,T1_SD_VEH,2026_06_19_merged.mat,OF1,3,12173,12173,608.6000000000001,608.6000000000001
R005,VEH,T1_SD_VEH,2026_06_19_merged.mat,OF1,4,12196,12196,609.7500000000001,609.7500000000001
R005,VEH,T1_SD_VEH,2026_06_19_merged.mat,OF1,4,12215,12215,610.7,610.7
R005,VEH,T1_SD_VEH,2026_06_19_merged.mat,OF1,4,12224,12224,611.1500000000001,611.1500000000001
R005,VEH,T1_SD_VEH,2026_06_19_merged.mat,OF1,4,12225,12225,611.2,611.2
R005,VEH,T1_SD_VEH,2026_06_19_merged.mat,OF1,3,12253,12253,612.6000000000001,612.6000000000001
R005,VEH,T1_SD_VEH,2026_06_19_merged.mat,OF1,3,12267,12267,613.3000000000001,613.3000000000001
R005,VEH,T1_SD_VEH,2026_06_19_merged.mat,OF1,4,12272,12272,613.5500000000001,613.5500000000001
R005,VEH,T1_SD_VEH,2026_06_19_merged.mat,OF1,4,12306,12306,615.2500000000001,615.2500000000001
R005,VEH,T1_SD_VEH,2026_06_19_merged.mat,OF1,4,12380,12380,618.95,618.95
R005,VEH,T1_SD_VEH,2026_06_19_merged.mat,OF1,4,12381,12381,619.0000000000001,619.0000000000001
R005,VEH,T1_SD_VEH,2026_06_19_merged.mat,OF1,4,12382,12382,619.0500000000001,619.0500000000001
R005,VEH,T1_SD_VEH,2026_06_19_merged.mat,OF1,3,12402,12402,620.0500000000001,620.0500000000001
R005,VEH,T1_SD_VEH,2026_06_19_merged.mat,OF1,2,12403,12403,620.1000000000001,620.1000000000001
R005,VEH,T1_SD_VEH,2026_06_19_merged.mat,OF1,4,12435,12435,621.7,621.7
R005,VEH,T1_SD_VEH,2026_06_19_merged.mat,OF1,3,12439,12439,621.9000000000001,621.9000000000001
R005,VEH,T1_SD_VEH,2026_06_19_merged.mat,OF1,3,12440,12440,621.95,621.95
R005,VEH,T1_SD_VEH,2026_06_19_merged.mat,OF1,3,12441,12441,622.0000000000001,622.0000000000001
R005,VEH,T1_SD_VEH,2026_06_19_merged.mat,OF1,4,12456,12456,622.7500000000001,622.7500000000001
R005,VEH,T1_SD_VEH,2026_06_19_merged.mat,OF1,3,12465,12465,623.2,623.2
R005,VEH,T1_SD_VEH,2026_06_19_merged.mat,OF1,4,12479,12479,623.9000000000001,623.9000000000001
R005,VEH,T1_SD_VEH,2026_06_19_merged.mat,OF1,3,12486,12486,624.2500000000001,624.2500000000001
R005,VEH,T1_SD_VEH,2026_06_19_merged.mat,OF1,4,12521,12521,626.0000000000001,626.0000000000001
R005,VEH,T1_SD_VEH,2026_06_19_merged.mat,OF1,4,12522,12522,626.0500000000001,626.0500000000001
R005,VEH,T1_SD_VEH,2026_06_19_merged.mat,OF1,4,12523,12523,626.1000000000001,626.1000000000001
R005,VEH,T1_SD_VEH,2026_06_19_merged.mat,OF1,3,12543,12543,627.1000000000001,627.1000000000001
R005,VEH,T1_SD_VEH,2026_06_19_merged.mat,OF1,3,12544,12544,627.1500000000001,627.1500000000001
R005,VEH,T1_SD_VEH,2026_06_19_merged.mat,OF1,4,12547,12547,627.3000000000001,627.3000000000001
R005,VEH,T1_SD_VEH,2026_06_19_merged.mat,OF1,3,12600,12600,629.95,629.95
R005,VEH,T1_SD_VEH,2026_06_19_merged.mat,OF1,4,12601,12601,630.0000000000001,630.0000000000001
R005,VEH,T1_SD_VEH,2026_06_19_merged.mat,OF1,4,12602,12602,630.0500000000001,630.0500000000001
R005,VEH,T1_SD_VEH,2026_06_19_merged.mat,OF1,3,12622,12622,631.0500000000001,631.0500000000001
R005,VEH,T1_SD_VEH,2026_06_19_merged.mat,OF1,3,12623,12623,631.1000000000001,631.1000000000001
R005,VEH,T1_SD_VEH,2026_06_19_merged.mat,OF1,3,12646,12646,632.2500000000001,632.2500000000001
R005,VEH,T1_SD_VEH,2026_06_19_merged.mat,OF1,3,12647,12647,632.3000000000001,632.3000000000001
R005,VEH,T1_SD_VEH,2026_06_19_merged.mat,OF1,4,12648,12648,632.3500000000001,632.3500000000001
R005,VEH,T1_SD_VEH,2026_06_19_merged.mat,OF1,4,12649,12649,632.4000000000001,632.4000000000001
R005,VEH,T1_SD_VEH,2026_06_19_merged.mat,OF1,4,12650,12650,632.45,632.45
R005,VEH,T1_SD_VEH,2026_06_19_merged.mat,OF1,2,12690,12690,634.45,634.45
R005,VEH,T1_SD_VEH,2026_06_19_merged.mat,OF1,2,12691,12691,634.5000000000001,634.5000000000001
R005,VEH,T1_SD_VEH,2026_06_19_merged.mat,OF1,4,12701,12701,635.0000000000001,635.0000000000001
R005,VEH,T1_SD_VEH,2026_06_19_merged.mat,OF1,4,12702,12702,635.0500000000001,635.0500000000001
R005,VEH,T1_SD_VEH,2026_06_19_merged.mat,OF1,2,12703,12703,635.1000000000001,635.1000000000001
R005,VEH,T1_SD_VEH,2026_06_19_merged.mat,OF1,3,12729,12729,636.4000000000001,636.4000000000001
R005,VEH,T1_SD_VEH,2026_06_19_merged.mat,OF1,4,12733,12733,636.6000000000001,636.6000000000001
R005,VEH,T1_SD_VEH,2026_06_19_merged.mat,OF1,4,12734,12734,636.6500000000001,636.6500000000001
R005,VEH,T1_SD_VEH,2026_06_19_merged.mat,OF1,4,12753,12753,637.6000000000001,637.6000000000001
R005,VEH,T1_SD_VEH,2026_06_19_merged.mat,OF1,4,12754,12754,637.6500000000001,637.6500000000001
R005,VEH,T1_SD_VEH,2026_06_19_merged.mat,OF1,4,12755,12755,637.7,637.7
R005,VEH,T1_SD_VEH,2026_06_19_merged.mat,OF1,2,12792,12792,639.5500000000001,639.5500000000001
R005,VEH,T1_SD_VEH,2026_06_19_merged.mat,OF1,2,12793,12793,639.6000000000001,639.6000000000001
R005,VEH,T1_SD_VEH,2026_06_19_merged.mat,OF1,2,12794,12794,639.6500000000001,639.6500000000001
R005,VEH,T1_SD_VEH,2026_06_19_merged.mat,OF1,4,12797,12797,639.8000000000001,639.8000000000001
R005,VEH,T1_SD_VEH,2026_06_19_merged.mat,OF1,4,12813,12813,640.6000000000001,640.6000000000001
R005,VEH,T1_SD_VEH,2026_06_19_merged.mat,OF1,4,12814,12814,640.6500000000001,640.6500000000001
R005,VEH,T1_SD_VEH,2026_06_19_merged.mat,OF1,4,12815,12815,640.7,640.7
R005,VEH,T1_SD_VEH,2026_06_19_merged.mat,OF1,4,12873,12873,643.6000000000001,643.6000000000001
R005,VEH,T1_SD_VEH,2026_06_19_merged.mat,OF1,4,12897,12897,644.8000000000001,644.8000000000001
R005,VEH,T1_SD_VEH,2026_06_19_merged.mat,OF1,4,12898,12898,644.8500000000001,644.8500000000001
R005,VEH,T1_SD_VEH,2026_06_19_merged.mat,OF1,4,12899,12899,644.9000000000001,644.9000000000001
R005,VEH,T1_SD_VEH,2026_06_19_merged.mat,OF1,4,12900,12900,644.95,644.95
R005,VEH,T1_SD_VEH,2026_06_19_merged.mat,OF1,3,12963,12963,648.1000000000001,648.1000000000001
R005,VEH,T1_SD_VEH,2026_06_19_merged.mat,OF1,4,12982,12982,649.0500000000001,649.0500000000001
R005,VEH,T1_SD_VEH,2026_06_19_merged.mat,OF1,3,12983,12983,649.1000000000001,649.1000000000001
R005,VEH,T1_SD_VEH,2026_06_19_merged.mat,OF1,4,12994,12994,649.6500000000001,649.6500000000001
R005,VEH,T1_SD_VEH,2026_06_19_merged.mat,SAMPLE,2,13022,23,1.1,651.0500000000001
R005,VEH,T1_SD_VEH,2026_06_19_merged.mat,SAMPLE,4,13110,111,5.5,655.45
R005,VEH,T1_SD_VEH,2026_06_19_merged.mat,SAMPLE,4,13111,112,5.550000000000001,655.5
R005,VEH,T1_SD_VEH,2026_06_19_merged.mat,SAMPLE,4,13112,113,5.6000000000000005,655.5500000000001
R005,VEH,T1_SD_VEH,2026_06_19_merged.mat,SAMPLE,4,13271,272,13.55,663.5
R005,VEH,T1_SD_VEH,2026_06_19_merged.mat,SAMPLE,4,13307,308,15.350000000000001,665.3000000000001
R005,VEH,T1_SD_VEH,2026_06_19_merged.mat,SAMPLE,3,13338,339,16.900000000000002,666.85
R005,VEH,T1_SD_VEH,2026_06_19_merged.mat,SAMPLE,2,13340,341,17.0,666.95
R005,VEH,T1_SD_VEH,2026_06_19_merged.mat,SAMPLE,2,13341,342,17.05,667.0
R005,VEH,T1_SD_VEH,2026_06_19_merged.mat,SAMPLE,2,13342,343,17.1,667.0500000000001
R005,VEH,T1_SD_VEH,2026_06_19_merged.mat,SAMPLE,1,13363,364,18.150000000000002,668.1
R005,VEH,T1_SD_VEH,2026_06_19_merged.mat,SAMPLE,4,13402,403,20.1,670.0500000000001
R005,VEH,T1_SD_VEH,2026_06_19_merged.mat,SAMPLE,4,13403,404,20.150000000000002,670.1
R005,VEH,T1_SD_VEH,2026_06_19_merged.mat,SAMPLE,4,13404,405,20.200000000000003,670.1500000000001
R005,VEH,T1_SD_VEH,2026_06_19_merged.mat,SAMPLE,4,13405,406,20.25,670.2
R005,VEH,T1_SD_VEH,2026_06_19_merged.mat,SAMPLE,4,13417,418,20.85,670.8000000000001
R005,VEH,T1_SD_VEH,2026_06_19_merged.mat,SAMPLE,4,13418,419,20.900000000000002,670.85
R005,VEH,T1_SD_VEH,2026_06_19_merged.mat,SAMPLE,2,13506,507,25.3,675.25
R005,VEH,T1_SD_VEH,2026_06_19_merged.mat,SAMPLE,2,13507,508,25.35,675.3000000000001
R005,VEH,T1_SD_VEH,2026_06_19_merged.mat,SAMPLE,1,13675,676,33.75,683.7
R005,VEH,T1_SD_VEH,2026_06_19_merged.mat,SAMPLE,1,13678,679,33.9,683.85
R005,VEH,T1_SD_VEH,2026_06_19_merged.mat,SAMPLE,1,13679,680,33.95,683.9000000000001
R005,VEH,T1_SD_VEH,2026_06_19_merged.mat,SAMPLE,1,13680,681,34.0,683.95
R005,VEH,T1_SD_VEH,2026_06_19_merged.mat,SAMPLE,1,13681,682,34.050000000000004,684.0
R005,VEH,T1_SD_VEH,2026_06_19_merged.mat,SAMPLE,1,13682,683,34.1,684.0500000000001
R005,VEH,T1_SD_VEH,2026_06_19_merged.mat,SAMPLE,1,13683,684,34.15,684.1
R005,VEH,T1_SD_VEH,2026_06_19_merged.mat,SAMPLE,1,13684,685,34.2,684.1500000000001
R005,VEH,T1_SD_VEH,2026_06_19_merged.mat,SAMPLE,1,13685,686,34.25,684.2
R005,VEH,T1_SD_VEH,2026_06_19_merged.mat,SAMPLE,1,13756,757,37.800000000000004,687.75
R005,VEH,T1_SD_VEH,2026_06_19_merged.mat,SAMPLE,1,13757,758,37.85,687.8000000000001
R005,VEH,T1_SD_VEH,2026_06_19_merged.mat,SAMPLE,1,13758,759,37.9,687.85
R005,VEH,T1_SD_VEH,2026_06_19_merged.mat,SAMPLE,1,13759,760,37.95,687.9000000000001
R005,VEH,T1_SD_VEH,2026_06_19_merged.mat,SAMPLE,1,13760,761,38.0,687.95
R005,VEH,T1_SD_VEH,2026_06_19_merged.mat,SAMPLE,1,13761,762,38.050000000000004,688.0
R005,VEH,T1_SD_VEH,2026_06_19_merged.mat,SAMPLE,1,13762,763,38.1,688.0500000000001
R005,VEH,T1_SD_VEH,2026_06_19_merged.mat,SAMPLE,1,13786,787,39.300000000000004,689.25
R005,VEH,T1_SD_VEH,2026_06_19_merged.mat,SAMPLE,1,13787,788,39.35,689.3000000000001
R005,VEH,T1_SD_VEH,2026_06_19_merged.mat,SAMPLE,1,13788,789,39.400000000000006,689.35
R005,VEH,T1_SD_VEH,2026_06_19_merged.mat,SAMPLE,1,13789,790,39.45,689.4000000000001
R005,VEH,T1_SD_VEH,2026_06_19_merged.mat,SAMPLE,1,13790,791,39.5,689.45
R005,VEH,T1_SD_VEH,2026_06_19_merged.mat,SAMPLE,1,13791,792,39.550000000000004,689.5
R005,VEH,T1_SD_VEH,2026_06_19_merged.mat,SAMPLE,1,13799,800,39.95,689.9000000000001
R005,VEH,T1_SD_VEH,2026_06_19_merged.mat,SAMPLE,1,13800,801,40.0,689.95
R005,VEH,T1_SD_VEH,2026_06_19_merged.mat,SAMPLE,1,13801,802,40.050000000000004,690.0
R005,VEH,T1_SD_VEH,2026_06_19_merged.mat,SAMPLE,1,13802,803,40.1,690.0500000000001
R005,VEH,T1_SD_VEH,2026_06_19_merged.mat,SAMPLE,1,13803,804,40.150000000000006,690.1
R005,VEH,T1_SD_VEH,2026_06_19_merged.mat,SAMPLE,1,13804,805,40.2,690.1500000000001
R005,VEH,T1_SD_VEH,2026_06_19_merged.mat,SAMPLE,1,13805,806,40.25,690.2
R005,VEH,T1_SD_VEH,2026_06_19_merged.mat,SAMPLE,1,13806,807,40.300000000000004,690.25
R005,VEH,T1_SD_VEH,2026_06_19_merged.mat,SAMPLE,1,13807,808,40.35,690.3000000000001
R005,VEH,T1_SD_VEH,2026_06_19_merged.mat,SAMPLE,1,13808,809,40.400000000000006,690.35
R005,VEH,T1_SD_VEH,2026_06_19_merged.mat,SAMPLE,1,13810,811,40.5,690.45
R005,VEH,T1_SD_VEH,2026_06_19_merged.mat,SAMPLE,1,13811,812,40.550000000000004,690.5
R005,VEH,T1_SD_VEH,2026_06_19_merged.mat,SAMPLE,1,13815,816,40.75,690.7
R005,VEH,T1_SD_VEH,2026_06_19_merged.mat,SAMPLE,1,13816,817,40.800000000000004,690.75
R005,VEH,T1_SD_VEH,2026_06_19_merged.mat,SAMPLE,1,13817,818,40.85,690.8000000000001
R005,VEH,T1_SD_VEH,2026_06_19_merged.mat,SAMPLE,1,13818,819,40.900000000000006,690.85
R005,VEH,T1_SD_VEH,2026_06_19_merged.mat,SAMPLE,1,13819,820,40.95,690.9000000000001
R005,VEH,T1_SD_VEH,2026_06_19_merged.mat,SAMPLE,1,13820,821,41.0,690.95
R005,VEH,T1_SD_VEH,2026_06_19_merged.mat,SAMPLE,1,13821,822,41.050000000000004,691.0
R005,VEH,T1_SD_VEH,2026_06_19_merged.mat,SAMPLE,1,13830,831,41.5,691.45
R005,VEH,T1_SD_VEH,2026_06_19_merged.mat,SAMPLE,1,13831,832,41.550000000000004,691.5
R005,VEH,T1_SD_VEH,2026_06_19_merged.mat,SAMPLE,1,13882,883,44.1,694.0500000000001
R005,VEH,T1_SD_VEH,2026_06_19_merged.mat,SAMPLE,1,13883,884,44.150000000000006,694.1
R005,VEH,T1_SD_VEH,2026_06_19_merged.mat,SAMPLE,1,13884,885,44.2,694.1500000000001
R005,VEH,T1_SD_VEH,2026_06_19_merged.mat,SAMPLE,2,13905,906,45.25,695.2
R005,VEH,T1_SD_VEH,2026_06_19_merged.mat,SAMPLE,3,13906,907,45.300000000000004,695.25
R005,VEH,T1_SD_VEH,2026_06_19_merged.mat,SAMPLE,1,13962,963,48.1,698.0500000000001
R005,VEH,T1_SD_VEH,2026_06_19_merged.mat,SAMPLE,1,13963,964,48.150000000000006,698.1
R005,VEH,T1_SD_VEH,2026_06_19_merged.mat,SAMPLE,1,13964,965,48.2,698.1500000000001
R005,VEH,T1_SD_VEH,2026_06_19_merged.mat,SAMPLE,1,13965,966,48.25,698.2
R005,VEH,T1_SD_VEH,2026_06_19_merged.mat,SAMPLE,1,13966,967,48.300000000000004,698.25
R005,VEH,T1_SD_VEH,2026_06_19_merged.mat,SAMPLE,1,13967,968,48.35,698.3000000000001
R005,VEH,T1_SD_VEH,2026_06_19_merged.mat,SAMPLE,1,13968,969,48.400000000000006,698.35
R005,VEH,T1_SD_VEH,2026_06_19_merged.mat,SAMPLE,1,13978,979,48.900000000000006,698.85
R005,VEH,T1_SD_VEH,2026_06_19_merged.mat,SAMPLE,1,13979,980,48.95,698.9000000000001
R005,VEH,T1_SD_VEH,2026_06_19_merged.mat,SAMPLE,1,13980,981,49.0,698.95
R005,VEH,T1_SD_VEH,2026_06_19_merged.mat,SAMPLE,1,13981,982,49.050000000000004,699.0
R005,VEH,T1_SD_VEH,2026_06_19_merged.mat,SAMPLE,1,14168,1169,58.400000000000006,708.35
R005,VEH,T1_SD_VEH,2026_06_19_merged.mat,SAMPLE,1,14169,1170,58.45,708.4000000000001
R005,VEH,T1_SD_VEH,2026_06_19_merged.mat,SAMPLE,1,14182,1183,59.1,709.0500000000001
R005,VEH,T1_SD_VEH,2026_06_19_merged.mat,SAMPLE,1,14183,1184,59.150000000000006,709.1
R005,VEH,T1_SD_VEH,2026_06_19_merged.mat,SAMPLE,1,14207,1208,60.35,710.3000000000001
R005,VEH,T1_SD_VEH,2026_06_19_merged.mat,SAMPLE,3,14278,1279,63.900000000000006,713.85
R005,VEH,T1_SD_VEH,2026_06_19_merged.mat,SAMPLE,3,14279,1280,63.95,713.9000000000001
R005,VEH,T1_SD_VEH,2026_06_19_merged.mat,SAMPLE,3,14280,1281,64.0,713.95
R005,VEH,T1_SD_VEH,2026_06_19_merged.mat,SAMPLE,3,14281,1282,64.05,714.0
R005,VEH,T1_SD_VEH,2026_06_19_merged.mat,SAMPLE,1,14326,1327,66.3,716.25
R005,VEH,T1_SD_VEH,2026_06_19_merged.mat,SAMPLE,2,14356,1357,67.8,717.75
R005,VEH,T1_SD_VEH,2026_06_19_merged.mat,SAMPLE,2,14357,1358,67.85000000000001,717.8000000000001
R005,VEH,T1_SD_VEH,2026_06_19_merged.mat,SAMPLE,4,14425,1426,71.25,721.2
R005,VEH,T1_SD_VEH,2026_06_19_merged.mat,SAMPLE,4,14426,1427,71.3,721.25
R005,VEH,T1_SD_VEH,2026_06_19_merged.mat,SAMPLE,4,14441,1442,72.05,722.0
R005,VEH,T1_SD_VEH,2026_06_19_merged.mat,SAMPLE,4,14443,1444,72.15,722.1
R005,VEH,T1_SD_VEH,2026_06_19_merged.mat,SAMPLE,4,14444,1445,72.2,722.1500000000001
R005,VEH,T1_SD_VEH,2026_06_19_merged.mat,SAMPLE,4,14445,1446,72.25,722.2
R005,VEH,T1_SD_VEH,2026_06_19_merged.mat,SAMPLE,1,14485,1486,74.25,724.2
R005,VEH,T1_SD_VEH,2026_06_19_merged.mat,SAMPLE,1,14516,1517,75.8,725.75
R005,VEH,T1_SD_VEH,2026_06_19_merged.mat,SAMPLE,1,14517,1518,75.85000000000001,725.8000000000001
R005,VEH,T1_SD_VEH,2026_06_19_merged.mat,SAMPLE,1,14519,1520,75.95,725.9000000000001
R005,VEH,T1_SD_VEH,2026_06_19_merged.mat,SAMPLE,1,14520,1521,76.0,725.95
R005,VEH,T1_SD_VEH,2026_06_19_merged.mat,SAMPLE,1,14546,1547,77.30000000000001,727.25
R005,VEH,T1_SD_VEH,2026_06_19_merged.mat,SAMPLE,1,14547,1548,77.35000000000001,727.3000000000001
R005,VEH,T1_SD_VEH,2026_06_19_merged.mat,SAMPLE,1,14558,1559,77.9,727.85
R005,VEH,T1_SD_VEH,2026_06_19_merged.mat,SAMPLE,1,14559,1560,77.95,727.9000000000001
R005,VEH,T1_SD_VEH,2026_06_19_merged.mat,SAMPLE,1,14560,1561,78.0,727.95
R005,VEH,T1_SD_VEH,2026_06_19_merged.mat,SAMPLE,1,14561,1562,78.05000000000001,728.0
R005,VEH,T1_SD_VEH,2026_06_19_merged.mat,SAMPLE,1,14571,1572,78.55000000000001,728.5
R005,VEH,T1_SD_VEH,2026_06_19_merged.mat,SAMPLE,1,14572,1573,78.60000000000001,728.5500000000001
R005,VEH,T1_SD_VEH,2026_06_19_merged.mat,SAMPLE,1,14573,1574,78.65,728.6
R005,VEH,T1_SD_VEH,2026_06_19_merged.mat,SAMPLE,1,14574,1575,78.7,728.6500000000001
R005,VEH,T1_SD_VEH,2026_06_19_merged.mat,SAMPLE,1,14575,1576,78.75,728.7
R005,VEH,T1_SD_VEH,2026_06_19_merged.mat,SAMPLE,1,14576,1577,78.80000000000001,728.75
R005,VEH,T1_SD_VEH,2026_06_19_merged.mat,SAMPLE,1,14578,1579,78.9,728.85
R005,VEH,T1_SD_VEH,2026_06_19_merged.mat,SAMPLE,1,14583,1584,79.15,729.1
R005,VEH,T1_SD_VEH,2026_06_19_merged.mat,SAMPLE,1,14584,1585,79.2,729.1500000000001
R005,VEH,T1_SD_VEH,2026_06_19_merged.mat,SAMPLE,1,14591,1592,79.55000000000001,729.5
R005,VEH,T1_SD_VEH,2026_06_19_merged.mat,SAMPLE,1,14592,1593,79.60000000000001,729.5500000000001
R005,VEH,T1_SD_VEH,2026_06_19_merged.mat,SAMPLE,1,14593,1594,79.65,729.6
R005,VEH,T1_SD_VEH,2026_06_19_merged.mat,SAMPLE,1,14594,1595,79.7,729.6500000000001
R005,VEH,T1_SD_VEH,2026_06_19_merged.mat,SAMPLE,1,14595,1596,79.75,729.7
R005,VEH,T1_SD_VEH,2026_06_19_merged.mat,SAMPLE,1,14596,1597,79.80000000000001,729.75
R005,VEH,T1_SD_VEH,2026_06_19_merged.mat,SAMPLE,1,14597,1598,79.85000000000001,729.8000000000001
R005,VEH,T1_SD_VEH,2026_06_19_merged.mat,SAMPLE,1,14602,1603,80.10000000000001,730.0500000000001
R005,VEH,T1_SD_VEH,2026_06_19_merged.mat,SAMPLE,1,14603,1604,80.15,730.1
R005,VEH,T1_SD_VEH,2026_06_19_merged.mat,SAMPLE,1,14604,1605,80.2,730.1500000000001
R005,VEH,T1_SD_VEH,2026_06_19_merged.mat,SAMPLE,1,14605,1606,80.25,730.2
R005,VEH,T1_SD_VEH,2026_06_19_merged.mat,SAMPLE,1,14606,1607,80.30000000000001,730.25
R005,VEH,T1_SD_VEH,2026_06_19_merged.mat,SAMPLE,1,14607,1608,80.35000000000001,730.3000000000001
R005,VEH,T1_SD_VEH,2026_06_19_merged.mat,SAMPLE,1,14608,1609,80.4,730.35
R005,VEH,T1_SD_VEH,2026_06_19_merged.mat,SAMPLE,1,14609,1610,80.45,730.4000000000001
R005,VEH,T1_SD_VEH,2026_06_19_merged.mat,SAMPLE,1,14616,1617,80.80000000000001,730.75
R005,VEH,T1_SD_VEH,2026_06_19_merged.mat,SAMPLE,1,14617,1618,80.85000000000001,730.8000000000001
R005,VEH,T1_SD_VEH,2026_06_19_merged.mat,SAMPLE,1,14618,1619,80.9,730.85
R005,VEH,T1_SD_VEH,2026_06_19_merged.mat,SAMPLE,1,14619,1620,80.95,730.9000000000001
R005,VEH,T1_SD_VEH,2026_06_19_merged.mat,SAMPLE,1,14620,1621,81.0,730.95
R005,VEH,T1_SD_VEH,2026_06_19_merged.mat,SAMPLE,1,14621,1622,81.05000000000001,731.0
R005,VEH,T1_SD_VEH,2026_06_19_merged.mat,SAMPLE,1,14622,1623,81.10000000000001,731.0500000000001
R005,VEH,T1_SD_VEH,2026_06_19_merged.mat,SAMPLE,1,14623,1624,81.15,731.1
R005,VEH,T1_SD_VEH,2026_06_19_merged.mat,SAMPLE,1,14624,1625,81.2,731.1500000000001
R005,VEH,T1_SD_VEH,2026_06_19_merged.mat,SAMPLE,1,14627,1628,81.35000000000001,731.3000000000001
R005,VEH,T1_SD_VEH,2026_06_19_merged.mat,SAMPLE,1,14628,1629,81.4,731.35
R005,VEH,T1_SD_VEH,2026_06_19_merged.mat,SAMPLE,1,14629,1630,81.45,731.4000000000001
R005,VEH,T1_SD_VEH,2026_06_19_merged.mat,SAMPLE,1,14630,1631,81.5,731.45
R005,VEH,T1_SD_VEH,2026_06_19_merged.mat,SAMPLE,1,14631,1632,81.55000000000001,731.5
R005,VEH,T1_SD_VEH,2026_06_19_merged.mat,SAMPLE,1,14632,1633,81.60000000000001,731.5500000000001
R005,VEH,T1_SD_VEH,2026_06_19_merged.mat,SAMPLE,1,14633,1634,81.65,731.6
R005,VEH,T1_SD_VEH,2026_06_19_merged.mat,SAMPLE,1,14634,1635,81.7,731.6500000000001
R005,VEH,T1_SD_VEH,2026_06_19_merged.mat,SAMPLE,1,14641,1642,82.05000000000001,732.0
R005,VEH,T1_SD_VEH,2026_06_19_merged.mat,SAMPLE,1,14642,1643,82.10000000000001,732.0500000000001
R005,VEH,T1_SD_VEH,2026_06_19_merged.mat,SAMPLE,1,14643,1644,82.15,732.1
R005,VEH,T1_SD_VEH,2026_06_19_merged.mat,SAMPLE,1,14644,1645,82.2,732.1500000000001
R005,VEH,T1_SD_VEH,2026_06_19_merged.mat,SAMPLE,1,14645,1646,82.25,732.2
R005,VEH,T1_SD_VEH,2026_06_19_merged.mat,SAMPLE,1,14646,1647,82.30000000000001,732.25
R005,VEH,T1_SD_VEH,2026_06_19_merged.mat,SAMPLE,1,14647,1648,82.35000000000001,732.3000000000001
R005,VEH,T1_SD_VEH,2026_06_19_merged.mat,SAMPLE,1,14653,1654,82.65,732.6
R005,VEH,T1_SD_VEH,2026_06_19_merged.mat,SAMPLE,1,14654,1655,82.7,732.6500000000001
R005,VEH,T1_SD_VEH,2026_06_19_merged.mat,SAMPLE,1,14655,1656,82.75,732.7
R005,VEH,T1_SD_VEH,2026_06_19_merged.mat,SAMPLE,1,14656,1657,82.80000000000001,732.75
R005,VEH,T1_SD_VEH,2026_06_19_merged.mat,SAMPLE,1,14664,1665,83.2,733.1500000000001
R005,VEH,T1_SD_VEH,2026_06_19_merged.mat,SAMPLE,1,14665,1666,83.25,733.2
R005,VEH,T1_SD_VEH,2026_06_19_merged.mat,SAMPLE,1,14666,1667,83.30000000000001,733.25
R005,VEH,T1_SD_VEH,2026_06_19_merged.mat,SAMPLE,1,14667,1668,83.35000000000001,733.3000000000001
R005,VEH,T1_SD_VEH,2026_06_19_merged.mat,SAMPLE,1,14668,1669,83.4,733.35
R005,VEH,T1_SD_VEH,2026_06_19_merged.mat,SAMPLE,1,14675,1676,83.75,733.7
R005,VEH,T1_SD_VEH,2026_06_19_merged.mat,SAMPLE,1,14676,1677,83.80000000000001,733.75
R005,VEH,T1_SD_VEH,2026_06_19_merged.mat,SAMPLE,1,14677,1678,83.85000000000001,733.8000000000001
R005,VEH,T1_SD_VEH,2026_06_19_merged.mat,SAMPLE,1,14678,1679,83.9,733.85
R005,VEH,T1_SD_VEH,2026_06_19_merged.mat,SAMPLE,1,14679,1680,83.95,733.9000000000001
R005,VEH,T1_SD_VEH,2026_06_19_merged.mat,SAMPLE,1,14685,1686,84.25,734.2
R005,VEH,T1_SD_VEH,2026_06_19_merged.mat,SAMPLE,1,14686,1687,84.30000000000001,734.25
R005,VEH,T1_SD_VEH,2026_06_19_merged.mat,SAMPLE,1,14687,1688,84.35000000000001,734.3000000000001
R005,VEH,T1_SD_VEH,2026_06_19_merged.mat,SAMPLE,1,14697,1698,84.85000000000001,734.8000000000001
R005,VEH,T1_SD_VEH,2026_06_19_merged.mat,SAMPLE,1,14698,1699,84.9,734.85
R005,VEH,T1_SD_VEH,2026_06_19_merged.mat,SAMPLE,1,14699,1700,84.95,734.9000000000001
R005,VEH,T1_SD_VEH,2026_06_19_merged.mat,SAMPLE,1,14700,1701,85.0,734.95
R005,VEH,T1_SD_VEH,2026_06_19_merged.mat,SAMPLE,1,14701,1702,85.05000000000001,735.0
R005,VEH,T1_SD_VEH,2026_06_19_merged.mat,SAMPLE,1,14702,1703,85.10000000000001,735.0500000000001
R005,VEH,T1_SD_VEH,2026_06_19_merged.mat,SAMPLE,1,14704,1705,85.2,735.1500000000001
R005,VEH,T1_SD_VEH,2026_06_19_merged.mat,SAMPLE,1,14705,1706,85.25,735.2
R005,VEH,T1_SD_VEH,2026_06_19_merged.mat,SAMPLE,1,14706,1707,85.30000000000001,735.25
R005,VEH,T1_SD_VEH,2026_06_19_merged.mat,SAMPLE,1,14707,1708,85.35000000000001,735.3000000000001
R005,VEH,T1_SD_VEH,2026_06_19_merged.mat,SAMPLE,1,14708,1709,85.4,735.35
R005,VEH,T1_SD_VEH,2026_06_19_merged.mat,SAMPLE,1,14709,1710,85.45,735.4000000000001
R005,VEH,T1_SD_VEH,2026_06_19_merged.mat,SAMPLE,1,14710,1711,85.5,735.45
R005,VEH,T1_SD_VEH,2026_06_19_merged.mat,SAMPLE,1,14711,1712,85.55000000000001,735.5
R005,VEH,T1_SD_VEH,2026_06_19_merged.mat,SAMPLE,1,14721,1722,86.05000000000001,736.0
R005,VEH,T1_SD_VEH,2026_06_19_merged.mat,SAMPLE,1,14722,1723,86.10000000000001,736.0500000000001
R005,VEH,T1_SD_VEH,2026_06_19_merged.mat,SAMPLE,1,14723,1724,86.15,736.1
R005,VEH,T1_SD_VEH,2026_06_19_merged.mat,SAMPLE,1,14724,1725,86.2,736.1500000000001
R005,VEH,T1_SD_VEH,2026_06_19_merged.mat,SAMPLE,4,14783,1784,89.15,739.1
R005,VEH,T1_SD_VEH,2026_06_19_merged.mat,SAMPLE,3,14801,1802,90.05000000000001,740.0
R005,VEH,T1_SD_VEH,2026_06_19_merged.mat,SAMPLE,1,14838,1839,91.9,741.85
R005,VEH,T1_SD_VEH,2026_06_19_merged.mat,SAMPLE,4,14876,1877,93.80000000000001,743.75
R005,VEH,T1_SD_VEH,2026_06_19_merged.mat,SAMPLE,1,14923,1924,96.15,746.1
R005,VEH,T1_SD_VEH,2026_06_19_merged.mat,SAMPLE,1,14924,1925,96.2,746.1500000000001
R005,VEH,T1_SD_VEH,2026_06_19_merged.mat,SAMPLE,2,14950,1951,97.5,747.45
R005,VEH,T1_SD_VEH,2026_06_19_merged.mat,SAMPLE,3,14954,1955,97.7,747.6500000000001
R005,VEH,T1_SD_VEH,2026_06_19_merged.mat,SAMPLE,4,14959,1960,97.95,747.9000000000001
R005,VEH,T1_SD_VEH,2026_06_19_merged.mat,SAMPLE,4,14960,1961,98.0,747.95
R005,VEH,T1_SD_VEH,2026_06_19_merged.mat,SAMPLE,4,14961,1962,98.05000000000001,748.0
R005,VEH,T1_SD_VEH,2026_06_19_merged.mat,SAMPLE,1,15006,2007,100.30000000000001,750.25
R005,VEH,T1_SD_VEH,2026_06_19_merged.mat,SAMPLE,1,15007,2008,100.35000000000001,750.3000000000001
R005,VEH,T1_SD_VEH,2026_06_19_merged.mat,SAMPLE,1,15008,2009,100.4,750.35
R005,VEH,T1_SD_VEH,2026_06_19_merged.mat,SAMPLE,1,15009,2010,100.45,750.4000000000001
R005,VEH,T1_SD_VEH,2026_06_19_merged.mat,SAMPLE,1,15010,2011,100.5,750.45
R005,VEH,T1_SD_VEH,2026_06_19_merged.mat,SAMPLE,1,15020,2021,101.0,750.95
R005,VEH,T1_SD_VEH,2026_06_19_merged.mat,SAMPLE,1,15021,2022,101.05000000000001,751.0
R005,VEH,T1_SD_VEH,2026_06_19_merged.mat,SAMPLE,1,15112,2113,105.60000000000001,755.5500000000001
R005,VEH,T1_SD_VEH,2026_06_19_merged.mat,SAMPLE,1,15113,2114,105.65,755.6
R005,VEH,T1_SD_VEH,2026_06_19_merged.mat,SAMPLE,1,15114,2115,105.7,755.6500000000001
R005,VEH,T1_SD_VEH,2026_06_19_merged.mat,SAMPLE,1,15115,2116,105.75,755.7
R005,VEH,T1_SD_VEH,2026_06_19_merged.mat,SAMPLE,1,15116,2117,105.80000000000001,755.75
R005,VEH,T1_SD_VEH,2026_06_19_merged.mat,SAMPLE,1,15152,2153,107.60000000000001,757.5500000000001
R005,VEH,T1_SD_VEH,2026_06_19_merged.mat,SAMPLE,1,15153,2154,107.65,757.6
R005,VEH,T1_SD_VEH,2026_06_19_merged.mat,SAMPLE,1,15155,2156,107.75,757.7
R005,VEH,T1_SD_VEH,2026_06_19_merged.mat,SAMPLE,1,15156,2157,107.80000000000001,757.75
R005,VEH,T1_SD_VEH,2026_06_19_merged.mat,SAMPLE,1,15164,2165,108.2,758.1500000000001
R005,VEH,T1_SD_VEH,2026_06_19_merged.mat,SAMPLE,1,15165,2166,108.25,758.2
R005,VEH,T1_SD_VEH,2026_06_19_merged.mat,SAMPLE,1,15178,2179,108.9,758.85
R005,VEH,T1_SD_VEH,2026_06_19_merged.mat,SAMPLE,1,15179,2180,108.95,758.9000000000001
R005,VEH,T1_SD_VEH,2026_06_19_merged.mat,SAMPLE,1,15180,2181,109.0,758.95
R005,VEH,T1_SD_VEH,2026_06_19_merged.mat,SAMPLE,1,15181,2182,109.05000000000001,759.0
R005,VEH,T1_SD_VEH,2026_06_19_merged.mat,SAMPLE,1,15182,2183,109.10000000000001,759.0500000000001
R005,VEH,T1_SD_VEH,2026_06_19_merged.mat,SAMPLE,1,15183,2184,109.15,759.1
R005,VEH,T1_SD_VEH,2026_06_19_merged.mat,SAMPLE,1,15186,2187,109.30000000000001,759.25
R005,VEH,T1_SD_VEH,2026_06_19_merged.mat,SAMPLE,1,15187,2188,109.35000000000001,759.3000000000001
R005,VEH,T1_SD_VEH,2026_06_19_merged.mat,SAMPLE,1,15191,2192,109.55000000000001,759.5
R005,VEH,T1_SD_VEH,2026_06_19_merged.mat,SAMPLE,1,15192,2193,109.60000000000001,759.5500000000001
R005,VEH,T1_SD_VEH,2026_06_19_merged.mat,SAMPLE,1,15194,2195,109.7,759.6500000000001
R005,VEH,T1_SD_VEH,2026_06_19_merged.mat,SAMPLE,1,15195,2196,109.75,759.7
R005,VEH,T1_SD_VEH,2026_06_19_merged.mat,SAMPLE,1,15200,2201,110.0,759.95
R005,VEH,T1_SD_VEH,2026_06_19_merged.mat,SAMPLE,1,15224,2225,111.2,761.1500000000001
R005,VEH,T1_SD_VEH,2026_06_19_merged.mat,SAMPLE,1,15226,2227,111.30000000000001,761.25
R005,VEH,T1_SD_VEH,2026_06_19_merged.mat,SAMPLE,1,15227,2228,111.35000000000001,761.3000000000001
R005,VEH,T1_SD_VEH,2026_06_19_merged.mat,SAMPLE,1,15228,2229,111.4,761.35
R005,VEH,T1_SD_VEH,2026_06_19_merged.mat,SAMPLE,1,15229,2230,111.45,761.4000000000001
R005,VEH,T1_SD_VEH,2026_06_19_merged.mat,SAMPLE,1,15230,2231,111.5,761.45
R005,VEH,T1_SD_VEH,2026_06_19_merged.mat,SAMPLE,1,15231,2232,111.55000000000001,761.5
R005,VEH,T1_SD_VEH,2026_06_19_merged.mat,SAMPLE,1,15232,2233,111.60000000000001,761.5500000000001
R005,VEH,T1_SD_VEH,2026_06_19_merged.mat,SAMPLE,1,15233,2234,111.65,761.6
R005,VEH,T1_SD_VEH,2026_06_19_merged.mat,SAMPLE,1,15234,2235,111.7,761.6500000000001
R005,VEH,T1_SD_VEH,2026_06_19_merged.mat,SAMPLE,1,15235,2236,111.75,761.7
R005,VEH,T1_SD_VEH,2026_06_19_merged.mat,SAMPLE,1,15236,2237,111.80000000000001,761.75
R005,VEH,T1_SD_VEH,2026_06_19_merged.mat,SAMPLE,1,15242,2243,112.10000000000001,762.0500000000001
R005,VEH,T1_SD_VEH,2026_06_19_merged.mat,SAMPLE,1,15257,2258,112.85000000000001,762.8000000000001
R005,VEH,T1_SD_VEH,2026_06_19_merged.mat,SAMPLE,1,15258,2259,112.9,762.85
R005,VEH,T1_SD_VEH,2026_06_19_merged.mat,SAMPLE,1,15259,2260,112.95,762.9000000000001
R005,VEH,T1_SD_VEH,2026_06_19_merged.mat,SAMPLE,1,15260,2261,113.0,762.95
R005,VEH,T1_SD_VEH,2026_06_19_merged.mat,SAMPLE,1,15268,2269,113.4,763.35
R005,VEH,T1_SD_VEH,2026_06_19_merged.mat,SAMPLE,1,15270,2271,113.5,763.45
R005,VEH,T1_SD_VEH,2026_06_19_merged.mat,SAMPLE,1,15282,2283,114.10000000000001,764.0500000000001
R005,VEH,T1_SD_VEH,2026_06_19_merged.mat,SAMPLE,1,15283,2284,114.15,764.1
R005,VEH,T1_SD_VEH,2026_06_19_merged.mat,SAMPLE,1,15284,2285,114.2,764.1500000000001
R005,VEH,T1_SD_VEH,2026_06_19_merged.mat,SAMPLE,1,15285,2286,114.25,764.2
R005,VEH,T1_SD_VEH,2026_06_19_merged.mat,SAMPLE,1,15308,2309,115.4,765.35
R005,VEH,T1_SD_VEH,2026_06_19_merged.mat,SAMPLE,1,15309,2310,115.45,765.4000000000001
R005,VEH,T1_SD_VEH,2026_06_19_merged.mat,SAMPLE,1,15310,2311,115.5,765.45
R005,VEH,T1_SD_VEH,2026_06_19_merged.mat,SAMPLE,1,15311,2312,115.55000000000001,765.5
R005,VEH,T1_SD_VEH,2026_06_19_merged.mat,SAMPLE,1,15321,2322,116.05000000000001,766.0
R005,VEH,T1_SD_VEH,2026_06_19_merged.mat,SAMPLE,1,15322,2323,116.10000000000001,766.0500000000001
R005,VEH,T1_SD_VEH,2026_06_19_merged.mat,SAMPLE,1,15323,2324,116.15,766.1
R005,VEH,T1_SD_VEH,2026_06_19_merged.mat,SAMPLE,1,15324,2325,116.2,766.1500000000001
R005,VEH,T1_SD_VEH,2026_06_19_merged.mat,SAMPLE,1,15325,2326,116.25,766.2
R005,VEH,T1_SD_VEH,2026_06_19_merged.mat,SAMPLE,1,15350,2351,117.5,767.45
R005,VEH,T1_SD_VEH,2026_06_19_merged.mat,SAMPLE,1,15351,2352,117.55000000000001,767.5
R005,VEH,T1_SD_VEH,2026_06_19_merged.mat,SAMPLE,1,15352,2353,117.60000000000001,767.5500000000001
R005,VEH,T1_SD_VEH,2026_06_19_merged.mat,SAMPLE,1,15353,2354,117.65,767.6
R005,VEH,T1_SD_VEH,2026_06_19_merged.mat,SAMPLE,1,15393,2394,119.65,769.6
R005,VEH,T1_SD_VEH,2026_06_19_merged.mat,SAMPLE,1,15394,2395,119.7,769.6500000000001
R005,VEH,T1_SD_VEH,2026_06_19_merged.mat,SAMPLE,1,15395,2396,119.75,769.7
R005,VEH,T1_SD_VEH,2026_06_19_merged.mat,SAMPLE,1,15411,2412,120.55000000000001,770.5
R005,VEH,T1_SD_VEH,2026_06_19_merged.mat,SAMPLE,1,15412,2413,120.60000000000001,770.5500000000001
R005,VEH,T1_SD_VEH,2026_06_19_merged.mat,SAMPLE,1,15430,2431,121.5,771.45
R005,VEH,T1_SD_VEH,2026_06_19_merged.mat,SAMPLE,1,15431,2432,121.55000000000001,771.5
R005,VEH,T1_SD_VEH,2026_06_19_merged.mat,SAMPLE,1,15432,2433,121.60000000000001,771.5500000000001
R005,VEH,T1_SD_VEH,2026_06_19_merged.mat,SAMPLE,1,15433,2434,121.65,771.6
R005,VEH,T1_SD_VEH,2026_06_19_merged.mat,SAMPLE,3,15436,2437,121.80000000000001,771.75
R005,VEH,T1_SD_VEH,2026_06_19_merged.mat,SAMPLE,3,15437,2438,121.85000000000001,771.8000000000001
R005,VEH,T1_SD_VEH,2026_06_19_merged.mat,SAMPLE,3,15438,2439,121.9,771.85
R005,VEH,T1_SD_VEH,2026_06_19_merged.mat,SAMPLE,1,15444,2445,122.2,772.1500000000001
R005,VEH,T1_SD_VEH,2026_06_19_merged.mat,SAMPLE,2,15475,2476,123.75,773.7
R005,VEH,T1_SD_VEH,2026_06_19_merged.mat,SAMPLE,2,15476,2477,123.80000000000001,773.75
R005,VEH,T1_SD_VEH,2026_06_19_merged.mat,SAMPLE,4,15484,2485,124.2,774.1500000000001
R005,VEH,T1_SD_VEH,2026_06_19_merged.mat,SAMPLE,1,15522,2523,126.10000000000001,776.0500000000001
R005,VEH,T1_SD_VEH,2026_06_19_merged.mat,SAMPLE,1,15549,2550,127.45,777.4000000000001
R005,VEH,T1_SD_VEH,2026_06_19_merged.mat,SAMPLE,4,15597,2598,129.85,779.8000000000001
R005,VEH,T1_SD_VEH,2026_06_19_merged.mat,SAMPLE,1,15640,2641,132.0,781.95
R005,VEH,T1_SD_VEH,2026_06_19_merged.mat,SAMPLE,1,15641,2642,132.05,782.0
R005,VEH,T1_SD_VEH,2026_06_19_merged.mat,SAMPLE,1,15642,2643,132.1,782.0500000000001
R005,VEH,T1_SD_VEH,2026_06_19_merged.mat,SAMPLE,1,15668,2669,133.4,783.35
R005,VEH,T1_SD_VEH,2026_06_19_merged.mat,SAMPLE,1,15669,2670,133.45000000000002,783.4000000000001
R005,VEH,T1_SD_VEH,2026_06_19_merged.mat,SAMPLE,1,15670,2671,133.5,783.45
R005,VEH,T1_SD_VEH,2026_06_19_merged.mat,SAMPLE,1,15671,2672,133.55,783.5
R005,VEH,T1_SD_VEH,2026_06_19_merged.mat,SAMPLE,1,15672,2673,133.6,783.5500000000001
R005,VEH,T1_SD_VEH,2026_06_19_merged.mat,SAMPLE,1,15673,2674,133.65,783.6
R005,VEH,T1_SD_VEH,2026_06_19_merged.mat,SAMPLE,1,15674,2675,133.70000000000002,783.6500000000001
R005,VEH,T1_SD_VEH,2026_06_19_merged.mat,SAMPLE,1,15732,2733,136.6,786.5500000000001
R005,VEH,T1_SD_VEH,2026_06_19_merged.mat,SAMPLE,1,15733,2734,136.65,786.6
R005,VEH,T1_SD_VEH,2026_06_19_merged.mat,SAMPLE,1,15734,2735,136.70000000000002,786.6500000000001
R005,VEH,T1_SD_VEH,2026_06_19_merged.mat,SAMPLE,1,15735,2736,136.75,786.7
R005,VEH,T1_SD_VEH,2026_06_19_merged.mat,SAMPLE,1,15736,2737,136.8,786.75
R005,VEH,T1_SD_VEH,2026_06_19_merged.mat,SAMPLE,1,15788,2789,139.4,789.35
R005,VEH,T1_SD_VEH,2026_06_19_merged.mat,SAMPLE,1,15789,2790,139.45000000000002,789.4000000000001
R005,VEH,T1_SD_VEH,2026_06_19_merged.mat,SAMPLE,1,15811,2812,140.55,790.5
R005,VEH,T1_SD_VEH,2026_06_19_merged.mat,SAMPLE,1,15812,2813,140.6,790.5500000000001
R005,VEH,T1_SD_VEH,2026_06_19_merged.mat,SAMPLE,1,15813,2814,140.65,790.6
R005,VEH,T1_SD_VEH,2026_06_19_merged.mat,SAMPLE,1,15814,2815,140.70000000000002,790.6500000000001
R005,VEH,T1_SD_VEH,2026_06_19_merged.mat,SAMPLE,1,15815,2816,140.75,790.7
R005,VEH,T1_SD_VEH,2026_06_19_merged.mat,SAMPLE,1,15816,2817,140.8,790.75
R005,VEH,T1_SD_VEH,2026_06_19_merged.mat,SAMPLE,1,15817,2818,140.85,790.8000000000001
R005,VEH,T1_SD_VEH,2026_06_19_merged.mat,SAMPLE,1,15818,2819,140.9,790.85
R005,VEH,T1_SD_VEH,2026_06_19_merged.mat,SAMPLE,1,15819,2820,140.95000000000002,790.9000000000001
R005,VEH,T1_SD_VEH,2026_06_19_merged.mat,SAMPLE,1,15820,2821,141.0,790.95
R005,VEH,T1_SD_VEH,2026_06_19_merged.mat,SAMPLE,1,15821,2822,141.05,791.0
R005,VEH,T1_SD_VEH,2026_06_19_merged.mat,SAMPLE,1,15840,2841,142.0,791.95
R005,VEH,T1_SD_VEH,2026_06_19_merged.mat,SAMPLE,1,15848,2849,142.4,792.35
R005,VEH,T1_SD_VEH,2026_06_19_merged.mat,SAMPLE,1,15849,2850,142.45000000000002,792.4000000000001
R005,VEH,T1_SD_VEH,2026_06_19_merged.mat,SAMPLE,4,15878,2879,143.9,793.85
R005,VEH,T1_SD_VEH,2026_06_19_merged.mat,SAMPLE,4,15879,2880,143.95000000000002,793.9000000000001
R005,VEH,T1_SD_VEH,2026_06_19_merged.mat,SAMPLE,4,15880,2881,144.0,793.95
R005,VEH,T1_SD_VEH,2026_06_19_merged.mat,SAMPLE,4,15892,2893,144.6,794.5500000000001
R005,VEH,T1_SD_VEH,2026_06_19_merged.mat,SAMPLE,4,15893,2894,144.65,794.6
R005,VEH,T1_SD_VEH,2026_06_19_merged.mat,SAMPLE,4,15894,2895,144.70000000000002,794.6500000000001
R005,VEH,T1_SD_VEH,2026_06_19_merged.mat,SAMPLE,1,15908,2909,145.4,795.35
R005,VEH,T1_SD_VEH,2026_06_19_merged.mat,SAMPLE,1,15909,2910,145.45000000000002,795.4000000000001
R005,VEH,T1_SD_VEH,2026_06_19_merged.mat,SAMPLE,1,15910,2911,145.5,795.45
R005,VEH,T1_SD_VEH,2026_06_19_merged.mat,SAMPLE,1,15911,2912,145.55,795.5
R005,VEH,T1_SD_VEH,2026_06_19_merged.mat,SAMPLE,1,15912,2913,145.6,795.5500000000001
R005,VEH,T1_SD_VEH,2026_06_19_merged.mat,SAMPLE,1,15913,2914,145.65,795.6
R005,VEH,T1_SD_VEH,2026_06_19_merged.mat,SAMPLE,4,15943,2944,147.15,797.1
R005,VEH,T1_SD_VEH,2026_06_19_merged.mat,SAMPLE,4,15944,2945,147.20000000000002,797.1500000000001
R005,VEH,T1_SD_VEH,2026_06_19_merged.mat,SAMPLE,4,15945,2946,147.25,797.2
R005,VEH,T1_SD_VEH,2026_06_19_merged.mat,SAMPLE,1,15964,2965,148.20000000000002,798.1500000000001
R005,VEH,T1_SD_VEH,2026_06_19_merged.mat,SAMPLE,1,15965,2966,148.25,798.2
R005,VEH,T1_SD_VEH,2026_06_19_merged.mat,SAMPLE,1,15973,2974,148.65,798.6
R005,VEH,T1_SD_VEH,2026_06_19_merged.mat,SAMPLE,1,15974,2975,148.70000000000002,798.6500000000001
R005,VEH,T1_SD_VEH,2026_06_19_merged.mat,SAMPLE,1,15975,2976,148.75,798.7
R005,VEH,T1_SD_VEH,2026_06_19_merged.mat,SAMPLE,1,15976,2977,148.8,798.75
R005,VEH,T1_SD_VEH,2026_06_19_merged.mat,SAMPLE,1,15977,2978,148.85,798.8000000000001
R005,VEH,T1_SD_VEH,2026_06_19_merged.mat,SAMPLE,1,15978,2979,148.9,798.85
R005,VEH,T1_SD_VEH,2026_06_19_merged.mat,SAMPLE,1,15979,2980,148.95000000000002,798.9000000000001
R005,VEH,T1_SD_VEH,2026_06_19_merged.mat,SAMPLE,1,16003,3004,150.15,800.1
R005,VEH,T1_SD_VEH,2026_06_19_merged.mat,SAMPLE,1,16004,3005,150.20000000000002,800.1500000000001
R005,VEH,T1_SD_VEH,2026_06_19_merged.mat,SAMPLE,1,16005,3006,150.25,800.2
R005,VEH,T1_SD_VEH,2026_06_19_merged.mat,SAMPLE,4,16046,3047,152.3,802.25
R005,VEH,T1_SD_VEH,2026_06_19_merged.mat,SAMPLE,2,16049,3050,152.45000000000002,802.4000000000001
R005,VEH,T1_SD_VEH,2026_06_19_merged.mat,SAMPLE,2,16050,3051,152.5,802.45
R005,VEH,T1_SD_VEH,2026_06_19_merged.mat,SAMPLE,4,16056,3057,152.8,802.75
R005,VEH,T1_SD_VEH,2026_06_19_merged.mat,SAMPLE,2,16057,3058,152.85,802.8000000000001
R005,VEH,T1_SD_VEH,2026_06_19_merged.mat,SAMPLE,2,16058,3059,152.9,802.85
R005,VEH,T1_SD_VEH,2026_06_19_merged.mat,SAMPLE,2,16059,3060,152.95000000000002,802.9000000000001
R005,VEH,T1_SD_VEH,2026_06_19_merged.mat,SAMPLE,2,16060,3061,153.0,802.95
R005,VEH,T1_SD_VEH,2026_06_19_merged.mat,SAMPLE,2,16061,3062,153.05,803.0
R005,VEH,T1_SD_VEH,2026_06_19_merged.mat,SAMPLE,4,16064,3065,153.20000000000002,803.1500000000001
R005,VEH,T1_SD_VEH,2026_06_19_merged.mat,SAMPLE,4,16065,3066,153.25,803.2
R005,VEH,T1_SD_VEH,2026_06_19_merged.mat,SAMPLE,4,16066,3067,153.3,803.25
R005,VEH,T1_SD_VEH,2026_06_19_merged.mat,SAMPLE,1,16087,3088,154.35000000000002,804.3000000000001
R005,VEH,T1_SD_VEH,2026_06_19_merged.mat,SAMPLE,1,16088,3089,154.4,804.35
R005,VEH,T1_SD_VEH,2026_06_19_merged.mat,SAMPLE,1,16089,3090,154.45000000000002,804.4000000000001
R005,VEH,T1_SD_VEH,2026_06_19_merged.mat,SAMPLE,1,16090,3091,154.5,804.45
R005,VEH,T1_SD_VEH,2026_06_19_merged.mat,SAMPLE,4,16109,3110,155.45000000000002,805.4000000000001
R005,VEH,T1_SD_VEH,2026_06_19_merged.mat,SAMPLE,4,16110,3111,155.5,805.45
R005,VEH,T1_SD_VEH,2026_06_19_merged.mat,SAMPLE,4,16111,3112,155.55,805.5
R005,VEH,T1_SD_VEH,2026_06_19_merged.mat,SAMPLE,4,16112,3113,155.60000000000002,805.5500000000001
R005,VEH,T1_SD_VEH,2026_06_19_merged.mat,SAMPLE,4,16113,3114,155.65,805.6
R005,VEH,T1_SD_VEH,2026_06_19_merged.mat,SAMPLE,4,16114,3115,155.70000000000002,805.6500000000001
R005,VEH,T1_SD_VEH,2026_06_19_merged.mat,SAMPLE,1,16146,3147,157.3,807.25
R005,VEH,T1_SD_VEH,2026_06_19_merged.mat,SAMPLE,1,16147,3148,157.35000000000002,807.3000000000001
R005,VEH,T1_SD_VEH,2026_06_19_merged.mat,SAMPLE,1,16148,3149,157.4,807.35
R005,VEH,T1_SD_VEH,2026_06_19_merged.mat,SAMPLE,1,16149,3150,157.45000000000002,807.4000000000001
R005,VEH,T1_SD_VEH,2026_06_19_merged.mat,SAMPLE,1,16150,3151,157.5,807.45
R005,VEH,T1_SD_VEH,2026_06_19_merged.mat,SAMPLE,1,16151,3152,157.55,807.5
R005,VEH,T1_SD_VEH,2026_06_19_merged.mat,SAMPLE,1,16152,3153,157.60000000000002,807.5500000000001
R005,VEH,T1_SD_VEH,2026_06_19_merged.mat,SAMPLE,1,16153,3154,157.65,807.6
R005,VEH,T1_SD_VEH,2026_06_19_merged.mat,SAMPLE,1,16154,3155,157.70000000000002,807.6500000000001
R005,VEH,T1_SD_VEH,2026_06_19_merged.mat,SAMPLE,1,16155,3156,157.75,807.7
R005,VEH,T1_SD_VEH,2026_06_19_merged.mat,SAMPLE,3,16189,3190,159.45000000000002,809.4000000000001
R005,VEH,T1_SD_VEH,2026_06_19_merged.mat,SAMPLE,3,16190,3191,159.5,809.45
R005,VEH,T1_SD_VEH,2026_06_19_merged.mat,SAMPLE,4,16210,3211,160.5,810.45
R005,VEH,T1_SD_VEH,2026_06_19_merged.mat,SAMPLE,4,16211,3212,160.55,810.5
R005,VEH,T1_SD_VEH,2026_06_19_merged.mat,SAMPLE,4,16212,3213,160.60000000000002,810.5500000000001
R005,VEH,T1_SD_VEH,2026_06_19_merged.mat,SAMPLE,4,16213,3214,160.65,810.6
R005,VEH,T1_SD_VEH,2026_06_19_merged.mat,SAMPLE,4,16252,3253,162.60000000000002,812.5500000000001
R005,VEH,T1_SD_VEH,2026_06_19_merged.mat,SAMPLE,4,16253,3254,162.65,812.6
R005,VEH,T1_SD_VEH,2026_06_19_merged.mat,SAMPLE,2,16270,3271,163.5,813.45
R005,VEH,T1_SD_VEH,2026_06_19_merged.mat,SAMPLE,4,16298,3299,164.9,814.85
R005,VEH,T1_SD_VEH,2026_06_19_merged.mat,SAMPLE,4,16299,3300,164.95000000000002,814.9000000000001
R005,VEH,T1_SD_VEH,2026_06_19_merged.mat,SAMPLE,4,16305,3306,165.25,815.2
R005,VEH,T1_SD_VEH,2026_06_19_merged.mat,SAMPLE,4,16306,3307,165.3,815.25
R005,VEH,T1_SD_VEH,2026_06_19_merged.mat,SAMPLE,2,16307,3308,165.35000000000002,815.3000000000001
R005,VEH,T1_SD_VEH,2026_06_19_merged.mat,SAMPLE,4,16325,3326,166.25,816.2
R005,VEH,T1_SD_VEH,2026_06_19_merged.mat,SAMPLE,4,16326,3327,166.3,816.25
R005,VEH,T1_SD_VEH,2026_06_19_merged.mat,SAMPLE,1,16406,3407,170.3,820.25
R005,VEH,T1_SD_VEH,2026_06_19_merged.mat,SAMPLE,1,16418,3419,170.9,820.85
R005,VEH,T1_SD_VEH,2026_06_19_merged.mat,SAMPLE,1,16419,3420,170.95000000000002,820.9000000000001
R005,VEH,T1_SD_VEH,2026_06_19_merged.mat,SAMPLE,1,16440,3441,172.0,821.95
R005,VEH,T1_SD_VEH,2026_06_19_merged.mat,SAMPLE,1,16441,3442,172.05,822.0
R005,VEH,T1_SD_VEH,2026_06_19_merged.mat,SAMPLE,2,16455,3456,172.75,822.7
R005,VEH,T1_SD_VEH,2026_06_19_merged.mat,SAMPLE,2,16463,3464,173.15,823.1
R005,VEH,T1_SD_VEH,2026_06_19_merged.mat,SAMPLE,4,16484,3485,174.20000000000002,824.1500000000001
R005,VEH,T1_SD_VEH,2026_06_19_merged.mat,SAMPLE,4,16485,3486,174.25,824.2
R005,VEH,T1_SD_VEH,2026_06_19_merged.mat,SAMPLE,2,16495,3496,174.75,824.7
R005,VEH,T1_SD_VEH,2026_06_19_merged.mat,SAMPLE,2,16502,3503,175.10000000000002,825.0500000000001
R005,VEH,T1_SD_VEH,2026_06_19_merged.mat,SAMPLE,2,16503,3504,175.15,825.1
R005,VEH,T1_SD_VEH,2026_06_19_merged.mat,SAMPLE,2,16533,3534,176.65,826.6
R005,VEH,T1_SD_VEH,2026_06_19_merged.mat,SAMPLE,2,16534,3535,176.70000000000002,826.6500000000001
R005,VEH,T1_SD_VEH,2026_06_19_merged.mat,SAMPLE,1,16596,3597,179.8,829.75
R005,VEH,T1_SD_VEH,2026_06_19_merged.mat,SAMPLE,1,16597,3598,179.85000000000002,829.8000000000001
R005,VEH,T1_SD_VEH,2026_06_19_merged.mat,SAMPLE,1,16598,3599,179.9,829.85
R005,VEH,T1_SD_VEH,2026_06_19_merged.mat,SAMPLE,1,16631,3632,181.55,831.5
R005,VEH,T1_SD_VEH,2026_06_19_merged.mat,SAMPLE,1,16632,3633,181.60000000000002,831.5500000000001
R005,VEH,T1_SD_VEH,2026_06_19_merged.mat,SAMPLE,1,16634,3635,181.70000000000002,831.6500000000001
R005,VEH,T1_SD_VEH,2026_06_19_merged.mat,SAMPLE,1,16635,3636,181.75,831.7
R005,VEH,T1_SD_VEH,2026_06_19_merged.mat,SAMPLE,1,16636,3637,181.8,831.75
R005,VEH,T1_SD_VEH,2026_06_19_merged.mat,SAMPLE,1,16637,3638,181.85000000000002,831.8000000000001
R005,VEH,T1_SD_VEH,2026_06_19_merged.mat,SAMPLE,1,16638,3639,181.9,831.85
R005,VEH,T1_SD_VEH,2026_06_19_merged.mat,SAMPLE,1,16639,3640,181.95000000000002,831.9000000000001
R005,VEH,T1_SD_VEH,2026_06_19_merged.mat,SAMPLE,1,16640,3641,182.0,831.95
R005,VEH,T1_SD_VEH,2026_06_19_merged.mat,SAMPLE,1,16641,3642,182.05,832.0
R005,VEH,T1_SD_VEH,2026_06_19_merged.mat,SAMPLE,1,16642,3643,182.10000000000002,832.0500000000001
R005,VEH,T1_SD_VEH,2026_06_19_merged.mat,SAMPLE,1,16643,3644,182.15,832.1
R005,VEH,T1_SD_VEH,2026_06_19_merged.mat,SAMPLE,1,16644,3645,182.20000000000002,832.1500000000001
R005,VEH,T1_SD_VEH,2026_06_19_merged.mat,SAMPLE,1,16677,3678,183.85000000000002,833.8000000000001
R005,VEH,T1_SD_VEH,2026_06_19_merged.mat,SAMPLE,1,16678,3679,183.9,833.85
R005,VEH,T1_SD_VEH,2026_06_19_merged.mat,SAMPLE,1,16679,3680,183.95000000000002,833.9000000000001
R005,VEH,T1_SD_VEH,2026_06_19_merged.mat,SAMPLE,1,16686,3687,184.3,834.25
R005,VEH,T1_SD_VEH,2026_06_19_merged.mat,SAMPLE,1,16688,3689,184.4,834.35
R005,VEH,T1_SD_VEH,2026_06_19_merged.mat,SAMPLE,1,16689,3690,184.45000000000002,834.4000000000001
R005,VEH,T1_SD_VEH,2026_06_19_merged.mat,SAMPLE,1,16690,3691,184.5,834.45
R005,VEH,T1_SD_VEH,2026_06_19_merged.mat,SAMPLE,1,16691,3692,184.55,834.5
R005,VEH,T1_SD_VEH,2026_06_19_merged.mat,SAMPLE,1,16698,3699,184.9,834.85
R005,VEH,T1_SD_VEH,2026_06_19_merged.mat,SAMPLE,1,16699,3700,184.95000000000002,834.9000000000001
R005,VEH,T1_SD_VEH,2026_06_19_merged.mat,SAMPLE,1,16700,3701,185.0,834.95
R005,VEH,T1_SD_VEH,2026_06_19_merged.mat,SAMPLE,1,16701,3702,185.05,835.0
R005,VEH,T1_SD_VEH,2026_06_19_merged.mat,SAMPLE,1,16702,3703,185.10000000000002,835.0500000000001
R005,VEH,T1_SD_VEH,2026_06_19_merged.mat,SAMPLE,1,16703,3704,185.15,835.1
R005,VEH,T1_SD_VEH,2026_06_19_merged.mat,SAMPLE,1,16704,3705,185.20000000000002,835.1500000000001
R005,VEH,T1_SD_VEH,2026_06_19_merged.mat,SAMPLE,1,16705,3706,185.25,835.2
R005,VEH,T1_SD_VEH,2026_06_19_merged.mat,SAMPLE,1,16707,3708,185.35000000000002,835.3000000000001
R005,VEH,T1_SD_VEH,2026_06_19_merged.mat,SAMPLE,1,16708,3709,185.4,835.35
R005,VEH,T1_SD_VEH,2026_06_19_merged.mat,SAMPLE,1,16709,3710,185.45000000000002,835.4000000000001
R005,VEH,T1_SD_VEH,2026_06_19_merged.mat,SAMPLE,1,16717,3718,185.85000000000002,835.8000000000001
R005,VEH,T1_SD_VEH,2026_06_19_merged.mat,SAMPLE,1,16718,3719,185.9,835.85
R005,VEH,T1_SD_VEH,2026_06_19_merged.mat,SAMPLE,1,16743,3744,187.15,837.1
R005,VEH,T1_SD_VEH,2026_06_19_merged.mat,SAMPLE,1,16744,3745,187.20000000000002,837.1500000000001
R005,VEH,T1_SD_VEH,2026_06_19_merged.mat,SAMPLE,1,16777,3778,188.85000000000002,838.8000000000001
R005,VEH,T1_SD_VEH,2026_06_19_merged.mat,SAMPLE,1,16778,3779,188.9,838.85
R005,VEH,T1_SD_VEH,2026_06_19_merged.mat,SAMPLE,1,16779,3780,188.95000000000002,838.9000000000001
R005,VEH,T1_SD_VEH,2026_06_19_merged.mat,SAMPLE,1,16780,3781,189.0,838.95
R005,VEH,T1_SD_VEH,2026_06_19_merged.mat,SAMPLE,1,16781,3782,189.05,839.0
R005,VEH,T1_SD_VEH,2026_06_19_merged.mat,SAMPLE,1,16782,3783,189.10000000000002,839.0500000000001
R005,VEH,T1_SD_VEH,2026_06_19_merged.mat,SAMPLE,1,16800,3801,190.0,839.95
R005,VEH,T1_SD_VEH,2026_06_19_merged.mat,SAMPLE,1,16833,3834,191.65,841.6
R005,VEH,T1_SD_VEH,2026_06_19_merged.mat,SAMPLE,1,16834,3835,191.70000000000002,841.6500000000001
R005,VEH,T1_SD_VEH,2026_06_19_merged.mat,SAMPLE,1,16835,3836,191.75,841.7
R005,VEH,T1_SD_VEH,2026_06_19_merged.mat,SAMPLE,1,16836,3837,191.8,841.75
R005,VEH,T1_SD_VEH,2026_06_19_merged.mat,SAMPLE,4,16881,3882,194.05,844.0
R005,VEH,T1_SD_VEH,2026_06_19_merged.mat,SAMPLE,4,16882,3883,194.10000000000002,844.0500000000001
R005,VEH,T1_SD_VEH,2026_06_19_merged.mat,SAMPLE,4,16883,3884,194.15,844.1
R005,VEH,T1_SD_VEH,2026_06_19_merged.mat,SAMPLE,1,16906,3907,195.3,845.25
R005,VEH,T1_SD_VEH,2026_06_19_merged.mat,SAMPLE,1,16907,3908,195.35000000000002,845.3000000000001
R005,VEH,T1_SD_VEH,2026_06_19_merged.mat,SAMPLE,1,16908,3909,195.4,845.35
R005,VEH,T1_SD_VEH,2026_06_19_merged.mat,SAMPLE,4,16930,3931,196.5,846.45
R005,VEH,T1_SD_VEH,2026_06_19_merged.mat,SAMPLE,4,16932,3933,196.60000000000002,846.5500000000001
R005,VEH,T1_SD_VEH,2026_06_19_merged.mat,SAMPLE,1,16953,3954,197.65,847.6
R005,VEH,T1_SD_VEH,2026_06_19_merged.mat,SAMPLE,1,16954,3955,197.70000000000002,847.6500000000001
R005,VEH,T1_SD_VEH,2026_06_19_merged.mat,SAMPLE,1,16955,3956,197.75,847.7
R005,VEH,T1_SD_VEH,2026_06_19_merged.mat,SAMPLE,1,16956,3957,197.8,847.75
R005,VEH,T1_SD_VEH,2026_06_19_merged.mat,SAMPLE,1,16957,3958,197.85000000000002,847.8000000000001
R005,VEH,T1_SD_VEH,2026_06_19_merged.mat,SAMPLE,1,16958,3959,197.9,847.85
R005,VEH,T1_SD_VEH,2026_06_19_merged.mat,SAMPLE,1,16959,3960,197.95000000000002,847.9000000000001
R005,VEH,T1_SD_VEH,2026_06_19_merged.mat,SAMPLE,1,16967,3968,198.35000000000002,848.3000000000001
R005,VEH,T1_SD_VEH,2026_06_19_merged.mat,SAMPLE,1,16968,3969,198.4,848.35
R005,VEH,T1_SD_VEH,2026_06_19_merged.mat,SAMPLE,1,16969,3970,198.45000000000002,848.4000000000001
R005,VEH,T1_SD_VEH,2026_06_19_merged.mat,SAMPLE,1,16970,3971,198.5,848.45
R005,VEH,T1_SD_VEH,2026_06_19_merged.mat,SAMPLE,1,16971,3972,198.55,848.5
R005,VEH,T1_SD_VEH,2026_06_19_merged.mat,SAMPLE,1,16991,3992,199.55,849.5
R005,VEH,T1_SD_VEH,2026_06_19_merged.mat,SAMPLE,1,16992,3993,199.60000000000002,849.5500000000001
R005,VEH,T1_SD_VEH,2026_06_19_merged.mat,SAMPLE,1,16993,3994,199.65,849.6
R005,VEH,T1_SD_VEH,2026_06_19_merged.mat,SAMPLE,1,16994,3995,199.70000000000002,849.6500000000001
R005,VEH,T1_SD_VEH,2026_06_19_merged.mat,SAMPLE,1,16995,3996,199.75,849.7
R005,VEH,T1_SD_VEH,2026_06_19_merged.mat,SAMPLE,1,17013,4014,200.65,850.6
R005,VEH,T1_SD_VEH,2026_06_19_merged.mat,SAMPLE,4,17053,4054,202.65,852.6
R005,VEH,T1_SD_VEH,2026_06_19_merged.mat,SAMPLE,4,17057,4058,202.85000000000002,852.8000000000001
R005,VEH,T1_SD_VEH,2026_06_19_merged.mat,SAMPLE,2,17058,4059,202.9,852.85
R005,VEH,T1_SD_VEH,2026_06_19_merged.mat,SAMPLE,2,17059,4060,202.95000000000002,852.9000000000001
R005,VEH,T1_SD_VEH,2026_06_19_merged.mat,SAMPLE,4,17060,4061,203.0,852.95
R005,VEH,T1_SD_VEH,2026_06_19_merged.mat,SAMPLE,4,17062,4063,203.10000000000002,853.0500000000001
R005,VEH,T1_SD_VEH,2026_06_19_merged.mat,SAMPLE,4,17063,4064,203.15,853.1
R005,VEH,T1_SD_VEH,2026_06_19_merged.mat,SAMPLE,4,17064,4065,203.20000000000002,853.1500000000001
R005,VEH,T1_SD_VEH,2026_06_19_merged.mat,SAMPLE,2,17068,4069,203.4,853.35
R005,VEH,T1_SD_VEH,2026_06_19_merged.mat,SAMPLE,4,17070,4071,203.5,853.45
R005,VEH,T1_SD_VEH,2026_06_19_merged.mat,SAMPLE,1,17079,4080,203.95000000000002,853.9000000000001
R005,VEH,T1_SD_VEH,2026_06_19_merged.mat,SAMPLE,1,17082,4083,204.10000000000002,854.0500000000001
R005,VEH,T1_SD_VEH,2026_06_19_merged.mat,SAMPLE,1,17083,4084,204.15,854.1
R005,VEH,T1_SD_VEH,2026_06_19_merged.mat,SAMPLE,1,17133,4134,206.65,856.6
R005,VEH,T1_SD_VEH,2026_06_19_merged.mat,SAMPLE,1,17134,4135,206.70000000000002,856.6500000000001
R005,VEH,T1_SD_VEH,2026_06_19_merged.mat,SAMPLE,1,17135,4136,206.75,856.7
R005,VEH,T1_SD_VEH,2026_06_19_merged.mat,SAMPLE,3,17195,4196,209.75,859.7
R005,VEH,T1_SD_VEH,2026_06_19_merged.mat,SAMPLE,2,17197,4198,209.85000000000002,859.8000000000001
R005,VEH,T1_SD_VEH,2026_06_19_merged.mat,SAMPLE,2,17198,4199,209.9,859.85
R005,VEH,T1_SD_VEH,2026_06_19_merged.mat,SAMPLE,2,17199,4200,209.95000000000002,859.9000000000001
R005,VEH,T1_SD_VEH,2026_06_19_merged.mat,SAMPLE,2,17200,4201,210.0,859.95
R005,VEH,T1_SD_VEH,2026_06_19_merged.mat,SAMPLE,3,17201,4202,210.05,860.0
R005,VEH,T1_SD_VEH,2026_06_19_merged.mat,SAMPLE,2,17214,4215,210.70000000000002,860.6500000000001
R005,VEH,T1_SD_VEH,2026_06_19_merged.mat,SAMPLE,4,17216,4217,210.8,860.75
R005,VEH,T1_SD_VEH,2026_06_19_merged.mat,SAMPLE,4,17217,4218,210.85000000000002,860.8000000000001
R005,VEH,T1_SD_VEH,2026_06_19_merged.mat,SAMPLE,4,17218,4219,210.9,860.85
R005,VEH,T1_SD_VEH,2026_06_19_merged.mat,SAMPLE,4,17219,4220,210.95000000000002,860.9000000000001
R005,VEH,T1_SD_VEH,2026_06_19_merged.mat,SAMPLE,4,17241,4242,212.05,862.0
R005,VEH,T1_SD_VEH,2026_06_19_merged.mat,SAMPLE,4,17300,4301,215.0,864.95
R005,VEH,T1_SD_VEH,2026_06_19_merged.mat,SAMPLE,4,17313,4314,215.65,865.6
R005,VEH,T1_SD_VEH,2026_06_19_merged.mat,SAMPLE,4,17314,4315,215.70000000000002,865.6500000000001
R005,VEH,T1_SD_VEH,2026_06_19_merged.mat,SAMPLE,1,17332,4333,216.60000000000002,866.5500000000001
R005,VEH,T1_SD_VEH,2026_06_19_merged.mat,SAMPLE,3,17343,4344,217.15,867.1
R005,VEH,T1_SD_VEH,2026_06_19_merged.mat,SAMPLE,3,17344,4345,217.20000000000002,867.1500000000001
R005,VEH,T1_SD_VEH,2026_06_19_merged.mat,SAMPLE,3,17353,4354,217.65,867.6
R005,VEH,T1_SD_VEH,2026_06_19_merged.mat,SAMPLE,3,17354,4355,217.70000000000002,867.6500000000001
R005,VEH,T1_SD_VEH,2026_06_19_merged.mat,SAMPLE,4,17358,4359,217.9,867.85
R005,VEH,T1_SD_VEH,2026_06_19_merged.mat,SAMPLE,4,17359,4360,217.95000000000002,867.9000000000001
R005,VEH,T1_SD_VEH,2026_06_19_merged.mat,SAMPLE,4,17360,4361,218.0,867.95
R005,VEH,T1_SD_VEH,2026_06_19_merged.mat,SAMPLE,4,17361,4362,218.05,868.0
R005,VEH,T1_SD_VEH,2026_06_19_merged.mat,SAMPLE,4,17362,4363,218.10000000000002,868.0500000000001
R005,VEH,T1_SD_VEH,2026_06_19_merged.mat,SAMPLE,1,17387,4388,219.35000000000002,869.3000000000001
R005,VEH,T1_SD_VEH,2026_06_19_merged.mat,SAMPLE,1,17390,4391,219.5,869.45
R005,VEH,T1_SD_VEH,2026_06_19_merged.mat,SAMPLE,1,17391,4392,219.55,869.5
R005,VEH,T1_SD_VEH,2026_06_19_merged.mat,SAMPLE,1,17392,4393,219.60000000000002,869.5500000000001
R005,VEH,T1_SD_VEH,2026_06_19_merged.mat,SAMPLE,1,17393,4394,219.65,869.6
R005,VEH,T1_SD_VEH,2026_06_19_merged.mat,SAMPLE,1,17394,4395,219.70000000000002,869.6500000000001
R005,VEH,T1_SD_VEH,2026_06_19_merged.mat,SAMPLE,1,17428,4429,221.4,871.35
R005,VEH,T1_SD_VEH,2026_06_19_merged.mat,SAMPLE,1,17429,4430,221.45000000000002,871.4000000000001
R005,VEH,T1_SD_VEH,2026_06_19_merged.mat,SAMPLE,1,17430,4431,221.5,871.45
R005,VEH,T1_SD_VEH,2026_06_19_merged.mat,SAMPLE,1,17431,4432,221.55,871.5
R005,VEH,T1_SD_VEH,2026_06_19_merged.mat,SAMPLE,1,17437,4438,221.85000000000002,871.8000000000001
R005,VEH,T1_SD_VEH,2026_06_19_merged.mat,SAMPLE,1,17438,4439,221.9,871.85
R005,VEH,T1_SD_VEH,2026_06_19_merged.mat,SAMPLE,1,17439,4440,221.95000000000002,871.9000000000001
R005,VEH,T1_SD_VEH,2026_06_19_merged.mat,SAMPLE,1,17440,4441,222.0,871.95
R005,VEH,T1_SD_VEH,2026_06_19_merged.mat,SAMPLE,1,17441,4442,222.05,872.0
R005,VEH,T1_SD_VEH,2026_06_19_merged.mat,SAMPLE,1,17442,4443,222.10000000000002,872.0500000000001
R005,VEH,T1_SD_VEH,2026_06_19_merged.mat,SAMPLE,1,17443,4444,222.15,872.1
R005,VEH,T1_SD_VEH,2026_06_19_merged.mat,SAMPLE,1,17448,4449,222.4,872.35
R005,VEH,T1_SD_VEH,2026_06_19_merged.mat,SAMPLE,1,17449,4450,222.45000000000002,872.4000000000001
R005,VEH,T1_SD_VEH,2026_06_19_merged.mat,SAMPLE,1,17450,4451,222.5,872.45
R005,VEH,T1_SD_VEH,2026_06_19_merged.mat,SAMPLE,1,17451,4452,222.55,872.5
R005,VEH,T1_SD_VEH,2026_06_19_merged.mat,SAMPLE,1,17452,4453,222.60000000000002,872.5500000000001
R005,VEH,T1_SD_VEH,2026_06_19_merged.mat,SAMPLE,1,17453,4454,222.65,872.6
R005,VEH,T1_SD_VEH,2026_06_19_merged.mat,SAMPLE,1,17454,4455,222.70000000000002,872.6500000000001
R005,VEH,T1_SD_VEH,2026_06_19_merged.mat,SAMPLE,1,17455,4456,222.75,872.7
R005,VEH,T1_SD_VEH,2026_06_19_merged.mat,SAMPLE,1,17464,4465,223.20000000000002,873.1500000000001
R005,VEH,T1_SD_VEH,2026_06_19_merged.mat,SAMPLE,1,17465,4466,223.25,873.2
R005,VEH,T1_SD_VEH,2026_06_19_merged.mat,SAMPLE,1,17466,4467,223.3,873.25
R005,VEH,T1_SD_VEH,2026_06_19_merged.mat,SAMPLE,1,17467,4468,223.35000000000002,873.3000000000001
R005,VEH,T1_SD_VEH,2026_06_19_merged.mat,SAMPLE,1,17468,4469,223.4,873.35
R005,VEH,T1_SD_VEH,2026_06_19_merged.mat,SAMPLE,2,17514,4515,225.70000000000002,875.6500000000001
R005,VEH,T1_SD_VEH,2026_06_19_merged.mat,SAMPLE,4,17644,4645,232.20000000000002,882.1500000000001
R005,VEH,T1_SD_VEH,2026_06_19_merged.mat,SAMPLE,2,17650,4651,232.5,882.45
R005,VEH,T1_SD_VEH,2026_06_19_merged.mat,SAMPLE,2,17651,4652,232.55,882.5
R005,VEH,T1_SD_VEH,2026_06_19_merged.mat,SAMPLE,4,17653,4654,232.65,882.6
R005,VEH,T1_SD_VEH,2026_06_19_merged.mat,SAMPLE,1,17693,4694,234.65,884.6
R005,VEH,T1_SD_VEH,2026_06_19_merged.mat,SAMPLE,1,17694,4695,234.70000000000002,884.6500000000001
R005,VEH,T1_SD_VEH,2026_06_19_merged.mat,SAMPLE,1,17695,4696,234.75,884.7
R005,VEH,T1_SD_VEH,2026_06_19_merged.mat,SAMPLE,1,17715,4716,235.75,885.7
R005,VEH,T1_SD_VEH,2026_06_19_merged.mat,SAMPLE,1,17716,4717,235.8,885.75
R005,VEH,T1_SD_VEH,2026_06_19_merged.mat,SAMPLE,4,17731,4732,236.55,886.5
R005,VEH,T1_SD_VEH,2026_06_19_merged.mat,SAMPLE,3,17733,4734,236.65,886.6
R005,VEH,T1_SD_VEH,2026_06_19_merged.mat,SAMPLE,4,17775,4776,238.75,888.7
R005,VEH,T1_SD_VEH,2026_06_19_merged.mat,SAMPLE,4,17776,4777,238.8,888.75
R005,VEH,T1_SD_VEH,2026_06_19_merged.mat,SAMPLE,1,17828,4829,241.4,891.35
R005,VEH,T1_SD_VEH,2026_06_19_merged.mat,SAMPLE,1,17829,4830,241.45000000000002,891.4000000000001
R005,VEH,T1_SD_VEH,2026_06_19_merged.mat,SAMPLE,1,17830,4831,241.5,891.45
R005,VEH,T1_SD_VEH,2026_06_19_merged.mat,SAMPLE,1,17831,4832,241.55,891.5
R005,VEH,T1_SD_VEH,2026_06_19_merged.mat,SAMPLE,1,17832,4833,241.60000000000002,891.5500000000001
R005,VEH,T1_SD_VEH,2026_06_19_merged.mat,SAMPLE,1,17833,4834,241.65,891.6
R005,VEH,T1_SD_VEH,2026_06_19_merged.mat,SAMPLE,1,17834,4835,241.70000000000002,891.6500000000001
R005,VEH,T1_SD_VEH,2026_06_19_merged.mat,SAMPLE,1,17835,4836,241.75,891.7
R005,VEH,T1_SD_VEH,2026_06_19_merged.mat,SAMPLE,2,17853,4854,242.65,892.6
R005,VEH,T1_SD_VEH,2026_06_19_merged.mat,SAMPLE,4,17854,4855,242.70000000000002,892.6500000000001
R005,VEH,T1_SD_VEH,2026_06_19_merged.mat,SAMPLE,4,17855,4856,242.75,892.7
R005,VEH,T1_SD_VEH,2026_06_19_merged.mat,SAMPLE,4,17856,4857,242.8,892.75
R005,VEH,T1_SD_VEH,2026_06_19_merged.mat,SAMPLE,4,17857,4858,242.85000000000002,892.8000000000001
R005,VEH,T1_SD_VEH,2026_06_19_merged.mat,SAMPLE,2,17885,4886,244.25,894.2
R005,VEH,T1_SD_VEH,2026_06_19_merged.mat,SAMPLE,2,17886,4887,244.3,894.25
R005,VEH,T1_SD_VEH,2026_06_19_merged.mat,SAMPLE,4,17894,4895,244.70000000000002,894.6500000000001
R005,VEH,T1_SD_VEH,2026_06_19_merged.mat,SAMPLE,4,17895,4896,244.75,894.7
R005,VEH,T1_SD_VEH,2026_06_19_merged.mat,SAMPLE,4,17896,4897,244.8,894.75
R005,VEH,T1_SD_VEH,2026_06_19_merged.mat,SAMPLE,4,17897,4898,244.85000000000002,894.8000000000001
R005,VEH,T1_SD_VEH,2026_06_19_merged.mat,SAMPLE,4,17898,4899,244.9,894.85
R005,VEH,T1_SD_VEH,2026_06_19_merged.mat,SAMPLE,1,17934,4935,246.70000000000002,896.6500000000001
R005,VEH,T1_SD_VEH,2026_06_19_merged.mat,SAMPLE,4,17971,4972,248.55,898.5
R005,VEH,T1_SD_VEH,2026_06_19_merged.mat,SAMPLE,2,17972,4973,248.60000000000002,898.5500000000001
R005,VEH,T1_SD_VEH,2026_06_19_merged.mat,SAMPLE,2,17984,4985,249.20000000000002,899.1500000000001
R005,VEH,T1_SD_VEH,2026_06_19_merged.mat,SAMPLE,3,17987,4988,249.35000000000002,899.3000000000001
R005,VEH,T1_SD_VEH,2026_06_19_merged.mat,SAMPLE,2,18063,5064,253.15,903.1
R005,VEH,T1_SD_VEH,2026_06_19_merged.mat,SAMPLE,4,18070,5071,253.5,903.45
R005,VEH,T1_SD_VEH,2026_06_19_merged.mat,SAMPLE,4,18071,5072,253.55,903.5
R005,VEH,T1_SD_VEH,2026_06_19_merged.mat,SAMPLE,4,18072,5073,253.60000000000002,903.5500000000001
R005,VEH,T1_SD_VEH,2026_06_19_merged.mat,SAMPLE,4,18073,5074,253.65,903.6
R005,VEH,T1_SD_VEH,2026_06_19_merged.mat,SAMPLE,1,18115,5116,255.75,905.7
R005,VEH,T1_SD_VEH,2026_06_19_merged.mat,SAMPLE,1,18131,5132,256.55,906.5
R005,VEH,T1_SD_VEH,2026_06_19_merged.mat,SAMPLE,1,18132,5133,256.6,906.5500000000001
R005,VEH,T1_SD_VEH,2026_06_19_merged.mat,SAMPLE,1,18141,5142,257.05,907.0
R005,VEH,T1_SD_VEH,2026_06_19_merged.mat,SAMPLE,1,18142,5143,257.1,907.0500000000001
R005,VEH,T1_SD_VEH,2026_06_19_merged.mat,SAMPLE,1,18148,5149,257.40000000000003,907.3500000000001
R005,VEH,T1_SD_VEH,2026_06_19_merged.mat,SAMPLE,1,18149,5150,257.45,907.4000000000001
R005,VEH,T1_SD_VEH,2026_06_19_merged.mat,SAMPLE,1,18150,5151,257.5,907.45
R005,VEH,T1_SD_VEH,2026_06_19_merged.mat,SAMPLE,1,18151,5152,257.55,907.5
R005,VEH,T1_SD_VEH,2026_06_19_merged.mat,SAMPLE,1,18152,5153,257.6,907.5500000000001
R005,VEH,T1_SD_VEH,2026_06_19_merged.mat,SAMPLE,1,18153,5154,257.65000000000003,907.6000000000001
R005,VEH,T1_SD_VEH,2026_06_19_merged.mat,SAMPLE,1,18154,5155,257.7,907.6500000000001
R005,VEH,T1_SD_VEH,2026_06_19_merged.mat,SAMPLE,1,18160,5161,258.0,907.95
R005,VEH,T1_SD_VEH,2026_06_19_merged.mat,SAMPLE,1,18167,5168,258.35,908.3000000000001
R005,VEH,T1_SD_VEH,2026_06_19_merged.mat,SAMPLE,1,18168,5169,258.40000000000003,908.3500000000001
R005,VEH,T1_SD_VEH,2026_06_19_merged.mat,SAMPLE,1,18169,5170,258.45,908.4000000000001
R005,VEH,T1_SD_VEH,2026_06_19_merged.mat,SAMPLE,1,18203,5204,260.15000000000003,910.1000000000001
R005,VEH,T1_SD_VEH,2026_06_19_merged.mat,SAMPLE,4,18268,5269,263.40000000000003,913.3500000000001
R005,VEH,T1_SD_VEH,2026_06_19_merged.mat,SAMPLE,4,18269,5270,263.45,913.4000000000001
R005,VEH,T1_SD_VEH,2026_06_19_merged.mat,SAMPLE,4,18270,5271,263.5,913.45
R005,VEH,T1_SD_VEH,2026_06_19_merged.mat,SAMPLE,2,18271,5272,263.55,913.5
R005,VEH,T1_SD_VEH,2026_06_19_merged.mat,SAMPLE,4,18364,5365,268.2,918.1500000000001
R005,VEH,T1_SD_VEH,2026_06_19_merged.mat,SAMPLE,4,18379,5380,268.95,918.9000000000001
R005,VEH,T1_SD_VEH,2026_06_19_merged.mat,SAMPLE,4,18380,5381,269.0,918.95
R005,VEH,T1_SD_VEH,2026_06_19_merged.mat,SAMPLE,4,18381,5382,269.05,919.0
R005,VEH,T1_SD_VEH,2026_06_19_merged.mat,SAMPLE,4,18382,5383,269.1,919.0500000000001
R005,VEH,T1_SD_VEH,2026_06_19_merged.mat,SAMPLE,2,18461,5462,273.05,923.0
R005,VEH,T1_SD_VEH,2026_06_19_merged.mat,SAMPLE,4,18482,5483,274.1,924.0500000000001
R005,VEH,T1_SD_VEH,2026_06_19_merged.mat,SAMPLE,4,18483,5484,274.15000000000003,924.1000000000001
R005,VEH,T1_SD_VEH,2026_06_19_merged.mat,SAMPLE,4,18484,5485,274.2,924.1500000000001
R005,VEH,T1_SD_VEH,2026_06_19_merged.mat,SAMPLE,4,18502,5503,275.1,925.0500000000001
R005,VEH,T1_SD_VEH,2026_06_19_merged.mat,SAMPLE,1,18544,5545,277.2,927.1500000000001
R005,VEH,T1_SD_VEH,2026_06_19_merged.mat,SAMPLE,1,18545,5546,277.25,927.2
R005,VEH,T1_SD_VEH,2026_06_19_merged.mat,SAMPLE,1,18546,5547,277.3,927.25
R005,VEH,T1_SD_VEH,2026_06_19_merged.mat,SAMPLE,1,18547,5548,277.35,927.3000000000001
R005,VEH,T1_SD_VEH,2026_06_19_merged.mat,SAMPLE,1,18548,5549,277.40000000000003,927.3500000000001
R005,VEH,T1_SD_VEH,2026_06_19_merged.mat,SAMPLE,1,18567,5568,278.35,928.3000000000001
R005,VEH,T1_SD_VEH,2026_06_19_merged.mat,SAMPLE,1,18568,5569,278.40000000000003,928.3500000000001
R005,VEH,T1_SD_VEH,2026_06_19_merged.mat,SAMPLE,1,18569,5570,278.45,928.4000000000001
R005,VEH,T1_SD_VEH,2026_06_19_merged.mat,SAMPLE,1,18570,5571,278.5,928.45
R005,VEH,T1_SD_VEH,2026_06_19_merged.mat,SAMPLE,1,18571,5572,278.55,928.5
R005,VEH,T1_SD_VEH,2026_06_19_merged.mat,SAMPLE,1,18572,5573,278.6,928.5500000000001
R005,VEH,T1_SD_VEH,2026_06_19_merged.mat,SAMPLE,1,18590,5591,279.5,929.45
R005,VEH,T1_SD_VEH,2026_06_19_merged.mat,SAMPLE,1,18591,5592,279.55,929.5
R005,VEH,T1_SD_VEH,2026_06_19_merged.mat,SAMPLE,1,18592,5593,279.6,929.5500000000001
R005,VEH,T1_SD_VEH,2026_06_19_merged.mat,SAMPLE,1,18593,5594,279.65000000000003,929.6000000000001
R005,VEH,T1_SD_VEH,2026_06_19_merged.mat,SAMPLE,1,18594,5595,279.7,929.6500000000001
R005,VEH,T1_SD_VEH,2026_06_19_merged.mat,SAMPLE,1,18616,5617,280.8,930.75
R005,VEH,T1_SD_VEH,2026_06_19_merged.mat,SAMPLE,1,18617,5618,280.85,930.8000000000001
R005,VEH,T1_SD_VEH,2026_06_19_merged.mat,SAMPLE,1,18618,5619,280.90000000000003,930.8500000000001
R005,VEH,T1_SD_VEH,2026_06_19_merged.mat,SAMPLE,1,18619,5620,280.95,930.9000000000001
R005,VEH,T1_SD_VEH,2026_06_19_merged.mat,SAMPLE,2,18664,5665,283.2,933.1500000000001
R005,VEH,T1_SD_VEH,2026_06_19_merged.mat,SAMPLE,1,18691,5692,284.55,934.5
R005,VEH,T1_SD_VEH,2026_06_19_merged.mat,SAMPLE,1,18692,5693,284.6,934.5500000000001
R005,VEH,T1_SD_VEH,2026_06_19_merged.mat,SAMPLE,1,18693,5694,284.65000000000003,934.6000000000001
R005,VEH,T1_SD_VEH,2026_06_19_merged.mat,SAMPLE,1,18694,5695,284.7,934.6500000000001
R005,VEH,T1_SD_VEH,2026_06_19_merged.mat,SAMPLE,1,18695,5696,284.75,934.7
R005,VEH,T1_SD_VEH,2026_06_19_merged.mat,SAMPLE,1,18696,5697,284.8,934.75
R005,VEH,T1_SD_VEH,2026_06_19_merged.mat,SAMPLE,1,18697,5698,284.85,934.8000000000001
R005,VEH,T1_SD_VEH,2026_06_19_merged.mat,SAMPLE,1,18698,5699,284.90000000000003,934.8500000000001
R005,VEH,T1_SD_VEH,2026_06_19_merged.mat,SAMPLE,1,18699,5700,284.95,934.9000000000001
R005,VEH,T1_SD_VEH,2026_06_19_merged.mat,SAMPLE,1,18700,5701,285.0,934.95
R005,VEH,T1_SD_VEH,2026_06_19_merged.mat,SAMPLE,1,18701,5702,285.05,935.0
R005,VEH,T1_SD_VEH,2026_06_19_merged.mat,SAMPLE,1,18702,5703,285.1,935.0500000000001
R005,VEH,T1_SD_VEH,2026_06_19_merged.mat,SAMPLE,1,18703,5704,285.15000000000003,935.1000000000001
R005,VEH,T1_SD_VEH,2026_06_19_merged.mat,SAMPLE,1,18704,5705,285.2,935.1500000000001
R005,VEH,T1_SD_VEH,2026_06_19_merged.mat,SAMPLE,1,18705,5706,285.25,935.2
R005,VEH,T1_SD_VEH,2026_06_19_merged.mat,SAMPLE,1,18706,5707,285.3,935.25
R005,VEH,T1_SD_VEH,2026_06_19_merged.mat,SAMPLE,1,18707,5708,285.35,935.3000000000001
R005,VEH,T1_SD_VEH,2026_06_19_merged.mat,SAMPLE,1,18709,5710,285.45,935.4000000000001
R005,VEH,T1_SD_VEH,2026_06_19_merged.mat,SAMPLE,1,18710,5711,285.5,935.45
R005,VEH,T1_SD_VEH,2026_06_19_merged.mat,SAMPLE,1,18711,5712,285.55,935.5
R005,VEH,T1_SD_VEH,2026_06_19_merged.mat,SAMPLE,1,18712,5713,285.6,935.5500000000001
R005,VEH,T1_SD_VEH,2026_06_19_merged.mat,SAMPLE,1,18713,5714,285.65000000000003,935.6000000000001
R005,VEH,T1_SD_VEH,2026_06_19_merged.mat,SAMPLE,1,18724,5725,286.2,936.1500000000001
R005,VEH,T1_SD_VEH,2026_06_19_merged.mat,SAMPLE,1,18725,5726,286.25,936.2
R005,VEH,T1_SD_VEH,2026_06_19_merged.mat,SAMPLE,1,18726,5727,286.3,936.25
R005,VEH,T1_SD_VEH,2026_06_19_merged.mat,SAMPLE,1,18727,5728,286.35,936.3000000000001
R005,VEH,T1_SD_VEH,2026_06_19_merged.mat,SAMPLE,1,18728,5729,286.40000000000003,936.3500000000001
R005,VEH,T1_SD_VEH,2026_06_19_merged.mat,SAMPLE,1,18736,5737,286.8,936.75
R005,VEH,T1_SD_VEH,2026_06_19_merged.mat,SAMPLE,1,18737,5738,286.85,936.8000000000001
R005,VEH,T1_SD_VEH,2026_06_19_merged.mat,SAMPLE,1,18738,5739,286.90000000000003,936.8500000000001
R005,VEH,T1_SD_VEH,2026_06_19_merged.mat,SAMPLE,1,18739,5740,286.95,936.9000000000001
R005,VEH,T1_SD_VEH,2026_06_19_merged.mat,SAMPLE,1,18740,5741,287.0,936.95
R005,VEH,T1_SD_VEH,2026_06_19_merged.mat,SAMPLE,1,18741,5742,287.05,937.0
R005,VEH,T1_SD_VEH,2026_06_19_merged.mat,SAMPLE,1,18742,5743,287.1,937.0500000000001
R005,VEH,T1_SD_VEH,2026_06_19_merged.mat,SAMPLE,1,18752,5753,287.6,937.5500000000001
R005,VEH,T1_SD_VEH,2026_06_19_merged.mat,SAMPLE,1,18753,5754,287.65000000000003,937.6000000000001
R005,VEH,T1_SD_VEH,2026_06_19_merged.mat,SAMPLE,1,18754,5755,287.7,937.6500000000001
R005,VEH,T1_SD_VEH,2026_06_19_merged.mat,SAMPLE,1,18755,5756,287.75,937.7
R005,VEH,T1_SD_VEH,2026_06_19_merged.mat,SAMPLE,1,18756,5757,287.8,937.75
R005,VEH,T1_SD_VEH,2026_06_19_merged.mat,SAMPLE,1,18757,5758,287.85,937.8000000000001
R005,VEH,T1_SD_VEH,2026_06_19_merged.mat,SAMPLE,1,18758,5759,287.90000000000003,937.8500000000001
R005,VEH,T1_SD_VEH,2026_06_19_merged.mat,SAMPLE,1,18759,5760,287.95,937.9000000000001
R005,VEH,T1_SD_VEH,2026_06_19_merged.mat,SAMPLE,1,18771,5772,288.55,938.5
R005,VEH,T1_SD_VEH,2026_06_19_merged.mat,SAMPLE,1,18772,5773,288.6,938.5500000000001
R005,VEH,T1_SD_VEH,2026_06_19_merged.mat,SAMPLE,1,18773,5774,288.65000000000003,938.6000000000001
R005,VEH,T1_SD_VEH,2026_06_19_merged.mat,SAMPLE,1,18774,5775,288.7,938.6500000000001
R005,VEH,T1_SD_VEH,2026_06_19_merged.mat,SAMPLE,1,18775,5776,288.75,938.7
R005,VEH,T1_SD_VEH,2026_06_19_merged.mat,SAMPLE,1,18776,5777,288.8,938.75
R005,VEH,T1_SD_VEH,2026_06_19_merged.mat,SAMPLE,1,18777,5778,288.85,938.8000000000001
R005,VEH,T1_SD_VEH,2026_06_19_merged.mat,SAMPLE,1,18780,5781,289.0,938.95
R005,VEH,T1_SD_VEH,2026_06_19_merged.mat,SAMPLE,1,18783,5784,289.15000000000003,939.1000000000001
R005,VEH,T1_SD_VEH,2026_06_19_merged.mat,SAMPLE,1,18784,5785,289.2,939.1500000000001
R005,VEH,T1_SD_VEH,2026_06_19_merged.mat,SAMPLE,1,18785,5786,289.25,939.2
R005,VEH,T1_SD_VEH,2026_06_19_merged.mat,SAMPLE,1,18786,5787,289.3,939.25
R005,VEH,T1_SD_VEH,2026_06_19_merged.mat,SAMPLE,1,18787,5788,289.35,939.3000000000001
R005,VEH,T1_SD_VEH,2026_06_19_merged.mat,SAMPLE,1,18788,5789,289.40000000000003,939.3500000000001
R005,VEH,T1_SD_VEH,2026_06_19_merged.mat,SAMPLE,1,18789,5790,289.45,939.4000000000001
R005,VEH,T1_SD_VEH,2026_06_19_merged.mat,SAMPLE,1,18793,5794,289.65000000000003,939.6000000000001
R005,VEH,T1_SD_VEH,2026_06_19_merged.mat,SAMPLE,1,18794,5795,289.7,939.6500000000001
R005,VEH,T1_SD_VEH,2026_06_19_merged.mat,SAMPLE,1,18795,5796,289.75,939.7
R005,VEH,T1_SD_VEH,2026_06_19_merged.mat,SAMPLE,1,18796,5797,289.8,939.75
R005,VEH,T1_SD_VEH,2026_06_19_merged.mat,SAMPLE,1,18803,5804,290.15000000000003,940.1000000000001
R005,VEH,T1_SD_VEH,2026_06_19_merged.mat,SAMPLE,1,18807,5808,290.35,940.3000000000001
R005,VEH,T1_SD_VEH,2026_06_19_merged.mat,SAMPLE,1,18818,5819,290.90000000000003,940.8500000000001
R005,VEH,T1_SD_VEH,2026_06_19_merged.mat,SAMPLE,1,18819,5820,290.95,940.9000000000001
R005,VEH,T1_SD_VEH,2026_06_19_merged.mat,SAMPLE,1,18820,5821,291.0,940.95
R005,VEH,T1_SD_VEH,2026_06_19_merged.mat,SAMPLE,1,18821,5822,291.05,941.0
R005,VEH,T1_SD_VEH,2026_06_19_merged.mat,SAMPLE,1,18822,5823,291.1,941.0500000000001
R005,VEH,T1_SD_VEH,2026_06_19_merged.mat,SAMPLE,1,18823,5824,291.15000000000003,941.1000000000001
R005,VEH,T1_SD_VEH,2026_06_19_merged.mat,SAMPLE,1,18824,5825,291.2,941.1500000000001
R005,VEH,T1_SD_VEH,2026_06_19_merged.mat,SAMPLE,1,18840,5841,292.0,941.95
R005,VEH,T1_SD_VEH,2026_06_19_merged.mat,SAMPLE,1,18841,5842,292.05,942.0
R005,VEH,T1_SD_VEH,2026_06_19_merged.mat,SAMPLE,1,18842,5843,292.1,942.0500000000001
R005,VEH,T1_SD_VEH,2026_06_19_merged.mat,SAMPLE,1,18843,5844,292.15000000000003,942.1000000000001
R005,VEH,T1_SD_VEH,2026_06_19_merged.mat,SAMPLE,1,18844,5845,292.2,942.1500000000001
R005,VEH,T1_SD_VEH,2026_06_19_merged.mat,SAMPLE,1,18845,5846,292.25,942.2
R005,VEH,T1_SD_VEH,2026_06_19_merged.mat,SAMPLE,1,18846,5847,292.3,942.25
R005,VEH,T1_SD_VEH,2026_06_19_merged.mat,SAMPLE,1,18847,5848,292.35,942.3000000000001
R005,VEH,T1_SD_VEH,2026_06_19_merged.mat,SAMPLE,4,18867,5868,293.35,943.3000000000001
R005,VEH,T1_SD_VEH,2026_06_19_merged.mat,SAMPLE,1,18881,5882,294.05,944.0
R005,VEH,T1_SD_VEH,2026_06_19_merged.mat,SAMPLE,1,18882,5883,294.1,944.0500000000001
R005,VEH,T1_SD_VEH,2026_06_19_merged.mat,SAMPLE,1,18883,5884,294.15000000000003,944.1000000000001
R005,VEH,T1_SD_VEH,2026_06_19_merged.mat,SAMPLE,1,18906,5907,295.3,945.25
R005,VEH,T1_SD_VEH,2026_06_19_merged.mat,SAMPLE,1,18907,5908,295.35,945.3000000000001
R005,VEH,T1_SD_VEH,2026_06_19_merged.mat,SAMPLE,1,18908,5909,295.40000000000003,945.3500000000001
R005,VEH,T1_SD_VEH,2026_06_19_merged.mat,SAMPLE,1,18909,5910,295.45,945.4000000000001
R005,VEH,T1_SD_VEH,2026_06_19_merged.mat,SAMPLE,1,18910,5911,295.5,945.45
R005,VEH,T1_SD_VEH,2026_06_19_merged.mat,SAMPLE,1,18918,5919,295.90000000000003,945.8500000000001
R005,VEH,T1_SD_VEH,2026_06_19_merged.mat,SAMPLE,1,18960,5961,298.0,947.95
R005,VEH,T1_SD_VEH,2026_06_19_merged.mat,SAMPLE,1,18961,5962,298.05,948.0
R005,VEH,T1_SD_VEH,2026_06_19_merged.mat,SAMPLE,1,18962,5963,298.1,948.0500000000001
R005,VEH,T1_SD_VEH,2026_06_19_merged.mat,SAMPLE,1,18963,5964,298.15000000000003,948.1000000000001
R005,VEH,T1_SD_VEH,2026_06_19_merged.mat,SAMPLE,1,18964,5965,298.2,948.1500000000001
R005,VEH,T1_SD_VEH,2026_06_19_merged.mat,SAMPLE,1,18965,5966,298.25,948.2
R005,VEH,T1_SD_VEH,2026_06_19_merged.mat,SAMPLE,1,18966,5967,298.3,948.25
R005,VEH,T1_SD_VEH,2026_06_19_merged.mat,SAMPLE,2,19009,6010,300.45,950.4000000000001
R005,VEH,T1_SD_VEH,2026_06_19_merged.mat,SAMPLE,1,19044,6045,302.2,952.1500000000001
R005,VEH,T1_SD_VEH,2026_06_19_merged.mat,SAMPLE,1,19045,6046,302.25,952.2
R005,VEH,T1_SD_VEH,2026_06_19_merged.mat,SAMPLE,1,19046,6047,302.3,952.25
R005,VEH,T1_SD_VEH,2026_06_19_merged.mat,SAMPLE,1,19047,6048,302.35,952.3000000000001
R005,VEH,T1_SD_VEH,2026_06_19_merged.mat,SAMPLE,1,19048,6049,302.40000000000003,952.3500000000001
R005,VEH,T1_SD_VEH,2026_06_19_merged.mat,SAMPLE,1,19049,6050,302.45,952.4000000000001
R005,VEH,T1_SD_VEH,2026_06_19_merged.mat,SAMPLE,1,19050,6051,302.5,952.45
R005,VEH,T1_SD_VEH,2026_06_19_merged.mat,SAMPLE,1,19100,6101,305.0,954.95
R005,VEH,T1_SD_VEH,2026_06_19_merged.mat,SAMPLE,1,19140,6141,307.0,956.95
R005,VEH,T1_SD_VEH,2026_06_19_merged.mat,SAMPLE,1,19141,6142,307.05,957.0
R005,VEH,T1_SD_VEH,2026_06_19_merged.mat,SAMPLE,4,19171,6172,308.55,958.5
R005,VEH,T1_SD_VEH,2026_06_19_merged.mat,SAMPLE,1,19175,6176,308.75,958.7
R005,VEH,T1_SD_VEH,2026_06_19_merged.mat,SAMPLE,1,19176,6177,308.8,958.75
R005,VEH,T1_SD_VEH,2026_06_19_merged.mat,SAMPLE,4,19189,6190,309.45000000000005,959.4000000000001
R005,VEH,T1_SD_VEH,2026_06_19_merged.mat,SAMPLE,4,19232,6233,311.6,961.5500000000001
R005,VEH,T1_SD_VEH,2026_06_19_merged.mat,SAMPLE,4,19292,6293,314.6,964.5500000000001
R005,VEH,T1_SD_VEH,2026_06_19_merged.mat,SAMPLE,4,19293,6294,314.65000000000003,964.6000000000001
R005,VEH,T1_SD_VEH,2026_06_19_merged.mat,SAMPLE,4,19294,6295,314.70000000000005,964.6500000000001
R005,VEH,T1_SD_VEH,2026_06_19_merged.mat,SAMPLE,2,19457,6458,322.85,972.8000000000001
R005,VEH,T1_SD_VEH,2026_06_19_merged.mat,SAMPLE,2,19458,6459,322.90000000000003,972.8500000000001
R005,VEH,T1_SD_VEH,2026_06_19_merged.mat,SAMPLE,4,19463,6464,323.15000000000003,973.1000000000001
R005,VEH,T1_SD_VEH,2026_06_19_merged.mat,SAMPLE,4,19464,6465,323.20000000000005,973.1500000000001
R005,VEH,T1_SD_VEH,2026_06_19_merged.mat,SAMPLE,4,19465,6466,323.25,973.2
R005,VEH,T1_SD_VEH,2026_06_19_merged.mat,SAMPLE,4,19476,6477,323.8,973.75
R005,VEH,T1_SD_VEH,2026_06_19_merged.mat,SAMPLE,4,19515,6516,325.74999999999994,975.7
R005,VEH,T1_SD_VEH,2026_06_19_merged.mat,SAMPLE,4,19516,6517,325.79999999999995,975.75
R005,VEH,T1_SD_VEH,2026_06_19_merged.mat,SAMPLE,4,19540,6541,326.99999999999994,976.95
R005,VEH,T1_SD_VEH,2026_06_19_merged.mat,SAMPLE,4,19571,6572,328.54999999999995,978.5
R005,VEH,T1_SD_VEH,2026_06_19_merged.mat,SAMPLE,4,19572,6573,328.59999999999997,978.55
R005,VEH,T1_SD_VEH,2026_06_19_merged.mat,SAMPLE,4,19573,6574,328.65,978.6
R005,VEH,T1_SD_VEH,2026_06_19_merged.mat,SAMPLE,4,19574,6575,328.69999999999993,978.65
R005,VEH,T1_SD_VEH,2026_06_19_merged.mat,SAMPLE,1,19640,6641,331.99999999999994,981.95
R005,VEH,T1_SD_VEH,2026_06_19_merged.mat,SAMPLE,1,19641,6642,332.04999999999995,982.0
R005,VEH,T1_SD_VEH,2026_06_19_merged.mat,SAMPLE,1,19686,6687,334.29999999999995,984.25
R005,VEH,T1_SD_VEH,2026_06_19_merged.mat,SAMPLE,1,19737,6738,336.84999999999997,986.8
R005,VEH,T1_SD_VEH,2026_06_19_merged.mat,SAMPLE,1,19738,6739,336.9,986.85
R005,VEH,T1_SD_VEH,2026_06_19_merged.mat,SAMPLE,1,19739,6740,336.94999999999993,986.9
R005,VEH,T1_SD_VEH,2026_06_19_merged.mat,SAMPLE,4,19804,6805,340.19999999999993,990.15
R005,VEH,T1_SD_VEH,2026_06_19_merged.mat,SAMPLE,4,19805,6806,340.24999999999994,990.2
R005,VEH,T1_SD_VEH,2026_06_19_merged.mat,SAMPLE,4,19806,6807,340.29999999999995,990.25
R005,VEH,T1_SD_VEH,2026_06_19_merged.mat,SAMPLE,1,19858,6859,342.9,992.85
R005,VEH,T1_SD_VEH,2026_06_19_merged.mat,SAMPLE,1,19859,6860,342.95,992.9000000000001
R005,VEH,T1_SD_VEH,2026_06_19_merged.mat,SAMPLE,1,19860,6861,342.99999999999994,992.95
R005,VEH,T1_SD_VEH,2026_06_19_merged.mat,SAMPLE,1,19938,6939,346.9,996.85
R005,VEH,T1_SD_VEH,2026_06_19_merged.mat,SAMPLE,1,19939,6940,346.95,996.9000000000001
R005,VEH,T1_SD_VEH,2026_06_19_merged.mat,SAMPLE,1,19940,6941,346.99999999999994,996.95
R005,VEH,T1_SD_VEH,2026_06_19_merged.mat,SAMPLE,1,19951,6952,347.54999999999995,997.5
R005,VEH,T1_SD_VEH,2026_06_19_merged.mat,SAMPLE,1,19952,6953,347.59999999999997,997.55
R005,VEH,T1_SD_VEH,2026_06_19_merged.mat,SAMPLE,1,19953,6954,347.65,997.6
R005,VEH,T1_SD_VEH,2026_06_19_merged.mat,SAMPLE,1,19954,6955,347.7,997.6500000000001
R005,VEH,T1_SD_VEH,2026_06_19_merged.mat,SAMPLE,1,19970,6971,348.49999999999994,998.45
R005,VEH,T1_SD_VEH,2026_06_19_merged.mat,SAMPLE,1,19971,6972,348.54999999999995,998.5
R005,VEH,T1_SD_VEH,2026_06_19_merged.mat,SAMPLE,1,19972,6973,348.59999999999997,998.55
R005,VEH,T1_SD_VEH,2026_06_19_merged.mat,SAMPLE,1,19973,6974,348.65,998.6
R005,VEH,T1_SD_VEH,2026_06_19_merged.mat,SAMPLE,1,19974,6975,348.7,998.6500000000001
R005,VEH,T1_SD_VEH,2026_06_19_merged.mat,SAMPLE,5,20002,7003,350.09999999999997,1000.05
R005,VEH,T1_SD_VEH,2026_06_19_merged.mat,SAMPLE,1,20084,7085,354.2,1004.1500000000001
R005,VEH,T1_SD_VEH,2026_06_19_merged.mat,SAMPLE,1,20085,7086,354.24999999999994,1004.2
R005,VEH,T1_SD_VEH,2026_06_19_merged.mat,SAMPLE,1,20086,7087,354.29999999999995,1004.25
R005,VEH,T1_SD_VEH,2026_06_19_merged.mat,SAMPLE,1,20087,7088,354.34999999999997,1004.3
R005,VEH,T1_SD_VEH,2026_06_19_merged.mat,SAMPLE,1,20088,7089,354.4,1004.35
R005,VEH,T1_SD_VEH,2026_06_19_merged.mat,SAMPLE,1,20089,7090,354.45,1004.4000000000001
R005,VEH,T1_SD_VEH,2026_06_19_merged.mat,SAMPLE,1,20090,7091,354.49999999999994,1004.45
R005,VEH,T1_SD_VEH,2026_06_19_merged.mat,SAMPLE,1,20091,7092,354.54999999999995,1004.5
R005,VEH,T1_SD_VEH,2026_06_19_merged.mat,SAMPLE,1,20092,7093,354.59999999999997,1004.55
R005,VEH,T1_SD_VEH,2026_06_19_merged.mat,SAMPLE,1,20187,7188,359.34999999999997,1009.3
R005,VEH,T1_SD_VEH,2026_06_19_merged.mat,SAMPLE,1,20188,7189,359.4,1009.35
R005,VEH,T1_SD_VEH,2026_06_19_merged.mat,SAMPLE,1,20191,7192,359.54999999999995,1009.5
R005,VEH,T1_SD_VEH,2026_06_19_merged.mat,SAMPLE,1,20192,7193,359.59999999999997,1009.55
R005,VEH,T1_SD_VEH,2026_06_19_merged.mat,SAMPLE,1,20193,7194,359.65,1009.6
R005,VEH,T1_SD_VEH,2026_06_19_merged.mat,SAMPLE,1,20224,7225,361.2,1011.1500000000001
R005,VEH,T1_SD_VEH,2026_06_19_merged.mat,SAMPLE,1,20225,7226,361.24999999999994,1011.2
R005,VEH,T1_SD_VEH,2026_06_19_merged.mat,SAMPLE,1,20226,7227,361.29999999999995,1011.25
R005,VEH,T1_SD_VEH,2026_06_19_merged.mat,SAMPLE,1,20227,7228,361.34999999999997,1011.3
R005,VEH,T1_SD_VEH,2026_06_19_merged.mat,SAMPLE,1,20228,7229,361.4,1011.35
R005,VEH,T1_SD_VEH,2026_06_19_merged.mat,SAMPLE,1,20229,7230,361.45,1011.4000000000001
R005,VEH,T1_SD_VEH,2026_06_19_merged.mat,SAMPLE,1,20233,7234,361.65,1011.6
R005,VEH,T1_SD_VEH,2026_06_19_merged.mat,SAMPLE,1,20234,7235,361.7,1011.6500000000001
R005,VEH,T1_SD_VEH,2026_06_19_merged.mat,SAMPLE,1,20235,7236,361.74999999999994,1011.7
R005,VEH,T1_SD_VEH,2026_06_19_merged.mat,SAMPLE,1,20236,7237,361.79999999999995,1011.75
R005,VEH,T1_SD_VEH,2026_06_19_merged.mat,SAMPLE,1,20237,7238,361.84999999999997,1011.8
R005,VEH,T1_SD_VEH,2026_06_19_merged.mat,SAMPLE,1,20238,7239,361.9,1011.85
R005,VEH,T1_SD_VEH,2026_06_19_merged.mat,SAMPLE,1,20239,7240,361.95,1011.9000000000001
R005,VEH,T1_SD_VEH,2026_06_19_merged.mat,SAMPLE,1,20240,7241,361.99999999999994,1011.95
R005,VEH,T1_SD_VEH,2026_06_19_merged.mat,SAMPLE,1,20241,7242,362.04999999999995,1012.0
R005,VEH,T1_SD_VEH,2026_06_19_merged.mat,SAMPLE,1,20252,7253,362.59999999999997,1012.55
R005,VEH,T1_SD_VEH,2026_06_19_merged.mat,SAMPLE,1,20253,7254,362.65,1012.6
R005,VEH,T1_SD_VEH,2026_06_19_merged.mat,SAMPLE,1,20254,7255,362.7,1012.6500000000001
R005,VEH,T1_SD_VEH,2026_06_19_merged.mat,SAMPLE,1,20255,7256,362.74999999999994,1012.7
R005,VEH,T1_SD_VEH,2026_06_19_merged.mat,SAMPLE,1,20281,7282,364.04999999999995,1014.0
R005,VEH,T1_SD_VEH,2026_06_19_merged.mat,SAMPLE,1,20282,7283,364.09999999999997,1014.05
R005,VEH,T1_SD_VEH,2026_06_19_merged.mat,SAMPLE,1,20283,7284,364.15,1014.1
R005,VEH,T1_SD_VEH,2026_06_19_merged.mat,SAMPLE,1,20284,7285,364.2,1014.1500000000001
R005,VEH,T1_SD_VEH,2026_06_19_merged.mat,SAMPLE,1,20285,7286,364.24999999999994,1014.2
R005,VEH,T1_SD_VEH,2026_06_19_merged.mat,SAMPLE,1,20312,7313,365.59999999999997,1015.55
R005,VEH,T1_SD_VEH,2026_06_19_merged.mat,SAMPLE,2,20330,7331,366.49999999999994,1016.45
R005,VEH,T1_SD_VEH,2026_06_19_merged.mat,SAMPLE,4,20334,7335,366.7,1016.6500000000001
R005,VEH,T1_SD_VEH,2026_06_19_merged.mat,SAMPLE,4,20335,7336,366.74999999999994,1016.7
R005,VEH,T1_SD_VEH,2026_06_19_merged.mat,SAMPLE,4,20336,7337,366.79999999999995,1016.75
R005,VEH,T1_SD_VEH,2026_06_19_merged.mat,SAMPLE,4,20337,7338,366.84999999999997,1016.8
R005,VEH,T1_SD_VEH,2026_06_19_merged.mat,SAMPLE,4,20338,7339,366.9,1016.85
R005,VEH,T1_SD_VEH,2026_06_19_merged.mat,SAMPLE,1,20354,7355,367.7,1017.6500000000001
R005,VEH,T1_SD_VEH,2026_06_19_merged.mat,SAMPLE,1,20355,7356,367.74999999999994,1017.7
R005,VEH,T1_SD_VEH,2026_06_19_merged.mat,SAMPLE,1,20356,7357,367.79999999999995,1017.75
R005,VEH,T1_SD_VEH,2026_06_19_merged.mat,SAMPLE,1,20357,7358,367.84999999999997,1017.8
R005,VEH,T1_SD_VEH,2026_06_19_merged.mat,SAMPLE,1,20358,7359,367.9,1017.85
R005,VEH,T1_SD_VEH,2026_06_19_merged.mat,SAMPLE,1,20359,7360,367.95,1017.9000000000001
R005,VEH,T1_SD_VEH,2026_06_19_merged.mat,SAMPLE,1,20360,7361,367.99999999999994,1017.95
R005,VEH,T1_SD_VEH,2026_06_19_merged.mat,SAMPLE,1,20371,7372,368.54999999999995,1018.5
R005,VEH,T1_SD_VEH,2026_06_19_merged.mat,SAMPLE,1,20372,7373,368.59999999999997,1018.55
R005,VEH,T1_SD_VEH,2026_06_19_merged.mat,SAMPLE,1,20373,7374,368.65,1018.6
R005,VEH,T1_SD_VEH,2026_06_19_merged.mat,SAMPLE,1,20374,7375,368.7,1018.6500000000001
R005,VEH,T1_SD_VEH,2026_06_19_merged.mat,SAMPLE,1,20375,7376,368.74999999999994,1018.7
R005,VEH,T1_SD_VEH,2026_06_19_merged.mat,SAMPLE,1,20376,7377,368.79999999999995,1018.75
R005,VEH,T1_SD_VEH,2026_06_19_merged.mat,SAMPLE,1,20377,7378,368.84999999999997,1018.8
R005,VEH,T1_SD_VEH,2026_06_19_merged.mat,SAMPLE,1,20394,7395,369.7,1019.6500000000001
R005,VEH,T1_SD_VEH,2026_06_19_merged.mat,SAMPLE,1,20395,7396,369.74999999999994,1019.7
R005,VEH,T1_SD_VEH,2026_06_19_merged.mat,SAMPLE,1,20396,7397,369.79999999999995,1019.75
R005,VEH,T1_SD_VEH,2026_06_19_merged.mat,SAMPLE,1,20397,7398,369.84999999999997,1019.8
R005,VEH,T1_SD_VEH,2026_06_19_merged.mat,SAMPLE,1,20398,7399,369.9,1019.85
R005,VEH,T1_SD_VEH,2026_06_19_merged.mat,SAMPLE,4,20431,7432,371.54999999999995,1021.5
R005,VEH,T1_SD_VEH,2026_06_19_merged.mat,SAMPLE,4,20433,7434,371.65,1021.6
R005,VEH,T1_SD_VEH,2026_06_19_merged.mat,SAMPLE,1,20444,7445,372.2,1022.1500000000001
R005,VEH,T1_SD_VEH,2026_06_19_merged.mat,SAMPLE,1,20445,7446,372.24999999999994,1022.2
R005,VEH,T1_SD_VEH,2026_06_19_merged.mat,SAMPLE,1,20446,7447,372.29999999999995,1022.25
R005,VEH,T1_SD_VEH,2026_06_19_merged.mat,SAMPLE,4,20502,7503,375.09999999999997,1025.05
R005,VEH,T1_SD_VEH,2026_06_19_merged.mat,SAMPLE,4,20538,7539,376.9,1026.85
R005,VEH,T1_SD_VEH,2026_06_19_merged.mat,SAMPLE,4,20575,7576,378.74999999999994,1028.7
R005,VEH,T1_SD_VEH,2026_06_19_merged.mat,SAMPLE,2,20592,7593,379.59999999999997,1029.55
R005,VEH,T1_SD_VEH,2026_06_19_merged.mat,SAMPLE,2,20593,7594,379.65,1029.6
R005,VEH,T1_SD_VEH,2026_06_19_merged.mat,SAMPLE,2,20594,7595,379.7,1029.65
R005,VEH,T1_SD_VEH,2026_06_19_merged.mat,SAMPLE,4,20595,7596,379.74999999999994,1029.7
R005,VEH,T1_SD_VEH,2026_06_19_merged.mat,SAMPLE,4,20596,7597,379.79999999999995,1029.75
R005,VEH,T1_SD_VEH,2026_06_19_merged.mat,SAMPLE,4,20597,7598,379.84999999999997,1029.8
R005,VEH,T1_SD_VEH,2026_06_19_merged.mat,SAMPLE,1,20653,7654,382.65,1032.6
R005,VEH,T1_SD_VEH,2026_06_19_merged.mat,SAMPLE,1,20654,7655,382.7,1032.65
R005,VEH,T1_SD_VEH,2026_06_19_merged.mat,SAMPLE,1,20655,7656,382.74999999999994,1032.7
R005,VEH,T1_SD_VEH,2026_06_19_merged.mat,SAMPLE,1,20678,7679,383.9,1033.85
R005,VEH,T1_SD_VEH,2026_06_19_merged.mat,SAMPLE,1,20685,7686,384.24999999999994,1034.2
R005,VEH,T1_SD_VEH,2026_06_19_merged.mat,SAMPLE,1,20704,7705,385.2,1035.15
R005,VEH,T1_SD_VEH,2026_06_19_merged.mat,SAMPLE,1,20705,7706,385.24999999999994,1035.2
R005,VEH,T1_SD_VEH,2026_06_19_merged.mat,SAMPLE,1,20706,7707,385.29999999999995,1035.25
R005,VEH,T1_SD_VEH,2026_06_19_merged.mat,SAMPLE,1,20707,7708,385.34999999999997,1035.3
R005,VEH,T1_SD_VEH,2026_06_19_merged.mat,SAMPLE,1,20708,7709,385.4,1035.35
R005,VEH,T1_SD_VEH,2026_06_19_merged.mat,SAMPLE,1,20717,7718,385.84999999999997,1035.8
R005,VEH,T1_SD_VEH,2026_06_19_merged.mat,SAMPLE,1,20718,7719,385.9,1035.85
R005,VEH,T1_SD_VEH,2026_06_19_merged.mat,SAMPLE,1,20719,7720,385.95,1035.9
R005,VEH,T1_SD_VEH,2026_06_19_merged.mat,SAMPLE,1,20720,7721,385.99999999999994,1035.95
R005,VEH,T1_SD_VEH,2026_06_19_merged.mat,SAMPLE,1,20725,7726,386.24999999999994,1036.2
R005,VEH,T1_SD_VEH,2026_06_19_merged.mat,SAMPLE,1,20726,7727,386.29999999999995,1036.25
R005,VEH,T1_SD_VEH,2026_06_19_merged.mat,SAMPLE,1,20727,7728,386.34999999999997,1036.3
R005,VEH,T1_SD_VEH,2026_06_19_merged.mat,SAMPLE,1,20728,7729,386.4,1036.35
R005,VEH,T1_SD_VEH,2026_06_19_merged.mat,SAMPLE,1,20729,7730,386.45,1036.4
R005,VEH,T1_SD_VEH,2026_06_19_merged.mat,SAMPLE,1,20730,7731,386.49999999999994,1036.45
R005,VEH,T1_SD_VEH,2026_06_19_merged.mat,SAMPLE,1,20731,7732,386.54999999999995,1036.5
R005,VEH,T1_SD_VEH,2026_06_19_merged.mat,SAMPLE,1,20732,7733,386.59999999999997,1036.55
R005,VEH,T1_SD_VEH,2026_06_19_merged.mat,SAMPLE,1,20733,7734,386.65,1036.6
R005,VEH,T1_SD_VEH,2026_06_19_merged.mat,SAMPLE,1,20734,7735,386.7,1036.65
R005,VEH,T1_SD_VEH,2026_06_19_merged.mat,SAMPLE,1,20786,7787,389.29999999999995,1039.25
R005,VEH,T1_SD_VEH,2026_06_19_merged.mat,SAMPLE,1,20787,7788,389.34999999999997,1039.3
R005,VEH,T1_SD_VEH,2026_06_19_merged.mat,SAMPLE,1,20788,7789,389.4,1039.35
R005,VEH,T1_SD_VEH,2026_06_19_merged.mat,SAMPLE,1,20819,7820,390.95,1040.9
R005,VEH,T1_SD_VEH,2026_06_19_merged.mat,SAMPLE,1,20820,7821,390.99999999999994,1040.95
R005,VEH,T1_SD_VEH,2026_06_19_merged.mat,SAMPLE,1,20861,7862,393.04999999999995,1043.0
R005,VEH,T1_SD_VEH,2026_06_19_merged.mat,SAMPLE,1,20862,7863,393.09999999999997,1043.05
R005,VEH,T1_SD_VEH,2026_06_19_merged.mat,SAMPLE,1,20863,7864,393.15,1043.1
R005,VEH,T1_SD_VEH,2026_06_19_merged.mat,SAMPLE,4,20923,7924,396.15,1046.1
R005,VEH,T1_SD_VEH,2026_06_19_merged.mat,SAMPLE,4,20924,7925,396.19999999999993,1046.15
R005,VEH,T1_SD_VEH,2026_06_19_merged.mat,SAMPLE,4,20925,7926,396.25,1046.2
R005,VEH,T1_SD_VEH,2026_06_19_merged.mat,SAMPLE,4,20946,7947,397.29999999999995,1047.25
R005,VEH,T1_SD_VEH,2026_06_19_merged.mat,SAMPLE,4,20947,7948,397.34999999999997,1047.3
R005,VEH,T1_SD_VEH,2026_06_19_merged.mat,SAMPLE,4,20948,7949,397.4,1047.35
R005,VEH,T1_SD_VEH,2026_06_19_merged.mat,SAMPLE,4,20949,7950,397.44999999999993,1047.4
R005,VEH,T1_SD_VEH,2026_06_19_merged.mat,SAMPLE,4,20959,7960,397.94999999999993,1047.9
R005,VEH,T1_SD_VEH,2026_06_19_merged.mat,SAMPLE,4,20997,7998,399.84999999999997,1049.8
R005,VEH,T1_SD_VEH,2026_06_19_merged.mat,SAMPLE,4,20998,7999,399.9,1049.85
R005,VEH,T1_SD_VEH,2026_06_19_merged.mat,SAMPLE,4,20999,8000,399.94999999999993,1049.9
R005,VEH,T1_SD_VEH,2026_06_19_merged.mat,SAMPLE,2,21007,8008,400.34999999999997,1050.3
R005,VEH,T1_SD_VEH,2026_06_19_merged.mat,SAMPLE,2,21008,8009,400.4,1050.35
R005,VEH,T1_SD_VEH,2026_06_19_merged.mat,SAMPLE,4,21027,8028,401.34999999999997,1051.3
R005,VEH,T1_SD_VEH,2026_06_19_merged.mat,SAMPLE,4,21028,8029,401.4,1051.35
R005,VEH,T1_SD_VEH,2026_06_19_merged.mat,SAMPLE,4,21029,8030,401.44999999999993,1051.4
R005,VEH,T1_SD_VEH,2026_06_19_merged.mat,SAMPLE,2,21048,8049,402.4,1052.35
R005,VEH,T1_SD_VEH,2026_06_19_merged.mat,SAMPLE,2,21049,8050,402.44999999999993,1052.4
R005,VEH,T1_SD_VEH,2026_06_19_merged.mat,SAMPLE,4,21057,8058,402.84999999999997,1052.8
R005,VEH,T1_SD_VEH,2026_06_19_merged.mat,SAMPLE,4,21060,8061,403.0,1052.95
R005,VEH,T1_SD_VEH,2026_06_19_merged.mat,SAMPLE,1,21086,8087,404.29999999999995,1054.25
R005,VEH,T1_SD_VEH,2026_06_19_merged.mat,SAMPLE,1,21087,8088,404.34999999999997,1054.3
R005,VEH,T1_SD_VEH,2026_06_19_merged.mat,SAMPLE,1,21088,8089,404.4,1054.35
R005,VEH,T1_SD_VEH,2026_06_19_merged.mat,SAMPLE,1,21108,8109,405.4,1055.35
R005,VEH,T1_SD_VEH,2026_06_19_merged.mat,SAMPLE,1,21109,8110,405.44999999999993,1055.4
R005,VEH,T1_SD_VEH,2026_06_19_merged.mat,SAMPLE,1,21110,8111,405.5,1055.45
R005,VEH,T1_SD_VEH,2026_06_19_merged.mat,SAMPLE,1,21111,8112,405.54999999999995,1055.5
R005,VEH,T1_SD_VEH,2026_06_19_merged.mat,SAMPLE,4,21143,8144,407.15,1057.1
R005,VEH,T1_SD_VEH,2026_06_19_merged.mat,SAMPLE,4,21145,8146,407.25,1057.2
R005,VEH,T1_SD_VEH,2026_06_19_merged.mat,SAMPLE,4,21147,8148,407.34999999999997,1057.3
R005,VEH,T1_SD_VEH,2026_06_19_merged.mat,SAMPLE,4,21148,8149,407.4,1057.35
R005,VEH,T1_SD_VEH,2026_06_19_merged.mat,SAMPLE,4,21159,8160,407.94999999999993,1057.9
R005,VEH,T1_SD_VEH,2026_06_19_merged.mat,SAMPLE,4,21160,8161,408.0,1057.95
R005,VEH,T1_SD_VEH,2026_06_19_merged.mat,SAMPLE,4,21161,8162,408.04999999999995,1058.0
R005,VEH,T1_SD_VEH,2026_06_19_merged.mat,SAMPLE,1,21169,8170,408.44999999999993,1058.4
R005,VEH,T1_SD_VEH,2026_06_19_merged.mat,SAMPLE,1,21170,8171,408.5,1058.45
R005,VEH,T1_SD_VEH,2026_06_19_merged.mat,SAMPLE,4,21210,8211,410.5,1060.45
R005,VEH,T1_SD_VEH,2026_06_19_merged.mat,SAMPLE,4,21211,8212,410.54999999999995,1060.5
R005,VEH,T1_SD_VEH,2026_06_19_merged.mat,SAMPLE,1,21232,8233,411.59999999999997,1061.55
R005,VEH,T1_SD_VEH,2026_06_19_merged.mat,SAMPLE,2,21268,8269,413.4,1063.35
R005,VEH,T1_SD_VEH,2026_06_19_merged.mat,SAMPLE,1,21297,8298,414.84999999999997,1064.8
R005,VEH,T1_SD_VEH,2026_06_19_merged.mat,SAMPLE,1,21298,8299,414.9,1064.85
R005,VEH,T1_SD_VEH,2026_06_19_merged.mat,SAMPLE,1,21299,8300,414.94999999999993,1064.9
R005,VEH,T1_SD_VEH,2026_06_19_merged.mat,SAMPLE,1,21300,8301,415.0,1064.95
R005,VEH,T1_SD_VEH,2026_06_19_merged.mat,SAMPLE,1,21301,8302,415.04999999999995,1065.0
R005,VEH,T1_SD_VEH,2026_06_19_merged.mat,SAMPLE,1,21312,8313,415.59999999999997,1065.55
R005,VEH,T1_SD_VEH,2026_06_19_merged.mat,SAMPLE,1,21313,8314,415.65,1065.6
R005,VEH,T1_SD_VEH,2026_06_19_merged.mat,SAMPLE,1,21314,8315,415.69999999999993,1065.65
R005,VEH,T1_SD_VEH,2026_06_19_merged.mat,SAMPLE,1,21315,8316,415.75,1065.7
R005,VEH,T1_SD_VEH,2026_06_19_merged.mat,SAMPLE,1,21316,8317,415.79999999999995,1065.75
R005,VEH,T1_SD_VEH,2026_06_19_merged.mat,SAMPLE,1,21317,8318,415.84999999999997,1065.8
R005,VEH,T1_SD_VEH,2026_06_19_merged.mat,SAMPLE,1,21340,8341,417.0,1066.95
R005,VEH,T1_SD_VEH,2026_06_19_merged.mat,SAMPLE,1,21341,8342,417.04999999999995,1067.0
R005,VEH,T1_SD_VEH,2026_06_19_merged.mat,SAMPLE,1,21342,8343,417.09999999999997,1067.05
R005,VEH,T1_SD_VEH,2026_06_19_merged.mat,SAMPLE,1,21343,8344,417.15,1067.1
R005,VEH,T1_SD_VEH,2026_06_19_merged.mat,SAMPLE,1,21344,8345,417.19999999999993,1067.15
R005,VEH,T1_SD_VEH,2026_06_19_merged.mat,SAMPLE,1,21365,8366,418.25,1068.2
R005,VEH,T1_SD_VEH,2026_06_19_merged.mat,SAMPLE,1,21366,8367,418.29999999999995,1068.25
R005,VEH,T1_SD_VEH,2026_06_19_merged.mat,SAMPLE,4,21413,8414,420.65,1070.6
R005,VEH,T1_SD_VEH,2026_06_19_merged.mat,SAMPLE,4,21425,8426,421.25,1071.2
R005,VEH,T1_SD_VEH,2026_06_19_merged.mat,SAMPLE,4,21426,8427,421.29999999999995,1071.25
R005,VEH,T1_SD_VEH,2026_06_19_merged.mat,SAMPLE,4,21447,8448,422.34999999999997,1072.3
R005,VEH,T1_SD_VEH,2026_06_19_merged.mat,SAMPLE,4,21459,8460,422.94999999999993,1072.9
R005,VEH,T1_SD_VEH,2026_06_19_merged.mat,SAMPLE,4,21461,8462,423.04999999999995,1073.0
R005,VEH,T1_SD_VEH,2026_06_19_merged.mat,SAMPLE,4,21487,8488,424.34999999999997,1074.3
R005,VEH,T1_SD_VEH,2026_06_19_merged.mat,SAMPLE,4,21488,8489,424.4,1074.35
R005,VEH,T1_SD_VEH,2026_06_19_merged.mat,SAMPLE,4,21490,8491,424.5,1074.45
R005,VEH,T1_SD_VEH,2026_06_19_merged.mat,SAMPLE,4,21491,8492,424.54999999999995,1074.5
R005,VEH,T1_SD_VEH,2026_06_19_merged.mat,SAMPLE,4,21512,8513,425.59999999999997,1075.55
R005,VEH,T1_SD_VEH,2026_06_19_merged.mat,SAMPLE,4,21548,8549,427.4,1077.35
R005,VEH,T1_SD_VEH,2026_06_19_merged.mat,SAMPLE,4,21549,8550,427.44999999999993,1077.4
R005,VEH,T1_SD_VEH,2026_06_19_merged.mat,SAMPLE,4,21636,8637,431.79999999999995,1081.75
R005,VEH,T1_SD_VEH,2026_06_19_merged.mat,SAMPLE,4,21637,8638,431.84999999999997,1081.8
R005,VEH,T1_SD_VEH,2026_06_19_merged.mat,SAMPLE,4,21638,8639,431.9,1081.85
R005,VEH,T1_SD_VEH,2026_06_19_merged.mat,SAMPLE,4,21639,8640,431.94999999999993,1081.9
R005,VEH,T1_SD_VEH,2026_06_19_merged.mat,SAMPLE,4,21640,8641,432.0,1081.95
R005,VEH,T1_SD_VEH,2026_06_19_merged.mat,SAMPLE,4,21665,8666,433.25,1083.2
R005,VEH,T1_SD_VEH,2026_06_19_merged.mat,SAMPLE,2,21685,8686,434.25,1084.2
R005,VEH,T1_SD_VEH,2026_06_19_merged.mat,SAMPLE,2,21686,8687,434.29999999999995,1084.25
R005,VEH,T1_SD_VEH,2026_06_19_merged.mat,SAMPLE,2,21687,8688,434.34999999999997,1084.3
R005,VEH,T1_SD_VEH,2026_06_19_merged.mat,SAMPLE,2,21690,8691,434.5,1084.45
R005,VEH,T1_SD_VEH,2026_06_19_merged.mat,SAMPLE,2,21691,8692,434.54999999999995,1084.5
R005,VEH,T1_SD_VEH,2026_06_19_merged.mat,SAMPLE,4,21693,8694,434.65,1084.6
R005,VEH,T1_SD_VEH,2026_06_19_merged.mat,SAMPLE,4,21736,8737,436.79999999999995,1086.75
R005,VEH,T1_SD_VEH,2026_06_19_merged.mat,SAMPLE,4,21737,8738,436.84999999999997,1086.8
R005,VEH,T1_SD_VEH,2026_06_19_merged.mat,SAMPLE,4,21738,8739,436.9,1086.85
R005,VEH,T1_SD_VEH,2026_06_19_merged.mat,SAMPLE,2,21748,8749,437.4,1087.35
R005,VEH,T1_SD_VEH,2026_06_19_merged.mat,SAMPLE,2,21749,8750,437.44999999999993,1087.4
R005,VEH,T1_SD_VEH,2026_06_19_merged.mat,SAMPLE,1,21765,8766,438.25,1088.2
R005,VEH,T1_SD_VEH,2026_06_19_merged.mat,SAMPLE,1,21766,8767,438.29999999999995,1088.25
R005,VEH,T1_SD_VEH,2026_06_19_merged.mat,SAMPLE,1,21767,8768,438.34999999999997,1088.3
R005,VEH,T1_SD_VEH,2026_06_19_merged.mat,SAMPLE,1,21768,8769,438.4,1088.35
R005,VEH,T1_SD_VEH,2026_06_19_merged.mat,SAMPLE,1,21769,8770,438.44999999999993,1088.4
R005,VEH,T1_SD_VEH,2026_06_19_merged.mat,SAMPLE,1,21783,8784,439.15,1089.1
R005,VEH,T1_SD_VEH,2026_06_19_merged.mat,SAMPLE,1,21784,8785,439.19999999999993,1089.15
R005,VEH,T1_SD_VEH,2026_06_19_merged.mat,SAMPLE,1,21795,8796,439.75,1089.7
R005,VEH,T1_SD_VEH,2026_06_19_merged.mat,SAMPLE,1,21796,8797,439.79999999999995,1089.75
R005,VEH,T1_SD_VEH,2026_06_19_merged.mat,SAMPLE,1,21797,8798,439.84999999999997,1089.8
R005,VEH,T1_SD_VEH,2026_06_19_merged.mat,SAMPLE,2,21826,8827,441.29999999999995,1091.25
R005,VEH,T1_SD_VEH,2026_06_19_merged.mat,SAMPLE,2,21827,8828,441.34999999999997,1091.3
R005,VEH,T1_SD_VEH,2026_06_19_merged.mat,SAMPLE,4,21841,8842,442.04999999999995,1092.0
R005,VEH,T1_SD_VEH,2026_06_19_merged.mat,SAMPLE,4,21842,8843,442.09999999999997,1092.05
R005,VEH,T1_SD_VEH,2026_06_19_merged.mat,SAMPLE,4,21854,8855,442.69999999999993,1092.65
R005,VEH,T1_SD_VEH,2026_06_19_merged.mat,SAMPLE,4,21856,8857,442.79999999999995,1092.75
R005,VEH,T1_SD_VEH,2026_06_19_merged.mat,SAMPLE,4,21895,8896,444.75,1094.7
R005,VEH,T1_SD_VEH,2026_06_19_merged.mat,SAMPLE,4,21896,8897,444.79999999999995,1094.75
R005,VEH,T1_SD_VEH,2026_06_19_merged.mat,SAMPLE,4,21897,8898,444.84999999999997,1094.8
R005,VEH,T1_SD_VEH,2026_06_19_merged.mat,SAMPLE,4,21898,8899,444.9,1094.85
R005,VEH,T1_SD_VEH,2026_06_19_merged.mat,SAMPLE,2,21905,8906,445.25,1095.2
R005,VEH,T1_SD_VEH,2026_06_19_merged.mat,SAMPLE,4,21908,8909,445.4,1095.35
R005,VEH,T1_SD_VEH,2026_06_19_merged.mat,SAMPLE,4,21909,8910,445.44999999999993,1095.4
R005,VEH,T1_SD_VEH,2026_06_19_merged.mat,SAMPLE,4,21985,8986,449.25,1099.2
R005,VEH,T1_SD_VEH,2026_06_19_merged.mat,SAMPLE,4,21986,8987,449.29999999999995,1099.25
R005,VEH,T1_SD_VEH,2026_06_19_merged.mat,SAMPLE,4,21987,8988,449.34999999999997,1099.3
R005,VEH,T1_SD_VEH,2026_06_19_merged.mat,SAMPLE,4,22001,9002,450.04999999999995,1100.0
R005,VEH,T1_SD_VEH,2026_06_19_merged.mat,SAMPLE,3,22003,9004,450.15,1100.1
R005,VEH,T1_SD_VEH,2026_06_19_merged.mat,SAMPLE,3,22005,9006,450.25,1100.2
R005,VEH,T1_SD_VEH,2026_06_19_merged.mat,SAMPLE,3,22006,9007,450.29999999999995,1100.25
R005,VEH,T1_SD_VEH,2026_06_19_merged.mat,SAMPLE,2,22007,9008,450.34999999999997,1100.3
R005,VEH,T1_SD_VEH,2026_06_19_merged.mat,SAMPLE,2,22008,9009,450.4,1100.35
R005,VEH,T1_SD_VEH,2026_06_19_merged.mat,SAMPLE,2,22009,9010,450.44999999999993,1100.4
R005,VEH,T1_SD_VEH,2026_06_19_merged.mat,SAMPLE,4,22032,9033,451.59999999999997,1101.55
R005,VEH,T1_SD_VEH,2026_06_19_merged.mat,SAMPLE,4,22064,9065,453.19999999999993,1103.15
R005,VEH,T1_SD_VEH,2026_06_19_merged.mat,SAMPLE,4,22065,9066,453.25,1103.2
R005,VEH,T1_SD_VEH,2026_06_19_merged.mat,SAMPLE,1,22073,9074,453.65,1103.6
R005,VEH,T1_SD_VEH,2026_06_19_merged.mat,SAMPLE,1,22087,9088,454.34999999999997,1104.3
R005,VEH,T1_SD_VEH,2026_06_19_merged.mat,SAMPLE,1,22111,9112,455.54999999999995,1105.5
R005,VEH,T1_SD_VEH,2026_06_19_merged.mat,SAMPLE,1,22112,9113,455.59999999999997,1105.55
R005,VEH,T1_SD_VEH,2026_06_19_merged.mat,SAMPLE,1,22113,9114,455.65,1105.6
R005,VEH,T1_SD_VEH,2026_06_19_merged.mat,SAMPLE,1,22114,9115,455.69999999999993,1105.65
R005,VEH,T1_SD_VEH,2026_06_19_merged.mat,SAMPLE,1,22115,9116,455.75,1105.7
R005,VEH,T1_SD_VEH,2026_06_19_merged.mat,SAMPLE,1,22116,9117,455.79999999999995,1105.75
R005,VEH,T1_SD_VEH,2026_06_19_merged.mat,SAMPLE,1,22117,9118,455.84999999999997,1105.8
R005,VEH,T1_SD_VEH,2026_06_19_merged.mat,SAMPLE,1,22127,9128,456.34999999999997,1106.3
R005,VEH,T1_SD_VEH,2026_06_19_merged.mat,SAMPLE,1,22128,9129,456.4,1106.35
R005,VEH,T1_SD_VEH,2026_06_19_merged.mat,SAMPLE,1,22129,9130,456.44999999999993,1106.4
R005,VEH,T1_SD_VEH,2026_06_19_merged.mat,SAMPLE,1,22151,9152,457.54999999999995,1107.5
R005,VEH,T1_SD_VEH,2026_06_19_merged.mat,SAMPLE,1,22152,9153,457.59999999999997,1107.55
R005,VEH,T1_SD_VEH,2026_06_19_merged.mat,SAMPLE,1,22153,9154,457.65,1107.6
R005,VEH,T1_SD_VEH,2026_06_19_merged.mat,SAMPLE,1,22154,9155,457.69999999999993,1107.65
R005,VEH,T1_SD_VEH,2026_06_19_merged.mat,SAMPLE,1,22155,9156,457.75,1107.7
R005,VEH,T1_SD_VEH,2026_06_19_merged.mat,SAMPLE,1,22156,9157,457.79999999999995,1107.75
R005,VEH,T1_SD_VEH,2026_06_19_merged.mat,SAMPLE,1,22157,9158,457.84999999999997,1107.8
R005,VEH,T1_SD_VEH,2026_06_19_merged.mat,SAMPLE,1,22158,9159,457.9,1107.85
R005,VEH,T1_SD_VEH,2026_06_19_merged.mat,SAMPLE,1,22176,9177,458.79999999999995,1108.75
R005,VEH,T1_SD_VEH,2026_06_19_merged.mat,SAMPLE,1,22177,9178,458.84999999999997,1108.8
R005,VEH,T1_SD_VEH,2026_06_19_merged.mat,SAMPLE,1,22179,9180,458.94999999999993,1108.9
R005,VEH,T1_SD_VEH,2026_06_19_merged.mat,SAMPLE,1,22180,9181,459.0,1108.95
R005,VEH,T1_SD_VEH,2026_06_19_merged.mat,SAMPLE,1,22197,9198,459.84999999999997,1109.8
R005,VEH,T1_SD_VEH,2026_06_19_merged.mat,SAMPLE,1,22198,9199,459.9,1109.85
R005,VEH,T1_SD_VEH,2026_06_19_merged.mat,SAMPLE,1,22199,9200,459.94999999999993,1109.9
R005,VEH,T1_SD_VEH,2026_06_19_merged.mat,SAMPLE,4,22226,9227,461.29999999999995,1111.25
R005,VEH,T1_SD_VEH,2026_06_19_merged.mat,SAMPLE,4,22228,9229,461.4,1111.35
R005,VEH,T1_SD_VEH,2026_06_19_merged.mat,SAMPLE,4,22248,9249,462.4,1112.35
R005,VEH,T1_SD_VEH,2026_06_19_merged.mat,SAMPLE,4,22249,9250,462.44999999999993,1112.4
R005,VEH,T1_SD_VEH,2026_06_19_merged.mat,SAMPLE,4,22250,9251,462.5,1112.45
R005,VEH,T1_SD_VEH,2026_06_19_merged.mat,SAMPLE,1,22260,9261,463.0,1112.95
R005,VEH,T1_SD_VEH,2026_06_19_merged.mat,SAMPLE,1,22261,9262,463.04999999999995,1113.0
R005,VEH,T1_SD_VEH,2026_06_19_merged.mat,SAMPLE,4,22269,9270,463.44999999999993,1113.4
R005,VEH,T1_SD_VEH,2026_06_19_merged.mat,SAMPLE,3,22280,9281,464.0,1113.95
R005,VEH,T1_SD_VEH,2026_06_19_merged.mat,SAMPLE,3,22281,9282,464.04999999999995,1114.0
R005,VEH,T1_SD_VEH,2026_06_19_merged.mat,SAMPLE,1,22287,9288,464.34999999999997,1114.3
R005,VEH,T1_SD_VEH,2026_06_19_merged.mat,SAMPLE,1,22288,9289,464.4,1114.35
R005,VEH,T1_SD_VEH,2026_06_19_merged.mat,SAMPLE,1,22289,9290,464.44999999999993,1114.4
R005,VEH,T1_SD_VEH,2026_06_19_merged.mat,SAMPLE,1,22381,9382,469.04999999999995,1119.0
R005,VEH,T1_SD_VEH,2026_06_19_merged.mat,SAMPLE,1,22382,9383,469.09999999999997,1119.05
R005,VEH,T1_SD_VEH,2026_06_19_merged.mat,SAMPLE,4,22400,9401,470.0,1119.95
R005,VEH,T1_SD_VEH,2026_06_19_merged.mat,SAMPLE,4,22422,9423,471.09999999999997,1121.05
R005,VEH,T1_SD_VEH,2026_06_19_merged.mat,SAMPLE,4,22423,9424,471.15,1121.1
R005,VEH,T1_SD_VEH,2026_06_19_merged.mat,SAMPLE,4,22424,9425,471.19999999999993,1121.15
R005,VEH,T1_SD_VEH,2026_06_19_merged.mat,SAMPLE,1,22448,9449,472.4,1122.35
R005,VEH,T1_SD_VEH,2026_06_19_merged.mat,SAMPLE,1,22449,9450,472.44999999999993,1122.4
R005,VEH,T1_SD_VEH,2026_06_19_merged.mat,SAMPLE,1,22450,9451,472.5,1122.45
R005,VEH,T1_SD_VEH,2026_06_19_merged.mat,SAMPLE,1,22451,9452,472.54999999999995,1122.5
R005,VEH,T1_SD_VEH,2026_06_19_merged.mat,SAMPLE,1,22487,9488,474.34999999999997,1124.3
R005,VEH,T1_SD_VEH,2026_06_19_merged.mat,SAMPLE,1,22488,9489,474.4,1124.35
R005,VEH,T1_SD_VEH,2026_06_19_merged.mat,SAMPLE,1,22489,9490,474.44999999999993,1124.4
R005,VEH,T1_SD_VEH,2026_06_19_merged.mat,SAMPLE,4,22508,9509,475.4,1125.35
R005,VEH,T1_SD_VEH,2026_06_19_merged.mat,SAMPLE,4,22524,9525,476.19999999999993,1126.15
R005,VEH,T1_SD_VEH,2026_06_19_merged.mat,SAMPLE,4,22525,9526,476.25,1126.2
R005,VEH,T1_SD_VEH,2026_06_19_merged.mat,SAMPLE,4,22526,9527,476.29999999999995,1126.25
R005,VEH,T1_SD_VEH,2026_06_19_merged.mat,SAMPLE,1,22535,9536,476.75,1126.7
R005,VEH,T1_SD_VEH,2026_06_19_merged.mat,SAMPLE,1,22576,9577,478.79999999999995,1128.75
R005,VEH,T1_SD_VEH,2026_06_19_merged.mat,SAMPLE,1,22577,9578,478.84999999999997,1128.8
R005,VEH,T1_SD_VEH,2026_06_19_merged.mat,SAMPLE,1,22606,9607,480.29999999999995,1130.25
R005,VEH,T1_SD_VEH,2026_06_19_merged.mat,SAMPLE,1,22620,9621,481.0,1130.95
R005,VEH,T1_SD_VEH,2026_06_19_merged.mat,SAMPLE,1,22622,9623,481.09999999999997,1131.05
R005,VEH,T1_SD_VEH,2026_06_19_merged.mat,SAMPLE,1,22625,9626,481.25,1131.2
R005,VEH,T1_SD_VEH,2026_06_19_merged.mat,SAMPLE,1,22626,9627,481.29999999999995,1131.25
R005,VEH,T1_SD_VEH,2026_06_19_merged.mat,SAMPLE,1,22627,9628,481.34999999999997,1131.3
R005,VEH,T1_SD_VEH,2026_06_19_merged.mat,SAMPLE,1,22642,9643,482.09999999999997,1132.05
R005,VEH,T1_SD_VEH,2026_06_19_merged.mat,SAMPLE,1,22643,9644,482.15,1132.1
R005,VEH,T1_SD_VEH,2026_06_19_merged.mat,SAMPLE,1,22661,9662,483.04999999999995,1133.0
R005,VEH,T1_SD_VEH,2026_06_19_merged.mat,SAMPLE,1,22718,9719,485.9,1135.85
R005,VEH,T1_SD_VEH,2026_06_19_merged.mat,SAMPLE,1,22719,9720,485.94999999999993,1135.9
R005,VEH,T1_SD_VEH,2026_06_19_merged.mat,SAMPLE,1,22720,9721,486.0,1135.95
R005,VEH,T1_SD_VEH,2026_06_19_merged.mat,SAMPLE,1,22733,9734,486.65,1136.6
R005,VEH,T1_SD_VEH,2026_06_19_merged.mat,SAMPLE,1,22767,9768,488.34999999999997,1138.3
R005,VEH,T1_SD_VEH,2026_06_19_merged.mat,SAMPLE,1,22768,9769,488.4,1138.35
R005,VEH,T1_SD_VEH,2026_06_19_merged.mat,SAMPLE,1,22769,9770,488.44999999999993,1138.4
R005,VEH,T1_SD_VEH,2026_06_19_merged.mat,SAMPLE,1,22770,9771,488.5,1138.45
R005,VEH,T1_SD_VEH,2026_06_19_merged.mat,SAMPLE,1,22779,9780,488.94999999999993,1138.9
R005,VEH,T1_SD_VEH,2026_06_19_merged.mat,SAMPLE,1,22780,9781,489.0,1138.95
R005,VEH,T1_SD_VEH,2026_06_19_merged.mat,SAMPLE,1,22781,9782,489.04999999999995,1139.0
R005,VEH,T1_SD_VEH,2026_06_19_merged.mat,SAMPLE,4,22806,9807,490.29999999999995,1140.25
R005,VEH,T1_SD_VEH,2026_06_19_merged.mat,SAMPLE,4,22807,9808,490.34999999999997,1140.3
R005,VEH,T1_SD_VEH,2026_06_19_merged.mat,SAMPLE,4,22808,9809,490.4,1140.35
R005,VEH,T1_SD_VEH,2026_06_19_merged.mat,SAMPLE,4,22809,9810,490.44999999999993,1140.4
R005,VEH,T1_SD_VEH,2026_06_19_merged.mat,SAMPLE,4,22810,9811,490.5,1140.45
R005,VEH,T1_SD_VEH,2026_06_19_merged.mat,SAMPLE,1,22831,9832,491.54999999999995,1141.5
R005,VEH,T1_SD_VEH,2026_06_19_merged.mat,SAMPLE,1,22832,9833,491.59999999999997,1141.55
R005,VEH,T1_SD_VEH,2026_06_19_merged.mat,SAMPLE,2,22863,9864,493.15,1143.1
R005,VEH,T1_SD_VEH,2026_06_19_merged.mat,SAMPLE,2,22864,9865,493.19999999999993,1143.15
R005,VEH,T1_SD_VEH,2026_06_19_merged.mat,SAMPLE,2,22892,9893,494.59999999999997,1144.55
R005,VEH,T1_SD_VEH,2026_06_19_merged.mat,SAMPLE,2,22893,9894,494.65,1144.6
R005,VEH,T1_SD_VEH,2026_06_19_merged.mat,SAMPLE,2,22894,9895,494.69999999999993,1144.65
R005,VEH,T1_SD_VEH,2026_06_19_merged.mat,SAMPLE,4,22898,9899,494.9,1144.85
R005,VEH,T1_SD_VEH,2026_06_19_merged.mat,SAMPLE,4,22900,9901,495.0,1144.95
R005,VEH,T1_SD_VEH,2026_06_19_merged.mat,SAMPLE,4,22921,9922,496.04999999999995,1146.0
R005,VEH,T1_SD_VEH,2026_06_19_merged.mat,SAMPLE,4,22922,9923,496.09999999999997,1146.05
R005,VEH,T1_SD_VEH,2026_06_19_merged.mat,SAMPLE,2,22951,9952,497.54999999999995,1147.5
R005,VEH,T1_SD_VEH,2026_06_19_merged.mat,SAMPLE,2,22952,9953,497.59999999999997,1147.55
R005,VEH,T1_SD_VEH,2026_06_19_merged.mat,SAMPLE,4,22964,9965,498.19999999999993,1148.15
R005,VEH,T1_SD_VEH,2026_06_19_merged.mat,SAMPLE,2,22968,9969,498.4,1148.35
R005,VEH,T1_SD_VEH,2026_06_19_merged.mat,SAMPLE,1,23016,10017,500.79999999999995,1150.75
R005,VEH,T1_SD_VEH,2026_06_19_merged.mat,SAMPLE,4,23030,10031,501.5,1151.45
R005,VEH,T1_SD_VEH,2026_06_19_merged.mat,SAMPLE,2,23031,10032,501.54999999999995,1151.5
R005,VEH,T1_SD_VEH,2026_06_19_merged.mat,SAMPLE,4,23050,10051,502.5,1152.45
R005,VEH,T1_SD_VEH,2026_06_19_merged.mat,SAMPLE,4,23051,10052,502.54999999999995,1152.5
R005,VEH,T1_SD_VEH,2026_06_19_merged.mat,SAMPLE,4,23052,10053,502.59999999999997,1152.55
R005,VEH,T1_SD_VEH,2026_06_19_merged.mat,SAMPLE,1,23068,10069,503.4,1153.35
R005,VEH,T1_SD_VEH,2026_06_19_merged.mat,SAMPLE,1,23069,10070,503.44999999999993,1153.4
R005,VEH,T1_SD_VEH,2026_06_19_merged.mat,SAMPLE,1,23088,10089,504.4,1154.35
R005,VEH,T1_SD_VEH,2026_06_19_merged.mat,SAMPLE,1,23089,10090,504.44999999999993,1154.4
R005,VEH,T1_SD_VEH,2026_06_19_merged.mat,SAMPLE,1,23101,10102,505.04999999999995,1155.0
R005,VEH,T1_SD_VEH,2026_06_19_merged.mat,SAMPLE,1,23102,10103,505.09999999999997,1155.05
R005,VEH,T1_SD_VEH,2026_06_19_merged.mat,SAMPLE,1,23103,10104,505.15,1155.1
R005,VEH,T1_SD_VEH,2026_06_19_merged.mat,SAMPLE,1,23104,10105,505.19999999999993,1155.15
R005,VEH,T1_SD_VEH,2026_06_19_merged.mat,SAMPLE,4,23126,10127,506.29999999999995,1156.25
R005,VEH,T1_SD_VEH,2026_06_19_merged.mat,SAMPLE,4,23127,10128,506.34999999999997,1156.3
R005,VEH,T1_SD_VEH,2026_06_19_merged.mat,SAMPLE,4,23129,10130,506.44999999999993,1156.4
R005,VEH,T1_SD_VEH,2026_06_19_merged.mat,SAMPLE,4,23130,10131,506.5,1156.45
R005,VEH,T1_SD_VEH,2026_06_19_merged.mat,SAMPLE,1,23151,10152,507.54999999999995,1157.5
R005,VEH,T1_SD_VEH,2026_06_19_merged.mat,SAMPLE,1,23152,10153,507.59999999999997,1157.55
R005,VEH,T1_SD_VEH,2026_06_19_merged.mat,SAMPLE,1,23153,10154,507.65,1157.6
R005,VEH,T1_SD_VEH,2026_06_19_merged.mat,SAMPLE,1,23154,10155,507.69999999999993,1157.65
R005,VEH,T1_SD_VEH,2026_06_19_merged.mat,SAMPLE,1,23155,10156,507.75,1157.7
R005,VEH,T1_SD_VEH,2026_06_19_merged.mat,SAMPLE,1,23175,10176,508.75,1158.7
R005,VEH,T1_SD_VEH,2026_06_19_merged.mat,SAMPLE,1,23176,10177,508.79999999999995,1158.75
R005,VEH,T1_SD_VEH,2026_06_19_merged.mat,SAMPLE,1,23177,10178,508.84999999999997,1158.8
R005,VEH,T1_SD_VEH,2026_06_19_merged.mat,SAMPLE,2,23210,10211,510.5,1160.45
R005,VEH,T1_SD_VEH,2026_06_19_merged.mat,SAMPLE,4,23211,10212,510.54999999999995,1160.5
R005,VEH,T1_SD_VEH,2026_06_19_merged.mat,SAMPLE,4,23264,10265,513.1999999999999,1163.15
R005,VEH,T1_SD_VEH,2026_06_19_merged.mat,SAMPLE,1,23333,10334,516.65,1166.6
R005,VEH,T1_SD_VEH,2026_06_19_merged.mat,SAMPLE,1,23336,10337,516.8,1166.75
R005,VEH,T1_SD_VEH,2026_06_19_merged.mat,SAMPLE,1,23341,10342,517.05,1167.0
R005,VEH,T1_SD_VEH,2026_06_19_merged.mat,SAMPLE,1,23385,10386,519.25,1169.2
R005,VEH,T1_SD_VEH,2026_06_19_merged.mat,SAMPLE,1,23386,10387,519.3,1169.25
R005,VEH,T1_SD_VEH,2026_06_19_merged.mat,SAMPLE,4,23506,10507,525.3,1175.25
R005,VEH,T1_SD_VEH,2026_06_19_merged.mat,SAMPLE,4,23507,10508,525.3499999999999,1175.3
R005,VEH,T1_SD_VEH,2026_06_19_merged.mat,SAMPLE,4,23540,10541,527.0,1176.95
R005,VEH,T1_SD_VEH,2026_06_19_merged.mat,SAMPLE,4,23541,10542,527.05,1177.0
R005,VEH,T1_SD_VEH,2026_06_19_merged.mat,SAMPLE,4,23559,10560,527.9499999999999,1177.9
R005,VEH,T1_SD_VEH,2026_06_19_merged.mat,SAMPLE,4,23582,10583,529.0999999999999,1179.05
R005,VEH,T1_SD_VEH,2026_06_19_merged.mat,SAMPLE,4,23583,10584,529.15,1179.1
R005,VEH,T1_SD_VEH,2026_06_19_merged.mat,SAMPLE,2,23607,10608,530.3499999999999,1180.3
R005,VEH,T1_SD_VEH,2026_06_19_merged.mat,SAMPLE,4,23608,10609,530.4,1180.35
R005,VEH,T1_SD_VEH,2026_06_19_merged.mat,SAMPLE,4,23609,10610,530.4499999999999,1180.4
R005,VEH,T1_SD_VEH,2026_06_19_merged.mat,SAMPLE,1,23666,10667,533.3,1183.25
R005,VEH,T1_SD_VEH,2026_06_19_merged.mat,SAMPLE,4,23676,10677,533.8,1183.75
R005,VEH,T1_SD_VEH,2026_06_19_merged.mat,SAMPLE,2,23678,10679,533.9,1183.85
R005,VEH,T1_SD_VEH,2026_06_19_merged.mat,SAMPLE,4,23699,10700,534.9499999999999,1184.9
R005,VEH,T1_SD_VEH,2026_06_19_merged.mat,SAMPLE,4,23700,10701,535.0,1184.95
R005,VEH,T1_SD_VEH,2026_06_19_merged.mat,SAMPLE,2,23778,10779,538.9,1188.85
R005,VEH,T1_SD_VEH,2026_06_19_merged.mat,SAMPLE,4,23808,10809,540.4,1190.35
R005,VEH,T1_SD_VEH,2026_06_19_merged.mat,SAMPLE,4,23871,10872,543.55,1193.5
R005,VEH,T1_SD_VEH,2026_06_19_merged.mat,SAMPLE,4,23872,10873,543.5999999999999,1193.55
R005,VEH,T1_SD_VEH,2026_06_19_merged.mat,SAMPLE,4,23873,10874,543.65,1193.6
R005,VEH,T1_SD_VEH,2026_06_19_merged.mat,SAMPLE,1,23887,10888,544.3499999999999,1194.3
R005,VEH,T1_SD_VEH,2026_06_19_merged.mat,SAMPLE,1,23892,10893,544.5999999999999,1194.55
R005,VEH,T1_SD_VEH,2026_06_19_merged.mat,SAMPLE,1,23893,10894,544.65,1194.6
R005,VEH,T1_SD_VEH,2026_06_19_merged.mat,SAMPLE,2,23931,10932,546.55,1196.5
R005,VEH,T1_SD_VEH,2026_06_19_merged.mat,SAMPLE,4,23962,10963,548.0999999999999,1198.05
R005,VEH,T1_SD_VEH,2026_06_19_merged.mat,SAMPLE,4,23963,10964,548.15,1198.1
R005,VEH,T1_SD_VEH,2026_06_19_merged.mat,SAMPLE,4,23991,10992,549.55,1199.5
R005,VEH,T1_SD_VEH,2026_06_19_merged.mat,SAMPLE,4,23992,10993,549.5999999999999,1199.55
R005,VEH,T1_SD_VEH,2026_06_19_merged.mat,SAMPLE,4,23993,10994,549.65,1199.6
R005,VEH,T1_SD_VEH,2026_06_19_merged.mat,SAMPLE,4,23994,10995,549.6999999999999,1199.65
R005,VEH,T1_SD_VEH,2026_06_19_merged.mat,SAMPLE,1,24010,11011,550.5,1200.45
R005,VEH,T1_SD_VEH,2026_06_19_merged.mat,SAMPLE,1,24011,11012,550.55,1200.5
R005,VEH,T1_SD_VEH,2026_06_19_merged.mat,SAMPLE,1,24012,11013,550.5999999999999,1200.55
R005,VEH,T1_SD_VEH,2026_06_19_merged.mat,SAMPLE,1,24013,11014,550.65,1200.6
R005,VEH,T1_SD_VEH,2026_06_19_merged.mat,SAMPLE,1,24014,11015,550.6999999999999,1200.65
R005,VEH,T1_SD_VEH,2026_06_19_merged.mat,SAMPLE,5,24016,11017,550.8,1200.75
R005,VEH,T1_SD_VEH,2026_06_19_merged.mat,SAMPLE,3,24043,11044,552.15,1202.1
R005,VEH,T1_SD_VEH,2026_06_19_merged.mat,SAMPLE,4,24095,11096,554.75,1204.7
R005,VEH,T1_SD_VEH,2026_06_19_merged.mat,SAMPLE,2,24114,11115,555.6999999999999,1205.65
R005,VEH,T1_SD_VEH,2026_06_19_merged.mat,SAMPLE,2,24129,11130,556.4499999999999,1206.4
R005,VEH,T1_SD_VEH,2026_06_19_merged.mat,SAMPLE,1,24151,11152,557.55,1207.5
R005,VEH,T1_SD_VEH,2026_06_19_merged.mat,SAMPLE,1,24152,11153,557.5999999999999,1207.55
R005,VEH,T1_SD_VEH,2026_06_19_merged.mat,SAMPLE,1,24162,11163,558.0999999999999,1208.05
R005,VEH,T1_SD_VEH,2026_06_19_merged.mat,SAMPLE,1,24163,11164,558.15,1208.1
R005,VEH,T1_SD_VEH,2026_06_19_merged.mat,SAMPLE,1,24164,11165,558.1999999999999,1208.15
R005,VEH,T1_SD_VEH,2026_06_19_merged.mat,SAMPLE,1,24165,11166,558.25,1208.2
R005,VEH,T1_SD_VEH,2026_06_19_merged.mat,SAMPLE,1,24166,11167,558.3,1208.25
R005,VEH,T1_SD_VEH,2026_06_19_merged.mat,SAMPLE,1,24167,11168,558.3499999999999,1208.3
R005,VEH,T1_SD_VEH,2026_06_19_merged.mat,SAMPLE,1,24168,11169,558.4,1208.35
R005,VEH,T1_SD_VEH,2026_06_19_merged.mat,SAMPLE,1,24169,11170,558.4499999999999,1208.4
R005,VEH,T1_SD_VEH,2026_06_19_merged.mat,SAMPLE,1,24170,11171,558.5,1208.45
R005,VEH,T1_SD_VEH,2026_06_19_merged.mat,SAMPLE,1,24171,11172,558.55,1208.5
R005,VEH,T1_SD_VEH,2026_06_19_merged.mat,SAMPLE,1,24172,11173,558.5999999999999,1208.55
R005,VEH,T1_SD_VEH,2026_06_19_merged.mat,SAMPLE,1,24173,11174,558.65,1208.6
R005,VEH,T1_SD_VEH,2026_06_19_merged.mat,SAMPLE,1,24174,11175,558.6999999999999,1208.65
R005,VEH,T1_SD_VEH,2026_06_19_merged.mat,SAMPLE,1,24175,11176,558.75,1208.7
R005,VEH,T1_SD_VEH,2026_06_19_merged.mat,SAMPLE,1,24176,11177,558.8,1208.75
R005,VEH,T1_SD_VEH,2026_06_19_merged.mat,SAMPLE,1,24177,11178,558.8499999999999,1208.8
R005,VEH,T1_SD_VEH,2026_06_19_merged.mat,SAMPLE,1,24178,11179,558.9,1208.85
R005,VEH,T1_SD_VEH,2026_06_19_merged.mat,SAMPLE,1,24179,11180,558.9499999999999,1208.9
R005,VEH,T1_SD_VEH,2026_06_19_merged.mat,SAMPLE,1,24182,11183,559.0999999999999,1209.05
R005,VEH,T1_SD_VEH,2026_06_19_merged.mat,SAMPLE,1,24183,11184,559.15,1209.1
R005,VEH,T1_SD_VEH,2026_06_19_merged.mat,SAMPLE,1,24189,11190,559.4499999999999,1209.4
R005,VEH,T1_SD_VEH,2026_06_19_merged.mat,SAMPLE,1,24191,11192,559.55,1209.5
R005,VEH,T1_SD_VEH,2026_06_19_merged.mat,SAMPLE,4,24234,11235,561.6999999999999,1211.65
R005,VEH,T1_SD_VEH,2026_06_19_merged.mat,SAMPLE,4,24235,11236,561.75,1211.7
R005,VEH,T1_SD_VEH,2026_06_19_merged.mat,SAMPLE,4,24236,11237,561.8,1211.75
R005,VEH,T1_SD_VEH,2026_06_19_merged.mat,SAMPLE,4,24272,11273,563.5999999999999,1213.55
R005,VEH,T1_SD_VEH,2026_06_19_merged.mat,SAMPLE,4,24273,11274,563.65,1213.6
R005,VEH,T1_SD_VEH,2026_06_19_merged.mat,SAMPLE,4,24295,11296,564.75,1214.7
R005,VEH,T1_SD_VEH,2026_06_19_merged.mat,SAMPLE,4,24302,11303,565.0999999999999,1215.05
R005,VEH,T1_SD_VEH,2026_06_19_merged.mat,SAMPLE,4,24317,11318,565.8499999999999,1215.8
R005,VEH,T1_SD_VEH,2026_06_19_merged.mat,SAMPLE,4,24318,11319,565.9,1215.85
R005,VEH,T1_SD_VEH,2026_06_19_merged.mat,SAMPLE,1,24350,11351,567.5,1217.45
R005,VEH,T1_SD_VEH,2026_06_19_merged.mat,SAMPLE,1,24351,11352,567.55,1217.5
R005,VEH,T1_SD_VEH,2026_06_19_merged.mat,SAMPLE,1,24352,11353,567.5999999999999,1217.55
R005,VEH,T1_SD_VEH,2026_06_19_merged.mat,SAMPLE,1,24353,11354,567.65,1217.6
R005,VEH,T1_SD_VEH,2026_06_19_merged.mat,SAMPLE,1,24354,11355,567.6999999999999,1217.65
R005,VEH,T1_SD_VEH,2026_06_19_merged.mat,SAMPLE,1,24355,11356,567.75,1217.7
R005,VEH,T1_SD_VEH,2026_06_19_merged.mat,SAMPLE,1,24356,11357,567.8,1217.75
R005,VEH,T1_SD_VEH,2026_06_19_merged.mat,SAMPLE,1,24357,11358,567.8499999999999,1217.8
R005,VEH,T1_SD_VEH,2026_06_19_merged.mat,SAMPLE,1,24358,11359,567.9,1217.85
R005,VEH,T1_SD_VEH,2026_06_19_merged.mat,SAMPLE,1,24359,11360,567.9499999999999,1217.9
R005,VEH,T1_SD_VEH,2026_06_19_merged.mat,SAMPLE,1,24360,11361,568.0,1217.95
R005,VEH,T1_SD_VEH,2026_06_19_merged.mat,SAMPLE,1,24361,11362,568.05,1218.0
R005,VEH,T1_SD_VEH,2026_06_19_merged.mat,SAMPLE,1,24362,11363,568.0999999999999,1218.05
R005,VEH,T1_SD_VEH,2026_06_19_merged.mat,SAMPLE,1,24363,11364,568.15,1218.1
R005,VEH,T1_SD_VEH,2026_06_19_merged.mat,SAMPLE,4,24386,11387,569.3,1219.25
R005,VEH,T1_SD_VEH,2026_06_19_merged.mat,SAMPLE,4,24387,11388,569.3499999999999,1219.3
R005,VEH,T1_SD_VEH,2026_06_19_merged.mat,SAMPLE,4,24388,11389,569.4,1219.35
R005,VEH,T1_SD_VEH,2026_06_19_merged.mat,SAMPLE,1,24404,11405,570.1999999999999,1220.15
R005,VEH,T1_SD_VEH,2026_06_19_merged.mat,SAMPLE,1,24405,11406,570.25,1220.2
R005,VEH,T1_SD_VEH,2026_06_19_merged.mat,SAMPLE,1,24408,11409,570.4,1220.35
R005,VEH,T1_SD_VEH,2026_06_19_merged.mat,SAMPLE,4,24437,11438,571.8499999999999,1221.8
R005,VEH,T1_SD_VEH,2026_06_19_merged.mat,SAMPLE,4,24438,11439,571.9,1221.85
R005,VEH,T1_SD_VEH,2026_06_19_merged.mat,SAMPLE,4,24439,11440,571.9499999999999,1221.9
R005,VEH,T1_SD_VEH,2026_06_19_merged.mat,SAMPLE,4,24440,11441,572.0,1221.95
R005,VEH,T1_SD_VEH,2026_06_19_merged.mat,SAMPLE,2,24448,11449,572.4,1222.35
R005,VEH,T1_SD_VEH,2026_06_19_merged.mat,SAMPLE,2,24449,11450,572.4499999999999,1222.4
R005,VEH,T1_SD_VEH,2026_06_19_merged.mat,SAMPLE,2,24450,11451,572.5,1222.45
R005,VEH,T1_SD_VEH,2026_06_19_merged.mat,SAMPLE,2,24451,11452,572.55,1222.5
R005,VEH,T1_SD_VEH,2026_06_19_merged.mat,SAMPLE,4,24461,11462,573.05,1223.0
R005,VEH,T1_SD_VEH,2026_06_19_merged.mat,SAMPLE,4,24462,11463,573.0999999999999,1223.05
R005,VEH,T1_SD_VEH,2026_06_19_merged.mat,SAMPLE,4,24463,11464,573.15,1223.1
R005,VEH,T1_SD_VEH,2026_06_19_merged.mat,SAMPLE,2,24523,11524,576.15,1226.1
R005,VEH,T1_SD_VEH,2026_06_19_merged.mat,SAMPLE,4,24524,11525,576.1999999999999,1226.15
R005,VEH,T1_SD_VEH,2026_06_19_merged.mat,SAMPLE,4,24525,11526,576.25,1226.2
R005,VEH,T1_SD_VEH,2026_06_19_merged.mat,SAMPLE,4,24526,11527,576.3,1226.25
R005,VEH,T1_SD_VEH,2026_06_19_merged.mat,SAMPLE,4,24527,11528,576.35,1226.3000000000002
R005,VEH,T1_SD_VEH,2026_06_19_merged.mat,SAMPLE,4,24528,11529,576.4,1226.35
R005,VEH,T1_SD_VEH,2026_06_19_merged.mat,SAMPLE,1,24599,11600,579.9499999999999,1229.9
R005,VEH,T1_SD_VEH,2026_06_19_merged.mat,SAMPLE,1,24600,11601,580.0,1229.95
R005,VEH,T1_SD_VEH,2026_06_19_merged.mat,SAMPLE,1,24601,11602,580.05,1230.0
R005,VEH,T1_SD_VEH,2026_06_19_merged.mat,SAMPLE,1,24602,11603,580.1,1230.0500000000002
R005,VEH,T1_SD_VEH,2026_06_19_merged.mat,SAMPLE,4,24640,11641,582.0,1231.95
R005,VEH,T1_SD_VEH,2026_06_19_merged.mat,SAMPLE,2,24652,11653,582.6,1232.5500000000002
R005,VEH,T1_SD_VEH,2026_06_19_merged.mat,SAMPLE,3,24670,11671,583.5,1233.45
R005,VEH,T1_SD_VEH,2026_06_19_merged.mat,SAMPLE,3,24671,11672,583.55,1233.5
R005,VEH,T1_SD_VEH,2026_06_19_merged.mat,SAMPLE,2,24748,11749,587.4,1237.35
R005,VEH,T1_SD_VEH,2026_06_19_merged.mat,SAMPLE,1,24756,11757,587.8,1237.75
R005,VEH,T1_SD_VEH,2026_06_19_merged.mat,SAMPLE,4,24763,11764,588.15,1238.1
R005,VEH,T1_SD_VEH,2026_06_19_merged.mat,SAMPLE,2,24784,11785,589.1999999999999,1239.15
R005,VEH,T1_SD_VEH,2026_06_19_merged.mat,SAMPLE,4,24798,11799,589.9,1239.85
R005,VEH,T1_SD_VEH,2026_06_19_merged.mat,SAMPLE,4,24799,11800,589.9499999999999,1239.9
R005,VEH,T1_SD_VEH,2026_06_19_merged.mat,SAMPLE,4,24800,11801,590.0,1239.95
R005,VEH,T1_SD_VEH,2026_06_19_merged.mat,SAMPLE,4,24801,11802,590.05,1240.0
R005,VEH,T1_SD_VEH,2026_06_19_merged.mat,SAMPLE,4,24802,11803,590.1,1240.0500000000002
R005,VEH,T1_SD_VEH,2026_06_19_merged.mat,SAMPLE,4,24803,11804,590.15,1240.1
R005,VEH,T1_SD_VEH,2026_06_19_merged.mat,SAMPLE,1,24820,11821,591.0,1240.95
R005,VEH,T1_SD_VEH,2026_06_19_merged.mat,SAMPLE,1,24821,11822,591.05,1241.0
R005,VEH,T1_SD_VEH,2026_06_19_merged.mat,SAMPLE,1,24822,11823,591.1,1241.0500000000002
R005,VEH,T1_SD_VEH,2026_06_19_merged.mat,SAMPLE,2,24872,11873,593.6,1243.5500000000002
R005,VEH,T1_SD_VEH,2026_06_19_merged.mat,SAMPLE,2,24873,11874,593.65,1243.6
R005,VEH,T1_SD_VEH,2026_06_19_merged.mat,SAMPLE,4,24889,11890,594.4499999999999,1244.4
R005,VEH,T1_SD_VEH,2026_06_19_merged.mat,SAMPLE,4,24890,11891,594.5,1244.45
R005,VEH,T1_SD_VEH,2026_06_19_merged.mat,SAMPLE,4,24891,11892,594.55,1244.5
R005,VEH,T1_SD_VEH,2026_06_19_merged.mat,SAMPLE,4,24904,11905,595.1999999999999,1245.15
R005,VEH,T1_SD_VEH,2026_06_19_merged.mat,SAMPLE,4,24916,11917,595.8,1245.75
R005,VEH,T1_SD_VEH,2026_06_19_merged.mat,SAMPLE,4,24917,11918,595.85,1245.8000000000002
R005,VEH,T1_SD_VEH,2026_06_19_merged.mat,SAMPLE,2,24925,11926,596.25,1246.2
R005,VEH,T1_SD_VEH,2026_06_19_merged.mat,SAMPLE,4,24975,11976,598.75,1248.7
R005,VEH,T1_SD_VEH,2026_06_19_merged.mat,SAMPLE,4,24976,11977,598.8,1248.75
R005,VEH,T1_SD_VEH,2026_06_19_merged.mat,SAMPLE,4,24977,11978,598.85,1248.8000000000002
R005,VEH,T1_SD_VEH,2026_06_19_merged.mat,SAMPLE,2,24978,11979,598.9,1248.85
R005,VEH,T1_SD_VEH,2026_06_19_merged.mat,SAMPLE,2,24979,11980,598.9499999999999,1248.9
R005,VEH,T1_SD_VEH,2026_06_19_merged.mat,SAMPLE,3,24991,11992,599.55,1249.5
R005,VEH,T1_SD_VEH,2026_06_19_merged.mat,SAMPLE,1,24994,11995,599.6999999999999,1249.65
R005,VEH,T1_SD_VEH,2026_06_19_merged.mat,SAMPLE,3,25072,12073,603.6,1253.5500000000002
R005,VEH,T1_SD_VEH,2026_06_19_merged.mat,SAMPLE,2,25074,12075,603.6999999999999,1253.65
R005,VEH,T1_SD_VEH,2026_06_19_merged.mat,SAMPLE,2,25075,12076,603.75,1253.7
R005,VEH,T1_SD_VEH,2026_06_19_merged.mat,SAMPLE,4,25110,12111,605.5,1255.45
R005,VEH,T1_SD_VEH,2026_06_19_merged.mat,SAMPLE,4,25113,12114,605.65,1255.6
R005,VEH,T1_SD_VEH,2026_06_19_merged.mat,SAMPLE,4,25114,12115,605.6999999999999,1255.65
R005,VEH,T1_SD_VEH,2026_06_19_merged.mat,SAMPLE,4,25115,12116,605.75,1255.7
R005,VEH,T1_SD_VEH,2026_06_19_merged.mat,SAMPLE,4,25116,12117,605.8,1255.75
R005,VEH,T1_SD_VEH,2026_06_19_merged.mat,SAMPLE,2,25119,12120,605.9499999999999,1255.9
R005,VEH,T1_SD_VEH,2026_06_19_merged.mat,SAMPLE,4,25120,12121,606.0,1255.95
R005,VEH,T1_SD_VEH,2026_06_19_merged.mat,SAMPLE,3,25128,12129,606.4,1256.35
R005,VEH,T1_SD_VEH,2026_06_19_merged.mat,SAMPLE,3,25130,12131,606.5,1256.45
R005,VEH,T1_SD_VEH,2026_06_19_merged.mat,SAMPLE,2,25139,12140,606.9499999999999,1256.9
R005,VEH,T1_SD_VEH,2026_06_19_merged.mat,SAMPLE,2,25140,12141,607.0,1256.95
R005,VEH,T1_SD_VEH,2026_06_19_merged.mat,SAMPLE,2,25143,12144,607.15,1257.1
R005,VEH,T1_SD_VEH,2026_06_19_merged.mat,SAMPLE,2,25144,12145,607.1999999999999,1257.15
R005,VEH,T1_SD_VEH,2026_06_19_merged.mat,SAMPLE,2,25167,12168,608.35,1258.3000000000002
R005,VEH,T1_SD_VEH,2026_06_19_merged.mat,SAMPLE,2,25168,12169,608.4,1258.35
R005,VEH,T1_SD_VEH,2026_06_19_merged.mat,SAMPLE,4,25169,12170,608.4499999999999,1258.4
R005,VEH,T1_SD_VEH,2026_06_19_merged.mat,SAMPLE,2,25170,12171,608.5,1258.45
R005,VEH,T1_SD_VEH,2026_06_19_merged.mat,SAMPLE,1,25187,12188,609.35,1259.3000000000002
R005,VEH,T1_SD_VEH,2026_06_19_merged.mat,SAMPLE,2,25203,12204,610.15,1260.1
R005,VEH,T1_SD_VEH,2026_06_19_merged.mat,SAMPLE,1,25281,12282,614.05,1264.0
R005,VEH,T1_SD_VEH,2026_06_19_merged.mat,SAMPLE,2,25328,12329,616.4,1266.35
R005,VEH,T1_SD_VEH,2026_06_19_merged.mat,SAMPLE,4,25329,12330,616.4499999999999,1266.4
R005,VEH,T1_SD_VEH,2026_06_19_merged.mat,SAMPLE,4,25330,12331,616.5,1266.45
R005,VEH,T1_SD_VEH,2026_06_19_merged.mat,SAMPLE,4,25331,12332,616.55,1266.5
R005,VEH,T1_SD_VEH,2026_06_19_merged.mat,SAMPLE,4,25332,12333,616.6,1266.5500000000002
R005,VEH,T1_SD_VEH,2026_06_19_merged.mat,SAMPLE,4,25336,12337,616.8,1266.75
R005,VEH,T1_SD_VEH,2026_06_19_merged.mat,SAMPLE,4,25381,12382,619.05,1269.0
R005,VEH,T1_SD_VEH,2026_06_19_merged.mat,SAMPLE,4,25382,12383,619.1,1269.0500000000002
R005,VEH,T1_SD_VEH,2026_06_19_merged.mat,SAMPLE,4,25383,12384,619.15,1269.1
R005,VEH,T1_SD_VEH,2026_06_19_merged.mat,SAMPLE,4,25384,12385,619.1999999999999,1269.15
R005,VEH,T1_SD_VEH,2026_06_19_merged.mat,SAMPLE,4,25394,12395,619.6999999999999,1269.65
R005,VEH,T1_SD_VEH,2026_06_19_merged.mat,SAMPLE,4,25395,12396,619.75,1269.7
R005,VEH,T1_SD_VEH,2026_06_19_merged.mat,SAMPLE,4,25396,12397,619.8,1269.75
R005,VEH,T1_SD_VEH,2026_06_19_merged.mat,SAMPLE,4,25397,12398,619.85,1269.8000000000002
R005,VEH,T1_SD_VEH,2026_06_19_merged.mat,SAMPLE,1,25414,12415,620.6999999999999,1270.65
R005,VEH,T1_SD_VEH,2026_06_19_merged.mat,SAMPLE,1,25427,12428,621.35,1271.3000000000002
R005,VEH,T1_SD_VEH,2026_06_19_merged.mat,SAMPLE,1,25428,12429,621.4,1271.35
R005,VEH,T1_SD_VEH,2026_06_19_merged.mat,SAMPLE,1,25429,12430,621.4499999999999,1271.4
R005,VEH,T1_SD_VEH,2026_06_19_merged.mat,SAMPLE,4,25446,12447,622.3,1272.25
R005,VEH,T1_SD_VEH,2026_06_19_merged.mat,SAMPLE,4,25447,12448,622.35,1272.3000000000002
R005,VEH,T1_SD_VEH,2026_06_19_merged.mat,SAMPLE,4,25448,12449,622.4,1272.35
R005,VEH,T1_SD_VEH,2026_06_19_merged.mat,SAMPLE,4,25491,12492,624.55,1274.5
R005,VEH,T1_SD_VEH,2026_06_19_merged.mat,SAMPLE,4,25492,12493,624.6,1274.5500000000002
R005,VEH,T1_SD_VEH,2026_06_19_merged.mat,SAMPLE,4,25493,12494,624.65,1274.6
R005,VEH,T1_SD_VEH,2026_06_19_merged.mat,SAMPLE,4,25494,12495,624.6999999999999,1274.65
R005,VEH,T1_SD_VEH,2026_06_19_merged.mat,SAMPLE,4,25530,12531,626.5,1276.45
R005,VEH,T1_SD_VEH,2026_06_19_merged.mat,SAMPLE,1,25553,12554,627.65,1277.6
R005,VEH,T1_SD_VEH,2026_06_19_merged.mat,SAMPLE,1,25554,12555,627.6999999999999,1277.65
R005,VEH,T1_SD_VEH,2026_06_19_merged.mat,SAMPLE,1,25585,12586,629.25,1279.2
R005,VEH,T1_SD_VEH,2026_06_19_merged.mat,SAMPLE,1,25586,12587,629.3,1279.25
R005,VEH,T1_SD_VEH,2026_06_19_merged.mat,SAMPLE,1,25587,12588,629.35,1279.3000000000002
R005,VEH,T1_SD_VEH,2026_06_19_merged.mat,SAMPLE,1,25588,12589,629.4,1279.35
R005,VEH,T1_SD_VEH,2026_06_19_merged.mat,SAMPLE,1,25589,12590,629.4499999999999,1279.4
R005,VEH,T1_SD_VEH,2026_06_19_merged.mat,SAMPLE,1,25595,12596,629.75,1279.7
R005,VEH,T1_SD_VEH,2026_06_19_merged.mat,SAMPLE,1,25596,12597,629.8,1279.75
R005,VEH,T1_SD_VEH,2026_06_19_merged.mat,SAMPLE,2,25663,12664,633.15,1283.1
R005,VEH,T1_SD_VEH,2026_06_19_merged.mat,SAMPLE,2,25664,12665,633.1999999999999,1283.15
R005,VEH,T1_SD_VEH,2026_06_19_merged.mat,SAMPLE,2,25665,12666,633.25,1283.2
R005,VEH,T1_SD_VEH,2026_06_19_merged.mat,SAMPLE,2,25677,12678,633.85,1283.8000000000002
R005,VEH,T1_SD_VEH,2026_06_19_merged.mat,SAMPLE,2,25678,12679,633.9,1283.85
R005,VEH,T1_SD_VEH,2026_06_19_merged.mat,SAMPLE,4,25734,12735,636.6999999999999,1286.65
R005,VEH,T1_SD_VEH,2026_06_19_merged.mat,SAMPLE,4,25735,12736,636.75,1286.7
R005,VEH,T1_SD_VEH,2026_06_19_merged.mat,SAMPLE,4,25736,12737,636.8,1286.75
R005,VEH,T1_SD_VEH,2026_06_19_merged.mat,SAMPLE,4,25820,12821,641.0,1290.95
R005,VEH,T1_SD_VEH,2026_06_19_merged.mat,SAMPLE,4,25828,12829,641.4,1291.35
R005,VEH,T1_SD_VEH,2026_06_19_merged.mat,SAMPLE,4,25830,12831,641.5,1291.45
R005,VEH,T1_SD_VEH,2026_06_19_merged.mat,SAMPLE,4,25846,12847,642.3,1292.25
R005,VEH,T1_SD_VEH,2026_06_19_merged.mat,SAMPLE,4,25847,12848,642.35,1292.3000000000002
R005,VEH,T1_SD_VEH,2026_06_19_merged.mat,SAMPLE,4,25848,12849,642.4,1292.35
R005,VEH,T1_SD_VEH,2026_06_19_merged.mat,SAMPLE,4,25887,12888,644.35,1294.3000000000002
R005,VEH,T1_SD_VEH,2026_06_19_merged.mat,SAMPLE,4,25888,12889,644.4,1294.35
R005,VEH,T1_SD_VEH,2026_06_19_merged.mat,SAMPLE,4,25889,12890,644.4499999999999,1294.4
R005,VEH,T1_SD_VEH,2026_06_19_merged.mat,SAMPLE,4,25904,12905,645.1999999999999,1295.15
R005,VEH,T1_SD_VEH,2026_06_19_merged.mat,SAMPLE,4,25936,12937,646.8,1296.75
R005,VEH,T1_SD_VEH,2026_06_19_merged.mat,SAMPLE,4,25937,12938,646.85,1296.8000000000002
R005,VEH,T1_SD_VEH,2026_06_19_merged.mat,SAMPLE,4,25938,12939,646.9,1296.85
R005,VEH,T1_SD_VEH,2026_06_19_merged.mat,SAMPLE,1,25953,12954,647.65,1297.6
R005,VEH,T1_SD_VEH,2026_06_19_merged.mat,TEST,2,26022,24,1.1500000000000001,1301.0500000000002
R005,VEH,T1_SD_VEH,2026_06_19_merged.mat,TEST,2,26058,60,2.95,1302.8500000000001
R005,VEH,T1_SD_VEH,2026_06_19_merged.mat,TEST,1,26222,224,11.15,1311.0500000000002
R005,VEH,T1_SD_VEH,2026_06_19_merged.mat,TEST,2,26331,333,16.6,1316.5
R005,VEH,T1_SD_VEH,2026_06_19_merged.mat,TEST,5,26332,334,16.650000000000002,1316.5500000000002
R005,VEH,T1_SD_VEH,2026_06_19_merged.mat,TEST,5,26333,335,16.7,1316.6000000000001
R005,VEH,T1_SD_VEH,2026_06_19_merged.mat,TEST,5,26334,336,16.75,1316.65
R005,VEH,T1_SD_VEH,2026_06_19_merged.mat,TEST,5,26335,337,16.8,1316.7
R005,VEH,T1_SD_VEH,2026_06_19_merged.mat,TEST,5,26341,343,17.1,1317.0
R005,VEH,T1_SD_VEH,2026_06_19_merged.mat,TEST,5,26342,344,17.150000000000002,1317.0500000000002
R005,VEH,T1_SD_VEH,2026_06_19_merged.mat,TEST,5,26343,345,17.2,1317.1000000000001
R005,VEH,T1_SD_VEH,2026_06_19_merged.mat,TEST,2,26394,396,19.75,1319.65
R005,VEH,T1_SD_VEH,2026_06_19_merged.mat,TEST,5,26419,421,21.0,1320.9
R005,VEH,T1_SD_VEH,2026_06_19_merged.mat,TEST,5,26507,509,25.400000000000002,1325.3000000000002
R005,VEH,T1_SD_VEH,2026_06_19_merged.mat,TEST,5,26523,525,26.200000000000003,1326.1000000000001
R005,VEH,T1_SD_VEH,2026_06_19_merged.mat,TEST,3,26537,539,26.900000000000002,1326.8000000000002
R005,VEH,T1_SD_VEH,2026_06_19_merged.mat,TEST,5,26540,542,27.05,1326.95
R005,VEH,T1_SD_VEH,2026_06_19_merged.mat,TEST,5,26541,543,27.1,1327.0
R005,VEH,T1_SD_VEH,2026_06_19_merged.mat,TEST,1,26610,612,30.55,1330.45
R005,VEH,T1_SD_VEH,2026_06_19_merged.mat,TEST,2,26650,652,32.550000000000004,1332.45
R005,VEH,T1_SD_VEH,2026_06_19_merged.mat,TEST,2,26651,653,32.6,1332.5
R005,VEH,T1_SD_VEH,2026_06_19_merged.mat,TEST,2,26653,655,32.7,1332.6000000000001
R005,VEH,T1_SD_VEH,2026_06_19_merged.mat,TEST,4,26691,693,34.6,1334.5
R005,VEH,T1_SD_VEH,2026_06_19_merged.mat,TEST,5,26694,696,34.75,1334.65
R005,VEH,T1_SD_VEH,2026_06_19_merged.mat,TEST,1,26751,753,37.6,1337.5
R005,VEH,T1_SD_VEH,2026_06_19_merged.mat,TEST,1,26752,754,37.65,1337.5500000000002
R005,VEH,T1_SD_VEH,2026_06_19_merged.mat,TEST,1,26753,755,37.7,1337.6000000000001
R005,VEH,T1_SD_VEH,2026_06_19_merged.mat,TEST,1,26755,757,37.800000000000004,1337.7
R005,VEH,T1_SD_VEH,2026_06_19_merged.mat,TEST,1,26756,758,37.85,1337.75
R005,VEH,T1_SD_VEH,2026_06_19_merged.mat,TEST,1,26879,881,44.0,1343.9
R005,VEH,T1_SD_VEH,2026_06_19_merged.mat,TEST,5,26937,939,46.900000000000006,1346.8000000000002
R005,VEH,T1_SD_VEH,2026_06_19_merged.mat,TEST,5,26966,968,48.35,1348.25
R005,VEH,T1_SD_VEH,2026_06_19_merged.mat,TEST,5,26967,969,48.400000000000006,1348.3000000000002
R005,VEH,T1_SD_VEH,2026_06_19_merged.mat,TEST,5,26968,970,48.45,1348.3500000000001
R005,VEH,T1_SD_VEH,2026_06_19_merged.mat,TEST,5,26969,971,48.5,1348.4
R005,VEH,T1_SD_VEH,2026_06_19_merged.mat,TEST,5,26970,972,48.550000000000004,1348.45
R005,VEH,T1_SD_VEH,2026_06_19_merged.mat,TEST,2,27061,1063,53.1,1353.0
R005,VEH,T1_SD_VEH,2026_06_19_merged.mat,TEST,2,27143,1145,57.2,1357.1000000000001
R005,VEH,T1_SD_VEH,2026_06_19_merged.mat,TEST,1,27314,1316,65.75,1365.65
R005,VEH,T1_SD_VEH,2026_06_19_merged.mat,TEST,2,27411,1413,70.60000000000001,1370.5
R005,VEH,T1_SD_VEH,2026_06_19_merged.mat,TEST,5,27451,1453,72.60000000000001,1372.5
R005,VEH,T1_SD_VEH,2026_06_19_merged.mat,TEST,2,27469,1471,73.5,1373.4
R005,VEH,T1_SD_VEH,2026_06_19_merged.mat,TEST,1,27485,1487,74.3,1374.2
R005,VEH,T1_SD_VEH,2026_06_19_merged.mat,TEST,1,27486,1488,74.35000000000001,1374.25
R005,VEH,T1_SD_VEH,2026_06_19_merged.mat,TEST,1,27501,1503,75.10000000000001,1375.0
R005,VEH,T1_SD_VEH,2026_06_19_merged.mat,TEST,1,27502,1504,75.15,1375.0500000000002
R005,VEH,T1_SD_VEH,2026_06_19_merged.mat,TEST,1,27514,1516,75.75,1375.65
R005,VEH,T1_SD_VEH,2026_06_19_merged.mat,TEST,1,27516,1518,75.85000000000001,1375.75
R005,VEH,T1_SD_VEH,2026_06_19_merged.mat,TEST,1,27531,1533,76.60000000000001,1376.5
R005,VEH,T1_SD_VEH,2026_06_19_merged.mat,TEST,1,27532,1534,76.65,1376.5500000000002
R005,VEH,T1_SD_VEH,2026_06_19_merged.mat,TEST,1,27533,1535,76.7,1376.6000000000001
R005,VEH,T1_SD_VEH,2026_06_19_merged.mat,TEST,1,27534,1536,76.75,1376.65
R005,VEH,T1_SD_VEH,2026_06_19_merged.mat,TEST,1,27535,1537,76.80000000000001,1376.7
R005,VEH,T1_SD_VEH,2026_06_19_merged.mat,TEST,1,27551,1553,77.60000000000001,1377.5
R005,VEH,T1_SD_VEH,2026_06_19_merged.mat,TEST,1,27570,1572,78.55000000000001,1378.45
R005,VEH,T1_SD_VEH,2026_06_19_merged.mat,TEST,1,27571,1573,78.60000000000001,1378.5
R005,VEH,T1_SD_VEH,2026_06_19_merged.mat,TEST,1,27588,1590,79.45,1379.3500000000001
R005,VEH,T1_SD_VEH,2026_06_19_merged.mat,TEST,1,27589,1591,79.5,1379.4
R005,VEH,T1_SD_VEH,2026_06_19_merged.mat,TEST,1,27607,1609,80.4,1380.3000000000002
R005,VEH,T1_SD_VEH,2026_06_19_merged.mat,TEST,1,27614,1616,80.75,1380.65
R005,VEH,T1_SD_VEH,2026_06_19_merged.mat,TEST,1,27627,1629,81.4,1381.3000000000002
R005,VEH,T1_SD_VEH,2026_06_19_merged.mat,TEST,1,27628,1630,81.45,1381.3500000000001
R005,VEH,T1_SD_VEH,2026_06_19_merged.mat,TEST,1,27629,1631,81.5,1381.4
R005,VEH,T1_SD_VEH,2026_06_19_merged.mat,TEST,1,27630,1632,81.55000000000001,1381.45
R005,VEH,T1_SD_VEH,2026_06_19_merged.mat,TEST,1,27642,1644,82.15,1382.0500000000002
R005,VEH,T1_SD_VEH,2026_06_19_merged.mat,TEST,5,27672,1674,83.65,1383.5500000000002
R005,VEH,T1_SD_VEH,2026_06_19_merged.mat,TEST,5,27673,1675,83.7,1383.6000000000001
R005,VEH,T1_SD_VEH,2026_06_19_merged.mat,TEST,5,27674,1676,83.75,1383.65
R005,VEH,T1_SD_VEH,2026_06_19_merged.mat,TEST,5,27683,1685,84.2,1384.1000000000001
R005,VEH,T1_SD_VEH,2026_06_19_merged.mat,TEST,5,27684,1686,84.25,1384.15
R005,VEH,T1_SD_VEH,2026_06_19_merged.mat,TEST,5,27685,1687,84.30000000000001,1384.2
R005,VEH,T1_SD_VEH,2026_06_19_merged.mat,TEST,5,27686,1688,84.35000000000001,1384.25
R005,VEH,T1_SD_VEH,2026_06_19_merged.mat,TEST,1,27725,1727,86.30000000000001,1386.2
R005,VEH,T1_SD_VEH,2026_06_19_merged.mat,TEST,1,27726,1728,86.35000000000001,1386.25
R005,VEH,T1_SD_VEH,2026_06_19_merged.mat,TEST,1,27727,1729,86.4,1386.3000000000002
R005,VEH,T1_SD_VEH,2026_06_19_merged.mat,TEST,1,27728,1730,86.45,1386.3500000000001
R005,VEH,T1_SD_VEH,2026_06_19_merged.mat,TEST,1,27740,1742,87.05000000000001,1386.95
R005,VEH,T1_SD_VEH,2026_06_19_merged.mat,TEST,2,27782,1784,89.15,1389.0500000000002
R005,VEH,T1_SD_VEH,2026_06_19_merged.mat,TEST,5,27824,1826,91.25,1391.15
R005,VEH,T1_SD_VEH,2026_06_19_merged.mat,TEST,5,27825,1827,91.30000000000001,1391.2
R005,VEH,T1_SD_VEH,2026_06_19_merged.mat,TEST,5,27830,1832,91.55000000000001,1391.45
R005,VEH,T1_SD_VEH,2026_06_19_merged.mat,TEST,5,27831,1833,91.60000000000001,1391.5
R005,VEH,T1_SD_VEH,2026_06_19_merged.mat,TEST,1,27907,1909,95.4,1395.3000000000002
R005,VEH,T1_SD_VEH,2026_06_19_merged.mat,TEST,1,27908,1910,95.45,1395.3500000000001
R005,VEH,T1_SD_VEH,2026_06_19_merged.mat,TEST,5,28005,2007,100.30000000000001,1400.2
R005,VEH,T1_SD_VEH,2026_06_19_merged.mat,TEST,5,28006,2008,100.35000000000001,1400.25
R005,VEH,T1_SD_VEH,2026_06_19_merged.mat,TEST,5,28007,2009,100.4,1400.3000000000002
R005,VEH,T1_SD_VEH,2026_06_19_merged.mat,TEST,3,28054,2056,102.75,1402.65
R005,VEH,T1_SD_VEH,2026_06_19_merged.mat,TEST,3,28104,2106,105.25,1405.15
R005,VEH,T1_SD_VEH,2026_06_19_merged.mat,TEST,2,28125,2127,106.30000000000001,1406.2
R005,VEH,T1_SD_VEH,2026_06_19_merged.mat,TEST,5,28146,2148,107.35000000000001,1407.25
R005,VEH,T1_SD_VEH,2026_06_19_merged.mat,TEST,3,28181,2183,109.10000000000001,1409.0
R005,VEH,T1_SD_VEH,2026_06_19_merged.mat,TEST,3,28182,2184,109.15,1409.0500000000002
R005,VEH,T1_SD_VEH,2026_06_19_merged.mat,TEST,3,28215,2217,110.80000000000001,1410.7
R005,VEH,T1_SD_VEH,2026_06_19_merged.mat,TEST,5,28225,2227,111.30000000000001,1411.2
R005,VEH,T1_SD_VEH,2026_06_19_merged.mat,TEST,5,28226,2228,111.35000000000001,1411.25
R005,VEH,T1_SD_VEH,2026_06_19_merged.mat,TEST,5,28227,2229,111.4,1411.3000000000002
R005,VEH,T1_SD_VEH,2026_06_19_merged.mat,TEST,1,28409,2411,120.5,1420.4
R005,VEH,T1_SD_VEH,2026_06_19_merged.mat,TEST,1,28410,2412,120.55000000000001,1420.45
R005,VEH,T1_SD_VEH,2026_06_19_merged.mat,TEST,1,28411,2413,120.60000000000001,1420.5
R005,VEH,T1_SD_VEH,2026_06_19_merged.mat,TEST,1,28412,2414,120.65,1420.5500000000002
R005,VEH,T1_SD_VEH,2026_06_19_merged.mat,TEST,1,28413,2415,120.7,1420.6000000000001
R005,VEH,T1_SD_VEH,2026_06_19_merged.mat,TEST,1,28414,2416,120.75,1420.65
R005,VEH,T1_SD_VEH,2026_06_19_merged.mat,TEST,1,28415,2417,120.80000000000001,1420.7
R005,VEH,T1_SD_VEH,2026_06_19_merged.mat,TEST,1,28416,2418,120.85000000000001,1420.75
R005,VEH,T1_SD_VEH,2026_06_19_merged.mat,TEST,1,28424,2426,121.25,1421.15
R005,VEH,T1_SD_VEH,2026_06_19_merged.mat,TEST,1,28425,2427,121.30000000000001,1421.2
R005,VEH,T1_SD_VEH,2026_06_19_merged.mat,TEST,1,28426,2428,121.35000000000001,1421.25
R005,VEH,T1_SD_VEH,2026_06_19_merged.mat,TEST,1,28427,2429,121.4,1421.3000000000002
R005,VEH,T1_SD_VEH,2026_06_19_merged.mat,TEST,1,28428,2430,121.45,1421.3500000000001
R005,VEH,T1_SD_VEH,2026_06_19_merged.mat,TEST,1,28431,2433,121.60000000000001,1421.5
R005,VEH,T1_SD_VEH,2026_06_19_merged.mat,TEST,1,28433,2435,121.7,1421.6000000000001
R005,VEH,T1_SD_VEH,2026_06_19_merged.mat,TEST,1,28437,2439,121.9,1421.8000000000002
R005,VEH,T1_SD_VEH,2026_06_19_merged.mat,TEST,1,28452,2454,122.65,1422.5500000000002
R005,VEH,T1_SD_VEH,2026_06_19_merged.mat,TEST,1,28453,2455,122.7,1422.6000000000001
R005,VEH,T1_SD_VEH,2026_06_19_merged.mat,TEST,1,28454,2456,122.75,1422.65
R005,VEH,T1_SD_VEH,2026_06_19_merged.mat,TEST,1,28455,2457,122.80000000000001,1422.7
R005,VEH,T1_SD_VEH,2026_06_19_merged.mat,TEST,1,28456,2458,122.85000000000001,1422.75
R005,VEH,T1_SD_VEH,2026_06_19_merged.mat,TEST,1,28457,2459,122.9,1422.8000000000002
R005,VEH,T1_SD_VEH,2026_06_19_merged.mat,TEST,1,28458,2460,122.95,1422.8500000000001
R005,VEH,T1_SD_VEH,2026_06_19_merged.mat,TEST,1,28469,2471,123.5,1423.4
R005,VEH,T1_SD_VEH,2026_06_19_merged.mat,TEST,1,28486,2488,124.35000000000001,1424.25
R005,VEH,T1_SD_VEH,2026_06_19_merged.mat,TEST,1,28487,2489,124.4,1424.3000000000002
R005,VEH,T1_SD_VEH,2026_06_19_merged.mat,TEST,1,28488,2490,124.45,1424.3500000000001
R005,VEH,T1_SD_VEH,2026_06_19_merged.mat,TEST,1,28501,2503,125.10000000000001,1425.0
R005,VEH,T1_SD_VEH,2026_06_19_merged.mat,TEST,1,28502,2504,125.15,1425.0500000000002
R005,VEH,T1_SD_VEH,2026_06_19_merged.mat,TEST,1,28503,2505,125.2,1425.1000000000001
R005,VEH,T1_SD_VEH,2026_06_19_merged.mat,TEST,1,28507,2509,125.4,1425.3000000000002
R005,VEH,T1_SD_VEH,2026_06_19_merged.mat,TEST,1,28508,2510,125.45,1425.3500000000001
R005,VEH,T1_SD_VEH,2026_06_19_merged.mat,TEST,1,28509,2511,125.5,1425.4
R005,VEH,T1_SD_VEH,2026_06_19_merged.mat,TEST,1,28536,2538,126.85000000000001,1426.75
R005,VEH,T1_SD_VEH,2026_06_19_merged.mat,TEST,1,28537,2539,126.9,1426.8000000000002
R005,VEH,T1_SD_VEH,2026_06_19_merged.mat,TEST,1,28538,2540,126.95,1426.8500000000001
R005,VEH,T1_SD_VEH,2026_06_19_merged.mat,TEST,1,28539,2541,127.0,1426.9
R005,VEH,T1_SD_VEH,2026_06_19_merged.mat,TEST,1,28540,2542,127.05000000000001,1426.95
R005,VEH,T1_SD_VEH,2026_06_19_merged.mat,TEST,1,28541,2543,127.10000000000001,1427.0
R005,VEH,T1_SD_VEH,2026_06_19_merged.mat,TEST,1,28542,2544,127.15,1427.0500000000002
R005,VEH,T1_SD_VEH,2026_06_19_merged.mat,TEST,1,28553,2555,127.7,1427.6000000000001
R005,VEH,T1_SD_VEH,2026_06_19_merged.mat,TEST,1,28565,2567,128.3,1428.2
R005,VEH,T1_SD_VEH,2026_06_19_merged.mat,TEST,1,28572,2574,128.65,1428.5500000000002
R005,VEH,T1_SD_VEH,2026_06_19_merged.mat,TEST,1,28573,2575,128.70000000000002,1428.6000000000001
R005,VEH,T1_SD_VEH,2026_06_19_merged.mat,TEST,1,28574,2576,128.75,1428.65
R005,VEH,T1_SD_VEH,2026_06_19_merged.mat,TEST,1,28588,2590,129.45000000000002,1429.3500000000001
R005,VEH,T1_SD_VEH,2026_06_19_merged.mat,TEST,1,28589,2591,129.5,1429.4
R005,VEH,T1_SD_VEH,2026_06_19_merged.mat,TEST,1,28591,2593,129.6,1429.5
R005,VEH,T1_SD_VEH,2026_06_19_merged.mat,TEST,1,28592,2594,129.65,1429.5500000000002
R005,VEH,T1_SD_VEH,2026_06_19_merged.mat,TEST,1,28593,2595,129.70000000000002,1429.6000000000001
R005,VEH,T1_SD_VEH,2026_06_19_merged.mat,TEST,1,28594,2596,129.75,1429.65
R005,VEH,T1_SD_VEH,2026_06_19_merged.mat,TEST,1,28599,2601,130.0,1429.9
R005,VEH,T1_SD_VEH,2026_06_19_merged.mat,TEST,1,28600,2602,130.05,1429.95
R005,VEH,T1_SD_VEH,2026_06_19_merged.mat,TEST,1,28602,2604,130.15,1430.0500000000002
R005,VEH,T1_SD_VEH,2026_06_19_merged.mat,TEST,1,28603,2605,130.20000000000002,1430.1000000000001
R005,VEH,T1_SD_VEH,2026_06_19_merged.mat,TEST,1,28604,2606,130.25,1430.15
R005,VEH,T1_SD_VEH,2026_06_19_merged.mat,TEST,1,28605,2607,130.3,1430.2
R005,VEH,T1_SD_VEH,2026_06_19_merged.mat,TEST,1,28614,2616,130.75,1430.65
R005,VEH,T1_SD_VEH,2026_06_19_merged.mat,TEST,1,28615,2617,130.8,1430.7
R005,VEH,T1_SD_VEH,2026_06_19_merged.mat,TEST,1,28616,2618,130.85,1430.75
R005,VEH,T1_SD_VEH,2026_06_19_merged.mat,TEST,1,28617,2619,130.9,1430.8000000000002
R005,VEH,T1_SD_VEH,2026_06_19_merged.mat,TEST,1,28618,2620,130.95000000000002,1430.8500000000001
R005,VEH,T1_SD_VEH,2026_06_19_merged.mat,TEST,1,28619,2621,131.0,1430.9
R005,VEH,T1_SD_VEH,2026_06_19_merged.mat,TEST,1,28620,2622,131.05,1430.95
R005,VEH,T1_SD_VEH,2026_06_19_merged.mat,TEST,1,28646,2648,132.35,1432.25
R005,VEH,T1_SD_VEH,2026_06_19_merged.mat,TEST,1,28647,2649,132.4,1432.3000000000002
R005,VEH,T1_SD_VEH,2026_06_19_merged.mat,TEST,1,28662,2664,133.15,1433.0500000000002
R005,VEH,T1_SD_VEH,2026_06_19_merged.mat,TEST,1,28663,2665,133.20000000000002,1433.1000000000001
R005,VEH,T1_SD_VEH,2026_06_19_merged.mat,TEST,1,28664,2666,133.25,1433.15
R005,VEH,T1_SD_VEH,2026_06_19_merged.mat,TEST,1,28665,2667,133.3,1433.2
R005,VEH,T1_SD_VEH,2026_06_19_merged.mat,TEST,1,28666,2668,133.35,1433.25
R005,VEH,T1_SD_VEH,2026_06_19_merged.mat,TEST,1,28667,2669,133.4,1433.3000000000002
R005,VEH,T1_SD_VEH,2026_06_19_merged.mat,TEST,1,28671,2673,133.6,1433.5
R005,VEH,T1_SD_VEH,2026_06_19_merged.mat,TEST,1,28672,2674,133.65,1433.5500000000002
R005,VEH,T1_SD_VEH,2026_06_19_merged.mat,TEST,1,28674,2676,133.75,1433.65
R005,VEH,T1_SD_VEH,2026_06_19_merged.mat,TEST,1,28675,2677,133.8,1433.7
R005,VEH,T1_SD_VEH,2026_06_19_merged.mat,TEST,1,28676,2678,133.85,1433.75
R005,VEH,T1_SD_VEH,2026_06_19_merged.mat,TEST,1,28683,2685,134.20000000000002,1434.1000000000001
R005,VEH,T1_SD_VEH,2026_06_19_merged.mat,TEST,1,28684,2686,134.25,1434.15
R005,VEH,T1_SD_VEH,2026_06_19_merged.mat,TEST,1,28686,2688,134.35,1434.25
R005,VEH,T1_SD_VEH,2026_06_19_merged.mat,TEST,1,28687,2689,134.4,1434.3000000000002
R005,VEH,T1_SD_VEH,2026_06_19_merged.mat,TEST,1,28688,2690,134.45000000000002,1434.3500000000001
R005,VEH,T1_SD_VEH,2026_06_19_merged.mat,TEST,1,28693,2695,134.70000000000002,1434.6000000000001
R005,VEH,T1_SD_VEH,2026_06_19_merged.mat,TEST,1,28694,2696,134.75,1434.65
R005,VEH,T1_SD_VEH,2026_06_19_merged.mat,TEST,1,28698,2700,134.95000000000002,1434.8500000000001
R005,VEH,T1_SD_VEH,2026_06_19_merged.mat,TEST,1,28699,2701,135.0,1434.9
R005,VEH,T1_SD_VEH,2026_06_19_merged.mat,TEST,1,28706,2708,135.35,1435.25
R005,VEH,T1_SD_VEH,2026_06_19_merged.mat,TEST,1,28707,2709,135.4,1435.3000000000002
R005,VEH,T1_SD_VEH,2026_06_19_merged.mat,TEST,1,28730,2732,136.55,1436.45
R005,VEH,T1_SD_VEH,2026_06_19_merged.mat,TEST,1,28731,2733,136.6,1436.5
R005,VEH,T1_SD_VEH,2026_06_19_merged.mat,TEST,1,28732,2734,136.65,1436.5500000000002
R005,VEH,T1_SD_VEH,2026_06_19_merged.mat,TEST,1,28733,2735,136.70000000000002,1436.6000000000001
R005,VEH,T1_SD_VEH,2026_06_19_merged.mat,TEST,1,28734,2736,136.75,1436.65
R005,VEH,T1_SD_VEH,2026_06_19_merged.mat,TEST,1,28735,2737,136.8,1436.7
R005,VEH,T1_SD_VEH,2026_06_19_merged.mat,TEST,1,28736,2738,136.85,1436.75
R005,VEH,T1_SD_VEH,2026_06_19_merged.mat,TEST,1,28737,2739,136.9,1436.8000000000002
R005,VEH,T1_SD_VEH,2026_06_19_merged.mat,TEST,1,28738,2740,136.95000000000002,1436.8500000000001
R005,VEH,T1_SD_VEH,2026_06_19_merged.mat,TEST,1,28739,2741,137.0,1436.9
R005,VEH,T1_SD_VEH,2026_06_19_merged.mat,TEST,1,28741,2743,137.1,1437.0
R005,VEH,T1_SD_VEH,2026_06_19_merged.mat,TEST,1,28746,2748,137.35,1437.25
R005,VEH,T1_SD_VEH,2026_06_19_merged.mat,TEST,1,28747,2749,137.4,1437.3000000000002
R005,VEH,T1_SD_VEH,2026_06_19_merged.mat,TEST,1,28748,2750,137.45000000000002,1437.3500000000001
R005,VEH,T1_SD_VEH,2026_06_19_merged.mat,TEST,1,28749,2751,137.5,1437.4
R005,VEH,T1_SD_VEH,2026_06_19_merged.mat,TEST,1,28815,2817,140.8,1440.7
R005,VEH,T1_SD_VEH,2026_06_19_merged.mat,TEST,1,28816,2818,140.85,1440.75
R005,VEH,T1_SD_VEH,2026_06_19_merged.mat,TEST,1,28817,2819,140.9,1440.8000000000002
R005,VEH,T1_SD_VEH,2026_06_19_merged.mat,TEST,1,28838,2840,141.95000000000002,1441.8500000000001
R005,VEH,T1_SD_VEH,2026_06_19_merged.mat,TEST,1,28839,2841,142.0,1441.9
R005,VEH,T1_SD_VEH,2026_06_19_merged.mat,TEST,1,28840,2842,142.05,1441.95
R005,VEH,T1_SD_VEH,2026_06_19_merged.mat,TEST,1,28841,2843,142.1,1442.0
R005,VEH,T1_SD_VEH,2026_06_19_merged.mat,TEST,1,28842,2844,142.15,1442.0500000000002
R005,VEH,T1_SD_VEH,2026_06_19_merged.mat,TEST,1,28861,2863,143.1,1443.0
R005,VEH,T1_SD_VEH,2026_06_19_merged.mat,TEST,1,28862,2864,143.15,1443.0500000000002
R005,VEH,T1_SD_VEH,2026_06_19_merged.mat,TEST,1,28863,2865,143.20000000000002,1443.1000000000001
R005,VEH,T1_SD_VEH,2026_06_19_merged.mat,TEST,1,28871,2873,143.6,1443.5
R005,VEH,T1_SD_VEH,2026_06_19_merged.mat,TEST,1,28872,2874,143.65,1443.5500000000002
R005,VEH,T1_SD_VEH,2026_06_19_merged.mat,TEST,1,28873,2875,143.70000000000002,1443.6000000000001
R005,VEH,T1_SD_VEH,2026_06_19_merged.mat,TEST,1,28876,2878,143.85,1443.75
R005,VEH,T1_SD_VEH,2026_06_19_merged.mat,TEST,1,28880,2882,144.05,1443.95
R005,VEH,T1_SD_VEH,2026_06_19_merged.mat,TEST,1,28891,2893,144.6,1444.5
R005,VEH,T1_SD_VEH,2026_06_19_merged.mat,TEST,1,28892,2894,144.65,1444.5500000000002
R005,VEH,T1_SD_VEH,2026_06_19_merged.mat,TEST,1,28901,2903,145.1,1445.0
R005,VEH,T1_SD_VEH,2026_06_19_merged.mat,TEST,1,28902,2904,145.15,1445.0500000000002
R005,VEH,T1_SD_VEH,2026_06_19_merged.mat,TEST,1,28903,2905,145.20000000000002,1445.1000000000001
R005,VEH,T1_SD_VEH,2026_06_19_merged.mat,TEST,1,28904,2906,145.25,1445.15
R005,VEH,T1_SD_VEH,2026_06_19_merged.mat,TEST,1,28905,2907,145.3,1445.2
R005,VEH,T1_SD_VEH,2026_06_19_merged.mat,TEST,1,28936,2938,146.85,1446.75
R005,VEH,T1_SD_VEH,2026_06_19_merged.mat,TEST,1,28937,2939,146.9,1446.8000000000002
R005,VEH,T1_SD_VEH,2026_06_19_merged.mat,TEST,1,28938,2940,146.95000000000002,1446.8500000000001
R005,VEH,T1_SD_VEH,2026_06_19_merged.mat,TEST,1,28945,2947,147.3,1447.2
R005,VEH,T1_SD_VEH,2026_06_19_merged.mat,TEST,1,28969,2971,148.5,1448.4
R005,VEH,T1_SD_VEH,2026_06_19_merged.mat,TEST,1,29017,3019,150.9,1450.8000000000002
R005,VEH,T1_SD_VEH,2026_06_19_merged.mat,TEST,1,29018,3020,150.95000000000002,1450.8500000000001
R005,VEH,T1_SD_VEH,2026_06_19_merged.mat,TEST,1,29019,3021,151.0,1450.9
R005,VEH,T1_SD_VEH,2026_06_19_merged.mat,TEST,1,29020,3022,151.05,1450.95
R005,VEH,T1_SD_VEH,2026_06_19_merged.mat,TEST,1,29021,3023,151.1,1451.0
R005,VEH,T1_SD_VEH,2026_06_19_merged.mat,TEST,1,29022,3024,151.15,1451.0500000000002
R005,VEH,T1_SD_VEH,2026_06_19_merged.mat,TEST,1,29023,3025,151.20000000000002,1451.1000000000001
R005,VEH,T1_SD_VEH,2026_06_19_merged.mat,TEST,1,29033,3035,151.70000000000002,1451.6000000000001
R005,VEH,T1_SD_VEH,2026_06_19_merged.mat,TEST,1,29034,3036,151.75,1451.65
R005,VEH,T1_SD_VEH,2026_06_19_merged.mat,TEST,1,29035,3037,151.8,1451.7
R005,VEH,T1_SD_VEH,2026_06_19_merged.mat,TEST,3,29128,3130,156.45000000000002,1456.3500000000001
R005,VEH,T1_SD_VEH,2026_06_19_merged.mat,TEST,3,29129,3131,156.5,1456.4
R005,VEH,T1_SD_VEH,2026_06_19_merged.mat,TEST,5,29130,3132,156.55,1456.45
R005,VEH,T1_SD_VEH,2026_06_19_merged.mat,TEST,5,29132,3134,156.65,1456.5500000000002
R005,VEH,T1_SD_VEH,2026_06_19_merged.mat,TEST,5,29133,3135,156.70000000000002,1456.6000000000001
R005,VEH,T1_SD_VEH,2026_06_19_merged.mat,TEST,5,29143,3145,157.20000000000002,1457.1000000000001
R005,VEH,T1_SD_VEH,2026_06_19_merged.mat,TEST,5,29144,3146,157.25,1457.15
R005,VEH,T1_SD_VEH,2026_06_19_merged.mat,TEST,5,29145,3147,157.3,1457.2
R005,VEH,T1_SD_VEH,2026_06_19_merged.mat,TEST,5,29166,3168,158.35000000000002,1458.25
R005,VEH,T1_SD_VEH,2026_06_19_merged.mat,TEST,5,29225,3227,161.3,1461.2
R005,VEH,T1_SD_VEH,2026_06_19_merged.mat,TEST,1,29257,3259,162.9,1462.8000000000002
R005,VEH,T1_SD_VEH,2026_06_19_merged.mat,TEST,1,29259,3261,163.0,1462.9
R005,VEH,T1_SD_VEH,2026_06_19_merged.mat,TEST,5,29305,3307,165.3,1465.2
R005,VEH,T1_SD_VEH,2026_06_19_merged.mat,TEST,5,29306,3308,165.35000000000002,1465.25
R005,VEH,T1_SD_VEH,2026_06_19_merged.mat,TEST,2,29337,3339,166.9,1466.8000000000002
R005,VEH,T1_SD_VEH,2026_06_19_merged.mat,TEST,5,29339,3341,167.0,1466.9
R005,VEH,T1_SD_VEH,2026_06_19_merged.mat,TEST,5,29340,3342,167.05,1466.95
R005,VEH,T1_SD_VEH,2026_06_19_merged.mat,TEST,5,29341,3343,167.10000000000002,1467.0
R005,VEH,T1_SD_VEH,2026_06_19_merged.mat,TEST,5,29342,3344,167.15,1467.0500000000002
R005,VEH,T1_SD_VEH,2026_06_19_merged.mat,TEST,5,29343,3345,167.20000000000002,1467.1000000000001
R005,VEH,T1_SD_VEH,2026_06_19_merged.mat,TEST,5,29356,3358,167.85000000000002,1467.75
R005,VEH,T1_SD_VEH,2026_06_19_merged.mat,TEST,5,29357,3359,167.9,1467.8000000000002
R005,VEH,T1_SD_VEH,2026_06_19_merged.mat,TEST,5,29369,3371,168.5,1468.4
R005,VEH,T1_SD_VEH,2026_06_19_merged.mat,TEST,2,29382,3384,169.15,1469.0500000000002
R005,VEH,T1_SD_VEH,2026_06_19_merged.mat,TEST,5,29384,3386,169.25,1469.15
R005,VEH,T1_SD_VEH,2026_06_19_merged.mat,TEST,5,29385,3387,169.3,1469.2
R005,VEH,T1_SD_VEH,2026_06_19_merged.mat,TEST,5,29386,3388,169.35000000000002,1469.25
R005,VEH,T1_SD_VEH,2026_06_19_merged.mat,TEST,1,29416,3418,170.85000000000002,1470.75
R005,VEH,T1_SD_VEH,2026_06_19_merged.mat,TEST,2,29441,3443,172.10000000000002,1472.0
R005,VEH,T1_SD_VEH,2026_06_19_merged.mat,TEST,5,29480,3482,174.05,1473.95
R005,VEH,T1_SD_VEH,2026_06_19_merged.mat,TEST,5,29481,3483,174.10000000000002,1474.0
R005,VEH,T1_SD_VEH,2026_06_19_merged.mat,TEST,5,29482,3484,174.15,1474.0500000000002
R005,VEH,T1_SD_VEH,2026_06_19_merged.mat,TEST,5,29483,3485,174.20000000000002,1474.1000000000001
R005,VEH,T1_SD_VEH,2026_06_19_merged.mat,TEST,5,29484,3486,174.25,1474.15
R005,VEH,T1_SD_VEH,2026_06_19_merged.mat,TEST,5,29486,3488,174.35000000000002,1474.25
R005,VEH,T1_SD_VEH,2026_06_19_merged.mat,TEST,5,29529,3531,176.5,1476.4
R005,VEH,T1_SD_VEH,2026_06_19_merged.mat,TEST,5,29530,3532,176.55,1476.45
R005,VEH,T1_SD_VEH,2026_06_19_merged.mat,TEST,5,29531,3533,176.60000000000002,1476.5
R005,VEH,T1_SD_VEH,2026_06_19_merged.mat,TEST,5,29532,3534,176.65,1476.5500000000002
R005,VEH,T1_SD_VEH,2026_06_19_merged.mat,TEST,5,29533,3535,176.70000000000002,1476.6000000000001
R005,VEH,T1_SD_VEH,2026_06_19_merged.mat,TEST,5,29563,3565,178.20000000000002,1478.1000000000001
R005,VEH,T1_SD_VEH,2026_06_19_merged.mat,TEST,5,29564,3566,178.25,1478.15
R005,VEH,T1_SD_VEH,2026_06_19_merged.mat,TEST,5,29565,3567,178.3,1478.2
R005,VEH,T1_SD_VEH,2026_06_19_merged.mat,TEST,5,29566,3568,178.35000000000002,1478.25
R005,VEH,T1_SD_VEH,2026_06_19_merged.mat,TEST,5,29567,3569,178.4,1478.3000000000002
R005,VEH,T1_SD_VEH,2026_06_19_merged.mat,TEST,5,29568,3570,178.45000000000002,1478.3500000000001
R005,VEH,T1_SD_VEH,2026_06_19_merged.mat,TEST,5,29577,3579,178.9,1478.8000000000002
R005,VEH,T1_SD_VEH,2026_06_19_merged.mat,TEST,5,29652,3654,182.65,1482.5500000000002
R005,VEH,T1_SD_VEH,2026_06_19_merged.mat,TEST,3,29680,3682,184.05,1483.95
R005,VEH,T1_SD_VEH,2026_06_19_merged.mat,TEST,5,29682,3684,184.15,1484.0500000000002
R005,VEH,T1_SD_VEH,2026_06_19_merged.mat,TEST,5,29683,3685,184.20000000000002,1484.1000000000001
R005,VEH,T1_SD_VEH,2026_06_19_merged.mat,TEST,5,29684,3686,184.25,1484.15
R005,VEH,T1_SD_VEH,2026_06_19_merged.mat,TEST,5,29685,3687,184.3,1484.2
R005,VEH,T1_SD_VEH,2026_06_19_merged.mat,TEST,5,29692,3694,184.65,1484.5500000000002
R005,VEH,T1_SD_VEH,2026_06_19_merged.mat,TEST,5,29693,3695,184.70000000000002,1484.6000000000001
R005,VEH,T1_SD_VEH,2026_06_19_merged.mat,TEST,5,29694,3696,184.75,1484.65
R005,VEH,T1_SD_VEH,2026_06_19_merged.mat,TEST,5,29708,3710,185.45000000000002,1485.3500000000001
R005,VEH,T1_SD_VEH,2026_06_19_merged.mat,TEST,5,29741,3743,187.10000000000002,1487.0
R005,VEH,T1_SD_VEH,2026_06_19_merged.mat,TEST,3,29749,3751,187.5,1487.4
R005,VEH,T1_SD_VEH,2026_06_19_merged.mat,TEST,5,29759,3761,188.0,1487.9
R005,VEH,T1_SD_VEH,2026_06_19_merged.mat,TEST,5,29761,3763,188.10000000000002,1488.0
R005,VEH,T1_SD_VEH,2026_06_19_merged.mat,TEST,5,29762,3764,188.15,1488.0500000000002
R005,VEH,T1_SD_VEH,2026_06_19_merged.mat,TEST,5,29763,3765,188.20000000000002,1488.1000000000001
R005,VEH,T1_SD_VEH,2026_06_19_merged.mat,TEST,5,29764,3766,188.25,1488.15
R005,VEH,T1_SD_VEH,2026_06_19_merged.mat,TEST,3,29802,3804,190.15,1490.0500000000002
R005,VEH,T1_SD_VEH,2026_06_19_merged.mat,TEST,5,29803,3805,190.20000000000002,1490.1000000000001
R005,VEH,T1_SD_VEH,2026_06_19_merged.mat,TEST,5,29804,3806,190.25,1490.15
R005,VEH,T1_SD_VEH,2026_06_19_merged.mat,TEST,5,29807,3809,190.4,1490.3000000000002
R005,VEH,T1_SD_VEH,2026_06_19_merged.mat,TEST,5,29808,3810,190.45000000000002,1490.3500000000001
R005,VEH,T1_SD_VEH,2026_06_19_merged.mat,TEST,5,29809,3811,190.5,1490.4
R005,VEH,T1_SD_VEH,2026_06_19_merged.mat,TEST,5,29810,3812,190.55,1490.45
R005,VEH,T1_SD_VEH,2026_06_19_merged.mat,TEST,5,29832,3834,191.65,1491.5500000000002
R005,VEH,T1_SD_VEH,2026_06_19_merged.mat,TEST,5,29833,3835,191.70000000000002,1491.6000000000001
R005,VEH,T1_SD_VEH,2026_06_19_merged.mat,TEST,5,29834,3836,191.75,1491.65
R005,VEH,T1_SD_VEH,2026_06_19_merged.mat,TEST,5,29867,3869,193.4,1493.3000000000002
R005,VEH,T1_SD_VEH,2026_06_19_merged.mat,TEST,5,29868,3870,193.45000000000002,1493.3500000000001
R005,VEH,T1_SD_VEH,2026_06_19_merged.mat,TEST,5,29915,3917,195.8,1495.7
R005,VEH,T1_SD_VEH,2026_06_19_merged.mat,TEST,5,29916,3918,195.85000000000002,1495.75
R005,VEH,T1_SD_VEH,2026_06_19_merged.mat,TEST,5,29917,3919,195.9,1495.8000000000002
R005,VEH,T1_SD_VEH,2026_06_19_merged.mat,TEST,5,29918,3920,195.95000000000002,1495.8500000000001
R005,VEH,T1_SD_VEH,2026_06_19_merged.mat,TEST,5,29919,3921,196.0,1495.9
R005,VEH,T1_SD_VEH,2026_06_19_merged.mat,TEST,5,29920,3922,196.05,1495.95
R005,VEH,T1_SD_VEH,2026_06_19_merged.mat,TEST,5,29921,3923,196.10000000000002,1496.0
R005,VEH,T1_SD_VEH,2026_06_19_merged.mat,TEST,2,29922,3924,196.15,1496.0500000000002
R005,VEH,T1_SD_VEH,2026_06_19_merged.mat,TEST,5,29936,3938,196.85000000000002,1496.75
R005,VEH,T1_SD_VEH,2026_06_19_merged.mat,TEST,1,30024,4026,201.25,1501.15
R005,VEH,T1_SD_VEH,2026_06_19_merged.mat,TEST,2,30096,4098,204.85000000000002,1504.75
R005,VEH,T1_SD_VEH,2026_06_19_merged.mat,TEST,1,30135,4137,206.8,1506.7
R005,VEH,T1_SD_VEH,2026_06_19_merged.mat,TEST,5,30171,4173,208.60000000000002,1508.5
R005,VEH,T1_SD_VEH,2026_06_19_merged.mat,TEST,1,30214,4216,210.75,1510.65
R005,VEH,T1_SD_VEH,2026_06_19_merged.mat,TEST,3,30223,4225,211.20000000000002,1511.1000000000001
R005,VEH,T1_SD_VEH,2026_06_19_merged.mat,TEST,3,30225,4227,211.3,1511.2
R005,VEH,T1_SD_VEH,2026_06_19_merged.mat,TEST,3,30254,4256,212.75,1512.65
R005,VEH,T1_SD_VEH,2026_06_19_merged.mat,TEST,5,30285,4287,214.3,1514.2
R005,VEH,T1_SD_VEH,2026_06_19_merged.mat,TEST,5,30286,4288,214.35000000000002,1514.25
R005,VEH,T1_SD_VEH,2026_06_19_merged.mat,TEST,5,30287,4289,214.4,1514.3000000000002
R005,VEH,T1_SD_VEH,2026_06_19_merged.mat,TEST,5,30288,4290,214.45000000000002,1514.3500000000001
R005,VEH,T1_SD_VEH,2026_06_19_merged.mat,TEST,5,30289,4291,214.5,1514.4
R005,VEH,T1_SD_VEH,2026_06_19_merged.mat,TEST,5,30290,4292,214.55,1514.45
R005,VEH,T1_SD_VEH,2026_06_19_merged.mat,TEST,5,30291,4293,214.60000000000002,1514.5
R005,VEH,T1_SD_VEH,2026_06_19_merged.mat,TEST,2,30296,4298,214.85000000000002,1514.75
R005,VEH,T1_SD_VEH,2026_06_19_merged.mat,TEST,2,30297,4299,214.9,1514.8000000000002
R005,VEH,T1_SD_VEH,2026_06_19_merged.mat,TEST,5,30314,4316,215.75,1515.65
R005,VEH,T1_SD_VEH,2026_06_19_merged.mat,TEST,5,30315,4317,215.8,1515.7
R005,VEH,T1_SD_VEH,2026_06_19_merged.mat,TEST,3,30321,4323,216.10000000000002,1516.0
R005,VEH,T1_SD_VEH,2026_06_19_merged.mat,TEST,3,30322,4324,216.15,1516.0500000000002
R005,VEH,T1_SD_VEH,2026_06_19_merged.mat,TEST,5,30324,4326,216.25,1516.15
R005,VEH,T1_SD_VEH,2026_06_19_merged.mat,TEST,5,30336,4338,216.85000000000002,1516.75
R005,VEH,T1_SD_VEH,2026_06_19_merged.mat,TEST,5,30337,4339,216.9,1516.8000000000002
R005,VEH,T1_SD_VEH,2026_06_19_merged.mat,TEST,5,30346,4348,217.35000000000002,1517.25
R005,VEH,T1_SD_VEH,2026_06_19_merged.mat,TEST,5,30355,4357,217.8,1517.7
R005,VEH,T1_SD_VEH,2026_06_19_merged.mat,TEST,5,30356,4358,217.85000000000002,1517.75
R005,VEH,T1_SD_VEH,2026_06_19_merged.mat,TEST,5,30357,4359,217.9,1517.8000000000002
R005,VEH,T1_SD_VEH,2026_06_19_merged.mat,TEST,5,30387,4389,219.4,1519.3000000000002
R005,VEH,T1_SD_VEH,2026_06_19_merged.mat,TEST,5,30388,4390,219.45000000000002,1519.3500000000001
R005,VEH,T1_SD_VEH,2026_06_19_merged.mat,TEST,2,30390,4392,219.55,1519.45
R005,VEH,T1_SD_VEH,2026_06_19_merged.mat,TEST,5,30407,4409,220.4,1520.3000000000002
R005,VEH,T1_SD_VEH,2026_06_19_merged.mat,TEST,5,30408,4410,220.45000000000002,1520.3500000000001
R005,VEH,T1_SD_VEH,2026_06_19_merged.mat,TEST,5,30409,4411,220.5,1520.4
R005,VEH,T1_SD_VEH,2026_06_19_merged.mat,TEST,5,30410,4412,220.55,1520.45
R005,VEH,T1_SD_VEH,2026_06_19_merged.mat,TEST,5,30442,4444,222.15,1522.0500000000002
R005,VEH,T1_SD_VEH,2026_06_19_merged.mat,TEST,5,30443,4445,222.20000000000002,1522.1000000000001
R005,VEH,T1_SD_VEH,2026_06_19_merged.mat,TEST,5,30444,4446,222.25,1522.15
R005,VEH,T1_SD_VEH,2026_06_19_merged.mat,TEST,5,30489,4491,224.5,1524.4
R005,VEH,T1_SD_VEH,2026_06_19_merged.mat,TEST,5,30490,4492,224.55,1524.45
R005,VEH,T1_SD_VEH,2026_06_19_merged.mat,TEST,5,30491,4493,224.60000000000002,1524.5
R005,VEH,T1_SD_VEH,2026_06_19_merged.mat,TEST,5,30492,4494,224.65,1524.5500000000002
R005,VEH,T1_SD_VEH,2026_06_19_merged.mat,TEST,5,30501,4503,225.10000000000002,1525.0
R005,VEH,T1_SD_VEH,2026_06_19_merged.mat,TEST,5,30502,4504,225.15,1525.0500000000002
R005,VEH,T1_SD_VEH,2026_06_19_merged.mat,TEST,1,30517,4519,225.9,1525.8000000000002
R005,VEH,T1_SD_VEH,2026_06_19_merged.mat,TEST,1,30518,4520,225.95000000000002,1525.8500000000001
R005,VEH,T1_SD_VEH,2026_06_19_merged.mat,TEST,1,30555,4557,227.8,1527.7
R005,VEH,T1_SD_VEH,2026_06_19_merged.mat,TEST,1,30556,4558,227.85000000000002,1527.75
R005,VEH,T1_SD_VEH,2026_06_19_merged.mat,TEST,1,30567,4569,228.4,1528.3000000000002
R005,VEH,T1_SD_VEH,2026_06_19_merged.mat,TEST,1,30568,4570,228.45000000000002,1528.3500000000001
R005,VEH,T1_SD_VEH,2026_06_19_merged.mat,TEST,1,30569,4571,228.5,1528.4
R005,VEH,T1_SD_VEH,2026_06_19_merged.mat,TEST,1,30591,4593,229.60000000000002,1529.5
R005,VEH,T1_SD_VEH,2026_06_19_merged.mat,TEST,2,30639,4641,232.0,1531.9
R005,VEH,T1_SD_VEH,2026_06_19_merged.mat,TEST,2,30640,4642,232.05,1531.95
R005,VEH,T1_SD_VEH,2026_06_19_merged.mat,TEST,5,30661,4663,233.10000000000002,1533.0
R005,VEH,T1_SD_VEH,2026_06_19_merged.mat,TEST,5,30662,4664,233.15,1533.0500000000002
R005,VEH,T1_SD_VEH,2026_06_19_merged.mat,TEST,5,30663,4665,233.20000000000002,1533.1000000000001
R005,VEH,T1_SD_VEH,2026_06_19_merged.mat,TEST,5,30664,4666,233.25,1533.15
R005,VEH,T1_SD_VEH,2026_06_19_merged.mat,TEST,2,30675,4677,233.8,1533.7
R005,VEH,T1_SD_VEH,2026_06_19_merged.mat,TEST,2,30687,4689,234.4,1534.3000000000002
R005,VEH,T1_SD_VEH,2026_06_19_merged.mat,TEST,2,30688,4690,234.45000000000002,1534.3500000000001
R005,VEH,T1_SD_VEH,2026_06_19_merged.mat,TEST,2,30691,4693,234.60000000000002,1534.5
R005,VEH,T1_SD_VEH,2026_06_19_merged.mat,TEST,5,30747,4749,237.4,1537.3000000000002
R005,VEH,T1_SD_VEH,2026_06_19_merged.mat,TEST,5,30748,4750,237.45000000000002,1537.3500000000001
R005,VEH,T1_SD_VEH,2026_06_19_merged.mat,TEST,5,30749,4751,237.5,1537.4
R005,VEH,T1_SD_VEH,2026_06_19_merged.mat,TEST,2,30750,4752,237.55,1537.45
R005,VEH,T1_SD_VEH,2026_06_19_merged.mat,TEST,5,30817,4819,240.9,1540.8000000000002
R005,VEH,T1_SD_VEH,2026_06_19_merged.mat,TEST,5,30818,4820,240.95000000000002,1540.8500000000001
R005,VEH,T1_SD_VEH,2026_06_19_merged.mat,TEST,5,30819,4821,241.0,1540.9
R005,VEH,T1_SD_VEH,2026_06_19_merged.mat,TEST,5,30820,4822,241.05,1540.95
R005,VEH,T1_SD_VEH,2026_06_19_merged.mat,TEST,5,30821,4823,241.10000000000002,1541.0
R005,VEH,T1_SD_VEH,2026_06_19_merged.mat,TEST,5,30822,4824,241.15,1541.0500000000002
R005,VEH,T1_SD_VEH,2026_06_19_merged.mat,TEST,4,30825,4827,241.3,1541.2
R005,VEH,T1_SD_VEH,2026_06_19_merged.mat,TEST,2,30857,4859,242.9,1542.8000000000002
R005,VEH,T1_SD_VEH,2026_06_19_merged.mat,TEST,1,30971,4973,248.60000000000002,1548.5
R005,VEH,T1_SD_VEH,2026_06_19_merged.mat,TEST,1,30972,4974,248.65,1548.5500000000002
R005,VEH,T1_SD_VEH,2026_06_19_merged.mat,TEST,1,30973,4975,248.70000000000002,1548.6000000000001
R005,VEH,T1_SD_VEH,2026_06_19_merged.mat,TEST,1,30974,4976,248.75,1548.65
R005,VEH,T1_SD_VEH,2026_06_19_merged.mat,TEST,1,30975,4977,248.8,1548.7
R005,VEH,T1_SD_VEH,2026_06_19_merged.mat,TEST,1,30976,4978,248.85000000000002,1548.75
R005,VEH,T1_SD_VEH,2026_06_19_merged.mat,TEST,1,30977,4979,248.9,1548.8000000000002
R005,VEH,T1_SD_VEH,2026_06_19_merged.mat,TEST,1,30982,4984,249.15,1549.0500000000002
R005,VEH,T1_SD_VEH,2026_06_19_merged.mat,TEST,1,30983,4985,249.20000000000002,1549.1000000000001
R005,VEH,T1_SD_VEH,2026_06_19_merged.mat,TEST,1,31000,5002,250.05,1549.95
R005,VEH,T1_SD_VEH,2026_06_19_merged.mat,TEST,1,31001,5003,250.10000000000002,1550.0
R005,VEH,T1_SD_VEH,2026_06_19_merged.mat,TEST,1,31054,5056,252.75,1552.65
R005,VEH,T1_SD_VEH,2026_06_19_merged.mat,TEST,1,31055,5057,252.8,1552.7
R005,VEH,T1_SD_VEH,2026_06_19_merged.mat,TEST,1,31056,5058,252.85000000000002,1552.75
R005,VEH,T1_SD_VEH,2026_06_19_merged.mat,TEST,1,31057,5059,252.9,1552.8000000000002
R005,VEH,T1_SD_VEH,2026_06_19_merged.mat,TEST,1,31058,5060,252.95000000000002,1552.8500000000001
R005,VEH,T1_SD_VEH,2026_06_19_merged.mat,TEST,1,31059,5061,253.0,1552.9
R005,VEH,T1_SD_VEH,2026_06_19_merged.mat,TEST,1,31086,5088,254.35000000000002,1554.25
R005,VEH,T1_SD_VEH,2026_06_19_merged.mat,TEST,1,31089,5091,254.5,1554.4
R005,VEH,T1_SD_VEH,2026_06_19_merged.mat,TEST,1,31090,5092,254.55,1554.45
R005,VEH,T1_SD_VEH,2026_06_19_merged.mat,TEST,1,31091,5093,254.60000000000002,1554.5
R005,VEH,T1_SD_VEH,2026_06_19_merged.mat,TEST,1,31092,5094,254.65,1554.5500000000002
R005,VEH,T1_SD_VEH,2026_06_19_merged.mat,TEST,1,31093,5095,254.70000000000002,1554.6000000000001
R005,VEH,T1_SD_VEH,2026_06_19_merged.mat,TEST,1,31096,5098,254.85000000000002,1554.75
R005,VEH,T1_SD_VEH,2026_06_19_merged.mat,TEST,1,31097,5099,254.9,1554.8000000000002
R005,VEH,T1_SD_VEH,2026_06_19_merged.mat,TEST,1,31135,5137,256.8,1556.7
R005,VEH,T1_SD_VEH,2026_06_19_merged.mat,TEST,1,31136,5138,256.85,1556.75
R005,VEH,T1_SD_VEH,2026_06_19_merged.mat,TEST,1,31137,5139,256.90000000000003,1556.8000000000002
R005,VEH,T1_SD_VEH,2026_06_19_merged.mat,TEST,1,31138,5140,256.95,1556.8500000000001
R005,VEH,T1_SD_VEH,2026_06_19_merged.mat,TEST,1,31139,5141,257.0,1556.9
R005,VEH,T1_SD_VEH,2026_06_19_merged.mat,TEST,1,31183,5185,259.2,1559.1000000000001
R005,VEH,T1_SD_VEH,2026_06_19_merged.mat,TEST,1,31184,5186,259.25,1559.15
R005,VEH,T1_SD_VEH,2026_06_19_merged.mat,TEST,5,31272,5274,263.65000000000003,1563.5500000000002
R005,VEH,T1_SD_VEH,2026_06_19_merged.mat,TEST,5,31293,5295,264.7,1564.6000000000001
R005,VEH,T1_SD_VEH,2026_06_19_merged.mat,TEST,5,31294,5296,264.75,1564.65
R005,VEH,T1_SD_VEH,2026_06_19_merged.mat,TEST,5,31295,5297,264.8,1564.7
R005,VEH,T1_SD_VEH,2026_06_19_merged.mat,TEST,5,31296,5298,264.85,1564.75
R005,VEH,T1_SD_VEH,2026_06_19_merged.mat,TEST,5,31297,5299,264.90000000000003,1564.8000000000002
R005,VEH,T1_SD_VEH,2026_06_19_merged.mat,TEST,5,31298,5300,264.95,1564.8500000000001
R005,VEH,T1_SD_VEH,2026_06_19_merged.mat,TEST,5,31317,5319,265.90000000000003,1565.8000000000002
R005,VEH,T1_SD_VEH,2026_06_19_merged.mat,TEST,5,31319,5321,266.0,1565.9
R005,VEH,T1_SD_VEH,2026_06_19_merged.mat,TEST,1,31336,5338,266.85,1566.75
R005,VEH,T1_SD_VEH,2026_06_19_merged.mat,TEST,1,31337,5339,266.90000000000003,1566.8000000000002
R005,VEH,T1_SD_VEH,2026_06_19_merged.mat,TEST,1,31338,5340,266.95,1566.8500000000001
R005,VEH,T1_SD_VEH,2026_06_19_merged.mat,TEST,1,31339,5341,267.0,1566.9
R005,VEH,T1_SD_VEH,2026_06_19_merged.mat,TEST,1,31340,5342,267.05,1566.95
R005,VEH,T1_SD_VEH,2026_06_19_merged.mat,TEST,2,31396,5398,269.85,1569.75
R005,VEH,T1_SD_VEH,2026_06_19_merged.mat,TEST,2,31397,5399,269.90000000000003,1569.8000000000002
R005,VEH,T1_SD_VEH,2026_06_19_merged.mat,TEST,2,31398,5400,269.95,1569.8500000000001
R005,VEH,T1_SD_VEH,2026_06_19_merged.mat,TEST,5,31401,5403,270.1,1570.0
R005,VEH,T1_SD_VEH,2026_06_19_merged.mat,TEST,5,31402,5404,270.15000000000003,1570.0500000000002
R005,VEH,T1_SD_VEH,2026_06_19_merged.mat,TEST,5,31403,5405,270.2,1570.1000000000001
R005,VEH,T1_SD_VEH,2026_06_19_merged.mat,TEST,1,31451,5453,272.6,1572.5
R005,VEH,T1_SD_VEH,2026_06_19_merged.mat,TEST,3,31470,5472,273.55,1573.45
R005,VEH,T1_SD_VEH,2026_06_19_merged.mat,TEST,1,31548,5550,277.45,1577.3500000000001
R005,VEH,T1_SD_VEH,2026_06_19_merged.mat,TEST,1,31549,5551,277.5,1577.4
R005,VEH,T1_SD_VEH,2026_06_19_merged.mat,TEST,1,31550,5552,277.55,1577.45
R005,VEH,T1_SD_VEH,2026_06_19_merged.mat,TEST,5,31583,5585,279.2,1579.1000000000001
R005,VEH,T1_SD_VEH,2026_06_19_merged.mat,TEST,5,31584,5586,279.25,1579.15
R005,VEH,T1_SD_VEH,2026_06_19_merged.mat,TEST,5,31585,5587,279.3,1579.2
R005,VEH,T1_SD_VEH,2026_06_19_merged.mat,TEST,5,31586,5588,279.35,1579.25
R005,VEH,T1_SD_VEH,2026_06_19_merged.mat,TEST,5,31587,5589,279.40000000000003,1579.3000000000002
R005,VEH,T1_SD_VEH,2026_06_19_merged.mat,TEST,5,31588,5590,279.45,1579.3500000000001
R005,VEH,T1_SD_VEH,2026_06_19_merged.mat,TEST,5,31589,5591,279.5,1579.4
R005,VEH,T1_SD_VEH,2026_06_19_merged.mat,TEST,5,31624,5626,281.25,1581.15
R005,VEH,T1_SD_VEH,2026_06_19_merged.mat,TEST,5,31625,5627,281.3,1581.2
R005,VEH,T1_SD_VEH,2026_06_19_merged.mat,TEST,5,31626,5628,281.35,1581.25
R005,VEH,T1_SD_VEH,2026_06_19_merged.mat,TEST,5,31627,5629,281.40000000000003,1581.3000000000002
R005,VEH,T1_SD_VEH,2026_06_19_merged.mat,TEST,5,31628,5630,281.45,1581.3500000000001
R005,VEH,T1_SD_VEH,2026_06_19_merged.mat,TEST,5,31629,5631,281.5,1581.4
R005,VEH,T1_SD_VEH,2026_06_19_merged.mat,TEST,1,31712,5714,285.65000000000003,1585.5500000000002
R005,VEH,T1_SD_VEH,2026_06_19_merged.mat,TEST,1,31713,5715,285.7,1585.6000000000001
R005,VEH,T1_SD_VEH,2026_06_19_merged.mat,TEST,3,31767,5769,288.40000000000003,1588.3000000000002
R005,VEH,T1_SD_VEH,2026_06_19_merged.mat,TEST,2,31777,5779,288.90000000000003,1588.8000000000002
R005,VEH,T1_SD_VEH,2026_06_19_merged.mat,TEST,3,31778,5780,288.95,1588.8500000000001
R005,VEH,T1_SD_VEH,2026_06_19_merged.mat,TEST,5,31831,5833,291.6,1591.5
R005,VEH,T1_SD_VEH,2026_06_19_merged.mat,TEST,5,31832,5834,291.65000000000003,1591.5500000000002
R005,VEH,T1_SD_VEH,2026_06_19_merged.mat,TEST,5,31833,5835,291.7,1591.6000000000001
R005,VEH,T1_SD_VEH,2026_06_19_merged.mat,TEST,5,31844,5846,292.25,1592.15
R005,VEH,T1_SD_VEH,2026_06_19_merged.mat,TEST,5,31845,5847,292.3,1592.2
R005,VEH,T1_SD_VEH,2026_06_19_merged.mat,TEST,5,31846,5848,292.35,1592.25
R005,VEH,T1_SD_VEH,2026_06_19_merged.mat,TEST,5,31847,5849,292.40000000000003,1592.3000000000002
R005,VEH,T1_SD_VEH,2026_06_19_merged.mat,TEST,5,31851,5853,292.6,1592.5
R005,VEH,T1_SD_VEH,2026_06_19_merged.mat,TEST,5,31852,5854,292.65000000000003,1592.5500000000002
R005,VEH,T1_SD_VEH,2026_06_19_merged.mat,TEST,2,31864,5866,293.25,1593.15
R005,VEH,T1_SD_VEH,2026_06_19_merged.mat,TEST,5,31865,5867,293.3,1593.2
R005,VEH,T1_SD_VEH,2026_06_19_merged.mat,TEST,5,31866,5868,293.35,1593.25
R005,VEH,T1_SD_VEH,2026_06_19_merged.mat,TEST,5,31867,5869,293.40000000000003,1593.3000000000002
R005,VEH,T1_SD_VEH,2026_06_19_merged.mat,TEST,5,31928,5930,296.45,1596.3500000000001
R005,VEH,T1_SD_VEH,2026_06_19_merged.mat,TEST,1,31938,5940,296.95,1596.8500000000001
R005,VEH,T1_SD_VEH,2026_06_19_merged.mat,TEST,5,31948,5950,297.45,1597.3500000000001
R005,VEH,T1_SD_VEH,2026_06_19_merged.mat,TEST,5,31949,5951,297.5,1597.4
R005,VEH,T1_SD_VEH,2026_06_19_merged.mat,TEST,5,31970,5972,298.55,1598.45
R005,VEH,T1_SD_VEH,2026_06_19_merged.mat,TEST,5,31971,5973,298.6,1598.5
R005,VEH,T1_SD_VEH,2026_06_19_merged.mat,TEST,5,31972,5974,298.65000000000003,1598.5500000000002
R005,VEH,T1_SD_VEH,2026_06_19_merged.mat,TEST,5,31984,5986,299.25,1599.15
R005,VEH,T1_SD_VEH,2026_06_19_merged.mat,TEST,5,31985,5987,299.3,1599.2
R005,VEH,T1_SD_VEH,2026_06_19_merged.mat,TEST,5,31986,5988,299.35,1599.25
R005,VEH,T1_SD_VEH,2026_06_19_merged.mat,TEST,2,31999,6001,300.0,1599.9
R005,VEH,T1_SD_VEH,2026_06_19_merged.mat,TEST,2,32000,6002,300.05,1599.95
R005,VEH,T1_SD_VEH,2026_06_19_merged.mat,TEST,5,32029,6031,301.5,1601.4
R005,VEH,T1_SD_VEH,2026_06_19_merged.mat,TEST,5,32030,6032,301.55,1601.45
R005,VEH,T1_SD_VEH,2026_06_19_merged.mat,TEST,5,32031,6033,301.6,1601.5
R005,VEH,T1_SD_VEH,2026_06_19_merged.mat,TEST,5,32032,6034,301.65000000000003,1601.5500000000002
R005,VEH,T1_SD_VEH,2026_06_19_merged.mat,TEST,1,32088,6090,304.45,1604.3500000000001
R005,VEH,T1_SD_VEH,2026_06_19_merged.mat,TEST,1,32089,6091,304.5,1604.4
R005,VEH,T1_SD_VEH,2026_06_19_merged.mat,TEST,1,32090,6092,304.55,1604.45
R005,VEH,T1_SD_VEH,2026_06_19_merged.mat,TEST,1,32091,6093,304.6,1604.5
R005,VEH,T1_SD_VEH,2026_06_19_merged.mat,TEST,1,32092,6094,304.65000000000003,1604.5500000000002
R005,VEH,T1_SD_VEH,2026_06_19_merged.mat,TEST,1,32112,6114,305.65000000000003,1605.5500000000002
R005,VEH,T1_SD_VEH,2026_06_19_merged.mat,TEST,1,32113,6115,305.7,1605.6000000000001
R005,VEH,T1_SD_VEH,2026_06_19_merged.mat,TEST,1,32114,6116,305.75,1605.65
R005,VEH,T1_SD_VEH,2026_06_19_merged.mat,TEST,1,32115,6117,305.8,1605.7
R005,VEH,T1_SD_VEH,2026_06_19_merged.mat,TEST,1,32116,6118,305.85,1605.75
R005,VEH,T1_SD_VEH,2026_06_19_merged.mat,TEST,1,32117,6119,305.90000000000003,1605.8000000000002
R005,VEH,T1_SD_VEH,2026_06_19_merged.mat,TEST,1,32133,6135,306.7,1606.6000000000001
R005,VEH,T1_SD_VEH,2026_06_19_merged.mat,TEST,1,32146,6148,307.35,1607.25
R005,VEH,T1_SD_VEH,2026_06_19_merged.mat,TEST,5,32209,6211,310.5,1610.4
R005,VEH,T1_SD_VEH,2026_06_19_merged.mat,TEST,5,32210,6212,310.55,1610.45
R005,VEH,T1_SD_VEH,2026_06_19_merged.mat,TEST,5,32211,6213,310.6,1610.5
R005,VEH,T1_SD_VEH,2026_06_19_merged.mat,TEST,5,32223,6225,311.20000000000005,1611.1000000000001
R005,VEH,T1_SD_VEH,2026_06_19_merged.mat,TEST,5,32224,6226,311.25,1611.15
R005,VEH,T1_SD_VEH,2026_06_19_merged.mat,TEST,5,32225,6227,311.3,1611.2
R005,VEH,T1_SD_VEH,2026_06_19_merged.mat,TEST,5,32226,6228,311.35,1611.25
R005,VEH,T1_SD_VEH,2026_06_19_merged.mat,TEST,5,32247,6249,312.40000000000003,1612.3000000000002
R005,VEH,T1_SD_VEH,2026_06_19_merged.mat,TEST,5,32296,6298,314.85,1614.75
R005,VEH,T1_SD_VEH,2026_06_19_merged.mat,TEST,5,32297,6299,314.90000000000003,1614.8000000000002
R005,VEH,T1_SD_VEH,2026_06_19_merged.mat,TEST,5,32298,6300,314.95000000000005,1614.8500000000001
R005,VEH,T1_SD_VEH,2026_06_19_merged.mat,TEST,5,32299,6301,315.0,1614.9
R005,VEH,T1_SD_VEH,2026_06_19_merged.mat,TEST,5,32300,6302,315.05,1614.95
R005,VEH,T1_SD_VEH,2026_06_19_merged.mat,TEST,5,32301,6303,315.1,1615.0
R005,VEH,T1_SD_VEH,2026_06_19_merged.mat,TEST,5,32354,6356,317.75,1617.65
R005,VEH,T1_SD_VEH,2026_06_19_merged.mat,TEST,5,32355,6357,317.8,1617.7
R005,VEH,T1_SD_VEH,2026_06_19_merged.mat,TEST,5,32401,6403,320.1,1620.0
R005,VEH,T1_SD_VEH,2026_06_19_merged.mat,TEST,1,32412,6414,320.65000000000003,1620.5500000000002
R005,VEH,T1_SD_VEH,2026_06_19_merged.mat,TEST,1,32413,6415,320.70000000000005,1620.6000000000001
R005,VEH,T1_SD_VEH,2026_06_19_merged.mat,TEST,1,32415,6417,320.8,1620.7
R005,VEH,T1_SD_VEH,2026_06_19_merged.mat,TEST,1,32416,6418,320.85,1620.75
R005,VEH,T1_SD_VEH,2026_06_19_merged.mat,TEST,1,32417,6419,320.90000000000003,1620.8000000000002
R005,VEH,T1_SD_VEH,2026_06_19_merged.mat,TEST,5,32510,6512,325.55,1625.45
R005,VEH,T1_SD_VEH,2026_06_19_merged.mat,TEST,5,32511,6513,325.6,1625.5
R005,VEH,T1_SD_VEH,2026_06_19_merged.mat,TEST,5,32519,6521,326.0,1625.9
R005,VEH,T1_SD_VEH,2026_06_19_merged.mat,TEST,5,32520,6522,326.05,1625.95
R005,VEH,T1_SD_VEH,2026_06_19_merged.mat,TEST,5,32521,6523,326.1,1626.0
R005,VEH,T1_SD_VEH,2026_06_19_merged.mat,TEST,5,32522,6524,326.15,1626.0500000000002
R005,VEH,T1_SD_VEH,2026_06_19_merged.mat,TEST,5,32523,6525,326.2,1626.1000000000001
R005,VEH,T1_SD_VEH,2026_06_19_merged.mat,TEST,1,32617,6619,330.9,1630.8000000000002
R005,VEH,T1_SD_VEH,2026_06_19_merged.mat,TEST,1,32618,6620,330.95,1630.8500000000001
R005,VEH,T1_SD_VEH,2026_06_19_merged.mat,TEST,1,32619,6621,331.0,1630.9
R005,VEH,T1_SD_VEH,2026_06_19_merged.mat,TEST,1,32654,6656,332.75,1632.65
R005,VEH,T1_SD_VEH,2026_06_19_merged.mat,TEST,1,32655,6657,332.8,1632.7
R005,VEH,T1_SD_VEH,2026_06_19_merged.mat,TEST,1,32656,6658,332.85,1632.75
R005,VEH,T1_SD_VEH,2026_06_19_merged.mat,TEST,1,32669,6671,333.5,1633.4
R005,VEH,T1_SD_VEH,2026_06_19_merged.mat,TEST,1,32670,6672,333.55,1633.45
R005,VEH,T1_SD_VEH,2026_06_19_merged.mat,TEST,5,32709,6711,335.5,1635.4
R005,VEH,T1_SD_VEH,2026_06_19_merged.mat,TEST,5,32715,6717,335.8,1635.7
R005,VEH,T1_SD_VEH,2026_06_19_merged.mat,TEST,5,32716,6718,335.85,1635.75
R005,VEH,T1_SD_VEH,2026_06_19_merged.mat,TEST,5,32730,6732,336.55,1636.45
R005,VEH,T1_SD_VEH,2026_06_19_merged.mat,TEST,5,32731,6733,336.6,1636.5
R005,VEH,T1_SD_VEH,2026_06_19_merged.mat,TEST,5,32732,6734,336.65,1636.5500000000002
R005,VEH,T1_SD_VEH,2026_06_19_merged.mat,TEST,3,32830,6832,341.55,1641.45
R005,VEH,T1_SD_VEH,2026_06_19_merged.mat,TEST,3,32831,6833,341.6,1641.5
R005,VEH,T1_SD_VEH,2026_06_19_merged.mat,TEST,3,32832,6834,341.65,1641.5500000000002
R005,VEH,T1_SD_VEH,2026_06_19_merged.mat,TEST,5,32836,6838,341.85,1641.75
R005,VEH,T1_SD_VEH,2026_06_19_merged.mat,TEST,5,32837,6839,341.9,1641.8000000000002
R005,VEH,T1_SD_VEH,2026_06_19_merged.mat,TEST,5,32838,6840,341.95,1641.8500000000001
R005,VEH,T1_SD_VEH,2026_06_19_merged.mat,TEST,2,32915,6917,345.8,1645.7
R005,VEH,T1_SD_VEH,2026_06_19_merged.mat,TEST,5,32953,6955,347.7,1647.6000000000001
R005,VEH,T1_SD_VEH,2026_06_19_merged.mat,TEST,2,32957,6959,347.90000000000003,1647.8000000000002
R005,VEH,T1_SD_VEH,2026_06_19_merged.mat,TEST,5,32982,6984,349.15000000000003,1649.0500000000002
R005,VEH,T1_SD_VEH,2026_06_19_merged.mat,TEST,5,32983,6985,349.2,1649.1000000000001
R005,VEH,T1_SD_VEH,2026_06_19_merged.mat,TEST,5,32984,6986,349.25,1649.15
R005,VEH,T1_SD_VEH,2026_06_19_merged.mat,TEST,3,33078,7080,353.95,1653.8500000000001
R005,VEH,T1_SD_VEH,2026_06_19_merged.mat,TEST,5,33080,7082,354.05,1653.95
R005,VEH,T1_SD_VEH,2026_06_19_merged.mat,TEST,5,33081,7083,354.1,1654.0
R005,VEH,T1_SD_VEH,2026_06_19_merged.mat,TEST,2,33087,7089,354.40000000000003,1654.3000000000002
R005,VEH,T1_SD_VEH,2026_06_19_merged.mat,TEST,2,33088,7090,354.45,1654.3500000000001
R005,VEH,T1_SD_VEH,2026_06_19_merged.mat,TEST,2,33089,7091,354.5,1654.4
R005,VEH,T1_SD_VEH,2026_06_19_merged.mat,TEST,5,33091,7093,354.6,1654.5
R005,VEH,T1_SD_VEH,2026_06_19_merged.mat,TEST,5,33092,7094,354.65000000000003,1654.5500000000002
R005,VEH,T1_SD_VEH,2026_06_19_merged.mat,TEST,5,33093,7095,354.7,1654.6000000000001
R005,VEH,T1_SD_VEH,2026_06_19_merged.mat,TEST,5,33118,7120,355.95,1655.8500000000001
R005,VEH,T1_SD_VEH,2026_06_19_merged.mat,TEST,5,33124,7126,356.25,1656.15
R005,VEH,T1_SD_VEH,2026_06_19_merged.mat,TEST,5,33125,7127,356.3,1656.2
R005,VEH,T1_SD_VEH,2026_06_19_merged.mat,TEST,5,33126,7128,356.35,1656.25
R005,VEH,T1_SD_VEH,2026_06_19_merged.mat,TEST,5,33150,7152,357.55,1657.45
R005,VEH,T1_SD_VEH,2026_06_19_merged.mat,TEST,5,33151,7153,357.6,1657.5
R005,VEH,T1_SD_VEH,2026_06_19_merged.mat,TEST,5,33152,7154,357.65000000000003,1657.5500000000002
R005,VEH,T1_SD_VEH,2026_06_19_merged.mat,TEST,5,33153,7155,357.7,1657.6000000000001
R005,VEH,T1_SD_VEH,2026_06_19_merged.mat,TEST,5,33154,7156,357.75,1657.65
R005,VEH,T1_SD_VEH,2026_06_19_merged.mat,TEST,5,33155,7157,357.8,1657.7
R005,VEH,T1_SD_VEH,2026_06_19_merged.mat,TEST,5,33156,7158,357.85,1657.75
R005,VEH,T1_SD_VEH,2026_06_19_merged.mat,TEST,5,33194,7196,359.75,1659.65
R005,VEH,T1_SD_VEH,2026_06_19_merged.mat,TEST,5,33208,7210,360.45,1660.3500000000001
R005,VEH,T1_SD_VEH,2026_06_19_merged.mat,TEST,5,33232,7234,361.65000000000003,1661.5500000000002
R005,VEH,T1_SD_VEH,2026_06_19_merged.mat,TEST,5,33233,7235,361.7,1661.6000000000001
R005,VEH,T1_SD_VEH,2026_06_19_merged.mat,TEST,2,33241,7243,362.1,1662.0
R005,VEH,T1_SD_VEH,2026_06_19_merged.mat,TEST,2,33244,7246,362.25,1662.15
R005,VEH,T1_SD_VEH,2026_06_19_merged.mat,TEST,3,33245,7247,362.3,1662.2
R005,VEH,T1_SD_VEH,2026_06_19_merged.mat,TEST,3,33247,7249,362.40000000000003,1662.3000000000002
R005,VEH,T1_SD_VEH,2026_06_19_merged.mat,TEST,5,33283,7285,364.2,1664.1000000000001
R005,VEH,T1_SD_VEH,2026_06_19_merged.mat,TEST,5,33284,7286,364.25,1664.15
R005,VEH,T1_SD_VEH,2026_06_19_merged.mat,TEST,5,33285,7287,364.3,1664.2
R005,VEH,T1_SD_VEH,2026_06_19_merged.mat,TEST,5,33286,7288,364.35,1664.25
R005,VEH,T1_SD_VEH,2026_06_19_merged.mat,TEST,5,33295,7297,364.8,1664.7
R005,VEH,T1_SD_VEH,2026_06_19_merged.mat,TEST,5,33348,7350,367.45,1667.3500000000001
R005,VEH,T1_SD_VEH,2026_06_19_merged.mat,TEST,5,33349,7351,367.5,1667.4
R005,VEH,T1_SD_VEH,2026_06_19_merged.mat,TEST,5,33350,7352,367.55,1667.45
R005,VEH,T1_SD_VEH,2026_06_19_merged.mat,TEST,5,33351,7353,367.6,1667.5
R005,VEH,T1_SD_VEH,2026_06_19_merged.mat,TEST,1,33431,7433,371.6,1671.5
R005,VEH,T1_SD_VEH,2026_06_19_merged.mat,TEST,2,33473,7475,373.7,1673.6000000000001
R005,VEH,T1_SD_VEH,2026_06_19_merged.mat,TEST,2,33474,7476,373.75,1673.65
R005,VEH,T1_SD_VEH,2026_06_19_merged.mat,TEST,5,33477,7479,373.90000000000003,1673.8000000000002
R005,VEH,T1_SD_VEH,2026_06_19_merged.mat,TEST,5,33478,7480,373.95,1673.8500000000001
R005,VEH,T1_SD_VEH,2026_06_19_merged.mat,TEST,5,33479,7481,374.0,1673.9
R005,VEH,T1_SD_VEH,2026_06_19_merged.mat,TEST,5,33518,7520,375.95,1675.8500000000001
R005,VEH,T1_SD_VEH,2026_06_19_merged.mat,TEST,5,33519,7521,376.0,1675.9
R005,VEH,T1_SD_VEH,2026_06_19_merged.mat,TEST,5,33520,7522,376.05,1675.95
R005,VEH,T1_SD_VEH,2026_06_19_merged.mat,TEST,5,33527,7529,376.40000000000003,1676.3000000000002
R005,VEH,T1_SD_VEH,2026_06_19_merged.mat,TEST,5,33613,7615,380.7,1680.6000000000001
R005,VEH,T1_SD_VEH,2026_06_19_merged.mat,TEST,5,33614,7616,380.75,1680.65
R005,VEH,T1_SD_VEH,2026_06_19_merged.mat,TEST,5,33616,7618,380.85,1680.75
R005,VEH,T1_SD_VEH,2026_06_19_merged.mat,TEST,1,33630,7632,381.55,1681.45
R005,VEH,T1_SD_VEH,2026_06_19_merged.mat,TEST,2,33666,7668,383.35,1683.25
R005,VEH,T1_SD_VEH,2026_06_19_merged.mat,TEST,5,33687,7689,384.40000000000003,1684.3000000000002
R005,VEH,T1_SD_VEH,2026_06_19_merged.mat,TEST,5,33688,7690,384.45,1684.3500000000001
R005,VEH,T1_SD_VEH,2026_06_19_merged.mat,TEST,5,33689,7691,384.5,1684.4
R005,VEH,T1_SD_VEH,2026_06_19_merged.mat,TEST,5,33690,7692,384.55,1684.45
R005,VEH,T1_SD_VEH,2026_06_19_merged.mat,TEST,5,33691,7693,384.6,1684.5
R005,VEH,T1_SD_VEH,2026_06_19_merged.mat,TEST,5,33692,7694,384.65000000000003,1684.5500000000002
R005,VEH,T1_SD_VEH,2026_06_19_merged.mat,TEST,3,33693,7695,384.7,1684.6000000000001
R005,VEH,T1_SD_VEH,2026_06_19_merged.mat,TEST,5,33699,7701,385.0,1684.9
R005,VEH,T1_SD_VEH,2026_06_19_merged.mat,TEST,5,33700,7702,385.05,1684.95
R005,VEH,T1_SD_VEH,2026_06_19_merged.mat,TEST,5,33701,7703,385.1,1685.0
R005,VEH,T1_SD_VEH,2026_06_19_merged.mat,TEST,5,33702,7704,385.15000000000003,1685.0500000000002
R005,VEH,T1_SD_VEH,2026_06_19_merged.mat,TEST,5,33712,7714,385.65000000000003,1685.5500000000002
R005,VEH,T1_SD_VEH,2026_06_19_merged.mat,TEST,5,33713,7715,385.7,1685.6000000000001
R005,VEH,T1_SD_VEH,2026_06_19_merged.mat,TEST,5,33715,7717,385.8,1685.7
R005,VEH,T1_SD_VEH,2026_06_19_merged.mat,TEST,5,33722,7724,386.15000000000003,1686.0500000000002
R005,VEH,T1_SD_VEH,2026_06_19_merged.mat,TEST,5,33727,7729,386.40000000000003,1686.3000000000002
R005,VEH,T1_SD_VEH,2026_06_19_merged.mat,TEST,5,33743,7745,387.2,1687.1000000000001
R005,VEH,T1_SD_VEH,2026_06_19_merged.mat,TEST,2,33777,7779,388.90000000000003,1688.8000000000002
R005,VEH,T1_SD_VEH,2026_06_19_merged.mat,TEST,5,33780,7782,389.05,1688.95
R005,VEH,T1_SD_VEH,2026_06_19_merged.mat,TEST,5,33781,7783,389.1,1689.0
R005,VEH,T1_SD_VEH,2026_06_19_merged.mat,TEST,5,33782,7784,389.15000000000003,1689.0500000000002
R005,VEH,T1_SD_VEH,2026_06_19_merged.mat,TEST,5,33783,7785,389.2,1689.1000000000001
R005,VEH,T1_SD_VEH,2026_06_19_merged.mat,TEST,5,33802,7804,390.15000000000003,1690.0500000000002
R005,VEH,T1_SD_VEH,2026_06_19_merged.mat,TEST,5,33820,7822,391.05,1690.95
R005,VEH,T1_SD_VEH,2026_06_19_merged.mat,TEST,5,33821,7823,391.1,1691.0
R005,VEH,T1_SD_VEH,2026_06_19_merged.mat,TEST,5,33826,7828,391.35,1691.25
R005,VEH,T1_SD_VEH,2026_06_19_merged.mat,TEST,5,33827,7829,391.40000000000003,1691.3000000000002
R005,VEH,T1_SD_VEH,2026_06_19_merged.mat,TEST,5,33828,7830,391.45,1691.3500000000001
R005,VEH,T1_SD_VEH,2026_06_19_merged.mat,TEST,5,33829,7831,391.5,1691.4
R005,VEH,T1_SD_VEH,2026_06_19_merged.mat,TEST,2,33832,7834,391.65000000000003,1691.5500000000002
R005,VEH,T1_SD_VEH,2026_06_19_merged.mat,TEST,2,33833,7835,391.7,1691.6000000000001
R005,VEH,T1_SD_VEH,2026_06_19_merged.mat,TEST,5,33848,7850,392.45,1692.3500000000001
R005,VEH,T1_SD_VEH,2026_06_19_merged.mat,TEST,5,33849,7851,392.5,1692.4
R005,VEH,T1_SD_VEH,2026_06_19_merged.mat,TEST,5,33850,7852,392.55,1692.45
R005,VEH,T1_SD_VEH,2026_06_19_merged.mat,TEST,5,33874,7876,393.75,1693.65
R005,VEH,T1_SD_VEH,2026_06_19_merged.mat,TEST,5,33875,7877,393.8,1693.7
R005,VEH,T1_SD_VEH,2026_06_19_merged.mat,TEST,5,33876,7878,393.85,1693.75
R005,VEH,T1_SD_VEH,2026_06_19_merged.mat,TEST,5,33877,7879,393.9,1693.8000000000002
R005,VEH,T1_SD_VEH,2026_06_19_merged.mat,TEST,5,33878,7880,393.95000000000005,1693.8500000000001
R005,VEH,T1_SD_VEH,2026_06_19_merged.mat,TEST,5,33883,7885,394.20000000000005,1694.1000000000001
R005,VEH,T1_SD_VEH,2026_06_19_merged.mat,TEST,5,33884,7886,394.25,1694.15
R005,VEH,T1_SD_VEH,2026_06_19_merged.mat,TEST,5,33885,7887,394.3,1694.2
R005,VEH,T1_SD_VEH,2026_06_19_merged.mat,TEST,5,33886,7888,394.35,1694.25
R005,VEH,T1_SD_VEH,2026_06_19_merged.mat,TEST,5,33923,7925,396.20000000000005,1696.1000000000001
R005,VEH,T1_SD_VEH,2026_06_19_merged.mat,TEST,5,33924,7926,396.25,1696.15
R005,VEH,T1_SD_VEH,2026_06_19_merged.mat,TEST,5,33925,7927,396.3,1696.2
R005,VEH,T1_SD_VEH,2026_06_19_merged.mat,TEST,5,33926,7928,396.35,1696.25
R005,VEH,T1_SD_VEH,2026_06_19_merged.mat,TEST,5,33927,7929,396.4,1696.3000000000002
R005,VEH,T1_SD_VEH,2026_06_19_merged.mat,TEST,5,33928,7930,396.45000000000005,1696.3500000000001
R005,VEH,T1_SD_VEH,2026_06_19_merged.mat,TEST,5,33969,7971,398.5,1698.4
R005,VEH,T1_SD_VEH,2026_06_19_merged.mat,TEST,5,33970,7972,398.55,1698.45
R005,VEH,T1_SD_VEH,2026_06_19_merged.mat,TEST,5,33971,7973,398.6,1698.5
R005,VEH,T1_SD_VEH,2026_06_19_merged.mat,TEST,5,33972,7974,398.65,1698.5500000000002
R005,VEH,T1_SD_VEH,2026_06_19_merged.mat,TEST,5,33973,7975,398.70000000000005,1698.6000000000001
R005,VEH,T1_SD_VEH,2026_06_19_merged.mat,TEST,5,33974,7976,398.75,1698.65
R005,VEH,T1_SD_VEH,2026_06_19_merged.mat,TEST,5,33988,7990,399.45000000000005,1699.3500000000001
R005,VEH,T1_SD_VEH,2026_06_19_merged.mat,TEST,5,33989,7991,399.5,1699.4
R005,VEH,T1_SD_VEH,2026_06_19_merged.mat,TEST,5,33990,7992,399.55,1699.45
R005,VEH,T1_SD_VEH,2026_06_19_merged.mat,TEST,5,33991,7993,399.6,1699.5
R005,VEH,T1_SD_VEH,2026_06_19_merged.mat,TEST,5,33992,7994,399.65,1699.5500000000002
R005,VEH,T1_SD_VEH,2026_06_19_merged.mat,TEST,5,33993,7995,399.70000000000005,1699.6000000000001
R005,VEH,T1_SD_VEH,2026_06_19_merged.mat,TEST,5,34058,8060,402.95000000000005,1702.8500000000001
R005,VEH,T1_SD_VEH,2026_06_19_merged.mat,TEST,5,34059,8061,403.0,1702.9
R005,VEH,T1_SD_VEH,2026_06_19_merged.mat,TEST,5,34060,8062,403.05,1702.95
R005,VEH,T1_SD_VEH,2026_06_19_merged.mat,TEST,5,34061,8063,403.1,1703.0
R005,VEH,T1_SD_VEH,2026_06_19_merged.mat,TEST,5,34062,8064,403.15,1703.0500000000002
R005,VEH,T1_SD_VEH,2026_06_19_merged.mat,TEST,5,34063,8065,403.20000000000005,1703.1000000000001
R005,VEH,T1_SD_VEH,2026_06_19_merged.mat,TEST,5,34118,8120,405.95000000000005,1705.8500000000001
R005,VEH,T1_SD_VEH,2026_06_19_merged.mat,TEST,2,34143,8145,407.20000000000005,1707.1000000000001
R005,VEH,T1_SD_VEH,2026_06_19_merged.mat,TEST,2,34144,8146,407.25,1707.15
R005,VEH,T1_SD_VEH,2026_06_19_merged.mat,TEST,2,34158,8160,407.95000000000005,1707.8500000000001
R005,VEH,T1_SD_VEH,2026_06_19_merged.mat,TEST,5,34160,8162,408.05,1707.95
R005,VEH,T1_SD_VEH,2026_06_19_merged.mat,TEST,5,34161,8163,408.1,1708.0
R005,VEH,T1_SD_VEH,2026_06_19_merged.mat,TEST,1,34178,8180,408.95000000000005,1708.8500000000001
R005,VEH,T1_SD_VEH,2026_06_19_merged.mat,TEST,1,34202,8204,410.15,1710.0500000000002
R005,VEH,T1_SD_VEH,2026_06_19_merged.mat,TEST,1,34228,8230,411.45000000000005,1711.3500000000001
R005,VEH,T1_SD_VEH,2026_06_19_merged.mat,TEST,1,34257,8259,412.9,1712.8000000000002
R005,VEH,T1_SD_VEH,2026_06_19_merged.mat,TEST,5,34313,8315,415.70000000000005,1715.6000000000001
R005,VEH,T1_SD_VEH,2026_06_19_merged.mat,TEST,5,34314,8316,415.75,1715.65
R005,VEH,T1_SD_VEH,2026_06_19_merged.mat,TEST,5,34327,8329,416.4,1716.3000000000002
R005,VEH,T1_SD_VEH,2026_06_19_merged.mat,TEST,5,34328,8330,416.45000000000005,1716.3500000000001
R005,VEH,T1_SD_VEH,2026_06_19_merged.mat,TEST,5,34329,8331,416.5,1716.4
R005,VEH,T1_SD_VEH,2026_06_19_merged.mat,TEST,5,34330,8332,416.55,1716.45
R005,VEH,T1_SD_VEH,2026_06_19_merged.mat,TEST,5,34331,8333,416.6,1716.5
R005,VEH,T1_SD_VEH,2026_06_19_merged.mat,TEST,5,34332,8334,416.65,1716.5500000000002
R005,VEH,T1_SD_VEH,2026_06_19_merged.mat,TEST,5,34333,8335,416.70000000000005,1716.6000000000001
R005,VEH,T1_SD_VEH,2026_06_19_merged.mat,TEST,5,34334,8336,416.75,1716.65
R005,VEH,T1_SD_VEH,2026_06_19_merged.mat,TEST,5,34335,8337,416.8,1716.7
R005,VEH,T1_SD_VEH,2026_06_19_merged.mat,TEST,5,34336,8338,416.85,1716.75
R005,VEH,T1_SD_VEH,2026_06_19_merged.mat,TEST,5,34349,8351,417.5,1717.4
R005,VEH,T1_SD_VEH,2026_06_19_merged.mat,TEST,5,34350,8352,417.55,1717.45
R005,VEH,T1_SD_VEH,2026_06_19_merged.mat,TEST,5,34351,8353,417.6,1717.5
R005,VEH,T1_SD_VEH,2026_06_19_merged.mat,TEST,5,34366,8368,418.35,1718.25
R005,VEH,T1_SD_VEH,2026_06_19_merged.mat,TEST,5,34367,8369,418.4,1718.3000000000002
R005,VEH,T1_SD_VEH,2026_06_19_merged.mat,TEST,5,34368,8370,418.45000000000005,1718.3500000000001
R005,VEH,T1_SD_VEH,2026_06_19_merged.mat,TEST,5,34388,8390,419.45000000000005,1719.3500000000001
R005,VEH,T1_SD_VEH,2026_06_19_merged.mat,TEST,5,34389,8391,419.5,1719.4
R005,VEH,T1_SD_VEH,2026_06_19_merged.mat,TEST,5,34390,8392,419.55,1719.45
R005,VEH,T1_SD_VEH,2026_06_19_merged.mat,TEST,5,34391,8393,419.6,1719.5
R005,VEH,T1_SD_VEH,2026_06_19_merged.mat,TEST,5,34395,8397,419.8,1719.7
R005,VEH,T1_SD_VEH,2026_06_19_merged.mat,TEST,5,34396,8398,419.85,1719.75
R005,VEH,T1_SD_VEH,2026_06_19_merged.mat,TEST,5,34397,8399,419.9,1719.8000000000002
R005,VEH,T1_SD_VEH,2026_06_19_merged.mat,TEST,5,34399,8401,420.0,1719.9
R005,VEH,T1_SD_VEH,2026_06_19_merged.mat,TEST,4,34402,8404,420.15,1720.0500000000002
R005,VEH,T1_SD_VEH,2026_06_19_merged.mat,TEST,5,34411,8413,420.6,1720.5
R005,VEH,T1_SD_VEH,2026_06_19_merged.mat,TEST,5,34444,8446,422.25,1722.15
R005,VEH,T1_SD_VEH,2026_06_19_merged.mat,TEST,5,34445,8447,422.3,1722.2
R005,VEH,T1_SD_VEH,2026_06_19_merged.mat,TEST,5,34446,8448,422.35,1722.25
R005,VEH,T1_SD_VEH,2026_06_19_merged.mat,TEST,5,34463,8465,423.20000000000005,1723.1000000000001
R005,VEH,T1_SD_VEH,2026_06_19_merged.mat,TEST,5,34464,8466,423.25,1723.15
R005,VEH,T1_SD_VEH,2026_06_19_merged.mat,TEST,5,34465,8467,423.3,1723.2
R005,VEH,T1_SD_VEH,2026_06_19_merged.mat,TEST,5,34471,8473,423.6,1723.5
R005,VEH,T1_SD_VEH,2026_06_19_merged.mat,TEST,5,34472,8474,423.65,1723.5500000000002
R005,VEH,T1_SD_VEH,2026_06_19_merged.mat,TEST,5,34473,8475,423.70000000000005,1723.6000000000001
R005,VEH,T1_SD_VEH,2026_06_19_merged.mat,TEST,5,34474,8476,423.75,1723.65
R005,VEH,T1_SD_VEH,2026_06_19_merged.mat,TEST,5,34498,8500,424.95000000000005,1724.8500000000001
R005,VEH,T1_SD_VEH,2026_06_19_merged.mat,TEST,5,34504,8506,425.25,1725.15
R005,VEH,T1_SD_VEH,2026_06_19_merged.mat,TEST,5,34505,8507,425.3,1725.2
R005,VEH,T1_SD_VEH,2026_06_19_merged.mat,TEST,5,34506,8508,425.35,1725.25
R005,VEH,T1_SD_VEH,2026_06_19_merged.mat,TEST,5,34507,8509,425.4,1725.3000000000002
R005,VEH,T1_SD_VEH,2026_06_19_merged.mat,TEST,5,34508,8510,425.45000000000005,1725.3500000000001
R005,VEH,T1_SD_VEH,2026_06_19_merged.mat,TEST,5,34509,8511,425.5,1725.4
R005,VEH,T1_SD_VEH,2026_06_19_merged.mat,TEST,5,34510,8512,425.55,1725.45
R005,VEH,T1_SD_VEH,2026_06_19_merged.mat,TEST,2,34547,8549,427.4,1727.3000000000002
R005,VEH,T1_SD_VEH,2026_06_19_merged.mat,TEST,5,34551,8553,427.6,1727.5
R005,VEH,T1_SD_VEH,2026_06_19_merged.mat,TEST,5,34555,8557,427.8,1727.7
R005,VEH,T1_SD_VEH,2026_06_19_merged.mat,TEST,5,34556,8558,427.85,1727.75
R005,VEH,T1_SD_VEH,2026_06_19_merged.mat,TEST,5,34557,8559,427.9,1727.8000000000002
R005,VEH,T1_SD_VEH,2026_06_19_merged.mat,TEST,5,34558,8560,427.95000000000005,1727.8500000000001
R005,VEH,T1_SD_VEH,2026_06_19_merged.mat,TEST,5,34559,8561,428.0,1727.9
R005,VEH,T1_SD_VEH,2026_06_19_merged.mat,TEST,5,34560,8562,428.05,1727.95
R005,VEH,T1_SD_VEH,2026_06_19_merged.mat,TEST,5,34568,8570,428.45000000000005,1728.3500000000001
R005,VEH,T1_SD_VEH,2026_06_19_merged.mat,TEST,5,34573,8575,428.70000000000005,1728.6000000000001
R005,VEH,T1_SD_VEH,2026_06_19_merged.mat,TEST,3,34604,8606,430.25,1730.15
R005,VEH,T1_SD_VEH,2026_06_19_merged.mat,TEST,5,34616,8618,430.85,1730.75
R005,VEH,T1_SD_VEH,2026_06_19_merged.mat,TEST,5,34617,8619,430.9,1730.8000000000002
R005,VEH,T1_SD_VEH,2026_06_19_merged.mat,TEST,5,34618,8620,430.95000000000005,1730.8500000000001
R005,VEH,T1_SD_VEH,2026_06_19_merged.mat,TEST,5,34631,8633,431.6,1731.5
R005,VEH,T1_SD_VEH,2026_06_19_merged.mat,TEST,5,34668,8670,433.45000000000005,1733.3500000000001
R005,VEH,T1_SD_VEH,2026_06_19_merged.mat,TEST,5,34722,8724,436.15,1736.0500000000002
R005,VEH,T1_SD_VEH,2026_06_19_merged.mat,TEST,3,34739,8741,437.0,1736.9
R005,VEH,T1_SD_VEH,2026_06_19_merged.mat,TEST,5,34751,8753,437.6,1737.5
R005,VEH,T1_SD_VEH,2026_06_19_merged.mat,TEST,5,34752,8754,437.65,1737.5500000000002
R005,VEH,T1_SD_VEH,2026_06_19_merged.mat,TEST,5,34753,8755,437.70000000000005,1737.6000000000001
R005,VEH,T1_SD_VEH,2026_06_19_merged.mat,TEST,5,34754,8756,437.75,1737.65
R005,VEH,T1_SD_VEH,2026_06_19_merged.mat,TEST,2,34770,8772,438.55,1738.45
R005,VEH,T1_SD_VEH,2026_06_19_merged.mat,TEST,2,34771,8773,438.6,1738.5
R005,VEH,T1_SD_VEH,2026_06_19_merged.mat,TEST,5,34774,8776,438.75,1738.65
R005,VEH,T1_SD_VEH,2026_06_19_merged.mat,TEST,5,34775,8777,438.8,1738.7
R005,VEH,T1_SD_VEH,2026_06_19_merged.mat,TEST,5,34786,8788,439.35,1739.25
R005,VEH,T1_SD_VEH,2026_06_19_merged.mat,TEST,5,34787,8789,439.4,1739.3000000000002
R005,VEH,T1_SD_VEH,2026_06_19_merged.mat,TEST,5,34788,8790,439.45000000000005,1739.3500000000001
R005,VEH,T1_SD_VEH,2026_06_19_merged.mat,TEST,5,34796,8798,439.85,1739.75
R005,VEH,T1_SD_VEH,2026_06_19_merged.mat,TEST,5,34797,8799,439.9,1739.8000000000002
R005,VEH,T1_SD_VEH,2026_06_19_merged.mat,TEST,5,34798,8800,439.95000000000005,1739.8500000000001
R005,VEH,T1_SD_VEH,2026_06_19_merged.mat,TEST,5,34853,8855,442.70000000000005,1742.6000000000001
R005,VEH,T1_SD_VEH,2026_06_19_merged.mat,TEST,5,34855,8857,442.8,1742.7
R005,VEH,T1_SD_VEH,2026_06_19_merged.mat,TEST,2,34873,8875,443.70000000000005,1743.6000000000001
R005,VEH,T1_SD_VEH,2026_06_19_merged.mat,TEST,5,34917,8919,445.9,1745.8000000000002
R005,VEH,T1_SD_VEH,2026_06_19_merged.mat,TEST,5,34918,8920,445.95000000000005,1745.8500000000001
R005,VEH,T1_SD_VEH,2026_06_19_merged.mat,TEST,5,34919,8921,446.0,1745.9
R005,VEH,T1_SD_VEH,2026_06_19_merged.mat,TEST,5,34920,8922,446.05,1745.95
R005,VEH,T1_SD_VEH,2026_06_19_merged.mat,TEST,5,34921,8923,446.1,1746.0
R005,VEH,T1_SD_VEH,2026_06_19_merged.mat,TEST,5,34922,8924,446.15,1746.0500000000002
R005,VEH,T1_SD_VEH,2026_06_19_merged.mat,TEST,5,34951,8953,447.6,1747.5
R005,VEH,T1_SD_VEH,2026_06_19_merged.mat,TEST,5,34952,8954,447.65,1747.5500000000002
R005,VEH,T1_SD_VEH,2026_06_19_merged.mat,TEST,5,34962,8964,448.15,1748.0500000000002
R005,VEH,T1_SD_VEH,2026_06_19_merged.mat,TEST,5,34963,8965,448.20000000000005,1748.1000000000001
R005,VEH,T1_SD_VEH,2026_06_19_merged.mat,TEST,5,34964,8966,448.25,1748.15
R005,VEH,T1_SD_VEH,2026_06_19_merged.mat,TEST,5,34965,8967,448.3,1748.2
R005,VEH,T1_SD_VEH,2026_06_19_merged.mat,TEST,5,34994,8996,449.75,1749.65
R005,VEH,T1_SD_VEH,2026_06_19_merged.mat,TEST,5,34995,8997,449.8,1749.7
R005,VEH,T1_SD_VEH,2026_06_19_merged.mat,TEST,5,34996,8998,449.85,1749.75
R005,VEH,T1_SD_VEH,2026_06_19_merged.mat,TEST,5,34997,8999,449.9,1749.8000000000002
R005,VEH,T1_SD_VEH,2026_06_19_merged.mat,TEST,2,35007,9009,450.4,1750.3000000000002
R005,VEH,T1_SD_VEH,2026_06_19_merged.mat,TEST,5,35023,9025,451.20000000000005,1751.1000000000001
R005,VEH,T1_SD_VEH,2026_06_19_merged.mat,TEST,5,35024,9026,451.25,1751.15
R005,VEH,T1_SD_VEH,2026_06_19_merged.mat,TEST,5,35025,9027,451.3,1751.2
R005,VEH,T1_SD_VEH,2026_06_19_merged.mat,TEST,5,35026,9028,451.35,1751.25
R005,VEH,T1_SD_VEH,2026_06_19_merged.mat,TEST,5,35063,9065,453.20000000000005,1753.1000000000001
R005,VEH,T1_SD_VEH,2026_06_19_merged.mat,TEST,5,35064,9066,453.25,1753.15
R005,VEH,T1_SD_VEH,2026_06_19_merged.mat,TEST,5,35065,9067,453.3,1753.2
R005,VEH,T1_SD_VEH,2026_06_19_merged.mat,TEST,5,35066,9068,453.35,1753.25
R005,VEH,T1_SD_VEH,2026_06_19_merged.mat,TEST,5,35067,9069,453.4,1753.3000000000002
R005,VEH,T1_SD_VEH,2026_06_19_merged.mat,TEST,5,35068,9070,453.45000000000005,1753.3500000000001
R005,VEH,T1_SD_VEH,2026_06_19_merged.mat,TEST,2,35070,9072,453.55,1753.45
R005,VEH,T1_SD_VEH,2026_06_19_merged.mat,TEST,5,35071,9073,453.6,1753.5
R005,VEH,T1_SD_VEH,2026_06_19_merged.mat,TEST,5,35072,9074,453.65,1753.5500000000002
R005,VEH,T1_SD_VEH,2026_06_19_merged.mat,TEST,2,35073,9075,453.70000000000005,1753.6000000000001
R005,VEH,T1_SD_VEH,2026_06_19_merged.mat,TEST,5,35085,9087,454.3,1754.2
R005,VEH,T1_SD_VEH,2026_06_19_merged.mat,TEST,5,35094,9096,454.75,1754.65
R005,VEH,T1_SD_VEH,2026_06_19_merged.mat,TEST,5,35095,9097,454.8,1754.7
R005,VEH,T1_SD_VEH,2026_06_19_merged.mat,TEST,5,35096,9098,454.85,1754.75
R005,VEH,T1_SD_VEH,2026_06_19_merged.mat,TEST,5,35098,9100,454.95000000000005,1754.8500000000001
R005,VEH,T1_SD_VEH,2026_06_19_merged.mat,TEST,5,35099,9101,455.0,1754.9
R005,VEH,T1_SD_VEH,2026_06_19_merged.mat,TEST,5,35100,9102,455.05,1754.95
R005,VEH,T1_SD_VEH,2026_06_19_merged.mat,TEST,5,35101,9103,455.1,1755.0
R005,VEH,T1_SD_VEH,2026_06_19_merged.mat,TEST,5,35104,9106,455.25,1755.15
R005,VEH,T1_SD_VEH,2026_06_19_merged.mat,TEST,5,35106,9108,455.35,1755.25
R005,VEH,T1_SD_VEH,2026_06_19_merged.mat,TEST,5,35114,9116,455.75,1755.65
R005,VEH,T1_SD_VEH,2026_06_19_merged.mat,TEST,5,35115,9117,455.8,1755.7
R005,VEH,T1_SD_VEH,2026_06_19_merged.mat,TEST,5,35116,9118,455.85,1755.75
R005,VEH,T1_SD_VEH,2026_06_19_merged.mat,TEST,2,35127,9129,456.4,1756.3000000000002
R005,VEH,T1_SD_VEH,2026_06_19_merged.mat,TEST,5,35151,9153,457.6,1757.5
R005,VEH,T1_SD_VEH,2026_06_19_merged.mat,TEST,5,35152,9154,457.65,1757.5500000000002
R005,VEH,T1_SD_VEH,2026_06_19_merged.mat,TEST,5,35153,9155,457.70000000000005,1757.6000000000001
R005,VEH,T1_SD_VEH,2026_06_19_merged.mat,TEST,5,35154,9156,457.75,1757.65
R005,VEH,T1_SD_VEH,2026_06_19_merged.mat,TEST,5,35155,9157,457.8,1757.7
R005,VEH,T1_SD_VEH,2026_06_19_merged.mat,TEST,2,35195,9197,459.8,1759.7
R005,VEH,T1_SD_VEH,2026_06_19_merged.mat,TEST,5,35215,9217,460.8,1760.7
R005,VEH,T1_SD_VEH,2026_06_19_merged.mat,TEST,4,35255,9257,462.8,1762.7
R005,VEH,T1_SD_VEH,2026_06_19_merged.mat,TEST,5,35256,9258,462.85,1762.75
R005,VEH,T1_SD_VEH,2026_06_19_merged.mat,TEST,5,35257,9259,462.9,1762.8000000000002
R005,VEH,T1_SD_VEH,2026_06_19_merged.mat,TEST,5,35258,9260,462.95000000000005,1762.8500000000001
R005,VEH,T1_SD_VEH,2026_06_19_merged.mat,TEST,5,35259,9261,463.0,1762.9
R005,VEH,T1_SD_VEH,2026_06_19_merged.mat,TEST,5,35260,9262,463.05,1762.95
R005,VEH,T1_SD_VEH,2026_06_19_merged.mat,TEST,5,35261,9263,463.1,1763.0
R005,VEH,T1_SD_VEH,2026_06_19_merged.mat,TEST,5,35262,9264,463.15,1763.0500000000002
R005,VEH,T1_SD_VEH,2026_06_19_merged.mat,TEST,4,35263,9265,463.20000000000005,1763.1000000000001
R005,VEH,T1_SD_VEH,2026_06_19_merged.mat,TEST,4,35266,9268,463.35,1763.25
R005,VEH,T1_SD_VEH,2026_06_19_merged.mat,TEST,5,35275,9277,463.8,1763.7
R005,VEH,T1_SD_VEH,2026_06_19_merged.mat,TEST,5,35285,9287,464.3,1764.2
R005,VEH,T1_SD_VEH,2026_06_19_merged.mat,TEST,5,35286,9288,464.35,1764.25
R005,VEH,T1_SD_VEH,2026_06_19_merged.mat,TEST,5,35287,9289,464.4,1764.3000000000002
R005,VEH,T1_SD_VEH,2026_06_19_merged.mat,TEST,5,35309,9311,465.5,1765.4
R005,VEH,T1_SD_VEH,2026_06_19_merged.mat,TEST,5,35310,9312,465.55,1765.45
R005,VEH,T1_SD_VEH,2026_06_19_merged.mat,TEST,5,35311,9313,465.6,1765.5
R005,VEH,T1_SD_VEH,2026_06_19_merged.mat,TEST,5,35312,9314,465.65,1765.5500000000002
R005,VEH,T1_SD_VEH,2026_06_19_merged.mat,TEST,5,35320,9322,466.05,1765.95
R005,VEH,T1_SD_VEH,2026_06_19_merged.mat,TEST,5,35328,9330,466.45000000000005,1766.3500000000001
R005,VEH,T1_SD_VEH,2026_06_19_merged.mat,TEST,5,35329,9331,466.5,1766.4
R005,VEH,T1_SD_VEH,2026_06_19_merged.mat,TEST,5,35330,9332,466.55,1766.45
R005,VEH,T1_SD_VEH,2026_06_19_merged.mat,TEST,5,35331,9333,466.6,1766.5
R005,VEH,T1_SD_VEH,2026_06_19_merged.mat,TEST,5,35340,9342,467.05,1766.95
R005,VEH,T1_SD_VEH,2026_06_19_merged.mat,TEST,5,35341,9343,467.1,1767.0
R005,VEH,T1_SD_VEH,2026_06_19_merged.mat,TEST,5,35350,9352,467.55,1767.45
R005,VEH,T1_SD_VEH,2026_06_19_merged.mat,TEST,5,35359,9361,468.0,1767.9
R005,VEH,T1_SD_VEH,2026_06_19_merged.mat,TEST,5,35396,9398,469.85,1769.75
R005,VEH,T1_SD_VEH,2026_06_19_merged.mat,TEST,5,35397,9399,469.9,1769.8000000000002
R005,VEH,T1_SD_VEH,2026_06_19_merged.mat,TEST,5,35398,9400,469.95000000000005,1769.8500000000001
R005,VEH,T1_SD_VEH,2026_06_19_merged.mat,TEST,5,35399,9401,470.0,1769.9
R005,VEH,T1_SD_VEH,2026_06_19_merged.mat,TEST,5,35400,9402,470.05,1769.95
R005,VEH,T1_SD_VEH,2026_06_19_merged.mat,TEST,2,35452,9454,472.65,1772.5500000000002
R005,VEH,T1_SD_VEH,2026_06_19_merged.mat,TEST,2,35453,9455,472.70000000000005,1772.6000000000001
R005,VEH,T1_SD_VEH,2026_06_19_merged.mat,TEST,5,35454,9456,472.75,1772.65
R005,VEH,T1_SD_VEH,2026_06_19_merged.mat,TEST,5,35455,9457,472.8,1772.7
R005,VEH,T1_SD_VEH,2026_06_19_merged.mat,TEST,5,35456,9458,472.85,1772.75
R005,VEH,T1_SD_VEH,2026_06_19_merged.mat,TEST,5,35457,9459,472.9,1772.8000000000002
R005,VEH,T1_SD_VEH,2026_06_19_merged.mat,TEST,2,35503,9505,475.20000000000005,1775.1000000000001
R005,VEH,T1_SD_VEH,2026_06_19_merged.mat,TEST,3,35511,9513,475.6,1775.5
R005,VEH,T1_SD_VEH,2026_06_19_merged.mat,TEST,5,35562,9564,478.15,1778.0500000000002
R005,VEH,T1_SD_VEH,2026_06_19_merged.mat,TEST,5,35563,9565,478.20000000000005,1778.1000000000001
R005,VEH,T1_SD_VEH,2026_06_19_merged.mat,TEST,5,35564,9566,478.25,1778.15
R005,VEH,T1_SD_VEH,2026_06_19_merged.mat,TEST,5,35565,9567,478.3,1778.2
R005,VEH,T1_SD_VEH,2026_06_19_merged.mat,TEST,5,35573,9575,478.70000000000005,1778.6000000000001
R005,VEH,T1_SD_VEH,2026_06_19_merged.mat,TEST,5,35574,9576,478.75,1778.65
R005,VEH,T1_SD_VEH,2026_06_19_merged.mat,TEST,5,35575,9577,478.8,1778.7
R005,VEH,T1_SD_VEH,2026_06_19_merged.mat,TEST,5,35576,9578,478.85,1778.75
R005,VEH,T1_SD_VEH,2026_06_19_merged.mat,TEST,5,35577,9579,478.9,1778.8000000000002
R005,VEH,T1_SD_VEH,2026_06_19_merged.mat,TEST,5,35584,9586,479.25,1779.15
R005,VEH,T1_SD_VEH,2026_06_19_merged.mat,TEST,5,35585,9587,479.3,1779.2
R005,VEH,T1_SD_VEH,2026_06_19_merged.mat,TEST,5,35586,9588,479.35,1779.25
R005,VEH,T1_SD_VEH,2026_06_19_merged.mat,TEST,5,35587,9589,479.4,1779.3000000000002
R005,VEH,T1_SD_VEH,2026_06_19_merged.mat,TEST,5,35588,9590,479.45000000000005,1779.3500000000001
R005,VEH,T1_SD_VEH,2026_06_19_merged.mat,TEST,3,35593,9595,479.70000000000005,1779.6000000000001
R005,VEH,T1_SD_VEH,2026_06_19_merged.mat,TEST,5,35597,9599,479.9,1779.8000000000002
R005,VEH,T1_SD_VEH,2026_06_19_merged.mat,TEST,5,35600,9602,480.05,1779.95
R005,VEH,T1_SD_VEH,2026_06_19_merged.mat,TEST,2,35605,9607,480.3,1780.2
R005,VEH,T1_SD_VEH,2026_06_19_merged.mat,TEST,2,35606,9608,480.35,1780.25
R005,VEH,T1_SD_VEH,2026_06_19_merged.mat,TEST,5,35625,9627,481.3,1781.2
R005,VEH,T1_SD_VEH,2026_06_19_merged.mat,TEST,5,35626,9628,481.35,1781.25
R005,VEH,T1_SD_VEH,2026_06_19_merged.mat,TEST,5,35627,9629,481.4,1781.3000000000002
R005,VEH,T1_SD_VEH,2026_06_19_merged.mat,TEST,5,35628,9630,481.45000000000005,1781.3500000000001
R005,VEH,T1_SD_VEH,2026_06_19_merged.mat,TEST,5,35629,9631,481.5,1781.4
R005,VEH,T1_SD_VEH,2026_06_19_merged.mat,TEST,2,35637,9639,481.9,1781.8000000000002
R005,VEH,T1_SD_VEH,2026_06_19_merged.mat,TEST,5,35662,9664,483.15,1783.0500000000002
R005,VEH,T1_SD_VEH,2026_06_19_merged.mat,TEST,5,35663,9665,483.20000000000005,1783.1000000000001
R005,VEH,T1_SD_VEH,2026_06_19_merged.mat,TEST,5,35664,9666,483.25,1783.15
R005,VEH,T1_SD_VEH,2026_06_19_merged.mat,TEST,5,35665,9667,483.3,1783.2
R005,VEH,T1_SD_VEH,2026_06_19_merged.mat,TEST,5,35674,9676,483.75,1783.65
R005,VEH,T1_SD_VEH,2026_06_19_merged.mat,TEST,5,35675,9677,483.8,1783.7
R005,VEH,T1_SD_VEH,2026_06_19_merged.mat,TEST,5,35712,9714,485.65,1785.5500000000002
R005,VEH,T1_SD_VEH,2026_06_19_merged.mat,TEST,5,35716,9718,485.85,1785.75
R005,VEH,T1_SD_VEH,2026_06_19_merged.mat,TEST,5,35717,9719,485.9,1785.8000000000002
R005,VEH,T1_SD_VEH,2026_06_19_merged.mat,TEST,5,35718,9720,485.95000000000005,1785.8500000000001
R005,VEH,T1_SD_VEH,2026_06_19_merged.mat,TEST,5,35719,9721,486.0,1785.9
R005,VEH,T1_SD_VEH,2026_06_19_merged.mat,TEST,5,35720,9722,486.05,1785.95
R005,VEH,T1_SD_VEH,2026_06_19_merged.mat,TEST,5,35721,9723,486.1,1786.0
R005,VEH,T1_SD_VEH,2026_06_19_merged.mat,TEST,5,35722,9724,486.15,1786.0500000000002
R005,VEH,T1_SD_VEH,2026_06_19_merged.mat,TEST,5,35723,9725,486.20000000000005,1786.1000000000001
R005,VEH,T1_SD_VEH,2026_06_19_merged.mat,TEST,5,35787,9789,489.4,1789.3000000000002
R005,VEH,T1_SD_VEH,2026_06_19_merged.mat,TEST,5,35788,9790,489.45000000000005,1789.3500000000001
R005,VEH,T1_SD_VEH,2026_06_19_merged.mat,TEST,5,35807,9809,490.4,1790.3000000000002
R005,VEH,T1_SD_VEH,2026_06_19_merged.mat,TEST,5,35808,9810,490.45000000000005,1790.3500000000001
R005,VEH,T1_SD_VEH,2026_06_19_merged.mat,TEST,5,35809,9811,490.5,1790.4
R005,VEH,T1_SD_VEH,2026_06_19_merged.mat,TEST,5,35810,9812,490.55,1790.45
R005,VEH,T1_SD_VEH,2026_06_19_merged.mat,TEST,5,35811,9813,490.6,1790.5
R005,VEH,T1_SD_VEH,2026_06_19_merged.mat,TEST,2,35818,9820,490.95000000000005,1790.8500000000001
R005,VEH,T1_SD_VEH,2026_06_19_merged.mat,TEST,2,35819,9821,491.0,1790.9
R005,VEH,T1_SD_VEH,2026_06_19_merged.mat,TEST,3,35857,9859,492.9,1792.8000000000002
R005,VEH,T1_SD_VEH,2026_06_19_merged.mat,TEST,5,35882,9884,494.15,1794.0500000000002
R005,VEH,T1_SD_VEH,2026_06_19_merged.mat,TEST,5,35905,9907,495.3,1795.2
R005,VEH,T1_SD_VEH,2026_06_19_merged.mat,TEST,5,35906,9908,495.35,1795.25
R005,VEH,T1_SD_VEH,2026_06_19_merged.mat,TEST,5,35913,9915,495.70000000000005,1795.6000000000001
R005,VEH,T1_SD_VEH,2026_06_19_merged.mat,TEST,5,35914,9916,495.75,1795.65
R005,VEH,T1_SD_VEH,2026_06_19_merged.mat,TEST,3,35915,9917,495.8,1795.7
R005,VEH,T1_SD_VEH,2026_06_19_merged.mat,TEST,2,35926,9928,496.35,1796.25
R005,VEH,T1_SD_VEH,2026_06_19_merged.mat,TEST,5,35927,9929,496.4,1796.3000000000002
R005,VEH,T1_SD_VEH,2026_06_19_merged.mat,TEST,5,35928,9930,496.45000000000005,1796.3500000000001
R005,VEH,T1_SD_VEH,2026_06_19_merged.mat,TEST,5,35929,9931,496.5,1796.4
R005,VEH,T1_SD_VEH,2026_06_19_merged.mat,TEST,2,35950,9952,497.55,1797.45
R005,VEH,T1_SD_VEH,2026_06_19_merged.mat,TEST,5,35951,9953,497.6,1797.5
R005,VEH,T1_SD_VEH,2026_06_19_merged.mat,TEST,5,35952,9954,497.65,1797.5500000000002
R005,VEH,T1_SD_VEH,2026_06_19_merged.mat,TEST,5,35953,9955,497.70000000000005,1797.6000000000001
R005,VEH,T1_SD_VEH,2026_06_19_merged.mat,TEST,5,35954,9956,497.75,1797.65
R005,VEH,T1_SD_VEH,2026_06_19_merged.mat,TEST,3,35958,9960,497.95000000000005,1797.8500000000001
R005,VEH,T1_SD_VEH,2026_06_19_merged.mat,TEST,3,35959,9961,498.0,1797.9
R005,VEH,T1_SD_VEH,2026_06_19_merged.mat,TEST,5,35962,9964,498.15,1798.0500000000002
R005,VEH,T1_SD_VEH,2026_06_19_merged.mat,TEST,5,35963,9965,498.20000000000005,1798.1000000000001
R005,VEH,T1_SD_VEH,2026_06_19_merged.mat,TEST,5,35964,9966,498.25,1798.15
R005,VEH,T1_SD_VEH,2026_06_19_merged.mat,TEST,5,35965,9967,498.3,1798.2
R005,VEH,T1_SD_VEH,2026_06_19_merged.mat,TEST,5,35966,9968,498.35,1798.25
R005,VEH,T1_SD_VEH,2026_06_19_merged.mat,TEST,3,35969,9971,498.5,1798.4
R005,VEH,T1_SD_VEH,2026_06_19_merged.mat,TEST,5,35972,9974,498.65,1798.5500000000002
R005,VEH,T1_SD_VEH,2026_06_19_merged.mat,TEST,5,35973,9975,498.70000000000005,1798.6000000000001
R005,VEH,T1_SD_VEH,2026_06_19_merged.mat,TEST,5,35974,9976,498.75,1798.65
R005,VEH,T1_SD_VEH,2026_06_19_merged.mat,TEST,5,35975,9977,498.8,1798.7
R005,VEH,T1_SD_VEH,2026_06_19_merged.mat,TEST,3,35992,9994,499.65,1799.5500000000002
R005,VEH,T1_SD_VEH,2026_06_19_merged.mat,TEST,3,36018,10020,500.95000000000005,1800.8500000000001
R005,VEH,T1_SD_VEH,2026_06_19_merged.mat,TEST,3,36019,10021,501.0,1800.9
R005,VEH,T1_SD_VEH,2026_06_19_merged.mat,TEST,3,36020,10022,501.05,1800.95
R005,VEH,T1_SD_VEH,2026_06_19_merged.mat,TEST,5,36025,10027,501.3,1801.2
R005,VEH,T1_SD_VEH,2026_06_19_merged.mat,TEST,2,36031,10033,501.6,1801.5
R005,VEH,T1_SD_VEH,2026_06_19_merged.mat,TEST,2,36032,10034,501.65,1801.5500000000002
R005,VEH,T1_SD_VEH,2026_06_19_merged.mat,TEST,2,36034,10036,501.75,1801.65
R005,VEH,T1_SD_VEH,2026_06_19_merged.mat,TEST,5,36035,10037,501.8,1801.7
R005,VEH,T1_SD_VEH,2026_06_19_merged.mat,TEST,5,36036,10038,501.85,1801.75
R005,VEH,T1_SD_VEH,2026_06_19_merged.mat,TEST,5,36037,10039,501.9,1801.8000000000002
R005,VEH,T1_SD_VEH,2026_06_19_merged.mat,TEST,2,36054,10056,502.75,1802.65
R005,VEH,T1_SD_VEH,2026_06_19_merged.mat,TEST,5,36055,10057,502.8,1802.7
R005,VEH,T1_SD_VEH,2026_06_19_merged.mat,TEST,5,36056,10058,502.85,1802.75
R005,VEH,T1_SD_VEH,2026_06_19_merged.mat,TEST,5,36058,10060,502.95000000000005,1802.8500000000001
R005,VEH,T1_SD_VEH,2026_06_19_merged.mat,TEST,3,36071,10073,503.6,1803.5
R005,VEH,T1_SD_VEH,2026_06_19_merged.mat,TEST,5,36082,10084,504.15,1804.0500000000002
R005,VEH,T1_SD_VEH,2026_06_19_merged.mat,TEST,5,36083,10085,504.20000000000005,1804.1000000000001
R005,VEH,T1_SD_VEH,2026_06_19_merged.mat,TEST,5,36084,10086,504.25,1804.15
R005,VEH,T1_SD_VEH,2026_06_19_merged.mat,TEST,5,36095,10097,504.8,1804.7
R005,VEH,T1_SD_VEH,2026_06_19_merged.mat,TEST,5,36096,10098,504.85,1804.75
R005,VEH,T1_SD_VEH,2026_06_19_merged.mat,TEST,5,36097,10099,504.9,1804.8000000000002
R005,VEH,T1_SD_VEH,2026_06_19_merged.mat,TEST,5,36105,10107,505.3,1805.2
R005,VEH,T1_SD_VEH,2026_06_19_merged.mat,TEST,5,36106,10108,505.35,1805.25
R005,VEH,T1_SD_VEH,2026_06_19_merged.mat,TEST,5,36107,10109,505.4,1805.3000000000002
R005,VEH,T1_SD_VEH,2026_06_19_merged.mat,TEST,5,36108,10110,505.45000000000005,1805.3500000000001
R005,VEH,T1_SD_VEH,2026_06_19_merged.mat,TEST,2,36134,10136,506.75,1806.65
R005,VEH,T1_SD_VEH,2026_06_19_merged.mat,TEST,5,36137,10139,506.9,1806.8000000000002
R005,VEH,T1_SD_VEH,2026_06_19_merged.mat,TEST,5,36138,10140,506.95000000000005,1806.8500000000001
R005,VEH,T1_SD_VEH,2026_06_19_merged.mat,TEST,5,36139,10141,507.0,1806.9
R005,VEH,T1_SD_VEH,2026_06_19_merged.mat,TEST,5,36140,10142,507.05,1806.95
R005,VEH,T1_SD_VEH,2026_06_19_merged.mat,TEST,5,36154,10156,507.75,1807.65
R005,VEH,T1_SD_VEH,2026_06_19_merged.mat,TEST,4,36156,10158,507.85,1807.75
R005,VEH,T1_SD_VEH,2026_06_19_merged.mat,TEST,2,36206,10208,510.35,1810.25
R005,VEH,T1_SD_VEH,2026_06_19_merged.mat,TEST,5,36208,10210,510.45000000000005,1810.3500000000001
R005,VEH,T1_SD_VEH,2026_06_19_merged.mat,TEST,5,36209,10211,510.5,1810.4
R005,VEH,T1_SD_VEH,2026_06_19_merged.mat,TEST,5,36210,10212,510.55,1810.45
R005,VEH,T1_SD_VEH,2026_06_19_merged.mat,TEST,5,36211,10213,510.6,1810.5
R005,VEH,T1_SD_VEH,2026_06_19_merged.mat,TEST,5,36212,10214,510.65,1810.5500000000002
R005,VEH,T1_SD_VEH,2026_06_19_merged.mat,TEST,5,36213,10215,510.70000000000005,1810.6000000000001
R005,VEH,T1_SD_VEH,2026_06_19_merged.mat,TEST,3,36246,10248,512.35,1812.25
R005,VEH,T1_SD_VEH,2026_06_19_merged.mat,TEST,3,36247,10249,512.4,1812.3000000000002
R005,VEH,T1_SD_VEH,2026_06_19_merged.mat,TEST,3,36248,10250,512.45,1812.3500000000001
R005,VEH,T1_SD_VEH,2026_06_19_merged.mat,TEST,2,36268,10270,513.45,1813.3500000000001
R005,VEH,T1_SD_VEH,2026_06_19_merged.mat,TEST,5,36285,10287,514.3,1814.2
R005,VEH,T1_SD_VEH,2026_06_19_merged.mat,TEST,5,36286,10288,514.35,1814.25
R005,VEH,T1_SD_VEH,2026_06_19_merged.mat,TEST,5,36287,10289,514.4,1814.3000000000002
R005,VEH,T1_SD_VEH,2026_06_19_merged.mat,TEST,5,36289,10291,514.5,1814.4
R005,VEH,T1_SD_VEH,2026_06_19_merged.mat,TEST,5,36345,10347,517.3,1817.2
R005,VEH,T1_SD_VEH,2026_06_19_merged.mat,TEST,3,36382,10384,519.15,1819.0500000000002
R005,VEH,T1_SD_VEH,2026_06_19_merged.mat,TEST,5,36398,10400,519.95,1819.8500000000001
R005,VEH,T1_SD_VEH,2026_06_19_merged.mat,TEST,5,36399,10401,520.0,1819.9
R005,VEH,T1_SD_VEH,2026_06_19_merged.mat,TEST,5,36400,10402,520.05,1819.95
R005,VEH,T1_SD_VEH,2026_06_19_merged.mat,TEST,5,36401,10403,520.1,1820.0
R005,VEH,T1_SD_VEH,2026_06_19_merged.mat,TEST,5,36412,10414,520.65,1820.5500000000002
R005,VEH,T1_SD_VEH,2026_06_19_merged.mat,TEST,2,36413,10415,520.7,1820.6000000000001
R005,VEH,T1_SD_VEH,2026_06_19_merged.mat,TEST,3,36415,10417,520.8,1820.7
R005,VEH,T1_SD_VEH,2026_06_19_merged.mat,TEST,5,36422,10424,521.15,1821.0500000000002
R005,VEH,T1_SD_VEH,2026_06_19_merged.mat,TEST,5,36423,10425,521.2,1821.1000000000001
R005,VEH,T1_SD_VEH,2026_06_19_merged.mat,TEST,3,36447,10449,522.4,1822.3000000000002
R005,VEH,T1_SD_VEH,2026_06_19_merged.mat,TEST,2,36477,10479,523.9,1823.8000000000002
R005,VEH,T1_SD_VEH,2026_06_19_merged.mat,TEST,5,36484,10486,524.25,1824.15
R005,VEH,T1_SD_VEH,2026_06_19_merged.mat,TEST,5,36486,10488,524.35,1824.25
R005,VEH,T1_SD_VEH,2026_06_19_merged.mat,TEST,5,36487,10489,524.4,1824.3000000000002
R005,VEH,T1_SD_VEH,2026_06_19_merged.mat,TEST,5,36488,10490,524.45,1824.3500000000001
R005,VEH,T1_SD_VEH,2026_06_19_merged.mat,TEST,5,36489,10491,524.5,1824.4
R005,VEH,T1_SD_VEH,2026_06_19_merged.mat,TEST,5,36490,10492,524.55,1824.45
R005,VEH,T1_SD_VEH,2026_06_19_merged.mat,TEST,5,36491,10493,524.6,1824.5
R005,VEH,T1_SD_VEH,2026_06_19_merged.mat,TEST,2,36530,10532,526.55,1826.45
R005,VEH,T1_SD_VEH,2026_06_19_merged.mat,TEST,2,36532,10534,526.65,1826.5500000000002
R005,VEH,T1_SD_VEH,2026_06_19_merged.mat,TEST,5,36533,10535,526.7,1826.6000000000001
R005,VEH,T1_SD_VEH,2026_06_19_merged.mat,TEST,5,36534,10536,526.75,1826.65
R005,VEH,T1_SD_VEH,2026_06_19_merged.mat,TEST,5,36535,10537,526.8,1826.7
R005,VEH,T1_SD_VEH,2026_06_19_merged.mat,TEST,5,36544,10546,527.25,1827.15
R005,VEH,T1_SD_VEH,2026_06_19_merged.mat,TEST,5,36545,10547,527.3,1827.2
R005,VEH,T1_SD_VEH,2026_06_19_merged.mat,TEST,5,36546,10548,527.35,1827.25
R005,VEH,T1_SD_VEH,2026_06_19_merged.mat,TEST,5,36559,10561,528.0,1827.9
R005,VEH,T1_SD_VEH,2026_06_19_merged.mat,TEST,5,36560,10562,528.05,1827.95
R005,VEH,T1_SD_VEH,2026_06_19_merged.mat,TEST,5,36561,10563,528.1,1828.0
R005,VEH,T1_SD_VEH,2026_06_19_merged.mat,TEST,5,36562,10564,528.15,1828.0500000000002
R005,VEH,T1_SD_VEH,2026_06_19_merged.mat,TEST,5,36563,10565,528.2,1828.1000000000001
R005,VEH,T1_SD_VEH,2026_06_19_merged.mat,TEST,5,36572,10574,528.65,1828.5500000000002
R005,VEH,T1_SD_VEH,2026_06_19_merged.mat,TEST,5,36573,10575,528.7,1828.6000000000001
R005,VEH,T1_SD_VEH,2026_06_19_merged.mat,TEST,5,36574,10576,528.75,1828.65
R005,VEH,T1_SD_VEH,2026_06_19_merged.mat,TEST,5,36586,10588,529.35,1829.25
R005,VEH,T1_SD_VEH,2026_06_19_merged.mat,TEST,5,36587,10589,529.4,1829.3000000000002
R005,VEH,T1_SD_VEH,2026_06_19_merged.mat,TEST,5,36588,10590,529.45,1829.3500000000001
R005,VEH,T1_SD_VEH,2026_06_19_merged.mat,TEST,5,36589,10591,529.5,1829.4
R005,VEH,T1_SD_VEH,2026_06_19_merged.mat,TEST,5,36598,10600,529.95,1829.8500000000001
R005,VEH,T1_SD_VEH,2026_06_19_merged.mat,TEST,5,36599,10601,530.0,1829.9
R005,VEH,T1_SD_VEH,2026_06_19_merged.mat,TEST,5,36600,10602,530.05,1829.95
R005,VEH,T1_SD_VEH,2026_06_19_merged.mat,TEST,5,36601,10603,530.1,1830.0
R005,VEH,T1_SD_VEH,2026_06_19_merged.mat,TEST,5,36640,10642,532.05,1831.95
R005,VEH,T1_SD_VEH,2026_06_19_merged.mat,TEST,5,36641,10643,532.1,1832.0
R005,VEH,T1_SD_VEH,2026_06_19_merged.mat,TEST,5,36642,10644,532.15,1832.0500000000002
R005,VEH,T1_SD_VEH,2026_06_19_merged.mat,TEST,3,36644,10646,532.25,1832.15
R005,VEH,T1_SD_VEH,2026_06_19_merged.mat,TEST,5,36658,10660,532.95,1832.8500000000001
R005,VEH,T1_SD_VEH,2026_06_19_merged.mat,TEST,5,36659,10661,533.0,1832.9
R005,VEH,T1_SD_VEH,2026_06_19_merged.mat,TEST,5,36660,10662,533.05,1832.95
R005,VEH,T1_SD_VEH,2026_06_19_merged.mat,TEST,5,36661,10663,533.1,1833.0
R005,VEH,T1_SD_VEH,2026_06_19_merged.mat,TEST,5,36662,10664,533.15,1833.0500000000002
R005,VEH,T1_SD_VEH,2026_06_19_merged.mat,TEST,5,36663,10665,533.2,1833.1000000000001
R005,VEH,T1_SD_VEH,2026_06_19_merged.mat,TEST,5,36681,10683,534.1,1834.0
R005,VEH,T1_SD_VEH,2026_06_19_merged.mat,TEST,5,36682,10684,534.15,1834.0500000000002
R005,VEH,T1_SD_VEH,2026_06_19_merged.mat,TEST,5,36683,10685,534.2,1834.1000000000001
R005,VEH,T1_SD_VEH,2026_06_19_merged.mat,TEST,5,36716,10718,535.85,1835.75
R005,VEH,T1_SD_VEH,2026_06_19_merged.mat,TEST,5,36717,10719,535.9,1835.8000000000002
R005,VEH,T1_SD_VEH,2026_06_19_merged.mat,TEST,5,36718,10720,535.95,1835.8500000000001
R005,VEH,T1_SD_VEH,2026_06_19_merged.mat,TEST,3,36743,10745,537.2,1837.1000000000001
R005,VEH,T1_SD_VEH,2026_06_19_merged.mat,TEST,5,36746,10748,537.35,1837.25
R005,VEH,T1_SD_VEH,2026_06_19_merged.mat,TEST,5,36747,10749,537.4,1837.3000000000002
R005,VEH,T1_SD_VEH,2026_06_19_merged.mat,TEST,3,36769,10771,538.5,1838.4
R005,VEH,T1_SD_VEH,2026_06_19_merged.mat,TEST,5,36775,10777,538.8,1838.7
R005,VEH,T1_SD_VEH,2026_06_19_merged.mat,TEST,5,36776,10778,538.85,1838.75
R005,VEH,T1_SD_VEH,2026_06_19_merged.mat,TEST,5,36777,10779,538.9,1838.8000000000002
R005,VEH,T1_SD_VEH,2026_06_19_merged.mat,TEST,5,36784,10786,539.25,1839.15
R005,VEH,T1_SD_VEH,2026_06_19_merged.mat,TEST,5,36785,10787,539.3,1839.2
R005,VEH,T1_SD_VEH,2026_06_19_merged.mat,TEST,5,36786,10788,539.35,1839.25
R005,VEH,T1_SD_VEH,2026_06_19_merged.mat,TEST,5,36787,10789,539.4,1839.3000000000002
R005,VEH,T1_SD_VEH,2026_06_19_merged.mat,TEST,5,36788,10790,539.45,1839.3500000000001
R005,VEH,T1_SD_VEH,2026_06_19_merged.mat,TEST,5,36789,10791,539.5,1839.4
R005,VEH,T1_SD_VEH,2026_06_19_merged.mat,TEST,5,36798,10800,539.95,1839.8500000000001
R005,VEH,T1_SD_VEH,2026_06_19_merged.mat,TEST,5,36799,10801,540.0,1839.9
R005,VEH,T1_SD_VEH,2026_06_19_merged.mat,TEST,5,36800,10802,540.05,1839.95
R005,VEH,T1_SD_VEH,2026_06_19_merged.mat,TEST,5,36804,10806,540.25,1840.15
R005,VEH,T1_SD_VEH,2026_06_19_merged.mat,TEST,5,36805,10807,540.3,1840.2
R005,VEH,T1_SD_VEH,2026_06_19_merged.mat,TEST,5,36821,10823,541.1,1841.0
R005,VEH,T1_SD_VEH,2026_06_19_merged.mat,TEST,5,36822,10824,541.15,1841.0500000000002
R005,VEH,T1_SD_VEH,2026_06_19_merged.mat,TEST,5,36823,10825,541.2,1841.1000000000001
R005,VEH,T1_SD_VEH,2026_06_19_merged.mat,TEST,5,36824,10826,541.25,1841.15
R005,VEH,T1_SD_VEH,2026_06_19_merged.mat,TEST,1,36837,10839,541.9,1841.8000000000002
R005,VEH,T1_SD_VEH,2026_06_19_merged.mat,TEST,1,36838,10840,541.95,1841.8500000000001
R005,VEH,T1_SD_VEH,2026_06_19_merged.mat,TEST,3,36878,10880,543.95,1843.8500000000001
R005,VEH,T1_SD_VEH,2026_06_19_merged.mat,TEST,3,36879,10881,544.0,1843.9
R005,VEH,T1_SD_VEH,2026_06_19_merged.mat,TEST,2,36920,10922,546.05,1845.95
R005,VEH,T1_SD_VEH,2026_06_19_merged.mat,TEST,2,36921,10923,546.1,1846.0
R005,VEH,T1_SD_VEH,2026_06_19_merged.mat,TEST,5,36929,10931,546.5,1846.4
R005,VEH,T1_SD_VEH,2026_06_19_merged.mat,TEST,5,36930,10932,546.55,1846.45
R005,VEH,T1_SD_VEH,2026_06_19_merged.mat,TEST,5,36931,10933,546.6,1846.5
R005,VEH,T1_SD_VEH,2026_06_19_merged.mat,TEST,5,36932,10934,546.65,1846.5500000000002
R005,VEH,T1_SD_VEH,2026_06_19_merged.mat,TEST,5,36939,10941,547.0,1846.9
R005,VEH,T1_SD_VEH,2026_06_19_merged.mat,TEST,2,36941,10943,547.1,1847.0
R005,VEH,T1_SD_VEH,2026_06_19_merged.mat,TEST,5,36955,10957,547.8,1847.7
R005,VEH,T1_SD_VEH,2026_06_19_merged.mat,TEST,5,36956,10958,547.85,1847.75
R005,VEH,T1_SD_VEH,2026_06_19_merged.mat,TEST,5,36985,10987,549.3,1849.2
R005,VEH,T1_SD_VEH,2026_06_19_merged.mat,TEST,5,36986,10988,549.35,1849.25
R005,VEH,T1_SD_VEH,2026_06_19_merged.mat,TEST,5,36987,10989,549.4,1849.3000000000002
R005,VEH,T1_SD_VEH,2026_06_19_merged.mat,TEST,2,36990,10992,549.55,1849.45
R005,VEH,T1_SD_VEH,2026_06_19_merged.mat,TEST,5,37011,11013,550.6,1850.5
R005,VEH,T1_SD_VEH,2026_06_19_merged.mat,TEST,5,37012,11014,550.65,1850.5500000000002
R005,VEH,T1_SD_VEH,2026_06_19_merged.mat,TEST,5,37013,11015,550.7,1850.6000000000001
R005,VEH,T1_SD_VEH,2026_06_19_merged.mat,TEST,5,37037,11039,551.9,1851.8000000000002
R005,VEH,T1_SD_VEH,2026_06_19_merged.mat,TEST,5,37038,11040,551.95,1851.8500000000001
R005,VEH,T1_SD_VEH,2026_06_19_merged.mat,TEST,5,37039,11041,552.0,1851.9
R005,VEH,T1_SD_VEH,2026_06_19_merged.mat,TEST,5,37040,11042,552.05,1851.95
R005,VEH,T1_SD_VEH,2026_06_19_merged.mat,TEST,2,37044,11046,552.25,1852.15
R005,VEH,T1_SD_VEH,2026_06_19_merged.mat,TEST,5,37045,11047,552.3,1852.2
R005,VEH,T1_SD_VEH,2026_06_19_merged.mat,TEST,5,37046,11048,552.35,1852.25
R005,VEH,T1_SD_VEH,2026_06_19_merged.mat,TEST,5,37047,11049,552.4,1852.3000000000002
R005,VEH,T1_SD_VEH,2026_06_19_merged.mat,TEST,5,37048,11050,552.45,1852.3500000000001
R005,VEH,T1_SD_VEH,2026_06_19_merged.mat,TEST,5,37061,11063,553.1,1853.0
R005,VEH,T1_SD_VEH,2026_06_19_merged.mat,TEST,5,37062,11064,553.15,1853.0500000000002
R005,VEH,T1_SD_VEH,2026_06_19_merged.mat,TEST,5,37063,11065,553.2,1853.1000000000001
R005,VEH,T1_SD_VEH,2026_06_19_merged.mat,TEST,5,37064,11066,553.25,1853.15
R005,VEH,T1_SD_VEH,2026_06_19_merged.mat,TEST,5,37065,11067,553.3,1853.2
R005,VEH,T1_SD_VEH,2026_06_19_merged.mat,TEST,5,37066,11068,553.35,1853.25
R005,VEH,T1_SD_VEH,2026_06_19_merged.mat,TEST,5,37088,11090,554.45,1854.3500000000001
R005,VEH,T1_SD_VEH,2026_06_19_merged.mat,TEST,5,37089,11091,554.5,1854.4
R005,VEH,T1_SD_VEH,2026_06_19_merged.mat,TEST,5,37090,11092,554.55,1854.45
R005,VEH,T1_SD_VEH,2026_06_19_merged.mat,TEST,5,37102,11104,555.15,1855.0500000000002
R005,VEH,T1_SD_VEH,2026_06_19_merged.mat,TEST,5,37103,11105,555.2,1855.1000000000001
R005,VEH,T1_SD_VEH,2026_06_19_merged.mat,TEST,3,37112,11114,555.65,1855.5500000000002
R005,VEH,T1_SD_VEH,2026_06_19_merged.mat,TEST,5,37160,11162,558.05,1857.95
R005,VEH,T1_SD_VEH,2026_06_19_merged.mat,TEST,5,37161,11163,558.1,1858.0
R005,VEH,T1_SD_VEH,2026_06_19_merged.mat,TEST,5,37162,11164,558.15,1858.0500000000002
R005,VEH,T1_SD_VEH,2026_06_19_merged.mat,TEST,5,37163,11165,558.2,1858.1000000000001
R005,VEH,T1_SD_VEH,2026_06_19_merged.mat,TEST,5,37164,11166,558.25,1858.15
R005,VEH,T1_SD_VEH,2026_06_19_merged.mat,TEST,5,37165,11167,558.3,1858.2
R005,VEH,T1_SD_VEH,2026_06_19_merged.mat,TEST,5,37187,11189,559.4,1859.3000000000002
R005,VEH,T1_SD_VEH,2026_06_19_merged.mat,TEST,5,37188,11190,559.45,1859.3500000000001
R005,VEH,T1_SD_VEH,2026_06_19_merged.mat,TEST,2,37196,11198,559.85,1859.75
R005,VEH,T1_SD_VEH,2026_06_19_merged.mat,TEST,5,37197,11199,559.9,1859.8000000000002
R005,VEH,T1_SD_VEH,2026_06_19_merged.mat,TEST,5,37198,11200,559.95,1859.8500000000001
R005,VEH,T1_SD_VEH,2026_06_19_merged.mat,TEST,5,37199,11201,560.0,1859.9
R005,VEH,T1_SD_VEH,2026_06_19_merged.mat,TEST,5,37200,11202,560.05,1859.95
R005,VEH,T1_SD_VEH,2026_06_19_merged.mat,TEST,5,37209,11211,560.5,1860.4
R005,VEH,T1_SD_VEH,2026_06_19_merged.mat,TEST,5,37222,11224,561.15,1861.0500000000002
R005,VEH,T1_SD_VEH,2026_06_19_merged.mat,TEST,5,37223,11225,561.2,1861.1000000000001
R005,VEH,T1_SD_VEH,2026_06_19_merged.mat,TEST,5,37225,11227,561.3,1861.2
R005,VEH,T1_SD_VEH,2026_06_19_merged.mat,TEST,5,37226,11228,561.35,1861.25
R005,VEH,T1_SD_VEH,2026_06_19_merged.mat,TEST,5,37301,11303,565.1,1865.0
R005,VEH,T1_SD_VEH,2026_06_19_merged.mat,TEST,5,37302,11304,565.15,1865.0500000000002
R005,VEH,T1_SD_VEH,2026_06_19_merged.mat,TEST,5,37303,11305,565.2,1865.1000000000001
R005,VEH,T1_SD_VEH,2026_06_19_merged.mat,TEST,5,37304,11306,565.25,1865.15
R005,VEH,T1_SD_VEH,2026_06_19_merged.mat,TEST,5,37305,11307,565.3,1865.2
R005,VEH,T1_SD_VEH,2026_06_19_merged.mat,TEST,3,37307,11309,565.4,1865.3000000000002
R005,VEH,T1_SD_VEH,2026_06_19_merged.mat,TEST,3,37308,11310,565.45,1865.3500000000001
R005,VEH,T1_SD_VEH,2026_06_19_merged.mat,TEST,5,37311,11313,565.6,1865.5
R005,VEH,T1_SD_VEH,2026_06_19_merged.mat,TEST,5,37312,11314,565.65,1865.5500000000002
R005,VEH,T1_SD_VEH,2026_06_19_merged.mat,TEST,3,37329,11331,566.5,1866.4
R005,VEH,T1_SD_VEH,2026_06_19_merged.mat,TEST,5,37330,11332,566.55,1866.45
R005,VEH,T1_SD_VEH,2026_06_19_merged.mat,TEST,5,37331,11333,566.6,1866.5
R005,VEH,T1_SD_VEH,2026_06_19_merged.mat,TEST,5,37332,11334,566.65,1866.5500000000002
R005,VEH,T1_SD_VEH,2026_06_19_merged.mat,TEST,5,37355,11357,567.8,1867.7
R005,VEH,T1_SD_VEH,2026_06_19_merged.mat,TEST,5,37356,11358,567.85,1867.75
R005,VEH,T1_SD_VEH,2026_06_19_merged.mat,TEST,5,37357,11359,567.9,1867.8000000000002
R005,VEH,T1_SD_VEH,2026_06_19_merged.mat,TEST,5,37358,11360,567.95,1867.8500000000001
R005,VEH,T1_SD_VEH,2026_06_19_merged.mat,TEST,5,37395,11397,569.8,1869.7
R005,VEH,T1_SD_VEH,2026_06_19_merged.mat,TEST,5,37396,11398,569.85,1869.75
R005,VEH,T1_SD_VEH,2026_06_19_merged.mat,TEST,5,37400,11402,570.05,1869.95
R005,VEH,T1_SD_VEH,2026_06_19_merged.mat,TEST,5,37401,11403,570.1,1870.0
R005,VEH,T1_SD_VEH,2026_06_19_merged.mat,TEST,5,37402,11404,570.15,1870.0500000000002
R005,VEH,T1_SD_VEH,2026_06_19_merged.mat,TEST,5,37434,11436,571.75,1871.65
R005,VEH,T1_SD_VEH,2026_06_19_merged.mat,TEST,5,37435,11437,571.8,1871.7
R005,VEH,T1_SD_VEH,2026_06_19_merged.mat,TEST,5,37436,11438,571.85,1871.75
R005,VEH,T1_SD_VEH,2026_06_19_merged.mat,TEST,5,37437,11439,571.9,1871.8000000000002
R005,VEH,T1_SD_VEH,2026_06_19_merged.mat,TEST,5,37438,11440,571.95,1871.8500000000001
R005,VEH,T1_SD_VEH,2026_06_19_merged.mat,TEST,5,37439,11441,572.0,1871.9
R005,VEH,T1_SD_VEH,2026_06_19_merged.mat,TEST,5,37493,11495,574.7,1874.6000000000001
R005,VEH,T1_SD_VEH,2026_06_19_merged.mat,TEST,5,37494,11496,574.75,1874.65
R005,VEH,T1_SD_VEH,2026_06_19_merged.mat,TEST,5,37495,11497,574.8000000000001,1874.7000000000003
R005,VEH,T1_SD_VEH,2026_06_19_merged.mat,TEST,5,37496,11498,574.85,1874.75
R005,VEH,T1_SD_VEH,2026_06_19_merged.mat,TEST,5,37536,11538,576.85,1876.75
R005,VEH,T1_SD_VEH,2026_06_19_merged.mat,TEST,5,37537,11539,576.9,1876.8000000000002
R005,VEH,T1_SD_VEH,2026_06_19_merged.mat,TEST,5,37539,11541,577.0,1876.9
R005,VEH,T1_SD_VEH,2026_06_19_merged.mat,TEST,5,37540,11542,577.0500000000001,1876.9500000000003
R005,VEH,T1_SD_VEH,2026_06_19_merged.mat,TEST,5,37541,11543,577.1,1877.0
R005,VEH,T1_SD_VEH,2026_06_19_merged.mat,TEST,5,37547,11549,577.4,1877.3000000000002
R005,VEH,T1_SD_VEH,2026_06_19_merged.mat,TEST,5,37548,11550,577.45,1877.3500000000001
R005,VEH,T1_SD_VEH,2026_06_19_merged.mat,TEST,5,37549,11551,577.5,1877.4
R005,VEH,T1_SD_VEH,2026_06_19_merged.mat,TEST,5,37550,11552,577.5500000000001,1877.4500000000003
R005,VEH,T1_SD_VEH,2026_06_19_merged.mat,TEST,5,37551,11553,577.6,1877.5
R005,VEH,T1_SD_VEH,2026_06_19_merged.mat,TEST,5,37593,11595,579.7,1879.6000000000001
R005,VEH,T1_SD_VEH,2026_06_19_merged.mat,TEST,5,37594,11596,579.75,1879.65
R005,VEH,T1_SD_VEH,2026_06_19_merged.mat,TEST,5,37595,11597,579.8000000000001,1879.7000000000003
R005,VEH,T1_SD_VEH,2026_06_19_merged.mat,TEST,5,37596,11598,579.85,1879.75
R005,VEH,T1_SD_VEH,2026_06_19_merged.mat,TEST,5,37597,11599,579.9,1879.8000000000002
R005,VEH,T1_SD_VEH,2026_06_19_merged.mat,TEST,5,37598,11600,579.95,1879.8500000000001
R005,VEH,T1_SD_VEH,2026_06_19_merged.mat,TEST,5,37599,11601,580.0,1879.9
R005,VEH,T1_SD_VEH,2026_06_19_merged.mat,TEST,3,37601,11603,580.1,1880.0
R005,VEH,T1_SD_VEH,2026_06_19_merged.mat,TEST,5,37607,11609,580.4,1880.3000000000002
R005,VEH,T1_SD_VEH,2026_06_19_merged.mat,TEST,2,37609,11611,580.5,1880.4
R005,VEH,T1_SD_VEH,2026_06_19_merged.mat,TEST,2,37610,11612,580.5500000000001,1880.4500000000003
R005,VEH,T1_SD_VEH,2026_06_19_merged.mat,TEST,2,37611,11613,580.6,1880.5
R005,VEH,T1_SD_VEH,2026_06_19_merged.mat,TEST,5,37621,11623,581.1,1881.0
R005,VEH,T1_SD_VEH,2026_06_19_merged.mat,TEST,5,37622,11624,581.15,1881.0500000000002
R005,VEH,T1_SD_VEH,2026_06_19_merged.mat,TEST,5,37623,11625,581.2,1881.1000000000001
R005,VEH,T1_SD_VEH,2026_06_19_merged.mat,TEST,5,37627,11629,581.4,1881.3000000000002
R005,VEH,T1_SD_VEH,2026_06_19_merged.mat,TEST,5,37628,11630,581.45,1881.3500000000001
R005,VEH,T1_SD_VEH,2026_06_19_merged.mat,TEST,5,37629,11631,581.5,1881.4
R005,VEH,T1_SD_VEH,2026_06_19_merged.mat,TEST,5,37630,11632,581.5500000000001,1881.4500000000003
R005,VEH,T1_SD_VEH,2026_06_19_merged.mat,TEST,2,37631,11633,581.6,1881.5
R005,VEH,T1_SD_VEH,2026_06_19_merged.mat,TEST,2,37632,11634,581.65,1881.5500000000002
R005,VEH,T1_SD_VEH,2026_06_19_merged.mat,TEST,2,37657,11659,582.9,1882.8000000000002
R005,VEH,T1_SD_VEH,2026_06_19_merged.mat,TEST,2,37658,11660,582.95,1882.8500000000001
R005,VEH,T1_SD_VEH,2026_06_19_merged.mat,TEST,5,37663,11665,583.2,1883.1000000000001
R005,VEH,T1_SD_VEH,2026_06_19_merged.mat,TEST,5,37664,11666,583.25,1883.15
R005,VEH,T1_SD_VEH,2026_06_19_merged.mat,TEST,5,37665,11667,583.3000000000001,1883.2000000000003
R005,VEH,T1_SD_VEH,2026_06_19_merged.mat,TEST,5,37666,11668,583.35,1883.25
R005,VEH,T1_SD_VEH,2026_06_19_merged.mat,TEST,5,37667,11669,583.4,1883.3000000000002
R005,VEH,T1_SD_VEH,2026_06_19_merged.mat,TEST,5,37668,11670,583.45,1883.3500000000001
R005,VEH,T1_SD_VEH,2026_06_19_merged.mat,TEST,5,37669,11671,583.5,1883.4
R005,VEH,T1_SD_VEH,2026_06_19_merged.mat,TEST,5,37700,11702,585.0500000000001,1884.9500000000003
R005,VEH,T1_SD_VEH,2026_06_19_merged.mat,TEST,5,37701,11703,585.1,1885.0
R005,VEH,T1_SD_VEH,2026_06_19_merged.mat,TEST,5,37702,11704,585.15,1885.0500000000002
R005,VEH,T1_SD_VEH,2026_06_19_merged.mat,TEST,5,37703,11705,585.2,1885.1000000000001
R005,VEH,T1_SD_VEH,2026_06_19_merged.mat,TEST,3,37715,11717,585.8000000000001,1885.7000000000003
R005,VEH,T1_SD_VEH,2026_06_19_merged.mat,TEST,5,37719,11721,586.0,1885.9
R005,VEH,T1_SD_VEH,2026_06_19_merged.mat,TEST,5,37720,11722,586.0500000000001,1885.9500000000003
R005,VEH,T1_SD_VEH,2026_06_19_merged.mat,TEST,5,37721,11723,586.1,1886.0
R005,VEH,T1_SD_VEH,2026_06_19_merged.mat,TEST,5,37722,11724,586.15,1886.0500000000002
R005,VEH,T1_SD_VEH,2026_06_19_merged.mat,TEST,5,37723,11725,586.2,1886.1000000000001
R005,VEH,T1_SD_VEH,2026_06_19_merged.mat,TEST,5,37791,11793,589.6,1889.5
R005,VEH,T1_SD_VEH,2026_06_19_merged.mat,TEST,5,37792,11794,589.65,1889.5500000000002
R005,VEH,T1_SD_VEH,2026_06_19_merged.mat,TEST,5,37793,11795,589.7,1889.6000000000001
R005,VEH,T1_SD_VEH,2026_06_19_merged.mat,TEST,5,37794,11796,589.75,1889.65
R005,VEH,T1_SD_VEH,2026_06_19_merged.mat,TEST,5,37795,11797,589.8000000000001,1889.7000000000003
R005,VEH,T1_SD_VEH,2026_06_19_merged.mat,TEST,5,37796,11798,589.85,1889.75
R005,VEH,T1_SD_VEH,2026_06_19_merged.mat,TEST,5,37797,11799,589.9,1889.8000000000002
R005,VEH,T1_SD_VEH,2026_06_19_merged.mat,TEST,4,37820,11822,591.0500000000001,1890.9500000000003
R005,VEH,T1_SD_VEH,2026_06_19_merged.mat,TEST,5,37821,11823,591.1,1891.0
R005,VEH,T1_SD_VEH,2026_06_19_merged.mat,TEST,5,37822,11824,591.15,1891.0500000000002
R005,VEH,T1_SD_VEH,2026_06_19_merged.mat,TEST,5,37848,11850,592.45,1892.3500000000001
R005,VEH,T1_SD_VEH,2026_06_19_merged.mat,TEST,5,37849,11851,592.5,1892.4
R005,VEH,T1_SD_VEH,2026_06_19_merged.mat,TEST,5,37850,11852,592.5500000000001,1892.4500000000003
R005,VEH,T1_SD_VEH,2026_06_19_merged.mat,TEST,5,37851,11853,592.6,1892.5
R005,VEH,T1_SD_VEH,2026_06_19_merged.mat,TEST,5,37852,11854,592.65,1892.5500000000002
R005,VEH,T1_SD_VEH,2026_06_19_merged.mat,TEST,5,37859,11861,593.0,1892.9
R005,VEH,T1_SD_VEH,2026_06_19_merged.mat,TEST,5,37860,11862,593.0500000000001,1892.9500000000003
R005,VEH,T1_SD_VEH,2026_06_19_merged.mat,TEST,5,37861,11863,593.1,1893.0
R005,VEH,T1_SD_VEH,2026_06_19_merged.mat,TEST,5,37862,11864,593.15,1893.0500000000002
R005,VEH,T1_SD_VEH,2026_06_19_merged.mat,TEST,1,37889,11891,594.5,1894.4
R005,VEH,T1_SD_VEH,2026_06_19_merged.mat,TEST,5,37903,11905,595.2,1895.1000000000001
R005,VEH,T1_SD_VEH,2026_06_19_merged.mat,TEST,5,37904,11906,595.25,1895.15
R005,VEH,T1_SD_VEH,2026_06_19_merged.mat,TEST,5,37905,11907,595.3000000000001,1895.2000000000003
R005,VEH,T1_SD_VEH,2026_06_19_merged.mat,TEST,5,37906,11908,595.35,1895.25
R005,VEH,T1_SD_VEH,2026_06_19_merged.mat,TEST,5,37907,11909,595.4,1895.3000000000002
R005,VEH,T1_SD_VEH,2026_06_19_merged.mat,TEST,5,37908,11910,595.45,1895.3500000000001
R005,VEH,T1_SD_VEH,2026_06_19_merged.mat,TEST,5,37929,11931,596.5,1896.4
R005,VEH,T1_SD_VEH,2026_06_19_merged.mat,TEST,5,37930,11932,596.5500000000001,1896.4500000000003
R005,VEH,T1_SD_VEH,2026_06_19_merged.mat,TEST,5,37931,11933,596.6,1896.5
R005,VEH,T1_SD_VEH,2026_06_19_merged.mat,TEST,5,37932,11934,596.65,1896.5500000000002
R005,VEH,T1_SD_VEH,2026_06_19_merged.mat,TEST,5,37979,11981,599.0,1898.9
R005,VEH,T1_SD_VEH,2026_06_19_merged.mat,TEST,5,37980,11982,599.0500000000001,1898.9500000000003
R005,VEH,T1_SD_VEH,2026_06_19_merged.mat,TEST,5,37981,11983,599.1,1899.0
R005,VEH,T1_SD_VEH,2026_06_19_merged.mat,TEST,5,37982,11984,599.15,1899.0500000000002
R005,VEH,T1_SD_VEH,2026_06_19_merged.mat,TEST,5,37983,11985,599.2,1899.1000000000001
R005,VEH,T1_SD_VEH,2026_06_19_merged.mat,TEST,5,37984,11986,599.25,1899.15
R005,VEH,T1_SD_VEH,2026_06_19_merged.mat,TEST,5,37993,11995,599.7,1899.6000000000001
R005,VEH,T1_SD_VEH,2026_06_19_merged.mat,TEST,5,37994,11996,599.75,1899.65
R005,VEH,T1_SD_VEH,2026_06_19_merged.mat,TEST,5,37995,11997,599.8000000000001,1899.7000000000003
R005,VEH,T1_SD_VEH,2026_06_19_merged.mat,TEST,2,37997,11999,599.9,1899.8000000000002
R005,VEH,T1_SD_VEH,2026_06_19_merged.mat,TEST,5,38033,12035,601.7,1901.6000000000001
R005,VEH,T1_SD_VEH,2026_06_19_merged.mat,TEST,5,38034,12036,601.75,1901.65
R005,VEH,T1_SD_VEH,2026_06_19_merged.mat,TEST,5,38035,12037,601.8000000000001,1901.7000000000003
R005,VEH,T1_SD_VEH,2026_06_19_merged.mat,TEST,5,38036,12038,601.85,1901.75
R005,VEH,T1_SD_VEH,2026_06_19_merged.mat,TEST,5,38040,12042,602.0500000000001,1901.9500000000003
R005,VEH,T1_SD_VEH,2026_06_19_merged.mat,TEST,5,38041,12043,602.1,1902.0
R005,VEH,T1_SD_VEH,2026_06_19_merged.mat,TEST,5,38042,12044,602.15,1902.0500000000002
R005,VEH,T1_SD_VEH,2026_06_19_merged.mat,TEST,5,38043,12045,602.2,1902.1000000000001
R005,VEH,T1_SD_VEH,2026_06_19_merged.mat,TEST,5,38044,12046,602.25,1902.15
R005,VEH,T1_SD_VEH,2026_06_19_merged.mat,TEST,5,38078,12080,603.95,1903.8500000000001
R005,VEH,T1_SD_VEH,2026_06_19_merged.mat,TEST,5,38079,12081,604.0,1903.9
R005,VEH,T1_SD_VEH,2026_06_19_merged.mat,TEST,5,38080,12082,604.0500000000001,1903.9500000000003
R005,VEH,T1_SD_VEH,2026_06_19_merged.mat,TEST,5,38081,12083,604.1,1904.0
R005,VEH,T1_SD_VEH,2026_06_19_merged.mat,TEST,5,38082,12084,604.15,1904.0500000000002
R005,VEH,T1_SD_VEH,2026_06_19_merged.mat,TEST,5,38083,12085,604.2,1904.1000000000001
R005,VEH,T1_SD_VEH,2026_06_19_merged.mat,TEST,5,38084,12086,604.25,1904.15
R005,VEH,T1_SD_VEH,2026_06_19_merged.mat,TEST,2,38086,12088,604.35,1904.25
R005,VEH,T1_SD_VEH,2026_06_19_merged.mat,TEST,2,38087,12089,604.4,1904.3000000000002
R005,VEH,T1_SD_VEH,2026_06_19_merged.mat,TEST,2,38088,12090,604.45,1904.3500000000001
R005,VEH,T1_SD_VEH,2026_06_19_merged.mat,TEST,5,38106,12108,605.35,1905.25
R005,VEH,T1_SD_VEH,2026_06_19_merged.mat,TEST,2,38107,12109,605.4,1905.3000000000002
R005,VEH,T1_SD_VEH,2026_06_19_merged.mat,TEST,3,38111,12113,605.6,1905.5
R005,VEH,T1_SD_VEH,2026_06_19_merged.mat,TEST,3,38112,12114,605.65,1905.5500000000002
R005,VEH,T1_SD_VEH,2026_06_19_merged.mat,TEST,3,38115,12117,605.8000000000001,1905.7000000000003
R005,VEH,T1_SD_VEH,2026_06_19_merged.mat,TEST,5,38119,12121,606.0,1905.9
R005,VEH,T1_SD_VEH,2026_06_19_merged.mat,TEST,5,38120,12122,606.0500000000001,1905.9500000000003
R005,VEH,T1_SD_VEH,2026_06_19_merged.mat,TEST,5,38121,12123,606.1,1906.0
R005,VEH,T1_SD_VEH,2026_06_19_merged.mat,TEST,5,38122,12124,606.15,1906.0500000000002
R005,VEH,T1_SD_VEH,2026_06_19_merged.mat,TEST,5,38123,12125,606.2,1906.1000000000001
R005,VEH,T1_SD_VEH,2026_06_19_merged.mat,TEST,5,38146,12148,607.35,1907.25
R005,VEH,T1_SD_VEH,2026_06_19_merged.mat,TEST,5,38147,12149,607.4,1907.3000000000002
R005,VEH,T1_SD_VEH,2026_06_19_merged.mat,TEST,5,38148,12150,607.45,1907.3500000000001
R005,VEH,T1_SD_VEH,2026_06_19_merged.mat,TEST,5,38149,12151,607.5,1907.4
R005,VEH,T1_SD_VEH,2026_06_19_merged.mat,TEST,5,38157,12159,607.9,1907.8000000000002
R005,VEH,T1_SD_VEH,2026_06_19_merged.mat,TEST,5,38169,12171,608.5,1908.4
R005,VEH,T1_SD_VEH,2026_06_19_merged.mat,TEST,5,38170,12172,608.5500000000001,1908.4500000000003
R005,VEH,T1_SD_VEH,2026_06_19_merged.mat,TEST,5,38185,12187,609.3000000000001,1909.2000000000003
R005,VEH,T1_SD_VEH,2026_06_19_merged.mat,TEST,5,38186,12188,609.35,1909.25
R005,VEH,T1_SD_VEH,2026_06_19_merged.mat,TEST,5,38187,12189,609.4,1909.3000000000002
R005,VEH,T1_SD_VEH,2026_06_19_merged.mat,TEST,5,38188,12190,609.45,1909.3500000000001
R005,VEH,T1_SD_VEH,2026_06_19_merged.mat,TEST,3,38260,12262,613.0500000000001,1912.9500000000003
R005,VEH,T1_SD_VEH,2026_06_19_merged.mat,TEST,3,38261,12263,613.1,1913.0
R005,VEH,T1_SD_VEH,2026_06_19_merged.mat,TEST,5,38264,12266,613.25,1913.15
R005,VEH,T1_SD_VEH,2026_06_19_merged.mat,TEST,5,38265,12267,613.3000000000001,1913.2000000000003
R005,VEH,T1_SD_VEH,2026_06_19_merged.mat,TEST,5,38266,12268,613.35,1913.25
R005,VEH,T1_SD_VEH,2026_06_19_merged.mat,TEST,5,38267,12269,613.4,1913.3000000000002
R005,VEH,T1_SD_VEH,2026_06_19_merged.mat,TEST,5,38268,12270,613.45,1913.3500000000001
R005,VEH,T1_SD_VEH,2026_06_19_merged.mat,TEST,3,38273,12275,613.7,1913.6000000000001
R005,VEH,T1_SD_VEH,2026_06_19_merged.mat,TEST,5,38274,12276,613.75,1913.65
R005,VEH,T1_SD_VEH,2026_06_19_merged.mat,TEST,5,38298,12300,614.95,1914.8500000000001
R005,VEH,T1_SD_VEH,2026_06_19_merged.mat,TEST,5,38299,12301,615.0,1914.9
R005,VEH,T1_SD_VEH,2026_06_19_merged.mat,TEST,5,38300,12302,615.0500000000001,1914.9500000000003
R005,VEH,T1_SD_VEH,2026_06_19_merged.mat,TEST,5,38301,12303,615.1,1915.0
R005,VEH,T1_SD_VEH,2026_06_19_merged.mat,TEST,5,38335,12337,616.8000000000001,1916.7000000000003
R005,VEH,T1_SD_VEH,2026_06_19_merged.mat,TEST,5,38336,12338,616.85,1916.75
R005,VEH,T1_SD_VEH,2026_06_19_merged.mat,TEST,5,38352,12354,617.65,1917.5500000000002
R005,VEH,T1_SD_VEH,2026_06_19_merged.mat,TEST,5,38353,12355,617.7,1917.6000000000001
R005,VEH,T1_SD_VEH,2026_06_19_merged.mat,TEST,5,38354,12356,617.75,1917.65
R005,VEH,T1_SD_VEH,2026_06_19_merged.mat,TEST,5,38368,12370,618.45,1918.3500000000001
R005,VEH,T1_SD_VEH,2026_06_19_merged.mat,TEST,5,38369,12371,618.5,1918.4
R005,VEH,T1_SD_VEH,2026_06_19_merged.mat,TEST,5,38370,12372,618.5500000000001,1918.4500000000003
R005,VEH,T1_SD_VEH,2026_06_19_merged.mat,TEST,5,38371,12373,618.6,1918.5
R005,VEH,T1_SD_VEH,2026_06_19_merged.mat,TEST,5,38372,12374,618.65,1918.5500000000002
R005,VEH,T1_SD_VEH,2026_06_19_merged.mat,TEST,5,38397,12399,619.9,1919.8000000000002
R005,VEH,T1_SD_VEH,2026_06_19_merged.mat,TEST,5,38398,12400,619.95,1919.8500000000001
R005,VEH,T1_SD_VEH,2026_06_19_merged.mat,TEST,5,38399,12401,620.0,1919.9
R005,VEH,T1_SD_VEH,2026_06_19_merged.mat,TEST,5,38400,12402,620.0500000000001,1919.9500000000003
R005,VEH,T1_SD_VEH,2026_06_19_merged.mat,TEST,5,38401,12403,620.1,1920.0
R005,VEH,T1_SD_VEH,2026_06_19_merged.mat,TEST,2,38404,12406,620.25,1920.15
R005,VEH,T1_SD_VEH,2026_06_19_merged.mat,TEST,5,38418,12420,620.95,1920.8500000000001
R005,VEH,T1_SD_VEH,2026_06_19_merged.mat,TEST,1,38467,12469,623.4,1923.3000000000002
R005,VEH,T1_SD_VEH,2026_06_19_merged.mat,TEST,1,38468,12470,623.45,1923.3500000000001
R005,VEH,T1_SD_VEH,2026_06_19_merged.mat,TEST,1,38469,12471,623.5,1923.4
R005,VEH,T1_SD_VEH,2026_06_19_merged.mat,TEST,1,38470,12472,623.5500000000001,1923.4500000000003
R005,VEH,T1_SD_VEH,2026_06_19_merged.mat,TEST,5,38509,12511,625.5,1925.4
R005,VEH,T1_SD_VEH,2026_06_19_merged.mat,TEST,5,38510,12512,625.5500000000001,1925.4500000000003
R005,VEH,T1_SD_VEH,2026_06_19_merged.mat,TEST,5,38511,12513,625.6,1925.5
R005,VEH,T1_SD_VEH,2026_06_19_merged.mat,TEST,5,38512,12514,625.65,1925.5500000000002
R005,VEH,T1_SD_VEH,2026_06_19_merged.mat,TEST,5,38513,12515,625.7,1925.6000000000001
R005,VEH,T1_SD_VEH,2026_06_19_merged.mat,TEST,5,38514,12516,625.75,1925.65
R005,VEH,T1_SD_VEH,2026_06_19_merged.mat,TEST,5,38527,12529,626.4,1926.3000000000002
R005,VEH,T1_SD_VEH,2026_06_19_merged.mat,TEST,5,38528,12530,626.45,1926.3500000000001
R005,VEH,T1_SD_VEH,2026_06_19_merged.mat,TEST,5,38529,12531,626.5,1926.4
R005,VEH,T1_SD_VEH,2026_06_19_merged.mat,TEST,5,38538,12540,626.95,1926.8500000000001
R005,VEH,T1_SD_VEH,2026_06_19_merged.mat,TEST,5,38539,12541,627.0,1926.9
R005,VEH,T1_SD_VEH,2026_06_19_merged.mat,TEST,5,38540,12542,627.0500000000001,1926.9500000000003
R005,VEH,T1_SD_VEH,2026_06_19_merged.mat,TEST,5,38541,12543,627.1,1927.0
R005,VEH,T1_SD_VEH,2026_06_19_merged.mat,TEST,5,38542,12544,627.15,1927.0500000000002
R005,VEH,T1_SD_VEH,2026_06_19_merged.mat,TEST,5,38543,12545,627.2,1927.1000000000001
R005,VEH,T1_SD_VEH,2026_06_19_merged.mat,TEST,2,38545,12547,627.3000000000001,1927.2000000000003
R005,VEH,T1_SD_VEH,2026_06_19_merged.mat,TEST,5,38548,12550,627.45,1927.3500000000001
R005,VEH,T1_SD_VEH,2026_06_19_merged.mat,TEST,5,38549,12551,627.5,1927.4
R005,VEH,T1_SD_VEH,2026_06_19_merged.mat,TEST,5,38550,12552,627.5500000000001,1927.4500000000003
R005,VEH,T1_SD_VEH,2026_06_19_merged.mat,TEST,5,38551,12553,627.6,1927.5
R005,VEH,T1_SD_VEH,2026_06_19_merged.mat,TEST,5,38562,12564,628.15,1928.0500000000002
R005,VEH,T1_SD_VEH,2026_06_19_merged.mat,TEST,5,38563,12565,628.2,1928.1000000000001
R005,VEH,T1_SD_VEH,2026_06_19_merged.mat,TEST,5,38564,12566,628.25,1928.15
R005,VEH,T1_SD_VEH,2026_06_19_merged.mat,TEST,5,38565,12567,628.3000000000001,1928.2000000000003
R005,VEH,T1_SD_VEH,2026_06_19_merged.mat,TEST,5,38566,12568,628.35,1928.25
R005,VEH,T1_SD_VEH,2026_06_19_merged.mat,TEST,5,38567,12569,628.4,1928.3000000000002
R005,VEH,T1_SD_VEH,2026_06_19_merged.mat,TEST,5,38581,12583,629.1,1929.0
R005,VEH,T1_SD_VEH,2026_06_19_merged.mat,TEST,5,38582,12584,629.15,1929.0500000000002
R005,VEH,T1_SD_VEH,2026_06_19_merged.mat,TEST,5,38583,12585,629.2,1929.1000000000001
R005,VEH,T1_SD_VEH,2026_06_19_merged.mat,TEST,5,38584,12586,629.25,1929.15
R005,VEH,T1_SD_VEH,2026_06_19_merged.mat,TEST,5,38585,12587,629.3000000000001,1929.2000000000003
R005,VEH,T1_SD_VEH,2026_06_19_merged.mat,TEST,5,38586,12588,629.35,1929.25
R005,VEH,T1_SD_VEH,2026_06_19_merged.mat,TEST,5,38595,12597,629.8000000000001,1929.7000000000003
R005,VEH,T1_SD_VEH,2026_06_19_merged.mat,TEST,5,38598,12600,629.95,1929.8500000000001
R005,VEH,T1_SD_VEH,2026_06_19_merged.mat,TEST,5,38599,12601,630.0,1929.9
R005,VEH,T1_SD_VEH,2026_06_19_merged.mat,TEST,5,38600,12602,630.0500000000001,1929.9500000000003
R005,VEH,T1_SD_VEH,2026_06_19_merged.mat,TEST,5,38601,12603,630.1,1930.0
R005,VEH,T1_SD_VEH,2026_06_19_merged.mat,TEST,5,38605,12607,630.3000000000001,1930.2000000000003
R005,VEH,T1_SD_VEH,2026_06_19_merged.mat,TEST,5,38630,12632,631.5500000000001,1931.4500000000003
R005,VEH,T1_SD_VEH,2026_06_19_merged.mat,TEST,5,38632,12634,631.65,1931.5500000000002
R005,VEH,T1_SD_VEH,2026_06_19_merged.mat,TEST,5,38639,12641,632.0,1931.9
R005,VEH,T1_SD_VEH,2026_06_19_merged.mat,TEST,5,38641,12643,632.1,1932.0
R005,VEH,T1_SD_VEH,2026_06_19_merged.mat,TEST,5,38642,12644,632.15,1932.0500000000002
R005,VEH,T1_SD_VEH,2026_06_19_merged.mat,TEST,5,38652,12654,632.65,1932.5500000000002
R005,VEH,T1_SD_VEH,2026_06_19_merged.mat,TEST,5,38653,12655,632.7,1932.6000000000001
R005,VEH,T1_SD_VEH,2026_06_19_merged.mat,TEST,5,38654,12656,632.75,1932.65
R005,VEH,T1_SD_VEH,2026_06_19_merged.mat,TEST,5,38655,12657,632.8000000000001,1932.7000000000003
R005,VEH,T1_SD_VEH,2026_06_19_merged.mat,TEST,5,38656,12658,632.85,1932.75
R005,VEH,T1_SD_VEH,2026_06_19_merged.mat,TEST,5,38657,12659,632.9,1932.8000000000002
R005,VEH,T1_SD_VEH,2026_06_19_merged.mat,TEST,5,38666,12668,633.35,1933.25
R005,VEH,T1_SD_VEH,2026_06_19_merged.mat,TEST,5,38667,12669,633.4,1933.3000000000002
R005,VEH,T1_SD_VEH,2026_06_19_merged.mat,TEST,5,38668,12670,633.45,1933.3500000000001
R005,VEH,T1_SD_VEH,2026_06_19_merged.mat,TEST,5,38669,12671,633.5,1933.4
R005,VEH,T1_SD_VEH,2026_06_19_merged.mat,TEST,5,38670,12672,633.5500000000001,1933.4500000000003
R005,VEH,T1_SD_VEH,2026_06_19_merged.mat,TEST,5,38671,12673,633.6,1933.5
R005,VEH,T1_SD_VEH,2026_06_19_merged.mat,TEST,5,38672,12674,633.65,1933.5500000000002
R005,VEH,T1_SD_VEH,2026_06_19_merged.mat,TEST,5,38784,12786,639.25,1939.15
R005,VEH,T1_SD_VEH,2026_06_19_merged.mat,TEST,5,38785,12787,639.3000000000001,1939.2000000000003
R005,VEH,T1_SD_VEH,2026_06_19_merged.mat,TEST,5,38786,12788,639.35,1939.25
R005,VEH,T1_SD_VEH,2026_06_19_merged.mat,TEST,5,38787,12789,639.4,1939.3000000000002
R005,VEH,T1_SD_VEH,2026_06_19_merged.mat,TEST,5,38799,12801,640.0,1939.9
R005,VEH,T1_SD_VEH,2026_06_19_merged.mat,TEST,5,38800,12802,640.0500000000001,1939.9500000000003
R005,VEH,T1_SD_VEH,2026_06_19_merged.mat,TEST,5,38801,12803,640.1,1940.0
R005,VEH,T1_SD_VEH,2026_06_19_merged.mat,TEST,5,38817,12819,640.9,1940.8000000000002
R005,VEH,T1_SD_VEH,2026_06_19_merged.mat,TEST,5,38818,12820,640.95,1940.8500000000001
R005,VEH,T1_SD_VEH,2026_06_19_merged.mat,TEST,5,38819,12821,641.0,1940.9
R005,VEH,T1_SD_VEH,2026_06_19_merged.mat,TEST,5,38820,12822,641.0500000000001,1940.9500000000003
R005,VEH,T1_SD_VEH,2026_06_19_merged.mat,TEST,2,38821,12823,641.1,1941.0
R005,VEH,T1_SD_VEH,2026_06_19_merged.mat,TEST,5,38839,12841,642.0,1941.9
R005,VEH,T1_SD_VEH,2026_06_19_merged.mat,TEST,5,38840,12842,642.0500000000001,1941.9500000000003
R005,VEH,T1_SD_VEH,2026_06_19_merged.mat,TEST,5,38841,12843,642.1,1942.0
R005,VEH,T1_SD_VEH,2026_06_19_merged.mat,TEST,5,38846,12848,642.35,1942.25
R005,VEH,T1_SD_VEH,2026_06_19_merged.mat,TEST,2,38849,12851,642.5,1942.4
R005,VEH,T1_SD_VEH,2026_06_19_merged.mat,TEST,2,38850,12852,642.5500000000001,1942.4500000000003
R005,VEH,T1_SD_VEH,2026_06_19_merged.mat,TEST,5,38858,12860,642.95,1942.8500000000001
R005,VEH,T1_SD_VEH,2026_06_19_merged.mat,TEST,5,38859,12861,643.0,1942.9
R005,VEH,T1_SD_VEH,2026_06_19_merged.mat,TEST,3,38860,12862,643.0500000000001,1942.9500000000003
R005,VEH,T1_SD_VEH,2026_06_19_merged.mat,TEST,5,38878,12880,643.95,1943.8500000000001
R005,VEH,T1_SD_VEH,2026_06_19_merged.mat,TEST,3,38916,12918,645.85,1945.75
R005,VEH,T1_SD_VEH,2026_06_19_merged.mat,TEST,3,38917,12919,645.9,1945.8000000000002
R005,VEH,T1_SD_VEH,2026_06_19_merged.mat,TEST,5,38967,12969,648.4,1948.3000000000002
R005,VEH,T1_SD_VEH,2026_06_19_merged.mat,OF2,1,39047,51,2.5,1952.3000000000002
R005,VEH,T1_SD_VEH,2026_06_19_merged.mat,OF2,1,39048,52,2.5500000000000003,1952.3500000000001
R005,VEH,T1_SD_VEH,2026_06_19_merged.mat,OF2,1,39174,178,8.85,1958.65
R005,VEH,T1_SD_VEH,2026_06_19_merged.mat,OF2,1,39291,295,14.700000000000001,1964.5000000000002
R005,VEH,T1_SD_VEH,2026_06_19_merged.mat,OF2,1,39462,466,23.25,1973.0500000000002
R005,VEH,T1_SD_VEH,2026_06_19_merged.mat,OF2,1,39463,467,23.3,1973.1000000000001
R005,VEH,T1_SD_VEH,2026_06_19_merged.mat,OF2,1,39464,468,23.35,1973.15
R005,VEH,T1_SD_VEH,2026_06_19_merged.mat,OF2,1,39465,469,23.400000000000002,1973.2000000000003
R005,VEH,T1_SD_VEH,2026_06_19_merged.mat,OF2,3,39477,481,24.0,1973.8000000000002
R005,VEH,T1_SD_VEH,2026_06_19_merged.mat,OF2,1,39515,519,25.900000000000002,1975.7000000000003
R005,VEH,T1_SD_VEH,2026_06_19_merged.mat,OF2,1,39540,544,27.150000000000002,1976.9500000000003
R005,VEH,T1_SD_VEH,2026_06_19_merged.mat,OF2,1,39541,545,27.200000000000003,1977.0000000000002
R005,VEH,T1_SD_VEH,2026_06_19_merged.mat,OF2,1,39594,598,29.85,1979.65
R005,VEH,T1_SD_VEH,2026_06_19_merged.mat,OF2,1,39614,618,30.85,1980.65
R005,VEH,T1_SD_VEH,2026_06_19_merged.mat,OF2,1,39675,679,33.9,1983.7000000000003
R005,VEH,T1_SD_VEH,2026_06_19_merged.mat,OF2,1,39676,680,33.95,1983.7500000000002
R005,VEH,T1_SD_VEH,2026_06_19_merged.mat,OF2,1,39680,684,34.15,1983.9500000000003
R005,VEH,T1_SD_VEH,2026_06_19_merged.mat,OF2,1,39681,685,34.2,1984.0000000000002
R005,VEH,T1_SD_VEH,2026_06_19_merged.mat,OF2,1,39725,729,36.4,1986.2000000000003
R005,VEH,T1_SD_VEH,2026_06_19_merged.mat,OF2,1,39808,812,40.550000000000004,1990.3500000000001
R005,VEH,T1_SD_VEH,2026_06_19_merged.mat,OF2,1,39809,813,40.6,1990.4
R005,VEH,T1_SD_VEH,2026_06_19_merged.mat,OF2,1,39810,814,40.650000000000006,1990.4500000000003
R005,VEH,T1_SD_VEH,2026_06_19_merged.mat,OF2,1,39865,869,43.400000000000006,1993.2000000000003
R005,VEH,T1_SD_VEH,2026_06_19_merged.mat,OF2,1,39866,870,43.45,1993.2500000000002
R005,VEH,T1_SD_VEH,2026_06_19_merged.mat,OF2,1,39867,871,43.5,1993.3000000000002
R005,VEH,T1_SD_VEH,2026_06_19_merged.mat,OF2,1,39868,872,43.550000000000004,1993.3500000000001
R005,VEH,T1_SD_VEH,2026_06_19_merged.mat,OF2,1,40185,1189,59.400000000000006,2009.2000000000003
R005,VEH,T1_SD_VEH,2026_06_19_merged.mat,OF2,1,40223,1227,61.300000000000004,2011.1000000000001
R005,VEH,T1_SD_VEH,2026_06_19_merged.mat,OF2,1,40224,1228,61.35,2011.15
R005,VEH,T1_SD_VEH,2026_06_19_merged.mat,OF2,1,40225,1229,61.400000000000006,2011.2000000000003
R005,VEH,T1_SD_VEH,2026_06_19_merged.mat,OF2,1,40226,1230,61.45,2011.2500000000002
R005,VEH,T1_SD_VEH,2026_06_19_merged.mat,OF2,1,40332,1336,66.75,2016.5500000000002
R005,VEH,T1_SD_VEH,2026_06_19_merged.mat,OF2,1,40333,1337,66.8,2016.6000000000001
R005,VEH,T1_SD_VEH,2026_06_19_merged.mat,OF2,1,40362,1366,68.25,2018.0500000000002
R005,VEH,T1_SD_VEH,2026_06_19_merged.mat,OF2,1,40363,1367,68.3,2018.1000000000001
R005,VEH,T1_SD_VEH,2026_06_19_merged.mat,OF2,1,40415,1419,70.9,2020.7000000000003
R005,VEH,T1_SD_VEH,2026_06_19_merged.mat,OF2,1,40416,1420,70.95,2020.7500000000002
R005,VEH,T1_SD_VEH,2026_06_19_merged.mat,OF2,1,40439,1443,72.10000000000001,2021.9
R005,VEH,T1_SD_VEH,2026_06_19_merged.mat,OF2,1,40440,1444,72.15,2021.9500000000003
R005,VEH,T1_SD_VEH,2026_06_19_merged.mat,OF2,1,40441,1445,72.2,2022.0000000000002
R005,VEH,T1_SD_VEH,2026_06_19_merged.mat,OF2,1,40442,1446,72.25,2022.0500000000002
R005,VEH,T1_SD_VEH,2026_06_19_merged.mat,OF2,1,40443,1447,72.3,2022.1000000000001
R005,VEH,T1_SD_VEH,2026_06_19_merged.mat,OF2,1,40460,1464,73.15,2022.9500000000003
R005,VEH,T1_SD_VEH,2026_06_19_merged.mat,OF2,1,40481,1485,74.2,2024.0000000000002
R005,VEH,T1_SD_VEH,2026_06_19_merged.mat,OF2,1,40482,1486,74.25,2024.0500000000002
R005,VEH,T1_SD_VEH,2026_06_19_merged.mat,OF2,1,40502,1506,75.25,2025.0500000000002
R005,VEH,T1_SD_VEH,2026_06_19_merged.mat,OF2,1,40503,1507,75.3,2025.1000000000001
R005,VEH,T1_SD_VEH,2026_06_19_merged.mat,OF2,1,40504,1508,75.35000000000001,2025.15
R005,VEH,T1_SD_VEH,2026_06_19_merged.mat,OF2,1,40505,1509,75.4,2025.2000000000003
R005,VEH,T1_SD_VEH,2026_06_19_merged.mat,OF2,1,40565,1569,78.4,2028.2000000000003
R005,VEH,T1_SD_VEH,2026_06_19_merged.mat,OF2,1,40594,1598,79.85000000000001,2029.65
R005,VEH,T1_SD_VEH,2026_06_19_merged.mat,OF2,1,40595,1599,79.9,2029.7000000000003
R005,VEH,T1_SD_VEH,2026_06_19_merged.mat,OF2,1,40596,1600,79.95,2029.7500000000002
R005,VEH,T1_SD_VEH,2026_06_19_merged.mat,OF2,1,40597,1601,80.0,2029.8000000000002
R005,VEH,T1_SD_VEH,2026_06_19_merged.mat,OF2,1,40637,1641,82.0,2031.8000000000002
R005,VEH,T1_SD_VEH,2026_06_19_merged.mat,OF2,1,40638,1642,82.05000000000001,2031.8500000000001
R005,VEH,T1_SD_VEH,2026_06_19_merged.mat,OF2,1,40648,1652,82.55000000000001,2032.3500000000001
R005,VEH,T1_SD_VEH,2026_06_19_merged.mat,OF2,1,40649,1653,82.60000000000001,2032.4
R005,VEH,T1_SD_VEH,2026_06_19_merged.mat,OF2,1,40650,1654,82.65,2032.4500000000003
R005,VEH,T1_SD_VEH,2026_06_19_merged.mat,OF2,1,40733,1737,86.80000000000001,2036.6000000000001
R005,VEH,T1_SD_VEH,2026_06_19_merged.mat,OF2,1,40761,1765,88.2,2038.0000000000002
R005,VEH,T1_SD_VEH,2026_06_19_merged.mat,OF2,1,40762,1766,88.25,2038.0500000000002
R005,VEH,T1_SD_VEH,2026_06_19_merged.mat,OF2,1,40763,1767,88.30000000000001,2038.1000000000001
R005,VEH,T1_SD_VEH,2026_06_19_merged.mat,OF2,1,40764,1768,88.35000000000001,2038.15
R005,VEH,T1_SD_VEH,2026_06_19_merged.mat,OF2,1,40765,1769,88.4,2038.2000000000003
R005,VEH,T1_SD_VEH,2026_06_19_merged.mat,OF2,1,40766,1770,88.45,2038.2500000000002
R005,VEH,T1_SD_VEH,2026_06_19_merged.mat,OF2,1,40767,1771,88.5,2038.3000000000002
R005,VEH,T1_SD_VEH,2026_06_19_merged.mat,OF2,1,40768,1772,88.55000000000001,2038.3500000000001
R005,VEH,T1_SD_VEH,2026_06_19_merged.mat,OF2,1,40769,1773,88.60000000000001,2038.4
R005,VEH,T1_SD_VEH,2026_06_19_merged.mat,OF2,1,40770,1774,88.65,2038.4500000000003
R005,VEH,T1_SD_VEH,2026_06_19_merged.mat,OF2,1,40771,1775,88.7,2038.5000000000002
R005,VEH,T1_SD_VEH,2026_06_19_merged.mat,OF2,1,40772,1776,88.75,2038.5500000000002
R005,VEH,T1_SD_VEH,2026_06_19_merged.mat,OF2,1,40773,1777,88.80000000000001,2038.6000000000001
R005,VEH,T1_SD_VEH,2026_06_19_merged.mat,OF2,1,40774,1778,88.85000000000001,2038.65
R005,VEH,T1_SD_VEH,2026_06_19_merged.mat,OF2,1,40775,1779,88.9,2038.7000000000003
R005,VEH,T1_SD_VEH,2026_06_19_merged.mat,OF2,1,40782,1786,89.25,2039.0500000000002
R005,VEH,T1_SD_VEH,2026_06_19_merged.mat,OF2,1,40783,1787,89.30000000000001,2039.1000000000001
R005,VEH,T1_SD_VEH,2026_06_19_merged.mat,OF2,1,40784,1788,89.35000000000001,2039.15
R005,VEH,T1_SD_VEH,2026_06_19_merged.mat,OF2,1,40785,1789,89.4,2039.2000000000003
R005,VEH,T1_SD_VEH,2026_06_19_merged.mat,OF2,1,40786,1790,89.45,2039.2500000000002
R005,VEH,T1_SD_VEH,2026_06_19_merged.mat,OF2,1,40787,1791,89.5,2039.3000000000002
R005,VEH,T1_SD_VEH,2026_06_19_merged.mat,OF2,1,40795,1799,89.9,2039.7000000000003
R005,VEH,T1_SD_VEH,2026_06_19_merged.mat,OF2,1,40802,1806,90.25,2040.0500000000002
R005,VEH,T1_SD_VEH,2026_06_19_merged.mat,OF2,1,40804,1808,90.35000000000001,2040.15
R005,VEH,T1_SD_VEH,2026_06_19_merged.mat,OF2,1,40806,1810,90.45,2040.2500000000002
R005,VEH,T1_SD_VEH,2026_06_19_merged.mat,OF2,1,40815,1819,90.9,2040.7000000000003
R005,VEH,T1_SD_VEH,2026_06_19_merged.mat,OF2,1,40816,1820,90.95,2040.7500000000002
R005,VEH,T1_SD_VEH,2026_06_19_merged.mat,OF2,1,40824,1828,91.35000000000001,2041.15
R005,VEH,T1_SD_VEH,2026_06_19_merged.mat,OF2,1,40825,1829,91.4,2041.2000000000003
R005,VEH,T1_SD_VEH,2026_06_19_merged.mat,OF2,1,40826,1830,91.45,2041.2500000000002
R005,VEH,T1_SD_VEH,2026_06_19_merged.mat,OF2,1,40838,1842,92.05000000000001,2041.8500000000001
R005,VEH,T1_SD_VEH,2026_06_19_merged.mat,OF2,1,40845,1849,92.4,2042.2000000000003
R005,VEH,T1_SD_VEH,2026_06_19_merged.mat,OF2,1,40854,1858,92.85000000000001,2042.65
R005,VEH,T1_SD_VEH,2026_06_19_merged.mat,OF2,1,40856,1860,92.95,2042.7500000000002
R005,VEH,T1_SD_VEH,2026_06_19_merged.mat,OF2,1,40869,1873,93.60000000000001,2043.4
R005,VEH,T1_SD_VEH,2026_06_19_merged.mat,OF2,1,40870,1874,93.65,2043.4500000000003
R005,VEH,T1_SD_VEH,2026_06_19_merged.mat,OF2,1,40888,1892,94.55000000000001,2044.3500000000001
R005,VEH,T1_SD_VEH,2026_06_19_merged.mat,OF2,1,40889,1893,94.60000000000001,2044.4
R005,VEH,T1_SD_VEH,2026_06_19_merged.mat,OF2,1,40890,1894,94.65,2044.4500000000003
R005,VEH,T1_SD_VEH,2026_06_19_merged.mat,OF2,1,40891,1895,94.7,2044.5000000000002
R005,VEH,T1_SD_VEH,2026_06_19_merged.mat,OF2,1,40967,1971,98.5,2048.3
R005,VEH,T1_SD_VEH,2026_06_19_merged.mat,OF2,1,40968,1972,98.55000000000001,2048.3500000000004
R005,VEH,T1_SD_VEH,2026_06_19_merged.mat,OF2,1,40969,1973,98.60000000000001,2048.4
R005,VEH,T1_SD_VEH,2026_06_19_merged.mat,OF2,1,40970,1974,98.65,2048.4500000000003
R005,VEH,T1_SD_VEH,2026_06_19_merged.mat,OF2,1,41054,2058,102.85000000000001,2052.65
R005,VEH,T1_SD_VEH,2026_06_19_merged.mat,OF2,1,41056,2060,102.95,2052.75
R005,VEH,T1_SD_VEH,2026_06_19_merged.mat,OF2,4,41142,2146,107.25,2057.05
R005,VEH,T1_SD_VEH,2026_06_19_merged.mat,OF2,4,41143,2147,107.30000000000001,2057.1000000000004
R005,VEH,T1_SD_VEH,2026_06_19_merged.mat,OF2,4,41144,2148,107.35000000000001,2057.15
R005,VEH,T1_SD_VEH,2026_06_19_merged.mat,OF2,4,41145,2149,107.4,2057.2000000000003
R005,VEH,T1_SD_VEH,2026_06_19_merged.mat,OF2,4,41146,2150,107.45,2057.25
R005,VEH,T1_SD_VEH,2026_06_19_merged.mat,OF2,4,41147,2151,107.5,2057.3
R005,VEH,T1_SD_VEH,2026_06_19_merged.mat,OF2,1,41191,2195,109.7,2059.5
R005,VEH,T1_SD_VEH,2026_06_19_merged.mat,OF2,4,41207,2211,110.5,2060.3
R005,VEH,T1_SD_VEH,2026_06_19_merged.mat,OF2,4,41208,2212,110.55000000000001,2060.3500000000004
R005,VEH,T1_SD_VEH,2026_06_19_merged.mat,OF2,4,41228,2232,111.55000000000001,2061.3500000000004
R005,VEH,T1_SD_VEH,2026_06_19_merged.mat,OF2,4,41230,2234,111.65,2061.4500000000003
R005,VEH,T1_SD_VEH,2026_06_19_merged.mat,OF2,4,41234,2238,111.85000000000001,2061.65
R005,VEH,T1_SD_VEH,2026_06_19_merged.mat,OF2,4,41235,2239,111.9,2061.7000000000003
R005,VEH,T1_SD_VEH,2026_06_19_merged.mat,OF2,4,41236,2240,111.95,2061.75
R005,VEH,T1_SD_VEH,2026_06_19_merged.mat,OF2,4,41260,2264,113.15,2062.9500000000003
R005,VEH,T1_SD_VEH,2026_06_19_merged.mat,OF2,4,41261,2265,113.2,2063.0
R005,VEH,T1_SD_VEH,2026_06_19_merged.mat,OF2,4,41262,2266,113.25,2063.05
R005,VEH,T1_SD_VEH,2026_06_19_merged.mat,OF2,4,41292,2296,114.75,2064.55
R005,VEH,T1_SD_VEH,2026_06_19_merged.mat,OF2,4,41293,2297,114.80000000000001,2064.6000000000004
R005,VEH,T1_SD_VEH,2026_06_19_merged.mat,OF2,4,41294,2298,114.85000000000001,2064.65
R005,VEH,T1_SD_VEH,2026_06_19_merged.mat,OF2,4,41295,2299,114.9,2064.7000000000003
R005,VEH,T1_SD_VEH,2026_06_19_merged.mat,OF2,4,41341,2345,117.2,2067.0
R005,VEH,T1_SD_VEH,2026_06_19_merged.mat,OF2,4,41342,2346,117.25,2067.05
R005,VEH,T1_SD_VEH,2026_06_19_merged.mat,OF2,4,41343,2347,117.30000000000001,2067.1000000000004
R005,VEH,T1_SD_VEH,2026_06_19_merged.mat,OF2,4,41354,2358,117.85000000000001,2067.65
R005,VEH,T1_SD_VEH,2026_06_19_merged.mat,OF2,4,41417,2421,121.0,2070.8
R005,VEH,T1_SD_VEH,2026_06_19_merged.mat,OF2,4,41418,2422,121.05000000000001,2070.8500000000004
R005,VEH,T1_SD_VEH,2026_06_19_merged.mat,OF2,4,41419,2423,121.10000000000001,2070.9
R005,VEH,T1_SD_VEH,2026_06_19_merged.mat,OF2,4,41420,2424,121.15,2070.9500000000003
R005,VEH,T1_SD_VEH,2026_06_19_merged.mat,OF2,4,41421,2425,121.2,2071.0
R005,VEH,T1_SD_VEH,2026_06_19_merged.mat,OF2,4,41528,2532,126.55000000000001,2076.3500000000004
R005,VEH,T1_SD_VEH,2026_06_19_merged.mat,OF2,4,41529,2533,126.60000000000001,2076.4
R005,VEH,T1_SD_VEH,2026_06_19_merged.mat,OF2,4,41586,2590,129.45000000000002,2079.25
R005,VEH,T1_SD_VEH,2026_06_19_merged.mat,OF2,4,41587,2591,129.5,2079.3
R005,VEH,T1_SD_VEH,2026_06_19_merged.mat,OF2,4,41588,2592,129.55,2079.3500000000004
R005,VEH,T1_SD_VEH,2026_06_19_merged.mat,OF2,4,41589,2593,129.6,2079.4
R005,VEH,T1_SD_VEH,2026_06_19_merged.mat,OF2,1,41649,2653,132.6,2082.4
R005,VEH,T1_SD_VEH,2026_06_19_merged.mat,OF2,1,41651,2655,132.70000000000002,2082.5
R005,VEH,T1_SD_VEH,2026_06_19_merged.mat,OF2,1,41694,2698,134.85,2084.65
R005,VEH,T1_SD_VEH,2026_06_19_merged.mat,OF2,1,41695,2699,134.9,2084.7000000000003
R005,VEH,T1_SD_VEH,2026_06_19_merged.mat,OF2,1,41696,2700,134.95000000000002,2084.75
R005,VEH,T1_SD_VEH,2026_06_19_merged.mat,OF2,1,41697,2701,135.0,2084.8
R005,VEH,T1_SD_VEH,2026_06_19_merged.mat,OF2,1,41706,2710,135.45000000000002,2085.25
R005,VEH,T1_SD_VEH,2026_06_19_merged.mat,OF2,1,41707,2711,135.5,2085.3
R005,VEH,T1_SD_VEH,2026_06_19_merged.mat,OF2,1,41708,2712,135.55,2085.3500000000004
R005,VEH,T1_SD_VEH,2026_06_19_merged.mat,OF2,1,41709,2713,135.6,2085.4
R005,VEH,T1_SD_VEH,2026_06_19_merged.mat,OF2,1,41716,2720,135.95000000000002,2085.75
R005,VEH,T1_SD_VEH,2026_06_19_merged.mat,OF2,1,41737,2741,137.0,2086.8
R005,VEH,T1_SD_VEH,2026_06_19_merged.mat,OF2,1,41738,2742,137.05,2086.8500000000004
R005,VEH,T1_SD_VEH,2026_06_19_merged.mat,OF2,1,41739,2743,137.1,2086.9
R005,VEH,T1_SD_VEH,2026_06_19_merged.mat,OF2,1,41740,2744,137.15,2086.9500000000003
R005,VEH,T1_SD_VEH,2026_06_19_merged.mat,OF2,1,41741,2745,137.20000000000002,2087.0
R005,VEH,T1_SD_VEH,2026_06_19_merged.mat,OF2,1,41780,2784,139.15,2088.9500000000003
R005,VEH,T1_SD_VEH,2026_06_19_merged.mat,OF2,4,41840,2844,142.15,2091.9500000000003
R005,VEH,T1_SD_VEH,2026_06_19_merged.mat,OF2,4,41865,2869,143.4,2093.2000000000003
R005,VEH,T1_SD_VEH,2026_06_19_merged.mat,OF2,4,41877,2881,144.0,2093.8
R005,VEH,T1_SD_VEH,2026_06_19_merged.mat,OF2,4,41878,2882,144.05,2093.8500000000004
R005,VEH,T1_SD_VEH,2026_06_19_merged.mat,OF2,2,41925,2929,146.4,2096.2000000000003
R005,VEH,T1_SD_VEH,2026_06_19_merged.mat,OF2,2,41926,2930,146.45000000000002,2096.25
R005,VEH,T1_SD_VEH,2026_06_19_merged.mat,OF2,4,41932,2936,146.75,2096.55
R005,VEH,T1_SD_VEH,2026_06_19_merged.mat,OF2,4,41933,2937,146.8,2096.6000000000004
R005,VEH,T1_SD_VEH,2026_06_19_merged.mat,OF2,4,41934,2938,146.85,2096.65
R005,VEH,T1_SD_VEH,2026_06_19_merged.mat,OF2,4,41935,2939,146.9,2096.7000000000003
R005,VEH,T1_SD_VEH,2026_06_19_merged.mat,OF2,4,41936,2940,146.95000000000002,2096.75
R005,VEH,T1_SD_VEH,2026_06_19_merged.mat,OF2,4,42020,3024,151.15,2100.9500000000003
R005,VEH,T1_SD_VEH,2026_06_19_merged.mat,OF2,4,42021,3025,151.20000000000002,2101.0
R005,VEH,T1_SD_VEH,2026_06_19_merged.mat,OF2,4,42022,3026,151.25,2101.05
R005,VEH,T1_SD_VEH,2026_06_19_merged.mat,OF2,4,42023,3027,151.3,2101.1000000000004
R005,VEH,T1_SD_VEH,2026_06_19_merged.mat,OF2,4,42024,3028,151.35,2101.15
R005,VEH,T1_SD_VEH,2026_06_19_merged.mat,OF2,4,42046,3050,152.45000000000002,2102.25
R005,VEH,T1_SD_VEH,2026_06_19_merged.mat,OF2,4,42047,3051,152.5,2102.3
R005,VEH,T1_SD_VEH,2026_06_19_merged.mat,OF2,4,42067,3071,153.5,2103.3
R005,VEH,T1_SD_VEH,2026_06_19_merged.mat,OF2,4,42068,3072,153.55,2103.3500000000004
R005,VEH,T1_SD_VEH,2026_06_19_merged.mat,OF2,4,42069,3073,153.60000000000002,2103.4
R005,VEH,T1_SD_VEH,2026_06_19_merged.mat,OF2,4,42110,3114,155.65,2105.4500000000003
R005,VEH,T1_SD_VEH,2026_06_19_merged.mat,OF2,4,42111,3115,155.70000000000002,2105.5
R005,VEH,T1_SD_VEH,2026_06_19_merged.mat,OF2,4,42112,3116,155.75,2105.55
R005,VEH,T1_SD_VEH,2026_06_19_merged.mat,OF2,4,42123,3127,156.3,2106.1000000000004
R005,VEH,T1_SD_VEH,2026_06_19_merged.mat,OF2,4,42124,3128,156.35000000000002,2106.15
R005,VEH,T1_SD_VEH,2026_06_19_merged.mat,OF2,4,42208,3212,160.55,2110.3500000000004
R005,VEH,T1_SD_VEH,2026_06_19_merged.mat,OF2,4,42209,3213,160.60000000000002,2110.4
R005,VEH,T1_SD_VEH,2026_06_19_merged.mat,OF2,4,42210,3214,160.65,2110.4500000000003
R005,VEH,T1_SD_VEH,2026_06_19_merged.mat,OF2,4,42211,3215,160.70000000000002,2110.5
R005,VEH,T1_SD_VEH,2026_06_19_merged.mat,OF2,4,42292,3296,164.75,2114.55
R005,VEH,T1_SD_VEH,2026_06_19_merged.mat,OF2,4,42293,3297,164.8,2114.6000000000004
R005,VEH,T1_SD_VEH,2026_06_19_merged.mat,OF2,4,42365,3369,168.4,2118.2000000000003
R005,VEH,T1_SD_VEH,2026_06_19_merged.mat,OF2,4,42366,3370,168.45000000000002,2118.25
R005,VEH,T1_SD_VEH,2026_06_19_merged.mat,OF2,4,42367,3371,168.5,2118.3
R005,VEH,T1_SD_VEH,2026_06_19_merged.mat,OF2,2,42375,3379,168.9,2118.7000000000003
R005,VEH,T1_SD_VEH,2026_06_19_merged.mat,OF2,4,42377,3381,169.0,2118.8
R005,VEH,T1_SD_VEH,2026_06_19_merged.mat,OF2,3,42432,3436,171.75,2121.55
R005,VEH,T1_SD_VEH,2026_06_19_merged.mat,OF2,4,42439,3443,172.10000000000002,2121.9
R005,VEH,T1_SD_VEH,2026_06_19_merged.mat,OF2,4,42440,3444,172.15,2121.9500000000003
R005,VEH,T1_SD_VEH,2026_06_19_merged.mat,OF2,4,42456,3460,172.95000000000002,2122.75
R005,VEH,T1_SD_VEH,2026_06_19_merged.mat,OF2,4,42457,3461,173.0,2122.8
R005,VEH,T1_SD_VEH,2026_06_19_merged.mat,OF2,2,42466,3470,173.45000000000002,2123.25
R005,VEH,T1_SD_VEH,2026_06_19_merged.mat,OF2,2,42467,3471,173.5,2123.3
R005,VEH,T1_SD_VEH,2026_06_19_merged.mat,OF2,1,42527,3531,176.5,2126.3
R005,VEH,T1_SD_VEH,2026_06_19_merged.mat,OF2,1,42528,3532,176.55,2126.3500000000004
R005,VEH,T1_SD_VEH,2026_06_19_merged.mat,OF2,1,42529,3533,176.60000000000002,2126.4
R005,VEH,T1_SD_VEH,2026_06_19_merged.mat,OF2,4,42593,3597,179.8,2129.6000000000004
R005,VEH,T1_SD_VEH,2026_06_19_merged.mat,OF2,4,42594,3598,179.85000000000002,2129.65
R005,VEH,T1_SD_VEH,2026_06_19_merged.mat,OF2,4,42884,3888,194.35000000000002,2144.15
R005,VEH,T1_SD_VEH,2026_06_19_merged.mat,OF2,4,42885,3889,194.4,2144.2000000000003
R005,VEH,T1_SD_VEH,2026_06_19_merged.mat,OF2,4,42886,3890,194.45000000000002,2144.25
R005,VEH,T1_SD_VEH,2026_06_19_merged.mat,OF2,4,42887,3891,194.5,2144.3
R005,VEH,T1_SD_VEH,2026_06_19_merged.mat,OF2,4,42898,3902,195.05,2144.8500000000004
R005,VEH,T1_SD_VEH,2026_06_19_merged.mat,OF2,4,42899,3903,195.10000000000002,2144.9
R005,VEH,T1_SD_VEH,2026_06_19_merged.mat,OF2,4,42900,3904,195.15,2144.9500000000003
R005,VEH,T1_SD_VEH,2026_06_19_merged.mat,OF2,3,42913,3917,195.8,2145.6000000000004
R005,VEH,T1_SD_VEH,2026_06_19_merged.mat,OF2,4,42961,3965,198.20000000000002,2148.0
R005,VEH,T1_SD_VEH,2026_06_19_merged.mat,OF2,4,42962,3966,198.25,2148.05
R005,VEH,T1_SD_VEH,2026_06_19_merged.mat,OF2,4,42963,3967,198.3,2148.1000000000004
R005,VEH,T1_SD_VEH,2026_06_19_merged.mat,OF2,4,42982,3986,199.25,2149.05
R005,VEH,T1_SD_VEH,2026_06_19_merged.mat,OF2,4,42983,3987,199.3,2149.1000000000004
R005,VEH,T1_SD_VEH,2026_06_19_merged.mat,OF2,4,42984,3988,199.35000000000002,2149.15
R005,VEH,T1_SD_VEH,2026_06_19_merged.mat,OF2,4,42985,3989,199.4,2149.2000000000003
R005,VEH,T1_SD_VEH,2026_06_19_merged.mat,OF2,3,43023,4027,201.3,2151.1000000000004
R005,VEH,T1_SD_VEH,2026_06_19_merged.mat,OF2,2,43024,4028,201.35000000000002,2151.15
R005,VEH,T1_SD_VEH,2026_06_19_merged.mat,OF2,4,43028,4032,201.55,2151.3500000000004
R005,VEH,T1_SD_VEH,2026_06_19_merged.mat,OF2,4,43062,4066,203.25,2153.05
R005,VEH,T1_SD_VEH,2026_06_19_merged.mat,OF2,4,43063,4067,203.3,2153.1000000000004
R005,VEH,T1_SD_VEH,2026_06_19_merged.mat,OF2,4,43075,4079,203.9,2153.7000000000003
R005,VEH,T1_SD_VEH,2026_06_19_merged.mat,OF2,4,43097,4101,205.0,2154.8
R005,VEH,T1_SD_VEH,2026_06_19_merged.mat,OF2,4,43098,4102,205.05,2154.8500000000004
R005,VEH,T1_SD_VEH,2026_06_19_merged.mat,OF2,4,43099,4103,205.10000000000002,2154.9
R005,VEH,T1_SD_VEH,2026_06_19_merged.mat,OF2,4,43100,4104,205.15,2154.9500000000003
R005,VEH,T1_SD_VEH,2026_06_19_merged.mat,OF2,1,43139,4143,207.10000000000002,2156.9
R005,VEH,T1_SD_VEH,2026_06_19_merged.mat,OF2,4,43202,4206,210.25,2160.05
R005,VEH,T1_SD_VEH,2026_06_19_merged.mat,OF2,4,43203,4207,210.3,2160.1000000000004
R005,VEH,T1_SD_VEH,2026_06_19_merged.mat,OF2,4,43204,4208,210.35000000000002,2160.15
R005,VEH,T1_SD_VEH,2026_06_19_merged.mat,OF2,4,43205,4209,210.4,2160.2000000000003
R005,VEH,T1_SD_VEH,2026_06_19_merged.mat,OF2,4,43206,4210,210.45000000000002,2160.25
R005,VEH,T1_SD_VEH,2026_06_19_merged.mat,OF2,4,43294,4298,214.85000000000002,2164.65
R005,VEH,T1_SD_VEH,2026_06_19_merged.mat,OF2,4,43295,4299,214.9,2164.7000000000003
R005,VEH,T1_SD_VEH,2026_06_19_merged.mat,OF2,4,43296,4300,214.95000000000002,2164.75
R005,VEH,T1_SD_VEH,2026_06_19_merged.mat,OF2,4,43297,4301,215.0,2164.8
R005,VEH,T1_SD_VEH,2026_06_19_merged.mat,OF2,4,43298,4302,215.05,2164.8500000000004
R005,VEH,T1_SD_VEH,2026_06_19_merged.mat,OF2,4,43299,4303,215.10000000000002,2164.9
R005,VEH,T1_SD_VEH,2026_06_19_merged.mat,OF2,4,43300,4304,215.15,2164.9500000000003
R005,VEH,T1_SD_VEH,2026_06_19_merged.mat,OF2,5,43317,4321,216.0,2165.8
R005,VEH,T1_SD_VEH,2026_06_19_merged.mat,OF2,4,43331,4335,216.70000000000002,2166.5
R005,VEH,T1_SD_VEH,2026_06_19_merged.mat,OF2,4,43332,4336,216.75,2166.55
R005,VEH,T1_SD_VEH,2026_06_19_merged.mat,OF2,4,43333,4337,216.8,2166.6000000000004
R005,VEH,T1_SD_VEH,2026_06_19_merged.mat,OF2,4,43334,4338,216.85000000000002,2166.65
R005,VEH,T1_SD_VEH,2026_06_19_merged.mat,OF2,2,43335,4339,216.9,2166.7000000000003
R005,VEH,T1_SD_VEH,2026_06_19_merged.mat,OF2,4,43410,4414,220.65,2170.4500000000003
R005,VEH,T1_SD_VEH,2026_06_19_merged.mat,OF2,4,43411,4415,220.70000000000002,2170.5
R005,VEH,T1_SD_VEH,2026_06_19_merged.mat,OF2,4,43412,4416,220.75,2170.55
R005,VEH,T1_SD_VEH,2026_06_19_merged.mat,OF2,4,43432,4436,221.75,2171.55
R005,VEH,T1_SD_VEH,2026_06_19_merged.mat,OF2,4,43433,4437,221.8,2171.6000000000004
R005,VEH,T1_SD_VEH,2026_06_19_merged.mat,OF2,4,43434,4438,221.85000000000002,2171.65
R005,VEH,T1_SD_VEH,2026_06_19_merged.mat,OF2,1,43513,4517,225.8,2175.6000000000004
R005,VEH,T1_SD_VEH,2026_06_19_merged.mat,OF2,3,43556,4560,227.95000000000002,2177.75
R005,VEH,T1_SD_VEH,2026_06_19_merged.mat,OF2,3,43557,4561,228.0,2177.8
R005,VEH,T1_SD_VEH,2026_06_19_merged.mat,OF2,4,43568,4572,228.55,2178.3500000000004
R005,VEH,T1_SD_VEH,2026_06_19_merged.mat,OF2,4,43569,4573,228.60000000000002,2178.4
R005,VEH,T1_SD_VEH,2026_06_19_merged.mat,OF2,4,43570,4574,228.65,2178.4500000000003
R005,VEH,T1_SD_VEH,2026_06_19_merged.mat,OF2,4,43580,4584,229.15,2178.9500000000003
R005,VEH,T1_SD_VEH,2026_06_19_merged.mat,OF2,1,43606,4610,230.45000000000002,2180.25
R005,VEH,T1_SD_VEH,2026_06_19_merged.mat,OF2,1,43748,4752,237.55,2187.3500000000004
R005,VEH,T1_SD_VEH,2026_06_19_merged.mat,OF2,4,43809,4813,240.60000000000002,2190.4
R005,VEH,T1_SD_VEH,2026_06_19_merged.mat,OF2,4,43810,4814,240.65,2190.4500000000003
R005,VEH,T1_SD_VEH,2026_06_19_merged.mat,OF2,4,43811,4815,240.70000000000002,2190.5
R005,VEH,T1_SD_VEH,2026_06_19_merged.mat,OF2,4,43812,4816,240.75,2190.55
R005,VEH,T1_SD_VEH,2026_06_19_merged.mat,OF2,4,43814,4818,240.85000000000002,2190.65
R005,VEH,T1_SD_VEH,2026_06_19_merged.mat,OF2,4,43815,4819,240.9,2190.7000000000003
R005,VEH,T1_SD_VEH,2026_06_19_merged.mat,OF2,4,43840,4844,242.15,2191.9500000000003
R005,VEH,T1_SD_VEH,2026_06_19_merged.mat,OF2,1,43869,4873,243.60000000000002,2193.4
R005,VEH,T1_SD_VEH,2026_06_19_merged.mat,OF2,1,43880,4884,244.15,2193.9500000000003
R005,VEH,T1_SD_VEH,2026_06_19_merged.mat,OF2,4,43986,4990,249.45000000000002,2199.25
R005,VEH,T1_SD_VEH,2026_06_19_merged.mat,OF2,4,43987,4991,249.5,2199.3
R005,VEH,T1_SD_VEH,2026_06_19_merged.mat,OF2,4,43988,4992,249.55,2199.3500000000004
R005,VEH,T1_SD_VEH,2026_06_19_merged.mat,OF2,4,43989,4993,249.60000000000002,2199.4
R005,VEH,T1_SD_VEH,2026_06_19_merged.mat,OF2,3,43990,4994,249.65,2199.4500000000003
R005,VEH,T1_SD_VEH,2026_06_19_merged.mat,OF2,4,44006,5010,250.45000000000002,2200.25
R005,VEH,T1_SD_VEH,2026_06_19_merged.mat,OF2,4,44007,5011,250.5,2200.3
R005,VEH,T1_SD_VEH,2026_06_19_merged.mat,OF2,4,44008,5012,250.55,2200.3500000000004
R005,VEH,T1_SD_VEH,2026_06_19_merged.mat,OF2,4,44009,5013,250.60000000000002,2200.4
R005,VEH,T1_SD_VEH,2026_06_19_merged.mat,OF2,4,44131,5135,256.7,2206.5
R005,VEH,T1_SD_VEH,2026_06_19_merged.mat,OF2,4,44132,5136,256.75,2206.55
R005,VEH,T1_SD_VEH,2026_06_19_merged.mat,OF2,4,44133,5137,256.8,2206.6000000000004
R005,VEH,T1_SD_VEH,2026_06_19_merged.mat,OF2,4,44134,5138,256.85,2206.65
R005,VEH,T1_SD_VEH,2026_06_19_merged.mat,OF2,4,44135,5139,256.90000000000003,2206.7000000000003
R005,VEH,T1_SD_VEH,2026_06_19_merged.mat,OF2,4,44138,5142,257.05,2206.8500000000004
R005,VEH,T1_SD_VEH,2026_06_19_merged.mat,OF2,4,44139,5143,257.1,2206.9
R005,VEH,T1_SD_VEH,2026_06_19_merged.mat,OF2,4,44140,5144,257.15000000000003,2206.9500000000003
R005,VEH,T1_SD_VEH,2026_06_19_merged.mat,OF2,4,44141,5145,257.2,2207.0
R005,VEH,T1_SD_VEH,2026_06_19_merged.mat,OF2,4,44240,5244,262.15000000000003,2211.9500000000003
R005,VEH,T1_SD_VEH,2026_06_19_merged.mat,OF2,4,44271,5275,263.7,2213.5
R005,VEH,T1_SD_VEH,2026_06_19_merged.mat,OF2,4,44272,5276,263.75,2213.55
R005,VEH,T1_SD_VEH,2026_06_19_merged.mat,OF2,4,44304,5308,265.35,2215.15
R005,VEH,T1_SD_VEH,2026_06_19_merged.mat,OF2,4,44331,5335,266.7,2216.5
R005,VEH,T1_SD_VEH,2026_06_19_merged.mat,OF2,4,44332,5336,266.75,2216.55
R005,VEH,T1_SD_VEH,2026_06_19_merged.mat,OF2,4,44333,5337,266.8,2216.6000000000004
R005,VEH,T1_SD_VEH,2026_06_19_merged.mat,OF2,4,44334,5338,266.85,2216.65
R005,VEH,T1_SD_VEH,2026_06_19_merged.mat,OF2,4,44335,5339,266.90000000000003,2216.7000000000003
R005,VEH,T1_SD_VEH,2026_06_19_merged.mat,OF2,4,44336,5340,266.95,2216.75
R005,VEH,T1_SD_VEH,2026_06_19_merged.mat,OF2,4,44337,5341,267.0,2216.8
R005,VEH,T1_SD_VEH,2026_06_19_merged.mat,OF2,4,44579,5583,279.1,2228.9
R005,VEH,T1_SD_VEH,2026_06_19_merged.mat,OF2,2,44618,5622,281.05,2230.8500000000004
R005,VEH,T1_SD_VEH,2026_06_19_merged.mat,OF2,2,44633,5637,281.8,2231.6000000000004
R005,VEH,T1_SD_VEH,2026_06_19_merged.mat,OF2,4,44671,5675,283.7,2233.5
R005,VEH,T1_SD_VEH,2026_06_19_merged.mat,OF2,4,44672,5676,283.75,2233.55
R005,VEH,T1_SD_VEH,2026_06_19_merged.mat,OF2,4,44673,5677,283.8,2233.6000000000004
R005,VEH,T1_SD_VEH,2026_06_19_merged.mat,OF2,4,44712,5716,285.75,2235.55
R005,VEH,T1_SD_VEH,2026_06_19_merged.mat,OF2,4,44713,5717,285.8,2235.6000000000004
R005,VEH,T1_SD_VEH,2026_06_19_merged.mat,OF2,4,44714,5718,285.85,2235.65
R005,VEH,T1_SD_VEH,2026_06_19_merged.mat,OF2,4,44728,5732,286.55,2236.3500000000004
R005,VEH,T1_SD_VEH,2026_06_19_merged.mat,OF2,4,44729,5733,286.6,2236.4
R005,VEH,T1_SD_VEH,2026_06_19_merged.mat,OF2,3,44737,5741,287.0,2236.8
R005,VEH,T1_SD_VEH,2026_06_19_merged.mat,OF2,4,44820,5824,291.15000000000003,2240.9500000000003
R005,VEH,T1_SD_VEH,2026_06_19_merged.mat,OF2,4,44821,5825,291.2,2241.0
R005,VEH,T1_SD_VEH,2026_06_19_merged.mat,OF2,4,44822,5826,291.25,2241.05
R005,VEH,T1_SD_VEH,2026_06_19_merged.mat,OF2,4,44823,5827,291.3,2241.1000000000004
R005,VEH,T1_SD_VEH,2026_06_19_merged.mat,OF2,4,44824,5828,291.35,2241.15
R005,VEH,T1_SD_VEH,2026_06_19_merged.mat,OF2,4,44865,5869,293.40000000000003,2243.2000000000003
R005,VEH,T1_SD_VEH,2026_06_19_merged.mat,OF2,3,44905,5909,295.40000000000003,2245.2000000000003
R005,VEH,T1_SD_VEH,2026_06_19_merged.mat,OF2,4,44918,5922,296.05,2245.8500000000004
R005,VEH,T1_SD_VEH,2026_06_19_merged.mat,OF2,4,44919,5923,296.1,2245.9
R005,VEH,T1_SD_VEH,2026_06_19_merged.mat,OF2,4,44920,5924,296.15000000000003,2245.9500000000003
R005,VEH,T1_SD_VEH,2026_06_19_merged.mat,OF2,4,44943,5947,297.3,2247.1000000000004
R005,VEH,T1_SD_VEH,2026_06_19_merged.mat,OF2,4,44944,5948,297.35,2247.15
R005,VEH,T1_SD_VEH,2026_06_19_merged.mat,OF2,4,44981,5985,299.2,2249.0
R005,VEH,T1_SD_VEH,2026_06_19_merged.mat,OF2,4,44982,5986,299.25,2249.05
R005,VEH,T1_SD_VEH,2026_06_19_merged.mat,OF2,4,44983,5987,299.3,2249.1000000000004
R005,VEH,T1_SD_VEH,2026_06_19_merged.mat,OF2,4,44992,5996,299.75,2249.55
R005,VEH,T1_SD_VEH,2026_06_19_merged.mat,OF2,4,45026,6030,301.45,2251.25
R005,VEH,T1_SD_VEH,2026_06_19_merged.mat,OF2,4,45027,6031,301.5,2251.3
R005,VEH,T1_SD_VEH,2026_06_19_merged.mat,OF2,4,45040,6044,302.15000000000003,2251.9500000000003
R005,VEH,T1_SD_VEH,2026_06_19_merged.mat,OF2,4,45041,6045,302.2,2252.0
R005,VEH,T1_SD_VEH,2026_06_19_merged.mat,OF2,4,45048,6052,302.55,2252.3500000000004
R005,VEH,T1_SD_VEH,2026_06_19_merged.mat,OF2,4,45049,6053,302.6,2252.4
R005,VEH,T1_SD_VEH,2026_06_19_merged.mat,OF2,4,45081,6085,304.2,2254.0
R005,VEH,T1_SD_VEH,2026_06_19_merged.mat,OF2,4,45082,6086,304.25,2254.05
R005,VEH,T1_SD_VEH,2026_06_19_merged.mat,OF2,3,45106,6110,305.45,2255.25
R005,VEH,T1_SD_VEH,2026_06_19_merged.mat,OF2,3,45121,6125,306.2,2256.0
R005,VEH,T1_SD_VEH,2026_06_19_merged.mat,OF2,4,45123,6127,306.3,2256.1000000000004
R005,VEH,T1_SD_VEH,2026_06_19_merged.mat,OF2,4,45124,6128,306.35,2256.15
R005,VEH,T1_SD_VEH,2026_06_19_merged.mat,OF2,3,45148,6152,307.55,2257.3500000000004
R005,VEH,T1_SD_VEH,2026_06_19_merged.mat,OF2,4,45208,6212,310.55,2260.3500000000004
R005,VEH,T1_SD_VEH,2026_06_19_merged.mat,OF2,4,45209,6213,310.6,2260.4
R005,VEH,T1_SD_VEH,2026_06_19_merged.mat,OF2,4,45210,6214,310.65000000000003,2260.4500000000003
R005,VEH,T1_SD_VEH,2026_06_19_merged.mat,OF2,4,45211,6215,310.70000000000005,2260.5
R005,VEH,T1_SD_VEH,2026_06_19_merged.mat,OF2,4,45212,6216,310.75,2260.55
R005,VEH,T1_SD_VEH,2026_06_19_merged.mat,OF2,4,45213,6217,310.8,2260.6000000000004
R005,VEH,T1_SD_VEH,2026_06_19_merged.mat,OF2,4,45214,6218,310.85,2260.65
R005,VEH,T1_SD_VEH,2026_06_19_merged.mat,OF2,4,45215,6219,310.90000000000003,2260.7000000000003
R005,VEH,T1_SD_VEH,2026_06_19_merged.mat,OF2,2,45216,6220,310.95000000000005,2260.75
R005,VEH,T1_SD_VEH,2026_06_19_merged.mat,OF2,4,45262,6266,313.25,2263.05
R005,VEH,T1_SD_VEH,2026_06_19_merged.mat,OF2,4,45273,6277,313.8,2263.6000000000004
R005,VEH,T1_SD_VEH,2026_06_19_merged.mat,OF2,4,45274,6278,313.85,2263.65
R005,VEH,T1_SD_VEH,2026_06_19_merged.mat,OF2,4,45275,6279,313.90000000000003,2263.7000000000003
R005,VEH,T1_SD_VEH,2026_06_19_merged.mat,OF2,4,45301,6305,315.20000000000005,2265.0
R005,VEH,T1_SD_VEH,2026_06_19_merged.mat,OF2,4,45304,6308,315.35,2265.15
R005,VEH,T1_SD_VEH,2026_06_19_merged.mat,OF2,4,45313,6317,315.8,2265.6000000000004
R005,VEH,T1_SD_VEH,2026_06_19_merged.mat,OF2,4,45368,6372,318.55,2268.3500000000004
R005,VEH,T1_SD_VEH,2026_06_19_merged.mat,OF2,4,45369,6373,318.6,2268.4
R005,VEH,T1_SD_VEH,2026_06_19_merged.mat,OF2,4,45370,6374,318.65000000000003,2268.4500000000003
R005,VEH,T1_SD_VEH,2026_06_19_merged.mat,OF2,4,45371,6375,318.70000000000005,2268.5
R005,VEH,T1_SD_VEH,2026_06_19_merged.mat,OF2,4,45372,6376,318.75,2268.55
R005,VEH,T1_SD_VEH,2026_06_19_merged.mat,OF2,4,45373,6377,318.8,2268.6000000000004
R005,VEH,T1_SD_VEH,2026_06_19_merged.mat,OF2,4,45376,6380,318.95000000000005,2268.75
R005,VEH,T1_SD_VEH,2026_06_19_merged.mat,OF2,4,45377,6381,319.0,2268.8
R005,VEH,T1_SD_VEH,2026_06_19_merged.mat,OF2,4,45448,6452,322.55,2272.3500000000004
R005,VEH,T1_SD_VEH,2026_06_19_merged.mat,OF2,4,45449,6453,322.6,2272.4
R005,VEH,T1_SD_VEH,2026_06_19_merged.mat,OF2,4,45450,6454,322.65000000000003,2272.4500000000003
R005,VEH,T1_SD_VEH,2026_06_19_merged.mat,OF2,4,45459,6463,323.1,2272.9
R005,VEH,T1_SD_VEH,2026_06_19_merged.mat,OF2,4,45485,6489,324.40000000000003,2274.2000000000003
R005,VEH,T1_SD_VEH,2026_06_19_merged.mat,OF2,3,45498,6502,325.05000000000007,2274.8500000000004
R005,VEH,T1_SD_VEH,2026_06_19_merged.mat,OF2,4,45534,6538,326.8500000000001,2276.65
R005,VEH,T1_SD_VEH,2026_06_19_merged.mat,OF2,4,45535,6539,326.9000000000001,2276.7000000000003
R005,VEH,T1_SD_VEH,2026_06_19_merged.mat,OF2,3,45572,6576,328.75000000000006,2278.55
R005,VEH,T1_SD_VEH,2026_06_19_merged.mat,OF2,4,45575,6579,328.9000000000001,2278.7000000000003
R005,VEH,T1_SD_VEH,2026_06_19_merged.mat,OF2,4,45576,6580,328.95000000000005,2278.75
R005,VEH,T1_SD_VEH,2026_06_19_merged.mat,OF2,4,45577,6581,329.00000000000006,2278.8
R005,VEH,T1_SD_VEH,2026_06_19_merged.mat,OF2,4,45587,6591,329.50000000000006,2279.3
R005,VEH,T1_SD_VEH,2026_06_19_merged.mat,OF2,4,45589,6593,329.6000000000001,2279.4
R005,VEH,T1_SD_VEH,2026_06_19_merged.mat,OF2,4,45604,6608,330.3500000000001,2280.15
R005,VEH,T1_SD_VEH,2026_06_19_merged.mat,OF2,4,45606,6610,330.45000000000005,2280.25
R005,VEH,T1_SD_VEH,2026_06_19_merged.mat,OF2,4,45641,6645,332.20000000000005,2282.0
R005,VEH,T1_SD_VEH,2026_06_19_merged.mat,OF2,4,45643,6647,332.30000000000007,2282.1000000000004
R005,VEH,T1_SD_VEH,2026_06_19_merged.mat,OF2,4,45649,6653,332.6000000000001,2282.4
R005,VEH,T1_SD_VEH,2026_06_19_merged.mat,OF2,4,45650,6654,332.6500000000001,2282.4500000000003
R005,VEH,T1_SD_VEH,2026_06_19_merged.mat,OF2,2,45698,6702,335.05000000000007,2284.8500000000004
R005,VEH,T1_SD_VEH,2026_06_19_merged.mat,OF2,4,45699,6703,335.1000000000001,2284.9
R005,VEH,T1_SD_VEH,2026_06_19_merged.mat,OF2,4,45700,6704,335.1500000000001,2284.9500000000003
R005,VEH,T1_SD_VEH,2026_06_19_merged.mat,OF2,4,45701,6705,335.20000000000005,2285.0
R005,VEH,T1_SD_VEH,2026_06_19_merged.mat,OF2,4,45704,6708,335.3500000000001,2285.15
R005,VEH,T1_SD_VEH,2026_06_19_merged.mat,OF2,2,45740,6744,337.1500000000001,2286.9500000000003
R005,VEH,T1_SD_VEH,2026_06_19_merged.mat,OF2,2,45741,6745,337.20000000000005,2287.0
R005,VEH,T1_SD_VEH,2026_06_19_merged.mat,OF2,2,45742,6746,337.25000000000006,2287.05
R005,VEH,T1_SD_VEH,2026_06_19_merged.mat,OF2,3,45793,6797,339.80000000000007,2289.6000000000004
R005,VEH,T1_SD_VEH,2026_06_19_merged.mat,OF2,3,45794,6798,339.8500000000001,2289.65
R005,VEH,T1_SD_VEH,2026_06_19_merged.mat,OF2,4,45856,6860,342.9500000000001,2292.7500000000005
R005,VEH,T1_SD_VEH,2026_06_19_merged.mat,OF2,4,45857,6861,343.00000000000006,2292.8
R005,VEH,T1_SD_VEH,2026_06_19_merged.mat,OF2,4,45858,6862,343.05000000000007,2292.8500000000004
R005,VEH,T1_SD_VEH,2026_06_19_merged.mat,OF2,4,45859,6863,343.1000000000001,2292.9
R005,VEH,T1_SD_VEH,2026_06_19_merged.mat,OF2,4,45860,6864,343.1500000000001,2292.9500000000003
R005,VEH,T1_SD_VEH,2026_06_19_merged.mat,OF2,4,45861,6865,343.2000000000001,2293.0000000000005
R005,VEH,T1_SD_VEH,2026_06_19_merged.mat,OF2,4,45862,6866,343.25000000000006,2293.05
R005,VEH,T1_SD_VEH,2026_06_19_merged.mat,OF2,4,45863,6867,343.30000000000007,2293.1000000000004
R005,VEH,T1_SD_VEH,2026_06_19_merged.mat,OF2,2,45886,6890,344.4500000000001,2294.2500000000005
R005,VEH,T1_SD_VEH,2026_06_19_merged.mat,OF2,4,45920,6924,346.1500000000001,2295.9500000000003
R005,VEH,T1_SD_VEH,2026_06_19_merged.mat,OF2,3,45921,6925,346.2000000000001,2296.0000000000005
R005,VEH,T1_SD_VEH,2026_06_19_merged.mat,OF2,2,45987,6991,349.50000000000006,2299.3
R005,VEH,T1_SD_VEH,2026_06_19_merged.mat,OF2,2,45988,6992,349.55000000000007,2299.3500000000004
R005,VEH,T1_SD_VEH,2026_06_19_merged.mat,OF2,3,45989,6993,349.6000000000001,2299.4
R005,VEH,T1_SD_VEH,2026_06_19_merged.mat,OF2,1,46095,7099,354.9000000000001,2304.7000000000003
R005,VEH,T1_SD_VEH,2026_06_19_merged.mat,OF2,1,46096,7100,354.9500000000001,2304.7500000000005
R005,VEH,T1_SD_VEH,2026_06_19_merged.mat,OF2,1,46097,7101,355.00000000000006,2304.8
R005,VEH,T1_SD_VEH,2026_06_19_merged.mat,OF2,3,46131,7135,356.7000000000001,2306.5000000000005
R005,VEH,T1_SD_VEH,2026_06_19_merged.mat,OF2,1,46157,7161,358.00000000000006,2307.8
R005,VEH,T1_SD_VEH,2026_06_19_merged.mat,OF2,4,46182,7186,359.25000000000006,2309.05
R005,VEH,T1_SD_VEH,2026_06_19_merged.mat,OF2,4,46183,7187,359.30000000000007,2309.1000000000004
R005,VEH,T1_SD_VEH,2026_06_19_merged.mat,OF2,2,46230,7234,361.6500000000001,2311.4500000000003
R005,VEH,T1_SD_VEH,2026_06_19_merged.mat,OF2,4,46261,7265,363.2000000000001,2313.0000000000005
R005,VEH,T1_SD_VEH,2026_06_19_merged.mat,OF2,4,46262,7266,363.25000000000006,2313.05
R005,VEH,T1_SD_VEH,2026_06_19_merged.mat,OF2,4,46263,7267,363.30000000000007,2313.1000000000004
R005,VEH,T1_SD_VEH,2026_06_19_merged.mat,OF2,4,46264,7268,363.3500000000001,2313.15
R005,VEH,T1_SD_VEH,2026_06_19_merged.mat,OF2,4,46276,7280,363.9500000000001,2313.7500000000005
R005,VEH,T1_SD_VEH,2026_06_19_merged.mat,OF2,4,46277,7281,364.00000000000006,2313.8
R005,VEH,T1_SD_VEH,2026_06_19_merged.mat,OF2,3,46302,7306,365.25000000000006,2315.05
R005,VEH,T1_SD_VEH,2026_06_19_merged.mat,OF2,2,46303,7307,365.30000000000007,2315.1000000000004
R005,VEH,T1_SD_VEH,2026_06_19_merged.mat,OF2,4,46356,7360,367.9500000000001,2317.7500000000005
R005,VEH,T1_SD_VEH,2026_06_19_merged.mat,OF2,4,46357,7361,368.00000000000006,2317.8
R005,VEH,T1_SD_VEH,2026_06_19_merged.mat,OF2,4,46358,7362,368.05000000000007,2317.8500000000004
R005,VEH,T1_SD_VEH,2026_06_19_merged.mat,OF2,4,46359,7363,368.1000000000001,2317.9
R005,VEH,T1_SD_VEH,2026_06_19_merged.mat,OF2,4,46361,7365,368.2000000000001,2318.0000000000005
R005,VEH,T1_SD_VEH,2026_06_19_merged.mat,OF2,4,46468,7472,373.55000000000007,2323.3500000000004
R005,VEH,T1_SD_VEH,2026_06_19_merged.mat,OF2,4,46469,7473,373.6000000000001,2323.4
R005,VEH,T1_SD_VEH,2026_06_19_merged.mat,OF2,4,46500,7504,375.1500000000001,2324.9500000000003
R005,VEH,T1_SD_VEH,2026_06_19_merged.mat,OF2,4,46501,7505,375.2000000000001,2325.0000000000005
R005,VEH,T1_SD_VEH,2026_06_19_merged.mat,OF2,2,46510,7514,375.6500000000001,2325.4500000000003
R005,VEH,T1_SD_VEH,2026_06_19_merged.mat,OF2,3,46511,7515,375.7000000000001,2325.5000000000005
R005,VEH,T1_SD_VEH,2026_06_19_merged.mat,OF2,2,46529,7533,376.6000000000001,2326.4
R005,VEH,T1_SD_VEH,2026_06_19_merged.mat,OF2,3,46542,7546,377.25000000000006,2327.05
R005,VEH,T1_SD_VEH,2026_06_19_merged.mat,OF2,2,46568,7572,378.55000000000007,2328.3500000000004
R005,VEH,T1_SD_VEH,2026_06_19_merged.mat,OF2,2,46569,7573,378.6000000000001,2328.4
R005,VEH,T1_SD_VEH,2026_06_19_merged.mat,OF2,3,46662,7666,383.25000000000006,2333.05
R005,VEH,T1_SD_VEH,2026_06_19_merged.mat,OF2,4,46683,7687,384.30000000000007,2334.1000000000004
R005,VEH,T1_SD_VEH,2026_06_19_merged.mat,OF2,4,46684,7688,384.3500000000001,2334.15
R005,VEH,T1_SD_VEH,2026_06_19_merged.mat,OF2,3,46714,7718,385.8500000000001,2335.65
R005,VEH,T1_SD_VEH,2026_06_19_merged.mat,OF2,1,46737,7741,387.00000000000006,2336.8
R005,VEH,T1_SD_VEH,2026_06_19_merged.mat,OF2,2,46793,7797,389.80000000000007,2339.6000000000004
R005,VEH,T1_SD_VEH,2026_06_19_merged.mat,OF2,3,46824,7828,391.3500000000001,2341.15
R005,VEH,T1_SD_VEH,2026_06_19_merged.mat,OF2,3,46825,7829,391.4000000000001,2341.2000000000003
R005,VEH,T1_SD_VEH,2026_06_19_merged.mat,OF2,2,46938,7942,397.05000000000007,2346.8500000000004
R005,VEH,T1_SD_VEH,2026_06_19_merged.mat,OF2,2,46939,7943,397.1000000000001,2346.9
R005,VEH,T1_SD_VEH,2026_06_19_merged.mat,OF2,3,47064,8068,403.3500000000001,2353.15
R005,VEH,T1_SD_VEH,2026_06_19_merged.mat,OF2,2,47138,8142,407.05000000000007,2356.8500000000004
R005,VEH,T1_SD_VEH,2026_06_19_merged.mat,OF2,3,47139,8143,407.1000000000001,2356.9
R005,VEH,T1_SD_VEH,2026_06_19_merged.mat,OF2,4,47160,8164,408.1500000000001,2357.9500000000003
R005,VEH,T1_SD_VEH,2026_06_19_merged.mat,OF2,4,47161,8165,408.20000000000005,2358.0
R005,VEH,T1_SD_VEH,2026_06_19_merged.mat,OF2,4,47162,8166,408.2500000000001,2358.05
R005,VEH,T1_SD_VEH,2026_06_19_merged.mat,OF2,4,47186,8190,409.45000000000005,2359.25
R005,VEH,T1_SD_VEH,2026_06_19_merged.mat,OF2,4,47269,8273,413.6000000000001,2363.4
R005,VEH,T1_SD_VEH,2026_06_19_merged.mat,OF2,4,47270,8274,413.6500000000001,2363.4500000000003
R005,VEH,T1_SD_VEH,2026_06_19_merged.mat,OF2,3,47315,8319,415.9000000000001,2365.7000000000003
R005,VEH,T1_SD_VEH,2026_06_19_merged.mat,OF2,4,47318,8322,416.05000000000007,2365.8500000000004
R005,VEH,T1_SD_VEH,2026_06_19_merged.mat,OF2,4,47344,8348,417.3500000000001,2367.15
R005,VEH,T1_SD_VEH,2026_06_19_merged.mat,OF2,4,47345,8349,417.4000000000001,2367.2000000000003
R005,VEH,T1_SD_VEH,2026_06_19_merged.mat,OF2,4,47346,8350,417.45000000000005,2367.25
R005,VEH,T1_SD_VEH,2026_06_19_merged.mat,OF2,4,47347,8351,417.5000000000001,2367.3
R005,VEH,T1_SD_VEH,2026_06_19_merged.mat,OF2,4,47348,8352,417.55000000000007,2367.3500000000004
R005,VEH,T1_SD_VEH,2026_06_19_merged.mat,OF2,4,47355,8359,417.9000000000001,2367.7000000000003
R005,VEH,T1_SD_VEH,2026_06_19_merged.mat,OF2,4,47367,8371,418.5000000000001,2368.3
R005,VEH,T1_SD_VEH,2026_06_19_merged.mat,OF2,4,47368,8372,418.55000000000007,2368.3500000000004
R005,VEH,T1_SD_VEH,2026_06_19_merged.mat,OF2,3,47369,8373,418.6000000000001,2368.4
R005,VEH,T1_SD_VEH,2026_06_19_merged.mat,OF2,4,47381,8385,419.20000000000005,2369.0
R005,VEH,T1_SD_VEH,2026_06_19_merged.mat,OF2,4,47402,8406,420.2500000000001,2370.05
R005,VEH,T1_SD_VEH,2026_06_19_merged.mat,OF2,2,47406,8410,420.45000000000005,2370.25
R005,VEH,T1_SD_VEH,2026_06_19_merged.mat,OF2,3,47495,8499,424.9000000000001,2374.7000000000003
R005,VEH,T1_SD_VEH,2026_06_19_merged.mat,OF2,2,47497,8501,425.0000000000001,2374.8
R005,VEH,T1_SD_VEH,2026_06_19_merged.mat,OF2,4,47499,8503,425.1000000000001,2374.9
R005,VEH,T1_SD_VEH,2026_06_19_merged.mat,OF2,4,47500,8504,425.1500000000001,2374.9500000000003
R005,VEH,T1_SD_VEH,2026_06_19_merged.mat,OF2,4,47501,8505,425.20000000000005,2375.0
R005,VEH,T1_SD_VEH,2026_06_19_merged.mat,OF2,4,47503,8507,425.30000000000007,2375.1000000000004
R005,VEH,T1_SD_VEH,2026_06_19_merged.mat,OF2,4,47550,8554,427.6500000000001,2377.4500000000003
R005,VEH,T1_SD_VEH,2026_06_19_merged.mat,OF2,4,47552,8556,427.7500000000001,2377.55
R005,VEH,T1_SD_VEH,2026_06_19_merged.mat,OF2,4,47553,8557,427.80000000000007,2377.6000000000004
R005,VEH,T1_SD_VEH,2026_06_19_merged.mat,OF2,3,47564,8568,428.3500000000001,2378.15
R005,VEH,T1_SD_VEH,2026_06_19_merged.mat,OF2,4,47565,8569,428.4000000000001,2378.2000000000003
R005,VEH,T1_SD_VEH,2026_06_19_merged.mat,OF2,4,47566,8570,428.45000000000005,2378.25
R005,VEH,T1_SD_VEH,2026_06_19_merged.mat,OF2,4,47567,8571,428.5000000000001,2378.3
R005,VEH,T1_SD_VEH,2026_06_19_merged.mat,OF2,2,47577,8581,429.0000000000001,2378.8
R005,VEH,T1_SD_VEH,2026_06_19_merged.mat,OF2,4,47617,8621,431.0000000000001,2380.8
R005,VEH,T1_SD_VEH,2026_06_19_merged.mat,OF2,4,47618,8622,431.05000000000007,2380.8500000000004
R005,VEH,T1_SD_VEH,2026_06_19_merged.mat,OF2,4,47619,8623,431.1000000000001,2380.9
R005,VEH,T1_SD_VEH,2026_06_19_merged.mat,OF2,4,47626,8630,431.45000000000005,2381.25
R005,VEH,T1_SD_VEH,2026_06_19_merged.mat,OF2,3,47648,8652,432.55000000000007,2382.3500000000004
R005,VEH,T1_SD_VEH,2026_06_19_merged.mat,OF2,1,47971,8975,448.70000000000005,2398.5
R005,VEH,T1_SD_VEH,2026_06_19_merged.mat,OF2,4,48131,9135,456.70000000000005,2406.5
R005,VEH,T1_SD_VEH,2026_06_19_merged.mat,OF2,4,48132,9136,456.7500000000001,2406.55
R005,VEH,T1_SD_VEH,2026_06_19_merged.mat,OF2,4,48133,9137,456.80000000000007,2406.6000000000004
R005,VEH,T1_SD_VEH,2026_06_19_merged.mat,OF2,3,48149,9153,457.6000000000001,2407.4
R005,VEH,T1_SD_VEH,2026_06_19_merged.mat,OF2,2,48155,9159,457.9000000000001,2407.7000000000003
R005,VEH,T1_SD_VEH,2026_06_19_merged.mat,OF2,2,48156,9160,457.95000000000005,2407.75
R005,VEH,T1_SD_VEH,2026_06_19_merged.mat,OF2,4,48163,9167,458.30000000000007,2408.1000000000004
R005,VEH,T1_SD_VEH,2026_06_19_merged.mat,OF2,4,48188,9192,459.55000000000007,2409.3500000000004
R005,VEH,T1_SD_VEH,2026_06_19_merged.mat,OF2,3,48249,9253,462.6000000000001,2412.4
R005,VEH,T1_SD_VEH,2026_06_19_merged.mat,OF2,4,48250,9254,462.6500000000001,2412.4500000000003
R005,VEH,T1_SD_VEH,2026_06_19_merged.mat,OF2,4,48251,9255,462.70000000000005,2412.5
R005,VEH,T1_SD_VEH,2026_06_19_merged.mat,OF2,4,48252,9256,462.7500000000001,2412.55
R005,VEH,T1_SD_VEH,2026_06_19_merged.mat,OF2,4,48253,9257,462.80000000000007,2412.6000000000004
R005,VEH,T1_SD_VEH,2026_06_19_merged.mat,OF2,2,48259,9263,463.1000000000001,2412.9
R005,VEH,T1_SD_VEH,2026_06_19_merged.mat,OF2,3,48274,9278,463.8500000000001,2413.65
R005,VEH,T1_SD_VEH,2026_06_19_merged.mat,OF2,2,48290,9294,464.6500000000001,2414.4500000000003
R005,VEH,T1_SD_VEH,2026_06_19_merged.mat,OF2,3,48292,9296,464.7500000000001,2414.55
R005,VEH,T1_SD_VEH,2026_06_19_merged.mat,OF2,3,48294,9298,464.8500000000001,2414.65
R005,VEH,T1_SD_VEH,2026_06_19_merged.mat,OF2,4,48314,9318,465.8500000000001,2415.65
R005,VEH,T1_SD_VEH,2026_06_19_merged.mat,OF2,4,48315,9319,465.9000000000001,2415.7000000000003
R005,VEH,T1_SD_VEH,2026_06_19_merged.mat,OF2,4,48335,9339,466.9000000000001,2416.7000000000003
R005,VEH,T1_SD_VEH,2026_06_19_merged.mat,OF2,3,48376,9380,468.95000000000005,2418.75
R005,VEH,T1_SD_VEH,2026_06_19_merged.mat,OF2,3,48377,9381,469.0000000000001,2418.8
R005,VEH,T1_SD_VEH,2026_06_19_merged.mat,OF2,3,48378,9382,469.05000000000007,2418.8500000000004
R005,VEH,T1_SD_VEH,2026_06_19_merged.mat,OF2,4,48445,9449,472.4000000000001,2422.2000000000003
R005,VEH,T1_SD_VEH,2026_06_19_merged.mat,OF2,4,48446,9450,472.45000000000005,2422.25
R005,VEH,T1_SD_VEH,2026_06_19_merged.mat,OF2,2,48457,9461,473.0000000000001,2422.8
R005,VEH,T1_SD_VEH,2026_06_19_merged.mat,OF2,3,48476,9480,473.95000000000005,2423.75
R005,VEH,T1_SD_VEH,2026_06_19_merged.mat,OF2,4,48492,9496,474.7500000000001,2424.55
R005,VEH,T1_SD_VEH,2026_06_19_merged.mat,OF2,4,48493,9497,474.80000000000007,2424.6000000000004
R005,VEH,T1_SD_VEH,2026_06_19_merged.mat,OF2,4,48494,9498,474.8500000000001,2424.65
R005,VEH,T1_SD_VEH,2026_06_19_merged.mat,OF2,4,48495,9499,474.9000000000001,2424.7000000000003
R005,VEH,T1_SD_VEH,2026_06_19_merged.mat,OF2,4,48496,9500,474.95000000000005,2424.75
R005,VEH,T1_SD_VEH,2026_06_19_merged.mat,OF2,4,48497,9501,475.0000000000001,2424.8
R005,VEH,T1_SD_VEH,2026_06_19_merged.mat,OF2,3,48510,9514,475.6500000000001,2425.4500000000003
R005,VEH,T1_SD_VEH,2026_06_19_merged.mat,OF2,3,48511,9515,475.70000000000005,2425.5
R005,VEH,T1_SD_VEH,2026_06_19_merged.mat,OF2,2,48515,9519,475.9000000000001,2425.7000000000003
R005,VEH,T1_SD_VEH,2026_06_19_merged.mat,OF2,4,48516,9520,475.95000000000005,2425.75
R005,VEH,T1_SD_VEH,2026_06_19_merged.mat,OF2,2,48548,9552,477.55000000000007,2427.3500000000004
R005,VEH,T1_SD_VEH,2026_06_19_merged.mat,OF2,2,48549,9553,477.6000000000001,2427.4
R005,VEH,T1_SD_VEH,2026_06_19_merged.mat,OF2,4,48564,9568,478.3500000000001,2428.15
R005,VEH,T1_SD_VEH,2026_06_19_merged.mat,OF2,4,48565,9569,478.4000000000001,2428.2000000000003
R005,VEH,T1_SD_VEH,2026_06_19_merged.mat,OF2,4,48580,9584,479.1500000000001,2428.9500000000003
R005,VEH,T1_SD_VEH,2026_06_19_merged.mat,OF2,4,48593,9597,479.80000000000007,2429.6000000000004
R005,VEH,T1_SD_VEH,2026_06_19_merged.mat,OF2,4,48594,9598,479.8500000000001,2429.65
R005,VEH,T1_SD_VEH,2026_06_19_merged.mat,OF2,4,48615,9619,480.9000000000001,2430.7000000000003
R005,VEH,T1_SD_VEH,2026_06_19_merged.mat,OF2,4,48617,9621,481.0000000000001,2430.8
R005,VEH,T1_SD_VEH,2026_06_19_merged.mat,OF2,4,48618,9622,481.05000000000007,2430.8500000000004
R005,VEH,T1_SD_VEH,2026_06_19_merged.mat,OF2,4,48619,9623,481.1000000000001,2430.9
R005,VEH,T1_SD_VEH,2026_06_19_merged.mat,OF2,3,48675,9679,483.9000000000001,2433.7000000000003
R005,VEH,T1_SD_VEH,2026_06_19_merged.mat,OF2,3,48769,9773,488.6000000000001,2438.4
R005,VEH,T1_SD_VEH,2026_06_19_merged.mat,OF2,2,48770,9774,488.6500000000001,2438.4500000000003
R005,VEH,T1_SD_VEH,2026_06_19_merged.mat,OF2,2,48771,9775,488.70000000000005,2438.5
R005,VEH,T1_SD_VEH,2026_06_19_merged.mat,OF2,4,48772,9776,488.7500000000001,2438.55
R005,VEH,T1_SD_VEH,2026_06_19_merged.mat,OF2,4,48885,9889,494.4000000000001,2444.2000000000003
R005,VEH,T1_SD_VEH,2026_06_19_merged.mat,OF2,4,48886,9890,494.45000000000005,2444.25
R005,VEH,T1_SD_VEH,2026_06_19_merged.mat,OF2,4,48887,9891,494.5000000000001,2444.3
R005,VEH,T1_SD_VEH,2026_06_19_merged.mat,OF2,4,48889,9893,494.6000000000001,2444.4
R005,VEH,T1_SD_VEH,2026_06_19_merged.mat,OF2,2,48907,9911,495.5000000000001,2445.3
R005,VEH,T1_SD_VEH,2026_06_19_merged.mat,OF2,3,48909,9913,495.6000000000001,2445.4
R005,VEH,T1_SD_VEH,2026_06_19_merged.mat,OF2,3,48910,9914,495.6500000000001,2445.4500000000003
R005,VEH,T1_SD_VEH,2026_06_19_merged.mat,OF2,4,48948,9952,497.55000000000007,2447.3500000000004
R005,VEH,T1_SD_VEH,2026_06_19_merged.mat,OF2,4,49007,10011,500.5000000000001,2450.3
R005,VEH,T1_SD_VEH,2026_06_19_merged.mat,OF2,4,49008,10012,500.55000000000007,2450.3500000000004
R005,VEH,T1_SD_VEH,2026_06_19_merged.mat,OF2,4,49009,10013,500.6000000000001,2450.4
R005,VEH,T1_SD_VEH,2026_06_19_merged.mat,OF2,4,49010,10014,500.6500000000001,2450.4500000000003
R005,VEH,T1_SD_VEH,2026_06_19_merged.mat,OF2,3,49051,10055,502.70000000000005,2452.5
R005,VEH,T1_SD_VEH,2026_06_19_merged.mat,OF2,3,49052,10056,502.7500000000001,2452.55
R005,VEH,T1_SD_VEH,2026_06_19_merged.mat,OF2,3,49075,10079,503.9000000000001,2453.7000000000003
R005,VEH,T1_SD_VEH,2026_06_19_merged.mat,OF2,3,49076,10080,503.95000000000005,2453.75
R005,VEH,T1_SD_VEH,2026_06_19_merged.mat,OF2,4,49132,10136,506.7500000000001,2456.55
R005,VEH,T1_SD_VEH,2026_06_19_merged.mat,OF2,4,49133,10137,506.80000000000007,2456.6000000000004
R005,VEH,T1_SD_VEH,2026_06_19_merged.mat,OF2,2,49134,10138,506.8500000000001,2456.65
R005,VEH,T1_SD_VEH,2026_06_19_merged.mat,OF2,2,49176,10180,508.95000000000005,2458.75
R005,VEH,T1_SD_VEH,2026_06_19_merged.mat,OF2,2,49179,10183,509.1000000000001,2458.9
R005,VEH,T1_SD_VEH,2026_06_19_merged.mat,OF2,4,49217,10221,511.0000000000001,2460.8
R005,VEH,T1_SD_VEH,2026_06_19_merged.mat,OF2,4,49219,10223,511.1000000000001,2460.9
R005,VEH,T1_SD_VEH,2026_06_19_merged.mat,OF2,4,49473,10477,523.8000000000001,2473.6000000000004
R005,VEH,T1_SD_VEH,2026_06_19_merged.mat,OF2,4,49474,10478,523.8500000000001,2473.6500000000005
R005,VEH,T1_SD_VEH,2026_06_19_merged.mat,OF2,4,49475,10479,523.9000000000001,2473.7000000000003
R005,VEH,T1_SD_VEH,2026_06_19_merged.mat,OF2,4,49497,10501,525.0000000000001,2474.8
R005,VEH,T1_SD_VEH,2026_06_19_merged.mat,OF2,4,49507,10511,525.5000000000001,2475.3
R005,VEH,T1_SD_VEH,2026_06_19_merged.mat,OF2,4,49508,10512,525.5500000000001,2475.3500000000004
R005,VEH,T1_SD_VEH,2026_06_19_merged.mat,OF2,4,49509,10513,525.6000000000001,2475.4000000000005
R005,VEH,T1_SD_VEH,2026_06_19_merged.mat,OF2,4,49561,10565,528.2,2478.0
R005,VEH,T1_SD_VEH,2026_06_19_merged.mat,OF2,4,49562,10566,528.2500000000001,2478.05
R005,VEH,T1_SD_VEH,2026_06_19_merged.mat,OF2,4,49563,10567,528.3000000000001,2478.1000000000004
R005,VEH,T1_SD_VEH,2026_06_19_merged.mat,OF2,4,49564,10568,528.3500000000001,2478.1500000000005
R005,VEH,T1_SD_VEH,2026_06_19_merged.mat,OF2,4,49565,10569,528.4000000000001,2478.2000000000003
R005,VEH,T1_SD_VEH,2026_06_19_merged.mat,OF2,4,49640,10644,532.1500000000001,2481.9500000000003
R005,VEH,T1_SD_VEH,2026_06_19_merged.mat,OF2,4,49641,10645,532.2,2482.0
R005,VEH,T1_SD_VEH,2026_06_19_merged.mat,OF2,2,49642,10646,532.2500000000001,2482.05
R005,VEH,T1_SD_VEH,2026_06_19_merged.mat,OF2,4,49659,10663,533.1000000000001,2482.9000000000005
R005,VEH,T1_SD_VEH,2026_06_19_merged.mat,OF2,4,49660,10664,533.1500000000001,2482.9500000000003
R005,VEH,T1_SD_VEH,2026_06_19_merged.mat,OF2,3,49678,10682,534.0500000000001,2483.8500000000004
R005,VEH,T1_SD_VEH,2026_06_19_merged.mat,OF2,4,49693,10697,534.8000000000001,2484.6000000000004
R005,VEH,T1_SD_VEH,2026_06_19_merged.mat,OF2,4,49694,10698,534.8500000000001,2484.6500000000005
R005,VEH,T1_SD_VEH,2026_06_19_merged.mat,OF2,4,49715,10719,535.9000000000001,2485.7000000000003
R005,VEH,T1_SD_VEH,2026_06_19_merged.mat,OF2,4,49716,10720,535.95,2485.75
R005,VEH,T1_SD_VEH,2026_06_19_merged.mat,OF2,3,49723,10727,536.3000000000001,2486.1000000000004
R005,VEH,T1_SD_VEH,2026_06_19_merged.mat,OF2,3,49724,10728,536.3500000000001,2486.1500000000005
R005,VEH,T1_SD_VEH,2026_06_19_merged.mat,OF2,3,49725,10729,536.4000000000001,2486.2000000000003
R005,VEH,T1_SD_VEH,2026_06_19_merged.mat,OF2,3,49746,10750,537.45,2487.25
R005,VEH,T1_SD_VEH,2026_06_19_merged.mat,OF2,3,49747,10751,537.5000000000001,2487.3
R005,VEH,T1_SD_VEH,2026_06_19_merged.mat,OF2,2,49748,10752,537.5500000000001,2487.3500000000004
R005,VEH,T1_SD_VEH,2026_06_19_merged.mat,OF2,4,49749,10753,537.6000000000001,2487.4000000000005
R005,VEH,T1_SD_VEH,2026_06_19_merged.mat,OF2,4,49752,10756,537.7500000000001,2487.55
R005,VEH,T1_SD_VEH,2026_06_19_merged.mat,OF2,4,49753,10757,537.8000000000001,2487.6000000000004
R005,VEH,T1_SD_VEH,2026_06_19_merged.mat,OF2,2,49780,10784,539.1500000000001,2488.9500000000003
R005,VEH,T1_SD_VEH,2026_06_19_merged.mat,OF2,4,49781,10785,539.2,2489.0
R005,VEH,T1_SD_VEH,2026_06_19_merged.mat,OF2,4,49783,10787,539.3000000000001,2489.1000000000004
R005,VEH,T1_SD_VEH,2026_06_19_merged.mat,OF2,4,49794,10798,539.8500000000001,2489.6500000000005
R005,VEH,T1_SD_VEH,2026_06_19_merged.mat,OF2,4,49805,10809,540.4000000000001,2490.2000000000003
R005,VEH,T1_SD_VEH,2026_06_19_merged.mat,OF2,3,49824,10828,541.3500000000001,2491.1500000000005
R005,VEH,T1_SD_VEH,2026_06_19_merged.mat,OF2,3,49901,10905,545.2,2495.0
R005,VEH,T1_SD_VEH,2026_06_19_merged.mat,OF2,4,49903,10907,545.3000000000001,2495.1000000000004
R005,VEH,T1_SD_VEH,2026_06_19_merged.mat,OF2,4,49915,10919,545.9000000000001,2495.7000000000003
R005,VEH,T1_SD_VEH,2026_06_19_merged.mat,OF2,4,49916,10920,545.95,2495.75
R005,VEH,T1_SD_VEH,2026_06_19_merged.mat,OF2,4,49917,10921,546.0000000000001,2495.8
R005,VEH,T1_SD_VEH,2026_06_19_merged.mat,OF2,2,49927,10931,546.5000000000001,2496.3
R005,VEH,T1_SD_VEH,2026_06_19_merged.mat,OF2,4,50001,11005,550.2,2500.0
R005,VEH,T1_SD_VEH,2026_06_19_merged.mat,OF2,4,50002,11006,550.2500000000001,2500.05
R005,VEH,T1_SD_VEH,2026_06_19_merged.mat,OF2,3,50004,11008,550.3500000000001,2500.1500000000005
R005,VEH,T1_SD_VEH,2026_06_19_merged.mat,OF2,2,50040,11044,552.1500000000001,2501.9500000000003
R005,VEH,T1_SD_VEH,2026_06_19_merged.mat,OF2,3,50064,11068,553.3500000000001,2503.1500000000005
R005,VEH,T1_SD_VEH,2026_06_19_merged.mat,OF2,4,50082,11086,554.2500000000001,2504.05
R005,VEH,T1_SD_VEH,2026_06_19_merged.mat,OF2,4,50083,11087,554.3000000000001,2504.1000000000004
R005,VEH,T1_SD_VEH,2026_06_19_merged.mat,OF2,4,50085,11089,554.4000000000001,2504.2000000000003
R005,VEH,T1_SD_VEH,2026_06_19_merged.mat,OF2,2,50115,11119,555.9000000000001,2505.7000000000003
R005,VEH,T1_SD_VEH,2026_06_19_merged.mat,OF2,4,50128,11132,556.5500000000001,2506.3500000000004
R005,VEH,T1_SD_VEH,2026_06_19_merged.mat,OF2,4,50129,11133,556.6000000000001,2506.4000000000005
R005,VEH,T1_SD_VEH,2026_06_19_merged.mat,OF2,4,50174,11178,558.8500000000001,2508.6500000000005
R005,VEH,T1_SD_VEH,2026_06_19_merged.mat,OF2,4,50175,11179,558.9000000000001,2508.7000000000003
R005,VEH,T1_SD_VEH,2026_06_19_merged.mat,OF2,4,50176,11180,558.95,2508.75
R005,VEH,T1_SD_VEH,2026_06_19_merged.mat,OF2,4,50177,11181,559.0000000000001,2508.8
R005,VEH,T1_SD_VEH,2026_06_19_merged.mat,OF2,4,50222,11226,561.2500000000001,2511.05
R005,VEH,T1_SD_VEH,2026_06_19_merged.mat,OF2,4,50223,11227,561.3000000000001,2511.1000000000004
R005,VEH,T1_SD_VEH,2026_06_19_merged.mat,OF2,4,50224,11228,561.3500000000001,2511.1500000000005
R005,VEH,T1_SD_VEH,2026_06_19_merged.mat,OF2,4,50225,11229,561.4000000000001,2511.2000000000003
R005,VEH,T1_SD_VEH,2026_06_19_merged.mat,OF2,4,50226,11230,561.45,2511.25
R005,VEH,T1_SD_VEH,2026_06_19_merged.mat,OF2,4,50298,11302,565.0500000000001,2514.8500000000004
R005,VEH,T1_SD_VEH,2026_06_19_merged.mat,OF2,4,50299,11303,565.1000000000001,2514.9000000000005
R005,VEH,T1_SD_VEH,2026_06_19_merged.mat,OF2,4,50300,11304,565.1500000000001,2514.9500000000003
R005,VEH,T1_SD_VEH,2026_06_19_merged.mat,OF2,4,50301,11305,565.2,2515.0
R005,VEH,T1_SD_VEH,2026_06_19_merged.mat,OF2,4,50302,11306,565.2500000000001,2515.05
R005,VEH,T1_SD_VEH,2026_06_19_merged.mat,OF2,4,50324,11328,566.3500000000001,2516.1500000000005
R005,VEH,T1_SD_VEH,2026_06_19_merged.mat,OF2,4,50325,11329,566.4000000000001,2516.2000000000003
R005,VEH,T1_SD_VEH,2026_06_19_merged.mat,OF2,5,50326,11330,566.45,2516.25
R005,VEH,T1_SD_VEH,2026_06_19_merged.mat,OF2,4,50368,11372,568.5500000000001,2518.3500000000004
R005,VEH,T1_SD_VEH,2026_06_19_merged.mat,OF2,4,50369,11373,568.6000000000001,2518.4000000000005
R005,VEH,T1_SD_VEH,2026_06_19_merged.mat,OF2,4,50370,11374,568.6500000000001,2518.4500000000003
R005,VEH,T1_SD_VEH,2026_06_19_merged.mat,OF2,4,50371,11375,568.7,2518.5
R005,VEH,T1_SD_VEH,2026_06_19_merged.mat,OF2,4,50372,11376,568.7500000000001,2518.55
R005,VEH,T1_SD_VEH,2026_06_19_merged.mat,OF2,3,50418,11422,571.0500000000001,2520.8500000000004
R005,VEH,T1_SD_VEH,2026_06_19_merged.mat,OF2,2,50473,11477,573.8000000000001,2523.6000000000004
R005,VEH,T1_SD_VEH,2026_06_19_merged.mat,OF2,4,50476,11480,573.95,2523.75
R005,VEH,T1_SD_VEH,2026_06_19_merged.mat,OF2,4,50477,11481,574.0000000000001,2523.8
R005,VEH,T1_SD_VEH,2026_06_19_merged.mat,OF2,3,50479,11483,574.1000000000001,2523.9000000000005
R005,VEH,T1_SD_VEH,2026_06_19_merged.mat,OF2,4,50489,11493,574.6000000000001,2524.4000000000005
R005,VEH,T1_SD_VEH,2026_06_19_merged.mat,OF2,4,50490,11494,574.6500000000001,2524.4500000000003
R005,VEH,T1_SD_VEH,2026_06_19_merged.mat,OF2,4,50491,11495,574.7,2524.5
R005,VEH,T1_SD_VEH,2026_06_19_merged.mat,OF2,4,50492,11496,574.7500000000001,2524.55
R005,VEH,T1_SD_VEH,2026_06_19_merged.mat,OF2,4,50493,11497,574.8000000000001,2524.6000000000004
R005,VEH,T1_SD_VEH,2026_06_19_merged.mat,OF2,4,50494,11498,574.8500000000001,2524.6500000000005
R005,VEH,T1_SD_VEH,2026_06_19_merged.mat,OF2,4,50495,11499,574.9000000000001,2524.7000000000003
R005,VEH,T1_SD_VEH,2026_06_19_merged.mat,OF2,4,50518,11522,576.0500000000001,2525.8500000000004
R005,VEH,T1_SD_VEH,2026_06_19_merged.mat,OF2,4,50519,11523,576.1000000000001,2525.9000000000005
R005,VEH,T1_SD_VEH,2026_06_19_merged.mat,OF2,4,50541,11545,577.2,2527.0
R005,VEH,T1_SD_VEH,2026_06_19_merged.mat,OF2,4,50542,11546,577.2500000000001,2527.05
R005,VEH,T1_SD_VEH,2026_06_19_merged.mat,OF2,4,50543,11547,577.3000000000001,2527.1000000000004
R005,VEH,T1_SD_VEH,2026_06_19_merged.mat,OF2,3,50574,11578,578.8500000000001,2528.6500000000005
R005,VEH,T1_SD_VEH,2026_06_19_merged.mat,OF2,4,50576,11580,578.95,2528.75
R005,VEH,T1_SD_VEH,2026_06_19_merged.mat,OF2,4,50577,11581,579.0000000000001,2528.8
R005,VEH,T1_SD_VEH,2026_06_19_merged.mat,OF2,4,50578,11582,579.0500000000001,2528.8500000000004
R005,VEH,T1_SD_VEH,2026_06_19_merged.mat,OF2,4,50579,11583,579.1000000000001,2528.9000000000005
R005,VEH,T1_SD_VEH,2026_06_19_merged.mat,OF2,4,50580,11584,579.1500000000001,2528.9500000000003
R005,VEH,T1_SD_VEH,2026_06_19_merged.mat,OF2,2,50590,11594,579.6500000000001,2529.4500000000003
R005,VEH,T1_SD_VEH,2026_06_19_merged.mat,OF2,4,50592,11596,579.7500000000001,2529.55
R005,VEH,T1_SD_VEH,2026_06_19_merged.mat,OF2,3,50609,11613,580.6000000000001,2530.4000000000005
R005,VEH,T1_SD_VEH,2026_06_19_merged.mat,OF2,3,50611,11615,580.7,2530.5
R005,VEH,T1_SD_VEH,2026_06_19_merged.mat,OF2,4,50613,11617,580.8000000000001,2530.6000000000004
R005,VEH,T1_SD_VEH,2026_06_19_merged.mat,OF2,4,50614,11618,580.8500000000001,2530.6500000000005
R005,VEH,T1_SD_VEH,2026_06_19_merged.mat,OF2,4,50615,11619,580.9000000000001,2530.7000000000003
R005,VEH,T1_SD_VEH,2026_06_19_merged.mat,OF2,3,50621,11625,581.2,2531.0
R005,VEH,T1_SD_VEH,2026_06_19_merged.mat,OF2,3,50633,11637,581.8000000000001,2531.6000000000004
R005,VEH,T1_SD_VEH,2026_06_19_merged.mat,OF2,4,50634,11638,581.8500000000001,2531.6500000000005
R005,VEH,T1_SD_VEH,2026_06_19_merged.mat,OF2,4,50635,11639,581.9000000000001,2531.7000000000003
R005,VEH,T1_SD_VEH,2026_06_19_merged.mat,OF2,4,50636,11640,581.95,2531.75
R005,VEH,T1_SD_VEH,2026_06_19_merged.mat,OF2,3,50651,11655,582.7,2532.5
R005,VEH,T1_SD_VEH,2026_06_19_merged.mat,OF2,3,50652,11656,582.7500000000001,2532.55
R005,VEH,T1_SD_VEH,2026_06_19_merged.mat,OF2,2,50657,11661,583.0000000000001,2532.8
R005,VEH,T1_SD_VEH,2026_06_19_merged.mat,OF2,4,50675,11679,583.9000000000001,2533.7000000000003
R005,VEH,T1_SD_VEH,2026_06_19_merged.mat,OF2,4,50676,11680,583.95,2533.75
R005,VEH,T1_SD_VEH,2026_06_19_merged.mat,OF2,4,50677,11681,584.0000000000001,2533.8
R005,VEH,T1_SD_VEH,2026_06_19_merged.mat,OF2,4,50736,11740,586.95,2536.75
R005,VEH,T1_SD_VEH,2026_06_19_merged.mat,OF2,4,50737,11741,587.0000000000001,2536.8
R005,VEH,T1_SD_VEH,2026_06_19_merged.mat,OF2,3,50770,11774,588.6500000000001,2538.4500000000003
R005,VEH,T1_SD_VEH,2026_06_19_merged.mat,OF2,4,50778,11782,589.0500000000001,2538.8500000000004
R005,VEH,T1_SD_VEH,2026_06_19_merged.mat,OF2,4,50779,11783,589.1000000000001,2538.9000000000005
R005,VEH,T1_SD_VEH,2026_06_19_merged.mat,OF2,4,50780,11784,589.1500000000001,2538.9500000000003
R005,VEH,T1_SD_VEH,2026_06_19_merged.mat,OF2,4,50801,11805,590.2,2540.0
R005,VEH,T1_SD_VEH,2026_06_19_merged.mat,OF2,3,50803,11807,590.3000000000001,2540.1000000000004
R005,VEH,T1_SD_VEH,2026_06_19_merged.mat,OF2,3,50804,11808,590.3500000000001,2540.1500000000005
R005,VEH,T1_SD_VEH,2026_06_19_merged.mat,OF2,4,50833,11837,591.8000000000001,2541.6000000000004
R005,VEH,T1_SD_VEH,2026_06_19_merged.mat,OF2,3,50835,11839,591.9000000000001,2541.7000000000003
R005,VEH,T1_SD_VEH,2026_06_19_merged.mat,OF2,3,50836,11840,591.95,2541.75
R005,VEH,T1_SD_VEH,2026_06_19_merged.mat,OF2,3,50838,11842,592.0500000000001,2541.8500000000004
R005,VEH,T1_SD_VEH,2026_06_19_merged.mat,OF2,3,50858,11862,593.0500000000001,2542.8500000000004
R005,VEH,T1_SD_VEH,2026_06_19_merged.mat,OF2,3,50859,11863,593.1000000000001,2542.9000000000005
R005,VEH,T1_SD_VEH,2026_06_19_merged.mat,OF2,3,50869,11873,593.6000000000001,2543.4000000000005
R005,VEH,T1_SD_VEH,2026_06_19_merged.mat,OF2,4,50884,11888,594.3500000000001,2544.1500000000005
R005,VEH,T1_SD_VEH,2026_06_19_merged.mat,OF2,2,50933,11937,596.8000000000001,2546.6000000000004
R005,VEH,T1_SD_VEH,2026_06_19_merged.mat,OF2,2,50934,11938,596.8500000000001,2546.6500000000005
R005,VEH,T1_SD_VEH,2026_06_19_merged.mat,OF2,4,50935,11939,596.9000000000001,2546.7000000000003
R005,VEH,T1_SD_VEH,2026_06_19_merged.mat,OF2,4,50936,11940,596.95,2546.75
R005,VEH,T1_SD_VEH,2026_06_19_merged.mat,OF2,4,50937,11941,597.0000000000001,2546.8
R005,VEH,T1_SD_VEH,2026_06_19_merged.mat,OF2,4,50965,11969,598.4000000000001,2548.2000000000003
R005,VEH,T1_SD_VEH,2026_06_19_merged.mat,OF2,4,50966,11970,598.45,2548.25
R005,VEH,T1_SD_VEH,2026_06_19_merged.mat,OF2,4,50967,11971,598.5000000000001,2548.3
R005,VEH,T1_SD_VEH,2026_06_19_merged.mat,OF2,4,50981,11985,599.2,2549.0
R005,VEH,T1_SD_VEH,2026_06_19_merged.mat,OF2,4,50999,12003,600.1000000000001,2549.9000000000005
R005,VEH,T1_SD_VEH,2026_06_19_merged.mat,OF2,4,51000,12004,600.1500000000001,2549.9500000000003
R005,VEH,T1_SD_VEH,2026_06_19_merged.mat,OF2,4,51001,12005,600.2,2550.0
R005,VEH,T1_SD_VEH,2026_06_19_merged.mat,OF2,4,51033,12037,601.8000000000001,2551.6000000000004
R005,VEH,T1_SD_VEH,2026_06_19_merged.mat,OF2,4,51034,12038,601.8500000000001,2551.6500000000005
R005,VEH,T1_SD_VEH,2026_06_19_merged.mat,OF2,4,51035,12039,601.9000000000001,2551.7000000000003
R005,VEH,T1_SD_VEH,2026_06_19_merged.mat,OF2,4,51056,12060,602.95,2552.75
R005,VEH,T1_SD_VEH,2026_06_19_merged.mat,OF2,4,51057,12061,603.0000000000001,2552.8
R005,VEH,T1_SD_VEH,2026_06_19_merged.mat,OF2,4,51058,12062,603.0500000000001,2552.8500000000004
R005,VEH,T1_SD_VEH,2026_06_19_merged.mat,OF2,4,51059,12063,603.1000000000001,2552.9000000000005
R005,VEH,T1_SD_VEH,2026_06_19_merged.mat,OF2,4,51060,12064,603.1500000000001,2552.9500000000003
R005,VEH,T1_SD_VEH,2026_06_19_merged.mat,OF2,2,51061,12065,603.2,2553.0
R005,VEH,T1_SD_VEH,2026_06_19_merged.mat,OF2,4,51176,12180,608.95,2558.75
R005,VEH,T1_SD_VEH,2026_06_19_merged.mat,OF2,4,51177,12181,609.0000000000001,2558.8
R005,VEH,T1_SD_VEH,2026_06_19_merged.mat,OF2,4,51178,12182,609.0500000000001,2558.8500000000004
R005,VEH,T1_SD_VEH,2026_06_19_merged.mat,OF2,4,51179,12183,609.1000000000001,2558.9000000000005
R005,VEH,T1_SD_VEH,2026_06_19_merged.mat,OF2,4,51180,12184,609.1500000000001,2558.9500000000003
R005,VEH,T1_SD_VEH,2026_06_19_merged.mat,OF2,4,51181,12185,609.2,2559.0
R005,VEH,T1_SD_VEH,2026_06_19_merged.mat,OF2,4,51182,12186,609.2500000000001,2559.05
R005,VEH,T1_SD_VEH,2026_06_19_merged.mat,OF2,2,51213,12217,610.8000000000001,2560.6000000000004
R005,VEH,T1_SD_VEH,2026_06_19_merged.mat,OF2,4,51214,12218,610.8500000000001,2560.6500000000005
R005,VEH,T1_SD_VEH,2026_06_19_merged.mat,OF2,4,51220,12224,611.1500000000001,2560.9500000000003
R005,VEH,T1_SD_VEH,2026_06_19_merged.mat,OF2,4,51318,12322,616.0500000000001,2565.8500000000004
R005,VEH,T1_SD_VEH,2026_06_19_merged.mat,OF2,4,51319,12323,616.1000000000001,2565.9000000000005
R005,VEH,T1_SD_VEH,2026_06_19_merged.mat,OF2,4,51320,12324,616.1500000000001,2565.9500000000003
R005,VEH,T1_SD_VEH,2026_06_19_merged.mat,OF2,4,51352,12356,617.7500000000001,2567.55
R005,VEH,T1_SD_VEH,2026_06_19_merged.mat,OF2,4,51353,12357,617.8000000000001,2567.6000000000004
R005,VEH,T1_SD_VEH,2026_06_19_merged.mat,OF2,4,51354,12358,617.8500000000001,2567.6500000000005
R005,VEH,T1_SD_VEH,2026_06_19_merged.mat,OF2,2,51393,12397,619.8000000000001,2569.6000000000004
R005,VEH,T1_SD_VEH,2026_06_19_merged.mat,OF2,4,51424,12428,621.3500000000001,2571.1500000000005
R005,VEH,T1_SD_VEH,2026_06_19_merged.mat,OF2,4,51425,12429,621.4000000000001,2571.2000000000003
R005,VEH,T1_SD_VEH,2026_06_19_merged.mat,OF2,4,51426,12430,621.45,2571.25
R005,VEH,T1_SD_VEH,2026_06_19_merged.mat,OF2,4,51427,12431,621.5000000000001,2571.3
R005,VEH,T1_SD_VEH,2026_06_19_merged.mat,OF2,4,51438,12442,622.0500000000001,2571.8500000000004
R005,VEH,T1_SD_VEH,2026_06_19_merged.mat,OF2,3,51498,12502,625.0500000000001,2574.8500000000004
R005,VEH,T1_SD_VEH,2026_06_19_merged.mat,OF2,3,51500,12504,625.1500000000001,2574.9500000000003
R005,VEH,T1_SD_VEH,2026_06_19_merged.mat,OF2,2,51567,12571,628.5000000000001,2578.3
R005,VEH,T1_SD_VEH,2026_06_19_merged.mat,OF2,2,51568,12572,628.5500000000001,2578.3500000000004
R005,VEH,T1_SD_VEH,2026_06_19_merged.mat,OF2,2,51569,12573,628.6000000000001,2578.4000000000005
R005,VEH,T1_SD_VEH,2026_06_19_merged.mat,OF2,4,51581,12585,629.2,2579.0
R005,VEH,T1_SD_VEH,2026_06_19_merged.mat,OF2,4,51582,12586,629.2500000000001,2579.05
R005,VEH,T1_SD_VEH,2026_06_19_merged.mat,OF2,4,51619,12623,631.1000000000001,2580.9000000000005
R005,VEH,T1_SD_VEH,2026_06_19_merged.mat,OF2,4,51620,12624,631.1500000000001,2580.9500000000003
R005,VEH,T1_SD_VEH,2026_06_19_merged.mat,OF2,3,51659,12663,633.1000000000001,2582.9000000000005
R005,VEH,T1_SD_VEH,2026_06_19_merged.mat,OF2,3,51714,12718,635.8500000000001,2585.6500000000005
R005,VEH,T1_SD_VEH,2026_06_19_merged.mat,OF2,3,51779,12783,639.1000000000001,2588.9000000000005
R005,VEH,T1_SD_VEH,2026_06_19_merged.mat,OF2,4,51780,12784,639.1500000000001,2588.9500000000003
R005,VEH,T1_SD_VEH,2026_06_19_merged.mat,OF2,4,51783,12787,639.3000000000001,2589.1000000000004
R005,VEH,T1_SD_VEH,2026_06_19_merged.mat,OF2,4,51784,12788,639.3500000000001,2589.1500000000005
R005,VEH,T1_SD_VEH,2026_06_19_merged.mat,OF2,4,51785,12789,639.4000000000001,2589.2000000000003
R005,VEH,T1_SD_VEH,2026_06_19_merged.mat,OF2,4,51863,12867,643.3000000000001,2593.1000000000004
R005,VEH,T1_SD_VEH,2026_06_19_merged.mat,OF2,4,51864,12868,643.3500000000001,2593.1500000000005
R005,VEH,T1_SD_VEH,2026_06_19_merged.mat,OF2,4,51865,12869,643.4000000000001,2593.2000000000003
R005,VEH,T1_SD_VEH,2026_06_19_merged.mat,OF2,4,51866,12870,643.45,2593.25
R005,VEH,T1_SD_VEH,2026_06_19_merged.mat,OF2,4,51867,12871,643.5000000000001,2593.3
R005,VEH,T1_SD_VEH,2026_06_19_merged.mat,OF2,4,51868,12872,643.5500000000001,2593.3500000000004
R005,VEH,T1_SD_VEH,2026_06_19_merged.mat,OF2,3,51897,12901,645.0000000000001,2594.8
R005,VEH,T1_SD_VEH,2026_06_19_merged.mat,OF2,2,51909,12913,645.6000000000001,2595.4000000000005
R005,VEH,T1_SD_VEH,2026_06_19_merged.mat,OF2,2,51910,12914,645.6500000000001,2595.4500000000003
R005,VEH,T1_SD_VEH,2026_06_19_merged.mat,OF2,2,51944,12948,647.3500000000001,2597.1500000000005
R005,VEH,T1_SD_VEH,2026_06_19_merged.mat,OF2,3,51951,12955,647.7,2597.5
R005,VEH,T1_SD_VEH,2026_06_19_merged.mat,OF2,3,51952,12956,647.7500000000001,2597.55
R005,VEH,T1_SD_VEH,2026_06_19_merged.mat,OF2,4,51966,12970,648.45,2598.25
R005,VEH,T1_SD_VEH,2026_06_19_merged.mat,OF2,4,51967,12971,648.5000000000001,2598.3
R005,VEH,T1_SD_VEH,2026_06_19_merged.mat,OF2,4,51968,12972,648.5500000000001,2598.3500000000004
R005,VEH,T1_SD_VEH,2026_06_19_merged.mat,OF2,3,51975,12979,648.9000000000001,2598.7000000000003
