animal,treatment,day_name,session,phase,factor,global_frame_1based,local_frame_1based,time_s,day_elapsed_s
R006,VEH,T1_SD_VEH,2026_06_20_merged.mat,OF1,1,48,48,2.35,2.35
R006,VEH,T1_SD_VEH,2026_06_20_merged.mat,OF1,1,49,49,2.4000000000000004,2.4000000000000004
R006,VEH,T1_SD_VEH,2026_06_20_merged.mat,OF1,1,50,50,2.45,2.45
R006,VEH,T1_SD_VEH,2026_06_20_merged.mat,OF1,1,51,51,2.5,2.5
R006,VEH,T1_SD_VEH,2026_06_20_merged.mat,OF1,1,52,52,2.5500000000000003,2.5500000000000003
R006,VEH,T1_SD_VEH,2026_06_20_merged.mat,OF1,1,63,63,3.1,3.1
R006,VEH,T1_SD_VEH,2026_06_20_merged.mat,OF1,1,64,64,3.1500000000000004,3.1500000000000004
R006,VEH,T1_SD_VEH,2026_06_20_merged.mat,OF1,1,95,95,4.7,4.7
R006,VEH,T1_SD_VEH,2026_06_20_merged.mat,OF1,1,96,96,4.75,4.75
R006,VEH,T1_SD_VEH,2026_06_20_merged.mat,OF1,1,97,97,4.800000000000001,4.800000000000001
R006,VEH,T1_SD_VEH,2026_06_20_merged.mat,OF1,1,98,98,4.8500000000000005,4.8500000000000005
R006,VEH,T1_SD_VEH,2026_06_20_merged.mat,OF1,1,106,106,5.25,5.25
R006,VEH,T1_SD_VEH,2026_06_20_merged.mat,OF1,1,116,116,5.75,5.75
R006,VEH,T1_SD_VEH,2026_06_20_merged.mat,OF1,1,117,117,5.800000000000001,5.800000000000001
R006,VEH,T1_SD_VEH,2026_06_20_merged.mat,OF1,1,118,118,5.8500000000000005,5.8500000000000005
R006,VEH,T1_SD_VEH,2026_06_20_merged.mat,OF1,1,158,158,7.8500000000000005,7.8500000000000005
R006,VEH,T1_SD_VEH,2026_06_20_merged.mat,OF1,1,159,159,7.9,7.9
R006,VEH,T1_SD_VEH,2026_06_20_merged.mat,OF1,1,170,170,8.450000000000001,8.450000000000001
R006,VEH,T1_SD_VEH,2026_06_20_merged.mat,OF1,1,181,181,9.0,9.0
R006,VEH,T1_SD_VEH,2026_06_20_merged.mat,OF1,1,182,182,9.05,9.05
R006,VEH,T1_SD_VEH,2026_06_20_merged.mat,OF1,1,183,183,9.1,9.1
R006,VEH,T1_SD_VEH,2026_06_20_merged.mat,OF1,1,260,260,12.950000000000001,12.950000000000001
R006,VEH,T1_SD_VEH,2026_06_20_merged.mat,OF1,1,261,261,13.0,13.0
R006,VEH,T1_SD_VEH,2026_06_20_merged.mat,OF1,1,271,271,13.5,13.5
R006,VEH,T1_SD_VEH,2026_06_20_merged.mat,OF1,1,272,272,13.55,13.55
R006,VEH,T1_SD_VEH,2026_06_20_merged.mat,OF1,1,273,273,13.600000000000001,13.600000000000001
R006,VEH,T1_SD_VEH,2026_06_20_merged.mat,OF1,1,274,274,13.65,13.65
R006,VEH,T1_SD_VEH,2026_06_20_merged.mat,OF1,1,304,304,15.15,15.15
R006,VEH,T1_SD_VEH,2026_06_20_merged.mat,OF1,1,305,305,15.200000000000001,15.200000000000001
R006,VEH,T1_SD_VEH,2026_06_20_merged.mat,OF1,1,306,306,15.25,15.25
R006,VEH,T1_SD_VEH,2026_06_20_merged.mat,OF1,1,334,334,16.650000000000002,16.650000000000002
R006,VEH,T1_SD_VEH,2026_06_20_merged.mat,OF1,1,407,407,20.3,20.3
R006,VEH,T1_SD_VEH,2026_06_20_merged.mat,OF1,1,547,547,27.3,27.3
R006,VEH,T1_SD_VEH,2026_06_20_merged.mat,OF1,1,548,548,27.35,27.35
R006,VEH,T1_SD_VEH,2026_06_20_merged.mat,OF1,1,549,549,27.400000000000002,27.400000000000002
R006,VEH,T1_SD_VEH,2026_06_20_merged.mat,OF1,1,598,598,29.85,29.85
R006,VEH,T1_SD_VEH,2026_06_20_merged.mat,OF1,1,599,599,29.900000000000002,29.900000000000002
R006,VEH,T1_SD_VEH,2026_06_20_merged.mat,OF1,1,600,600,29.950000000000003,29.950000000000003
R006,VEH,T1_SD_VEH,2026_06_20_merged.mat,OF1,1,608,608,30.35,30.35
R006,VEH,T1_SD_VEH,2026_06_20_merged.mat,OF1,1,609,609,30.400000000000002,30.400000000000002
R006,VEH,T1_SD_VEH,2026_06_20_merged.mat,OF1,1,610,610,30.450000000000003,30.450000000000003
R006,VEH,T1_SD_VEH,2026_06_20_merged.mat,OF1,1,611,611,30.5,30.5
R006,VEH,T1_SD_VEH,2026_06_20_merged.mat,OF1,2,709,709,35.4,35.4
R006,VEH,T1_SD_VEH,2026_06_20_merged.mat,OF1,2,710,710,35.45,35.45
R006,VEH,T1_SD_VEH,2026_06_20_merged.mat,OF1,2,711,711,35.5,35.5
R006,VEH,T1_SD_VEH,2026_06_20_merged.mat,OF1,1,783,783,39.1,39.1
R006,VEH,T1_SD_VEH,2026_06_20_merged.mat,OF1,2,888,888,44.35,44.35
R006,VEH,T1_SD_VEH,2026_06_20_merged.mat,OF1,2,889,889,44.400000000000006,44.400000000000006
R006,VEH,T1_SD_VEH,2026_06_20_merged.mat,OF1,2,890,890,44.45,44.45
R006,VEH,T1_SD_VEH,2026_06_20_merged.mat,OF1,2,891,891,44.5,44.5
R006,VEH,T1_SD_VEH,2026_06_20_merged.mat,OF1,2,897,897,44.800000000000004,44.800000000000004
R006,VEH,T1_SD_VEH,2026_06_20_merged.mat,OF1,2,898,898,44.85,44.85
R006,VEH,T1_SD_VEH,2026_06_20_merged.mat,OF1,2,899,899,44.900000000000006,44.900000000000006
R006,VEH,T1_SD_VEH,2026_06_20_merged.mat,OF1,2,900,900,44.95,44.95
R006,VEH,T1_SD_VEH,2026_06_20_merged.mat,OF1,2,915,915,45.7,45.7
R006,VEH,T1_SD_VEH,2026_06_20_merged.mat,OF1,2,1060,1060,52.95,52.95
R006,VEH,T1_SD_VEH,2026_06_20_merged.mat,OF1,1,1078,1078,53.85,53.85
R006,VEH,T1_SD_VEH,2026_06_20_merged.mat,OF1,1,1079,1079,53.900000000000006,53.900000000000006
R006,VEH,T1_SD_VEH,2026_06_20_merged.mat,OF1,1,1080,1080,53.95,53.95
R006,VEH,T1_SD_VEH,2026_06_20_merged.mat,OF1,1,1081,1081,54.0,54.0
R006,VEH,T1_SD_VEH,2026_06_20_merged.mat,OF1,1,1082,1082,54.050000000000004,54.050000000000004
R006,VEH,T1_SD_VEH,2026_06_20_merged.mat,OF1,1,1083,1083,54.1,54.1
R006,VEH,T1_SD_VEH,2026_06_20_merged.mat,OF1,2,1110,1110,55.45,55.45
R006,VEH,T1_SD_VEH,2026_06_20_merged.mat,OF1,2,1111,1111,55.5,55.5
R006,VEH,T1_SD_VEH,2026_06_20_merged.mat,OF1,2,1112,1112,55.550000000000004,55.550000000000004
R006,VEH,T1_SD_VEH,2026_06_20_merged.mat,OF1,1,1140,1140,56.95,56.95
R006,VEH,T1_SD_VEH,2026_06_20_merged.mat,OF1,1,1141,1141,57.0,57.0
R006,VEH,T1_SD_VEH,2026_06_20_merged.mat,OF1,2,1199,1199,59.900000000000006,59.900000000000006
R006,VEH,T1_SD_VEH,2026_06_20_merged.mat,OF1,2,1200,1200,59.95,59.95
R006,VEH,T1_SD_VEH,2026_06_20_merged.mat,OF1,2,1201,1201,60.0,60.0
R006,VEH,T1_SD_VEH,2026_06_20_merged.mat,OF1,2,1202,1202,60.050000000000004,60.050000000000004
R006,VEH,T1_SD_VEH,2026_06_20_merged.mat,OF1,2,1224,1224,61.150000000000006,61.150000000000006
R006,VEH,T1_SD_VEH,2026_06_20_merged.mat,OF1,2,1329,1329,66.4,66.4
R006,VEH,T1_SD_VEH,2026_06_20_merged.mat,OF1,2,1330,1330,66.45,66.45
R006,VEH,T1_SD_VEH,2026_06_20_merged.mat,OF1,2,1397,1397,69.8,69.8
R006,VEH,T1_SD_VEH,2026_06_20_merged.mat,OF1,2,1398,1398,69.85000000000001,69.85000000000001
R006,VEH,T1_SD_VEH,2026_06_20_merged.mat,OF1,2,1399,1399,69.9,69.9
R006,VEH,T1_SD_VEH,2026_06_20_merged.mat,OF1,2,1400,1400,69.95,69.95
R006,VEH,T1_SD_VEH,2026_06_20_merged.mat,OF1,2,1409,1409,70.4,70.4
R006,VEH,T1_SD_VEH,2026_06_20_merged.mat,OF1,2,1410,1410,70.45,70.45
R006,VEH,T1_SD_VEH,2026_06_20_merged.mat,OF1,2,1411,1411,70.5,70.5
R006,VEH,T1_SD_VEH,2026_06_20_merged.mat,OF1,2,1412,1412,70.55,70.55
R006,VEH,T1_SD_VEH,2026_06_20_merged.mat,OF1,2,1413,1413,70.60000000000001,70.60000000000001
R006,VEH,T1_SD_VEH,2026_06_20_merged.mat,OF1,2,1422,1422,71.05,71.05
R006,VEH,T1_SD_VEH,2026_06_20_merged.mat,OF1,2,1423,1423,71.10000000000001,71.10000000000001
R006,VEH,T1_SD_VEH,2026_06_20_merged.mat,OF1,2,1435,1435,71.7,71.7
R006,VEH,T1_SD_VEH,2026_06_20_merged.mat,OF1,2,1436,1436,71.75,71.75
R006,VEH,T1_SD_VEH,2026_06_20_merged.mat,OF1,2,1437,1437,71.8,71.8
R006,VEH,T1_SD_VEH,2026_06_20_merged.mat,OF1,2,1446,1446,72.25,72.25
R006,VEH,T1_SD_VEH,2026_06_20_merged.mat,OF1,2,1447,1447,72.3,72.3
R006,VEH,T1_SD_VEH,2026_06_20_merged.mat,OF1,2,1457,1457,72.8,72.8
R006,VEH,T1_SD_VEH,2026_06_20_merged.mat,OF1,2,1458,1458,72.85000000000001,72.85000000000001
R006,VEH,T1_SD_VEH,2026_06_20_merged.mat,OF1,2,1459,1459,72.9,72.9
R006,VEH,T1_SD_VEH,2026_06_20_merged.mat,OF1,2,1471,1471,73.5,73.5
R006,VEH,T1_SD_VEH,2026_06_20_merged.mat,OF1,2,1472,1472,73.55,73.55
R006,VEH,T1_SD_VEH,2026_06_20_merged.mat,OF1,2,1473,1473,73.60000000000001,73.60000000000001
R006,VEH,T1_SD_VEH,2026_06_20_merged.mat,OF1,2,1484,1484,74.15,74.15
R006,VEH,T1_SD_VEH,2026_06_20_merged.mat,OF1,2,1485,1485,74.2,74.2
R006,VEH,T1_SD_VEH,2026_06_20_merged.mat,OF1,2,1486,1486,74.25,74.25
R006,VEH,T1_SD_VEH,2026_06_20_merged.mat,OF1,2,1487,1487,74.3,74.3
R006,VEH,T1_SD_VEH,2026_06_20_merged.mat,OF1,2,1498,1498,74.85000000000001,74.85000000000001
R006,VEH,T1_SD_VEH,2026_06_20_merged.mat,OF1,2,1499,1499,74.9,74.9
R006,VEH,T1_SD_VEH,2026_06_20_merged.mat,OF1,2,1500,1500,74.95,74.95
R006,VEH,T1_SD_VEH,2026_06_20_merged.mat,OF1,2,1501,1501,75.0,75.0
R006,VEH,T1_SD_VEH,2026_06_20_merged.mat,OF1,2,1502,1502,75.05,75.05
R006,VEH,T1_SD_VEH,2026_06_20_merged.mat,OF1,2,1503,1503,75.10000000000001,75.10000000000001
R006,VEH,T1_SD_VEH,2026_06_20_merged.mat,OF1,2,1504,1504,75.15,75.15
R006,VEH,T1_SD_VEH,2026_06_20_merged.mat,OF1,2,1505,1505,75.2,75.2
R006,VEH,T1_SD_VEH,2026_06_20_merged.mat,OF1,2,1506,1506,75.25,75.25
R006,VEH,T1_SD_VEH,2026_06_20_merged.mat,OF1,2,1526,1526,76.25,76.25
R006,VEH,T1_SD_VEH,2026_06_20_merged.mat,OF1,2,1527,1527,76.3,76.3
R006,VEH,T1_SD_VEH,2026_06_20_merged.mat,OF1,2,1528,1528,76.35000000000001,76.35000000000001
R006,VEH,T1_SD_VEH,2026_06_20_merged.mat,OF1,2,1529,1529,76.4,76.4
R006,VEH,T1_SD_VEH,2026_06_20_merged.mat,OF1,2,1530,1530,76.45,76.45
R006,VEH,T1_SD_VEH,2026_06_20_merged.mat,OF1,2,1531,1531,76.5,76.5
R006,VEH,T1_SD_VEH,2026_06_20_merged.mat,OF1,2,1547,1547,77.30000000000001,77.30000000000001
R006,VEH,T1_SD_VEH,2026_06_20_merged.mat,OF1,2,1548,1548,77.35000000000001,77.35000000000001
R006,VEH,T1_SD_VEH,2026_06_20_merged.mat,OF1,2,1549,1549,77.4,77.4
R006,VEH,T1_SD_VEH,2026_06_20_merged.mat,OF1,2,1559,1559,77.9,77.9
R006,VEH,T1_SD_VEH,2026_06_20_merged.mat,OF1,2,1560,1560,77.95,77.95
R006,VEH,T1_SD_VEH,2026_06_20_merged.mat,OF1,2,1561,1561,78.0,78.0
R006,VEH,T1_SD_VEH,2026_06_20_merged.mat,OF1,2,1579,1579,78.9,78.9
R006,VEH,T1_SD_VEH,2026_06_20_merged.mat,OF1,2,1580,1580,78.95,78.95
R006,VEH,T1_SD_VEH,2026_06_20_merged.mat,OF1,2,1581,1581,79.0,79.0
R006,VEH,T1_SD_VEH,2026_06_20_merged.mat,OF1,2,1582,1582,79.05000000000001,79.05000000000001
R006,VEH,T1_SD_VEH,2026_06_20_merged.mat,OF1,1,1602,1602,80.05000000000001,80.05000000000001
R006,VEH,T1_SD_VEH,2026_06_20_merged.mat,OF1,1,1688,1688,84.35000000000001,84.35000000000001
R006,VEH,T1_SD_VEH,2026_06_20_merged.mat,OF1,1,1689,1689,84.4,84.4
R006,VEH,T1_SD_VEH,2026_06_20_merged.mat,OF1,1,1690,1690,84.45,84.45
R006,VEH,T1_SD_VEH,2026_06_20_merged.mat,OF1,2,1717,1717,85.80000000000001,85.80000000000001
R006,VEH,T1_SD_VEH,2026_06_20_merged.mat,OF1,2,1718,1718,85.85000000000001,85.85000000000001
R006,VEH,T1_SD_VEH,2026_06_20_merged.mat,OF1,1,1784,1784,89.15,89.15
R006,VEH,T1_SD_VEH,2026_06_20_merged.mat,OF1,1,1785,1785,89.2,89.2
R006,VEH,T1_SD_VEH,2026_06_20_merged.mat,OF1,1,1786,1786,89.25,89.25
R006,VEH,T1_SD_VEH,2026_06_20_merged.mat,OF1,1,1787,1787,89.30000000000001,89.30000000000001
R006,VEH,T1_SD_VEH,2026_06_20_merged.mat,OF1,1,1788,1788,89.35000000000001,89.35000000000001
R006,VEH,T1_SD_VEH,2026_06_20_merged.mat,OF1,2,1805,1805,90.2,90.2
R006,VEH,T1_SD_VEH,2026_06_20_merged.mat,OF1,2,1806,1806,90.25,90.25
R006,VEH,T1_SD_VEH,2026_06_20_merged.mat,OF1,1,1842,1842,92.05000000000001,92.05000000000001
R006,VEH,T1_SD_VEH,2026_06_20_merged.mat,OF1,1,1843,1843,92.10000000000001,92.10000000000001
R006,VEH,T1_SD_VEH,2026_06_20_merged.mat,OF1,1,1844,1844,92.15,92.15
R006,VEH,T1_SD_VEH,2026_06_20_merged.mat,OF1,1,1845,1845,92.2,92.2
R006,VEH,T1_SD_VEH,2026_06_20_merged.mat,OF1,1,1871,1871,93.5,93.5
R006,VEH,T1_SD_VEH,2026_06_20_merged.mat,OF1,1,1872,1872,93.55000000000001,93.55000000000001
R006,VEH,T1_SD_VEH,2026_06_20_merged.mat,OF1,1,1873,1873,93.60000000000001,93.60000000000001
R006,VEH,T1_SD_VEH,2026_06_20_merged.mat,OF1,1,1874,1874,93.65,93.65
R006,VEH,T1_SD_VEH,2026_06_20_merged.mat,OF1,1,1875,1875,93.7,93.7
R006,VEH,T1_SD_VEH,2026_06_20_merged.mat,OF1,1,1891,1891,94.5,94.5
R006,VEH,T1_SD_VEH,2026_06_20_merged.mat,OF1,1,1892,1892,94.55000000000001,94.55000000000001
R006,VEH,T1_SD_VEH,2026_06_20_merged.mat,OF1,1,1893,1893,94.60000000000001,94.60000000000001
R006,VEH,T1_SD_VEH,2026_06_20_merged.mat,OF1,1,1894,1894,94.65,94.65
R006,VEH,T1_SD_VEH,2026_06_20_merged.mat,OF1,1,1895,1895,94.7,94.7
R006,VEH,T1_SD_VEH,2026_06_20_merged.mat,OF1,1,1908,1908,95.35000000000001,95.35000000000001
R006,VEH,T1_SD_VEH,2026_06_20_merged.mat,OF1,1,1909,1909,95.4,95.4
R006,VEH,T1_SD_VEH,2026_06_20_merged.mat,OF1,1,1973,1973,98.60000000000001,98.60000000000001
R006,VEH,T1_SD_VEH,2026_06_20_merged.mat,OF1,2,2051,2051,102.5,102.5
R006,VEH,T1_SD_VEH,2026_06_20_merged.mat,OF1,1,2147,2147,107.30000000000001,107.30000000000001
R006,VEH,T1_SD_VEH,2026_06_20_merged.mat,OF1,2,2185,2185,109.2,109.2
R006,VEH,T1_SD_VEH,2026_06_20_merged.mat,OF1,1,2249,2249,112.4,112.4
R006,VEH,T1_SD_VEH,2026_06_20_merged.mat,OF1,1,2250,2250,112.45,112.45
R006,VEH,T1_SD_VEH,2026_06_20_merged.mat,OF1,1,2251,2251,112.5,112.5
R006,VEH,T1_SD_VEH,2026_06_20_merged.mat,OF1,1,2269,2269,113.4,113.4
R006,VEH,T1_SD_VEH,2026_06_20_merged.mat,OF1,1,2270,2270,113.45,113.45
R006,VEH,T1_SD_VEH,2026_06_20_merged.mat,OF1,1,2271,2271,113.5,113.5
R006,VEH,T1_SD_VEH,2026_06_20_merged.mat,OF1,1,2280,2280,113.95,113.95
R006,VEH,T1_SD_VEH,2026_06_20_merged.mat,OF1,1,2281,2281,114.0,114.0
R006,VEH,T1_SD_VEH,2026_06_20_merged.mat,OF1,1,2282,2282,114.05000000000001,114.05000000000001
R006,VEH,T1_SD_VEH,2026_06_20_merged.mat,OF1,1,2283,2283,114.10000000000001,114.10000000000001
R006,VEH,T1_SD_VEH,2026_06_20_merged.mat,OF1,2,2304,2304,115.15,115.15
R006,VEH,T1_SD_VEH,2026_06_20_merged.mat,OF1,2,2305,2305,115.2,115.2
R006,VEH,T1_SD_VEH,2026_06_20_merged.mat,OF1,2,2306,2306,115.25,115.25
R006,VEH,T1_SD_VEH,2026_06_20_merged.mat,OF1,1,2382,2382,119.05000000000001,119.05000000000001
R006,VEH,T1_SD_VEH,2026_06_20_merged.mat,OF1,1,2422,2422,121.05000000000001,121.05000000000001
R006,VEH,T1_SD_VEH,2026_06_20_merged.mat,OF1,1,2423,2423,121.10000000000001,121.10000000000001
R006,VEH,T1_SD_VEH,2026_06_20_merged.mat,OF1,1,2424,2424,121.15,121.15
R006,VEH,T1_SD_VEH,2026_06_20_merged.mat,OF1,1,2425,2425,121.2,121.2
R006,VEH,T1_SD_VEH,2026_06_20_merged.mat,OF1,1,2426,2426,121.25,121.25
R006,VEH,T1_SD_VEH,2026_06_20_merged.mat,OF1,1,2427,2427,121.30000000000001,121.30000000000001
R006,VEH,T1_SD_VEH,2026_06_20_merged.mat,OF1,1,2433,2433,121.60000000000001,121.60000000000001
R006,VEH,T1_SD_VEH,2026_06_20_merged.mat,OF1,1,2434,2434,121.65,121.65
R006,VEH,T1_SD_VEH,2026_06_20_merged.mat,OF1,1,2435,2435,121.7,121.7
R006,VEH,T1_SD_VEH,2026_06_20_merged.mat,OF1,1,2436,2436,121.75,121.75
R006,VEH,T1_SD_VEH,2026_06_20_merged.mat,OF1,1,2460,2460,122.95,122.95
R006,VEH,T1_SD_VEH,2026_06_20_merged.mat,OF1,1,2461,2461,123.0,123.0
R006,VEH,T1_SD_VEH,2026_06_20_merged.mat,OF1,1,2462,2462,123.05000000000001,123.05000000000001
R006,VEH,T1_SD_VEH,2026_06_20_merged.mat,OF1,1,2463,2463,123.10000000000001,123.10000000000001
R006,VEH,T1_SD_VEH,2026_06_20_merged.mat,OF1,1,2464,2464,123.15,123.15
R006,VEH,T1_SD_VEH,2026_06_20_merged.mat,OF1,1,2465,2465,123.2,123.2
R006,VEH,T1_SD_VEH,2026_06_20_merged.mat,OF1,1,2466,2466,123.25,123.25
R006,VEH,T1_SD_VEH,2026_06_20_merged.mat,OF1,1,2472,2472,123.55000000000001,123.55000000000001
R006,VEH,T1_SD_VEH,2026_06_20_merged.mat,OF1,1,2473,2473,123.60000000000001,123.60000000000001
R006,VEH,T1_SD_VEH,2026_06_20_merged.mat,OF1,1,2474,2474,123.65,123.65
R006,VEH,T1_SD_VEH,2026_06_20_merged.mat,OF1,1,2475,2475,123.7,123.7
R006,VEH,T1_SD_VEH,2026_06_20_merged.mat,OF1,2,2488,2488,124.35000000000001,124.35000000000001
R006,VEH,T1_SD_VEH,2026_06_20_merged.mat,OF1,2,2489,2489,124.4,124.4
R006,VEH,T1_SD_VEH,2026_06_20_merged.mat,OF1,1,2497,2497,124.80000000000001,124.80000000000001
R006,VEH,T1_SD_VEH,2026_06_20_merged.mat,OF1,1,2498,2498,124.85000000000001,124.85000000000001
R006,VEH,T1_SD_VEH,2026_06_20_merged.mat,OF1,1,2499,2499,124.9,124.9
R006,VEH,T1_SD_VEH,2026_06_20_merged.mat,OF1,1,2504,2504,125.15,125.15
R006,VEH,T1_SD_VEH,2026_06_20_merged.mat,OF1,1,2505,2505,125.2,125.2
R006,VEH,T1_SD_VEH,2026_06_20_merged.mat,OF1,1,2506,2506,125.25,125.25
R006,VEH,T1_SD_VEH,2026_06_20_merged.mat,OF1,1,2507,2507,125.30000000000001,125.30000000000001
R006,VEH,T1_SD_VEH,2026_06_20_merged.mat,OF1,1,2508,2508,125.35000000000001,125.35000000000001
R006,VEH,T1_SD_VEH,2026_06_20_merged.mat,OF1,1,2509,2509,125.4,125.4
R006,VEH,T1_SD_VEH,2026_06_20_merged.mat,OF1,1,2546,2546,127.25,127.25
R006,VEH,T1_SD_VEH,2026_06_20_merged.mat,OF1,1,2547,2547,127.30000000000001,127.30000000000001
R006,VEH,T1_SD_VEH,2026_06_20_merged.mat,OF1,1,2548,2548,127.35000000000001,127.35000000000001
R006,VEH,T1_SD_VEH,2026_06_20_merged.mat,OF1,1,2549,2549,127.4,127.4
R006,VEH,T1_SD_VEH,2026_06_20_merged.mat,OF1,1,2569,2569,128.4,128.4
R006,VEH,T1_SD_VEH,2026_06_20_merged.mat,OF1,1,2570,2570,128.45000000000002,128.45000000000002
R006,VEH,T1_SD_VEH,2026_06_20_merged.mat,OF1,1,2578,2578,128.85,128.85
R006,VEH,T1_SD_VEH,2026_06_20_merged.mat,OF1,1,2582,2582,129.05,129.05
R006,VEH,T1_SD_VEH,2026_06_20_merged.mat,OF1,1,2583,2583,129.1,129.1
R006,VEH,T1_SD_VEH,2026_06_20_merged.mat,OF1,1,2584,2584,129.15,129.15
R006,VEH,T1_SD_VEH,2026_06_20_merged.mat,OF1,1,2585,2585,129.20000000000002,129.20000000000002
R006,VEH,T1_SD_VEH,2026_06_20_merged.mat,OF1,2,2606,2606,130.25,130.25
R006,VEH,T1_SD_VEH,2026_06_20_merged.mat,OF1,2,2667,2667,133.3,133.3
R006,VEH,T1_SD_VEH,2026_06_20_merged.mat,OF1,2,2721,2721,136.0,136.0
R006,VEH,T1_SD_VEH,2026_06_20_merged.mat,OF1,2,2722,2722,136.05,136.05
R006,VEH,T1_SD_VEH,2026_06_20_merged.mat,OF1,2,2782,2782,139.05,139.05
R006,VEH,T1_SD_VEH,2026_06_20_merged.mat,OF1,2,2783,2783,139.1,139.1
R006,VEH,T1_SD_VEH,2026_06_20_merged.mat,OF1,2,2784,2784,139.15,139.15
R006,VEH,T1_SD_VEH,2026_06_20_merged.mat,OF1,2,2795,2795,139.70000000000002,139.70000000000002
R006,VEH,T1_SD_VEH,2026_06_20_merged.mat,OF1,1,2823,2823,141.1,141.1
R006,VEH,T1_SD_VEH,2026_06_20_merged.mat,OF1,1,2824,2824,141.15,141.15
R006,VEH,T1_SD_VEH,2026_06_20_merged.mat,OF1,2,2853,2853,142.6,142.6
R006,VEH,T1_SD_VEH,2026_06_20_merged.mat,OF1,2,2854,2854,142.65,142.65
R006,VEH,T1_SD_VEH,2026_06_20_merged.mat,OF1,2,2855,2855,142.70000000000002,142.70000000000002
R006,VEH,T1_SD_VEH,2026_06_20_merged.mat,OF1,2,2867,2867,143.3,143.3
R006,VEH,T1_SD_VEH,2026_06_20_merged.mat,OF1,1,2891,2891,144.5,144.5
R006,VEH,T1_SD_VEH,2026_06_20_merged.mat,OF1,1,2892,2892,144.55,144.55
R006,VEH,T1_SD_VEH,2026_06_20_merged.mat,OF1,1,2904,2904,145.15,145.15
R006,VEH,T1_SD_VEH,2026_06_20_merged.mat,OF1,2,2972,2972,148.55,148.55
R006,VEH,T1_SD_VEH,2026_06_20_merged.mat,OF1,2,3039,3039,151.9,151.9
R006,VEH,T1_SD_VEH,2026_06_20_merged.mat,OF1,2,3040,3040,151.95000000000002,151.95000000000002
R006,VEH,T1_SD_VEH,2026_06_20_merged.mat,OF1,2,3050,3050,152.45000000000002,152.45000000000002
R006,VEH,T1_SD_VEH,2026_06_20_merged.mat,OF1,2,3051,3051,152.5,152.5
R006,VEH,T1_SD_VEH,2026_06_20_merged.mat,OF1,2,3052,3052,152.55,152.55
R006,VEH,T1_SD_VEH,2026_06_20_merged.mat,OF1,2,3098,3098,154.85000000000002,154.85000000000002
R006,VEH,T1_SD_VEH,2026_06_20_merged.mat,OF1,2,3099,3099,154.9,154.9
R006,VEH,T1_SD_VEH,2026_06_20_merged.mat,OF1,2,3123,3123,156.10000000000002,156.10000000000002
R006,VEH,T1_SD_VEH,2026_06_20_merged.mat,OF1,2,3124,3124,156.15,156.15
R006,VEH,T1_SD_VEH,2026_06_20_merged.mat,OF1,2,3173,3173,158.60000000000002,158.60000000000002
R006,VEH,T1_SD_VEH,2026_06_20_merged.mat,OF1,2,3174,3174,158.65,158.65
R006,VEH,T1_SD_VEH,2026_06_20_merged.mat,OF1,2,3175,3175,158.70000000000002,158.70000000000002
R006,VEH,T1_SD_VEH,2026_06_20_merged.mat,OF1,2,3176,3176,158.75,158.75
R006,VEH,T1_SD_VEH,2026_06_20_merged.mat,OF1,2,3193,3193,159.60000000000002,159.60000000000002
R006,VEH,T1_SD_VEH,2026_06_20_merged.mat,OF1,2,3194,3194,159.65,159.65
R006,VEH,T1_SD_VEH,2026_06_20_merged.mat,OF1,2,3195,3195,159.70000000000002,159.70000000000002
R006,VEH,T1_SD_VEH,2026_06_20_merged.mat,OF1,2,3196,3196,159.75,159.75
R006,VEH,T1_SD_VEH,2026_06_20_merged.mat,OF1,2,3197,3197,159.8,159.8
R006,VEH,T1_SD_VEH,2026_06_20_merged.mat,OF1,2,3228,3228,161.35000000000002,161.35000000000002
R006,VEH,T1_SD_VEH,2026_06_20_merged.mat,OF1,2,3290,3290,164.45000000000002,164.45000000000002
R006,VEH,T1_SD_VEH,2026_06_20_merged.mat,OF1,2,3291,3291,164.5,164.5
R006,VEH,T1_SD_VEH,2026_06_20_merged.mat,OF1,2,3328,3328,166.35000000000002,166.35000000000002
R006,VEH,T1_SD_VEH,2026_06_20_merged.mat,OF1,2,3329,3329,166.4,166.4
R006,VEH,T1_SD_VEH,2026_06_20_merged.mat,OF1,2,3330,3330,166.45000000000002,166.45000000000002
R006,VEH,T1_SD_VEH,2026_06_20_merged.mat,OF1,2,3331,3331,166.5,166.5
R006,VEH,T1_SD_VEH,2026_06_20_merged.mat,OF1,2,3332,3332,166.55,166.55
R006,VEH,T1_SD_VEH,2026_06_20_merged.mat,OF1,1,3406,3406,170.25,170.25
R006,VEH,T1_SD_VEH,2026_06_20_merged.mat,OF1,1,3407,3407,170.3,170.3
R006,VEH,T1_SD_VEH,2026_06_20_merged.mat,OF1,2,3416,3416,170.75,170.75
R006,VEH,T1_SD_VEH,2026_06_20_merged.mat,OF1,2,3417,3417,170.8,170.8
R006,VEH,T1_SD_VEH,2026_06_20_merged.mat,OF1,2,3418,3418,170.85000000000002,170.85000000000002
R006,VEH,T1_SD_VEH,2026_06_20_merged.mat,OF1,2,3419,3419,170.9,170.9
R006,VEH,T1_SD_VEH,2026_06_20_merged.mat,OF1,1,3445,3445,172.20000000000002,172.20000000000002
R006,VEH,T1_SD_VEH,2026_06_20_merged.mat,OF1,1,3446,3446,172.25,172.25
R006,VEH,T1_SD_VEH,2026_06_20_merged.mat,OF1,1,3447,3447,172.3,172.3
R006,VEH,T1_SD_VEH,2026_06_20_merged.mat,OF1,1,3475,3475,173.70000000000002,173.70000000000002
R006,VEH,T1_SD_VEH,2026_06_20_merged.mat,OF1,1,3476,3476,173.75,173.75
R006,VEH,T1_SD_VEH,2026_06_20_merged.mat,OF1,1,3477,3477,173.8,173.8
R006,VEH,T1_SD_VEH,2026_06_20_merged.mat,OF1,1,3502,3502,175.05,175.05
R006,VEH,T1_SD_VEH,2026_06_20_merged.mat,OF1,2,3553,3553,177.60000000000002,177.60000000000002
R006,VEH,T1_SD_VEH,2026_06_20_merged.mat,OF1,2,3554,3554,177.65,177.65
R006,VEH,T1_SD_VEH,2026_06_20_merged.mat,OF1,2,3563,3563,178.10000000000002,178.10000000000002
R006,VEH,T1_SD_VEH,2026_06_20_merged.mat,OF1,2,3564,3564,178.15,178.15
R006,VEH,T1_SD_VEH,2026_06_20_merged.mat,OF1,2,3565,3565,178.20000000000002,178.20000000000002
R006,VEH,T1_SD_VEH,2026_06_20_merged.mat,OF1,1,3573,3573,178.60000000000002,178.60000000000002
R006,VEH,T1_SD_VEH,2026_06_20_merged.mat,OF1,1,3574,3574,178.65,178.65
R006,VEH,T1_SD_VEH,2026_06_20_merged.mat,OF1,1,3582,3582,179.05,179.05
R006,VEH,T1_SD_VEH,2026_06_20_merged.mat,OF1,1,3583,3583,179.10000000000002,179.10000000000002
R006,VEH,T1_SD_VEH,2026_06_20_merged.mat,OF1,2,3618,3618,180.85000000000002,180.85000000000002
R006,VEH,T1_SD_VEH,2026_06_20_merged.mat,OF1,1,3633,3633,181.60000000000002,181.60000000000002
R006,VEH,T1_SD_VEH,2026_06_20_merged.mat,OF1,1,3634,3634,181.65,181.65
R006,VEH,T1_SD_VEH,2026_06_20_merged.mat,OF1,1,3651,3651,182.5,182.5
R006,VEH,T1_SD_VEH,2026_06_20_merged.mat,OF1,1,3652,3652,182.55,182.55
R006,VEH,T1_SD_VEH,2026_06_20_merged.mat,OF1,1,3653,3653,182.60000000000002,182.60000000000002
R006,VEH,T1_SD_VEH,2026_06_20_merged.mat,OF1,1,3654,3654,182.65,182.65
R006,VEH,T1_SD_VEH,2026_06_20_merged.mat,OF1,1,3655,3655,182.70000000000002,182.70000000000002
R006,VEH,T1_SD_VEH,2026_06_20_merged.mat,OF1,1,3678,3678,183.85000000000002,183.85000000000002
R006,VEH,T1_SD_VEH,2026_06_20_merged.mat,OF1,1,3690,3690,184.45000000000002,184.45000000000002
R006,VEH,T1_SD_VEH,2026_06_20_merged.mat,OF1,1,3691,3691,184.5,184.5
R006,VEH,T1_SD_VEH,2026_06_20_merged.mat,OF1,1,3692,3692,184.55,184.55
R006,VEH,T1_SD_VEH,2026_06_20_merged.mat,OF1,1,3693,3693,184.60000000000002,184.60000000000002
R006,VEH,T1_SD_VEH,2026_06_20_merged.mat,OF1,1,3722,3722,186.05,186.05
R006,VEH,T1_SD_VEH,2026_06_20_merged.mat,OF1,1,3728,3728,186.35000000000002,186.35000000000002
R006,VEH,T1_SD_VEH,2026_06_20_merged.mat,OF1,1,3729,3729,186.4,186.4
R006,VEH,T1_SD_VEH,2026_06_20_merged.mat,OF1,1,3746,3746,187.25,187.25
R006,VEH,T1_SD_VEH,2026_06_20_merged.mat,OF1,1,3747,3747,187.3,187.3
R006,VEH,T1_SD_VEH,2026_06_20_merged.mat,OF1,2,3757,3757,187.8,187.8
R006,VEH,T1_SD_VEH,2026_06_20_merged.mat,OF1,2,3758,3758,187.85000000000002,187.85000000000002
R006,VEH,T1_SD_VEH,2026_06_20_merged.mat,OF1,2,3759,3759,187.9,187.9
R006,VEH,T1_SD_VEH,2026_06_20_merged.mat,OF1,1,3775,3775,188.70000000000002,188.70000000000002
R006,VEH,T1_SD_VEH,2026_06_20_merged.mat,OF1,1,3776,3776,188.75,188.75
R006,VEH,T1_SD_VEH,2026_06_20_merged.mat,OF1,2,3813,3813,190.60000000000002,190.60000000000002
R006,VEH,T1_SD_VEH,2026_06_20_merged.mat,OF1,2,3814,3814,190.65,190.65
R006,VEH,T1_SD_VEH,2026_06_20_merged.mat,OF1,1,3847,3847,192.3,192.3
R006,VEH,T1_SD_VEH,2026_06_20_merged.mat,OF1,1,3848,3848,192.35000000000002,192.35000000000002
R006,VEH,T1_SD_VEH,2026_06_20_merged.mat,OF1,2,3885,3885,194.20000000000002,194.20000000000002
R006,VEH,T1_SD_VEH,2026_06_20_merged.mat,OF1,2,3886,3886,194.25,194.25
R006,VEH,T1_SD_VEH,2026_06_20_merged.mat,OF1,2,3887,3887,194.3,194.3
R006,VEH,T1_SD_VEH,2026_06_20_merged.mat,OF1,2,3908,3908,195.35000000000002,195.35000000000002
R006,VEH,T1_SD_VEH,2026_06_20_merged.mat,OF1,2,3909,3909,195.4,195.4
R006,VEH,T1_SD_VEH,2026_06_20_merged.mat,OF1,1,3918,3918,195.85000000000002,195.85000000000002
R006,VEH,T1_SD_VEH,2026_06_20_merged.mat,OF1,1,3949,3949,197.4,197.4
R006,VEH,T1_SD_VEH,2026_06_20_merged.mat,OF1,1,3950,3950,197.45000000000002,197.45000000000002
R006,VEH,T1_SD_VEH,2026_06_20_merged.mat,OF1,2,3961,3961,198.0,198.0
R006,VEH,T1_SD_VEH,2026_06_20_merged.mat,OF1,2,3962,3962,198.05,198.05
R006,VEH,T1_SD_VEH,2026_06_20_merged.mat,OF1,2,3963,3963,198.10000000000002,198.10000000000002
R006,VEH,T1_SD_VEH,2026_06_20_merged.mat,OF1,2,3964,3964,198.15,198.15
R006,VEH,T1_SD_VEH,2026_06_20_merged.mat,OF1,2,3975,3975,198.70000000000002,198.70000000000002
R006,VEH,T1_SD_VEH,2026_06_20_merged.mat,OF1,2,3992,3992,199.55,199.55
R006,VEH,T1_SD_VEH,2026_06_20_merged.mat,OF1,2,3993,3993,199.60000000000002,199.60000000000002
R006,VEH,T1_SD_VEH,2026_06_20_merged.mat,OF1,2,4003,4003,200.10000000000002,200.10000000000002
R006,VEH,T1_SD_VEH,2026_06_20_merged.mat,OF1,2,4004,4004,200.15,200.15
R006,VEH,T1_SD_VEH,2026_06_20_merged.mat,OF1,2,4005,4005,200.20000000000002,200.20000000000002
R006,VEH,T1_SD_VEH,2026_06_20_merged.mat,OF1,1,4007,4007,200.3,200.3
R006,VEH,T1_SD_VEH,2026_06_20_merged.mat,OF1,1,4008,4008,200.35000000000002,200.35000000000002
R006,VEH,T1_SD_VEH,2026_06_20_merged.mat,OF1,2,4016,4016,200.75,200.75
R006,VEH,T1_SD_VEH,2026_06_20_merged.mat,OF1,2,4040,4040,201.95000000000002,201.95000000000002
R006,VEH,T1_SD_VEH,2026_06_20_merged.mat,OF1,2,4041,4041,202.0,202.0
R006,VEH,T1_SD_VEH,2026_06_20_merged.mat,OF1,1,4081,4081,204.0,204.0
R006,VEH,T1_SD_VEH,2026_06_20_merged.mat,OF1,1,4082,4082,204.05,204.05
R006,VEH,T1_SD_VEH,2026_06_20_merged.mat,OF1,1,4083,4083,204.10000000000002,204.10000000000002
R006,VEH,T1_SD_VEH,2026_06_20_merged.mat,OF1,1,4143,4143,207.10000000000002,207.10000000000002
R006,VEH,T1_SD_VEH,2026_06_20_merged.mat,OF1,1,4144,4144,207.15,207.15
R006,VEH,T1_SD_VEH,2026_06_20_merged.mat,OF1,1,4145,4145,207.20000000000002,207.20000000000002
R006,VEH,T1_SD_VEH,2026_06_20_merged.mat,OF1,1,4146,4146,207.25,207.25
R006,VEH,T1_SD_VEH,2026_06_20_merged.mat,OF1,2,4153,4153,207.60000000000002,207.60000000000002
R006,VEH,T1_SD_VEH,2026_06_20_merged.mat,OF1,2,4154,4154,207.65,207.65
R006,VEH,T1_SD_VEH,2026_06_20_merged.mat,OF1,2,4182,4182,209.05,209.05
R006,VEH,T1_SD_VEH,2026_06_20_merged.mat,OF1,1,4207,4207,210.3,210.3
R006,VEH,T1_SD_VEH,2026_06_20_merged.mat,OF1,1,4208,4208,210.35000000000002,210.35000000000002
R006,VEH,T1_SD_VEH,2026_06_20_merged.mat,OF1,1,4209,4209,210.4,210.4
R006,VEH,T1_SD_VEH,2026_06_20_merged.mat,OF1,1,4210,4210,210.45000000000002,210.45000000000002
R006,VEH,T1_SD_VEH,2026_06_20_merged.mat,OF1,1,4211,4211,210.5,210.5
R006,VEH,T1_SD_VEH,2026_06_20_merged.mat,OF1,1,4212,4212,210.55,210.55
R006,VEH,T1_SD_VEH,2026_06_20_merged.mat,OF1,1,4213,4213,210.60000000000002,210.60000000000002
R006,VEH,T1_SD_VEH,2026_06_20_merged.mat,OF1,2,4230,4230,211.45000000000002,211.45000000000002
R006,VEH,T1_SD_VEH,2026_06_20_merged.mat,OF1,2,4231,4231,211.5,211.5
R006,VEH,T1_SD_VEH,2026_06_20_merged.mat,OF1,2,4232,4232,211.55,211.55
R006,VEH,T1_SD_VEH,2026_06_20_merged.mat,OF1,1,4241,4241,212.0,212.0
R006,VEH,T1_SD_VEH,2026_06_20_merged.mat,OF1,1,4242,4242,212.05,212.05
R006,VEH,T1_SD_VEH,2026_06_20_merged.mat,OF1,1,4243,4243,212.10000000000002,212.10000000000002
R006,VEH,T1_SD_VEH,2026_06_20_merged.mat,OF1,1,4254,4254,212.65,212.65
R006,VEH,T1_SD_VEH,2026_06_20_merged.mat,OF1,1,4255,4255,212.70000000000002,212.70000000000002
R006,VEH,T1_SD_VEH,2026_06_20_merged.mat,OF1,1,4299,4299,214.9,214.9
R006,VEH,T1_SD_VEH,2026_06_20_merged.mat,OF1,2,4305,4305,215.20000000000002,215.20000000000002
R006,VEH,T1_SD_VEH,2026_06_20_merged.mat,OF1,1,4312,4312,215.55,215.55
R006,VEH,T1_SD_VEH,2026_06_20_merged.mat,OF1,1,4313,4313,215.60000000000002,215.60000000000002
R006,VEH,T1_SD_VEH,2026_06_20_merged.mat,OF1,1,4366,4366,218.25,218.25
R006,VEH,T1_SD_VEH,2026_06_20_merged.mat,OF1,1,4367,4367,218.3,218.3
R006,VEH,T1_SD_VEH,2026_06_20_merged.mat,OF1,1,4390,4390,219.45000000000002,219.45000000000002
R006,VEH,T1_SD_VEH,2026_06_20_merged.mat,OF1,1,4394,4394,219.65,219.65
R006,VEH,T1_SD_VEH,2026_06_20_merged.mat,OF1,1,4395,4395,219.70000000000002,219.70000000000002
R006,VEH,T1_SD_VEH,2026_06_20_merged.mat,OF1,2,4422,4422,221.05,221.05
R006,VEH,T1_SD_VEH,2026_06_20_merged.mat,OF1,2,4423,4423,221.10000000000002,221.10000000000002
R006,VEH,T1_SD_VEH,2026_06_20_merged.mat,OF1,2,4424,4424,221.15,221.15
R006,VEH,T1_SD_VEH,2026_06_20_merged.mat,OF1,2,4434,4434,221.65,221.65
R006,VEH,T1_SD_VEH,2026_06_20_merged.mat,OF1,1,4469,4469,223.4,223.4
R006,VEH,T1_SD_VEH,2026_06_20_merged.mat,OF1,1,4470,4470,223.45000000000002,223.45000000000002
R006,VEH,T1_SD_VEH,2026_06_20_merged.mat,OF1,1,4471,4471,223.5,223.5
R006,VEH,T1_SD_VEH,2026_06_20_merged.mat,OF1,1,4490,4490,224.45000000000002,224.45000000000002
R006,VEH,T1_SD_VEH,2026_06_20_merged.mat,OF1,1,4491,4491,224.5,224.5
R006,VEH,T1_SD_VEH,2026_06_20_merged.mat,OF1,1,4492,4492,224.55,224.55
R006,VEH,T1_SD_VEH,2026_06_20_merged.mat,OF1,1,4493,4493,224.60000000000002,224.60000000000002
R006,VEH,T1_SD_VEH,2026_06_20_merged.mat,OF1,1,4501,4501,225.0,225.0
R006,VEH,T1_SD_VEH,2026_06_20_merged.mat,OF1,1,4502,4502,225.05,225.05
R006,VEH,T1_SD_VEH,2026_06_20_merged.mat,OF1,1,4503,4503,225.10000000000002,225.10000000000002
R006,VEH,T1_SD_VEH,2026_06_20_merged.mat,OF1,2,4511,4511,225.5,225.5
R006,VEH,T1_SD_VEH,2026_06_20_merged.mat,OF1,2,4512,4512,225.55,225.55
R006,VEH,T1_SD_VEH,2026_06_20_merged.mat,OF1,2,4513,4513,225.60000000000002,225.60000000000002
R006,VEH,T1_SD_VEH,2026_06_20_merged.mat,OF1,1,4553,4553,227.60000000000002,227.60000000000002
R006,VEH,T1_SD_VEH,2026_06_20_merged.mat,OF1,1,4554,4554,227.65,227.65
R006,VEH,T1_SD_VEH,2026_06_20_merged.mat,OF1,1,4555,4555,227.70000000000002,227.70000000000002
R006,VEH,T1_SD_VEH,2026_06_20_merged.mat,OF1,1,4556,4556,227.75,227.75
R006,VEH,T1_SD_VEH,2026_06_20_merged.mat,OF1,1,4557,4557,227.8,227.8
R006,VEH,T1_SD_VEH,2026_06_20_merged.mat,OF1,1,4564,4564,228.15,228.15
R006,VEH,T1_SD_VEH,2026_06_20_merged.mat,OF1,1,4565,4565,228.20000000000002,228.20000000000002
R006,VEH,T1_SD_VEH,2026_06_20_merged.mat,OF1,1,4566,4566,228.25,228.25
R006,VEH,T1_SD_VEH,2026_06_20_merged.mat,OF1,1,4567,4567,228.3,228.3
R006,VEH,T1_SD_VEH,2026_06_20_merged.mat,OF1,1,4585,4585,229.20000000000002,229.20000000000002
R006,VEH,T1_SD_VEH,2026_06_20_merged.mat,OF1,1,4586,4586,229.25,229.25
R006,VEH,T1_SD_VEH,2026_06_20_merged.mat,OF1,1,4587,4587,229.3,229.3
R006,VEH,T1_SD_VEH,2026_06_20_merged.mat,OF1,1,4588,4588,229.35000000000002,229.35000000000002
R006,VEH,T1_SD_VEH,2026_06_20_merged.mat,OF1,1,4589,4589,229.4,229.4
R006,VEH,T1_SD_VEH,2026_06_20_merged.mat,OF1,1,4625,4625,231.20000000000002,231.20000000000002
R006,VEH,T1_SD_VEH,2026_06_20_merged.mat,OF1,1,4626,4626,231.25,231.25
R006,VEH,T1_SD_VEH,2026_06_20_merged.mat,OF1,1,4638,4638,231.85000000000002,231.85000000000002
R006,VEH,T1_SD_VEH,2026_06_20_merged.mat,OF1,1,4639,4639,231.9,231.9
R006,VEH,T1_SD_VEH,2026_06_20_merged.mat,OF1,1,4640,4640,231.95000000000002,231.95000000000002
R006,VEH,T1_SD_VEH,2026_06_20_merged.mat,OF1,1,4641,4641,232.0,232.0
R006,VEH,T1_SD_VEH,2026_06_20_merged.mat,OF1,1,4642,4642,232.05,232.05
R006,VEH,T1_SD_VEH,2026_06_20_merged.mat,OF1,1,4658,4658,232.85000000000002,232.85000000000002
R006,VEH,T1_SD_VEH,2026_06_20_merged.mat,OF1,1,4659,4659,232.9,232.9
R006,VEH,T1_SD_VEH,2026_06_20_merged.mat,OF1,1,4660,4660,232.95000000000002,232.95000000000002
R006,VEH,T1_SD_VEH,2026_06_20_merged.mat,OF1,1,4661,4661,233.0,233.0
R006,VEH,T1_SD_VEH,2026_06_20_merged.mat,OF1,1,4662,4662,233.05,233.05
R006,VEH,T1_SD_VEH,2026_06_20_merged.mat,OF1,2,4692,4692,234.55,234.55
R006,VEH,T1_SD_VEH,2026_06_20_merged.mat,OF1,1,4713,4713,235.60000000000002,235.60000000000002
R006,VEH,T1_SD_VEH,2026_06_20_merged.mat,OF1,1,4714,4714,235.65,235.65
R006,VEH,T1_SD_VEH,2026_06_20_merged.mat,OF1,1,4715,4715,235.70000000000002,235.70000000000002
R006,VEH,T1_SD_VEH,2026_06_20_merged.mat,OF1,1,4716,4716,235.75,235.75
R006,VEH,T1_SD_VEH,2026_06_20_merged.mat,OF1,1,4717,4717,235.8,235.8
R006,VEH,T1_SD_VEH,2026_06_20_merged.mat,OF1,1,4727,4727,236.3,236.3
R006,VEH,T1_SD_VEH,2026_06_20_merged.mat,OF1,1,4728,4728,236.35000000000002,236.35000000000002
R006,VEH,T1_SD_VEH,2026_06_20_merged.mat,OF1,1,4729,4729,236.4,236.4
R006,VEH,T1_SD_VEH,2026_06_20_merged.mat,OF1,1,4730,4730,236.45000000000002,236.45000000000002
R006,VEH,T1_SD_VEH,2026_06_20_merged.mat,OF1,1,4731,4731,236.5,236.5
R006,VEH,T1_SD_VEH,2026_06_20_merged.mat,OF1,2,4744,4744,237.15,237.15
R006,VEH,T1_SD_VEH,2026_06_20_merged.mat,OF1,2,4745,4745,237.20000000000002,237.20000000000002
R006,VEH,T1_SD_VEH,2026_06_20_merged.mat,OF1,1,4761,4761,238.0,238.0
R006,VEH,T1_SD_VEH,2026_06_20_merged.mat,OF1,1,4762,4762,238.05,238.05
R006,VEH,T1_SD_VEH,2026_06_20_merged.mat,OF1,1,4763,4763,238.10000000000002,238.10000000000002
R006,VEH,T1_SD_VEH,2026_06_20_merged.mat,OF1,1,4788,4788,239.35000000000002,239.35000000000002
R006,VEH,T1_SD_VEH,2026_06_20_merged.mat,OF1,1,4789,4789,239.4,239.4
R006,VEH,T1_SD_VEH,2026_06_20_merged.mat,OF1,1,4790,4790,239.45000000000002,239.45000000000002
R006,VEH,T1_SD_VEH,2026_06_20_merged.mat,OF1,1,4791,4791,239.5,239.5
R006,VEH,T1_SD_VEH,2026_06_20_merged.mat,OF1,1,4792,4792,239.55,239.55
R006,VEH,T1_SD_VEH,2026_06_20_merged.mat,OF1,1,4820,4820,240.95000000000002,240.95000000000002
R006,VEH,T1_SD_VEH,2026_06_20_merged.mat,OF1,1,4821,4821,241.0,241.0
R006,VEH,T1_SD_VEH,2026_06_20_merged.mat,OF1,1,4822,4822,241.05,241.05
R006,VEH,T1_SD_VEH,2026_06_20_merged.mat,OF1,1,4823,4823,241.10000000000002,241.10000000000002
R006,VEH,T1_SD_VEH,2026_06_20_merged.mat,OF1,1,4824,4824,241.15,241.15
R006,VEH,T1_SD_VEH,2026_06_20_merged.mat,OF1,1,4825,4825,241.20000000000002,241.20000000000002
R006,VEH,T1_SD_VEH,2026_06_20_merged.mat,OF1,1,4837,4837,241.8,241.8
R006,VEH,T1_SD_VEH,2026_06_20_merged.mat,OF1,1,4838,4838,241.85000000000002,241.85000000000002
R006,VEH,T1_SD_VEH,2026_06_20_merged.mat,OF1,1,4839,4839,241.9,241.9
R006,VEH,T1_SD_VEH,2026_06_20_merged.mat,OF1,1,4840,4840,241.95000000000002,241.95000000000002
R006,VEH,T1_SD_VEH,2026_06_20_merged.mat,OF1,1,4841,4841,242.0,242.0
R006,VEH,T1_SD_VEH,2026_06_20_merged.mat,OF1,1,4842,4842,242.05,242.05
R006,VEH,T1_SD_VEH,2026_06_20_merged.mat,OF1,1,4850,4850,242.45000000000002,242.45000000000002
R006,VEH,T1_SD_VEH,2026_06_20_merged.mat,OF1,1,4851,4851,242.5,242.5
R006,VEH,T1_SD_VEH,2026_06_20_merged.mat,OF1,1,4852,4852,242.55,242.55
R006,VEH,T1_SD_VEH,2026_06_20_merged.mat,OF1,1,4853,4853,242.60000000000002,242.60000000000002
R006,VEH,T1_SD_VEH,2026_06_20_merged.mat,OF1,1,4854,4854,242.65,242.65
R006,VEH,T1_SD_VEH,2026_06_20_merged.mat,OF1,2,4868,4868,243.35000000000002,243.35000000000002
R006,VEH,T1_SD_VEH,2026_06_20_merged.mat,OF1,2,4869,4869,243.4,243.4
R006,VEH,T1_SD_VEH,2026_06_20_merged.mat,OF1,2,4870,4870,243.45000000000002,243.45000000000002
R006,VEH,T1_SD_VEH,2026_06_20_merged.mat,OF1,2,4871,4871,243.5,243.5
R006,VEH,T1_SD_VEH,2026_06_20_merged.mat,OF1,2,4880,4880,243.95000000000002,243.95000000000002
R006,VEH,T1_SD_VEH,2026_06_20_merged.mat,OF1,2,4881,4881,244.0,244.0
R006,VEH,T1_SD_VEH,2026_06_20_merged.mat,OF1,2,4882,4882,244.05,244.05
R006,VEH,T1_SD_VEH,2026_06_20_merged.mat,OF1,2,4903,4903,245.10000000000002,245.10000000000002
R006,VEH,T1_SD_VEH,2026_06_20_merged.mat,OF1,2,4904,4904,245.15,245.15
R006,VEH,T1_SD_VEH,2026_06_20_merged.mat,OF1,1,4920,4920,245.95000000000002,245.95000000000002
R006,VEH,T1_SD_VEH,2026_06_20_merged.mat,OF1,1,4921,4921,246.0,246.0
R006,VEH,T1_SD_VEH,2026_06_20_merged.mat,OF1,1,4945,4945,247.20000000000002,247.20000000000002
R006,VEH,T1_SD_VEH,2026_06_20_merged.mat,OF1,1,4946,4946,247.25,247.25
R006,VEH,T1_SD_VEH,2026_06_20_merged.mat,OF1,1,4947,4947,247.3,247.3
R006,VEH,T1_SD_VEH,2026_06_20_merged.mat,OF1,1,4961,4961,248.0,248.0
R006,VEH,T1_SD_VEH,2026_06_20_merged.mat,OF1,1,4962,4962,248.05,248.05
R006,VEH,T1_SD_VEH,2026_06_20_merged.mat,OF1,1,4963,4963,248.10000000000002,248.10000000000002
R006,VEH,T1_SD_VEH,2026_06_20_merged.mat,OF1,1,4964,4964,248.15,248.15
R006,VEH,T1_SD_VEH,2026_06_20_merged.mat,OF1,1,4965,4965,248.20000000000002,248.20000000000002
R006,VEH,T1_SD_VEH,2026_06_20_merged.mat,OF1,1,4982,4982,249.05,249.05
R006,VEH,T1_SD_VEH,2026_06_20_merged.mat,OF1,1,5017,5017,250.8,250.8
R006,VEH,T1_SD_VEH,2026_06_20_merged.mat,OF1,1,5018,5018,250.85000000000002,250.85000000000002
R006,VEH,T1_SD_VEH,2026_06_20_merged.mat,OF1,2,5029,5029,251.4,251.4
R006,VEH,T1_SD_VEH,2026_06_20_merged.mat,OF1,2,5030,5030,251.45000000000002,251.45000000000002
R006,VEH,T1_SD_VEH,2026_06_20_merged.mat,OF1,2,5031,5031,251.5,251.5
R006,VEH,T1_SD_VEH,2026_06_20_merged.mat,OF1,2,5032,5032,251.55,251.55
R006,VEH,T1_SD_VEH,2026_06_20_merged.mat,OF1,2,5041,5041,252.0,252.0
R006,VEH,T1_SD_VEH,2026_06_20_merged.mat,OF1,2,5042,5042,252.05,252.05
R006,VEH,T1_SD_VEH,2026_06_20_merged.mat,OF1,2,5043,5043,252.10000000000002,252.10000000000002
R006,VEH,T1_SD_VEH,2026_06_20_merged.mat,OF1,2,5044,5044,252.15,252.15
R006,VEH,T1_SD_VEH,2026_06_20_merged.mat,OF1,1,5073,5073,253.60000000000002,253.60000000000002
R006,VEH,T1_SD_VEH,2026_06_20_merged.mat,OF1,2,5080,5080,253.95000000000002,253.95000000000002
R006,VEH,T1_SD_VEH,2026_06_20_merged.mat,OF1,2,5081,5081,254.0,254.0
R006,VEH,T1_SD_VEH,2026_06_20_merged.mat,OF1,2,5082,5082,254.05,254.05
R006,VEH,T1_SD_VEH,2026_06_20_merged.mat,OF1,1,5109,5109,255.4,255.4
R006,VEH,T1_SD_VEH,2026_06_20_merged.mat,OF1,1,5124,5124,256.15000000000003,256.15000000000003
R006,VEH,T1_SD_VEH,2026_06_20_merged.mat,OF1,1,5125,5125,256.2,256.2
R006,VEH,T1_SD_VEH,2026_06_20_merged.mat,OF1,1,5126,5126,256.25,256.25
R006,VEH,T1_SD_VEH,2026_06_20_merged.mat,OF1,1,5127,5127,256.3,256.3
R006,VEH,T1_SD_VEH,2026_06_20_merged.mat,OF1,1,5128,5128,256.35,256.35
R006,VEH,T1_SD_VEH,2026_06_20_merged.mat,OF1,1,5129,5129,256.40000000000003,256.40000000000003
R006,VEH,T1_SD_VEH,2026_06_20_merged.mat,OF1,2,5151,5151,257.5,257.5
R006,VEH,T1_SD_VEH,2026_06_20_merged.mat,OF1,2,5152,5152,257.55,257.55
R006,VEH,T1_SD_VEH,2026_06_20_merged.mat,OF1,2,5153,5153,257.6,257.6
R006,VEH,T1_SD_VEH,2026_06_20_merged.mat,OF1,1,5167,5167,258.3,258.3
R006,VEH,T1_SD_VEH,2026_06_20_merged.mat,OF1,1,5168,5168,258.35,258.35
R006,VEH,T1_SD_VEH,2026_06_20_merged.mat,OF1,1,5169,5169,258.40000000000003,258.40000000000003
R006,VEH,T1_SD_VEH,2026_06_20_merged.mat,OF1,1,5170,5170,258.45,258.45
R006,VEH,T1_SD_VEH,2026_06_20_merged.mat,OF1,1,5171,5171,258.5,258.5
R006,VEH,T1_SD_VEH,2026_06_20_merged.mat,OF1,1,5172,5172,258.55,258.55
R006,VEH,T1_SD_VEH,2026_06_20_merged.mat,OF1,1,5173,5173,258.6,258.6
R006,VEH,T1_SD_VEH,2026_06_20_merged.mat,OF1,2,5189,5189,259.40000000000003,259.40000000000003
R006,VEH,T1_SD_VEH,2026_06_20_merged.mat,OF1,2,5190,5190,259.45,259.45
R006,VEH,T1_SD_VEH,2026_06_20_merged.mat,OF1,2,5191,5191,259.5,259.5
R006,VEH,T1_SD_VEH,2026_06_20_merged.mat,OF1,2,5192,5192,259.55,259.55
R006,VEH,T1_SD_VEH,2026_06_20_merged.mat,OF1,2,5193,5193,259.6,259.6
R006,VEH,T1_SD_VEH,2026_06_20_merged.mat,OF1,1,5211,5211,260.5,260.5
R006,VEH,T1_SD_VEH,2026_06_20_merged.mat,OF1,1,5212,5212,260.55,260.55
R006,VEH,T1_SD_VEH,2026_06_20_merged.mat,OF1,2,5226,5226,261.25,261.25
R006,VEH,T1_SD_VEH,2026_06_20_merged.mat,OF1,2,5227,5227,261.3,261.3
R006,VEH,T1_SD_VEH,2026_06_20_merged.mat,OF1,1,5240,5240,261.95,261.95
R006,VEH,T1_SD_VEH,2026_06_20_merged.mat,OF1,1,5241,5241,262.0,262.0
R006,VEH,T1_SD_VEH,2026_06_20_merged.mat,OF1,1,5242,5242,262.05,262.05
R006,VEH,T1_SD_VEH,2026_06_20_merged.mat,OF1,2,5249,5249,262.40000000000003,262.40000000000003
R006,VEH,T1_SD_VEH,2026_06_20_merged.mat,OF1,2,5250,5250,262.45,262.45
R006,VEH,T1_SD_VEH,2026_06_20_merged.mat,OF1,2,5251,5251,262.5,262.5
R006,VEH,T1_SD_VEH,2026_06_20_merged.mat,OF1,2,5252,5252,262.55,262.55
R006,VEH,T1_SD_VEH,2026_06_20_merged.mat,OF1,2,5253,5253,262.6,262.6
R006,VEH,T1_SD_VEH,2026_06_20_merged.mat,OF1,2,5275,5275,263.7,263.7
R006,VEH,T1_SD_VEH,2026_06_20_merged.mat,OF1,2,5276,5276,263.75,263.75
R006,VEH,T1_SD_VEH,2026_06_20_merged.mat,OF1,2,5277,5277,263.8,263.8
R006,VEH,T1_SD_VEH,2026_06_20_merged.mat,OF1,2,5278,5278,263.85,263.85
R006,VEH,T1_SD_VEH,2026_06_20_merged.mat,OF1,1,5313,5313,265.6,265.6
R006,VEH,T1_SD_VEH,2026_06_20_merged.mat,OF1,1,5314,5314,265.65000000000003,265.65000000000003
R006,VEH,T1_SD_VEH,2026_06_20_merged.mat,OF1,1,5315,5315,265.7,265.7
R006,VEH,T1_SD_VEH,2026_06_20_merged.mat,OF1,1,5345,5345,267.2,267.2
R006,VEH,T1_SD_VEH,2026_06_20_merged.mat,OF1,1,5346,5346,267.25,267.25
R006,VEH,T1_SD_VEH,2026_06_20_merged.mat,OF1,1,5347,5347,267.3,267.3
R006,VEH,T1_SD_VEH,2026_06_20_merged.mat,OF1,2,5355,5355,267.7,267.7
R006,VEH,T1_SD_VEH,2026_06_20_merged.mat,OF1,2,5356,5356,267.75,267.75
R006,VEH,T1_SD_VEH,2026_06_20_merged.mat,OF1,2,5369,5369,268.40000000000003,268.40000000000003
R006,VEH,T1_SD_VEH,2026_06_20_merged.mat,OF1,2,5370,5370,268.45,268.45
R006,VEH,T1_SD_VEH,2026_06_20_merged.mat,OF1,2,5371,5371,268.5,268.5
R006,VEH,T1_SD_VEH,2026_06_20_merged.mat,OF1,2,5372,5372,268.55,268.55
R006,VEH,T1_SD_VEH,2026_06_20_merged.mat,OF1,1,5408,5408,270.35,270.35
R006,VEH,T1_SD_VEH,2026_06_20_merged.mat,OF1,1,5409,5409,270.40000000000003,270.40000000000003
R006,VEH,T1_SD_VEH,2026_06_20_merged.mat,OF1,1,5410,5410,270.45,270.45
R006,VEH,T1_SD_VEH,2026_06_20_merged.mat,OF1,1,5420,5420,270.95,270.95
R006,VEH,T1_SD_VEH,2026_06_20_merged.mat,OF1,1,5421,5421,271.0,271.0
R006,VEH,T1_SD_VEH,2026_06_20_merged.mat,OF1,1,5422,5422,271.05,271.05
R006,VEH,T1_SD_VEH,2026_06_20_merged.mat,OF1,2,5437,5437,271.8,271.8
R006,VEH,T1_SD_VEH,2026_06_20_merged.mat,OF1,2,5438,5438,271.85,271.85
R006,VEH,T1_SD_VEH,2026_06_20_merged.mat,OF1,2,5447,5447,272.3,272.3
R006,VEH,T1_SD_VEH,2026_06_20_merged.mat,OF1,2,5448,5448,272.35,272.35
R006,VEH,T1_SD_VEH,2026_06_20_merged.mat,OF1,2,5449,5449,272.40000000000003,272.40000000000003
R006,VEH,T1_SD_VEH,2026_06_20_merged.mat,OF1,1,5465,5465,273.2,273.2
R006,VEH,T1_SD_VEH,2026_06_20_merged.mat,OF1,1,5466,5466,273.25,273.25
R006,VEH,T1_SD_VEH,2026_06_20_merged.mat,OF1,1,5467,5467,273.3,273.3
R006,VEH,T1_SD_VEH,2026_06_20_merged.mat,OF1,1,5468,5468,273.35,273.35
R006,VEH,T1_SD_VEH,2026_06_20_merged.mat,OF1,1,5487,5487,274.3,274.3
R006,VEH,T1_SD_VEH,2026_06_20_merged.mat,OF1,1,5489,5489,274.40000000000003,274.40000000000003
R006,VEH,T1_SD_VEH,2026_06_20_merged.mat,OF1,1,5490,5490,274.45,274.45
R006,VEH,T1_SD_VEH,2026_06_20_merged.mat,OF1,1,5491,5491,274.5,274.5
R006,VEH,T1_SD_VEH,2026_06_20_merged.mat,OF1,1,5492,5492,274.55,274.55
R006,VEH,T1_SD_VEH,2026_06_20_merged.mat,OF1,1,5493,5493,274.6,274.6
R006,VEH,T1_SD_VEH,2026_06_20_merged.mat,OF1,1,5494,5494,274.65000000000003,274.65000000000003
R006,VEH,T1_SD_VEH,2026_06_20_merged.mat,OF1,1,5496,5496,274.75,274.75
R006,VEH,T1_SD_VEH,2026_06_20_merged.mat,OF1,2,5510,5510,275.45,275.45
R006,VEH,T1_SD_VEH,2026_06_20_merged.mat,OF1,1,5576,5576,278.75,278.75
R006,VEH,T1_SD_VEH,2026_06_20_merged.mat,OF1,1,5577,5577,278.8,278.8
R006,VEH,T1_SD_VEH,2026_06_20_merged.mat,OF1,1,5578,5578,278.85,278.85
R006,VEH,T1_SD_VEH,2026_06_20_merged.mat,OF1,1,5579,5579,278.90000000000003,278.90000000000003
R006,VEH,T1_SD_VEH,2026_06_20_merged.mat,OF1,1,5580,5580,278.95,278.95
R006,VEH,T1_SD_VEH,2026_06_20_merged.mat,OF1,1,5589,5589,279.40000000000003,279.40000000000003
R006,VEH,T1_SD_VEH,2026_06_20_merged.mat,OF1,1,5590,5590,279.45,279.45
R006,VEH,T1_SD_VEH,2026_06_20_merged.mat,OF1,1,5591,5591,279.5,279.5
R006,VEH,T1_SD_VEH,2026_06_20_merged.mat,OF1,1,5592,5592,279.55,279.55
R006,VEH,T1_SD_VEH,2026_06_20_merged.mat,OF1,2,5607,5607,280.3,280.3
R006,VEH,T1_SD_VEH,2026_06_20_merged.mat,OF1,2,5608,5608,280.35,280.35
R006,VEH,T1_SD_VEH,2026_06_20_merged.mat,OF1,2,5609,5609,280.40000000000003,280.40000000000003
R006,VEH,T1_SD_VEH,2026_06_20_merged.mat,OF1,2,5610,5610,280.45,280.45
R006,VEH,T1_SD_VEH,2026_06_20_merged.mat,OF1,2,5611,5611,280.5,280.5
R006,VEH,T1_SD_VEH,2026_06_20_merged.mat,OF1,1,5662,5662,283.05,283.05
R006,VEH,T1_SD_VEH,2026_06_20_merged.mat,OF1,1,5663,5663,283.1,283.1
R006,VEH,T1_SD_VEH,2026_06_20_merged.mat,OF1,1,5664,5664,283.15000000000003,283.15000000000003
R006,VEH,T1_SD_VEH,2026_06_20_merged.mat,OF1,1,5665,5665,283.2,283.2
R006,VEH,T1_SD_VEH,2026_06_20_merged.mat,OF1,2,5673,5673,283.6,283.6
R006,VEH,T1_SD_VEH,2026_06_20_merged.mat,OF1,2,5675,5675,283.7,283.7
R006,VEH,T1_SD_VEH,2026_06_20_merged.mat,OF1,1,5692,5692,284.55,284.55
R006,VEH,T1_SD_VEH,2026_06_20_merged.mat,OF1,1,5693,5693,284.6,284.6
R006,VEH,T1_SD_VEH,2026_06_20_merged.mat,OF1,1,5694,5694,284.65000000000003,284.65000000000003
R006,VEH,T1_SD_VEH,2026_06_20_merged.mat,OF1,1,5695,5695,284.7,284.7
R006,VEH,T1_SD_VEH,2026_06_20_merged.mat,OF1,1,5696,5696,284.75,284.75
R006,VEH,T1_SD_VEH,2026_06_20_merged.mat,OF1,1,5697,5697,284.8,284.8
R006,VEH,T1_SD_VEH,2026_06_20_merged.mat,OF1,1,5698,5698,284.85,284.85
R006,VEH,T1_SD_VEH,2026_06_20_merged.mat,OF1,1,5699,5699,284.90000000000003,284.90000000000003
R006,VEH,T1_SD_VEH,2026_06_20_merged.mat,OF1,1,5721,5721,286.0,286.0
R006,VEH,T1_SD_VEH,2026_06_20_merged.mat,OF1,2,5736,5736,286.75,286.75
R006,VEH,T1_SD_VEH,2026_06_20_merged.mat,OF1,2,5737,5737,286.8,286.8
R006,VEH,T1_SD_VEH,2026_06_20_merged.mat,OF1,2,5738,5738,286.85,286.85
R006,VEH,T1_SD_VEH,2026_06_20_merged.mat,OF1,1,5766,5766,288.25,288.25
R006,VEH,T1_SD_VEH,2026_06_20_merged.mat,OF1,1,5767,5767,288.3,288.3
R006,VEH,T1_SD_VEH,2026_06_20_merged.mat,OF1,2,5778,5778,288.85,288.85
R006,VEH,T1_SD_VEH,2026_06_20_merged.mat,OF1,2,5786,5786,289.25,289.25
R006,VEH,T1_SD_VEH,2026_06_20_merged.mat,OF1,2,5787,5787,289.3,289.3
R006,VEH,T1_SD_VEH,2026_06_20_merged.mat,OF1,2,5788,5788,289.35,289.35
R006,VEH,T1_SD_VEH,2026_06_20_merged.mat,OF1,2,5789,5789,289.40000000000003,289.40000000000003
R006,VEH,T1_SD_VEH,2026_06_20_merged.mat,OF1,2,5801,5801,290.0,290.0
R006,VEH,T1_SD_VEH,2026_06_20_merged.mat,OF1,1,5817,5817,290.8,290.8
R006,VEH,T1_SD_VEH,2026_06_20_merged.mat,OF1,2,5849,5849,292.40000000000003,292.40000000000003
R006,VEH,T1_SD_VEH,2026_06_20_merged.mat,OF1,2,5853,5853,292.6,292.6
R006,VEH,T1_SD_VEH,2026_06_20_merged.mat,OF1,2,5885,5885,294.2,294.2
R006,VEH,T1_SD_VEH,2026_06_20_merged.mat,OF1,1,5922,5922,296.05,296.05
R006,VEH,T1_SD_VEH,2026_06_20_merged.mat,OF1,1,5923,5923,296.1,296.1
R006,VEH,T1_SD_VEH,2026_06_20_merged.mat,OF1,2,5959,5959,297.90000000000003,297.90000000000003
R006,VEH,T1_SD_VEH,2026_06_20_merged.mat,OF1,2,5960,5960,297.95,297.95
R006,VEH,T1_SD_VEH,2026_06_20_merged.mat,OF1,2,5961,5961,298.0,298.0
R006,VEH,T1_SD_VEH,2026_06_20_merged.mat,OF1,1,5994,5994,299.65000000000003,299.65000000000003
R006,VEH,T1_SD_VEH,2026_06_20_merged.mat,OF1,1,5995,5995,299.7,299.7
R006,VEH,T1_SD_VEH,2026_06_20_merged.mat,OF1,1,5996,5996,299.75,299.75
R006,VEH,T1_SD_VEH,2026_06_20_merged.mat,OF1,1,5997,5997,299.8,299.8
R006,VEH,T1_SD_VEH,2026_06_20_merged.mat,OF1,1,6008,6008,300.35,300.35
R006,VEH,T1_SD_VEH,2026_06_20_merged.mat,OF1,2,6083,6083,304.1,304.1
R006,VEH,T1_SD_VEH,2026_06_20_merged.mat,OF1,2,6084,6084,304.15000000000003,304.15000000000003
R006,VEH,T1_SD_VEH,2026_06_20_merged.mat,OF1,2,6111,6111,305.5,305.5
R006,VEH,T1_SD_VEH,2026_06_20_merged.mat,OF1,2,6112,6112,305.55,305.55
R006,VEH,T1_SD_VEH,2026_06_20_merged.mat,OF1,2,6113,6113,305.6,305.6
R006,VEH,T1_SD_VEH,2026_06_20_merged.mat,OF1,2,6114,6114,305.65000000000003,305.65000000000003
R006,VEH,T1_SD_VEH,2026_06_20_merged.mat,OF1,2,6115,6115,305.7,305.7
R006,VEH,T1_SD_VEH,2026_06_20_merged.mat,OF1,2,6116,6116,305.75,305.75
R006,VEH,T1_SD_VEH,2026_06_20_merged.mat,OF1,2,6117,6117,305.8,305.8
R006,VEH,T1_SD_VEH,2026_06_20_merged.mat,OF1,2,6172,6172,308.55,308.55
R006,VEH,T1_SD_VEH,2026_06_20_merged.mat,OF1,2,6173,6173,308.6,308.6
R006,VEH,T1_SD_VEH,2026_06_20_merged.mat,OF1,2,6174,6174,308.65000000000003,308.65000000000003
R006,VEH,T1_SD_VEH,2026_06_20_merged.mat,OF1,2,6175,6175,308.70000000000005,308.70000000000005
R006,VEH,T1_SD_VEH,2026_06_20_merged.mat,OF1,2,6176,6176,308.75,308.75
R006,VEH,T1_SD_VEH,2026_06_20_merged.mat,OF1,2,6185,6185,309.20000000000005,309.20000000000005
R006,VEH,T1_SD_VEH,2026_06_20_merged.mat,OF1,1,6190,6190,309.45000000000005,309.45000000000005
R006,VEH,T1_SD_VEH,2026_06_20_merged.mat,OF1,1,6191,6191,309.5,309.5
R006,VEH,T1_SD_VEH,2026_06_20_merged.mat,OF1,1,6192,6192,309.55,309.55
R006,VEH,T1_SD_VEH,2026_06_20_merged.mat,OF1,2,6207,6207,310.3,310.3
R006,VEH,T1_SD_VEH,2026_06_20_merged.mat,OF1,1,6225,6225,311.20000000000005,311.20000000000005
R006,VEH,T1_SD_VEH,2026_06_20_merged.mat,OF1,1,6226,6226,311.25,311.25
R006,VEH,T1_SD_VEH,2026_06_20_merged.mat,OF1,1,6227,6227,311.3,311.3
R006,VEH,T1_SD_VEH,2026_06_20_merged.mat,OF1,1,6235,6235,311.70000000000005,311.70000000000005
R006,VEH,T1_SD_VEH,2026_06_20_merged.mat,OF1,1,6236,6236,311.75,311.75
R006,VEH,T1_SD_VEH,2026_06_20_merged.mat,OF1,2,6246,6246,312.25,312.25
R006,VEH,T1_SD_VEH,2026_06_20_merged.mat,OF1,2,6247,6247,312.3,312.3
R006,VEH,T1_SD_VEH,2026_06_20_merged.mat,OF1,2,6248,6248,312.35,312.35
R006,VEH,T1_SD_VEH,2026_06_20_merged.mat,OF1,2,6249,6249,312.40000000000003,312.40000000000003
R006,VEH,T1_SD_VEH,2026_06_20_merged.mat,OF1,1,6277,6277,313.8,313.8
R006,VEH,T1_SD_VEH,2026_06_20_merged.mat,OF1,1,6278,6278,313.85,313.85
R006,VEH,T1_SD_VEH,2026_06_20_merged.mat,OF1,1,6279,6279,313.90000000000003,313.90000000000003
R006,VEH,T1_SD_VEH,2026_06_20_merged.mat,OF1,1,6280,6280,313.95000000000005,313.95000000000005
R006,VEH,T1_SD_VEH,2026_06_20_merged.mat,OF1,1,6292,6292,314.55,314.55
R006,VEH,T1_SD_VEH,2026_06_20_merged.mat,OF1,1,6293,6293,314.6,314.6
R006,VEH,T1_SD_VEH,2026_06_20_merged.mat,OF1,1,6301,6301,315.0,315.0
R006,VEH,T1_SD_VEH,2026_06_20_merged.mat,OF1,1,6302,6302,315.05,315.05
R006,VEH,T1_SD_VEH,2026_06_20_merged.mat,OF1,1,6303,6303,315.1,315.1
R006,VEH,T1_SD_VEH,2026_06_20_merged.mat,OF1,1,6304,6304,315.15000000000003,315.15000000000003
R006,VEH,T1_SD_VEH,2026_06_20_merged.mat,OF1,1,6305,6305,315.20000000000005,315.20000000000005
R006,VEH,T1_SD_VEH,2026_06_20_merged.mat,OF1,2,6353,6353,317.6,317.6
R006,VEH,T1_SD_VEH,2026_06_20_merged.mat,OF1,2,6354,6354,317.65000000000003,317.65000000000003
R006,VEH,T1_SD_VEH,2026_06_20_merged.mat,OF1,2,6355,6355,317.70000000000005,317.70000000000005
R006,VEH,T1_SD_VEH,2026_06_20_merged.mat,OF1,2,6379,6379,318.90000000000003,318.90000000000003
R006,VEH,T1_SD_VEH,2026_06_20_merged.mat,OF1,2,6380,6380,318.95000000000005,318.95000000000005
R006,VEH,T1_SD_VEH,2026_06_20_merged.mat,OF1,2,6381,6381,319.0,319.0
R006,VEH,T1_SD_VEH,2026_06_20_merged.mat,OF1,1,6397,6397,319.8,319.8
R006,VEH,T1_SD_VEH,2026_06_20_merged.mat,OF1,1,6398,6398,319.85,319.85
R006,VEH,T1_SD_VEH,2026_06_20_merged.mat,OF1,1,6399,6399,319.90000000000003,319.90000000000003
R006,VEH,T1_SD_VEH,2026_06_20_merged.mat,OF1,1,6400,6400,319.95000000000005,319.95000000000005
R006,VEH,T1_SD_VEH,2026_06_20_merged.mat,OF1,1,6401,6401,320.0,320.0
R006,VEH,T1_SD_VEH,2026_06_20_merged.mat,OF1,1,6414,6414,320.65000000000003,320.65000000000003
R006,VEH,T1_SD_VEH,2026_06_20_merged.mat,OF1,1,6415,6415,320.70000000000005,320.70000000000005
R006,VEH,T1_SD_VEH,2026_06_20_merged.mat,OF1,1,6416,6416,320.75,320.75
R006,VEH,T1_SD_VEH,2026_06_20_merged.mat,OF1,2,6433,6433,321.6,321.6
R006,VEH,T1_SD_VEH,2026_06_20_merged.mat,OF1,2,6434,6434,321.65000000000003,321.65000000000003
R006,VEH,T1_SD_VEH,2026_06_20_merged.mat,OF1,2,6435,6435,321.70000000000005,321.70000000000005
R006,VEH,T1_SD_VEH,2026_06_20_merged.mat,OF1,2,6436,6436,321.75,321.75
R006,VEH,T1_SD_VEH,2026_06_20_merged.mat,OF1,2,6449,6449,322.40000000000003,322.40000000000003
R006,VEH,T1_SD_VEH,2026_06_20_merged.mat,OF1,2,6450,6450,322.45000000000005,322.45000000000005
R006,VEH,T1_SD_VEH,2026_06_20_merged.mat,OF1,2,6451,6451,322.5,322.5
R006,VEH,T1_SD_VEH,2026_06_20_merged.mat,OF1,2,6452,6452,322.55,322.55
R006,VEH,T1_SD_VEH,2026_06_20_merged.mat,OF1,2,6453,6453,322.6,322.6
R006,VEH,T1_SD_VEH,2026_06_20_merged.mat,OF1,2,6454,6454,322.65000000000003,322.65000000000003
R006,VEH,T1_SD_VEH,2026_06_20_merged.mat,OF1,2,6455,6455,322.70000000000005,322.70000000000005
R006,VEH,T1_SD_VEH,2026_06_20_merged.mat,OF1,2,6475,6475,323.70000000000005,323.70000000000005
R006,VEH,T1_SD_VEH,2026_06_20_merged.mat,OF1,2,6476,6476,323.75,323.75
R006,VEH,T1_SD_VEH,2026_06_20_merged.mat,OF1,1,6548,6548,327.3500000000001,327.3500000000001
R006,VEH,T1_SD_VEH,2026_06_20_merged.mat,OF1,1,6549,6549,327.4000000000001,327.4000000000001
R006,VEH,T1_SD_VEH,2026_06_20_merged.mat,OF1,1,6550,6550,327.45000000000005,327.45000000000005
R006,VEH,T1_SD_VEH,2026_06_20_merged.mat,OF1,1,6551,6551,327.50000000000006,327.50000000000006
R006,VEH,T1_SD_VEH,2026_06_20_merged.mat,OF1,1,6552,6552,327.55000000000007,327.55000000000007
R006,VEH,T1_SD_VEH,2026_06_20_merged.mat,OF1,1,6553,6553,327.6000000000001,327.6000000000001
R006,VEH,T1_SD_VEH,2026_06_20_merged.mat,OF1,1,6615,6615,330.70000000000005,330.70000000000005
R006,VEH,T1_SD_VEH,2026_06_20_merged.mat,OF1,1,6616,6616,330.75000000000006,330.75000000000006
R006,VEH,T1_SD_VEH,2026_06_20_merged.mat,OF1,2,6638,6638,331.8500000000001,331.8500000000001
R006,VEH,T1_SD_VEH,2026_06_20_merged.mat,OF1,2,6639,6639,331.9000000000001,331.9000000000001
R006,VEH,T1_SD_VEH,2026_06_20_merged.mat,OF1,2,6640,6640,331.95000000000005,331.95000000000005
R006,VEH,T1_SD_VEH,2026_06_20_merged.mat,OF1,2,6697,6697,334.80000000000007,334.80000000000007
R006,VEH,T1_SD_VEH,2026_06_20_merged.mat,OF1,2,6698,6698,334.8500000000001,334.8500000000001
R006,VEH,T1_SD_VEH,2026_06_20_merged.mat,OF1,2,6699,6699,334.9000000000001,334.9000000000001
R006,VEH,T1_SD_VEH,2026_06_20_merged.mat,OF1,2,6700,6700,334.95000000000005,334.95000000000005
R006,VEH,T1_SD_VEH,2026_06_20_merged.mat,OF1,2,6701,6701,335.00000000000006,335.00000000000006
R006,VEH,T1_SD_VEH,2026_06_20_merged.mat,OF1,2,6702,6702,335.05000000000007,335.05000000000007
R006,VEH,T1_SD_VEH,2026_06_20_merged.mat,OF1,2,6703,6703,335.1000000000001,335.1000000000001
R006,VEH,T1_SD_VEH,2026_06_20_merged.mat,OF1,2,6716,6716,335.75000000000006,335.75000000000006
R006,VEH,T1_SD_VEH,2026_06_20_merged.mat,OF1,2,6890,6890,344.4500000000001,344.4500000000001
R006,VEH,T1_SD_VEH,2026_06_20_merged.mat,OF1,1,6916,6916,345.75000000000006,345.75000000000006
R006,VEH,T1_SD_VEH,2026_06_20_merged.mat,OF1,1,6917,6917,345.80000000000007,345.80000000000007
R006,VEH,T1_SD_VEH,2026_06_20_merged.mat,OF1,1,6918,6918,345.8500000000001,345.8500000000001
R006,VEH,T1_SD_VEH,2026_06_20_merged.mat,OF1,1,6919,6919,345.9000000000001,345.9000000000001
R006,VEH,T1_SD_VEH,2026_06_20_merged.mat,OF1,2,6925,6925,346.2000000000001,346.2000000000001
R006,VEH,T1_SD_VEH,2026_06_20_merged.mat,OF1,2,6944,6944,347.1500000000001,347.1500000000001
R006,VEH,T1_SD_VEH,2026_06_20_merged.mat,OF1,2,6945,6945,347.2000000000001,347.2000000000001
R006,VEH,T1_SD_VEH,2026_06_20_merged.mat,OF1,2,6986,6986,349.25000000000006,349.25000000000006
R006,VEH,T1_SD_VEH,2026_06_20_merged.mat,OF1,2,6987,6987,349.30000000000007,349.30000000000007
R006,VEH,T1_SD_VEH,2026_06_20_merged.mat,OF1,2,6988,6988,349.3500000000001,349.3500000000001
R006,VEH,T1_SD_VEH,2026_06_20_merged.mat,OF1,2,6989,6989,349.4000000000001,349.4000000000001
R006,VEH,T1_SD_VEH,2026_06_20_merged.mat,OF1,2,7062,7062,353.05000000000007,353.05000000000007
R006,VEH,T1_SD_VEH,2026_06_20_merged.mat,OF1,2,7091,7091,354.50000000000006,354.50000000000006
R006,VEH,T1_SD_VEH,2026_06_20_merged.mat,OF1,2,7092,7092,354.55000000000007,354.55000000000007
R006,VEH,T1_SD_VEH,2026_06_20_merged.mat,OF1,2,7093,7093,354.6000000000001,354.6000000000001
R006,VEH,T1_SD_VEH,2026_06_20_merged.mat,OF1,1,7138,7138,356.8500000000001,356.8500000000001
R006,VEH,T1_SD_VEH,2026_06_20_merged.mat,OF1,1,7139,7139,356.9000000000001,356.9000000000001
R006,VEH,T1_SD_VEH,2026_06_20_merged.mat,OF1,1,7140,7140,356.9500000000001,356.9500000000001
R006,VEH,T1_SD_VEH,2026_06_20_merged.mat,OF1,1,7141,7141,357.00000000000006,357.00000000000006
R006,VEH,T1_SD_VEH,2026_06_20_merged.mat,OF1,1,7142,7142,357.05000000000007,357.05000000000007
R006,VEH,T1_SD_VEH,2026_06_20_merged.mat,OF1,2,7187,7187,359.30000000000007,359.30000000000007
R006,VEH,T1_SD_VEH,2026_06_20_merged.mat,OF1,2,7188,7188,359.3500000000001,359.3500000000001
R006,VEH,T1_SD_VEH,2026_06_20_merged.mat,OF1,2,7189,7189,359.4000000000001,359.4000000000001
R006,VEH,T1_SD_VEH,2026_06_20_merged.mat,OF1,2,7190,7190,359.4500000000001,359.4500000000001
R006,VEH,T1_SD_VEH,2026_06_20_merged.mat,OF1,2,7191,7191,359.50000000000006,359.50000000000006
R006,VEH,T1_SD_VEH,2026_06_20_merged.mat,OF1,1,7223,7223,361.1000000000001,361.1000000000001
R006,VEH,T1_SD_VEH,2026_06_20_merged.mat,OF1,1,7224,7224,361.1500000000001,361.1500000000001
R006,VEH,T1_SD_VEH,2026_06_20_merged.mat,OF1,1,7225,7225,361.2000000000001,361.2000000000001
R006,VEH,T1_SD_VEH,2026_06_20_merged.mat,OF1,1,7226,7226,361.25000000000006,361.25000000000006
R006,VEH,T1_SD_VEH,2026_06_20_merged.mat,OF1,1,7227,7227,361.30000000000007,361.30000000000007
R006,VEH,T1_SD_VEH,2026_06_20_merged.mat,OF1,2,7240,7240,361.9500000000001,361.9500000000001
R006,VEH,T1_SD_VEH,2026_06_20_merged.mat,OF1,2,7241,7241,362.00000000000006,362.00000000000006
R006,VEH,T1_SD_VEH,2026_06_20_merged.mat,OF1,2,7242,7242,362.05000000000007,362.05000000000007
R006,VEH,T1_SD_VEH,2026_06_20_merged.mat,OF1,2,7243,7243,362.1000000000001,362.1000000000001
R006,VEH,T1_SD_VEH,2026_06_20_merged.mat,OF1,2,7283,7283,364.1000000000001,364.1000000000001
R006,VEH,T1_SD_VEH,2026_06_20_merged.mat,OF1,2,7284,7284,364.1500000000001,364.1500000000001
R006,VEH,T1_SD_VEH,2026_06_20_merged.mat,OF1,2,7288,7288,364.3500000000001,364.3500000000001
R006,VEH,T1_SD_VEH,2026_06_20_merged.mat,OF1,2,7289,7289,364.4000000000001,364.4000000000001
R006,VEH,T1_SD_VEH,2026_06_20_merged.mat,OF1,2,7290,7290,364.4500000000001,364.4500000000001
R006,VEH,T1_SD_VEH,2026_06_20_merged.mat,OF1,2,7291,7291,364.50000000000006,364.50000000000006
R006,VEH,T1_SD_VEH,2026_06_20_merged.mat,OF1,2,7309,7309,365.4000000000001,365.4000000000001
R006,VEH,T1_SD_VEH,2026_06_20_merged.mat,OF1,2,7310,7310,365.4500000000001,365.4500000000001
R006,VEH,T1_SD_VEH,2026_06_20_merged.mat,OF1,2,7311,7311,365.50000000000006,365.50000000000006
R006,VEH,T1_SD_VEH,2026_06_20_merged.mat,OF1,2,7312,7312,365.55000000000007,365.55000000000007
R006,VEH,T1_SD_VEH,2026_06_20_merged.mat,OF1,2,7313,7313,365.6000000000001,365.6000000000001
R006,VEH,T1_SD_VEH,2026_06_20_merged.mat,OF1,2,7323,7323,366.1000000000001,366.1000000000001
R006,VEH,T1_SD_VEH,2026_06_20_merged.mat,OF1,2,7324,7324,366.1500000000001,366.1500000000001
R006,VEH,T1_SD_VEH,2026_06_20_merged.mat,OF1,2,7325,7325,366.2000000000001,366.2000000000001
R006,VEH,T1_SD_VEH,2026_06_20_merged.mat,OF1,2,7335,7335,366.7000000000001,366.7000000000001
R006,VEH,T1_SD_VEH,2026_06_20_merged.mat,OF1,2,7336,7336,366.75000000000006,366.75000000000006
R006,VEH,T1_SD_VEH,2026_06_20_merged.mat,OF1,2,7337,7337,366.80000000000007,366.80000000000007
R006,VEH,T1_SD_VEH,2026_06_20_merged.mat,OF1,2,7346,7346,367.25000000000006,367.25000000000006
R006,VEH,T1_SD_VEH,2026_06_20_merged.mat,OF1,2,7347,7347,367.30000000000007,367.30000000000007
R006,VEH,T1_SD_VEH,2026_06_20_merged.mat,OF1,2,7348,7348,367.3500000000001,367.3500000000001
R006,VEH,T1_SD_VEH,2026_06_20_merged.mat,OF1,2,7356,7356,367.75000000000006,367.75000000000006
R006,VEH,T1_SD_VEH,2026_06_20_merged.mat,OF1,2,7357,7357,367.80000000000007,367.80000000000007
R006,VEH,T1_SD_VEH,2026_06_20_merged.mat,OF1,2,7358,7358,367.8500000000001,367.8500000000001
R006,VEH,T1_SD_VEH,2026_06_20_merged.mat,OF1,2,7365,7365,368.2000000000001,368.2000000000001
R006,VEH,T1_SD_VEH,2026_06_20_merged.mat,OF1,2,7366,7366,368.25000000000006,368.25000000000006
R006,VEH,T1_SD_VEH,2026_06_20_merged.mat,OF1,2,7377,7377,368.80000000000007,368.80000000000007
R006,VEH,T1_SD_VEH,2026_06_20_merged.mat,OF1,2,7378,7378,368.8500000000001,368.8500000000001
R006,VEH,T1_SD_VEH,2026_06_20_merged.mat,OF1,2,7384,7384,369.1500000000001,369.1500000000001
R006,VEH,T1_SD_VEH,2026_06_20_merged.mat,OF1,2,7385,7385,369.2000000000001,369.2000000000001
R006,VEH,T1_SD_VEH,2026_06_20_merged.mat,OF1,2,7386,7386,369.25000000000006,369.25000000000006
R006,VEH,T1_SD_VEH,2026_06_20_merged.mat,OF1,2,7387,7387,369.30000000000007,369.30000000000007
R006,VEH,T1_SD_VEH,2026_06_20_merged.mat,OF1,2,7388,7388,369.3500000000001,369.3500000000001
R006,VEH,T1_SD_VEH,2026_06_20_merged.mat,OF1,2,7389,7389,369.4000000000001,369.4000000000001
R006,VEH,T1_SD_VEH,2026_06_20_merged.mat,OF1,2,7390,7390,369.4500000000001,369.4500000000001
R006,VEH,T1_SD_VEH,2026_06_20_merged.mat,OF1,2,7406,7406,370.25000000000006,370.25000000000006
R006,VEH,T1_SD_VEH,2026_06_20_merged.mat,OF1,2,7407,7407,370.30000000000007,370.30000000000007
R006,VEH,T1_SD_VEH,2026_06_20_merged.mat,OF1,2,7408,7408,370.3500000000001,370.3500000000001
R006,VEH,T1_SD_VEH,2026_06_20_merged.mat,OF1,2,7415,7415,370.7000000000001,370.7000000000001
R006,VEH,T1_SD_VEH,2026_06_20_merged.mat,OF1,2,7444,7444,372.1500000000001,372.1500000000001
R006,VEH,T1_SD_VEH,2026_06_20_merged.mat,OF1,2,7445,7445,372.2000000000001,372.2000000000001
R006,VEH,T1_SD_VEH,2026_06_20_merged.mat,OF1,2,7456,7456,372.75000000000006,372.75000000000006
R006,VEH,T1_SD_VEH,2026_06_20_merged.mat,OF1,2,7457,7457,372.80000000000007,372.80000000000007
R006,VEH,T1_SD_VEH,2026_06_20_merged.mat,OF1,2,7473,7473,373.6000000000001,373.6000000000001
R006,VEH,T1_SD_VEH,2026_06_20_merged.mat,OF1,2,7474,7474,373.6500000000001,373.6500000000001
R006,VEH,T1_SD_VEH,2026_06_20_merged.mat,OF1,2,7475,7475,373.7000000000001,373.7000000000001
R006,VEH,T1_SD_VEH,2026_06_20_merged.mat,OF1,2,7476,7476,373.75000000000006,373.75000000000006
R006,VEH,T1_SD_VEH,2026_06_20_merged.mat,OF1,2,7486,7486,374.25000000000006,374.25000000000006
R006,VEH,T1_SD_VEH,2026_06_20_merged.mat,OF1,2,7487,7487,374.30000000000007,374.30000000000007
R006,VEH,T1_SD_VEH,2026_06_20_merged.mat,OF1,2,7488,7488,374.3500000000001,374.3500000000001
R006,VEH,T1_SD_VEH,2026_06_20_merged.mat,OF1,2,7489,7489,374.4000000000001,374.4000000000001
R006,VEH,T1_SD_VEH,2026_06_20_merged.mat,OF1,2,7498,7498,374.8500000000001,374.8500000000001
R006,VEH,T1_SD_VEH,2026_06_20_merged.mat,OF1,2,7499,7499,374.9000000000001,374.9000000000001
R006,VEH,T1_SD_VEH,2026_06_20_merged.mat,OF1,2,7532,7532,376.55000000000007,376.55000000000007
R006,VEH,T1_SD_VEH,2026_06_20_merged.mat,OF1,2,7533,7533,376.6000000000001,376.6000000000001
R006,VEH,T1_SD_VEH,2026_06_20_merged.mat,OF1,2,7534,7534,376.6500000000001,376.6500000000001
R006,VEH,T1_SD_VEH,2026_06_20_merged.mat,OF1,2,7535,7535,376.7000000000001,376.7000000000001
R006,VEH,T1_SD_VEH,2026_06_20_merged.mat,OF1,2,7536,7536,376.75000000000006,376.75000000000006
R006,VEH,T1_SD_VEH,2026_06_20_merged.mat,OF1,2,7543,7543,377.1000000000001,377.1000000000001
R006,VEH,T1_SD_VEH,2026_06_20_merged.mat,OF1,2,7544,7544,377.1500000000001,377.1500000000001
R006,VEH,T1_SD_VEH,2026_06_20_merged.mat,OF1,2,7545,7545,377.2000000000001,377.2000000000001
R006,VEH,T1_SD_VEH,2026_06_20_merged.mat,OF1,2,7546,7546,377.25000000000006,377.25000000000006
R006,VEH,T1_SD_VEH,2026_06_20_merged.mat,OF1,2,7557,7557,377.80000000000007,377.80000000000007
R006,VEH,T1_SD_VEH,2026_06_20_merged.mat,OF1,2,7558,7558,377.8500000000001,377.8500000000001
R006,VEH,T1_SD_VEH,2026_06_20_merged.mat,OF1,2,7559,7559,377.9000000000001,377.9000000000001
R006,VEH,T1_SD_VEH,2026_06_20_merged.mat,OF1,2,7560,7560,377.9500000000001,377.9500000000001
R006,VEH,T1_SD_VEH,2026_06_20_merged.mat,OF1,2,7578,7578,378.8500000000001,378.8500000000001
R006,VEH,T1_SD_VEH,2026_06_20_merged.mat,OF1,2,7579,7579,378.9000000000001,378.9000000000001
R006,VEH,T1_SD_VEH,2026_06_20_merged.mat,OF1,2,7580,7580,378.9500000000001,378.9500000000001
R006,VEH,T1_SD_VEH,2026_06_20_merged.mat,OF1,2,7581,7581,379.00000000000006,379.00000000000006
R006,VEH,T1_SD_VEH,2026_06_20_merged.mat,OF1,1,7604,7604,380.1500000000001,380.1500000000001
R006,VEH,T1_SD_VEH,2026_06_20_merged.mat,OF1,1,7605,7605,380.2000000000001,380.2000000000001
R006,VEH,T1_SD_VEH,2026_06_20_merged.mat,OF1,1,7606,7606,380.25000000000006,380.25000000000006
R006,VEH,T1_SD_VEH,2026_06_20_merged.mat,OF1,1,7607,7607,380.30000000000007,380.30000000000007
R006,VEH,T1_SD_VEH,2026_06_20_merged.mat,OF1,1,7608,7608,380.3500000000001,380.3500000000001
R006,VEH,T1_SD_VEH,2026_06_20_merged.mat,OF1,2,7625,7625,381.2000000000001,381.2000000000001
R006,VEH,T1_SD_VEH,2026_06_20_merged.mat,OF1,2,7626,7626,381.25000000000006,381.25000000000006
R006,VEH,T1_SD_VEH,2026_06_20_merged.mat,OF1,2,7627,7627,381.30000000000007,381.30000000000007
R006,VEH,T1_SD_VEH,2026_06_20_merged.mat,OF1,2,7628,7628,381.3500000000001,381.3500000000001
R006,VEH,T1_SD_VEH,2026_06_20_merged.mat,OF1,2,7629,7629,381.4000000000001,381.4000000000001
R006,VEH,T1_SD_VEH,2026_06_20_merged.mat,OF1,2,7640,7640,381.9500000000001,381.9500000000001
R006,VEH,T1_SD_VEH,2026_06_20_merged.mat,OF1,2,7763,7763,388.1000000000001,388.1000000000001
R006,VEH,T1_SD_VEH,2026_06_20_merged.mat,OF1,1,7772,7772,388.55000000000007,388.55000000000007
R006,VEH,T1_SD_VEH,2026_06_20_merged.mat,OF1,1,7773,7773,388.6000000000001,388.6000000000001
R006,VEH,T1_SD_VEH,2026_06_20_merged.mat,OF1,1,7774,7774,388.6500000000001,388.6500000000001
R006,VEH,T1_SD_VEH,2026_06_20_merged.mat,OF1,1,7775,7775,388.7000000000001,388.7000000000001
R006,VEH,T1_SD_VEH,2026_06_20_merged.mat,OF1,2,7784,7784,389.1500000000001,389.1500000000001
R006,VEH,T1_SD_VEH,2026_06_20_merged.mat,OF1,2,7785,7785,389.2000000000001,389.2000000000001
R006,VEH,T1_SD_VEH,2026_06_20_merged.mat,OF1,2,7786,7786,389.25000000000006,389.25000000000006
R006,VEH,T1_SD_VEH,2026_06_20_merged.mat,OF1,2,7787,7787,389.30000000000007,389.30000000000007
R006,VEH,T1_SD_VEH,2026_06_20_merged.mat,OF1,2,7788,7788,389.3500000000001,389.3500000000001
R006,VEH,T1_SD_VEH,2026_06_20_merged.mat,OF1,2,7792,7792,389.55000000000007,389.55000000000007
R006,VEH,T1_SD_VEH,2026_06_20_merged.mat,OF1,2,7793,7793,389.6000000000001,389.6000000000001
R006,VEH,T1_SD_VEH,2026_06_20_merged.mat,OF1,2,7794,7794,389.6500000000001,389.6500000000001
R006,VEH,T1_SD_VEH,2026_06_20_merged.mat,OF1,2,7795,7795,389.7000000000001,389.7000000000001
R006,VEH,T1_SD_VEH,2026_06_20_merged.mat,OF1,2,7796,7796,389.75000000000006,389.75000000000006
R006,VEH,T1_SD_VEH,2026_06_20_merged.mat,OF1,2,7809,7809,390.4000000000001,390.4000000000001
R006,VEH,T1_SD_VEH,2026_06_20_merged.mat,OF1,2,7810,7810,390.4500000000001,390.4500000000001
R006,VEH,T1_SD_VEH,2026_06_20_merged.mat,OF1,2,7811,7811,390.50000000000006,390.50000000000006
R006,VEH,T1_SD_VEH,2026_06_20_merged.mat,OF1,1,7828,7828,391.3500000000001,391.3500000000001
R006,VEH,T1_SD_VEH,2026_06_20_merged.mat,OF1,1,7829,7829,391.4000000000001,391.4000000000001
R006,VEH,T1_SD_VEH,2026_06_20_merged.mat,OF1,1,7830,7830,391.4500000000001,391.4500000000001
R006,VEH,T1_SD_VEH,2026_06_20_merged.mat,OF1,1,7831,7831,391.50000000000006,391.50000000000006
R006,VEH,T1_SD_VEH,2026_06_20_merged.mat,OF1,1,7832,7832,391.55000000000007,391.55000000000007
R006,VEH,T1_SD_VEH,2026_06_20_merged.mat,OF1,1,7887,7887,394.30000000000007,394.30000000000007
R006,VEH,T1_SD_VEH,2026_06_20_merged.mat,OF1,1,7888,7888,394.3500000000001,394.3500000000001
R006,VEH,T1_SD_VEH,2026_06_20_merged.mat,OF1,2,7928,7928,396.3500000000001,396.3500000000001
R006,VEH,T1_SD_VEH,2026_06_20_merged.mat,OF1,2,7929,7929,396.4000000000001,396.4000000000001
R006,VEH,T1_SD_VEH,2026_06_20_merged.mat,OF1,2,7930,7930,396.45000000000005,396.45000000000005
R006,VEH,T1_SD_VEH,2026_06_20_merged.mat,OF1,2,7931,7931,396.5000000000001,396.5000000000001
R006,VEH,T1_SD_VEH,2026_06_20_merged.mat,OF1,1,7942,7942,397.05000000000007,397.05000000000007
R006,VEH,T1_SD_VEH,2026_06_20_merged.mat,OF1,1,7943,7943,397.1000000000001,397.1000000000001
R006,VEH,T1_SD_VEH,2026_06_20_merged.mat,OF1,1,7954,7954,397.6500000000001,397.6500000000001
R006,VEH,T1_SD_VEH,2026_06_20_merged.mat,OF1,1,7955,7955,397.70000000000005,397.70000000000005
R006,VEH,T1_SD_VEH,2026_06_20_merged.mat,OF1,1,7956,7956,397.7500000000001,397.7500000000001
R006,VEH,T1_SD_VEH,2026_06_20_merged.mat,OF1,1,7971,7971,398.5000000000001,398.5000000000001
R006,VEH,T1_SD_VEH,2026_06_20_merged.mat,OF1,1,7972,7972,398.55000000000007,398.55000000000007
R006,VEH,T1_SD_VEH,2026_06_20_merged.mat,OF1,1,7973,7973,398.6000000000001,398.6000000000001
R006,VEH,T1_SD_VEH,2026_06_20_merged.mat,OF1,1,7974,7974,398.6500000000001,398.6500000000001
R006,VEH,T1_SD_VEH,2026_06_20_merged.mat,OF1,2,7989,7989,399.4000000000001,399.4000000000001
R006,VEH,T1_SD_VEH,2026_06_20_merged.mat,OF1,2,7990,7990,399.45000000000005,399.45000000000005
R006,VEH,T1_SD_VEH,2026_06_20_merged.mat,OF1,1,7997,7997,399.80000000000007,399.80000000000007
R006,VEH,T1_SD_VEH,2026_06_20_merged.mat,OF1,1,7998,7998,399.8500000000001,399.8500000000001
R006,VEH,T1_SD_VEH,2026_06_20_merged.mat,OF1,1,7999,7999,399.9000000000001,399.9000000000001
R006,VEH,T1_SD_VEH,2026_06_20_merged.mat,OF1,1,8000,8000,399.95000000000005,399.95000000000005
R006,VEH,T1_SD_VEH,2026_06_20_merged.mat,OF1,2,8043,8043,402.1000000000001,402.1000000000001
R006,VEH,T1_SD_VEH,2026_06_20_merged.mat,OF1,2,8044,8044,402.1500000000001,402.1500000000001
R006,VEH,T1_SD_VEH,2026_06_20_merged.mat,OF1,2,8045,8045,402.20000000000005,402.20000000000005
R006,VEH,T1_SD_VEH,2026_06_20_merged.mat,OF1,2,8054,8054,402.6500000000001,402.6500000000001
R006,VEH,T1_SD_VEH,2026_06_20_merged.mat,OF1,2,8055,8055,402.70000000000005,402.70000000000005
R006,VEH,T1_SD_VEH,2026_06_20_merged.mat,OF1,2,8056,8056,402.7500000000001,402.7500000000001
R006,VEH,T1_SD_VEH,2026_06_20_merged.mat,OF1,2,8057,8057,402.80000000000007,402.80000000000007
R006,VEH,T1_SD_VEH,2026_06_20_merged.mat,OF1,2,8075,8075,403.70000000000005,403.70000000000005
R006,VEH,T1_SD_VEH,2026_06_20_merged.mat,OF1,2,8076,8076,403.7500000000001,403.7500000000001
R006,VEH,T1_SD_VEH,2026_06_20_merged.mat,OF1,2,8077,8077,403.80000000000007,403.80000000000007
R006,VEH,T1_SD_VEH,2026_06_20_merged.mat,OF1,1,8122,8122,406.05000000000007,406.05000000000007
R006,VEH,T1_SD_VEH,2026_06_20_merged.mat,OF1,1,8123,8123,406.1000000000001,406.1000000000001
R006,VEH,T1_SD_VEH,2026_06_20_merged.mat,OF1,1,8124,8124,406.1500000000001,406.1500000000001
R006,VEH,T1_SD_VEH,2026_06_20_merged.mat,OF1,1,8125,8125,406.20000000000005,406.20000000000005
R006,VEH,T1_SD_VEH,2026_06_20_merged.mat,OF1,2,8148,8148,407.3500000000001,407.3500000000001
R006,VEH,T1_SD_VEH,2026_06_20_merged.mat,OF1,2,8149,8149,407.4000000000001,407.4000000000001
R006,VEH,T1_SD_VEH,2026_06_20_merged.mat,OF1,2,8150,8150,407.45000000000005,407.45000000000005
R006,VEH,T1_SD_VEH,2026_06_20_merged.mat,OF1,2,8151,8151,407.5000000000001,407.5000000000001
R006,VEH,T1_SD_VEH,2026_06_20_merged.mat,OF1,2,8152,8152,407.55000000000007,407.55000000000007
R006,VEH,T1_SD_VEH,2026_06_20_merged.mat,OF1,2,8153,8153,407.6000000000001,407.6000000000001
R006,VEH,T1_SD_VEH,2026_06_20_merged.mat,OF1,2,8167,8167,408.30000000000007,408.30000000000007
R006,VEH,T1_SD_VEH,2026_06_20_merged.mat,OF1,2,8168,8168,408.3500000000001,408.3500000000001
R006,VEH,T1_SD_VEH,2026_06_20_merged.mat,OF1,2,8169,8169,408.4000000000001,408.4000000000001
R006,VEH,T1_SD_VEH,2026_06_20_merged.mat,OF1,2,8193,8193,409.6000000000001,409.6000000000001
R006,VEH,T1_SD_VEH,2026_06_20_merged.mat,OF1,2,8194,8194,409.6500000000001,409.6500000000001
R006,VEH,T1_SD_VEH,2026_06_20_merged.mat,OF1,2,8213,8213,410.6000000000001,410.6000000000001
R006,VEH,T1_SD_VEH,2026_06_20_merged.mat,OF1,2,8214,8214,410.6500000000001,410.6500000000001
R006,VEH,T1_SD_VEH,2026_06_20_merged.mat,OF1,2,8215,8215,410.70000000000005,410.70000000000005
R006,VEH,T1_SD_VEH,2026_06_20_merged.mat,OF1,2,8216,8216,410.7500000000001,410.7500000000001
R006,VEH,T1_SD_VEH,2026_06_20_merged.mat,OF1,2,8261,8261,413.0000000000001,413.0000000000001
R006,VEH,T1_SD_VEH,2026_06_20_merged.mat,OF1,2,8262,8262,413.05000000000007,413.05000000000007
R006,VEH,T1_SD_VEH,2026_06_20_merged.mat,OF1,2,8274,8274,413.6500000000001,413.6500000000001
R006,VEH,T1_SD_VEH,2026_06_20_merged.mat,OF1,2,8306,8306,415.2500000000001,415.2500000000001
R006,VEH,T1_SD_VEH,2026_06_20_merged.mat,OF1,2,8331,8331,416.5000000000001,416.5000000000001
R006,VEH,T1_SD_VEH,2026_06_20_merged.mat,OF1,2,8332,8332,416.55000000000007,416.55000000000007
R006,VEH,T1_SD_VEH,2026_06_20_merged.mat,OF1,2,8333,8333,416.6000000000001,416.6000000000001
R006,VEH,T1_SD_VEH,2026_06_20_merged.mat,OF1,2,8334,8334,416.6500000000001,416.6500000000001
R006,VEH,T1_SD_VEH,2026_06_20_merged.mat,OF1,2,8396,8396,419.7500000000001,419.7500000000001
R006,VEH,T1_SD_VEH,2026_06_20_merged.mat,OF1,2,8397,8397,419.80000000000007,419.80000000000007
R006,VEH,T1_SD_VEH,2026_06_20_merged.mat,OF1,2,8398,8398,419.8500000000001,419.8500000000001
R006,VEH,T1_SD_VEH,2026_06_20_merged.mat,OF1,1,8427,8427,421.30000000000007,421.30000000000007
R006,VEH,T1_SD_VEH,2026_06_20_merged.mat,OF1,1,8428,8428,421.3500000000001,421.3500000000001
R006,VEH,T1_SD_VEH,2026_06_20_merged.mat,OF1,1,8429,8429,421.4000000000001,421.4000000000001
R006,VEH,T1_SD_VEH,2026_06_20_merged.mat,OF1,1,8430,8430,421.45000000000005,421.45000000000005
R006,VEH,T1_SD_VEH,2026_06_20_merged.mat,OF1,1,8431,8431,421.5000000000001,421.5000000000001
R006,VEH,T1_SD_VEH,2026_06_20_merged.mat,OF1,1,8460,8460,422.95000000000005,422.95000000000005
R006,VEH,T1_SD_VEH,2026_06_20_merged.mat,OF1,2,8484,8484,424.1500000000001,424.1500000000001
R006,VEH,T1_SD_VEH,2026_06_20_merged.mat,OF1,1,8492,8492,424.55000000000007,424.55000000000007
R006,VEH,T1_SD_VEH,2026_06_20_merged.mat,OF1,1,8493,8493,424.6000000000001,424.6000000000001
R006,VEH,T1_SD_VEH,2026_06_20_merged.mat,OF1,1,8494,8494,424.6500000000001,424.6500000000001
R006,VEH,T1_SD_VEH,2026_06_20_merged.mat,OF1,1,8495,8495,424.70000000000005,424.70000000000005
R006,VEH,T1_SD_VEH,2026_06_20_merged.mat,OF1,2,8507,8507,425.30000000000007,425.30000000000007
R006,VEH,T1_SD_VEH,2026_06_20_merged.mat,OF1,2,8508,8508,425.3500000000001,425.3500000000001
R006,VEH,T1_SD_VEH,2026_06_20_merged.mat,OF1,2,8509,8509,425.4000000000001,425.4000000000001
R006,VEH,T1_SD_VEH,2026_06_20_merged.mat,OF1,2,8510,8510,425.45000000000005,425.45000000000005
R006,VEH,T1_SD_VEH,2026_06_20_merged.mat,OF1,1,8536,8536,426.7500000000001,426.7500000000001
R006,VEH,T1_SD_VEH,2026_06_20_merged.mat,OF1,1,8537,8537,426.80000000000007,426.80000000000007
R006,VEH,T1_SD_VEH,2026_06_20_merged.mat,OF1,1,8538,8538,426.8500000000001,426.8500000000001
R006,VEH,T1_SD_VEH,2026_06_20_merged.mat,OF1,1,8539,8539,426.9000000000001,426.9000000000001
R006,VEH,T1_SD_VEH,2026_06_20_merged.mat,OF1,1,8540,8540,426.95000000000005,426.95000000000005
R006,VEH,T1_SD_VEH,2026_06_20_merged.mat,OF1,1,8593,8593,429.6000000000001,429.6000000000001
R006,VEH,T1_SD_VEH,2026_06_20_merged.mat,OF1,1,8594,8594,429.6500000000001,429.6500000000001
R006,VEH,T1_SD_VEH,2026_06_20_merged.mat,OF1,1,8595,8595,429.70000000000005,429.70000000000005
R006,VEH,T1_SD_VEH,2026_06_20_merged.mat,OF1,1,8596,8596,429.7500000000001,429.7500000000001
R006,VEH,T1_SD_VEH,2026_06_20_merged.mat,OF1,1,8597,8597,429.80000000000007,429.80000000000007
R006,VEH,T1_SD_VEH,2026_06_20_merged.mat,OF1,2,8637,8637,431.80000000000007,431.80000000000007
R006,VEH,T1_SD_VEH,2026_06_20_merged.mat,OF1,2,8638,8638,431.8500000000001,431.8500000000001
R006,VEH,T1_SD_VEH,2026_06_20_merged.mat,OF1,2,8639,8639,431.9000000000001,431.9000000000001
R006,VEH,T1_SD_VEH,2026_06_20_merged.mat,OF1,2,8640,8640,431.95000000000005,431.95000000000005
R006,VEH,T1_SD_VEH,2026_06_20_merged.mat,OF1,2,8641,8641,432.0000000000001,432.0000000000001
R006,VEH,T1_SD_VEH,2026_06_20_merged.mat,OF1,1,8669,8669,433.4000000000001,433.4000000000001
R006,VEH,T1_SD_VEH,2026_06_20_merged.mat,OF1,1,8686,8686,434.2500000000001,434.2500000000001
R006,VEH,T1_SD_VEH,2026_06_20_merged.mat,OF1,1,8687,8687,434.30000000000007,434.30000000000007
R006,VEH,T1_SD_VEH,2026_06_20_merged.mat,OF1,1,8688,8688,434.3500000000001,434.3500000000001
R006,VEH,T1_SD_VEH,2026_06_20_merged.mat,OF1,1,8693,8693,434.6000000000001,434.6000000000001
R006,VEH,T1_SD_VEH,2026_06_20_merged.mat,OF1,1,8694,8694,434.6500000000001,434.6500000000001
R006,VEH,T1_SD_VEH,2026_06_20_merged.mat,OF1,2,8712,8712,435.55000000000007,435.55000000000007
R006,VEH,T1_SD_VEH,2026_06_20_merged.mat,OF1,1,8718,8718,435.8500000000001,435.8500000000001
R006,VEH,T1_SD_VEH,2026_06_20_merged.mat,OF1,1,8719,8719,435.9000000000001,435.9000000000001
R006,VEH,T1_SD_VEH,2026_06_20_merged.mat,OF1,1,8720,8720,435.95000000000005,435.95000000000005
R006,VEH,T1_SD_VEH,2026_06_20_merged.mat,OF1,1,8730,8730,436.45000000000005,436.45000000000005
R006,VEH,T1_SD_VEH,2026_06_20_merged.mat,OF1,2,8743,8743,437.1000000000001,437.1000000000001
R006,VEH,T1_SD_VEH,2026_06_20_merged.mat,OF1,2,8744,8744,437.1500000000001,437.1500000000001
R006,VEH,T1_SD_VEH,2026_06_20_merged.mat,OF1,2,8745,8745,437.20000000000005,437.20000000000005
R006,VEH,T1_SD_VEH,2026_06_20_merged.mat,OF1,1,8752,8752,437.55000000000007,437.55000000000007
R006,VEH,T1_SD_VEH,2026_06_20_merged.mat,OF1,2,8768,8768,438.3500000000001,438.3500000000001
R006,VEH,T1_SD_VEH,2026_06_20_merged.mat,OF1,2,8769,8769,438.4000000000001,438.4000000000001
R006,VEH,T1_SD_VEH,2026_06_20_merged.mat,OF1,1,8808,8808,440.3500000000001,440.3500000000001
R006,VEH,T1_SD_VEH,2026_06_20_merged.mat,OF1,1,8810,8810,440.45000000000005,440.45000000000005
R006,VEH,T1_SD_VEH,2026_06_20_merged.mat,OF1,2,8826,8826,441.2500000000001,441.2500000000001
R006,VEH,T1_SD_VEH,2026_06_20_merged.mat,OF1,2,8827,8827,441.30000000000007,441.30000000000007
R006,VEH,T1_SD_VEH,2026_06_20_merged.mat,OF1,2,8911,8911,445.5000000000001,445.5000000000001
R006,VEH,T1_SD_VEH,2026_06_20_merged.mat,OF1,2,8912,8912,445.55000000000007,445.55000000000007
R006,VEH,T1_SD_VEH,2026_06_20_merged.mat,OF1,1,8931,8931,446.5000000000001,446.5000000000001
R006,VEH,T1_SD_VEH,2026_06_20_merged.mat,OF1,1,8932,8932,446.55000000000007,446.55000000000007
R006,VEH,T1_SD_VEH,2026_06_20_merged.mat,OF1,1,8933,8933,446.6000000000001,446.6000000000001
R006,VEH,T1_SD_VEH,2026_06_20_merged.mat,OF1,2,8952,8952,447.55000000000007,447.55000000000007
R006,VEH,T1_SD_VEH,2026_06_20_merged.mat,OF1,2,8953,8953,447.6000000000001,447.6000000000001
R006,VEH,T1_SD_VEH,2026_06_20_merged.mat,OF1,2,8962,8962,448.05000000000007,448.05000000000007
R006,VEH,T1_SD_VEH,2026_06_20_merged.mat,OF1,2,8963,8963,448.1000000000001,448.1000000000001
R006,VEH,T1_SD_VEH,2026_06_20_merged.mat,OF1,1,9017,9017,450.80000000000007,450.80000000000007
R006,VEH,T1_SD_VEH,2026_06_20_merged.mat,OF1,1,9018,9018,450.8500000000001,450.8500000000001
R006,VEH,T1_SD_VEH,2026_06_20_merged.mat,OF1,1,9019,9019,450.9000000000001,450.9000000000001
R006,VEH,T1_SD_VEH,2026_06_20_merged.mat,OF1,1,9020,9020,450.95000000000005,450.95000000000005
R006,VEH,T1_SD_VEH,2026_06_20_merged.mat,OF1,1,9021,9021,451.0000000000001,451.0000000000001
R006,VEH,T1_SD_VEH,2026_06_20_merged.mat,OF1,2,9027,9027,451.30000000000007,451.30000000000007
R006,VEH,T1_SD_VEH,2026_06_20_merged.mat,OF1,2,9028,9028,451.3500000000001,451.3500000000001
R006,VEH,T1_SD_VEH,2026_06_20_merged.mat,OF1,1,9044,9044,452.1500000000001,452.1500000000001
R006,VEH,T1_SD_VEH,2026_06_20_merged.mat,OF1,2,9057,9057,452.80000000000007,452.80000000000007
R006,VEH,T1_SD_VEH,2026_06_20_merged.mat,OF1,2,9058,9058,452.8500000000001,452.8500000000001
R006,VEH,T1_SD_VEH,2026_06_20_merged.mat,OF1,2,9059,9059,452.9000000000001,452.9000000000001
R006,VEH,T1_SD_VEH,2026_06_20_merged.mat,OF1,1,9073,9073,453.6000000000001,453.6000000000001
R006,VEH,T1_SD_VEH,2026_06_20_merged.mat,OF1,1,9074,9074,453.6500000000001,453.6500000000001
R006,VEH,T1_SD_VEH,2026_06_20_merged.mat,OF1,1,9075,9075,453.70000000000005,453.70000000000005
R006,VEH,T1_SD_VEH,2026_06_20_merged.mat,OF1,1,9076,9076,453.7500000000001,453.7500000000001
R006,VEH,T1_SD_VEH,2026_06_20_merged.mat,OF1,1,9077,9077,453.80000000000007,453.80000000000007
R006,VEH,T1_SD_VEH,2026_06_20_merged.mat,OF1,2,9098,9098,454.8500000000001,454.8500000000001
R006,VEH,T1_SD_VEH,2026_06_20_merged.mat,OF1,2,9099,9099,454.9000000000001,454.9000000000001
R006,VEH,T1_SD_VEH,2026_06_20_merged.mat,OF1,2,9100,9100,454.95000000000005,454.95000000000005
R006,VEH,T1_SD_VEH,2026_06_20_merged.mat,OF1,2,9101,9101,455.0000000000001,455.0000000000001
R006,VEH,T1_SD_VEH,2026_06_20_merged.mat,OF1,2,9102,9102,455.05000000000007,455.05000000000007
R006,VEH,T1_SD_VEH,2026_06_20_merged.mat,OF1,1,9138,9138,456.8500000000001,456.8500000000001
R006,VEH,T1_SD_VEH,2026_06_20_merged.mat,OF1,1,9139,9139,456.9000000000001,456.9000000000001
R006,VEH,T1_SD_VEH,2026_06_20_merged.mat,OF1,2,9272,9272,463.55000000000007,463.55000000000007
R006,VEH,T1_SD_VEH,2026_06_20_merged.mat,OF1,2,9273,9273,463.6000000000001,463.6000000000001
R006,VEH,T1_SD_VEH,2026_06_20_merged.mat,OF1,1,9282,9282,464.05000000000007,464.05000000000007
R006,VEH,T1_SD_VEH,2026_06_20_merged.mat,OF1,1,9283,9283,464.1000000000001,464.1000000000001
R006,VEH,T1_SD_VEH,2026_06_20_merged.mat,OF1,1,9284,9284,464.1500000000001,464.1500000000001
R006,VEH,T1_SD_VEH,2026_06_20_merged.mat,OF1,1,9285,9285,464.20000000000005,464.20000000000005
R006,VEH,T1_SD_VEH,2026_06_20_merged.mat,OF1,1,9286,9286,464.2500000000001,464.2500000000001
R006,VEH,T1_SD_VEH,2026_06_20_merged.mat,OF1,1,9287,9287,464.30000000000007,464.30000000000007
R006,VEH,T1_SD_VEH,2026_06_20_merged.mat,OF1,1,9288,9288,464.3500000000001,464.3500000000001
R006,VEH,T1_SD_VEH,2026_06_20_merged.mat,OF1,1,9289,9289,464.4000000000001,464.4000000000001
R006,VEH,T1_SD_VEH,2026_06_20_merged.mat,OF1,1,9298,9298,464.8500000000001,464.8500000000001
R006,VEH,T1_SD_VEH,2026_06_20_merged.mat,OF1,1,9308,9308,465.3500000000001,465.3500000000001
R006,VEH,T1_SD_VEH,2026_06_20_merged.mat,OF1,1,9309,9309,465.4000000000001,465.4000000000001
R006,VEH,T1_SD_VEH,2026_06_20_merged.mat,OF1,1,9310,9310,465.45000000000005,465.45000000000005
R006,VEH,T1_SD_VEH,2026_06_20_merged.mat,OF1,1,9311,9311,465.5000000000001,465.5000000000001
R006,VEH,T1_SD_VEH,2026_06_20_merged.mat,OF1,1,9321,9321,466.0000000000001,466.0000000000001
R006,VEH,T1_SD_VEH,2026_06_20_merged.mat,OF1,1,9322,9322,466.05000000000007,466.05000000000007
R006,VEH,T1_SD_VEH,2026_06_20_merged.mat,OF1,1,9323,9323,466.1000000000001,466.1000000000001
R006,VEH,T1_SD_VEH,2026_06_20_merged.mat,OF1,1,9324,9324,466.1500000000001,466.1500000000001
R006,VEH,T1_SD_VEH,2026_06_20_merged.mat,OF1,1,9385,9385,469.20000000000005,469.20000000000005
R006,VEH,T1_SD_VEH,2026_06_20_merged.mat,OF1,1,9396,9396,469.7500000000001,469.7500000000001
R006,VEH,T1_SD_VEH,2026_06_20_merged.mat,OF1,1,9397,9397,469.80000000000007,469.80000000000007
R006,VEH,T1_SD_VEH,2026_06_20_merged.mat,OF1,2,9404,9404,470.1500000000001,470.1500000000001
R006,VEH,T1_SD_VEH,2026_06_20_merged.mat,OF1,2,9405,9405,470.20000000000005,470.20000000000005
R006,VEH,T1_SD_VEH,2026_06_20_merged.mat,OF1,2,9406,9406,470.2500000000001,470.2500000000001
R006,VEH,T1_SD_VEH,2026_06_20_merged.mat,OF1,2,9444,9444,472.1500000000001,472.1500000000001
R006,VEH,T1_SD_VEH,2026_06_20_merged.mat,OF1,2,9446,9446,472.2500000000001,472.2500000000001
R006,VEH,T1_SD_VEH,2026_06_20_merged.mat,OF1,2,9447,9447,472.30000000000007,472.30000000000007
R006,VEH,T1_SD_VEH,2026_06_20_merged.mat,OF1,2,9448,9448,472.3500000000001,472.3500000000001
R006,VEH,T1_SD_VEH,2026_06_20_merged.mat,OF1,2,9485,9485,474.20000000000005,474.20000000000005
R006,VEH,T1_SD_VEH,2026_06_20_merged.mat,OF1,2,9486,9486,474.2500000000001,474.2500000000001
R006,VEH,T1_SD_VEH,2026_06_20_merged.mat,OF1,1,9554,9554,477.6500000000001,477.6500000000001
R006,VEH,T1_SD_VEH,2026_06_20_merged.mat,OF1,1,9555,9555,477.70000000000005,477.70000000000005
R006,VEH,T1_SD_VEH,2026_06_20_merged.mat,OF1,1,9556,9556,477.7500000000001,477.7500000000001
R006,VEH,T1_SD_VEH,2026_06_20_merged.mat,OF1,1,9568,9568,478.3500000000001,478.3500000000001
R006,VEH,T1_SD_VEH,2026_06_20_merged.mat,OF1,1,9569,9569,478.4000000000001,478.4000000000001
R006,VEH,T1_SD_VEH,2026_06_20_merged.mat,OF1,1,9570,9570,478.45000000000005,478.45000000000005
R006,VEH,T1_SD_VEH,2026_06_20_merged.mat,OF1,1,9577,9577,478.80000000000007,478.80000000000007
R006,VEH,T1_SD_VEH,2026_06_20_merged.mat,OF1,1,9578,9578,478.8500000000001,478.8500000000001
R006,VEH,T1_SD_VEH,2026_06_20_merged.mat,OF1,1,9579,9579,478.9000000000001,478.9000000000001
R006,VEH,T1_SD_VEH,2026_06_20_merged.mat,OF1,1,9580,9580,478.95000000000005,478.95000000000005
R006,VEH,T1_SD_VEH,2026_06_20_merged.mat,OF1,1,9581,9581,479.0000000000001,479.0000000000001
R006,VEH,T1_SD_VEH,2026_06_20_merged.mat,OF1,1,9582,9582,479.05000000000007,479.05000000000007
R006,VEH,T1_SD_VEH,2026_06_20_merged.mat,OF1,1,9603,9603,480.1000000000001,480.1000000000001
R006,VEH,T1_SD_VEH,2026_06_20_merged.mat,OF1,1,9604,9604,480.1500000000001,480.1500000000001
R006,VEH,T1_SD_VEH,2026_06_20_merged.mat,OF1,1,9605,9605,480.20000000000005,480.20000000000005
R006,VEH,T1_SD_VEH,2026_06_20_merged.mat,OF1,1,9606,9606,480.2500000000001,480.2500000000001
R006,VEH,T1_SD_VEH,2026_06_20_merged.mat,OF1,1,9672,9672,483.55000000000007,483.55000000000007
R006,VEH,T1_SD_VEH,2026_06_20_merged.mat,OF1,2,9693,9693,484.6000000000001,484.6000000000001
R006,VEH,T1_SD_VEH,2026_06_20_merged.mat,OF1,2,9694,9694,484.6500000000001,484.6500000000001
R006,VEH,T1_SD_VEH,2026_06_20_merged.mat,OF1,2,9695,9695,484.70000000000005,484.70000000000005
R006,VEH,T1_SD_VEH,2026_06_20_merged.mat,OF1,2,9704,9704,485.1500000000001,485.1500000000001
R006,VEH,T1_SD_VEH,2026_06_20_merged.mat,OF1,2,9705,9705,485.20000000000005,485.20000000000005
R006,VEH,T1_SD_VEH,2026_06_20_merged.mat,OF1,2,9706,9706,485.2500000000001,485.2500000000001
R006,VEH,T1_SD_VEH,2026_06_20_merged.mat,OF1,1,9766,9766,488.2500000000001,488.2500000000001
R006,VEH,T1_SD_VEH,2026_06_20_merged.mat,OF1,1,9767,9767,488.30000000000007,488.30000000000007
R006,VEH,T1_SD_VEH,2026_06_20_merged.mat,OF1,1,9794,9794,489.6500000000001,489.6500000000001
R006,VEH,T1_SD_VEH,2026_06_20_merged.mat,OF1,1,9795,9795,489.70000000000005,489.70000000000005
R006,VEH,T1_SD_VEH,2026_06_20_merged.mat,OF1,2,9812,9812,490.55000000000007,490.55000000000007
R006,VEH,T1_SD_VEH,2026_06_20_merged.mat,OF1,2,9813,9813,490.6000000000001,490.6000000000001
R006,VEH,T1_SD_VEH,2026_06_20_merged.mat,OF1,1,9878,9878,493.8500000000001,493.8500000000001
R006,VEH,T1_SD_VEH,2026_06_20_merged.mat,OF1,1,9879,9879,493.9000000000001,493.9000000000001
R006,VEH,T1_SD_VEH,2026_06_20_merged.mat,OF1,1,9880,9880,493.95000000000005,493.95000000000005
R006,VEH,T1_SD_VEH,2026_06_20_merged.mat,OF1,1,9881,9881,494.0000000000001,494.0000000000001
R006,VEH,T1_SD_VEH,2026_06_20_merged.mat,OF1,1,9882,9882,494.05000000000007,494.05000000000007
R006,VEH,T1_SD_VEH,2026_06_20_merged.mat,OF1,1,9883,9883,494.1000000000001,494.1000000000001
R006,VEH,T1_SD_VEH,2026_06_20_merged.mat,OF1,2,9926,9926,496.2500000000001,496.2500000000001
R006,VEH,T1_SD_VEH,2026_06_20_merged.mat,OF1,2,9927,9927,496.30000000000007,496.30000000000007
R006,VEH,T1_SD_VEH,2026_06_20_merged.mat,OF1,2,9928,9928,496.3500000000001,496.3500000000001
R006,VEH,T1_SD_VEH,2026_06_20_merged.mat,OF1,2,9929,9929,496.4000000000001,496.4000000000001
R006,VEH,T1_SD_VEH,2026_06_20_merged.mat,OF1,2,9930,9930,496.45000000000005,496.45000000000005
R006,VEH,T1_SD_VEH,2026_06_20_merged.mat,OF1,2,9931,9931,496.5000000000001,496.5000000000001
R006,VEH,T1_SD_VEH,2026_06_20_merged.mat,OF1,1,9975,9975,498.70000000000005,498.70000000000005
R006,VEH,T1_SD_VEH,2026_06_20_merged.mat,OF1,1,9976,9976,498.7500000000001,498.7500000000001
R006,VEH,T1_SD_VEH,2026_06_20_merged.mat,OF1,1,10016,10016,500.7500000000001,500.7500000000001
R006,VEH,T1_SD_VEH,2026_06_20_merged.mat,OF1,2,10034,10034,501.6500000000001,501.6500000000001
R006,VEH,T1_SD_VEH,2026_06_20_merged.mat,OF1,2,10035,10035,501.70000000000005,501.70000000000005
R006,VEH,T1_SD_VEH,2026_06_20_merged.mat,OF1,1,10052,10052,502.55000000000007,502.55000000000007
R006,VEH,T1_SD_VEH,2026_06_20_merged.mat,OF1,1,10053,10053,502.6000000000001,502.6000000000001
R006,VEH,T1_SD_VEH,2026_06_20_merged.mat,OF1,1,10054,10054,502.6500000000001,502.6500000000001
R006,VEH,T1_SD_VEH,2026_06_20_merged.mat,OF1,1,10055,10055,502.70000000000005,502.70000000000005
R006,VEH,T1_SD_VEH,2026_06_20_merged.mat,OF1,1,10056,10056,502.7500000000001,502.7500000000001
R006,VEH,T1_SD_VEH,2026_06_20_merged.mat,OF1,1,10057,10057,502.80000000000007,502.80000000000007
R006,VEH,T1_SD_VEH,2026_06_20_merged.mat,OF1,2,10072,10072,503.55000000000007,503.55000000000007
R006,VEH,T1_SD_VEH,2026_06_20_merged.mat,OF1,2,10073,10073,503.6000000000001,503.6000000000001
R006,VEH,T1_SD_VEH,2026_06_20_merged.mat,OF1,1,10079,10079,503.9000000000001,503.9000000000001
R006,VEH,T1_SD_VEH,2026_06_20_merged.mat,OF1,1,10098,10098,504.8500000000001,504.8500000000001
R006,VEH,T1_SD_VEH,2026_06_20_merged.mat,OF1,1,10099,10099,504.9000000000001,504.9000000000001
R006,VEH,T1_SD_VEH,2026_06_20_merged.mat,OF1,1,10100,10100,504.95000000000005,504.95000000000005
R006,VEH,T1_SD_VEH,2026_06_20_merged.mat,OF1,1,10101,10101,505.0000000000001,505.0000000000001
R006,VEH,T1_SD_VEH,2026_06_20_merged.mat,OF1,1,10102,10102,505.05000000000007,505.05000000000007
R006,VEH,T1_SD_VEH,2026_06_20_merged.mat,OF1,2,10117,10117,505.80000000000007,505.80000000000007
R006,VEH,T1_SD_VEH,2026_06_20_merged.mat,OF1,2,10118,10118,505.8500000000001,505.8500000000001
R006,VEH,T1_SD_VEH,2026_06_20_merged.mat,OF1,2,10119,10119,505.9000000000001,505.9000000000001
R006,VEH,T1_SD_VEH,2026_06_20_merged.mat,OF1,2,10120,10120,505.95000000000005,505.95000000000005
R006,VEH,T1_SD_VEH,2026_06_20_merged.mat,OF1,2,10140,10140,506.95000000000005,506.95000000000005
R006,VEH,T1_SD_VEH,2026_06_20_merged.mat,OF1,2,10141,10141,507.0000000000001,507.0000000000001
R006,VEH,T1_SD_VEH,2026_06_20_merged.mat,OF1,2,10142,10142,507.05000000000007,507.05000000000007
R006,VEH,T1_SD_VEH,2026_06_20_merged.mat,OF1,2,10157,10157,507.80000000000007,507.80000000000007
R006,VEH,T1_SD_VEH,2026_06_20_merged.mat,OF1,2,10159,10159,507.9000000000001,507.9000000000001
R006,VEH,T1_SD_VEH,2026_06_20_merged.mat,OF1,2,10160,10160,507.95000000000005,507.95000000000005
R006,VEH,T1_SD_VEH,2026_06_20_merged.mat,OF1,2,10161,10161,508.0000000000001,508.0000000000001
R006,VEH,T1_SD_VEH,2026_06_20_merged.mat,OF1,1,10179,10179,508.9000000000001,508.9000000000001
R006,VEH,T1_SD_VEH,2026_06_20_merged.mat,OF1,1,10200,10200,509.95000000000005,509.95000000000005
R006,VEH,T1_SD_VEH,2026_06_20_merged.mat,OF1,1,10201,10201,510.0000000000001,510.0000000000001
R006,VEH,T1_SD_VEH,2026_06_20_merged.mat,OF1,2,10209,10209,510.4000000000001,510.4000000000001
R006,VEH,T1_SD_VEH,2026_06_20_merged.mat,OF1,2,10210,10210,510.45000000000005,510.45000000000005
R006,VEH,T1_SD_VEH,2026_06_20_merged.mat,OF1,2,10211,10211,510.5000000000001,510.5000000000001
R006,VEH,T1_SD_VEH,2026_06_20_merged.mat,OF1,2,10212,10212,510.55000000000007,510.55000000000007
R006,VEH,T1_SD_VEH,2026_06_20_merged.mat,OF1,1,10231,10231,511.5000000000001,511.5000000000001
R006,VEH,T1_SD_VEH,2026_06_20_merged.mat,OF1,1,10232,10232,511.55000000000007,511.55000000000007
R006,VEH,T1_SD_VEH,2026_06_20_merged.mat,OF1,1,10233,10233,511.6000000000001,511.6000000000001
R006,VEH,T1_SD_VEH,2026_06_20_merged.mat,OF1,1,10255,10255,512.7,512.7
R006,VEH,T1_SD_VEH,2026_06_20_merged.mat,OF1,1,10256,10256,512.7500000000001,512.7500000000001
R006,VEH,T1_SD_VEH,2026_06_20_merged.mat,OF1,1,10257,10257,512.8000000000001,512.8000000000001
R006,VEH,T1_SD_VEH,2026_06_20_merged.mat,OF1,1,10258,10258,512.8500000000001,512.8500000000001
R006,VEH,T1_SD_VEH,2026_06_20_merged.mat,OF1,2,10275,10275,513.7,513.7
R006,VEH,T1_SD_VEH,2026_06_20_merged.mat,OF1,2,10276,10276,513.7500000000001,513.7500000000001
R006,VEH,T1_SD_VEH,2026_06_20_merged.mat,OF1,2,10277,10277,513.8000000000001,513.8000000000001
R006,VEH,T1_SD_VEH,2026_06_20_merged.mat,OF1,2,10278,10278,513.8500000000001,513.8500000000001
R006,VEH,T1_SD_VEH,2026_06_20_merged.mat,OF1,2,10279,10279,513.9000000000001,513.9000000000001
R006,VEH,T1_SD_VEH,2026_06_20_merged.mat,OF1,2,10295,10295,514.7,514.7
R006,VEH,T1_SD_VEH,2026_06_20_merged.mat,OF1,2,10296,10296,514.7500000000001,514.7500000000001
R006,VEH,T1_SD_VEH,2026_06_20_merged.mat,OF1,1,10313,10313,515.6000000000001,515.6000000000001
R006,VEH,T1_SD_VEH,2026_06_20_merged.mat,OF1,1,10314,10314,515.6500000000001,515.6500000000001
R006,VEH,T1_SD_VEH,2026_06_20_merged.mat,OF1,1,10315,10315,515.7,515.7
R006,VEH,T1_SD_VEH,2026_06_20_merged.mat,OF1,2,10385,10385,519.2,519.2
R006,VEH,T1_SD_VEH,2026_06_20_merged.mat,OF1,1,10395,10395,519.7,519.7
R006,VEH,T1_SD_VEH,2026_06_20_merged.mat,OF1,1,10396,10396,519.7500000000001,519.7500000000001
R006,VEH,T1_SD_VEH,2026_06_20_merged.mat,OF1,1,10397,10397,519.8000000000001,519.8000000000001
R006,VEH,T1_SD_VEH,2026_06_20_merged.mat,OF1,1,10398,10398,519.8500000000001,519.8500000000001
R006,VEH,T1_SD_VEH,2026_06_20_merged.mat,OF1,2,10426,10426,521.2500000000001,521.2500000000001
R006,VEH,T1_SD_VEH,2026_06_20_merged.mat,OF1,2,10427,10427,521.3000000000001,521.3000000000001
R006,VEH,T1_SD_VEH,2026_06_20_merged.mat,OF1,2,10428,10428,521.3500000000001,521.3500000000001
R006,VEH,T1_SD_VEH,2026_06_20_merged.mat,OF1,2,10429,10429,521.4000000000001,521.4000000000001
R006,VEH,T1_SD_VEH,2026_06_20_merged.mat,OF1,2,10506,10506,525.2500000000001,525.2500000000001
R006,VEH,T1_SD_VEH,2026_06_20_merged.mat,OF1,2,10507,10507,525.3000000000001,525.3000000000001
R006,VEH,T1_SD_VEH,2026_06_20_merged.mat,OF1,2,10508,10508,525.3500000000001,525.3500000000001
R006,VEH,T1_SD_VEH,2026_06_20_merged.mat,OF1,2,10509,10509,525.4000000000001,525.4000000000001
R006,VEH,T1_SD_VEH,2026_06_20_merged.mat,OF1,2,10547,10547,527.3000000000001,527.3000000000001
R006,VEH,T1_SD_VEH,2026_06_20_merged.mat,OF1,2,10548,10548,527.3500000000001,527.3500000000001
R006,VEH,T1_SD_VEH,2026_06_20_merged.mat,OF1,2,10549,10549,527.4000000000001,527.4000000000001
R006,VEH,T1_SD_VEH,2026_06_20_merged.mat,OF1,2,10550,10550,527.45,527.45
R006,VEH,T1_SD_VEH,2026_06_20_merged.mat,OF1,2,10551,10551,527.5000000000001,527.5000000000001
R006,VEH,T1_SD_VEH,2026_06_20_merged.mat,OF1,1,10582,10582,529.0500000000001,529.0500000000001
R006,VEH,T1_SD_VEH,2026_06_20_merged.mat,OF1,1,10583,10583,529.1000000000001,529.1000000000001
R006,VEH,T1_SD_VEH,2026_06_20_merged.mat,OF1,1,10598,10598,529.8500000000001,529.8500000000001
R006,VEH,T1_SD_VEH,2026_06_20_merged.mat,OF1,1,10611,10611,530.5000000000001,530.5000000000001
R006,VEH,T1_SD_VEH,2026_06_20_merged.mat,OF1,1,10612,10612,530.5500000000001,530.5500000000001
R006,VEH,T1_SD_VEH,2026_06_20_merged.mat,OF1,2,10620,10620,530.95,530.95
R006,VEH,T1_SD_VEH,2026_06_20_merged.mat,OF1,2,10621,10621,531.0000000000001,531.0000000000001
R006,VEH,T1_SD_VEH,2026_06_20_merged.mat,OF1,2,10622,10622,531.0500000000001,531.0500000000001
R006,VEH,T1_SD_VEH,2026_06_20_merged.mat,OF1,2,10623,10623,531.1000000000001,531.1000000000001
R006,VEH,T1_SD_VEH,2026_06_20_merged.mat,OF1,2,10624,10624,531.1500000000001,531.1500000000001
R006,VEH,T1_SD_VEH,2026_06_20_merged.mat,OF1,2,10648,10648,532.3500000000001,532.3500000000001
R006,VEH,T1_SD_VEH,2026_06_20_merged.mat,OF1,2,10649,10649,532.4000000000001,532.4000000000001
R006,VEH,T1_SD_VEH,2026_06_20_merged.mat,OF1,2,10650,10650,532.45,532.45
R006,VEH,T1_SD_VEH,2026_06_20_merged.mat,OF1,2,10651,10651,532.5000000000001,532.5000000000001
R006,VEH,T1_SD_VEH,2026_06_20_merged.mat,OF1,1,10665,10665,533.2,533.2
R006,VEH,T1_SD_VEH,2026_06_20_merged.mat,OF1,1,10666,10666,533.2500000000001,533.2500000000001
R006,VEH,T1_SD_VEH,2026_06_20_merged.mat,OF1,1,10667,10667,533.3000000000001,533.3000000000001
R006,VEH,T1_SD_VEH,2026_06_20_merged.mat,OF1,1,10668,10668,533.3500000000001,533.3500000000001
R006,VEH,T1_SD_VEH,2026_06_20_merged.mat,OF1,1,10678,10678,533.8500000000001,533.8500000000001
R006,VEH,T1_SD_VEH,2026_06_20_merged.mat,OF1,1,10798,10798,539.8500000000001,539.8500000000001
R006,VEH,T1_SD_VEH,2026_06_20_merged.mat,OF1,1,10799,10799,539.9000000000001,539.9000000000001
R006,VEH,T1_SD_VEH,2026_06_20_merged.mat,OF1,1,10800,10800,539.95,539.95
R006,VEH,T1_SD_VEH,2026_06_20_merged.mat,OF1,2,10813,10813,540.6000000000001,540.6000000000001
R006,VEH,T1_SD_VEH,2026_06_20_merged.mat,OF1,2,10814,10814,540.6500000000001,540.6500000000001
R006,VEH,T1_SD_VEH,2026_06_20_merged.mat,OF1,2,10815,10815,540.7,540.7
R006,VEH,T1_SD_VEH,2026_06_20_merged.mat,OF1,1,10823,10823,541.1000000000001,541.1000000000001
R006,VEH,T1_SD_VEH,2026_06_20_merged.mat,OF1,1,10829,10829,541.4000000000001,541.4000000000001
R006,VEH,T1_SD_VEH,2026_06_20_merged.mat,OF1,1,10830,10830,541.45,541.45
R006,VEH,T1_SD_VEH,2026_06_20_merged.mat,OF1,1,10831,10831,541.5000000000001,541.5000000000001
R006,VEH,T1_SD_VEH,2026_06_20_merged.mat,OF1,1,10832,10832,541.5500000000001,541.5500000000001
R006,VEH,T1_SD_VEH,2026_06_20_merged.mat,OF1,1,10861,10861,543.0000000000001,543.0000000000001
R006,VEH,T1_SD_VEH,2026_06_20_merged.mat,OF1,1,10862,10862,543.0500000000001,543.0500000000001
R006,VEH,T1_SD_VEH,2026_06_20_merged.mat,OF1,1,10863,10863,543.1000000000001,543.1000000000001
R006,VEH,T1_SD_VEH,2026_06_20_merged.mat,OF1,1,10864,10864,543.1500000000001,543.1500000000001
R006,VEH,T1_SD_VEH,2026_06_20_merged.mat,OF1,1,10865,10865,543.2,543.2
R006,VEH,T1_SD_VEH,2026_06_20_merged.mat,OF1,2,10880,10880,543.95,543.95
R006,VEH,T1_SD_VEH,2026_06_20_merged.mat,OF1,2,10881,10881,544.0000000000001,544.0000000000001
R006,VEH,T1_SD_VEH,2026_06_20_merged.mat,OF1,2,10882,10882,544.0500000000001,544.0500000000001
R006,VEH,T1_SD_VEH,2026_06_20_merged.mat,OF1,2,10883,10883,544.1000000000001,544.1000000000001
R006,VEH,T1_SD_VEH,2026_06_20_merged.mat,OF1,2,10884,10884,544.1500000000001,544.1500000000001
R006,VEH,T1_SD_VEH,2026_06_20_merged.mat,OF1,2,10885,10885,544.2,544.2
R006,VEH,T1_SD_VEH,2026_06_20_merged.mat,OF1,1,10895,10895,544.7,544.7
R006,VEH,T1_SD_VEH,2026_06_20_merged.mat,OF1,1,10928,10928,546.3500000000001,546.3500000000001
R006,VEH,T1_SD_VEH,2026_06_20_merged.mat,OF1,1,10949,10949,547.4000000000001,547.4000000000001
R006,VEH,T1_SD_VEH,2026_06_20_merged.mat,OF1,1,10950,10950,547.45,547.45
R006,VEH,T1_SD_VEH,2026_06_20_merged.mat,OF1,2,10990,10990,549.45,549.45
R006,VEH,T1_SD_VEH,2026_06_20_merged.mat,OF1,2,10991,10991,549.5000000000001,549.5000000000001
R006,VEH,T1_SD_VEH,2026_06_20_merged.mat,OF1,2,10992,10992,549.5500000000001,549.5500000000001
R006,VEH,T1_SD_VEH,2026_06_20_merged.mat,OF1,2,10993,10993,549.6000000000001,549.6000000000001
R006,VEH,T1_SD_VEH,2026_06_20_merged.mat,OF1,2,10994,10994,549.6500000000001,549.6500000000001
R006,VEH,T1_SD_VEH,2026_06_20_merged.mat,OF1,1,11020,11020,550.95,550.95
R006,VEH,T1_SD_VEH,2026_06_20_merged.mat,OF1,1,11021,11021,551.0000000000001,551.0000000000001
R006,VEH,T1_SD_VEH,2026_06_20_merged.mat,OF1,1,11022,11022,551.0500000000001,551.0500000000001
R006,VEH,T1_SD_VEH,2026_06_20_merged.mat,OF1,1,11023,11023,551.1000000000001,551.1000000000001
R006,VEH,T1_SD_VEH,2026_06_20_merged.mat,OF1,1,11048,11048,552.3500000000001,552.3500000000001
R006,VEH,T1_SD_VEH,2026_06_20_merged.mat,OF1,1,11049,11049,552.4000000000001,552.4000000000001
R006,VEH,T1_SD_VEH,2026_06_20_merged.mat,OF1,1,11050,11050,552.45,552.45
R006,VEH,T1_SD_VEH,2026_06_20_merged.mat,OF1,2,11058,11058,552.8500000000001,552.8500000000001
R006,VEH,T1_SD_VEH,2026_06_20_merged.mat,OF1,2,11059,11059,552.9000000000001,552.9000000000001
R006,VEH,T1_SD_VEH,2026_06_20_merged.mat,OF1,2,11060,11060,552.95,552.95
R006,VEH,T1_SD_VEH,2026_06_20_merged.mat,OF1,2,11061,11061,553.0000000000001,553.0000000000001
R006,VEH,T1_SD_VEH,2026_06_20_merged.mat,OF1,1,11081,11081,554.0000000000001,554.0000000000001
R006,VEH,T1_SD_VEH,2026_06_20_merged.mat,OF1,1,11082,11082,554.0500000000001,554.0500000000001
R006,VEH,T1_SD_VEH,2026_06_20_merged.mat,OF1,1,11083,11083,554.1000000000001,554.1000000000001
R006,VEH,T1_SD_VEH,2026_06_20_merged.mat,OF1,1,11084,11084,554.1500000000001,554.1500000000001
R006,VEH,T1_SD_VEH,2026_06_20_merged.mat,OF1,1,11085,11085,554.2,554.2
R006,VEH,T1_SD_VEH,2026_06_20_merged.mat,OF1,1,11133,11133,556.6000000000001,556.6000000000001
R006,VEH,T1_SD_VEH,2026_06_20_merged.mat,OF1,1,11134,11134,556.6500000000001,556.6500000000001
R006,VEH,T1_SD_VEH,2026_06_20_merged.mat,OF1,1,11135,11135,556.7,556.7
R006,VEH,T1_SD_VEH,2026_06_20_merged.mat,OF1,1,11155,11155,557.7,557.7
R006,VEH,T1_SD_VEH,2026_06_20_merged.mat,OF1,1,11156,11156,557.7500000000001,557.7500000000001
R006,VEH,T1_SD_VEH,2026_06_20_merged.mat,OF1,1,11157,11157,557.8000000000001,557.8000000000001
R006,VEH,T1_SD_VEH,2026_06_20_merged.mat,OF1,1,11182,11182,559.0500000000001,559.0500000000001
R006,VEH,T1_SD_VEH,2026_06_20_merged.mat,OF1,1,11183,11183,559.1000000000001,559.1000000000001
R006,VEH,T1_SD_VEH,2026_06_20_merged.mat,OF1,1,11184,11184,559.1500000000001,559.1500000000001
R006,VEH,T1_SD_VEH,2026_06_20_merged.mat,OF1,1,11185,11185,559.2,559.2
R006,VEH,T1_SD_VEH,2026_06_20_merged.mat,OF1,1,11186,11186,559.2500000000001,559.2500000000001
R006,VEH,T1_SD_VEH,2026_06_20_merged.mat,OF1,2,11200,11200,559.95,559.95
R006,VEH,T1_SD_VEH,2026_06_20_merged.mat,OF1,2,11201,11201,560.0000000000001,560.0000000000001
R006,VEH,T1_SD_VEH,2026_06_20_merged.mat,OF1,2,11202,11202,560.0500000000001,560.0500000000001
R006,VEH,T1_SD_VEH,2026_06_20_merged.mat,OF1,2,11203,11203,560.1000000000001,560.1000000000001
R006,VEH,T1_SD_VEH,2026_06_20_merged.mat,OF1,2,11204,11204,560.1500000000001,560.1500000000001
R006,VEH,T1_SD_VEH,2026_06_20_merged.mat,OF1,2,11334,11334,566.6500000000001,566.6500000000001
R006,VEH,T1_SD_VEH,2026_06_20_merged.mat,OF1,2,11335,11335,566.7,566.7
R006,VEH,T1_SD_VEH,2026_06_20_merged.mat,OF1,2,11336,11336,566.7500000000001,566.7500000000001
R006,VEH,T1_SD_VEH,2026_06_20_merged.mat,OF1,1,11347,11347,567.3000000000001,567.3000000000001
R006,VEH,T1_SD_VEH,2026_06_20_merged.mat,OF1,1,11348,11348,567.3500000000001,567.3500000000001
R006,VEH,T1_SD_VEH,2026_06_20_merged.mat,OF1,1,11349,11349,567.4000000000001,567.4000000000001
R006,VEH,T1_SD_VEH,2026_06_20_merged.mat,OF1,1,11350,11350,567.45,567.45
R006,VEH,T1_SD_VEH,2026_06_20_merged.mat,OF1,1,11362,11362,568.0500000000001,568.0500000000001
R006,VEH,T1_SD_VEH,2026_06_20_merged.mat,OF1,1,11363,11363,568.1000000000001,568.1000000000001
R006,VEH,T1_SD_VEH,2026_06_20_merged.mat,OF1,1,11364,11364,568.1500000000001,568.1500000000001
R006,VEH,T1_SD_VEH,2026_06_20_merged.mat,OF1,1,11365,11365,568.2,568.2
R006,VEH,T1_SD_VEH,2026_06_20_merged.mat,OF1,1,11376,11376,568.7500000000001,568.7500000000001
R006,VEH,T1_SD_VEH,2026_06_20_merged.mat,OF1,2,11385,11385,569.2,569.2
R006,VEH,T1_SD_VEH,2026_06_20_merged.mat,OF1,2,11386,11386,569.2500000000001,569.2500000000001
R006,VEH,T1_SD_VEH,2026_06_20_merged.mat,OF1,2,11387,11387,569.3000000000001,569.3000000000001
R006,VEH,T1_SD_VEH,2026_06_20_merged.mat,OF1,2,11410,11410,570.45,570.45
R006,VEH,T1_SD_VEH,2026_06_20_merged.mat,OF1,1,11444,11444,572.1500000000001,572.1500000000001
R006,VEH,T1_SD_VEH,2026_06_20_merged.mat,OF1,1,11445,11445,572.2,572.2
R006,VEH,T1_SD_VEH,2026_06_20_merged.mat,OF1,1,11446,11446,572.2500000000001,572.2500000000001
R006,VEH,T1_SD_VEH,2026_06_20_merged.mat,OF1,1,11447,11447,572.3000000000001,572.3000000000001
R006,VEH,T1_SD_VEH,2026_06_20_merged.mat,OF1,1,11448,11448,572.3500000000001,572.3500000000001
R006,VEH,T1_SD_VEH,2026_06_20_merged.mat,OF1,2,11472,11472,573.5500000000001,573.5500000000001
R006,VEH,T1_SD_VEH,2026_06_20_merged.mat,OF1,2,11473,11473,573.6000000000001,573.6000000000001
R006,VEH,T1_SD_VEH,2026_06_20_merged.mat,OF1,2,11474,11474,573.6500000000001,573.6500000000001
R006,VEH,T1_SD_VEH,2026_06_20_merged.mat,OF1,2,11475,11475,573.7,573.7
R006,VEH,T1_SD_VEH,2026_06_20_merged.mat,OF1,2,11476,11476,573.7500000000001,573.7500000000001
R006,VEH,T1_SD_VEH,2026_06_20_merged.mat,OF1,2,11477,11477,573.8000000000001,573.8000000000001
R006,VEH,T1_SD_VEH,2026_06_20_merged.mat,OF1,2,11478,11478,573.8500000000001,573.8500000000001
R006,VEH,T1_SD_VEH,2026_06_20_merged.mat,OF1,2,11479,11479,573.9000000000001,573.9000000000001
R006,VEH,T1_SD_VEH,2026_06_20_merged.mat,OF1,1,11483,11483,574.1000000000001,574.1000000000001
R006,VEH,T1_SD_VEH,2026_06_20_merged.mat,OF1,1,11484,11484,574.1500000000001,574.1500000000001
R006,VEH,T1_SD_VEH,2026_06_20_merged.mat,OF1,2,11490,11490,574.45,574.45
R006,VEH,T1_SD_VEH,2026_06_20_merged.mat,OF1,2,11513,11513,575.6000000000001,575.6000000000001
R006,VEH,T1_SD_VEH,2026_06_20_merged.mat,OF1,2,11514,11514,575.6500000000001,575.6500000000001
R006,VEH,T1_SD_VEH,2026_06_20_merged.mat,OF1,2,11515,11515,575.7,575.7
R006,VEH,T1_SD_VEH,2026_06_20_merged.mat,OF1,2,11516,11516,575.7500000000001,575.7500000000001
R006,VEH,T1_SD_VEH,2026_06_20_merged.mat,OF1,2,11517,11517,575.8000000000001,575.8000000000001
R006,VEH,T1_SD_VEH,2026_06_20_merged.mat,OF1,2,11527,11527,576.3000000000001,576.3000000000001
R006,VEH,T1_SD_VEH,2026_06_20_merged.mat,OF1,2,11528,11528,576.3500000000001,576.3500000000001
R006,VEH,T1_SD_VEH,2026_06_20_merged.mat,OF1,2,11540,11540,576.95,576.95
R006,VEH,T1_SD_VEH,2026_06_20_merged.mat,OF1,2,11541,11541,577.0000000000001,577.0000000000001
R006,VEH,T1_SD_VEH,2026_06_20_merged.mat,OF1,2,11542,11542,577.0500000000001,577.0500000000001
R006,VEH,T1_SD_VEH,2026_06_20_merged.mat,OF1,1,11590,11590,579.45,579.45
R006,VEH,T1_SD_VEH,2026_06_20_merged.mat,OF1,1,11591,11591,579.5000000000001,579.5000000000001
R006,VEH,T1_SD_VEH,2026_06_20_merged.mat,OF1,1,11592,11592,579.5500000000001,579.5500000000001
R006,VEH,T1_SD_VEH,2026_06_20_merged.mat,OF1,2,11610,11610,580.45,580.45
R006,VEH,T1_SD_VEH,2026_06_20_merged.mat,OF1,2,11611,11611,580.5000000000001,580.5000000000001
R006,VEH,T1_SD_VEH,2026_06_20_merged.mat,OF1,2,11612,11612,580.5500000000001,580.5500000000001
R006,VEH,T1_SD_VEH,2026_06_20_merged.mat,OF1,2,11632,11632,581.5500000000001,581.5500000000001
R006,VEH,T1_SD_VEH,2026_06_20_merged.mat,OF1,2,11633,11633,581.6000000000001,581.6000000000001
R006,VEH,T1_SD_VEH,2026_06_20_merged.mat,OF1,1,11676,11676,583.7500000000001,583.7500000000001
R006,VEH,T1_SD_VEH,2026_06_20_merged.mat,OF1,2,11704,11704,585.1500000000001,585.1500000000001
R006,VEH,T1_SD_VEH,2026_06_20_merged.mat,OF1,1,11723,11723,586.1000000000001,586.1000000000001
R006,VEH,T1_SD_VEH,2026_06_20_merged.mat,OF1,1,11724,11724,586.1500000000001,586.1500000000001
R006,VEH,T1_SD_VEH,2026_06_20_merged.mat,OF1,2,11742,11742,587.0500000000001,587.0500000000001
R006,VEH,T1_SD_VEH,2026_06_20_merged.mat,OF1,2,11743,11743,587.1000000000001,587.1000000000001
R006,VEH,T1_SD_VEH,2026_06_20_merged.mat,OF1,2,11744,11744,587.1500000000001,587.1500000000001
R006,VEH,T1_SD_VEH,2026_06_20_merged.mat,OF1,2,11745,11745,587.2,587.2
R006,VEH,T1_SD_VEH,2026_06_20_merged.mat,OF1,2,11852,11852,592.5500000000001,592.5500000000001
R006,VEH,T1_SD_VEH,2026_06_20_merged.mat,OF1,2,11853,11853,592.6000000000001,592.6000000000001
R006,VEH,T1_SD_VEH,2026_06_20_merged.mat,OF1,2,11854,11854,592.6500000000001,592.6500000000001
R006,VEH,T1_SD_VEH,2026_06_20_merged.mat,OF1,2,11855,11855,592.7,592.7
R006,VEH,T1_SD_VEH,2026_06_20_merged.mat,OF1,1,11873,11873,593.6000000000001,593.6000000000001
R006,VEH,T1_SD_VEH,2026_06_20_merged.mat,OF1,1,11874,11874,593.6500000000001,593.6500000000001
R006,VEH,T1_SD_VEH,2026_06_20_merged.mat,OF1,1,11875,11875,593.7,593.7
R006,VEH,T1_SD_VEH,2026_06_20_merged.mat,OF1,1,11939,11939,596.9000000000001,596.9000000000001
R006,VEH,T1_SD_VEH,2026_06_20_merged.mat,OF1,1,11950,11950,597.45,597.45
R006,VEH,T1_SD_VEH,2026_06_20_merged.mat,OF1,1,11951,11951,597.5000000000001,597.5000000000001
R006,VEH,T1_SD_VEH,2026_06_20_merged.mat,OF1,1,11962,11962,598.0500000000001,598.0500000000001
R006,VEH,T1_SD_VEH,2026_06_20_merged.mat,OF1,2,12006,12006,600.2500000000001,600.2500000000001
R006,VEH,T1_SD_VEH,2026_06_20_merged.mat,OF1,2,12007,12007,600.3000000000001,600.3000000000001
R006,VEH,T1_SD_VEH,2026_06_20_merged.mat,OF1,2,12008,12008,600.3500000000001,600.3500000000001
R006,VEH,T1_SD_VEH,2026_06_20_merged.mat,OF1,2,12009,12009,600.4000000000001,600.4000000000001
R006,VEH,T1_SD_VEH,2026_06_20_merged.mat,OF1,2,12010,12010,600.45,600.45
R006,VEH,T1_SD_VEH,2026_06_20_merged.mat,OF1,2,12011,12011,600.5000000000001,600.5000000000001
R006,VEH,T1_SD_VEH,2026_06_20_merged.mat,OF1,2,12020,12020,600.95,600.95
R006,VEH,T1_SD_VEH,2026_06_20_merged.mat,OF1,1,12072,12072,603.5500000000001,603.5500000000001
R006,VEH,T1_SD_VEH,2026_06_20_merged.mat,OF1,1,12073,12073,603.6000000000001,603.6000000000001
R006,VEH,T1_SD_VEH,2026_06_20_merged.mat,OF1,1,12074,12074,603.6500000000001,603.6500000000001
R006,VEH,T1_SD_VEH,2026_06_20_merged.mat,OF1,1,12088,12088,604.3500000000001,604.3500000000001
R006,VEH,T1_SD_VEH,2026_06_20_merged.mat,OF1,1,12089,12089,604.4000000000001,604.4000000000001
R006,VEH,T1_SD_VEH,2026_06_20_merged.mat,OF1,1,12090,12090,604.45,604.45
R006,VEH,T1_SD_VEH,2026_06_20_merged.mat,OF1,1,12115,12115,605.7,605.7
R006,VEH,T1_SD_VEH,2026_06_20_merged.mat,OF1,1,12128,12128,606.3500000000001,606.3500000000001
R006,VEH,T1_SD_VEH,2026_06_20_merged.mat,OF1,2,12136,12136,606.7500000000001,606.7500000000001
R006,VEH,T1_SD_VEH,2026_06_20_merged.mat,OF1,2,12137,12137,606.8000000000001,606.8000000000001
R006,VEH,T1_SD_VEH,2026_06_20_merged.mat,OF1,2,12138,12138,606.8500000000001,606.8500000000001
R006,VEH,T1_SD_VEH,2026_06_20_merged.mat,OF1,2,12139,12139,606.9000000000001,606.9000000000001
R006,VEH,T1_SD_VEH,2026_06_20_merged.mat,OF1,2,12140,12140,606.95,606.95
R006,VEH,T1_SD_VEH,2026_06_20_merged.mat,OF1,1,12168,12168,608.3500000000001,608.3500000000001
R006,VEH,T1_SD_VEH,2026_06_20_merged.mat,OF1,1,12169,12169,608.4000000000001,608.4000000000001
R006,VEH,T1_SD_VEH,2026_06_20_merged.mat,OF1,2,12177,12177,608.8000000000001,608.8000000000001
R006,VEH,T1_SD_VEH,2026_06_20_merged.mat,OF1,2,12179,12179,608.9000000000001,608.9000000000001
R006,VEH,T1_SD_VEH,2026_06_20_merged.mat,OF1,2,12180,12180,608.95,608.95
R006,VEH,T1_SD_VEH,2026_06_20_merged.mat,OF1,2,12181,12181,609.0000000000001,609.0000000000001
R006,VEH,T1_SD_VEH,2026_06_20_merged.mat,OF1,2,12182,12182,609.0500000000001,609.0500000000001
R006,VEH,T1_SD_VEH,2026_06_20_merged.mat,OF1,2,12183,12183,609.1000000000001,609.1000000000001
R006,VEH,T1_SD_VEH,2026_06_20_merged.mat,OF1,2,12209,12209,610.4000000000001,610.4000000000001
R006,VEH,T1_SD_VEH,2026_06_20_merged.mat,OF1,2,12210,12210,610.45,610.45
R006,VEH,T1_SD_VEH,2026_06_20_merged.mat,OF1,2,12211,12211,610.5000000000001,610.5000000000001
R006,VEH,T1_SD_VEH,2026_06_20_merged.mat,OF1,2,12212,12212,610.5500000000001,610.5500000000001
R006,VEH,T1_SD_VEH,2026_06_20_merged.mat,OF1,2,12254,12254,612.6500000000001,612.6500000000001
R006,VEH,T1_SD_VEH,2026_06_20_merged.mat,OF1,2,12255,12255,612.7,612.7
R006,VEH,T1_SD_VEH,2026_06_20_merged.mat,OF1,2,12256,12256,612.7500000000001,612.7500000000001
R006,VEH,T1_SD_VEH,2026_06_20_merged.mat,OF1,2,12264,12264,613.1500000000001,613.1500000000001
R006,VEH,T1_SD_VEH,2026_06_20_merged.mat,OF1,2,12265,12265,613.2,613.2
R006,VEH,T1_SD_VEH,2026_06_20_merged.mat,OF1,2,12266,12266,613.2500000000001,613.2500000000001
R006,VEH,T1_SD_VEH,2026_06_20_merged.mat,OF1,1,12302,12302,615.0500000000001,615.0500000000001
R006,VEH,T1_SD_VEH,2026_06_20_merged.mat,OF1,1,12304,12304,615.1500000000001,615.1500000000001
R006,VEH,T1_SD_VEH,2026_06_20_merged.mat,OF1,1,12305,12305,615.2,615.2
R006,VEH,T1_SD_VEH,2026_06_20_merged.mat,OF1,2,12329,12329,616.4000000000001,616.4000000000001
R006,VEH,T1_SD_VEH,2026_06_20_merged.mat,OF1,2,12330,12330,616.45,616.45
R006,VEH,T1_SD_VEH,2026_06_20_merged.mat,OF1,2,12337,12337,616.8000000000001,616.8000000000001
R006,VEH,T1_SD_VEH,2026_06_20_merged.mat,OF1,2,12338,12338,616.8500000000001,616.8500000000001
R006,VEH,T1_SD_VEH,2026_06_20_merged.mat,OF1,2,12339,12339,616.9000000000001,616.9000000000001
R006,VEH,T1_SD_VEH,2026_06_20_merged.mat,OF1,2,12340,12340,616.95,616.95
R006,VEH,T1_SD_VEH,2026_06_20_merged.mat,OF1,2,12376,12376,618.7500000000001,618.7500000000001
R006,VEH,T1_SD_VEH,2026_06_20_merged.mat,OF1,2,12377,12377,618.8000000000001,618.8000000000001
R006,VEH,T1_SD_VEH,2026_06_20_merged.mat,OF1,2,12378,12378,618.8500000000001,618.8500000000001
R006,VEH,T1_SD_VEH,2026_06_20_merged.mat,OF1,2,12379,12379,618.9000000000001,618.9000000000001
R006,VEH,T1_SD_VEH,2026_06_20_merged.mat,OF1,2,12410,12410,620.45,620.45
R006,VEH,T1_SD_VEH,2026_06_20_merged.mat,OF1,1,12495,12495,624.7,624.7
R006,VEH,T1_SD_VEH,2026_06_20_merged.mat,OF1,2,12527,12527,626.3000000000001,626.3000000000001
R006,VEH,T1_SD_VEH,2026_06_20_merged.mat,OF1,2,12528,12528,626.3500000000001,626.3500000000001
R006,VEH,T1_SD_VEH,2026_06_20_merged.mat,OF1,2,12529,12529,626.4000000000001,626.4000000000001
R006,VEH,T1_SD_VEH,2026_06_20_merged.mat,OF1,2,12594,12594,629.6500000000001,629.6500000000001
R006,VEH,T1_SD_VEH,2026_06_20_merged.mat,OF1,2,12595,12595,629.7,629.7
R006,VEH,T1_SD_VEH,2026_06_20_merged.mat,OF1,2,12596,12596,629.7500000000001,629.7500000000001
R006,VEH,T1_SD_VEH,2026_06_20_merged.mat,OF1,2,12597,12597,629.8000000000001,629.8000000000001
R006,VEH,T1_SD_VEH,2026_06_20_merged.mat,OF1,2,12598,12598,629.8500000000001,629.8500000000001
R006,VEH,T1_SD_VEH,2026_06_20_merged.mat,OF1,2,12617,12617,630.8000000000001,630.8000000000001
R006,VEH,T1_SD_VEH,2026_06_20_merged.mat,OF1,2,12618,12618,630.8500000000001,630.8500000000001
R006,VEH,T1_SD_VEH,2026_06_20_merged.mat,OF1,2,12673,12673,633.6000000000001,633.6000000000001
R006,VEH,T1_SD_VEH,2026_06_20_merged.mat,OF1,2,12674,12674,633.6500000000001,633.6500000000001
R006,VEH,T1_SD_VEH,2026_06_20_merged.mat,OF1,2,12675,12675,633.7,633.7
R006,VEH,T1_SD_VEH,2026_06_20_merged.mat,OF1,2,12697,12697,634.8000000000001,634.8000000000001
R006,VEH,T1_SD_VEH,2026_06_20_merged.mat,OF1,2,12698,12698,634.8500000000001,634.8500000000001
R006,VEH,T1_SD_VEH,2026_06_20_merged.mat,OF1,2,12699,12699,634.9000000000001,634.9000000000001
R006,VEH,T1_SD_VEH,2026_06_20_merged.mat,OF1,2,12700,12700,634.95,634.95
R006,VEH,T1_SD_VEH,2026_06_20_merged.mat,OF1,2,12701,12701,635.0000000000001,635.0000000000001
R006,VEH,T1_SD_VEH,2026_06_20_merged.mat,OF1,2,12702,12702,635.0500000000001,635.0500000000001
R006,VEH,T1_SD_VEH,2026_06_20_merged.mat,OF1,2,12714,12714,635.6500000000001,635.6500000000001
R006,VEH,T1_SD_VEH,2026_06_20_merged.mat,OF1,2,12715,12715,635.7,635.7
R006,VEH,T1_SD_VEH,2026_06_20_merged.mat,OF1,2,12716,12716,635.7500000000001,635.7500000000001
R006,VEH,T1_SD_VEH,2026_06_20_merged.mat,OF1,2,12717,12717,635.8000000000001,635.8000000000001
R006,VEH,T1_SD_VEH,2026_06_20_merged.mat,OF1,2,12730,12730,636.45,636.45
R006,VEH,T1_SD_VEH,2026_06_20_merged.mat,OF1,1,12758,12758,637.8500000000001,637.8500000000001
R006,VEH,T1_SD_VEH,2026_06_20_merged.mat,OF1,1,12759,12759,637.9000000000001,637.9000000000001
R006,VEH,T1_SD_VEH,2026_06_20_merged.mat,OF1,1,12760,12760,637.95,637.95
R006,VEH,T1_SD_VEH,2026_06_20_merged.mat,OF1,1,12761,12761,638.0000000000001,638.0000000000001
R006,VEH,T1_SD_VEH,2026_06_20_merged.mat,OF1,1,12762,12762,638.0500000000001,638.0500000000001
R006,VEH,T1_SD_VEH,2026_06_20_merged.mat,OF1,1,12763,12763,638.1000000000001,638.1000000000001
R006,VEH,T1_SD_VEH,2026_06_20_merged.mat,OF1,1,12764,12764,638.1500000000001,638.1500000000001
R006,VEH,T1_SD_VEH,2026_06_20_merged.mat,OF1,1,12765,12765,638.2,638.2
R006,VEH,T1_SD_VEH,2026_06_20_merged.mat,OF1,1,12877,12877,643.8000000000001,643.8000000000001
R006,VEH,T1_SD_VEH,2026_06_20_merged.mat,OF1,1,12878,12878,643.8500000000001,643.8500000000001
R006,VEH,T1_SD_VEH,2026_06_20_merged.mat,OF1,2,12883,12883,644.1000000000001,644.1000000000001
R006,VEH,T1_SD_VEH,2026_06_20_merged.mat,OF1,1,12919,12919,645.9000000000001,645.9000000000001
R006,VEH,T1_SD_VEH,2026_06_20_merged.mat,OF1,2,12926,12926,646.2500000000001,646.2500000000001
R006,VEH,T1_SD_VEH,2026_06_20_merged.mat,OF1,1,12940,12940,646.95,646.95
R006,VEH,T1_SD_VEH,2026_06_20_merged.mat,OF1,1,12952,12952,647.5500000000001,647.5500000000001
R006,VEH,T1_SD_VEH,2026_06_20_merged.mat,OF1,1,12962,12962,648.0500000000001,648.0500000000001
R006,VEH,T1_SD_VEH,2026_06_20_merged.mat,OF1,1,12963,12963,648.1000000000001,648.1000000000001
R006,VEH,T1_SD_VEH,2026_06_20_merged.mat,OF1,1,12964,12964,648.1500000000001,648.1500000000001
R006,VEH,T1_SD_VEH,2026_06_20_merged.mat,OF1,1,12965,12965,648.2,648.2
R006,VEH,T1_SD_VEH,2026_06_20_merged.mat,OF1,1,12966,12966,648.2500000000001,648.2500000000001
R006,VEH,T1_SD_VEH,2026_06_20_merged.mat,OF1,2,12983,12983,649.1000000000001,649.1000000000001
R006,VEH,T1_SD_VEH,2026_06_20_merged.mat,OF1,2,12984,12984,649.1500000000001,649.1500000000001
R006,VEH,T1_SD_VEH,2026_06_20_merged.mat,OF1,2,12985,12985,649.2,649.2
R006,VEH,T1_SD_VEH,2026_06_20_merged.mat,OF1,2,12998,12998,649.8500000000001,649.8500000000001
R006,VEH,T1_SD_VEH,2026_06_20_merged.mat,SAMPLE,1,13014,15,0.7000000000000001,650.6500000000001
R006,VEH,T1_SD_VEH,2026_06_20_merged.mat,SAMPLE,1,13015,16,0.75,650.7
R006,VEH,T1_SD_VEH,2026_06_20_merged.mat,SAMPLE,1,13016,17,0.8,650.75
R006,VEH,T1_SD_VEH,2026_06_20_merged.mat,SAMPLE,1,13017,18,0.8500000000000001,650.8000000000001
R006,VEH,T1_SD_VEH,2026_06_20_merged.mat,SAMPLE,1,13032,33,1.6,651.5500000000001
R006,VEH,T1_SD_VEH,2026_06_20_merged.mat,SAMPLE,1,13035,36,1.75,651.7
R006,VEH,T1_SD_VEH,2026_06_20_merged.mat,SAMPLE,1,13046,47,2.3000000000000003,652.25
R006,VEH,T1_SD_VEH,2026_06_20_merged.mat,SAMPLE,1,13047,48,2.35,652.3000000000001
R006,VEH,T1_SD_VEH,2026_06_20_merged.mat,SAMPLE,1,13048,49,2.4000000000000004,652.35
R006,VEH,T1_SD_VEH,2026_06_20_merged.mat,SAMPLE,1,13049,50,2.45,652.4000000000001
R006,VEH,T1_SD_VEH,2026_06_20_merged.mat,SAMPLE,1,13056,57,2.8000000000000003,652.75
R006,VEH,T1_SD_VEH,2026_06_20_merged.mat,SAMPLE,1,13057,58,2.85,652.8000000000001
R006,VEH,T1_SD_VEH,2026_06_20_merged.mat,SAMPLE,1,13058,59,2.9000000000000004,652.85
R006,VEH,T1_SD_VEH,2026_06_20_merged.mat,SAMPLE,1,13074,75,3.7,653.6500000000001
R006,VEH,T1_SD_VEH,2026_06_20_merged.mat,SAMPLE,1,13075,76,3.75,653.7
R006,VEH,T1_SD_VEH,2026_06_20_merged.mat,SAMPLE,1,13076,77,3.8000000000000003,653.75
R006,VEH,T1_SD_VEH,2026_06_20_merged.mat,SAMPLE,1,13077,78,3.85,653.8000000000001
R006,VEH,T1_SD_VEH,2026_06_20_merged.mat,SAMPLE,1,13078,79,3.9000000000000004,653.85
R006,VEH,T1_SD_VEH,2026_06_20_merged.mat,SAMPLE,1,13079,80,3.95,653.9000000000001
R006,VEH,T1_SD_VEH,2026_06_20_merged.mat,SAMPLE,1,13162,163,8.1,658.0500000000001
R006,VEH,T1_SD_VEH,2026_06_20_merged.mat,SAMPLE,1,13163,164,8.15,658.1
R006,VEH,T1_SD_VEH,2026_06_20_merged.mat,SAMPLE,1,13166,167,8.3,658.25
R006,VEH,T1_SD_VEH,2026_06_20_merged.mat,SAMPLE,1,13167,168,8.35,658.3000000000001
R006,VEH,T1_SD_VEH,2026_06_20_merged.mat,SAMPLE,2,13185,186,9.25,659.2
R006,VEH,T1_SD_VEH,2026_06_20_merged.mat,SAMPLE,1,13191,192,9.55,659.5
R006,VEH,T1_SD_VEH,2026_06_20_merged.mat,SAMPLE,1,13192,193,9.600000000000001,659.5500000000001
R006,VEH,T1_SD_VEH,2026_06_20_merged.mat,SAMPLE,1,13193,194,9.65,659.6
R006,VEH,T1_SD_VEH,2026_06_20_merged.mat,SAMPLE,1,13194,195,9.700000000000001,659.6500000000001
R006,VEH,T1_SD_VEH,2026_06_20_merged.mat,SAMPLE,1,13206,207,10.3,660.25
R006,VEH,T1_SD_VEH,2026_06_20_merged.mat,SAMPLE,1,13209,210,10.450000000000001,660.4000000000001
R006,VEH,T1_SD_VEH,2026_06_20_merged.mat,SAMPLE,1,13250,251,12.5,662.45
R006,VEH,T1_SD_VEH,2026_06_20_merged.mat,SAMPLE,1,13251,252,12.55,662.5
R006,VEH,T1_SD_VEH,2026_06_20_merged.mat,SAMPLE,1,13252,253,12.600000000000001,662.5500000000001
R006,VEH,T1_SD_VEH,2026_06_20_merged.mat,SAMPLE,1,13279,280,13.950000000000001,663.9000000000001
R006,VEH,T1_SD_VEH,2026_06_20_merged.mat,SAMPLE,1,13280,281,14.0,663.95
R006,VEH,T1_SD_VEH,2026_06_20_merged.mat,SAMPLE,1,13281,282,14.05,664.0
R006,VEH,T1_SD_VEH,2026_06_20_merged.mat,SAMPLE,1,13282,283,14.100000000000001,664.0500000000001
R006,VEH,T1_SD_VEH,2026_06_20_merged.mat,SAMPLE,1,13310,311,15.5,665.45
R006,VEH,T1_SD_VEH,2026_06_20_merged.mat,SAMPLE,1,13311,312,15.55,665.5
R006,VEH,T1_SD_VEH,2026_06_20_merged.mat,SAMPLE,1,13312,313,15.600000000000001,665.5500000000001
R006,VEH,T1_SD_VEH,2026_06_20_merged.mat,SAMPLE,1,13322,323,16.1,666.0500000000001
R006,VEH,T1_SD_VEH,2026_06_20_merged.mat,SAMPLE,1,13323,324,16.150000000000002,666.1
R006,VEH,T1_SD_VEH,2026_06_20_merged.mat,SAMPLE,1,13324,325,16.2,666.1500000000001
R006,VEH,T1_SD_VEH,2026_06_20_merged.mat,SAMPLE,1,13325,326,16.25,666.2
R006,VEH,T1_SD_VEH,2026_06_20_merged.mat,SAMPLE,1,13326,327,16.3,666.25
R006,VEH,T1_SD_VEH,2026_06_20_merged.mat,SAMPLE,1,13327,328,16.35,666.3000000000001
R006,VEH,T1_SD_VEH,2026_06_20_merged.mat,SAMPLE,1,13328,329,16.400000000000002,666.35
R006,VEH,T1_SD_VEH,2026_06_20_merged.mat,SAMPLE,1,13335,336,16.75,666.7
R006,VEH,T1_SD_VEH,2026_06_20_merged.mat,SAMPLE,1,13336,337,16.8,666.75
R006,VEH,T1_SD_VEH,2026_06_20_merged.mat,SAMPLE,1,13340,341,17.0,666.95
R006,VEH,T1_SD_VEH,2026_06_20_merged.mat,SAMPLE,1,13341,342,17.05,667.0
R006,VEH,T1_SD_VEH,2026_06_20_merged.mat,SAMPLE,1,13342,343,17.1,667.0500000000001
R006,VEH,T1_SD_VEH,2026_06_20_merged.mat,SAMPLE,1,13343,344,17.150000000000002,667.1
R006,VEH,T1_SD_VEH,2026_06_20_merged.mat,SAMPLE,1,13344,345,17.2,667.1500000000001
R006,VEH,T1_SD_VEH,2026_06_20_merged.mat,SAMPLE,1,13345,346,17.25,667.2
R006,VEH,T1_SD_VEH,2026_06_20_merged.mat,SAMPLE,1,13359,360,17.95,667.9000000000001
R006,VEH,T1_SD_VEH,2026_06_20_merged.mat,SAMPLE,1,13360,361,18.0,667.95
R006,VEH,T1_SD_VEH,2026_06_20_merged.mat,SAMPLE,1,13361,362,18.05,668.0
R006,VEH,T1_SD_VEH,2026_06_20_merged.mat,SAMPLE,1,13362,363,18.1,668.0500000000001
R006,VEH,T1_SD_VEH,2026_06_20_merged.mat,SAMPLE,1,13363,364,18.150000000000002,668.1
R006,VEH,T1_SD_VEH,2026_06_20_merged.mat,SAMPLE,1,13364,365,18.2,668.1500000000001
R006,VEH,T1_SD_VEH,2026_06_20_merged.mat,SAMPLE,1,13382,383,19.1,669.0500000000001
R006,VEH,T1_SD_VEH,2026_06_20_merged.mat,SAMPLE,1,13394,395,19.700000000000003,669.6500000000001
R006,VEH,T1_SD_VEH,2026_06_20_merged.mat,SAMPLE,1,13395,396,19.75,669.7
R006,VEH,T1_SD_VEH,2026_06_20_merged.mat,SAMPLE,1,13396,397,19.8,669.75
R006,VEH,T1_SD_VEH,2026_06_20_merged.mat,SAMPLE,1,13409,410,20.450000000000003,670.4000000000001
R006,VEH,T1_SD_VEH,2026_06_20_merged.mat,SAMPLE,1,13410,411,20.5,670.45
R006,VEH,T1_SD_VEH,2026_06_20_merged.mat,SAMPLE,1,13411,412,20.55,670.5
R006,VEH,T1_SD_VEH,2026_06_20_merged.mat,SAMPLE,1,13412,413,20.6,670.5500000000001
R006,VEH,T1_SD_VEH,2026_06_20_merged.mat,SAMPLE,1,13413,414,20.650000000000002,670.6
R006,VEH,T1_SD_VEH,2026_06_20_merged.mat,SAMPLE,1,13427,428,21.35,671.3000000000001
R006,VEH,T1_SD_VEH,2026_06_20_merged.mat,SAMPLE,1,13455,456,22.75,672.7
R006,VEH,T1_SD_VEH,2026_06_20_merged.mat,SAMPLE,1,13456,457,22.8,672.75
R006,VEH,T1_SD_VEH,2026_06_20_merged.mat,SAMPLE,1,13467,468,23.35,673.3000000000001
R006,VEH,T1_SD_VEH,2026_06_20_merged.mat,SAMPLE,1,13468,469,23.400000000000002,673.35
R006,VEH,T1_SD_VEH,2026_06_20_merged.mat,SAMPLE,1,13469,470,23.450000000000003,673.4000000000001
R006,VEH,T1_SD_VEH,2026_06_20_merged.mat,SAMPLE,1,13470,471,23.5,673.45
R006,VEH,T1_SD_VEH,2026_06_20_merged.mat,SAMPLE,1,13471,472,23.55,673.5
R006,VEH,T1_SD_VEH,2026_06_20_merged.mat,SAMPLE,1,13472,473,23.6,673.5500000000001
R006,VEH,T1_SD_VEH,2026_06_20_merged.mat,SAMPLE,1,13475,476,23.75,673.7
R006,VEH,T1_SD_VEH,2026_06_20_merged.mat,SAMPLE,1,13476,477,23.8,673.75
R006,VEH,T1_SD_VEH,2026_06_20_merged.mat,SAMPLE,1,13477,478,23.85,673.8000000000001
R006,VEH,T1_SD_VEH,2026_06_20_merged.mat,SAMPLE,1,13478,479,23.900000000000002,673.85
R006,VEH,T1_SD_VEH,2026_06_20_merged.mat,SAMPLE,1,13479,480,23.950000000000003,673.9000000000001
R006,VEH,T1_SD_VEH,2026_06_20_merged.mat,SAMPLE,1,13480,481,24.0,673.95
R006,VEH,T1_SD_VEH,2026_06_20_merged.mat,SAMPLE,1,13481,482,24.05,674.0
R006,VEH,T1_SD_VEH,2026_06_20_merged.mat,SAMPLE,1,13498,499,24.900000000000002,674.85
R006,VEH,T1_SD_VEH,2026_06_20_merged.mat,SAMPLE,1,13500,501,25.0,674.95
R006,VEH,T1_SD_VEH,2026_06_20_merged.mat,SAMPLE,1,13501,502,25.05,675.0
R006,VEH,T1_SD_VEH,2026_06_20_merged.mat,SAMPLE,1,13502,503,25.1,675.0500000000001
R006,VEH,T1_SD_VEH,2026_06_20_merged.mat,SAMPLE,2,13518,519,25.900000000000002,675.85
R006,VEH,T1_SD_VEH,2026_06_20_merged.mat,SAMPLE,2,13519,520,25.950000000000003,675.9000000000001
R006,VEH,T1_SD_VEH,2026_06_20_merged.mat,SAMPLE,2,13520,521,26.0,675.95
R006,VEH,T1_SD_VEH,2026_06_20_merged.mat,SAMPLE,2,13521,522,26.05,676.0
R006,VEH,T1_SD_VEH,2026_06_20_merged.mat,SAMPLE,1,13538,539,26.900000000000002,676.85
R006,VEH,T1_SD_VEH,2026_06_20_merged.mat,SAMPLE,1,13539,540,26.950000000000003,676.9000000000001
R006,VEH,T1_SD_VEH,2026_06_20_merged.mat,SAMPLE,1,13540,541,27.0,676.95
R006,VEH,T1_SD_VEH,2026_06_20_merged.mat,SAMPLE,1,13559,560,27.950000000000003,677.9000000000001
R006,VEH,T1_SD_VEH,2026_06_20_merged.mat,SAMPLE,1,13560,561,28.0,677.95
R006,VEH,T1_SD_VEH,2026_06_20_merged.mat,SAMPLE,2,13567,568,28.35,678.3000000000001
R006,VEH,T1_SD_VEH,2026_06_20_merged.mat,SAMPLE,2,13568,569,28.400000000000002,678.35
R006,VEH,T1_SD_VEH,2026_06_20_merged.mat,SAMPLE,2,13569,570,28.450000000000003,678.4000000000001
R006,VEH,T1_SD_VEH,2026_06_20_merged.mat,SAMPLE,2,13577,578,28.85,678.8000000000001
R006,VEH,T1_SD_VEH,2026_06_20_merged.mat,SAMPLE,2,13578,579,28.900000000000002,678.85
R006,VEH,T1_SD_VEH,2026_06_20_merged.mat,SAMPLE,2,13579,580,28.950000000000003,678.9000000000001
R006,VEH,T1_SD_VEH,2026_06_20_merged.mat,SAMPLE,1,13587,588,29.35,679.3000000000001
R006,VEH,T1_SD_VEH,2026_06_20_merged.mat,SAMPLE,1,13588,589,29.400000000000002,679.35
R006,VEH,T1_SD_VEH,2026_06_20_merged.mat,SAMPLE,1,13589,590,29.450000000000003,679.4000000000001
R006,VEH,T1_SD_VEH,2026_06_20_merged.mat,SAMPLE,1,13631,632,31.55,681.5
R006,VEH,T1_SD_VEH,2026_06_20_merged.mat,SAMPLE,2,13662,663,33.1,683.0500000000001
R006,VEH,T1_SD_VEH,2026_06_20_merged.mat,SAMPLE,2,13663,664,33.15,683.1
R006,VEH,T1_SD_VEH,2026_06_20_merged.mat,SAMPLE,2,13664,665,33.2,683.1500000000001
R006,VEH,T1_SD_VEH,2026_06_20_merged.mat,SAMPLE,2,13665,666,33.25,683.2
R006,VEH,T1_SD_VEH,2026_06_20_merged.mat,SAMPLE,1,13680,681,34.0,683.95
R006,VEH,T1_SD_VEH,2026_06_20_merged.mat,SAMPLE,1,13681,682,34.050000000000004,684.0
R006,VEH,T1_SD_VEH,2026_06_20_merged.mat,SAMPLE,1,13682,683,34.1,684.0500000000001
R006,VEH,T1_SD_VEH,2026_06_20_merged.mat,SAMPLE,1,13683,684,34.15,684.1
R006,VEH,T1_SD_VEH,2026_06_20_merged.mat,SAMPLE,1,13684,685,34.2,684.1500000000001
R006,VEH,T1_SD_VEH,2026_06_20_merged.mat,SAMPLE,1,13685,686,34.25,684.2
R006,VEH,T1_SD_VEH,2026_06_20_merged.mat,SAMPLE,1,13702,703,35.1,685.0500000000001
R006,VEH,T1_SD_VEH,2026_06_20_merged.mat,SAMPLE,1,13703,704,35.15,685.1
R006,VEH,T1_SD_VEH,2026_06_20_merged.mat,SAMPLE,1,13704,705,35.2,685.1500000000001
R006,VEH,T1_SD_VEH,2026_06_20_merged.mat,SAMPLE,1,13705,706,35.25,685.2
R006,VEH,T1_SD_VEH,2026_06_20_merged.mat,SAMPLE,1,13706,707,35.300000000000004,685.25
R006,VEH,T1_SD_VEH,2026_06_20_merged.mat,SAMPLE,1,13736,737,36.800000000000004,686.75
R006,VEH,T1_SD_VEH,2026_06_20_merged.mat,SAMPLE,1,13737,738,36.85,686.8000000000001
R006,VEH,T1_SD_VEH,2026_06_20_merged.mat,SAMPLE,1,13738,739,36.9,686.85
R006,VEH,T1_SD_VEH,2026_06_20_merged.mat,SAMPLE,1,13739,740,36.95,686.9000000000001
R006,VEH,T1_SD_VEH,2026_06_20_merged.mat,SAMPLE,1,13759,760,37.95,687.9000000000001
R006,VEH,T1_SD_VEH,2026_06_20_merged.mat,SAMPLE,1,13760,761,38.0,687.95
R006,VEH,T1_SD_VEH,2026_06_20_merged.mat,SAMPLE,1,13761,762,38.050000000000004,688.0
R006,VEH,T1_SD_VEH,2026_06_20_merged.mat,SAMPLE,1,13762,763,38.1,688.0500000000001
R006,VEH,T1_SD_VEH,2026_06_20_merged.mat,SAMPLE,1,13773,774,38.650000000000006,688.6
R006,VEH,T1_SD_VEH,2026_06_20_merged.mat,SAMPLE,1,13774,775,38.7,688.6500000000001
R006,VEH,T1_SD_VEH,2026_06_20_merged.mat,SAMPLE,1,13775,776,38.75,688.7
R006,VEH,T1_SD_VEH,2026_06_20_merged.mat,SAMPLE,1,13776,777,38.800000000000004,688.75
R006,VEH,T1_SD_VEH,2026_06_20_merged.mat,SAMPLE,1,13786,787,39.300000000000004,689.25
R006,VEH,T1_SD_VEH,2026_06_20_merged.mat,SAMPLE,1,13787,788,39.35,689.3000000000001
R006,VEH,T1_SD_VEH,2026_06_20_merged.mat,SAMPLE,2,13799,800,39.95,689.9000000000001
R006,VEH,T1_SD_VEH,2026_06_20_merged.mat,SAMPLE,2,13800,801,40.0,689.95
R006,VEH,T1_SD_VEH,2026_06_20_merged.mat,SAMPLE,2,13801,802,40.050000000000004,690.0
R006,VEH,T1_SD_VEH,2026_06_20_merged.mat,SAMPLE,2,13802,803,40.1,690.0500000000001
R006,VEH,T1_SD_VEH,2026_06_20_merged.mat,SAMPLE,1,13883,884,44.150000000000006,694.1
R006,VEH,T1_SD_VEH,2026_06_20_merged.mat,SAMPLE,1,13884,885,44.2,694.1500000000001
R006,VEH,T1_SD_VEH,2026_06_20_merged.mat,SAMPLE,1,13894,895,44.7,694.6500000000001
R006,VEH,T1_SD_VEH,2026_06_20_merged.mat,SAMPLE,1,13895,896,44.75,694.7
R006,VEH,T1_SD_VEH,2026_06_20_merged.mat,SAMPLE,2,13901,902,45.050000000000004,695.0
R006,VEH,T1_SD_VEH,2026_06_20_merged.mat,SAMPLE,2,13902,903,45.1,695.0500000000001
R006,VEH,T1_SD_VEH,2026_06_20_merged.mat,SAMPLE,1,13914,915,45.7,695.6500000000001
R006,VEH,T1_SD_VEH,2026_06_20_merged.mat,SAMPLE,1,13915,916,45.75,695.7
R006,VEH,T1_SD_VEH,2026_06_20_merged.mat,SAMPLE,1,13916,917,45.800000000000004,695.75
R006,VEH,T1_SD_VEH,2026_06_20_merged.mat,SAMPLE,1,13917,918,45.85,695.8000000000001
R006,VEH,T1_SD_VEH,2026_06_20_merged.mat,SAMPLE,1,13918,919,45.900000000000006,695.85
R006,VEH,T1_SD_VEH,2026_06_20_merged.mat,SAMPLE,1,13919,920,45.95,695.9000000000001
R006,VEH,T1_SD_VEH,2026_06_20_merged.mat,SAMPLE,1,13920,921,46.0,695.95
R006,VEH,T1_SD_VEH,2026_06_20_merged.mat,SAMPLE,2,13935,936,46.75,696.7
R006,VEH,T1_SD_VEH,2026_06_20_merged.mat,SAMPLE,2,13956,957,47.800000000000004,697.75
R006,VEH,T1_SD_VEH,2026_06_20_merged.mat,SAMPLE,2,13957,958,47.85,697.8000000000001
R006,VEH,T1_SD_VEH,2026_06_20_merged.mat,SAMPLE,2,13958,959,47.900000000000006,697.85
R006,VEH,T1_SD_VEH,2026_06_20_merged.mat,SAMPLE,1,13977,978,48.85,698.8000000000001
R006,VEH,T1_SD_VEH,2026_06_20_merged.mat,SAMPLE,1,13978,979,48.900000000000006,698.85
R006,VEH,T1_SD_VEH,2026_06_20_merged.mat,SAMPLE,1,13979,980,48.95,698.9000000000001
R006,VEH,T1_SD_VEH,2026_06_20_merged.mat,SAMPLE,1,14059,1060,52.95,702.9000000000001
R006,VEH,T1_SD_VEH,2026_06_20_merged.mat,SAMPLE,1,14060,1061,53.0,702.95
R006,VEH,T1_SD_VEH,2026_06_20_merged.mat,SAMPLE,1,14061,1062,53.050000000000004,703.0
R006,VEH,T1_SD_VEH,2026_06_20_merged.mat,SAMPLE,1,14062,1063,53.1,703.0500000000001
R006,VEH,T1_SD_VEH,2026_06_20_merged.mat,SAMPLE,1,14063,1064,53.150000000000006,703.1
R006,VEH,T1_SD_VEH,2026_06_20_merged.mat,SAMPLE,1,14097,1098,54.85,704.8000000000001
R006,VEH,T1_SD_VEH,2026_06_20_merged.mat,SAMPLE,1,14098,1099,54.900000000000006,704.85
R006,VEH,T1_SD_VEH,2026_06_20_merged.mat,SAMPLE,1,14099,1100,54.95,704.9000000000001
R006,VEH,T1_SD_VEH,2026_06_20_merged.mat,SAMPLE,1,14100,1101,55.0,704.95
R006,VEH,T1_SD_VEH,2026_06_20_merged.mat,SAMPLE,1,14112,1113,55.6,705.5500000000001
R006,VEH,T1_SD_VEH,2026_06_20_merged.mat,SAMPLE,1,14113,1114,55.650000000000006,705.6
R006,VEH,T1_SD_VEH,2026_06_20_merged.mat,SAMPLE,1,14114,1115,55.7,705.6500000000001
R006,VEH,T1_SD_VEH,2026_06_20_merged.mat,SAMPLE,1,14115,1116,55.75,705.7
R006,VEH,T1_SD_VEH,2026_06_20_merged.mat,SAMPLE,2,14123,1124,56.150000000000006,706.1
R006,VEH,T1_SD_VEH,2026_06_20_merged.mat,SAMPLE,2,14124,1125,56.2,706.1500000000001
R006,VEH,T1_SD_VEH,2026_06_20_merged.mat,SAMPLE,1,14141,1142,57.050000000000004,707.0
R006,VEH,T1_SD_VEH,2026_06_20_merged.mat,SAMPLE,1,14142,1143,57.1,707.0500000000001
R006,VEH,T1_SD_VEH,2026_06_20_merged.mat,SAMPLE,1,14143,1144,57.150000000000006,707.1
R006,VEH,T1_SD_VEH,2026_06_20_merged.mat,SAMPLE,1,14155,1156,57.75,707.7
R006,VEH,T1_SD_VEH,2026_06_20_merged.mat,SAMPLE,1,14156,1157,57.800000000000004,707.75
R006,VEH,T1_SD_VEH,2026_06_20_merged.mat,SAMPLE,1,14157,1158,57.85,707.8000000000001
R006,VEH,T1_SD_VEH,2026_06_20_merged.mat,SAMPLE,1,14158,1159,57.900000000000006,707.85
R006,VEH,T1_SD_VEH,2026_06_20_merged.mat,SAMPLE,1,14159,1160,57.95,707.9000000000001
R006,VEH,T1_SD_VEH,2026_06_20_merged.mat,SAMPLE,1,14191,1192,59.550000000000004,709.5
R006,VEH,T1_SD_VEH,2026_06_20_merged.mat,SAMPLE,1,14192,1193,59.6,709.5500000000001
R006,VEH,T1_SD_VEH,2026_06_20_merged.mat,SAMPLE,2,14227,1228,61.35,711.3000000000001
R006,VEH,T1_SD_VEH,2026_06_20_merged.mat,SAMPLE,2,14228,1229,61.400000000000006,711.35
R006,VEH,T1_SD_VEH,2026_06_20_merged.mat,SAMPLE,2,14229,1230,61.45,711.4000000000001
R006,VEH,T1_SD_VEH,2026_06_20_merged.mat,SAMPLE,1,14243,1244,62.150000000000006,712.1
R006,VEH,T1_SD_VEH,2026_06_20_merged.mat,SAMPLE,1,14244,1245,62.2,712.1500000000001
R006,VEH,T1_SD_VEH,2026_06_20_merged.mat,SAMPLE,1,14245,1246,62.25,712.2
R006,VEH,T1_SD_VEH,2026_06_20_merged.mat,SAMPLE,1,14258,1259,62.900000000000006,712.85
R006,VEH,T1_SD_VEH,2026_06_20_merged.mat,SAMPLE,1,14259,1260,62.95,712.9000000000001
R006,VEH,T1_SD_VEH,2026_06_20_merged.mat,SAMPLE,1,14260,1261,63.0,712.95
R006,VEH,T1_SD_VEH,2026_06_20_merged.mat,SAMPLE,1,14261,1262,63.050000000000004,713.0
R006,VEH,T1_SD_VEH,2026_06_20_merged.mat,SAMPLE,1,14262,1263,63.1,713.0500000000001
R006,VEH,T1_SD_VEH,2026_06_20_merged.mat,SAMPLE,1,14263,1264,63.150000000000006,713.1
R006,VEH,T1_SD_VEH,2026_06_20_merged.mat,SAMPLE,1,14264,1265,63.2,713.1500000000001
R006,VEH,T1_SD_VEH,2026_06_20_merged.mat,SAMPLE,1,14282,1283,64.10000000000001,714.0500000000001
R006,VEH,T1_SD_VEH,2026_06_20_merged.mat,SAMPLE,1,14283,1284,64.15,714.1
R006,VEH,T1_SD_VEH,2026_06_20_merged.mat,SAMPLE,1,14284,1285,64.2,714.1500000000001
R006,VEH,T1_SD_VEH,2026_06_20_merged.mat,SAMPLE,1,14285,1286,64.25,714.2
R006,VEH,T1_SD_VEH,2026_06_20_merged.mat,SAMPLE,1,14286,1287,64.3,714.25
R006,VEH,T1_SD_VEH,2026_06_20_merged.mat,SAMPLE,1,14310,1311,65.5,715.45
R006,VEH,T1_SD_VEH,2026_06_20_merged.mat,SAMPLE,1,14311,1312,65.55,715.5
R006,VEH,T1_SD_VEH,2026_06_20_merged.mat,SAMPLE,1,14312,1313,65.60000000000001,715.5500000000001
R006,VEH,T1_SD_VEH,2026_06_20_merged.mat,SAMPLE,1,14313,1314,65.65,715.6
R006,VEH,T1_SD_VEH,2026_06_20_merged.mat,SAMPLE,2,14327,1328,66.35000000000001,716.3000000000001
R006,VEH,T1_SD_VEH,2026_06_20_merged.mat,SAMPLE,2,14328,1329,66.4,716.35
R006,VEH,T1_SD_VEH,2026_06_20_merged.mat,SAMPLE,2,14329,1330,66.45,716.4000000000001
R006,VEH,T1_SD_VEH,2026_06_20_merged.mat,SAMPLE,1,14337,1338,66.85000000000001,716.8000000000001
R006,VEH,T1_SD_VEH,2026_06_20_merged.mat,SAMPLE,1,14338,1339,66.9,716.85
R006,VEH,T1_SD_VEH,2026_06_20_merged.mat,SAMPLE,2,14371,1372,68.55,718.5
R006,VEH,T1_SD_VEH,2026_06_20_merged.mat,SAMPLE,2,14372,1373,68.60000000000001,718.5500000000001
R006,VEH,T1_SD_VEH,2026_06_20_merged.mat,SAMPLE,2,14373,1374,68.65,718.6
R006,VEH,T1_SD_VEH,2026_06_20_merged.mat,SAMPLE,1,14429,1430,71.45,721.4000000000001
R006,VEH,T1_SD_VEH,2026_06_20_merged.mat,SAMPLE,1,14430,1431,71.5,721.45
R006,VEH,T1_SD_VEH,2026_06_20_merged.mat,SAMPLE,1,14439,1440,71.95,721.9000000000001
R006,VEH,T1_SD_VEH,2026_06_20_merged.mat,SAMPLE,1,14440,1441,72.0,721.95
R006,VEH,T1_SD_VEH,2026_06_20_merged.mat,SAMPLE,1,14441,1442,72.05,722.0
R006,VEH,T1_SD_VEH,2026_06_20_merged.mat,SAMPLE,2,14516,1517,75.8,725.75
R006,VEH,T1_SD_VEH,2026_06_20_merged.mat,SAMPLE,2,14517,1518,75.85000000000001,725.8000000000001
R006,VEH,T1_SD_VEH,2026_06_20_merged.mat,SAMPLE,1,14525,1526,76.25,726.2
R006,VEH,T1_SD_VEH,2026_06_20_merged.mat,SAMPLE,1,14526,1527,76.3,726.25
R006,VEH,T1_SD_VEH,2026_06_20_merged.mat,SAMPLE,1,14527,1528,76.35000000000001,726.3000000000001
R006,VEH,T1_SD_VEH,2026_06_20_merged.mat,SAMPLE,1,14528,1529,76.4,726.35
R006,VEH,T1_SD_VEH,2026_06_20_merged.mat,SAMPLE,1,14529,1530,76.45,726.4000000000001
R006,VEH,T1_SD_VEH,2026_06_20_merged.mat,SAMPLE,1,14530,1531,76.5,726.45
R006,VEH,T1_SD_VEH,2026_06_20_merged.mat,SAMPLE,2,14549,1550,77.45,727.4000000000001
R006,VEH,T1_SD_VEH,2026_06_20_merged.mat,SAMPLE,2,14550,1551,77.5,727.45
R006,VEH,T1_SD_VEH,2026_06_20_merged.mat,SAMPLE,1,14557,1558,77.85000000000001,727.8000000000001
R006,VEH,T1_SD_VEH,2026_06_20_merged.mat,SAMPLE,1,14567,1568,78.35000000000001,728.3000000000001
R006,VEH,T1_SD_VEH,2026_06_20_merged.mat,SAMPLE,1,14589,1590,79.45,729.4000000000001
R006,VEH,T1_SD_VEH,2026_06_20_merged.mat,SAMPLE,1,14602,1603,80.10000000000001,730.0500000000001
R006,VEH,T1_SD_VEH,2026_06_20_merged.mat,SAMPLE,2,14660,1661,83.0,732.95
R006,VEH,T1_SD_VEH,2026_06_20_merged.mat,SAMPLE,2,14661,1662,83.05000000000001,733.0
R006,VEH,T1_SD_VEH,2026_06_20_merged.mat,SAMPLE,1,14669,1670,83.45,733.4000000000001
R006,VEH,T1_SD_VEH,2026_06_20_merged.mat,SAMPLE,2,14714,1715,85.7,735.6500000000001
R006,VEH,T1_SD_VEH,2026_06_20_merged.mat,SAMPLE,2,14715,1716,85.75,735.7
R006,VEH,T1_SD_VEH,2026_06_20_merged.mat,SAMPLE,2,14716,1717,85.80000000000001,735.75
R006,VEH,T1_SD_VEH,2026_06_20_merged.mat,SAMPLE,2,14717,1718,85.85000000000001,735.8000000000001
R006,VEH,T1_SD_VEH,2026_06_20_merged.mat,SAMPLE,2,14718,1719,85.9,735.85
R006,VEH,T1_SD_VEH,2026_06_20_merged.mat,SAMPLE,2,14719,1720,85.95,735.9000000000001
R006,VEH,T1_SD_VEH,2026_06_20_merged.mat,SAMPLE,2,14721,1722,86.05000000000001,736.0
R006,VEH,T1_SD_VEH,2026_06_20_merged.mat,SAMPLE,2,14722,1723,86.10000000000001,736.0500000000001
R006,VEH,T1_SD_VEH,2026_06_20_merged.mat,SAMPLE,2,14723,1724,86.15,736.1
R006,VEH,T1_SD_VEH,2026_06_20_merged.mat,SAMPLE,2,14724,1725,86.2,736.1500000000001
R006,VEH,T1_SD_VEH,2026_06_20_merged.mat,SAMPLE,2,14725,1726,86.25,736.2
R006,VEH,T1_SD_VEH,2026_06_20_merged.mat,SAMPLE,2,14726,1727,86.30000000000001,736.25
R006,VEH,T1_SD_VEH,2026_06_20_merged.mat,SAMPLE,2,14727,1728,86.35000000000001,736.3000000000001
R006,VEH,T1_SD_VEH,2026_06_20_merged.mat,SAMPLE,2,14728,1729,86.4,736.35
R006,VEH,T1_SD_VEH,2026_06_20_merged.mat,SAMPLE,2,14729,1730,86.45,736.4000000000001
R006,VEH,T1_SD_VEH,2026_06_20_merged.mat,SAMPLE,2,14741,1742,87.05000000000001,737.0
R006,VEH,T1_SD_VEH,2026_06_20_merged.mat,SAMPLE,2,14742,1743,87.10000000000001,737.0500000000001
R006,VEH,T1_SD_VEH,2026_06_20_merged.mat,SAMPLE,2,14743,1744,87.15,737.1
R006,VEH,T1_SD_VEH,2026_06_20_merged.mat,SAMPLE,2,14744,1745,87.2,737.1500000000001
R006,VEH,T1_SD_VEH,2026_06_20_merged.mat,SAMPLE,2,14745,1746,87.25,737.2
R006,VEH,T1_SD_VEH,2026_06_20_merged.mat,SAMPLE,2,14762,1763,88.10000000000001,738.0500000000001
R006,VEH,T1_SD_VEH,2026_06_20_merged.mat,SAMPLE,2,14763,1764,88.15,738.1
R006,VEH,T1_SD_VEH,2026_06_20_merged.mat,SAMPLE,2,14764,1765,88.2,738.1500000000001
R006,VEH,T1_SD_VEH,2026_06_20_merged.mat,SAMPLE,2,14765,1766,88.25,738.2
R006,VEH,T1_SD_VEH,2026_06_20_merged.mat,SAMPLE,2,14766,1767,88.30000000000001,738.25
R006,VEH,T1_SD_VEH,2026_06_20_merged.mat,SAMPLE,2,14767,1768,88.35000000000001,738.3000000000001
R006,VEH,T1_SD_VEH,2026_06_20_merged.mat,SAMPLE,2,14775,1776,88.75,738.7
R006,VEH,T1_SD_VEH,2026_06_20_merged.mat,SAMPLE,2,14776,1777,88.80000000000001,738.75
R006,VEH,T1_SD_VEH,2026_06_20_merged.mat,SAMPLE,2,14777,1778,88.85000000000001,738.8000000000001
R006,VEH,T1_SD_VEH,2026_06_20_merged.mat,SAMPLE,2,14778,1779,88.9,738.85
R006,VEH,T1_SD_VEH,2026_06_20_merged.mat,SAMPLE,2,14785,1786,89.25,739.2
R006,VEH,T1_SD_VEH,2026_06_20_merged.mat,SAMPLE,2,14786,1787,89.30000000000001,739.25
R006,VEH,T1_SD_VEH,2026_06_20_merged.mat,SAMPLE,2,14787,1788,89.35000000000001,739.3000000000001
R006,VEH,T1_SD_VEH,2026_06_20_merged.mat,SAMPLE,2,14788,1789,89.4,739.35
R006,VEH,T1_SD_VEH,2026_06_20_merged.mat,SAMPLE,2,14789,1790,89.45,739.4000000000001
R006,VEH,T1_SD_VEH,2026_06_20_merged.mat,SAMPLE,2,14798,1799,89.9,739.85
R006,VEH,T1_SD_VEH,2026_06_20_merged.mat,SAMPLE,2,14799,1800,89.95,739.9000000000001
R006,VEH,T1_SD_VEH,2026_06_20_merged.mat,SAMPLE,2,14800,1801,90.0,739.95
R006,VEH,T1_SD_VEH,2026_06_20_merged.mat,SAMPLE,2,14801,1802,90.05000000000001,740.0
R006,VEH,T1_SD_VEH,2026_06_20_merged.mat,SAMPLE,2,14802,1803,90.10000000000001,740.0500000000001
R006,VEH,T1_SD_VEH,2026_06_20_merged.mat,SAMPLE,2,14808,1809,90.4,740.35
R006,VEH,T1_SD_VEH,2026_06_20_merged.mat,SAMPLE,2,14809,1810,90.45,740.4000000000001
R006,VEH,T1_SD_VEH,2026_06_20_merged.mat,SAMPLE,2,14810,1811,90.5,740.45
R006,VEH,T1_SD_VEH,2026_06_20_merged.mat,SAMPLE,2,14811,1812,90.55000000000001,740.5
R006,VEH,T1_SD_VEH,2026_06_20_merged.mat,SAMPLE,2,14824,1825,91.2,741.1500000000001
R006,VEH,T1_SD_VEH,2026_06_20_merged.mat,SAMPLE,2,14826,1827,91.30000000000001,741.25
R006,VEH,T1_SD_VEH,2026_06_20_merged.mat,SAMPLE,2,14837,1838,91.85000000000001,741.8000000000001
R006,VEH,T1_SD_VEH,2026_06_20_merged.mat,SAMPLE,2,14838,1839,91.9,741.85
R006,VEH,T1_SD_VEH,2026_06_20_merged.mat,SAMPLE,2,14839,1840,91.95,741.9000000000001
R006,VEH,T1_SD_VEH,2026_06_20_merged.mat,SAMPLE,1,14866,1867,93.30000000000001,743.25
R006,VEH,T1_SD_VEH,2026_06_20_merged.mat,SAMPLE,1,14867,1868,93.35000000000001,743.3000000000001
R006,VEH,T1_SD_VEH,2026_06_20_merged.mat,SAMPLE,1,14868,1869,93.4,743.35
R006,VEH,T1_SD_VEH,2026_06_20_merged.mat,SAMPLE,1,14888,1889,94.4,744.35
R006,VEH,T1_SD_VEH,2026_06_20_merged.mat,SAMPLE,1,14889,1890,94.45,744.4000000000001
R006,VEH,T1_SD_VEH,2026_06_20_merged.mat,SAMPLE,1,14890,1891,94.5,744.45
R006,VEH,T1_SD_VEH,2026_06_20_merged.mat,SAMPLE,1,14891,1892,94.55000000000001,744.5
R006,VEH,T1_SD_VEH,2026_06_20_merged.mat,SAMPLE,1,14892,1893,94.60000000000001,744.5500000000001
R006,VEH,T1_SD_VEH,2026_06_20_merged.mat,SAMPLE,1,14913,1914,95.65,745.6
R006,VEH,T1_SD_VEH,2026_06_20_merged.mat,SAMPLE,1,14914,1915,95.7,745.6500000000001
R006,VEH,T1_SD_VEH,2026_06_20_merged.mat,SAMPLE,1,14915,1916,95.75,745.7
R006,VEH,T1_SD_VEH,2026_06_20_merged.mat,SAMPLE,1,14925,1926,96.25,746.2
R006,VEH,T1_SD_VEH,2026_06_20_merged.mat,SAMPLE,2,14937,1938,96.85000000000001,746.8000000000001
R006,VEH,T1_SD_VEH,2026_06_20_merged.mat,SAMPLE,2,14938,1939,96.9,746.85
R006,VEH,T1_SD_VEH,2026_06_20_merged.mat,SAMPLE,1,14958,1959,97.9,747.85
R006,VEH,T1_SD_VEH,2026_06_20_merged.mat,SAMPLE,1,14959,1960,97.95,747.9000000000001
R006,VEH,T1_SD_VEH,2026_06_20_merged.mat,SAMPLE,2,14967,1968,98.35000000000001,748.3000000000001
R006,VEH,T1_SD_VEH,2026_06_20_merged.mat,SAMPLE,2,14968,1969,98.4,748.35
R006,VEH,T1_SD_VEH,2026_06_20_merged.mat,SAMPLE,2,14969,1970,98.45,748.4000000000001
R006,VEH,T1_SD_VEH,2026_06_20_merged.mat,SAMPLE,2,14970,1971,98.5,748.45
R006,VEH,T1_SD_VEH,2026_06_20_merged.mat,SAMPLE,1,14977,1978,98.85000000000001,748.8000000000001
R006,VEH,T1_SD_VEH,2026_06_20_merged.mat,SAMPLE,2,14985,1986,99.25,749.2
R006,VEH,T1_SD_VEH,2026_06_20_merged.mat,SAMPLE,2,14986,1987,99.30000000000001,749.25
R006,VEH,T1_SD_VEH,2026_06_20_merged.mat,SAMPLE,1,15023,2024,101.15,751.1
R006,VEH,T1_SD_VEH,2026_06_20_merged.mat,SAMPLE,1,15024,2025,101.2,751.1500000000001
R006,VEH,T1_SD_VEH,2026_06_20_merged.mat,SAMPLE,1,15025,2026,101.25,751.2
R006,VEH,T1_SD_VEH,2026_06_20_merged.mat,SAMPLE,2,15032,2033,101.60000000000001,751.5500000000001
R006,VEH,T1_SD_VEH,2026_06_20_merged.mat,SAMPLE,2,15033,2034,101.65,751.6
R006,VEH,T1_SD_VEH,2026_06_20_merged.mat,SAMPLE,2,15034,2035,101.7,751.6500000000001
R006,VEH,T1_SD_VEH,2026_06_20_merged.mat,SAMPLE,2,15035,2036,101.75,751.7
R006,VEH,T1_SD_VEH,2026_06_20_merged.mat,SAMPLE,2,15063,2064,103.15,753.1
R006,VEH,T1_SD_VEH,2026_06_20_merged.mat,SAMPLE,2,15064,2065,103.2,753.1500000000001
R006,VEH,T1_SD_VEH,2026_06_20_merged.mat,SAMPLE,2,15071,2072,103.55000000000001,753.5
R006,VEH,T1_SD_VEH,2026_06_20_merged.mat,SAMPLE,2,15072,2073,103.60000000000001,753.5500000000001
R006,VEH,T1_SD_VEH,2026_06_20_merged.mat,SAMPLE,2,15073,2074,103.65,753.6
R006,VEH,T1_SD_VEH,2026_06_20_merged.mat,SAMPLE,2,15100,2101,105.0,754.95
R006,VEH,T1_SD_VEH,2026_06_20_merged.mat,SAMPLE,2,15101,2102,105.05000000000001,755.0
R006,VEH,T1_SD_VEH,2026_06_20_merged.mat,SAMPLE,2,15102,2103,105.10000000000001,755.0500000000001
R006,VEH,T1_SD_VEH,2026_06_20_merged.mat,SAMPLE,1,15118,2119,105.9,755.85
R006,VEH,T1_SD_VEH,2026_06_20_merged.mat,SAMPLE,2,15150,2151,107.5,757.45
R006,VEH,T1_SD_VEH,2026_06_20_merged.mat,SAMPLE,2,15151,2152,107.55000000000001,757.5
R006,VEH,T1_SD_VEH,2026_06_20_merged.mat,SAMPLE,2,15152,2153,107.60000000000001,757.5500000000001
R006,VEH,T1_SD_VEH,2026_06_20_merged.mat,SAMPLE,2,15153,2154,107.65,757.6
R006,VEH,T1_SD_VEH,2026_06_20_merged.mat,SAMPLE,2,15154,2155,107.7,757.6500000000001
R006,VEH,T1_SD_VEH,2026_06_20_merged.mat,SAMPLE,1,15205,2206,110.25,760.2
R006,VEH,T1_SD_VEH,2026_06_20_merged.mat,SAMPLE,1,15206,2207,110.30000000000001,760.25
R006,VEH,T1_SD_VEH,2026_06_20_merged.mat,SAMPLE,1,15207,2208,110.35000000000001,760.3000000000001
R006,VEH,T1_SD_VEH,2026_06_20_merged.mat,SAMPLE,1,15266,2267,113.30000000000001,763.25
R006,VEH,T1_SD_VEH,2026_06_20_merged.mat,SAMPLE,1,15287,2288,114.35000000000001,764.3000000000001
R006,VEH,T1_SD_VEH,2026_06_20_merged.mat,SAMPLE,1,15288,2289,114.4,764.35
R006,VEH,T1_SD_VEH,2026_06_20_merged.mat,SAMPLE,1,15289,2290,114.45,764.4000000000001
R006,VEH,T1_SD_VEH,2026_06_20_merged.mat,SAMPLE,1,15290,2291,114.5,764.45
R006,VEH,T1_SD_VEH,2026_06_20_merged.mat,SAMPLE,1,15291,2292,114.55000000000001,764.5
R006,VEH,T1_SD_VEH,2026_06_20_merged.mat,SAMPLE,1,15292,2293,114.60000000000001,764.5500000000001
R006,VEH,T1_SD_VEH,2026_06_20_merged.mat,SAMPLE,1,15298,2299,114.9,764.85
R006,VEH,T1_SD_VEH,2026_06_20_merged.mat,SAMPLE,1,15299,2300,114.95,764.9000000000001
R006,VEH,T1_SD_VEH,2026_06_20_merged.mat,SAMPLE,1,15300,2301,115.0,764.95
R006,VEH,T1_SD_VEH,2026_06_20_merged.mat,SAMPLE,1,15301,2302,115.05000000000001,765.0
R006,VEH,T1_SD_VEH,2026_06_20_merged.mat,SAMPLE,2,15320,2321,116.0,765.95
R006,VEH,T1_SD_VEH,2026_06_20_merged.mat,SAMPLE,2,15321,2322,116.05000000000001,766.0
R006,VEH,T1_SD_VEH,2026_06_20_merged.mat,SAMPLE,2,15322,2323,116.10000000000001,766.0500000000001
R006,VEH,T1_SD_VEH,2026_06_20_merged.mat,SAMPLE,2,15323,2324,116.15,766.1
R006,VEH,T1_SD_VEH,2026_06_20_merged.mat,SAMPLE,2,15324,2325,116.2,766.1500000000001
R006,VEH,T1_SD_VEH,2026_06_20_merged.mat,SAMPLE,1,15330,2331,116.5,766.45
R006,VEH,T1_SD_VEH,2026_06_20_merged.mat,SAMPLE,1,15331,2332,116.55000000000001,766.5
R006,VEH,T1_SD_VEH,2026_06_20_merged.mat,SAMPLE,1,15332,2333,116.60000000000001,766.5500000000001
R006,VEH,T1_SD_VEH,2026_06_20_merged.mat,SAMPLE,1,15333,2334,116.65,766.6
R006,VEH,T1_SD_VEH,2026_06_20_merged.mat,SAMPLE,1,15334,2335,116.7,766.6500000000001
R006,VEH,T1_SD_VEH,2026_06_20_merged.mat,SAMPLE,1,15335,2336,116.75,766.7
R006,VEH,T1_SD_VEH,2026_06_20_merged.mat,SAMPLE,1,15347,2348,117.35000000000001,767.3000000000001
R006,VEH,T1_SD_VEH,2026_06_20_merged.mat,SAMPLE,1,15348,2349,117.4,767.35
R006,VEH,T1_SD_VEH,2026_06_20_merged.mat,SAMPLE,1,15349,2350,117.45,767.4000000000001
R006,VEH,T1_SD_VEH,2026_06_20_merged.mat,SAMPLE,1,15350,2351,117.5,767.45
R006,VEH,T1_SD_VEH,2026_06_20_merged.mat,SAMPLE,1,15363,2364,118.15,768.1
R006,VEH,T1_SD_VEH,2026_06_20_merged.mat,SAMPLE,1,15364,2365,118.2,768.1500000000001
R006,VEH,T1_SD_VEH,2026_06_20_merged.mat,SAMPLE,1,15365,2366,118.25,768.2
R006,VEH,T1_SD_VEH,2026_06_20_merged.mat,SAMPLE,1,15366,2367,118.30000000000001,768.25
R006,VEH,T1_SD_VEH,2026_06_20_merged.mat,SAMPLE,1,15367,2368,118.35000000000001,768.3000000000001
R006,VEH,T1_SD_VEH,2026_06_20_merged.mat,SAMPLE,1,15368,2369,118.4,768.35
R006,VEH,T1_SD_VEH,2026_06_20_merged.mat,SAMPLE,1,15369,2370,118.45,768.4000000000001
R006,VEH,T1_SD_VEH,2026_06_20_merged.mat,SAMPLE,1,15370,2371,118.5,768.45
R006,VEH,T1_SD_VEH,2026_06_20_merged.mat,SAMPLE,2,15380,2381,119.0,768.95
R006,VEH,T1_SD_VEH,2026_06_20_merged.mat,SAMPLE,2,15381,2382,119.05000000000001,769.0
R006,VEH,T1_SD_VEH,2026_06_20_merged.mat,SAMPLE,1,15385,2386,119.25,769.2
R006,VEH,T1_SD_VEH,2026_06_20_merged.mat,SAMPLE,2,15395,2396,119.75,769.7
R006,VEH,T1_SD_VEH,2026_06_20_merged.mat,SAMPLE,2,15396,2397,119.80000000000001,769.75
R006,VEH,T1_SD_VEH,2026_06_20_merged.mat,SAMPLE,2,15397,2398,119.85000000000001,769.8000000000001
R006,VEH,T1_SD_VEH,2026_06_20_merged.mat,SAMPLE,2,15398,2399,119.9,769.85
R006,VEH,T1_SD_VEH,2026_06_20_merged.mat,SAMPLE,1,15452,2453,122.60000000000001,772.5500000000001
R006,VEH,T1_SD_VEH,2026_06_20_merged.mat,SAMPLE,1,15453,2454,122.65,772.6
R006,VEH,T1_SD_VEH,2026_06_20_merged.mat,SAMPLE,1,15454,2455,122.7,772.6500000000001
R006,VEH,T1_SD_VEH,2026_06_20_merged.mat,SAMPLE,1,15461,2462,123.05000000000001,773.0
R006,VEH,T1_SD_VEH,2026_06_20_merged.mat,SAMPLE,1,15462,2463,123.10000000000001,773.0500000000001
R006,VEH,T1_SD_VEH,2026_06_20_merged.mat,SAMPLE,1,15507,2508,125.35000000000001,775.3000000000001
R006,VEH,T1_SD_VEH,2026_06_20_merged.mat,SAMPLE,1,15508,2509,125.4,775.35
R006,VEH,T1_SD_VEH,2026_06_20_merged.mat,SAMPLE,1,15525,2526,126.25,776.2
R006,VEH,T1_SD_VEH,2026_06_20_merged.mat,SAMPLE,1,15526,2527,126.30000000000001,776.25
R006,VEH,T1_SD_VEH,2026_06_20_merged.mat,SAMPLE,1,15527,2528,126.35000000000001,776.3000000000001
R006,VEH,T1_SD_VEH,2026_06_20_merged.mat,SAMPLE,1,15563,2564,128.15,778.1
R006,VEH,T1_SD_VEH,2026_06_20_merged.mat,SAMPLE,1,15564,2565,128.20000000000002,778.1500000000001
R006,VEH,T1_SD_VEH,2026_06_20_merged.mat,SAMPLE,1,15565,2566,128.25,778.2
R006,VEH,T1_SD_VEH,2026_06_20_merged.mat,SAMPLE,1,15566,2567,128.3,778.25
R006,VEH,T1_SD_VEH,2026_06_20_merged.mat,SAMPLE,1,15578,2579,128.9,778.85
R006,VEH,T1_SD_VEH,2026_06_20_merged.mat,SAMPLE,1,15579,2580,128.95000000000002,778.9000000000001
R006,VEH,T1_SD_VEH,2026_06_20_merged.mat,SAMPLE,1,15580,2581,129.0,778.95
R006,VEH,T1_SD_VEH,2026_06_20_merged.mat,SAMPLE,1,15589,2590,129.45000000000002,779.4000000000001
R006,VEH,T1_SD_VEH,2026_06_20_merged.mat,SAMPLE,1,15654,2655,132.70000000000002,782.6500000000001
R006,VEH,T1_SD_VEH,2026_06_20_merged.mat,SAMPLE,1,15655,2656,132.75,782.7
R006,VEH,T1_SD_VEH,2026_06_20_merged.mat,SAMPLE,1,15656,2657,132.8,782.75
R006,VEH,T1_SD_VEH,2026_06_20_merged.mat,SAMPLE,1,15695,2696,134.75,784.7
R006,VEH,T1_SD_VEH,2026_06_20_merged.mat,SAMPLE,1,15696,2697,134.8,784.75
R006,VEH,T1_SD_VEH,2026_06_20_merged.mat,SAMPLE,1,15715,2716,135.75,785.7
R006,VEH,T1_SD_VEH,2026_06_20_merged.mat,SAMPLE,1,15716,2717,135.8,785.75
R006,VEH,T1_SD_VEH,2026_06_20_merged.mat,SAMPLE,1,15717,2718,135.85,785.8000000000001
R006,VEH,T1_SD_VEH,2026_06_20_merged.mat,SAMPLE,1,15718,2719,135.9,785.85
R006,VEH,T1_SD_VEH,2026_06_20_merged.mat,SAMPLE,1,15719,2720,135.95000000000002,785.9000000000001
R006,VEH,T1_SD_VEH,2026_06_20_merged.mat,SAMPLE,1,15720,2721,136.0,785.95
R006,VEH,T1_SD_VEH,2026_06_20_merged.mat,SAMPLE,1,15728,2729,136.4,786.35
R006,VEH,T1_SD_VEH,2026_06_20_merged.mat,SAMPLE,1,15729,2730,136.45000000000002,786.4000000000001
R006,VEH,T1_SD_VEH,2026_06_20_merged.mat,SAMPLE,1,15730,2731,136.5,786.45
R006,VEH,T1_SD_VEH,2026_06_20_merged.mat,SAMPLE,1,15731,2732,136.55,786.5
R006,VEH,T1_SD_VEH,2026_06_20_merged.mat,SAMPLE,2,15741,2742,137.05,787.0
R006,VEH,T1_SD_VEH,2026_06_20_merged.mat,SAMPLE,2,15742,2743,137.1,787.0500000000001
R006,VEH,T1_SD_VEH,2026_06_20_merged.mat,SAMPLE,2,15743,2744,137.15,787.1
R006,VEH,T1_SD_VEH,2026_06_20_merged.mat,SAMPLE,2,15744,2745,137.20000000000002,787.1500000000001
R006,VEH,T1_SD_VEH,2026_06_20_merged.mat,SAMPLE,2,15745,2746,137.25,787.2
R006,VEH,T1_SD_VEH,2026_06_20_merged.mat,SAMPLE,2,15746,2747,137.3,787.25
R006,VEH,T1_SD_VEH,2026_06_20_merged.mat,SAMPLE,1,15770,2771,138.5,788.45
R006,VEH,T1_SD_VEH,2026_06_20_merged.mat,SAMPLE,1,15771,2772,138.55,788.5
R006,VEH,T1_SD_VEH,2026_06_20_merged.mat,SAMPLE,1,15779,2780,138.95000000000002,788.9000000000001
R006,VEH,T1_SD_VEH,2026_06_20_merged.mat,SAMPLE,1,15780,2781,139.0,788.95
R006,VEH,T1_SD_VEH,2026_06_20_merged.mat,SAMPLE,1,15781,2782,139.05,789.0
R006,VEH,T1_SD_VEH,2026_06_20_merged.mat,SAMPLE,1,15782,2783,139.1,789.0500000000001
R006,VEH,T1_SD_VEH,2026_06_20_merged.mat,SAMPLE,1,15783,2784,139.15,789.1
R006,VEH,T1_SD_VEH,2026_06_20_merged.mat,SAMPLE,2,15806,2807,140.3,790.25
R006,VEH,T1_SD_VEH,2026_06_20_merged.mat,SAMPLE,2,15807,2808,140.35,790.3000000000001
R006,VEH,T1_SD_VEH,2026_06_20_merged.mat,SAMPLE,2,15808,2809,140.4,790.35
R006,VEH,T1_SD_VEH,2026_06_20_merged.mat,SAMPLE,2,15809,2810,140.45000000000002,790.4000000000001
R006,VEH,T1_SD_VEH,2026_06_20_merged.mat,SAMPLE,1,15817,2818,140.85,790.8000000000001
R006,VEH,T1_SD_VEH,2026_06_20_merged.mat,SAMPLE,1,15818,2819,140.9,790.85
R006,VEH,T1_SD_VEH,2026_06_20_merged.mat,SAMPLE,1,15819,2820,140.95000000000002,790.9000000000001
R006,VEH,T1_SD_VEH,2026_06_20_merged.mat,SAMPLE,1,15820,2821,141.0,790.95
R006,VEH,T1_SD_VEH,2026_06_20_merged.mat,SAMPLE,1,15821,2822,141.05,791.0
R006,VEH,T1_SD_VEH,2026_06_20_merged.mat,SAMPLE,1,15822,2823,141.1,791.0500000000001
R006,VEH,T1_SD_VEH,2026_06_20_merged.mat,SAMPLE,1,15823,2824,141.15,791.1
R006,VEH,T1_SD_VEH,2026_06_20_merged.mat,SAMPLE,1,15824,2825,141.20000000000002,791.1500000000001
R006,VEH,T1_SD_VEH,2026_06_20_merged.mat,SAMPLE,1,15826,2827,141.3,791.25
R006,VEH,T1_SD_VEH,2026_06_20_merged.mat,SAMPLE,1,15827,2828,141.35,791.3000000000001
R006,VEH,T1_SD_VEH,2026_06_20_merged.mat,SAMPLE,1,15828,2829,141.4,791.35
R006,VEH,T1_SD_VEH,2026_06_20_merged.mat,SAMPLE,1,15829,2830,141.45000000000002,791.4000000000001
R006,VEH,T1_SD_VEH,2026_06_20_merged.mat,SAMPLE,1,15830,2831,141.5,791.45
R006,VEH,T1_SD_VEH,2026_06_20_merged.mat,SAMPLE,1,15831,2832,141.55,791.5
R006,VEH,T1_SD_VEH,2026_06_20_merged.mat,SAMPLE,1,15832,2833,141.6,791.5500000000001
R006,VEH,T1_SD_VEH,2026_06_20_merged.mat,SAMPLE,1,15833,2834,141.65,791.6
R006,VEH,T1_SD_VEH,2026_06_20_merged.mat,SAMPLE,1,15851,2852,142.55,792.5
R006,VEH,T1_SD_VEH,2026_06_20_merged.mat,SAMPLE,1,15852,2853,142.6,792.5500000000001
R006,VEH,T1_SD_VEH,2026_06_20_merged.mat,SAMPLE,1,15853,2854,142.65,792.6
R006,VEH,T1_SD_VEH,2026_06_20_merged.mat,SAMPLE,1,15868,2869,143.4,793.35
R006,VEH,T1_SD_VEH,2026_06_20_merged.mat,SAMPLE,1,15869,2870,143.45000000000002,793.4000000000001
R006,VEH,T1_SD_VEH,2026_06_20_merged.mat,SAMPLE,1,15870,2871,143.5,793.45
R006,VEH,T1_SD_VEH,2026_06_20_merged.mat,SAMPLE,1,15871,2872,143.55,793.5
R006,VEH,T1_SD_VEH,2026_06_20_merged.mat,SAMPLE,1,15872,2873,143.6,793.5500000000001
R006,VEH,T1_SD_VEH,2026_06_20_merged.mat,SAMPLE,2,15878,2879,143.9,793.85
R006,VEH,T1_SD_VEH,2026_06_20_merged.mat,SAMPLE,2,15879,2880,143.95000000000002,793.9000000000001
R006,VEH,T1_SD_VEH,2026_06_20_merged.mat,SAMPLE,2,15880,2881,144.0,793.95
R006,VEH,T1_SD_VEH,2026_06_20_merged.mat,SAMPLE,2,15881,2882,144.05,794.0
R006,VEH,T1_SD_VEH,2026_06_20_merged.mat,SAMPLE,2,15882,2883,144.1,794.0500000000001
R006,VEH,T1_SD_VEH,2026_06_20_merged.mat,SAMPLE,2,15883,2884,144.15,794.1
R006,VEH,T1_SD_VEH,2026_06_20_merged.mat,SAMPLE,2,15893,2894,144.65,794.6
R006,VEH,T1_SD_VEH,2026_06_20_merged.mat,SAMPLE,2,15894,2895,144.70000000000002,794.6500000000001
R006,VEH,T1_SD_VEH,2026_06_20_merged.mat,SAMPLE,2,15895,2896,144.75,794.7
R006,VEH,T1_SD_VEH,2026_06_20_merged.mat,SAMPLE,2,15935,2936,146.75,796.7
R006,VEH,T1_SD_VEH,2026_06_20_merged.mat,SAMPLE,2,15936,2937,146.8,796.75
R006,VEH,T1_SD_VEH,2026_06_20_merged.mat,SAMPLE,2,15937,2938,146.85,796.8000000000001
R006,VEH,T1_SD_VEH,2026_06_20_merged.mat,SAMPLE,1,15979,2980,148.95000000000002,798.9000000000001
R006,VEH,T1_SD_VEH,2026_06_20_merged.mat,SAMPLE,1,15980,2981,149.0,798.95
R006,VEH,T1_SD_VEH,2026_06_20_merged.mat,SAMPLE,1,15981,2982,149.05,799.0
R006,VEH,T1_SD_VEH,2026_06_20_merged.mat,SAMPLE,1,15982,2983,149.1,799.0500000000001
R006,VEH,T1_SD_VEH,2026_06_20_merged.mat,SAMPLE,2,15987,2988,149.35,799.3000000000001
R006,VEH,T1_SD_VEH,2026_06_20_merged.mat,SAMPLE,1,16002,3003,150.1,800.0500000000001
R006,VEH,T1_SD_VEH,2026_06_20_merged.mat,SAMPLE,2,16008,3009,150.4,800.35
R006,VEH,T1_SD_VEH,2026_06_20_merged.mat,SAMPLE,2,16009,3010,150.45000000000002,800.4000000000001
R006,VEH,T1_SD_VEH,2026_06_20_merged.mat,SAMPLE,2,16010,3011,150.5,800.45
R006,VEH,T1_SD_VEH,2026_06_20_merged.mat,SAMPLE,2,16020,3021,151.0,800.95
R006,VEH,T1_SD_VEH,2026_06_20_merged.mat,SAMPLE,2,16021,3022,151.05,801.0
R006,VEH,T1_SD_VEH,2026_06_20_merged.mat,SAMPLE,2,16072,3073,153.60000000000002,803.5500000000001
R006,VEH,T1_SD_VEH,2026_06_20_merged.mat,SAMPLE,2,16073,3074,153.65,803.6
R006,VEH,T1_SD_VEH,2026_06_20_merged.mat,SAMPLE,2,16104,3105,155.20000000000002,805.1500000000001
R006,VEH,T1_SD_VEH,2026_06_20_merged.mat,SAMPLE,2,16105,3106,155.25,805.2
R006,VEH,T1_SD_VEH,2026_06_20_merged.mat,SAMPLE,2,16106,3107,155.3,805.25
R006,VEH,T1_SD_VEH,2026_06_20_merged.mat,SAMPLE,2,16107,3108,155.35000000000002,805.3000000000001
R006,VEH,T1_SD_VEH,2026_06_20_merged.mat,SAMPLE,2,16114,3115,155.70000000000002,805.6500000000001
R006,VEH,T1_SD_VEH,2026_06_20_merged.mat,SAMPLE,2,16115,3116,155.75,805.7
R006,VEH,T1_SD_VEH,2026_06_20_merged.mat,SAMPLE,2,16116,3117,155.8,805.75
R006,VEH,T1_SD_VEH,2026_06_20_merged.mat,SAMPLE,2,16117,3118,155.85000000000002,805.8000000000001
R006,VEH,T1_SD_VEH,2026_06_20_merged.mat,SAMPLE,2,16123,3124,156.15,806.1
R006,VEH,T1_SD_VEH,2026_06_20_merged.mat,SAMPLE,2,16124,3125,156.20000000000002,806.1500000000001
R006,VEH,T1_SD_VEH,2026_06_20_merged.mat,SAMPLE,2,16125,3126,156.25,806.2
R006,VEH,T1_SD_VEH,2026_06_20_merged.mat,SAMPLE,1,16140,3141,157.0,806.95
R006,VEH,T1_SD_VEH,2026_06_20_merged.mat,SAMPLE,1,16141,3142,157.05,807.0
R006,VEH,T1_SD_VEH,2026_06_20_merged.mat,SAMPLE,1,16142,3143,157.10000000000002,807.0500000000001
R006,VEH,T1_SD_VEH,2026_06_20_merged.mat,SAMPLE,2,16159,3160,157.95000000000002,807.9000000000001
R006,VEH,T1_SD_VEH,2026_06_20_merged.mat,SAMPLE,2,16160,3161,158.0,807.95
R006,VEH,T1_SD_VEH,2026_06_20_merged.mat,SAMPLE,2,16161,3162,158.05,808.0
R006,VEH,T1_SD_VEH,2026_06_20_merged.mat,SAMPLE,2,16162,3163,158.10000000000002,808.0500000000001
R006,VEH,T1_SD_VEH,2026_06_20_merged.mat,SAMPLE,2,16163,3164,158.15,808.1
R006,VEH,T1_SD_VEH,2026_06_20_merged.mat,SAMPLE,2,16197,3198,159.85000000000002,809.8000000000001
R006,VEH,T1_SD_VEH,2026_06_20_merged.mat,SAMPLE,2,16198,3199,159.9,809.85
R006,VEH,T1_SD_VEH,2026_06_20_merged.mat,SAMPLE,2,16199,3200,159.95000000000002,809.9000000000001
R006,VEH,T1_SD_VEH,2026_06_20_merged.mat,SAMPLE,2,16200,3201,160.0,809.95
R006,VEH,T1_SD_VEH,2026_06_20_merged.mat,SAMPLE,1,16229,3230,161.45000000000002,811.4000000000001
R006,VEH,T1_SD_VEH,2026_06_20_merged.mat,SAMPLE,1,16230,3231,161.5,811.45
R006,VEH,T1_SD_VEH,2026_06_20_merged.mat,SAMPLE,1,16231,3232,161.55,811.5
R006,VEH,T1_SD_VEH,2026_06_20_merged.mat,SAMPLE,1,16232,3233,161.60000000000002,811.5500000000001
R006,VEH,T1_SD_VEH,2026_06_20_merged.mat,SAMPLE,1,16233,3234,161.65,811.6
R006,VEH,T1_SD_VEH,2026_06_20_merged.mat,SAMPLE,1,16234,3235,161.70000000000002,811.6500000000001
R006,VEH,T1_SD_VEH,2026_06_20_merged.mat,SAMPLE,1,16235,3236,161.75,811.7
R006,VEH,T1_SD_VEH,2026_06_20_merged.mat,SAMPLE,2,16248,3249,162.4,812.35
R006,VEH,T1_SD_VEH,2026_06_20_merged.mat,SAMPLE,1,16268,3269,163.4,813.35
R006,VEH,T1_SD_VEH,2026_06_20_merged.mat,SAMPLE,1,16269,3270,163.45000000000002,813.4000000000001
R006,VEH,T1_SD_VEH,2026_06_20_merged.mat,SAMPLE,1,16270,3271,163.5,813.45
R006,VEH,T1_SD_VEH,2026_06_20_merged.mat,SAMPLE,1,16271,3272,163.55,813.5
R006,VEH,T1_SD_VEH,2026_06_20_merged.mat,SAMPLE,1,16296,3297,164.8,814.75
R006,VEH,T1_SD_VEH,2026_06_20_merged.mat,SAMPLE,1,16326,3327,166.3,816.25
R006,VEH,T1_SD_VEH,2026_06_20_merged.mat,SAMPLE,1,16327,3328,166.35000000000002,816.3000000000001
R006,VEH,T1_SD_VEH,2026_06_20_merged.mat,SAMPLE,2,16349,3350,167.45000000000002,817.4000000000001
R006,VEH,T1_SD_VEH,2026_06_20_merged.mat,SAMPLE,2,16350,3351,167.5,817.45
R006,VEH,T1_SD_VEH,2026_06_20_merged.mat,SAMPLE,2,16351,3352,167.55,817.5
R006,VEH,T1_SD_VEH,2026_06_20_merged.mat,SAMPLE,2,16352,3353,167.60000000000002,817.5500000000001
R006,VEH,T1_SD_VEH,2026_06_20_merged.mat,SAMPLE,2,16353,3354,167.65,817.6
R006,VEH,T1_SD_VEH,2026_06_20_merged.mat,SAMPLE,2,16354,3355,167.70000000000002,817.6500000000001
R006,VEH,T1_SD_VEH,2026_06_20_merged.mat,SAMPLE,1,16389,3390,169.45000000000002,819.4000000000001
R006,VEH,T1_SD_VEH,2026_06_20_merged.mat,SAMPLE,1,16390,3391,169.5,819.45
R006,VEH,T1_SD_VEH,2026_06_20_merged.mat,SAMPLE,1,16391,3392,169.55,819.5
R006,VEH,T1_SD_VEH,2026_06_20_merged.mat,SAMPLE,1,16392,3393,169.60000000000002,819.5500000000001
R006,VEH,T1_SD_VEH,2026_06_20_merged.mat,SAMPLE,1,16393,3394,169.65,819.6
R006,VEH,T1_SD_VEH,2026_06_20_merged.mat,SAMPLE,1,16394,3395,169.70000000000002,819.6500000000001
R006,VEH,T1_SD_VEH,2026_06_20_merged.mat,SAMPLE,2,16400,3401,170.0,819.95
R006,VEH,T1_SD_VEH,2026_06_20_merged.mat,SAMPLE,1,16406,3407,170.3,820.25
R006,VEH,T1_SD_VEH,2026_06_20_merged.mat,SAMPLE,1,16407,3408,170.35000000000002,820.3000000000001
R006,VEH,T1_SD_VEH,2026_06_20_merged.mat,SAMPLE,2,16414,3415,170.70000000000002,820.6500000000001
R006,VEH,T1_SD_VEH,2026_06_20_merged.mat,SAMPLE,2,16415,3416,170.75,820.7
R006,VEH,T1_SD_VEH,2026_06_20_merged.mat,SAMPLE,2,16416,3417,170.8,820.75
R006,VEH,T1_SD_VEH,2026_06_20_merged.mat,SAMPLE,2,16417,3418,170.85000000000002,820.8000000000001
R006,VEH,T1_SD_VEH,2026_06_20_merged.mat,SAMPLE,2,16432,3433,171.60000000000002,821.5500000000001
R006,VEH,T1_SD_VEH,2026_06_20_merged.mat,SAMPLE,2,16433,3434,171.65,821.6
R006,VEH,T1_SD_VEH,2026_06_20_merged.mat,SAMPLE,1,16466,3467,173.3,823.25
R006,VEH,T1_SD_VEH,2026_06_20_merged.mat,SAMPLE,1,16467,3468,173.35000000000002,823.3000000000001
R006,VEH,T1_SD_VEH,2026_06_20_merged.mat,SAMPLE,2,16475,3476,173.75,823.7
R006,VEH,T1_SD_VEH,2026_06_20_merged.mat,SAMPLE,2,16476,3477,173.8,823.75
R006,VEH,T1_SD_VEH,2026_06_20_merged.mat,SAMPLE,2,16477,3478,173.85000000000002,823.8000000000001
R006,VEH,T1_SD_VEH,2026_06_20_merged.mat,SAMPLE,2,16487,3488,174.35000000000002,824.3000000000001
R006,VEH,T1_SD_VEH,2026_06_20_merged.mat,SAMPLE,2,16488,3489,174.4,824.35
R006,VEH,T1_SD_VEH,2026_06_20_merged.mat,SAMPLE,2,16489,3490,174.45000000000002,824.4000000000001
R006,VEH,T1_SD_VEH,2026_06_20_merged.mat,SAMPLE,1,16495,3496,174.75,824.7
R006,VEH,T1_SD_VEH,2026_06_20_merged.mat,SAMPLE,1,16496,3497,174.8,824.75
R006,VEH,T1_SD_VEH,2026_06_20_merged.mat,SAMPLE,1,16497,3498,174.85000000000002,824.8000000000001
R006,VEH,T1_SD_VEH,2026_06_20_merged.mat,SAMPLE,2,16512,3513,175.60000000000002,825.5500000000001
R006,VEH,T1_SD_VEH,2026_06_20_merged.mat,SAMPLE,2,16513,3514,175.65,825.6
R006,VEH,T1_SD_VEH,2026_06_20_merged.mat,SAMPLE,2,16523,3524,176.15,826.1
R006,VEH,T1_SD_VEH,2026_06_20_merged.mat,SAMPLE,2,16524,3525,176.20000000000002,826.1500000000001
R006,VEH,T1_SD_VEH,2026_06_20_merged.mat,SAMPLE,2,16525,3526,176.25,826.2
R006,VEH,T1_SD_VEH,2026_06_20_merged.mat,SAMPLE,1,16544,3545,177.20000000000002,827.1500000000001
R006,VEH,T1_SD_VEH,2026_06_20_merged.mat,SAMPLE,2,16551,3552,177.55,827.5
R006,VEH,T1_SD_VEH,2026_06_20_merged.mat,SAMPLE,2,16552,3553,177.60000000000002,827.5500000000001
R006,VEH,T1_SD_VEH,2026_06_20_merged.mat,SAMPLE,2,16553,3554,177.65,827.6
R006,VEH,T1_SD_VEH,2026_06_20_merged.mat,SAMPLE,2,16560,3561,178.0,827.95
R006,VEH,T1_SD_VEH,2026_06_20_merged.mat,SAMPLE,2,16561,3562,178.05,828.0
R006,VEH,T1_SD_VEH,2026_06_20_merged.mat,SAMPLE,2,16562,3563,178.10000000000002,828.0500000000001
R006,VEH,T1_SD_VEH,2026_06_20_merged.mat,SAMPLE,2,16563,3564,178.15,828.1
R006,VEH,T1_SD_VEH,2026_06_20_merged.mat,SAMPLE,2,16564,3565,178.20000000000002,828.1500000000001
R006,VEH,T1_SD_VEH,2026_06_20_merged.mat,SAMPLE,2,16565,3566,178.25,828.2
R006,VEH,T1_SD_VEH,2026_06_20_merged.mat,SAMPLE,2,16573,3574,178.65,828.6
R006,VEH,T1_SD_VEH,2026_06_20_merged.mat,SAMPLE,2,16574,3575,178.70000000000002,828.6500000000001
R006,VEH,T1_SD_VEH,2026_06_20_merged.mat,SAMPLE,2,16575,3576,178.75,828.7
R006,VEH,T1_SD_VEH,2026_06_20_merged.mat,SAMPLE,2,16576,3577,178.8,828.75
R006,VEH,T1_SD_VEH,2026_06_20_merged.mat,SAMPLE,2,16595,3596,179.75,829.7
R006,VEH,T1_SD_VEH,2026_06_20_merged.mat,SAMPLE,2,16596,3597,179.8,829.75
R006,VEH,T1_SD_VEH,2026_06_20_merged.mat,SAMPLE,2,16597,3598,179.85000000000002,829.8000000000001
R006,VEH,T1_SD_VEH,2026_06_20_merged.mat,SAMPLE,2,16625,3626,181.25,831.2
R006,VEH,T1_SD_VEH,2026_06_20_merged.mat,SAMPLE,2,16626,3627,181.3,831.25
R006,VEH,T1_SD_VEH,2026_06_20_merged.mat,SAMPLE,2,16627,3628,181.35000000000002,831.3000000000001
R006,VEH,T1_SD_VEH,2026_06_20_merged.mat,SAMPLE,2,16639,3640,181.95000000000002,831.9000000000001
R006,VEH,T1_SD_VEH,2026_06_20_merged.mat,SAMPLE,2,16640,3641,182.0,831.95
R006,VEH,T1_SD_VEH,2026_06_20_merged.mat,SAMPLE,2,16641,3642,182.05,832.0
R006,VEH,T1_SD_VEH,2026_06_20_merged.mat,SAMPLE,2,16642,3643,182.10000000000002,832.0500000000001
R006,VEH,T1_SD_VEH,2026_06_20_merged.mat,SAMPLE,2,16643,3644,182.15,832.1
R006,VEH,T1_SD_VEH,2026_06_20_merged.mat,SAMPLE,2,16644,3645,182.20000000000002,832.1500000000001
R006,VEH,T1_SD_VEH,2026_06_20_merged.mat,SAMPLE,2,16645,3646,182.25,832.2
R006,VEH,T1_SD_VEH,2026_06_20_merged.mat,SAMPLE,2,16648,3649,182.4,832.35
R006,VEH,T1_SD_VEH,2026_06_20_merged.mat,SAMPLE,2,16651,3652,182.55,832.5
R006,VEH,T1_SD_VEH,2026_06_20_merged.mat,SAMPLE,2,16652,3653,182.60000000000002,832.5500000000001
R006,VEH,T1_SD_VEH,2026_06_20_merged.mat,SAMPLE,2,16654,3655,182.70000000000002,832.6500000000001
R006,VEH,T1_SD_VEH,2026_06_20_merged.mat,SAMPLE,2,16655,3656,182.75,832.7
R006,VEH,T1_SD_VEH,2026_06_20_merged.mat,SAMPLE,2,16676,3677,183.8,833.75
R006,VEH,T1_SD_VEH,2026_06_20_merged.mat,SAMPLE,2,16677,3678,183.85000000000002,833.8000000000001
R006,VEH,T1_SD_VEH,2026_06_20_merged.mat,SAMPLE,2,16678,3679,183.9,833.85
R006,VEH,T1_SD_VEH,2026_06_20_merged.mat,SAMPLE,2,16689,3690,184.45000000000002,834.4000000000001
R006,VEH,T1_SD_VEH,2026_06_20_merged.mat,SAMPLE,2,16690,3691,184.5,834.45
R006,VEH,T1_SD_VEH,2026_06_20_merged.mat,SAMPLE,2,16691,3692,184.55,834.5
R006,VEH,T1_SD_VEH,2026_06_20_merged.mat,SAMPLE,2,16692,3693,184.60000000000002,834.5500000000001
R006,VEH,T1_SD_VEH,2026_06_20_merged.mat,SAMPLE,2,16693,3694,184.65,834.6
R006,VEH,T1_SD_VEH,2026_06_20_merged.mat,SAMPLE,2,16705,3706,185.25,835.2
R006,VEH,T1_SD_VEH,2026_06_20_merged.mat,SAMPLE,2,16706,3707,185.3,835.25
R006,VEH,T1_SD_VEH,2026_06_20_merged.mat,SAMPLE,2,16707,3708,185.35000000000002,835.3000000000001
R006,VEH,T1_SD_VEH,2026_06_20_merged.mat,SAMPLE,2,16725,3726,186.25,836.2
R006,VEH,T1_SD_VEH,2026_06_20_merged.mat,SAMPLE,2,16726,3727,186.3,836.25
R006,VEH,T1_SD_VEH,2026_06_20_merged.mat,SAMPLE,2,16727,3728,186.35000000000002,836.3000000000001
R006,VEH,T1_SD_VEH,2026_06_20_merged.mat,SAMPLE,2,16728,3729,186.4,836.35
R006,VEH,T1_SD_VEH,2026_06_20_merged.mat,SAMPLE,1,16753,3754,187.65,837.6
R006,VEH,T1_SD_VEH,2026_06_20_merged.mat,SAMPLE,2,16772,3773,188.60000000000002,838.5500000000001
R006,VEH,T1_SD_VEH,2026_06_20_merged.mat,SAMPLE,2,16773,3774,188.65,838.6
R006,VEH,T1_SD_VEH,2026_06_20_merged.mat,SAMPLE,2,16774,3775,188.70000000000002,838.6500000000001
R006,VEH,T1_SD_VEH,2026_06_20_merged.mat,SAMPLE,1,16793,3794,189.65,839.6
R006,VEH,T1_SD_VEH,2026_06_20_merged.mat,SAMPLE,2,16801,3802,190.05,840.0
R006,VEH,T1_SD_VEH,2026_06_20_merged.mat,SAMPLE,2,16802,3803,190.10000000000002,840.0500000000001
R006,VEH,T1_SD_VEH,2026_06_20_merged.mat,SAMPLE,2,16803,3804,190.15,840.1
R006,VEH,T1_SD_VEH,2026_06_20_merged.mat,SAMPLE,2,16804,3805,190.20000000000002,840.1500000000001
R006,VEH,T1_SD_VEH,2026_06_20_merged.mat,SAMPLE,1,16820,3821,191.0,840.95
R006,VEH,T1_SD_VEH,2026_06_20_merged.mat,SAMPLE,1,16821,3822,191.05,841.0
R006,VEH,T1_SD_VEH,2026_06_20_merged.mat,SAMPLE,1,16822,3823,191.10000000000002,841.0500000000001
R006,VEH,T1_SD_VEH,2026_06_20_merged.mat,SAMPLE,2,16837,3838,191.85000000000002,841.8000000000001
R006,VEH,T1_SD_VEH,2026_06_20_merged.mat,SAMPLE,2,16838,3839,191.9,841.85
R006,VEH,T1_SD_VEH,2026_06_20_merged.mat,SAMPLE,2,16839,3840,191.95000000000002,841.9000000000001
R006,VEH,T1_SD_VEH,2026_06_20_merged.mat,SAMPLE,1,16854,3855,192.70000000000002,842.6500000000001
R006,VEH,T1_SD_VEH,2026_06_20_merged.mat,SAMPLE,1,16855,3856,192.75,842.7
R006,VEH,T1_SD_VEH,2026_06_20_merged.mat,SAMPLE,1,16856,3857,192.8,842.75
R006,VEH,T1_SD_VEH,2026_06_20_merged.mat,SAMPLE,2,16867,3868,193.35000000000002,843.3000000000001
R006,VEH,T1_SD_VEH,2026_06_20_merged.mat,SAMPLE,2,16868,3869,193.4,843.35
R006,VEH,T1_SD_VEH,2026_06_20_merged.mat,SAMPLE,2,16869,3870,193.45000000000002,843.4000000000001
R006,VEH,T1_SD_VEH,2026_06_20_merged.mat,SAMPLE,2,16870,3871,193.5,843.45
R006,VEH,T1_SD_VEH,2026_06_20_merged.mat,SAMPLE,2,16871,3872,193.55,843.5
R006,VEH,T1_SD_VEH,2026_06_20_merged.mat,SAMPLE,2,16872,3873,193.60000000000002,843.5500000000001
R006,VEH,T1_SD_VEH,2026_06_20_merged.mat,SAMPLE,1,16890,3891,194.5,844.45
R006,VEH,T1_SD_VEH,2026_06_20_merged.mat,SAMPLE,2,16960,3961,198.0,847.95
R006,VEH,T1_SD_VEH,2026_06_20_merged.mat,SAMPLE,2,16961,3962,198.05,848.0
R006,VEH,T1_SD_VEH,2026_06_20_merged.mat,SAMPLE,2,16962,3963,198.10000000000002,848.0500000000001
R006,VEH,T1_SD_VEH,2026_06_20_merged.mat,SAMPLE,2,16963,3964,198.15,848.1
R006,VEH,T1_SD_VEH,2026_06_20_merged.mat,SAMPLE,1,16972,3973,198.60000000000002,848.5500000000001
R006,VEH,T1_SD_VEH,2026_06_20_merged.mat,SAMPLE,1,16973,3974,198.65,848.6
R006,VEH,T1_SD_VEH,2026_06_20_merged.mat,SAMPLE,1,16974,3975,198.70000000000002,848.6500000000001
R006,VEH,T1_SD_VEH,2026_06_20_merged.mat,SAMPLE,1,16975,3976,198.75,848.7
R006,VEH,T1_SD_VEH,2026_06_20_merged.mat,SAMPLE,1,16984,3985,199.20000000000002,849.1500000000001
R006,VEH,T1_SD_VEH,2026_06_20_merged.mat,SAMPLE,1,16985,3986,199.25,849.2
R006,VEH,T1_SD_VEH,2026_06_20_merged.mat,SAMPLE,1,17016,4017,200.8,850.75
R006,VEH,T1_SD_VEH,2026_06_20_merged.mat,SAMPLE,1,17017,4018,200.85000000000002,850.8000000000001
R006,VEH,T1_SD_VEH,2026_06_20_merged.mat,SAMPLE,1,17018,4019,200.9,850.85
R006,VEH,T1_SD_VEH,2026_06_20_merged.mat,SAMPLE,1,17054,4055,202.70000000000002,852.6500000000001
R006,VEH,T1_SD_VEH,2026_06_20_merged.mat,SAMPLE,1,17055,4056,202.75,852.7
R006,VEH,T1_SD_VEH,2026_06_20_merged.mat,SAMPLE,1,17056,4057,202.8,852.75
R006,VEH,T1_SD_VEH,2026_06_20_merged.mat,SAMPLE,1,17101,4102,205.05,855.0
R006,VEH,T1_SD_VEH,2026_06_20_merged.mat,SAMPLE,1,17102,4103,205.10000000000002,855.0500000000001
R006,VEH,T1_SD_VEH,2026_06_20_merged.mat,SAMPLE,2,17108,4109,205.4,855.35
R006,VEH,T1_SD_VEH,2026_06_20_merged.mat,SAMPLE,2,17109,4110,205.45000000000002,855.4000000000001
R006,VEH,T1_SD_VEH,2026_06_20_merged.mat,SAMPLE,2,17110,4111,205.5,855.45
R006,VEH,T1_SD_VEH,2026_06_20_merged.mat,SAMPLE,1,17126,4127,206.3,856.25
R006,VEH,T1_SD_VEH,2026_06_20_merged.mat,SAMPLE,1,17127,4128,206.35000000000002,856.3000000000001
R006,VEH,T1_SD_VEH,2026_06_20_merged.mat,SAMPLE,2,17140,4141,207.0,856.95
R006,VEH,T1_SD_VEH,2026_06_20_merged.mat,SAMPLE,2,17141,4142,207.05,857.0
R006,VEH,T1_SD_VEH,2026_06_20_merged.mat,SAMPLE,2,17142,4143,207.10000000000002,857.0500000000001
R006,VEH,T1_SD_VEH,2026_06_20_merged.mat,SAMPLE,2,17143,4144,207.15,857.1
R006,VEH,T1_SD_VEH,2026_06_20_merged.mat,SAMPLE,2,17154,4155,207.70000000000002,857.6500000000001
R006,VEH,T1_SD_VEH,2026_06_20_merged.mat,SAMPLE,2,17155,4156,207.75,857.7
R006,VEH,T1_SD_VEH,2026_06_20_merged.mat,SAMPLE,1,17173,4174,208.65,858.6
R006,VEH,T1_SD_VEH,2026_06_20_merged.mat,SAMPLE,1,17174,4175,208.70000000000002,858.6500000000001
R006,VEH,T1_SD_VEH,2026_06_20_merged.mat,SAMPLE,1,17175,4176,208.75,858.7
R006,VEH,T1_SD_VEH,2026_06_20_merged.mat,SAMPLE,1,17176,4177,208.8,858.75
R006,VEH,T1_SD_VEH,2026_06_20_merged.mat,SAMPLE,2,17181,4182,209.05,859.0
R006,VEH,T1_SD_VEH,2026_06_20_merged.mat,SAMPLE,2,17182,4183,209.10000000000002,859.0500000000001
R006,VEH,T1_SD_VEH,2026_06_20_merged.mat,SAMPLE,2,17183,4184,209.15,859.1
R006,VEH,T1_SD_VEH,2026_06_20_merged.mat,SAMPLE,2,17184,4185,209.20000000000002,859.1500000000001
R006,VEH,T1_SD_VEH,2026_06_20_merged.mat,SAMPLE,1,17219,4220,210.95000000000002,860.9000000000001
R006,VEH,T1_SD_VEH,2026_06_20_merged.mat,SAMPLE,1,17220,4221,211.0,860.95
R006,VEH,T1_SD_VEH,2026_06_20_merged.mat,SAMPLE,1,17233,4234,211.65,861.6
R006,VEH,T1_SD_VEH,2026_06_20_merged.mat,SAMPLE,1,17234,4235,211.70000000000002,861.6500000000001
R006,VEH,T1_SD_VEH,2026_06_20_merged.mat,SAMPLE,2,17248,4249,212.4,862.35
R006,VEH,T1_SD_VEH,2026_06_20_merged.mat,SAMPLE,2,17249,4250,212.45000000000002,862.4000000000001
R006,VEH,T1_SD_VEH,2026_06_20_merged.mat,SAMPLE,2,17250,4251,212.5,862.45
R006,VEH,T1_SD_VEH,2026_06_20_merged.mat,SAMPLE,2,17251,4252,212.55,862.5
R006,VEH,T1_SD_VEH,2026_06_20_merged.mat,SAMPLE,2,17252,4253,212.60000000000002,862.5500000000001
R006,VEH,T1_SD_VEH,2026_06_20_merged.mat,SAMPLE,2,17253,4254,212.65,862.6
R006,VEH,T1_SD_VEH,2026_06_20_merged.mat,SAMPLE,2,17302,4303,215.10000000000002,865.0500000000001
R006,VEH,T1_SD_VEH,2026_06_20_merged.mat,SAMPLE,2,17303,4304,215.15,865.1
R006,VEH,T1_SD_VEH,2026_06_20_merged.mat,SAMPLE,2,17304,4305,215.20000000000002,865.1500000000001
R006,VEH,T1_SD_VEH,2026_06_20_merged.mat,SAMPLE,1,17329,4330,216.45000000000002,866.4000000000001
R006,VEH,T1_SD_VEH,2026_06_20_merged.mat,SAMPLE,2,17334,4335,216.70000000000002,866.6500000000001
R006,VEH,T1_SD_VEH,2026_06_20_merged.mat,SAMPLE,2,17335,4336,216.75,866.7
R006,VEH,T1_SD_VEH,2026_06_20_merged.mat,SAMPLE,2,17336,4337,216.8,866.75
R006,VEH,T1_SD_VEH,2026_06_20_merged.mat,SAMPLE,2,17337,4338,216.85000000000002,866.8000000000001
R006,VEH,T1_SD_VEH,2026_06_20_merged.mat,SAMPLE,1,17350,4351,217.5,867.45
R006,VEH,T1_SD_VEH,2026_06_20_merged.mat,SAMPLE,1,17351,4352,217.55,867.5
R006,VEH,T1_SD_VEH,2026_06_20_merged.mat,SAMPLE,1,17352,4353,217.60000000000002,867.5500000000001
R006,VEH,T1_SD_VEH,2026_06_20_merged.mat,SAMPLE,1,17353,4354,217.65,867.6
R006,VEH,T1_SD_VEH,2026_06_20_merged.mat,SAMPLE,2,17359,4360,217.95000000000002,867.9000000000001
R006,VEH,T1_SD_VEH,2026_06_20_merged.mat,SAMPLE,2,17360,4361,218.0,867.95
R006,VEH,T1_SD_VEH,2026_06_20_merged.mat,SAMPLE,2,17361,4362,218.05,868.0
R006,VEH,T1_SD_VEH,2026_06_20_merged.mat,SAMPLE,2,17362,4363,218.10000000000002,868.0500000000001
R006,VEH,T1_SD_VEH,2026_06_20_merged.mat,SAMPLE,2,17363,4364,218.15,868.1
R006,VEH,T1_SD_VEH,2026_06_20_merged.mat,SAMPLE,1,17384,4385,219.20000000000002,869.1500000000001
R006,VEH,T1_SD_VEH,2026_06_20_merged.mat,SAMPLE,1,17385,4386,219.25,869.2
R006,VEH,T1_SD_VEH,2026_06_20_merged.mat,SAMPLE,1,17395,4396,219.75,869.7
R006,VEH,T1_SD_VEH,2026_06_20_merged.mat,SAMPLE,1,17396,4397,219.8,869.75
R006,VEH,T1_SD_VEH,2026_06_20_merged.mat,SAMPLE,1,17397,4398,219.85000000000002,869.8000000000001
R006,VEH,T1_SD_VEH,2026_06_20_merged.mat,SAMPLE,2,17411,4412,220.55,870.5
R006,VEH,T1_SD_VEH,2026_06_20_merged.mat,SAMPLE,2,17412,4413,220.60000000000002,870.5500000000001
R006,VEH,T1_SD_VEH,2026_06_20_merged.mat,SAMPLE,2,17413,4414,220.65,870.6
R006,VEH,T1_SD_VEH,2026_06_20_merged.mat,SAMPLE,2,17414,4415,220.70000000000002,870.6500000000001
R006,VEH,T1_SD_VEH,2026_06_20_merged.mat,SAMPLE,2,17415,4416,220.75,870.7
R006,VEH,T1_SD_VEH,2026_06_20_merged.mat,SAMPLE,2,17416,4417,220.8,870.75
R006,VEH,T1_SD_VEH,2026_06_20_merged.mat,SAMPLE,2,17417,4418,220.85000000000002,870.8000000000001
R006,VEH,T1_SD_VEH,2026_06_20_merged.mat,SAMPLE,2,17453,4454,222.65,872.6
R006,VEH,T1_SD_VEH,2026_06_20_merged.mat,SAMPLE,2,17454,4455,222.70000000000002,872.6500000000001
R006,VEH,T1_SD_VEH,2026_06_20_merged.mat,SAMPLE,1,17460,4461,223.0,872.95
R006,VEH,T1_SD_VEH,2026_06_20_merged.mat,SAMPLE,1,17461,4462,223.05,873.0
R006,VEH,T1_SD_VEH,2026_06_20_merged.mat,SAMPLE,1,17462,4463,223.10000000000002,873.0500000000001
R006,VEH,T1_SD_VEH,2026_06_20_merged.mat,SAMPLE,1,17470,4471,223.5,873.45
R006,VEH,T1_SD_VEH,2026_06_20_merged.mat,SAMPLE,2,17479,4480,223.95000000000002,873.9000000000001
R006,VEH,T1_SD_VEH,2026_06_20_merged.mat,SAMPLE,2,17480,4481,224.0,873.95
R006,VEH,T1_SD_VEH,2026_06_20_merged.mat,SAMPLE,2,17481,4482,224.05,874.0
R006,VEH,T1_SD_VEH,2026_06_20_merged.mat,SAMPLE,1,17491,4492,224.55,874.5
R006,VEH,T1_SD_VEH,2026_06_20_merged.mat,SAMPLE,1,17492,4493,224.60000000000002,874.5500000000001
R006,VEH,T1_SD_VEH,2026_06_20_merged.mat,SAMPLE,2,17499,4500,224.95000000000002,874.9000000000001
R006,VEH,T1_SD_VEH,2026_06_20_merged.mat,SAMPLE,2,17500,4501,225.0,874.95
R006,VEH,T1_SD_VEH,2026_06_20_merged.mat,SAMPLE,1,17529,4530,226.45000000000002,876.4000000000001
R006,VEH,T1_SD_VEH,2026_06_20_merged.mat,SAMPLE,1,17530,4531,226.5,876.45
R006,VEH,T1_SD_VEH,2026_06_20_merged.mat,SAMPLE,1,17531,4532,226.55,876.5
R006,VEH,T1_SD_VEH,2026_06_20_merged.mat,SAMPLE,1,17532,4533,226.60000000000002,876.5500000000001
R006,VEH,T1_SD_VEH,2026_06_20_merged.mat,SAMPLE,2,17539,4540,226.95000000000002,876.9000000000001
R006,VEH,T1_SD_VEH,2026_06_20_merged.mat,SAMPLE,2,17540,4541,227.0,876.95
R006,VEH,T1_SD_VEH,2026_06_20_merged.mat,SAMPLE,2,17541,4542,227.05,877.0
R006,VEH,T1_SD_VEH,2026_06_20_merged.mat,SAMPLE,2,17542,4543,227.10000000000002,877.0500000000001
R006,VEH,T1_SD_VEH,2026_06_20_merged.mat,SAMPLE,2,17543,4544,227.15,877.1
R006,VEH,T1_SD_VEH,2026_06_20_merged.mat,SAMPLE,2,17544,4545,227.20000000000002,877.1500000000001
R006,VEH,T1_SD_VEH,2026_06_20_merged.mat,SAMPLE,2,17563,4564,228.15,878.1
R006,VEH,T1_SD_VEH,2026_06_20_merged.mat,SAMPLE,2,17564,4565,228.20000000000002,878.1500000000001
R006,VEH,T1_SD_VEH,2026_06_20_merged.mat,SAMPLE,2,17565,4566,228.25,878.2
R006,VEH,T1_SD_VEH,2026_06_20_merged.mat,SAMPLE,2,17566,4567,228.3,878.25
R006,VEH,T1_SD_VEH,2026_06_20_merged.mat,SAMPLE,2,17567,4568,228.35000000000002,878.3000000000001
R006,VEH,T1_SD_VEH,2026_06_20_merged.mat,SAMPLE,2,17568,4569,228.4,878.35
R006,VEH,T1_SD_VEH,2026_06_20_merged.mat,SAMPLE,2,17584,4585,229.20000000000002,879.1500000000001
R006,VEH,T1_SD_VEH,2026_06_20_merged.mat,SAMPLE,2,17585,4586,229.25,879.2
R006,VEH,T1_SD_VEH,2026_06_20_merged.mat,SAMPLE,2,17586,4587,229.3,879.25
R006,VEH,T1_SD_VEH,2026_06_20_merged.mat,SAMPLE,2,17595,4596,229.75,879.7
R006,VEH,T1_SD_VEH,2026_06_20_merged.mat,SAMPLE,2,17596,4597,229.8,879.75
R006,VEH,T1_SD_VEH,2026_06_20_merged.mat,SAMPLE,2,17603,4604,230.15,880.1
R006,VEH,T1_SD_VEH,2026_06_20_merged.mat,SAMPLE,2,17613,4614,230.65,880.6
R006,VEH,T1_SD_VEH,2026_06_20_merged.mat,SAMPLE,2,17632,4633,231.60000000000002,881.5500000000001
R006,VEH,T1_SD_VEH,2026_06_20_merged.mat,SAMPLE,2,17633,4634,231.65,881.6
R006,VEH,T1_SD_VEH,2026_06_20_merged.mat,SAMPLE,2,17634,4635,231.70000000000002,881.6500000000001
R006,VEH,T1_SD_VEH,2026_06_20_merged.mat,SAMPLE,2,17635,4636,231.75,881.7
R006,VEH,T1_SD_VEH,2026_06_20_merged.mat,SAMPLE,2,17636,4637,231.8,881.75
R006,VEH,T1_SD_VEH,2026_06_20_merged.mat,SAMPLE,2,17637,4638,231.85000000000002,881.8000000000001
R006,VEH,T1_SD_VEH,2026_06_20_merged.mat,SAMPLE,2,17638,4639,231.9,881.85
R006,VEH,T1_SD_VEH,2026_06_20_merged.mat,SAMPLE,2,17639,4640,231.95000000000002,881.9000000000001
R006,VEH,T1_SD_VEH,2026_06_20_merged.mat,SAMPLE,2,17679,4680,233.95000000000002,883.9000000000001
R006,VEH,T1_SD_VEH,2026_06_20_merged.mat,SAMPLE,2,17680,4681,234.0,883.95
R006,VEH,T1_SD_VEH,2026_06_20_merged.mat,SAMPLE,2,17681,4682,234.05,884.0
R006,VEH,T1_SD_VEH,2026_06_20_merged.mat,SAMPLE,2,17682,4683,234.10000000000002,884.0500000000001
R006,VEH,T1_SD_VEH,2026_06_20_merged.mat,SAMPLE,2,17683,4684,234.15,884.1
R006,VEH,T1_SD_VEH,2026_06_20_merged.mat,SAMPLE,2,17684,4685,234.20000000000002,884.1500000000001
R006,VEH,T1_SD_VEH,2026_06_20_merged.mat,SAMPLE,2,17685,4686,234.25,884.2
R006,VEH,T1_SD_VEH,2026_06_20_merged.mat,SAMPLE,2,17722,4723,236.10000000000002,886.0500000000001
R006,VEH,T1_SD_VEH,2026_06_20_merged.mat,SAMPLE,2,17723,4724,236.15,886.1
R006,VEH,T1_SD_VEH,2026_06_20_merged.mat,SAMPLE,2,17724,4725,236.20000000000002,886.1500000000001
R006,VEH,T1_SD_VEH,2026_06_20_merged.mat,SAMPLE,1,17739,4740,236.95000000000002,886.9000000000001
R006,VEH,T1_SD_VEH,2026_06_20_merged.mat,SAMPLE,1,17740,4741,237.0,886.95
R006,VEH,T1_SD_VEH,2026_06_20_merged.mat,SAMPLE,2,17751,4752,237.55,887.5
R006,VEH,T1_SD_VEH,2026_06_20_merged.mat,SAMPLE,2,17752,4753,237.60000000000002,887.5500000000001
R006,VEH,T1_SD_VEH,2026_06_20_merged.mat,SAMPLE,2,17753,4754,237.65,887.6
R006,VEH,T1_SD_VEH,2026_06_20_merged.mat,SAMPLE,2,17754,4755,237.70000000000002,887.6500000000001
R006,VEH,T1_SD_VEH,2026_06_20_merged.mat,SAMPLE,2,17755,4756,237.75,887.7
R006,VEH,T1_SD_VEH,2026_06_20_merged.mat,SAMPLE,2,17756,4757,237.8,887.75
R006,VEH,T1_SD_VEH,2026_06_20_merged.mat,SAMPLE,2,17765,4766,238.25,888.2
R006,VEH,T1_SD_VEH,2026_06_20_merged.mat,SAMPLE,2,17766,4767,238.3,888.25
R006,VEH,T1_SD_VEH,2026_06_20_merged.mat,SAMPLE,2,17767,4768,238.35000000000002,888.3000000000001
R006,VEH,T1_SD_VEH,2026_06_20_merged.mat,SAMPLE,2,17768,4769,238.4,888.35
R006,VEH,T1_SD_VEH,2026_06_20_merged.mat,SAMPLE,2,17786,4787,239.3,889.25
R006,VEH,T1_SD_VEH,2026_06_20_merged.mat,SAMPLE,2,17787,4788,239.35000000000002,889.3000000000001
R006,VEH,T1_SD_VEH,2026_06_20_merged.mat,SAMPLE,2,17817,4818,240.85000000000002,890.8000000000001
R006,VEH,T1_SD_VEH,2026_06_20_merged.mat,SAMPLE,2,17818,4819,240.9,890.85
R006,VEH,T1_SD_VEH,2026_06_20_merged.mat,SAMPLE,2,17819,4820,240.95000000000002,890.9000000000001
R006,VEH,T1_SD_VEH,2026_06_20_merged.mat,SAMPLE,2,17820,4821,241.0,890.95
R006,VEH,T1_SD_VEH,2026_06_20_merged.mat,SAMPLE,2,17841,4842,242.05,892.0
R006,VEH,T1_SD_VEH,2026_06_20_merged.mat,SAMPLE,2,17842,4843,242.10000000000002,892.0500000000001
R006,VEH,T1_SD_VEH,2026_06_20_merged.mat,SAMPLE,2,17843,4844,242.15,892.1
R006,VEH,T1_SD_VEH,2026_06_20_merged.mat,SAMPLE,2,17844,4845,242.20000000000002,892.1500000000001
R006,VEH,T1_SD_VEH,2026_06_20_merged.mat,SAMPLE,2,17845,4846,242.25,892.2
R006,VEH,T1_SD_VEH,2026_06_20_merged.mat,SAMPLE,2,17846,4847,242.3,892.25
R006,VEH,T1_SD_VEH,2026_06_20_merged.mat,SAMPLE,2,17847,4848,242.35000000000002,892.3000000000001
R006,VEH,T1_SD_VEH,2026_06_20_merged.mat,SAMPLE,2,17854,4855,242.70000000000002,892.6500000000001
R006,VEH,T1_SD_VEH,2026_06_20_merged.mat,SAMPLE,2,17855,4856,242.75,892.7
R006,VEH,T1_SD_VEH,2026_06_20_merged.mat,SAMPLE,2,17856,4857,242.8,892.75
R006,VEH,T1_SD_VEH,2026_06_20_merged.mat,SAMPLE,2,17857,4858,242.85000000000002,892.8000000000001
R006,VEH,T1_SD_VEH,2026_06_20_merged.mat,SAMPLE,2,17858,4859,242.9,892.85
R006,VEH,T1_SD_VEH,2026_06_20_merged.mat,SAMPLE,2,17859,4860,242.95000000000002,892.9000000000001
R006,VEH,T1_SD_VEH,2026_06_20_merged.mat,SAMPLE,2,17869,4870,243.45000000000002,893.4000000000001
R006,VEH,T1_SD_VEH,2026_06_20_merged.mat,SAMPLE,2,17870,4871,243.5,893.45
R006,VEH,T1_SD_VEH,2026_06_20_merged.mat,SAMPLE,2,17871,4872,243.55,893.5
R006,VEH,T1_SD_VEH,2026_06_20_merged.mat,SAMPLE,2,17872,4873,243.60000000000002,893.5500000000001
R006,VEH,T1_SD_VEH,2026_06_20_merged.mat,SAMPLE,2,17873,4874,243.65,893.6
R006,VEH,T1_SD_VEH,2026_06_20_merged.mat,SAMPLE,2,17874,4875,243.70000000000002,893.6500000000001
R006,VEH,T1_SD_VEH,2026_06_20_merged.mat,SAMPLE,2,17875,4876,243.75,893.7
R006,VEH,T1_SD_VEH,2026_06_20_merged.mat,SAMPLE,2,17877,4878,243.85000000000002,893.8000000000001
R006,VEH,T1_SD_VEH,2026_06_20_merged.mat,SAMPLE,2,17878,4879,243.9,893.85
R006,VEH,T1_SD_VEH,2026_06_20_merged.mat,SAMPLE,2,17879,4880,243.95000000000002,893.9000000000001
R006,VEH,T1_SD_VEH,2026_06_20_merged.mat,SAMPLE,2,17880,4881,244.0,893.95
R006,VEH,T1_SD_VEH,2026_06_20_merged.mat,SAMPLE,2,17881,4882,244.05,894.0
R006,VEH,T1_SD_VEH,2026_06_20_merged.mat,SAMPLE,2,17889,4890,244.45000000000002,894.4000000000001
R006,VEH,T1_SD_VEH,2026_06_20_merged.mat,SAMPLE,2,17890,4891,244.5,894.45
R006,VEH,T1_SD_VEH,2026_06_20_merged.mat,SAMPLE,2,17891,4892,244.55,894.5
R006,VEH,T1_SD_VEH,2026_06_20_merged.mat,SAMPLE,2,17892,4893,244.60000000000002,894.5500000000001
R006,VEH,T1_SD_VEH,2026_06_20_merged.mat,SAMPLE,2,17893,4894,244.65,894.6
R006,VEH,T1_SD_VEH,2026_06_20_merged.mat,SAMPLE,2,17894,4895,244.70000000000002,894.6500000000001
R006,VEH,T1_SD_VEH,2026_06_20_merged.mat,SAMPLE,2,17895,4896,244.75,894.7
R006,VEH,T1_SD_VEH,2026_06_20_merged.mat,SAMPLE,2,17900,4901,245.0,894.95
R006,VEH,T1_SD_VEH,2026_06_20_merged.mat,SAMPLE,2,17901,4902,245.05,895.0
R006,VEH,T1_SD_VEH,2026_06_20_merged.mat,SAMPLE,2,17902,4903,245.10000000000002,895.0500000000001
R006,VEH,T1_SD_VEH,2026_06_20_merged.mat,SAMPLE,2,17913,4914,245.65,895.6
R006,VEH,T1_SD_VEH,2026_06_20_merged.mat,SAMPLE,2,17914,4915,245.70000000000002,895.6500000000001
R006,VEH,T1_SD_VEH,2026_06_20_merged.mat,SAMPLE,2,17915,4916,245.75,895.7
R006,VEH,T1_SD_VEH,2026_06_20_merged.mat,SAMPLE,2,17916,4917,245.8,895.75
R006,VEH,T1_SD_VEH,2026_06_20_merged.mat,SAMPLE,2,17917,4918,245.85000000000002,895.8000000000001
R006,VEH,T1_SD_VEH,2026_06_20_merged.mat,SAMPLE,2,17918,4919,245.9,895.85
R006,VEH,T1_SD_VEH,2026_06_20_merged.mat,SAMPLE,2,17923,4924,246.15,896.1
R006,VEH,T1_SD_VEH,2026_06_20_merged.mat,SAMPLE,2,17925,4926,246.25,896.2
R006,VEH,T1_SD_VEH,2026_06_20_merged.mat,SAMPLE,2,17926,4927,246.3,896.25
R006,VEH,T1_SD_VEH,2026_06_20_merged.mat,SAMPLE,2,17930,4931,246.5,896.45
R006,VEH,T1_SD_VEH,2026_06_20_merged.mat,SAMPLE,2,17931,4932,246.55,896.5
R006,VEH,T1_SD_VEH,2026_06_20_merged.mat,SAMPLE,2,17932,4933,246.60000000000002,896.5500000000001
R006,VEH,T1_SD_VEH,2026_06_20_merged.mat,SAMPLE,2,17933,4934,246.65,896.6
R006,VEH,T1_SD_VEH,2026_06_20_merged.mat,SAMPLE,2,17934,4935,246.70000000000002,896.6500000000001
R006,VEH,T1_SD_VEH,2026_06_20_merged.mat,SAMPLE,2,17935,4936,246.75,896.7
R006,VEH,T1_SD_VEH,2026_06_20_merged.mat,SAMPLE,2,17936,4937,246.8,896.75
R006,VEH,T1_SD_VEH,2026_06_20_merged.mat,SAMPLE,2,17942,4943,247.10000000000002,897.0500000000001
R006,VEH,T1_SD_VEH,2026_06_20_merged.mat,SAMPLE,2,17971,4972,248.55,898.5
R006,VEH,T1_SD_VEH,2026_06_20_merged.mat,SAMPLE,2,17972,4973,248.60000000000002,898.5500000000001
R006,VEH,T1_SD_VEH,2026_06_20_merged.mat,SAMPLE,2,17973,4974,248.65,898.6
R006,VEH,T1_SD_VEH,2026_06_20_merged.mat,SAMPLE,2,17974,4975,248.70000000000002,898.6500000000001
R006,VEH,T1_SD_VEH,2026_06_20_merged.mat,SAMPLE,2,17975,4976,248.75,898.7
R006,VEH,T1_SD_VEH,2026_06_20_merged.mat,SAMPLE,2,17976,4977,248.8,898.75
R006,VEH,T1_SD_VEH,2026_06_20_merged.mat,SAMPLE,2,18000,5001,250.0,899.95
R006,VEH,T1_SD_VEH,2026_06_20_merged.mat,SAMPLE,2,18001,5002,250.05,900.0
R006,VEH,T1_SD_VEH,2026_06_20_merged.mat,SAMPLE,2,18002,5003,250.10000000000002,900.0500000000001
R006,VEH,T1_SD_VEH,2026_06_20_merged.mat,SAMPLE,2,18003,5004,250.15,900.1
R006,VEH,T1_SD_VEH,2026_06_20_merged.mat,SAMPLE,2,18004,5005,250.20000000000002,900.1500000000001
R006,VEH,T1_SD_VEH,2026_06_20_merged.mat,SAMPLE,2,18021,5022,251.05,901.0
R006,VEH,T1_SD_VEH,2026_06_20_merged.mat,SAMPLE,2,18022,5023,251.10000000000002,901.0500000000001
R006,VEH,T1_SD_VEH,2026_06_20_merged.mat,SAMPLE,2,18023,5024,251.15,901.1
R006,VEH,T1_SD_VEH,2026_06_20_merged.mat,SAMPLE,2,18024,5025,251.20000000000002,901.1500000000001
R006,VEH,T1_SD_VEH,2026_06_20_merged.mat,SAMPLE,2,18025,5026,251.25,901.2
R006,VEH,T1_SD_VEH,2026_06_20_merged.mat,SAMPLE,2,18031,5032,251.55,901.5
R006,VEH,T1_SD_VEH,2026_06_20_merged.mat,SAMPLE,2,18032,5033,251.60000000000002,901.5500000000001
R006,VEH,T1_SD_VEH,2026_06_20_merged.mat,SAMPLE,2,18046,5047,252.3,902.25
R006,VEH,T1_SD_VEH,2026_06_20_merged.mat,SAMPLE,2,18056,5057,252.8,902.75
R006,VEH,T1_SD_VEH,2026_06_20_merged.mat,SAMPLE,2,18057,5058,252.85000000000002,902.8000000000001
R006,VEH,T1_SD_VEH,2026_06_20_merged.mat,SAMPLE,1,18082,5083,254.10000000000002,904.0500000000001
R006,VEH,T1_SD_VEH,2026_06_20_merged.mat,SAMPLE,1,18083,5084,254.15,904.1
R006,VEH,T1_SD_VEH,2026_06_20_merged.mat,SAMPLE,2,18093,5094,254.65,904.6
R006,VEH,T1_SD_VEH,2026_06_20_merged.mat,SAMPLE,1,18156,5157,257.8,907.75
R006,VEH,T1_SD_VEH,2026_06_20_merged.mat,SAMPLE,1,18157,5158,257.85,907.8000000000001
R006,VEH,T1_SD_VEH,2026_06_20_merged.mat,SAMPLE,1,18158,5159,257.90000000000003,907.8500000000001
R006,VEH,T1_SD_VEH,2026_06_20_merged.mat,SAMPLE,1,18159,5160,257.95,907.9000000000001
R006,VEH,T1_SD_VEH,2026_06_20_merged.mat,SAMPLE,1,18160,5161,258.0,907.95
R006,VEH,T1_SD_VEH,2026_06_20_merged.mat,SAMPLE,1,18170,5171,258.5,908.45
R006,VEH,T1_SD_VEH,2026_06_20_merged.mat,SAMPLE,1,18171,5172,258.55,908.5
R006,VEH,T1_SD_VEH,2026_06_20_merged.mat,SAMPLE,1,18172,5173,258.6,908.5500000000001
R006,VEH,T1_SD_VEH,2026_06_20_merged.mat,SAMPLE,1,18173,5174,258.65000000000003,908.6000000000001
R006,VEH,T1_SD_VEH,2026_06_20_merged.mat,SAMPLE,1,18179,5180,258.95,908.9000000000001
R006,VEH,T1_SD_VEH,2026_06_20_merged.mat,SAMPLE,1,18180,5181,259.0,908.95
R006,VEH,T1_SD_VEH,2026_06_20_merged.mat,SAMPLE,1,18195,5196,259.75,909.7
R006,VEH,T1_SD_VEH,2026_06_20_merged.mat,SAMPLE,1,18211,5212,260.55,910.5
R006,VEH,T1_SD_VEH,2026_06_20_merged.mat,SAMPLE,1,18212,5213,260.6,910.5500000000001
R006,VEH,T1_SD_VEH,2026_06_20_merged.mat,SAMPLE,1,18213,5214,260.65000000000003,910.6000000000001
R006,VEH,T1_SD_VEH,2026_06_20_merged.mat,SAMPLE,1,18227,5228,261.35,911.3000000000001
R006,VEH,T1_SD_VEH,2026_06_20_merged.mat,SAMPLE,2,18234,5235,261.7,911.6500000000001
R006,VEH,T1_SD_VEH,2026_06_20_merged.mat,SAMPLE,2,18235,5236,261.75,911.7
R006,VEH,T1_SD_VEH,2026_06_20_merged.mat,SAMPLE,2,18236,5237,261.8,911.75
R006,VEH,T1_SD_VEH,2026_06_20_merged.mat,SAMPLE,1,18250,5251,262.5,912.45
R006,VEH,T1_SD_VEH,2026_06_20_merged.mat,SAMPLE,1,18251,5252,262.55,912.5
R006,VEH,T1_SD_VEH,2026_06_20_merged.mat,SAMPLE,2,18263,5264,263.15000000000003,913.1000000000001
R006,VEH,T1_SD_VEH,2026_06_20_merged.mat,SAMPLE,2,18264,5265,263.2,913.1500000000001
R006,VEH,T1_SD_VEH,2026_06_20_merged.mat,SAMPLE,2,18265,5266,263.25,913.2
R006,VEH,T1_SD_VEH,2026_06_20_merged.mat,SAMPLE,1,18303,5304,265.15000000000003,915.1000000000001
R006,VEH,T1_SD_VEH,2026_06_20_merged.mat,SAMPLE,1,18304,5305,265.2,915.1500000000001
R006,VEH,T1_SD_VEH,2026_06_20_merged.mat,SAMPLE,1,18305,5306,265.25,915.2
R006,VEH,T1_SD_VEH,2026_06_20_merged.mat,SAMPLE,1,18306,5307,265.3,915.25
R006,VEH,T1_SD_VEH,2026_06_20_merged.mat,SAMPLE,1,18307,5308,265.35,915.3000000000001
R006,VEH,T1_SD_VEH,2026_06_20_merged.mat,SAMPLE,1,18312,5313,265.6,915.5500000000001
R006,VEH,T1_SD_VEH,2026_06_20_merged.mat,SAMPLE,1,18313,5314,265.65000000000003,915.6000000000001
R006,VEH,T1_SD_VEH,2026_06_20_merged.mat,SAMPLE,1,18314,5315,265.7,915.6500000000001
R006,VEH,T1_SD_VEH,2026_06_20_merged.mat,SAMPLE,1,18336,5337,266.8,916.75
R006,VEH,T1_SD_VEH,2026_06_20_merged.mat,SAMPLE,1,18337,5338,266.85,916.8000000000001
R006,VEH,T1_SD_VEH,2026_06_20_merged.mat,SAMPLE,1,18338,5339,266.90000000000003,916.8500000000001
R006,VEH,T1_SD_VEH,2026_06_20_merged.mat,SAMPLE,1,18339,5340,266.95,916.9000000000001
R006,VEH,T1_SD_VEH,2026_06_20_merged.mat,SAMPLE,1,18345,5346,267.25,917.2
R006,VEH,T1_SD_VEH,2026_06_20_merged.mat,SAMPLE,1,18346,5347,267.3,917.25
R006,VEH,T1_SD_VEH,2026_06_20_merged.mat,SAMPLE,1,18347,5348,267.35,917.3000000000001
R006,VEH,T1_SD_VEH,2026_06_20_merged.mat,SAMPLE,1,18348,5349,267.40000000000003,917.3500000000001
R006,VEH,T1_SD_VEH,2026_06_20_merged.mat,SAMPLE,1,18349,5350,267.45,917.4000000000001
R006,VEH,T1_SD_VEH,2026_06_20_merged.mat,SAMPLE,1,18358,5359,267.90000000000003,917.8500000000001
R006,VEH,T1_SD_VEH,2026_06_20_merged.mat,SAMPLE,2,18370,5371,268.5,918.45
R006,VEH,T1_SD_VEH,2026_06_20_merged.mat,SAMPLE,1,18380,5381,269.0,918.95
R006,VEH,T1_SD_VEH,2026_06_20_merged.mat,SAMPLE,1,18381,5382,269.05,919.0
R006,VEH,T1_SD_VEH,2026_06_20_merged.mat,SAMPLE,1,18382,5383,269.1,919.0500000000001
R006,VEH,T1_SD_VEH,2026_06_20_merged.mat,SAMPLE,1,18383,5384,269.15000000000003,919.1000000000001
R006,VEH,T1_SD_VEH,2026_06_20_merged.mat,SAMPLE,1,18390,5391,269.5,919.45
R006,VEH,T1_SD_VEH,2026_06_20_merged.mat,SAMPLE,1,18391,5392,269.55,919.5
R006,VEH,T1_SD_VEH,2026_06_20_merged.mat,SAMPLE,2,18407,5408,270.35,920.3000000000001
R006,VEH,T1_SD_VEH,2026_06_20_merged.mat,SAMPLE,2,18408,5409,270.40000000000003,920.3500000000001
R006,VEH,T1_SD_VEH,2026_06_20_merged.mat,SAMPLE,2,18451,5452,272.55,922.5
R006,VEH,T1_SD_VEH,2026_06_20_merged.mat,SAMPLE,2,18452,5453,272.6,922.5500000000001
R006,VEH,T1_SD_VEH,2026_06_20_merged.mat,SAMPLE,1,18462,5463,273.1,923.0500000000001
R006,VEH,T1_SD_VEH,2026_06_20_merged.mat,SAMPLE,1,18463,5464,273.15000000000003,923.1000000000001
R006,VEH,T1_SD_VEH,2026_06_20_merged.mat,SAMPLE,1,18464,5465,273.2,923.1500000000001
R006,VEH,T1_SD_VEH,2026_06_20_merged.mat,SAMPLE,1,18478,5479,273.90000000000003,923.8500000000001
R006,VEH,T1_SD_VEH,2026_06_20_merged.mat,SAMPLE,1,18479,5480,273.95,923.9000000000001
R006,VEH,T1_SD_VEH,2026_06_20_merged.mat,SAMPLE,1,18480,5481,274.0,923.95
R006,VEH,T1_SD_VEH,2026_06_20_merged.mat,SAMPLE,1,18481,5482,274.05,924.0
R006,VEH,T1_SD_VEH,2026_06_20_merged.mat,SAMPLE,1,18482,5483,274.1,924.0500000000001
R006,VEH,T1_SD_VEH,2026_06_20_merged.mat,SAMPLE,2,18488,5489,274.40000000000003,924.3500000000001
R006,VEH,T1_SD_VEH,2026_06_20_merged.mat,SAMPLE,2,18489,5490,274.45,924.4000000000001
R006,VEH,T1_SD_VEH,2026_06_20_merged.mat,SAMPLE,2,18490,5491,274.5,924.45
R006,VEH,T1_SD_VEH,2026_06_20_merged.mat,SAMPLE,2,18523,5524,276.15000000000003,926.1000000000001
R006,VEH,T1_SD_VEH,2026_06_20_merged.mat,SAMPLE,2,18524,5525,276.2,926.1500000000001
R006,VEH,T1_SD_VEH,2026_06_20_merged.mat,SAMPLE,2,18525,5526,276.25,926.2
R006,VEH,T1_SD_VEH,2026_06_20_merged.mat,SAMPLE,2,18526,5527,276.3,926.25
R006,VEH,T1_SD_VEH,2026_06_20_merged.mat,SAMPLE,2,18533,5534,276.65000000000003,926.6000000000001
R006,VEH,T1_SD_VEH,2026_06_20_merged.mat,SAMPLE,2,18534,5535,276.7,926.6500000000001
R006,VEH,T1_SD_VEH,2026_06_20_merged.mat,SAMPLE,2,18535,5536,276.75,926.7
R006,VEH,T1_SD_VEH,2026_06_20_merged.mat,SAMPLE,2,18536,5537,276.8,926.75
R006,VEH,T1_SD_VEH,2026_06_20_merged.mat,SAMPLE,1,18566,5567,278.3,928.25
R006,VEH,T1_SD_VEH,2026_06_20_merged.mat,SAMPLE,1,18567,5568,278.35,928.3000000000001
R006,VEH,T1_SD_VEH,2026_06_20_merged.mat,SAMPLE,1,18568,5569,278.40000000000003,928.3500000000001
R006,VEH,T1_SD_VEH,2026_06_20_merged.mat,SAMPLE,1,18569,5570,278.45,928.4000000000001
R006,VEH,T1_SD_VEH,2026_06_20_merged.mat,SAMPLE,2,18587,5588,279.35,929.3000000000001
R006,VEH,T1_SD_VEH,2026_06_20_merged.mat,SAMPLE,2,18588,5589,279.40000000000003,929.3500000000001
R006,VEH,T1_SD_VEH,2026_06_20_merged.mat,SAMPLE,2,18589,5590,279.45,929.4000000000001
R006,VEH,T1_SD_VEH,2026_06_20_merged.mat,SAMPLE,2,18590,5591,279.5,929.45
R006,VEH,T1_SD_VEH,2026_06_20_merged.mat,SAMPLE,2,18641,5642,282.05,932.0
R006,VEH,T1_SD_VEH,2026_06_20_merged.mat,SAMPLE,2,18642,5643,282.1,932.0500000000001
R006,VEH,T1_SD_VEH,2026_06_20_merged.mat,SAMPLE,1,18678,5679,283.90000000000003,933.8500000000001
R006,VEH,T1_SD_VEH,2026_06_20_merged.mat,SAMPLE,1,18679,5680,283.95,933.9000000000001
R006,VEH,T1_SD_VEH,2026_06_20_merged.mat,SAMPLE,1,18680,5681,284.0,933.95
R006,VEH,T1_SD_VEH,2026_06_20_merged.mat,SAMPLE,2,18688,5689,284.40000000000003,934.3500000000001
R006,VEH,T1_SD_VEH,2026_06_20_merged.mat,SAMPLE,2,18689,5690,284.45,934.4000000000001
R006,VEH,T1_SD_VEH,2026_06_20_merged.mat,SAMPLE,2,18690,5691,284.5,934.45
R006,VEH,T1_SD_VEH,2026_06_20_merged.mat,SAMPLE,1,18700,5701,285.0,934.95
R006,VEH,T1_SD_VEH,2026_06_20_merged.mat,SAMPLE,1,18701,5702,285.05,935.0
R006,VEH,T1_SD_VEH,2026_06_20_merged.mat,SAMPLE,1,18710,5711,285.5,935.45
R006,VEH,T1_SD_VEH,2026_06_20_merged.mat,SAMPLE,1,18711,5712,285.55,935.5
R006,VEH,T1_SD_VEH,2026_06_20_merged.mat,SAMPLE,1,18712,5713,285.6,935.5500000000001
R006,VEH,T1_SD_VEH,2026_06_20_merged.mat,SAMPLE,1,18713,5714,285.65000000000003,935.6000000000001
R006,VEH,T1_SD_VEH,2026_06_20_merged.mat,SAMPLE,1,18728,5729,286.40000000000003,936.3500000000001
R006,VEH,T1_SD_VEH,2026_06_20_merged.mat,SAMPLE,1,18729,5730,286.45,936.4000000000001
R006,VEH,T1_SD_VEH,2026_06_20_merged.mat,SAMPLE,1,18730,5731,286.5,936.45
R006,VEH,T1_SD_VEH,2026_06_20_merged.mat,SAMPLE,1,18731,5732,286.55,936.5
R006,VEH,T1_SD_VEH,2026_06_20_merged.mat,SAMPLE,1,18732,5733,286.6,936.5500000000001
R006,VEH,T1_SD_VEH,2026_06_20_merged.mat,SAMPLE,1,18752,5753,287.6,937.5500000000001
R006,VEH,T1_SD_VEH,2026_06_20_merged.mat,SAMPLE,1,18753,5754,287.65000000000003,937.6000000000001
R006,VEH,T1_SD_VEH,2026_06_20_merged.mat,SAMPLE,1,18754,5755,287.7,937.6500000000001
R006,VEH,T1_SD_VEH,2026_06_20_merged.mat,SAMPLE,1,18755,5756,287.75,937.7
R006,VEH,T1_SD_VEH,2026_06_20_merged.mat,SAMPLE,1,18756,5757,287.8,937.75
R006,VEH,T1_SD_VEH,2026_06_20_merged.mat,SAMPLE,1,18757,5758,287.85,937.8000000000001
R006,VEH,T1_SD_VEH,2026_06_20_merged.mat,SAMPLE,1,18768,5769,288.40000000000003,938.3500000000001
R006,VEH,T1_SD_VEH,2026_06_20_merged.mat,SAMPLE,1,18769,5770,288.45,938.4000000000001
R006,VEH,T1_SD_VEH,2026_06_20_merged.mat,SAMPLE,1,18770,5771,288.5,938.45
R006,VEH,T1_SD_VEH,2026_06_20_merged.mat,SAMPLE,2,18775,5776,288.75,938.7
R006,VEH,T1_SD_VEH,2026_06_20_merged.mat,SAMPLE,2,18776,5777,288.8,938.75
R006,VEH,T1_SD_VEH,2026_06_20_merged.mat,SAMPLE,2,18777,5778,288.85,938.8000000000001
R006,VEH,T1_SD_VEH,2026_06_20_merged.mat,SAMPLE,1,18790,5791,289.5,939.45
R006,VEH,T1_SD_VEH,2026_06_20_merged.mat,SAMPLE,1,18791,5792,289.55,939.5
R006,VEH,T1_SD_VEH,2026_06_20_merged.mat,SAMPLE,1,18812,5813,290.6,940.5500000000001
R006,VEH,T1_SD_VEH,2026_06_20_merged.mat,SAMPLE,1,18813,5814,290.65000000000003,940.6000000000001
R006,VEH,T1_SD_VEH,2026_06_20_merged.mat,SAMPLE,1,18814,5815,290.7,940.6500000000001
R006,VEH,T1_SD_VEH,2026_06_20_merged.mat,SAMPLE,1,18821,5822,291.05,941.0
R006,VEH,T1_SD_VEH,2026_06_20_merged.mat,SAMPLE,2,18826,5827,291.3,941.25
R006,VEH,T1_SD_VEH,2026_06_20_merged.mat,SAMPLE,2,18827,5828,291.35,941.3000000000001
R006,VEH,T1_SD_VEH,2026_06_20_merged.mat,SAMPLE,2,18828,5829,291.40000000000003,941.3500000000001
R006,VEH,T1_SD_VEH,2026_06_20_merged.mat,SAMPLE,2,18829,5830,291.45,941.4000000000001
R006,VEH,T1_SD_VEH,2026_06_20_merged.mat,SAMPLE,2,18830,5831,291.5,941.45
R006,VEH,T1_SD_VEH,2026_06_20_merged.mat,SAMPLE,2,18831,5832,291.55,941.5
R006,VEH,T1_SD_VEH,2026_06_20_merged.mat,SAMPLE,2,18856,5857,292.8,942.75
R006,VEH,T1_SD_VEH,2026_06_20_merged.mat,SAMPLE,2,18857,5858,292.85,942.8000000000001
R006,VEH,T1_SD_VEH,2026_06_20_merged.mat,SAMPLE,2,18858,5859,292.90000000000003,942.8500000000001
R006,VEH,T1_SD_VEH,2026_06_20_merged.mat,SAMPLE,2,18859,5860,292.95,942.9000000000001
R006,VEH,T1_SD_VEH,2026_06_20_merged.mat,SAMPLE,1,18907,5908,295.35,945.3000000000001
R006,VEH,T1_SD_VEH,2026_06_20_merged.mat,SAMPLE,1,18924,5925,296.2,946.1500000000001
R006,VEH,T1_SD_VEH,2026_06_20_merged.mat,SAMPLE,2,18938,5939,296.90000000000003,946.8500000000001
R006,VEH,T1_SD_VEH,2026_06_20_merged.mat,SAMPLE,2,18939,5940,296.95,946.9000000000001
R006,VEH,T1_SD_VEH,2026_06_20_merged.mat,SAMPLE,2,18940,5941,297.0,946.95
R006,VEH,T1_SD_VEH,2026_06_20_merged.mat,SAMPLE,1,18955,5956,297.75,947.7
R006,VEH,T1_SD_VEH,2026_06_20_merged.mat,SAMPLE,1,18956,5957,297.8,947.75
R006,VEH,T1_SD_VEH,2026_06_20_merged.mat,SAMPLE,1,18957,5958,297.85,947.8000000000001
R006,VEH,T1_SD_VEH,2026_06_20_merged.mat,SAMPLE,1,18958,5959,297.90000000000003,947.8500000000001
R006,VEH,T1_SD_VEH,2026_06_20_merged.mat,SAMPLE,1,18959,5960,297.95,947.9000000000001
R006,VEH,T1_SD_VEH,2026_06_20_merged.mat,SAMPLE,1,18967,5968,298.35,948.3000000000001
R006,VEH,T1_SD_VEH,2026_06_20_merged.mat,SAMPLE,2,18978,5979,298.90000000000003,948.8500000000001
R006,VEH,T1_SD_VEH,2026_06_20_merged.mat,SAMPLE,1,19005,6006,300.25,950.2
R006,VEH,T1_SD_VEH,2026_06_20_merged.mat,SAMPLE,2,19018,6019,300.90000000000003,950.8500000000001
R006,VEH,T1_SD_VEH,2026_06_20_merged.mat,SAMPLE,1,19033,6034,301.65000000000003,951.6000000000001
R006,VEH,T1_SD_VEH,2026_06_20_merged.mat,SAMPLE,1,19034,6035,301.7,951.6500000000001
R006,VEH,T1_SD_VEH,2026_06_20_merged.mat,SAMPLE,1,19035,6036,301.75,951.7
R006,VEH,T1_SD_VEH,2026_06_20_merged.mat,SAMPLE,1,19036,6037,301.8,951.75
R006,VEH,T1_SD_VEH,2026_06_20_merged.mat,SAMPLE,1,19047,6048,302.35,952.3000000000001
R006,VEH,T1_SD_VEH,2026_06_20_merged.mat,SAMPLE,2,19103,6104,305.15000000000003,955.1000000000001
R006,VEH,T1_SD_VEH,2026_06_20_merged.mat,SAMPLE,1,19210,6211,310.5,960.45
R006,VEH,T1_SD_VEH,2026_06_20_merged.mat,SAMPLE,1,19211,6212,310.55,960.5
R006,VEH,T1_SD_VEH,2026_06_20_merged.mat,SAMPLE,2,19219,6220,310.95000000000005,960.9000000000001
R006,VEH,T1_SD_VEH,2026_06_20_merged.mat,SAMPLE,2,19220,6221,311.0,960.95
R006,VEH,T1_SD_VEH,2026_06_20_merged.mat,SAMPLE,2,19221,6222,311.05,961.0
R006,VEH,T1_SD_VEH,2026_06_20_merged.mat,SAMPLE,2,19222,6223,311.1,961.0500000000001
R006,VEH,T1_SD_VEH,2026_06_20_merged.mat,SAMPLE,1,19230,6231,311.5,961.45
R006,VEH,T1_SD_VEH,2026_06_20_merged.mat,SAMPLE,1,19231,6232,311.55,961.5
R006,VEH,T1_SD_VEH,2026_06_20_merged.mat,SAMPLE,1,19232,6233,311.6,961.5500000000001
R006,VEH,T1_SD_VEH,2026_06_20_merged.mat,SAMPLE,1,19233,6234,311.65000000000003,961.6000000000001
R006,VEH,T1_SD_VEH,2026_06_20_merged.mat,SAMPLE,1,19234,6235,311.70000000000005,961.6500000000001
R006,VEH,T1_SD_VEH,2026_06_20_merged.mat,SAMPLE,2,19248,6249,312.40000000000003,962.3500000000001
R006,VEH,T1_SD_VEH,2026_06_20_merged.mat,SAMPLE,2,19249,6250,312.45000000000005,962.4000000000001
R006,VEH,T1_SD_VEH,2026_06_20_merged.mat,SAMPLE,2,19250,6251,312.5,962.45
R006,VEH,T1_SD_VEH,2026_06_20_merged.mat,SAMPLE,2,19273,6274,313.65000000000003,963.6000000000001
R006,VEH,T1_SD_VEH,2026_06_20_merged.mat,SAMPLE,2,19274,6275,313.70000000000005,963.6500000000001
R006,VEH,T1_SD_VEH,2026_06_20_merged.mat,SAMPLE,2,19275,6276,313.75,963.7
R006,VEH,T1_SD_VEH,2026_06_20_merged.mat,SAMPLE,2,19403,6404,320.15000000000003,970.1000000000001
R006,VEH,T1_SD_VEH,2026_06_20_merged.mat,SAMPLE,1,19419,6420,320.95000000000005,970.9000000000001
R006,VEH,T1_SD_VEH,2026_06_20_merged.mat,SAMPLE,1,19420,6421,321.0,970.95
R006,VEH,T1_SD_VEH,2026_06_20_merged.mat,SAMPLE,1,19421,6422,321.05,971.0
R006,VEH,T1_SD_VEH,2026_06_20_merged.mat,SAMPLE,2,19437,6438,321.85,971.8000000000001
R006,VEH,T1_SD_VEH,2026_06_20_merged.mat,SAMPLE,1,19447,6448,322.35,972.3000000000001
R006,VEH,T1_SD_VEH,2026_06_20_merged.mat,SAMPLE,2,19459,6460,322.95000000000005,972.9000000000001
R006,VEH,T1_SD_VEH,2026_06_20_merged.mat,SAMPLE,2,19460,6461,323.0,972.95
R006,VEH,T1_SD_VEH,2026_06_20_merged.mat,SAMPLE,2,19461,6462,323.05,973.0
R006,VEH,T1_SD_VEH,2026_06_20_merged.mat,SAMPLE,1,19470,6471,323.5,973.45
R006,VEH,T1_SD_VEH,2026_06_20_merged.mat,SAMPLE,1,19471,6472,323.55,973.5
R006,VEH,T1_SD_VEH,2026_06_20_merged.mat,SAMPLE,2,19522,6523,326.09999999999997,976.05
R006,VEH,T1_SD_VEH,2026_06_20_merged.mat,SAMPLE,2,19523,6524,326.15,976.1
R006,VEH,T1_SD_VEH,2026_06_20_merged.mat,SAMPLE,2,19524,6525,326.19999999999993,976.15
R006,VEH,T1_SD_VEH,2026_06_20_merged.mat,SAMPLE,1,19551,6552,327.54999999999995,977.5
R006,VEH,T1_SD_VEH,2026_06_20_merged.mat,SAMPLE,1,19552,6553,327.59999999999997,977.55
R006,VEH,T1_SD_VEH,2026_06_20_merged.mat,SAMPLE,1,19553,6554,327.65,977.6
R006,VEH,T1_SD_VEH,2026_06_20_merged.mat,SAMPLE,1,19554,6555,327.69999999999993,977.65
R006,VEH,T1_SD_VEH,2026_06_20_merged.mat,SAMPLE,2,19572,6573,328.59999999999997,978.55
R006,VEH,T1_SD_VEH,2026_06_20_merged.mat,SAMPLE,2,19573,6574,328.65,978.6
R006,VEH,T1_SD_VEH,2026_06_20_merged.mat,SAMPLE,2,19574,6575,328.69999999999993,978.65
R006,VEH,T1_SD_VEH,2026_06_20_merged.mat,SAMPLE,2,19575,6576,328.74999999999994,978.7
R006,VEH,T1_SD_VEH,2026_06_20_merged.mat,SAMPLE,2,19576,6577,328.79999999999995,978.75
R006,VEH,T1_SD_VEH,2026_06_20_merged.mat,SAMPLE,1,19598,6599,329.9,979.85
R006,VEH,T1_SD_VEH,2026_06_20_merged.mat,SAMPLE,1,19599,6600,329.94999999999993,979.9
R006,VEH,T1_SD_VEH,2026_06_20_merged.mat,SAMPLE,2,19608,6609,330.4,980.35
R006,VEH,T1_SD_VEH,2026_06_20_merged.mat,SAMPLE,2,19609,6610,330.44999999999993,980.4
R006,VEH,T1_SD_VEH,2026_06_20_merged.mat,SAMPLE,2,19610,6611,330.49999999999994,980.45
R006,VEH,T1_SD_VEH,2026_06_20_merged.mat,SAMPLE,2,19623,6624,331.15,981.1
R006,VEH,T1_SD_VEH,2026_06_20_merged.mat,SAMPLE,2,19624,6625,331.19999999999993,981.15
R006,VEH,T1_SD_VEH,2026_06_20_merged.mat,SAMPLE,2,19625,6626,331.24999999999994,981.2
R006,VEH,T1_SD_VEH,2026_06_20_merged.mat,SAMPLE,2,19626,6627,331.29999999999995,981.25
R006,VEH,T1_SD_VEH,2026_06_20_merged.mat,SAMPLE,1,19640,6641,331.99999999999994,981.95
R006,VEH,T1_SD_VEH,2026_06_20_merged.mat,SAMPLE,2,19659,6660,332.94999999999993,982.9
R006,VEH,T1_SD_VEH,2026_06_20_merged.mat,SAMPLE,2,19660,6661,332.99999999999994,982.95
R006,VEH,T1_SD_VEH,2026_06_20_merged.mat,SAMPLE,2,19661,6662,333.04999999999995,983.0
R006,VEH,T1_SD_VEH,2026_06_20_merged.mat,SAMPLE,2,19662,6663,333.09999999999997,983.05
R006,VEH,T1_SD_VEH,2026_06_20_merged.mat,SAMPLE,1,19669,6670,333.44999999999993,983.4
R006,VEH,T1_SD_VEH,2026_06_20_merged.mat,SAMPLE,1,19670,6671,333.49999999999994,983.45
R006,VEH,T1_SD_VEH,2026_06_20_merged.mat,SAMPLE,1,19671,6672,333.54999999999995,983.5
R006,VEH,T1_SD_VEH,2026_06_20_merged.mat,SAMPLE,1,19672,6673,333.59999999999997,983.55
R006,VEH,T1_SD_VEH,2026_06_20_merged.mat,SAMPLE,1,19673,6674,333.65,983.6
R006,VEH,T1_SD_VEH,2026_06_20_merged.mat,SAMPLE,2,19687,6688,334.34999999999997,984.3
R006,VEH,T1_SD_VEH,2026_06_20_merged.mat,SAMPLE,2,19688,6689,334.4,984.35
R006,VEH,T1_SD_VEH,2026_06_20_merged.mat,SAMPLE,2,19689,6690,334.44999999999993,984.4
R006,VEH,T1_SD_VEH,2026_06_20_merged.mat,SAMPLE,2,19690,6691,334.49999999999994,984.45
R006,VEH,T1_SD_VEH,2026_06_20_merged.mat,SAMPLE,1,19744,6745,337.19999999999993,987.15
R006,VEH,T1_SD_VEH,2026_06_20_merged.mat,SAMPLE,1,19745,6746,337.24999999999994,987.2
R006,VEH,T1_SD_VEH,2026_06_20_merged.mat,SAMPLE,2,19753,6754,337.65,987.6
R006,VEH,T1_SD_VEH,2026_06_20_merged.mat,SAMPLE,2,19754,6755,337.69999999999993,987.65
R006,VEH,T1_SD_VEH,2026_06_20_merged.mat,SAMPLE,2,19785,6786,339.24999999999994,989.2
R006,VEH,T1_SD_VEH,2026_06_20_merged.mat,SAMPLE,2,19786,6787,339.29999999999995,989.25
R006,VEH,T1_SD_VEH,2026_06_20_merged.mat,SAMPLE,2,19787,6788,339.34999999999997,989.3
R006,VEH,T1_SD_VEH,2026_06_20_merged.mat,SAMPLE,2,19788,6789,339.4,989.35
R006,VEH,T1_SD_VEH,2026_06_20_merged.mat,SAMPLE,2,19789,6790,339.44999999999993,989.4
R006,VEH,T1_SD_VEH,2026_06_20_merged.mat,SAMPLE,2,19790,6791,339.49999999999994,989.45
R006,VEH,T1_SD_VEH,2026_06_20_merged.mat,SAMPLE,2,19791,6792,339.54999999999995,989.5
R006,VEH,T1_SD_VEH,2026_06_20_merged.mat,SAMPLE,2,19792,6793,339.59999999999997,989.55
R006,VEH,T1_SD_VEH,2026_06_20_merged.mat,SAMPLE,2,19793,6794,339.65,989.6
R006,VEH,T1_SD_VEH,2026_06_20_merged.mat,SAMPLE,2,19794,6795,339.69999999999993,989.65
R006,VEH,T1_SD_VEH,2026_06_20_merged.mat,SAMPLE,2,19814,6815,340.69999999999993,990.65
R006,VEH,T1_SD_VEH,2026_06_20_merged.mat,SAMPLE,2,19815,6816,340.74999999999994,990.7
R006,VEH,T1_SD_VEH,2026_06_20_merged.mat,SAMPLE,2,19816,6817,340.79999999999995,990.75
R006,VEH,T1_SD_VEH,2026_06_20_merged.mat,SAMPLE,2,19817,6818,340.84999999999997,990.8
R006,VEH,T1_SD_VEH,2026_06_20_merged.mat,SAMPLE,2,19828,6829,341.4,991.35
R006,VEH,T1_SD_VEH,2026_06_20_merged.mat,SAMPLE,2,19829,6830,341.44999999999993,991.4
R006,VEH,T1_SD_VEH,2026_06_20_merged.mat,SAMPLE,2,19835,6836,341.74999999999994,991.7
R006,VEH,T1_SD_VEH,2026_06_20_merged.mat,SAMPLE,2,19867,6868,343.34999999999997,993.3
R006,VEH,T1_SD_VEH,2026_06_20_merged.mat,SAMPLE,2,19868,6869,343.4,993.35
R006,VEH,T1_SD_VEH,2026_06_20_merged.mat,SAMPLE,2,19869,6870,343.45,993.4000000000001
R006,VEH,T1_SD_VEH,2026_06_20_merged.mat,SAMPLE,2,19870,6871,343.49999999999994,993.45
R006,VEH,T1_SD_VEH,2026_06_20_merged.mat,SAMPLE,2,19871,6872,343.54999999999995,993.5
R006,VEH,T1_SD_VEH,2026_06_20_merged.mat,SAMPLE,2,19872,6873,343.59999999999997,993.55
R006,VEH,T1_SD_VEH,2026_06_20_merged.mat,SAMPLE,2,19873,6874,343.65,993.6
R006,VEH,T1_SD_VEH,2026_06_20_merged.mat,SAMPLE,1,19898,6899,344.9,994.85
R006,VEH,T1_SD_VEH,2026_06_20_merged.mat,SAMPLE,1,19899,6900,344.95,994.9000000000001
R006,VEH,T1_SD_VEH,2026_06_20_merged.mat,SAMPLE,1,19909,6910,345.45,995.4000000000001
R006,VEH,T1_SD_VEH,2026_06_20_merged.mat,SAMPLE,1,19910,6911,345.49999999999994,995.45
R006,VEH,T1_SD_VEH,2026_06_20_merged.mat,SAMPLE,1,19911,6912,345.54999999999995,995.5
R006,VEH,T1_SD_VEH,2026_06_20_merged.mat,SAMPLE,2,19963,6964,348.15,998.1
R006,VEH,T1_SD_VEH,2026_06_20_merged.mat,SAMPLE,2,19964,6965,348.2,998.1500000000001
R006,VEH,T1_SD_VEH,2026_06_20_merged.mat,SAMPLE,2,19965,6966,348.24999999999994,998.2
R006,VEH,T1_SD_VEH,2026_06_20_merged.mat,SAMPLE,2,19966,6967,348.29999999999995,998.25
R006,VEH,T1_SD_VEH,2026_06_20_merged.mat,SAMPLE,2,19967,6968,348.34999999999997,998.3
R006,VEH,T1_SD_VEH,2026_06_20_merged.mat,SAMPLE,2,19968,6969,348.4,998.35
R006,VEH,T1_SD_VEH,2026_06_20_merged.mat,SAMPLE,2,19969,6970,348.45,998.4000000000001
R006,VEH,T1_SD_VEH,2026_06_20_merged.mat,SAMPLE,2,19970,6971,348.49999999999994,998.45
R006,VEH,T1_SD_VEH,2026_06_20_merged.mat,SAMPLE,2,19971,6972,348.54999999999995,998.5
R006,VEH,T1_SD_VEH,2026_06_20_merged.mat,SAMPLE,2,19972,6973,348.59999999999997,998.55
R006,VEH,T1_SD_VEH,2026_06_20_merged.mat,SAMPLE,2,19973,6974,348.65,998.6
R006,VEH,T1_SD_VEH,2026_06_20_merged.mat,SAMPLE,1,19999,7000,349.95,999.9000000000001
R006,VEH,T1_SD_VEH,2026_06_20_merged.mat,SAMPLE,2,20005,7006,350.24999999999994,1000.2
R006,VEH,T1_SD_VEH,2026_06_20_merged.mat,SAMPLE,2,20006,7007,350.29999999999995,1000.25
R006,VEH,T1_SD_VEH,2026_06_20_merged.mat,SAMPLE,2,20026,7027,351.29999999999995,1001.25
R006,VEH,T1_SD_VEH,2026_06_20_merged.mat,SAMPLE,2,20027,7028,351.34999999999997,1001.3
R006,VEH,T1_SD_VEH,2026_06_20_merged.mat,SAMPLE,2,20028,7029,351.4,1001.35
R006,VEH,T1_SD_VEH,2026_06_20_merged.mat,SAMPLE,2,20072,7073,353.59999999999997,1003.55
R006,VEH,T1_SD_VEH,2026_06_20_merged.mat,SAMPLE,2,20073,7074,353.65,1003.6
R006,VEH,T1_SD_VEH,2026_06_20_merged.mat,SAMPLE,2,20074,7075,353.7,1003.6500000000001
R006,VEH,T1_SD_VEH,2026_06_20_merged.mat,SAMPLE,2,20075,7076,353.74999999999994,1003.7
R006,VEH,T1_SD_VEH,2026_06_20_merged.mat,SAMPLE,2,20076,7077,353.79999999999995,1003.75
R006,VEH,T1_SD_VEH,2026_06_20_merged.mat,SAMPLE,2,20077,7078,353.84999999999997,1003.8
R006,VEH,T1_SD_VEH,2026_06_20_merged.mat,SAMPLE,2,20095,7096,354.74999999999994,1004.7
R006,VEH,T1_SD_VEH,2026_06_20_merged.mat,SAMPLE,2,20096,7097,354.79999999999995,1004.75
R006,VEH,T1_SD_VEH,2026_06_20_merged.mat,SAMPLE,2,20097,7098,354.84999999999997,1004.8
R006,VEH,T1_SD_VEH,2026_06_20_merged.mat,SAMPLE,2,20098,7099,354.9,1004.85
R006,VEH,T1_SD_VEH,2026_06_20_merged.mat,SAMPLE,2,20099,7100,354.95,1004.9000000000001
R006,VEH,T1_SD_VEH,2026_06_20_merged.mat,SAMPLE,2,20100,7101,354.99999999999994,1004.95
R006,VEH,T1_SD_VEH,2026_06_20_merged.mat,SAMPLE,2,20101,7102,355.04999999999995,1005.0
R006,VEH,T1_SD_VEH,2026_06_20_merged.mat,SAMPLE,2,20102,7103,355.09999999999997,1005.05
R006,VEH,T1_SD_VEH,2026_06_20_merged.mat,SAMPLE,2,20103,7104,355.15,1005.1
R006,VEH,T1_SD_VEH,2026_06_20_merged.mat,SAMPLE,2,20104,7105,355.2,1005.1500000000001
R006,VEH,T1_SD_VEH,2026_06_20_merged.mat,SAMPLE,2,20115,7116,355.74999999999994,1005.7
R006,VEH,T1_SD_VEH,2026_06_20_merged.mat,SAMPLE,2,20116,7117,355.79999999999995,1005.75
R006,VEH,T1_SD_VEH,2026_06_20_merged.mat,SAMPLE,2,20117,7118,355.84999999999997,1005.8
R006,VEH,T1_SD_VEH,2026_06_20_merged.mat,SAMPLE,2,20118,7119,355.9,1005.85
R006,VEH,T1_SD_VEH,2026_06_20_merged.mat,SAMPLE,2,20124,7125,356.2,1006.1500000000001
R006,VEH,T1_SD_VEH,2026_06_20_merged.mat,SAMPLE,2,20125,7126,356.24999999999994,1006.2
R006,VEH,T1_SD_VEH,2026_06_20_merged.mat,SAMPLE,2,20126,7127,356.29999999999995,1006.25
R006,VEH,T1_SD_VEH,2026_06_20_merged.mat,SAMPLE,2,20127,7128,356.34999999999997,1006.3
R006,VEH,T1_SD_VEH,2026_06_20_merged.mat,SAMPLE,2,20136,7137,356.79999999999995,1006.75
R006,VEH,T1_SD_VEH,2026_06_20_merged.mat,SAMPLE,2,20137,7138,356.84999999999997,1006.8
R006,VEH,T1_SD_VEH,2026_06_20_merged.mat,SAMPLE,2,20138,7139,356.9,1006.85
R006,VEH,T1_SD_VEH,2026_06_20_merged.mat,SAMPLE,2,20139,7140,356.95,1006.9000000000001
R006,VEH,T1_SD_VEH,2026_06_20_merged.mat,SAMPLE,2,20145,7146,357.24999999999994,1007.2
R006,VEH,T1_SD_VEH,2026_06_20_merged.mat,SAMPLE,2,20146,7147,357.29999999999995,1007.25
R006,VEH,T1_SD_VEH,2026_06_20_merged.mat,SAMPLE,2,20147,7148,357.34999999999997,1007.3
R006,VEH,T1_SD_VEH,2026_06_20_merged.mat,SAMPLE,2,20158,7159,357.9,1007.85
R006,VEH,T1_SD_VEH,2026_06_20_merged.mat,SAMPLE,2,20159,7160,357.95,1007.9000000000001
R006,VEH,T1_SD_VEH,2026_06_20_merged.mat,SAMPLE,2,20160,7161,357.99999999999994,1007.95
R006,VEH,T1_SD_VEH,2026_06_20_merged.mat,SAMPLE,1,20179,7180,358.95,1008.9000000000001
R006,VEH,T1_SD_VEH,2026_06_20_merged.mat,SAMPLE,1,20180,7181,358.99999999999994,1008.95
R006,VEH,T1_SD_VEH,2026_06_20_merged.mat,SAMPLE,1,20181,7182,359.04999999999995,1009.0
R006,VEH,T1_SD_VEH,2026_06_20_merged.mat,SAMPLE,2,20187,7188,359.34999999999997,1009.3
R006,VEH,T1_SD_VEH,2026_06_20_merged.mat,SAMPLE,2,20188,7189,359.4,1009.35
R006,VEH,T1_SD_VEH,2026_06_20_merged.mat,SAMPLE,2,20189,7190,359.45,1009.4000000000001
R006,VEH,T1_SD_VEH,2026_06_20_merged.mat,SAMPLE,2,20190,7191,359.49999999999994,1009.45
R006,VEH,T1_SD_VEH,2026_06_20_merged.mat,SAMPLE,2,20191,7192,359.54999999999995,1009.5
R006,VEH,T1_SD_VEH,2026_06_20_merged.mat,SAMPLE,2,20192,7193,359.59999999999997,1009.55
R006,VEH,T1_SD_VEH,2026_06_20_merged.mat,SAMPLE,2,20199,7200,359.95,1009.9000000000001
R006,VEH,T1_SD_VEH,2026_06_20_merged.mat,SAMPLE,2,20200,7201,359.99999999999994,1009.95
R006,VEH,T1_SD_VEH,2026_06_20_merged.mat,SAMPLE,2,20201,7202,360.04999999999995,1010.0
R006,VEH,T1_SD_VEH,2026_06_20_merged.mat,SAMPLE,2,20202,7203,360.09999999999997,1010.05
R006,VEH,T1_SD_VEH,2026_06_20_merged.mat,SAMPLE,1,20246,7247,362.29999999999995,1012.25
R006,VEH,T1_SD_VEH,2026_06_20_merged.mat,SAMPLE,1,20247,7248,362.34999999999997,1012.3
R006,VEH,T1_SD_VEH,2026_06_20_merged.mat,SAMPLE,1,20248,7249,362.4,1012.35
R006,VEH,T1_SD_VEH,2026_06_20_merged.mat,SAMPLE,1,20249,7250,362.45,1012.4000000000001
R006,VEH,T1_SD_VEH,2026_06_20_merged.mat,SAMPLE,1,20259,7260,362.95,1012.9000000000001
R006,VEH,T1_SD_VEH,2026_06_20_merged.mat,SAMPLE,1,20260,7261,362.99999999999994,1012.95
R006,VEH,T1_SD_VEH,2026_06_20_merged.mat,SAMPLE,1,20261,7262,363.04999999999995,1013.0
R006,VEH,T1_SD_VEH,2026_06_20_merged.mat,SAMPLE,1,20271,7272,363.54999999999995,1013.5
R006,VEH,T1_SD_VEH,2026_06_20_merged.mat,SAMPLE,2,20282,7283,364.09999999999997,1014.05
R006,VEH,T1_SD_VEH,2026_06_20_merged.mat,SAMPLE,2,20283,7284,364.15,1014.1
R006,VEH,T1_SD_VEH,2026_06_20_merged.mat,SAMPLE,2,20284,7285,364.2,1014.1500000000001
R006,VEH,T1_SD_VEH,2026_06_20_merged.mat,SAMPLE,2,20285,7286,364.24999999999994,1014.2
R006,VEH,T1_SD_VEH,2026_06_20_merged.mat,SAMPLE,1,20309,7310,365.45,1015.4000000000001
R006,VEH,T1_SD_VEH,2026_06_20_merged.mat,SAMPLE,1,20311,7312,365.54999999999995,1015.5
R006,VEH,T1_SD_VEH,2026_06_20_merged.mat,SAMPLE,2,20317,7318,365.84999999999997,1015.8
R006,VEH,T1_SD_VEH,2026_06_20_merged.mat,SAMPLE,2,20318,7319,365.9,1015.85
R006,VEH,T1_SD_VEH,2026_06_20_merged.mat,SAMPLE,2,20319,7320,365.95,1015.9000000000001
R006,VEH,T1_SD_VEH,2026_06_20_merged.mat,SAMPLE,1,20336,7337,366.79999999999995,1016.75
R006,VEH,T1_SD_VEH,2026_06_20_merged.mat,SAMPLE,1,20355,7356,367.74999999999994,1017.7
R006,VEH,T1_SD_VEH,2026_06_20_merged.mat,SAMPLE,2,20362,7363,368.09999999999997,1018.05
R006,VEH,T1_SD_VEH,2026_06_20_merged.mat,SAMPLE,2,20363,7364,368.15,1018.1
R006,VEH,T1_SD_VEH,2026_06_20_merged.mat,SAMPLE,1,20370,7371,368.49999999999994,1018.45
R006,VEH,T1_SD_VEH,2026_06_20_merged.mat,SAMPLE,1,20388,7389,369.4,1019.35
R006,VEH,T1_SD_VEH,2026_06_20_merged.mat,SAMPLE,1,20389,7390,369.45,1019.4000000000001
R006,VEH,T1_SD_VEH,2026_06_20_merged.mat,SAMPLE,1,20390,7391,369.49999999999994,1019.45
R006,VEH,T1_SD_VEH,2026_06_20_merged.mat,SAMPLE,1,20400,7401,369.99999999999994,1019.95
R006,VEH,T1_SD_VEH,2026_06_20_merged.mat,SAMPLE,1,20401,7402,370.04999999999995,1020.0
R006,VEH,T1_SD_VEH,2026_06_20_merged.mat,SAMPLE,2,20409,7410,370.45,1020.4000000000001
R006,VEH,T1_SD_VEH,2026_06_20_merged.mat,SAMPLE,2,20410,7411,370.49999999999994,1020.45
R006,VEH,T1_SD_VEH,2026_06_20_merged.mat,SAMPLE,2,20411,7412,370.54999999999995,1020.5
R006,VEH,T1_SD_VEH,2026_06_20_merged.mat,SAMPLE,2,20412,7413,370.59999999999997,1020.55
R006,VEH,T1_SD_VEH,2026_06_20_merged.mat,SAMPLE,2,20413,7414,370.65,1020.6
R006,VEH,T1_SD_VEH,2026_06_20_merged.mat,SAMPLE,2,20435,7436,371.74999999999994,1021.7
R006,VEH,T1_SD_VEH,2026_06_20_merged.mat,SAMPLE,2,20479,7480,373.95,1023.9000000000001
R006,VEH,T1_SD_VEH,2026_06_20_merged.mat,SAMPLE,2,20480,7481,373.99999999999994,1023.95
R006,VEH,T1_SD_VEH,2026_06_20_merged.mat,SAMPLE,2,20481,7482,374.04999999999995,1024.0
R006,VEH,T1_SD_VEH,2026_06_20_merged.mat,SAMPLE,2,20482,7483,374.09999999999997,1024.05
R006,VEH,T1_SD_VEH,2026_06_20_merged.mat,SAMPLE,2,20483,7484,374.15,1024.1
R006,VEH,T1_SD_VEH,2026_06_20_merged.mat,SAMPLE,1,20506,7507,375.29999999999995,1025.25
R006,VEH,T1_SD_VEH,2026_06_20_merged.mat,SAMPLE,2,20513,7514,375.65,1025.6
R006,VEH,T1_SD_VEH,2026_06_20_merged.mat,SAMPLE,2,20514,7515,375.7,1025.65
R006,VEH,T1_SD_VEH,2026_06_20_merged.mat,SAMPLE,2,20537,7538,376.84999999999997,1026.8
R006,VEH,T1_SD_VEH,2026_06_20_merged.mat,SAMPLE,2,20538,7539,376.9,1026.85
R006,VEH,T1_SD_VEH,2026_06_20_merged.mat,SAMPLE,2,20564,7565,378.2,1028.15
R006,VEH,T1_SD_VEH,2026_06_20_merged.mat,SAMPLE,2,20565,7566,378.24999999999994,1028.2
R006,VEH,T1_SD_VEH,2026_06_20_merged.mat,SAMPLE,2,20566,7567,378.29999999999995,1028.25
R006,VEH,T1_SD_VEH,2026_06_20_merged.mat,SAMPLE,2,20567,7568,378.34999999999997,1028.3
R006,VEH,T1_SD_VEH,2026_06_20_merged.mat,SAMPLE,1,20575,7576,378.74999999999994,1028.7
R006,VEH,T1_SD_VEH,2026_06_20_merged.mat,SAMPLE,1,20576,7577,378.79999999999995,1028.75
R006,VEH,T1_SD_VEH,2026_06_20_merged.mat,SAMPLE,1,20577,7578,378.84999999999997,1028.8
R006,VEH,T1_SD_VEH,2026_06_20_merged.mat,SAMPLE,1,20578,7579,378.9,1028.85
R006,VEH,T1_SD_VEH,2026_06_20_merged.mat,SAMPLE,1,20579,7580,378.95,1028.9
R006,VEH,T1_SD_VEH,2026_06_20_merged.mat,SAMPLE,1,20580,7581,378.99999999999994,1028.95
R006,VEH,T1_SD_VEH,2026_06_20_merged.mat,SAMPLE,2,20587,7588,379.34999999999997,1029.3
R006,VEH,T1_SD_VEH,2026_06_20_merged.mat,SAMPLE,2,20631,7632,381.54999999999995,1031.5
R006,VEH,T1_SD_VEH,2026_06_20_merged.mat,SAMPLE,2,20632,7633,381.59999999999997,1031.55
R006,VEH,T1_SD_VEH,2026_06_20_merged.mat,SAMPLE,2,20633,7634,381.65,1031.6
R006,VEH,T1_SD_VEH,2026_06_20_merged.mat,SAMPLE,2,20640,7641,381.99999999999994,1031.95
R006,VEH,T1_SD_VEH,2026_06_20_merged.mat,SAMPLE,2,20641,7642,382.04999999999995,1032.0
R006,VEH,T1_SD_VEH,2026_06_20_merged.mat,SAMPLE,2,20642,7643,382.09999999999997,1032.05
R006,VEH,T1_SD_VEH,2026_06_20_merged.mat,SAMPLE,2,20656,7657,382.79999999999995,1032.75
R006,VEH,T1_SD_VEH,2026_06_20_merged.mat,SAMPLE,1,20661,7662,383.04999999999995,1033.0
R006,VEH,T1_SD_VEH,2026_06_20_merged.mat,SAMPLE,2,20667,7668,383.34999999999997,1033.3
R006,VEH,T1_SD_VEH,2026_06_20_merged.mat,SAMPLE,2,20668,7669,383.4,1033.35
R006,VEH,T1_SD_VEH,2026_06_20_merged.mat,SAMPLE,2,20678,7679,383.9,1033.85
R006,VEH,T1_SD_VEH,2026_06_20_merged.mat,SAMPLE,2,20679,7680,383.95,1033.9
R006,VEH,T1_SD_VEH,2026_06_20_merged.mat,SAMPLE,2,20680,7681,383.99999999999994,1033.95
R006,VEH,T1_SD_VEH,2026_06_20_merged.mat,SAMPLE,2,20681,7682,384.04999999999995,1034.0
R006,VEH,T1_SD_VEH,2026_06_20_merged.mat,SAMPLE,2,20718,7719,385.9,1035.85
R006,VEH,T1_SD_VEH,2026_06_20_merged.mat,SAMPLE,2,20719,7720,385.95,1035.9
R006,VEH,T1_SD_VEH,2026_06_20_merged.mat,SAMPLE,2,20720,7721,385.99999999999994,1035.95
R006,VEH,T1_SD_VEH,2026_06_20_merged.mat,SAMPLE,2,20721,7722,386.04999999999995,1036.0
R006,VEH,T1_SD_VEH,2026_06_20_merged.mat,SAMPLE,2,20722,7723,386.09999999999997,1036.05
R006,VEH,T1_SD_VEH,2026_06_20_merged.mat,SAMPLE,2,20734,7735,386.7,1036.65
R006,VEH,T1_SD_VEH,2026_06_20_merged.mat,SAMPLE,2,20745,7746,387.24999999999994,1037.2
R006,VEH,T1_SD_VEH,2026_06_20_merged.mat,SAMPLE,2,20746,7747,387.29999999999995,1037.25
R006,VEH,T1_SD_VEH,2026_06_20_merged.mat,SAMPLE,2,20747,7748,387.34999999999997,1037.3
R006,VEH,T1_SD_VEH,2026_06_20_merged.mat,SAMPLE,2,20748,7749,387.4,1037.35
R006,VEH,T1_SD_VEH,2026_06_20_merged.mat,SAMPLE,2,20749,7750,387.45,1037.4
R006,VEH,T1_SD_VEH,2026_06_20_merged.mat,SAMPLE,2,20750,7751,387.49999999999994,1037.45
R006,VEH,T1_SD_VEH,2026_06_20_merged.mat,SAMPLE,2,20751,7752,387.54999999999995,1037.5
R006,VEH,T1_SD_VEH,2026_06_20_merged.mat,SAMPLE,2,20752,7753,387.59999999999997,1037.55
R006,VEH,T1_SD_VEH,2026_06_20_merged.mat,SAMPLE,2,20770,7771,388.49999999999994,1038.45
R006,VEH,T1_SD_VEH,2026_06_20_merged.mat,SAMPLE,2,20787,7788,389.34999999999997,1039.3
R006,VEH,T1_SD_VEH,2026_06_20_merged.mat,SAMPLE,2,20788,7789,389.4,1039.35
R006,VEH,T1_SD_VEH,2026_06_20_merged.mat,SAMPLE,2,20815,7816,390.74999999999994,1040.7
R006,VEH,T1_SD_VEH,2026_06_20_merged.mat,SAMPLE,1,20831,7832,391.54999999999995,1041.5
R006,VEH,T1_SD_VEH,2026_06_20_merged.mat,SAMPLE,1,20832,7833,391.59999999999997,1041.55
R006,VEH,T1_SD_VEH,2026_06_20_merged.mat,SAMPLE,1,20833,7834,391.65,1041.6
R006,VEH,T1_SD_VEH,2026_06_20_merged.mat,SAMPLE,1,20834,7835,391.7,1041.65
R006,VEH,T1_SD_VEH,2026_06_20_merged.mat,SAMPLE,1,20835,7836,391.74999999999994,1041.7
R006,VEH,T1_SD_VEH,2026_06_20_merged.mat,SAMPLE,2,20841,7842,392.04999999999995,1042.0
R006,VEH,T1_SD_VEH,2026_06_20_merged.mat,SAMPLE,2,20842,7843,392.09999999999997,1042.05
R006,VEH,T1_SD_VEH,2026_06_20_merged.mat,SAMPLE,2,20843,7844,392.15,1042.1
R006,VEH,T1_SD_VEH,2026_06_20_merged.mat,SAMPLE,2,20844,7845,392.2,1042.15
R006,VEH,T1_SD_VEH,2026_06_20_merged.mat,SAMPLE,2,20845,7846,392.24999999999994,1042.2
R006,VEH,T1_SD_VEH,2026_06_20_merged.mat,SAMPLE,2,20846,7847,392.29999999999995,1042.25
R006,VEH,T1_SD_VEH,2026_06_20_merged.mat,SAMPLE,1,20905,7906,395.25,1045.2
R006,VEH,T1_SD_VEH,2026_06_20_merged.mat,SAMPLE,1,20906,7907,395.29999999999995,1045.25
R006,VEH,T1_SD_VEH,2026_06_20_merged.mat,SAMPLE,1,20907,7908,395.34999999999997,1045.3
R006,VEH,T1_SD_VEH,2026_06_20_merged.mat,SAMPLE,2,20936,7937,396.79999999999995,1046.75
R006,VEH,T1_SD_VEH,2026_06_20_merged.mat,SAMPLE,2,20937,7938,396.84999999999997,1046.8
R006,VEH,T1_SD_VEH,2026_06_20_merged.mat,SAMPLE,1,20949,7950,397.44999999999993,1047.4
R006,VEH,T1_SD_VEH,2026_06_20_merged.mat,SAMPLE,1,20950,7951,397.5,1047.45
R006,VEH,T1_SD_VEH,2026_06_20_merged.mat,SAMPLE,1,20967,7968,398.34999999999997,1048.3
R006,VEH,T1_SD_VEH,2026_06_20_merged.mat,SAMPLE,1,20968,7969,398.4,1048.35
R006,VEH,T1_SD_VEH,2026_06_20_merged.mat,SAMPLE,1,20969,7970,398.44999999999993,1048.4
R006,VEH,T1_SD_VEH,2026_06_20_merged.mat,SAMPLE,1,20970,7971,398.5,1048.45
R006,VEH,T1_SD_VEH,2026_06_20_merged.mat,SAMPLE,2,20978,7979,398.9,1048.85
R006,VEH,T1_SD_VEH,2026_06_20_merged.mat,SAMPLE,2,20979,7980,398.94999999999993,1048.9
R006,VEH,T1_SD_VEH,2026_06_20_merged.mat,SAMPLE,2,20980,7981,399.0,1048.95
R006,VEH,T1_SD_VEH,2026_06_20_merged.mat,SAMPLE,1,21012,8013,400.59999999999997,1050.55
R006,VEH,T1_SD_VEH,2026_06_20_merged.mat,SAMPLE,1,21013,8014,400.65,1050.6
R006,VEH,T1_SD_VEH,2026_06_20_merged.mat,SAMPLE,1,21014,8015,400.69999999999993,1050.65
R006,VEH,T1_SD_VEH,2026_06_20_merged.mat,SAMPLE,2,21030,8031,401.5,1051.45
R006,VEH,T1_SD_VEH,2026_06_20_merged.mat,SAMPLE,2,21031,8032,401.54999999999995,1051.5
R006,VEH,T1_SD_VEH,2026_06_20_merged.mat,SAMPLE,2,21032,8033,401.59999999999997,1051.55
R006,VEH,T1_SD_VEH,2026_06_20_merged.mat,SAMPLE,1,21044,8045,402.19999999999993,1052.15
R006,VEH,T1_SD_VEH,2026_06_20_merged.mat,SAMPLE,1,21045,8046,402.25,1052.2
R006,VEH,T1_SD_VEH,2026_06_20_merged.mat,SAMPLE,1,21046,8047,402.29999999999995,1052.25
R006,VEH,T1_SD_VEH,2026_06_20_merged.mat,SAMPLE,2,21085,8086,404.25,1054.2
R006,VEH,T1_SD_VEH,2026_06_20_merged.mat,SAMPLE,2,21086,8087,404.29999999999995,1054.25
R006,VEH,T1_SD_VEH,2026_06_20_merged.mat,SAMPLE,2,21087,8088,404.34999999999997,1054.3
R006,VEH,T1_SD_VEH,2026_06_20_merged.mat,SAMPLE,1,21096,8097,404.79999999999995,1054.75
R006,VEH,T1_SD_VEH,2026_06_20_merged.mat,SAMPLE,1,21123,8124,406.15,1056.1
R006,VEH,T1_SD_VEH,2026_06_20_merged.mat,SAMPLE,1,21124,8125,406.19999999999993,1056.15
R006,VEH,T1_SD_VEH,2026_06_20_merged.mat,SAMPLE,1,21135,8136,406.75,1056.7
R006,VEH,T1_SD_VEH,2026_06_20_merged.mat,SAMPLE,1,21136,8137,406.79999999999995,1056.75
R006,VEH,T1_SD_VEH,2026_06_20_merged.mat,SAMPLE,1,21147,8148,407.34999999999997,1057.3
R006,VEH,T1_SD_VEH,2026_06_20_merged.mat,SAMPLE,1,21148,8149,407.4,1057.35
R006,VEH,T1_SD_VEH,2026_06_20_merged.mat,SAMPLE,1,21154,8155,407.69999999999993,1057.65
R006,VEH,T1_SD_VEH,2026_06_20_merged.mat,SAMPLE,1,21155,8156,407.75,1057.7
R006,VEH,T1_SD_VEH,2026_06_20_merged.mat,SAMPLE,1,21156,8157,407.79999999999995,1057.75
R006,VEH,T1_SD_VEH,2026_06_20_merged.mat,SAMPLE,1,21157,8158,407.84999999999997,1057.8
R006,VEH,T1_SD_VEH,2026_06_20_merged.mat,SAMPLE,1,21158,8159,407.9,1057.85
R006,VEH,T1_SD_VEH,2026_06_20_merged.mat,SAMPLE,1,21169,8170,408.44999999999993,1058.4
R006,VEH,T1_SD_VEH,2026_06_20_merged.mat,SAMPLE,1,21170,8171,408.5,1058.45
R006,VEH,T1_SD_VEH,2026_06_20_merged.mat,SAMPLE,1,21200,8201,410.0,1059.95
R006,VEH,T1_SD_VEH,2026_06_20_merged.mat,SAMPLE,1,21230,8231,411.5,1061.45
R006,VEH,T1_SD_VEH,2026_06_20_merged.mat,SAMPLE,2,21254,8255,412.69999999999993,1062.65
R006,VEH,T1_SD_VEH,2026_06_20_merged.mat,SAMPLE,2,21255,8256,412.75,1062.7
R006,VEH,T1_SD_VEH,2026_06_20_merged.mat,SAMPLE,2,21256,8257,412.79999999999995,1062.75
R006,VEH,T1_SD_VEH,2026_06_20_merged.mat,SAMPLE,2,21289,8290,414.44999999999993,1064.4
R006,VEH,T1_SD_VEH,2026_06_20_merged.mat,SAMPLE,2,21290,8291,414.5,1064.45
R006,VEH,T1_SD_VEH,2026_06_20_merged.mat,SAMPLE,2,21291,8292,414.54999999999995,1064.5
R006,VEH,T1_SD_VEH,2026_06_20_merged.mat,SAMPLE,1,21326,8327,416.29999999999995,1066.25
R006,VEH,T1_SD_VEH,2026_06_20_merged.mat,SAMPLE,1,21327,8328,416.34999999999997,1066.3
R006,VEH,T1_SD_VEH,2026_06_20_merged.mat,SAMPLE,1,21328,8329,416.4,1066.35
R006,VEH,T1_SD_VEH,2026_06_20_merged.mat,SAMPLE,1,21329,8330,416.44999999999993,1066.4
R006,VEH,T1_SD_VEH,2026_06_20_merged.mat,SAMPLE,2,21342,8343,417.09999999999997,1067.05
R006,VEH,T1_SD_VEH,2026_06_20_merged.mat,SAMPLE,2,21343,8344,417.15,1067.1
R006,VEH,T1_SD_VEH,2026_06_20_merged.mat,SAMPLE,2,21344,8345,417.19999999999993,1067.15
R006,VEH,T1_SD_VEH,2026_06_20_merged.mat,SAMPLE,2,21345,8346,417.25,1067.2
R006,VEH,T1_SD_VEH,2026_06_20_merged.mat,SAMPLE,2,21346,8347,417.29999999999995,1067.25
R006,VEH,T1_SD_VEH,2026_06_20_merged.mat,SAMPLE,2,21363,8364,418.15,1068.1
R006,VEH,T1_SD_VEH,2026_06_20_merged.mat,SAMPLE,2,21364,8365,418.19999999999993,1068.15
R006,VEH,T1_SD_VEH,2026_06_20_merged.mat,SAMPLE,2,21365,8366,418.25,1068.2
R006,VEH,T1_SD_VEH,2026_06_20_merged.mat,SAMPLE,2,21382,8383,419.09999999999997,1069.05
R006,VEH,T1_SD_VEH,2026_06_20_merged.mat,SAMPLE,2,21383,8384,419.15,1069.1
R006,VEH,T1_SD_VEH,2026_06_20_merged.mat,SAMPLE,2,21384,8385,419.19999999999993,1069.15
R006,VEH,T1_SD_VEH,2026_06_20_merged.mat,SAMPLE,1,21420,8421,421.0,1070.95
R006,VEH,T1_SD_VEH,2026_06_20_merged.mat,SAMPLE,1,21421,8422,421.04999999999995,1071.0
R006,VEH,T1_SD_VEH,2026_06_20_merged.mat,SAMPLE,1,21422,8423,421.09999999999997,1071.05
R006,VEH,T1_SD_VEH,2026_06_20_merged.mat,SAMPLE,1,21430,8431,421.5,1071.45
R006,VEH,T1_SD_VEH,2026_06_20_merged.mat,SAMPLE,2,21437,8438,421.84999999999997,1071.8
R006,VEH,T1_SD_VEH,2026_06_20_merged.mat,SAMPLE,2,21457,8458,422.84999999999997,1072.8
R006,VEH,T1_SD_VEH,2026_06_20_merged.mat,SAMPLE,2,21458,8459,422.9,1072.85
R006,VEH,T1_SD_VEH,2026_06_20_merged.mat,SAMPLE,2,21459,8460,422.94999999999993,1072.9
R006,VEH,T1_SD_VEH,2026_06_20_merged.mat,SAMPLE,2,21477,8478,423.84999999999997,1073.8
R006,VEH,T1_SD_VEH,2026_06_20_merged.mat,SAMPLE,2,21478,8479,423.9,1073.85
R006,VEH,T1_SD_VEH,2026_06_20_merged.mat,SAMPLE,2,21479,8480,423.94999999999993,1073.9
R006,VEH,T1_SD_VEH,2026_06_20_merged.mat,SAMPLE,2,21480,8481,424.0,1073.95
R006,VEH,T1_SD_VEH,2026_06_20_merged.mat,SAMPLE,2,21526,8527,426.29999999999995,1076.25
R006,VEH,T1_SD_VEH,2026_06_20_merged.mat,SAMPLE,2,21527,8528,426.34999999999997,1076.3
R006,VEH,T1_SD_VEH,2026_06_20_merged.mat,SAMPLE,2,21528,8529,426.4,1076.35
R006,VEH,T1_SD_VEH,2026_06_20_merged.mat,SAMPLE,2,21529,8530,426.44999999999993,1076.4
R006,VEH,T1_SD_VEH,2026_06_20_merged.mat,SAMPLE,2,21559,8560,427.94999999999993,1077.9
R006,VEH,T1_SD_VEH,2026_06_20_merged.mat,SAMPLE,2,21560,8561,428.0,1077.95
R006,VEH,T1_SD_VEH,2026_06_20_merged.mat,SAMPLE,2,21561,8562,428.04999999999995,1078.0
R006,VEH,T1_SD_VEH,2026_06_20_merged.mat,SAMPLE,2,21562,8563,428.09999999999997,1078.05
R006,VEH,T1_SD_VEH,2026_06_20_merged.mat,SAMPLE,2,21572,8573,428.59999999999997,1078.55
R006,VEH,T1_SD_VEH,2026_06_20_merged.mat,SAMPLE,2,21573,8574,428.65,1078.6
R006,VEH,T1_SD_VEH,2026_06_20_merged.mat,SAMPLE,1,21607,8608,430.34999999999997,1080.3
R006,VEH,T1_SD_VEH,2026_06_20_merged.mat,SAMPLE,2,21635,8636,431.75,1081.7
R006,VEH,T1_SD_VEH,2026_06_20_merged.mat,SAMPLE,2,21636,8637,431.79999999999995,1081.75
R006,VEH,T1_SD_VEH,2026_06_20_merged.mat,SAMPLE,2,21680,8681,434.0,1083.95
R006,VEH,T1_SD_VEH,2026_06_20_merged.mat,SAMPLE,2,21681,8682,434.04999999999995,1084.0
R006,VEH,T1_SD_VEH,2026_06_20_merged.mat,SAMPLE,2,21724,8725,436.19999999999993,1086.15
R006,VEH,T1_SD_VEH,2026_06_20_merged.mat,SAMPLE,2,21725,8726,436.25,1086.2
R006,VEH,T1_SD_VEH,2026_06_20_merged.mat,SAMPLE,2,21744,8745,437.19999999999993,1087.15
R006,VEH,T1_SD_VEH,2026_06_20_merged.mat,SAMPLE,2,21745,8746,437.25,1087.2
R006,VEH,T1_SD_VEH,2026_06_20_merged.mat,SAMPLE,2,21746,8747,437.29999999999995,1087.25
R006,VEH,T1_SD_VEH,2026_06_20_merged.mat,SAMPLE,2,21747,8748,437.34999999999997,1087.3
R006,VEH,T1_SD_VEH,2026_06_20_merged.mat,SAMPLE,2,21748,8749,437.4,1087.35
R006,VEH,T1_SD_VEH,2026_06_20_merged.mat,SAMPLE,2,21790,8791,439.5,1089.45
R006,VEH,T1_SD_VEH,2026_06_20_merged.mat,SAMPLE,2,21791,8792,439.54999999999995,1089.5
R006,VEH,T1_SD_VEH,2026_06_20_merged.mat,SAMPLE,2,21792,8793,439.59999999999997,1089.55
R006,VEH,T1_SD_VEH,2026_06_20_merged.mat,SAMPLE,2,21793,8794,439.65,1089.6
R006,VEH,T1_SD_VEH,2026_06_20_merged.mat,SAMPLE,2,21805,8806,440.25,1090.2
R006,VEH,T1_SD_VEH,2026_06_20_merged.mat,SAMPLE,2,21806,8807,440.29999999999995,1090.25
R006,VEH,T1_SD_VEH,2026_06_20_merged.mat,SAMPLE,2,21807,8808,440.34999999999997,1090.3
R006,VEH,T1_SD_VEH,2026_06_20_merged.mat,SAMPLE,2,21808,8809,440.4,1090.35
R006,VEH,T1_SD_VEH,2026_06_20_merged.mat,SAMPLE,2,21835,8836,441.75,1091.7
R006,VEH,T1_SD_VEH,2026_06_20_merged.mat,SAMPLE,2,21863,8864,443.15,1093.1
R006,VEH,T1_SD_VEH,2026_06_20_merged.mat,SAMPLE,2,21864,8865,443.19999999999993,1093.15
R006,VEH,T1_SD_VEH,2026_06_20_merged.mat,SAMPLE,2,21865,8866,443.25,1093.2
R006,VEH,T1_SD_VEH,2026_06_20_merged.mat,SAMPLE,2,21866,8867,443.29999999999995,1093.25
R006,VEH,T1_SD_VEH,2026_06_20_merged.mat,SAMPLE,2,21867,8868,443.34999999999997,1093.3
R006,VEH,T1_SD_VEH,2026_06_20_merged.mat,SAMPLE,2,21868,8869,443.4,1093.35
R006,VEH,T1_SD_VEH,2026_06_20_merged.mat,SAMPLE,2,21869,8870,443.44999999999993,1093.4
R006,VEH,T1_SD_VEH,2026_06_20_merged.mat,SAMPLE,2,21886,8887,444.29999999999995,1094.25
R006,VEH,T1_SD_VEH,2026_06_20_merged.mat,SAMPLE,2,21887,8888,444.34999999999997,1094.3
R006,VEH,T1_SD_VEH,2026_06_20_merged.mat,SAMPLE,2,21888,8889,444.4,1094.35
R006,VEH,T1_SD_VEH,2026_06_20_merged.mat,SAMPLE,2,21889,8890,444.44999999999993,1094.4
R006,VEH,T1_SD_VEH,2026_06_20_merged.mat,SAMPLE,2,21890,8891,444.5,1094.45
R006,VEH,T1_SD_VEH,2026_06_20_merged.mat,SAMPLE,2,21891,8892,444.54999999999995,1094.5
R006,VEH,T1_SD_VEH,2026_06_20_merged.mat,SAMPLE,2,21932,8933,446.59999999999997,1096.55
R006,VEH,T1_SD_VEH,2026_06_20_merged.mat,SAMPLE,2,21933,8934,446.65,1096.6
R006,VEH,T1_SD_VEH,2026_06_20_merged.mat,SAMPLE,2,21934,8935,446.69999999999993,1096.65
R006,VEH,T1_SD_VEH,2026_06_20_merged.mat,SAMPLE,2,21935,8936,446.75,1096.7
R006,VEH,T1_SD_VEH,2026_06_20_merged.mat,SAMPLE,2,21942,8943,447.09999999999997,1097.05
R006,VEH,T1_SD_VEH,2026_06_20_merged.mat,SAMPLE,2,21943,8944,447.15,1097.1
R006,VEH,T1_SD_VEH,2026_06_20_merged.mat,SAMPLE,2,21944,8945,447.19999999999993,1097.15
R006,VEH,T1_SD_VEH,2026_06_20_merged.mat,SAMPLE,2,21945,8946,447.25,1097.2
R006,VEH,T1_SD_VEH,2026_06_20_merged.mat,SAMPLE,2,21946,8947,447.29999999999995,1097.25
R006,VEH,T1_SD_VEH,2026_06_20_merged.mat,SAMPLE,2,21947,8948,447.34999999999997,1097.3
R006,VEH,T1_SD_VEH,2026_06_20_merged.mat,SAMPLE,1,21973,8974,448.65,1098.6
R006,VEH,T1_SD_VEH,2026_06_20_merged.mat,SAMPLE,1,21974,8975,448.69999999999993,1098.65
R006,VEH,T1_SD_VEH,2026_06_20_merged.mat,SAMPLE,1,21975,8976,448.75,1098.7
R006,VEH,T1_SD_VEH,2026_06_20_merged.mat,SAMPLE,1,21976,8977,448.79999999999995,1098.75
R006,VEH,T1_SD_VEH,2026_06_20_merged.mat,SAMPLE,1,21977,8978,448.84999999999997,1098.8
R006,VEH,T1_SD_VEH,2026_06_20_merged.mat,SAMPLE,2,22027,9028,451.34999999999997,1101.3
R006,VEH,T1_SD_VEH,2026_06_20_merged.mat,SAMPLE,2,22028,9029,451.4,1101.35
R006,VEH,T1_SD_VEH,2026_06_20_merged.mat,SAMPLE,2,22029,9030,451.44999999999993,1101.4
R006,VEH,T1_SD_VEH,2026_06_20_merged.mat,SAMPLE,2,22030,9031,451.5,1101.45
R006,VEH,T1_SD_VEH,2026_06_20_merged.mat,SAMPLE,2,22055,9056,452.75,1102.7
R006,VEH,T1_SD_VEH,2026_06_20_merged.mat,SAMPLE,2,22056,9057,452.79999999999995,1102.75
R006,VEH,T1_SD_VEH,2026_06_20_merged.mat,SAMPLE,2,22057,9058,452.84999999999997,1102.8
R006,VEH,T1_SD_VEH,2026_06_20_merged.mat,SAMPLE,2,22058,9059,452.9,1102.85
R006,VEH,T1_SD_VEH,2026_06_20_merged.mat,SAMPLE,2,22059,9060,452.94999999999993,1102.9
R006,VEH,T1_SD_VEH,2026_06_20_merged.mat,SAMPLE,2,22067,9068,453.34999999999997,1103.3
R006,VEH,T1_SD_VEH,2026_06_20_merged.mat,SAMPLE,2,22068,9069,453.4,1103.35
R006,VEH,T1_SD_VEH,2026_06_20_merged.mat,SAMPLE,2,22069,9070,453.44999999999993,1103.4
R006,VEH,T1_SD_VEH,2026_06_20_merged.mat,SAMPLE,2,22070,9071,453.5,1103.45
R006,VEH,T1_SD_VEH,2026_06_20_merged.mat,SAMPLE,2,22079,9080,453.94999999999993,1103.9
R006,VEH,T1_SD_VEH,2026_06_20_merged.mat,SAMPLE,2,22080,9081,454.0,1103.95
R006,VEH,T1_SD_VEH,2026_06_20_merged.mat,SAMPLE,2,22081,9082,454.04999999999995,1104.0
R006,VEH,T1_SD_VEH,2026_06_20_merged.mat,SAMPLE,2,22082,9083,454.09999999999997,1104.05
R006,VEH,T1_SD_VEH,2026_06_20_merged.mat,SAMPLE,2,22098,9099,454.9,1104.85
R006,VEH,T1_SD_VEH,2026_06_20_merged.mat,SAMPLE,2,22099,9100,454.94999999999993,1104.9
R006,VEH,T1_SD_VEH,2026_06_20_merged.mat,SAMPLE,2,22100,9101,455.0,1104.95
R006,VEH,T1_SD_VEH,2026_06_20_merged.mat,SAMPLE,2,22101,9102,455.04999999999995,1105.0
R006,VEH,T1_SD_VEH,2026_06_20_merged.mat,SAMPLE,2,22102,9103,455.09999999999997,1105.05
R006,VEH,T1_SD_VEH,2026_06_20_merged.mat,SAMPLE,2,22103,9104,455.15,1105.1
R006,VEH,T1_SD_VEH,2026_06_20_merged.mat,SAMPLE,2,22112,9113,455.59999999999997,1105.55
R006,VEH,T1_SD_VEH,2026_06_20_merged.mat,SAMPLE,2,22113,9114,455.65,1105.6
R006,VEH,T1_SD_VEH,2026_06_20_merged.mat,SAMPLE,2,22159,9160,457.94999999999993,1107.9
R006,VEH,T1_SD_VEH,2026_06_20_merged.mat,SAMPLE,2,22160,9161,458.0,1107.95
R006,VEH,T1_SD_VEH,2026_06_20_merged.mat,SAMPLE,2,22161,9162,458.04999999999995,1108.0
R006,VEH,T1_SD_VEH,2026_06_20_merged.mat,SAMPLE,2,22162,9163,458.09999999999997,1108.05
R006,VEH,T1_SD_VEH,2026_06_20_merged.mat,SAMPLE,2,22163,9164,458.15,1108.1
R006,VEH,T1_SD_VEH,2026_06_20_merged.mat,SAMPLE,2,22171,9172,458.54999999999995,1108.5
R006,VEH,T1_SD_VEH,2026_06_20_merged.mat,SAMPLE,2,22202,9203,460.09999999999997,1110.05
R006,VEH,T1_SD_VEH,2026_06_20_merged.mat,SAMPLE,1,22208,9209,460.4,1110.35
R006,VEH,T1_SD_VEH,2026_06_20_merged.mat,SAMPLE,1,22209,9210,460.44999999999993,1110.4
R006,VEH,T1_SD_VEH,2026_06_20_merged.mat,SAMPLE,1,22210,9211,460.5,1110.45
R006,VEH,T1_SD_VEH,2026_06_20_merged.mat,SAMPLE,1,22211,9212,460.54999999999995,1110.5
R006,VEH,T1_SD_VEH,2026_06_20_merged.mat,SAMPLE,1,22229,9230,461.44999999999993,1111.4
R006,VEH,T1_SD_VEH,2026_06_20_merged.mat,SAMPLE,1,22230,9231,461.5,1111.45
R006,VEH,T1_SD_VEH,2026_06_20_merged.mat,SAMPLE,2,22243,9244,462.15,1112.1
R006,VEH,T1_SD_VEH,2026_06_20_merged.mat,SAMPLE,2,22244,9245,462.19999999999993,1112.15
R006,VEH,T1_SD_VEH,2026_06_20_merged.mat,SAMPLE,2,22245,9246,462.25,1112.2
R006,VEH,T1_SD_VEH,2026_06_20_merged.mat,SAMPLE,2,22267,9268,463.34999999999997,1113.3
R006,VEH,T1_SD_VEH,2026_06_20_merged.mat,SAMPLE,2,22268,9269,463.4,1113.35
R006,VEH,T1_SD_VEH,2026_06_20_merged.mat,SAMPLE,2,22269,9270,463.44999999999993,1113.4
R006,VEH,T1_SD_VEH,2026_06_20_merged.mat,SAMPLE,2,22270,9271,463.5,1113.45
R006,VEH,T1_SD_VEH,2026_06_20_merged.mat,SAMPLE,2,22271,9272,463.54999999999995,1113.5
R006,VEH,T1_SD_VEH,2026_06_20_merged.mat,SAMPLE,2,22272,9273,463.59999999999997,1113.55
R006,VEH,T1_SD_VEH,2026_06_20_merged.mat,SAMPLE,2,22273,9274,463.65,1113.6
R006,VEH,T1_SD_VEH,2026_06_20_merged.mat,SAMPLE,2,22274,9275,463.69999999999993,1113.65
R006,VEH,T1_SD_VEH,2026_06_20_merged.mat,SAMPLE,2,22275,9276,463.75,1113.7
R006,VEH,T1_SD_VEH,2026_06_20_merged.mat,SAMPLE,2,22276,9277,463.79999999999995,1113.75
R006,VEH,T1_SD_VEH,2026_06_20_merged.mat,SAMPLE,2,22300,9301,465.0,1114.95
R006,VEH,T1_SD_VEH,2026_06_20_merged.mat,SAMPLE,2,22301,9302,465.04999999999995,1115.0
R006,VEH,T1_SD_VEH,2026_06_20_merged.mat,SAMPLE,2,22302,9303,465.09999999999997,1115.05
R006,VEH,T1_SD_VEH,2026_06_20_merged.mat,SAMPLE,2,22303,9304,465.15,1115.1
R006,VEH,T1_SD_VEH,2026_06_20_merged.mat,SAMPLE,2,22304,9305,465.19999999999993,1115.15
R006,VEH,T1_SD_VEH,2026_06_20_merged.mat,SAMPLE,2,22305,9306,465.25,1115.2
R006,VEH,T1_SD_VEH,2026_06_20_merged.mat,SAMPLE,2,22315,9316,465.75,1115.7
R006,VEH,T1_SD_VEH,2026_06_20_merged.mat,SAMPLE,2,22316,9317,465.79999999999995,1115.75
R006,VEH,T1_SD_VEH,2026_06_20_merged.mat,SAMPLE,2,22317,9318,465.84999999999997,1115.8
R006,VEH,T1_SD_VEH,2026_06_20_merged.mat,SAMPLE,2,22318,9319,465.9,1115.85
R006,VEH,T1_SD_VEH,2026_06_20_merged.mat,SAMPLE,2,22327,9328,466.34999999999997,1116.3
R006,VEH,T1_SD_VEH,2026_06_20_merged.mat,SAMPLE,2,22328,9329,466.4,1116.35
R006,VEH,T1_SD_VEH,2026_06_20_merged.mat,SAMPLE,2,22329,9330,466.44999999999993,1116.4
R006,VEH,T1_SD_VEH,2026_06_20_merged.mat,SAMPLE,2,22330,9331,466.5,1116.45
R006,VEH,T1_SD_VEH,2026_06_20_merged.mat,SAMPLE,2,22379,9380,468.94999999999993,1118.9
R006,VEH,T1_SD_VEH,2026_06_20_merged.mat,SAMPLE,2,22380,9381,469.0,1118.95
R006,VEH,T1_SD_VEH,2026_06_20_merged.mat,SAMPLE,2,22381,9382,469.04999999999995,1119.0
R006,VEH,T1_SD_VEH,2026_06_20_merged.mat,SAMPLE,2,22382,9383,469.09999999999997,1119.05
R006,VEH,T1_SD_VEH,2026_06_20_merged.mat,SAMPLE,1,22392,9393,469.59999999999997,1119.55
R006,VEH,T1_SD_VEH,2026_06_20_merged.mat,SAMPLE,1,22393,9394,469.65,1119.6
R006,VEH,T1_SD_VEH,2026_06_20_merged.mat,SAMPLE,1,22394,9395,469.69999999999993,1119.65
R006,VEH,T1_SD_VEH,2026_06_20_merged.mat,SAMPLE,2,22416,9417,470.79999999999995,1120.75
R006,VEH,T1_SD_VEH,2026_06_20_merged.mat,SAMPLE,2,22417,9418,470.84999999999997,1120.8
R006,VEH,T1_SD_VEH,2026_06_20_merged.mat,SAMPLE,2,22418,9419,470.9,1120.85
R006,VEH,T1_SD_VEH,2026_06_20_merged.mat,SAMPLE,2,22419,9420,470.94999999999993,1120.9
R006,VEH,T1_SD_VEH,2026_06_20_merged.mat,SAMPLE,2,22438,9439,471.9,1121.85
R006,VEH,T1_SD_VEH,2026_06_20_merged.mat,SAMPLE,2,22439,9440,471.94999999999993,1121.9
R006,VEH,T1_SD_VEH,2026_06_20_merged.mat,SAMPLE,1,22464,9465,473.19999999999993,1123.15
R006,VEH,T1_SD_VEH,2026_06_20_merged.mat,SAMPLE,1,22465,9466,473.25,1123.2
R006,VEH,T1_SD_VEH,2026_06_20_merged.mat,SAMPLE,2,22470,9471,473.5,1123.45
R006,VEH,T1_SD_VEH,2026_06_20_merged.mat,SAMPLE,2,22471,9472,473.54999999999995,1123.5
R006,VEH,T1_SD_VEH,2026_06_20_merged.mat,SAMPLE,2,22472,9473,473.59999999999997,1123.55
R006,VEH,T1_SD_VEH,2026_06_20_merged.mat,SAMPLE,2,22473,9474,473.65,1123.6
R006,VEH,T1_SD_VEH,2026_06_20_merged.mat,SAMPLE,2,22474,9475,473.69999999999993,1123.65
R006,VEH,T1_SD_VEH,2026_06_20_merged.mat,SAMPLE,2,22489,9490,474.44999999999993,1124.4
R006,VEH,T1_SD_VEH,2026_06_20_merged.mat,SAMPLE,2,22490,9491,474.5,1124.45
R006,VEH,T1_SD_VEH,2026_06_20_merged.mat,SAMPLE,2,22491,9492,474.54999999999995,1124.5
R006,VEH,T1_SD_VEH,2026_06_20_merged.mat,SAMPLE,2,22503,9504,475.15,1125.1
R006,VEH,T1_SD_VEH,2026_06_20_merged.mat,SAMPLE,2,22504,9505,475.19999999999993,1125.15
R006,VEH,T1_SD_VEH,2026_06_20_merged.mat,SAMPLE,2,22505,9506,475.25,1125.2
R006,VEH,T1_SD_VEH,2026_06_20_merged.mat,SAMPLE,2,22506,9507,475.29999999999995,1125.25
R006,VEH,T1_SD_VEH,2026_06_20_merged.mat,SAMPLE,2,22507,9508,475.34999999999997,1125.3
R006,VEH,T1_SD_VEH,2026_06_20_merged.mat,SAMPLE,2,22508,9509,475.4,1125.35
R006,VEH,T1_SD_VEH,2026_06_20_merged.mat,SAMPLE,2,22509,9510,475.44999999999993,1125.4
R006,VEH,T1_SD_VEH,2026_06_20_merged.mat,SAMPLE,2,22510,9511,475.5,1125.45
R006,VEH,T1_SD_VEH,2026_06_20_merged.mat,SAMPLE,2,22511,9512,475.54999999999995,1125.5
R006,VEH,T1_SD_VEH,2026_06_20_merged.mat,SAMPLE,2,22512,9513,475.59999999999997,1125.55
R006,VEH,T1_SD_VEH,2026_06_20_merged.mat,SAMPLE,2,22526,9527,476.29999999999995,1126.25
R006,VEH,T1_SD_VEH,2026_06_20_merged.mat,SAMPLE,2,22527,9528,476.34999999999997,1126.3
R006,VEH,T1_SD_VEH,2026_06_20_merged.mat,SAMPLE,2,22528,9529,476.4,1126.35
R006,VEH,T1_SD_VEH,2026_06_20_merged.mat,SAMPLE,2,22529,9530,476.44999999999993,1126.4
R006,VEH,T1_SD_VEH,2026_06_20_merged.mat,SAMPLE,2,22530,9531,476.5,1126.45
R006,VEH,T1_SD_VEH,2026_06_20_merged.mat,SAMPLE,2,22531,9532,476.54999999999995,1126.5
R006,VEH,T1_SD_VEH,2026_06_20_merged.mat,SAMPLE,2,22532,9533,476.59999999999997,1126.55
R006,VEH,T1_SD_VEH,2026_06_20_merged.mat,SAMPLE,2,22537,9538,476.84999999999997,1126.8
R006,VEH,T1_SD_VEH,2026_06_20_merged.mat,SAMPLE,2,22538,9539,476.9,1126.85
R006,VEH,T1_SD_VEH,2026_06_20_merged.mat,SAMPLE,2,22539,9540,476.94999999999993,1126.9
R006,VEH,T1_SD_VEH,2026_06_20_merged.mat,SAMPLE,2,22547,9548,477.34999999999997,1127.3
R006,VEH,T1_SD_VEH,2026_06_20_merged.mat,SAMPLE,2,22558,9559,477.9,1127.85
R006,VEH,T1_SD_VEH,2026_06_20_merged.mat,SAMPLE,2,22559,9560,477.94999999999993,1127.9
R006,VEH,T1_SD_VEH,2026_06_20_merged.mat,SAMPLE,2,22560,9561,478.0,1127.95
R006,VEH,T1_SD_VEH,2026_06_20_merged.mat,SAMPLE,2,22561,9562,478.04999999999995,1128.0
R006,VEH,T1_SD_VEH,2026_06_20_merged.mat,SAMPLE,2,22571,9572,478.54999999999995,1128.5
R006,VEH,T1_SD_VEH,2026_06_20_merged.mat,SAMPLE,2,22572,9573,478.59999999999997,1128.55
R006,VEH,T1_SD_VEH,2026_06_20_merged.mat,SAMPLE,2,22573,9574,478.65,1128.6
R006,VEH,T1_SD_VEH,2026_06_20_merged.mat,SAMPLE,2,22583,9584,479.15,1129.1
R006,VEH,T1_SD_VEH,2026_06_20_merged.mat,SAMPLE,2,22602,9603,480.09999999999997,1130.05
R006,VEH,T1_SD_VEH,2026_06_20_merged.mat,SAMPLE,2,22603,9604,480.15,1130.1
R006,VEH,T1_SD_VEH,2026_06_20_merged.mat,SAMPLE,2,22604,9605,480.19999999999993,1130.15
R006,VEH,T1_SD_VEH,2026_06_20_merged.mat,SAMPLE,2,22605,9606,480.25,1130.2
R006,VEH,T1_SD_VEH,2026_06_20_merged.mat,SAMPLE,2,22606,9607,480.29999999999995,1130.25
R006,VEH,T1_SD_VEH,2026_06_20_merged.mat,SAMPLE,2,22633,9634,481.65,1131.6
R006,VEH,T1_SD_VEH,2026_06_20_merged.mat,SAMPLE,2,22634,9635,481.69999999999993,1131.65
R006,VEH,T1_SD_VEH,2026_06_20_merged.mat,SAMPLE,2,22635,9636,481.75,1131.7
R006,VEH,T1_SD_VEH,2026_06_20_merged.mat,SAMPLE,1,22647,9648,482.34999999999997,1132.3
R006,VEH,T1_SD_VEH,2026_06_20_merged.mat,SAMPLE,1,22648,9649,482.4,1132.35
R006,VEH,T1_SD_VEH,2026_06_20_merged.mat,SAMPLE,1,22649,9650,482.44999999999993,1132.4
R006,VEH,T1_SD_VEH,2026_06_20_merged.mat,SAMPLE,1,22650,9651,482.5,1132.45
R006,VEH,T1_SD_VEH,2026_06_20_merged.mat,SAMPLE,1,22663,9664,483.15,1133.1
R006,VEH,T1_SD_VEH,2026_06_20_merged.mat,SAMPLE,1,22664,9665,483.19999999999993,1133.15
R006,VEH,T1_SD_VEH,2026_06_20_merged.mat,SAMPLE,1,22677,9678,483.84999999999997,1133.8
R006,VEH,T1_SD_VEH,2026_06_20_merged.mat,SAMPLE,2,22684,9685,484.19999999999993,1134.15
R006,VEH,T1_SD_VEH,2026_06_20_merged.mat,SAMPLE,2,22697,9698,484.84999999999997,1134.8
R006,VEH,T1_SD_VEH,2026_06_20_merged.mat,SAMPLE,2,22698,9699,484.9,1134.85
R006,VEH,T1_SD_VEH,2026_06_20_merged.mat,SAMPLE,2,22699,9700,484.94999999999993,1134.9
R006,VEH,T1_SD_VEH,2026_06_20_merged.mat,SAMPLE,2,22700,9701,485.0,1134.95
R006,VEH,T1_SD_VEH,2026_06_20_merged.mat,SAMPLE,1,22710,9711,485.5,1135.45
R006,VEH,T1_SD_VEH,2026_06_20_merged.mat,SAMPLE,1,22711,9712,485.54999999999995,1135.5
R006,VEH,T1_SD_VEH,2026_06_20_merged.mat,SAMPLE,1,22712,9713,485.59999999999997,1135.55
R006,VEH,T1_SD_VEH,2026_06_20_merged.mat,SAMPLE,2,22736,9737,486.79999999999995,1136.75
R006,VEH,T1_SD_VEH,2026_06_20_merged.mat,SAMPLE,2,22737,9738,486.84999999999997,1136.8
R006,VEH,T1_SD_VEH,2026_06_20_merged.mat,SAMPLE,2,22738,9739,486.9,1136.85
R006,VEH,T1_SD_VEH,2026_06_20_merged.mat,SAMPLE,2,22739,9740,486.94999999999993,1136.9
R006,VEH,T1_SD_VEH,2026_06_20_merged.mat,SAMPLE,2,22740,9741,487.0,1136.95
R006,VEH,T1_SD_VEH,2026_06_20_merged.mat,SAMPLE,2,22756,9757,487.79999999999995,1137.75
R006,VEH,T1_SD_VEH,2026_06_20_merged.mat,SAMPLE,2,22814,9815,490.69999999999993,1140.65
R006,VEH,T1_SD_VEH,2026_06_20_merged.mat,SAMPLE,2,22815,9816,490.75,1140.7
R006,VEH,T1_SD_VEH,2026_06_20_merged.mat,SAMPLE,2,22816,9817,490.79999999999995,1140.75
R006,VEH,T1_SD_VEH,2026_06_20_merged.mat,SAMPLE,2,22817,9818,490.84999999999997,1140.8
R006,VEH,T1_SD_VEH,2026_06_20_merged.mat,SAMPLE,2,22818,9819,490.9,1140.85
R006,VEH,T1_SD_VEH,2026_06_20_merged.mat,SAMPLE,2,22819,9820,490.94999999999993,1140.9
R006,VEH,T1_SD_VEH,2026_06_20_merged.mat,SAMPLE,2,22820,9821,491.0,1140.95
R006,VEH,T1_SD_VEH,2026_06_20_merged.mat,SAMPLE,2,22821,9822,491.04999999999995,1141.0
R006,VEH,T1_SD_VEH,2026_06_20_merged.mat,SAMPLE,2,22865,9866,493.25,1143.2
R006,VEH,T1_SD_VEH,2026_06_20_merged.mat,SAMPLE,2,22866,9867,493.29999999999995,1143.25
R006,VEH,T1_SD_VEH,2026_06_20_merged.mat,SAMPLE,2,22867,9868,493.34999999999997,1143.3
R006,VEH,T1_SD_VEH,2026_06_20_merged.mat,SAMPLE,2,22868,9869,493.4,1143.35
R006,VEH,T1_SD_VEH,2026_06_20_merged.mat,SAMPLE,2,22869,9870,493.44999999999993,1143.4
R006,VEH,T1_SD_VEH,2026_06_20_merged.mat,SAMPLE,1,22883,9884,494.15,1144.1
R006,VEH,T1_SD_VEH,2026_06_20_merged.mat,SAMPLE,2,22906,9907,495.29999999999995,1145.25
R006,VEH,T1_SD_VEH,2026_06_20_merged.mat,SAMPLE,1,22930,9931,496.5,1146.45
R006,VEH,T1_SD_VEH,2026_06_20_merged.mat,SAMPLE,1,22943,9944,497.15,1147.1
R006,VEH,T1_SD_VEH,2026_06_20_merged.mat,SAMPLE,1,22982,9983,499.09999999999997,1149.05
R006,VEH,T1_SD_VEH,2026_06_20_merged.mat,SAMPLE,1,22983,9984,499.15,1149.1
R006,VEH,T1_SD_VEH,2026_06_20_merged.mat,SAMPLE,2,22998,9999,499.9,1149.85
R006,VEH,T1_SD_VEH,2026_06_20_merged.mat,SAMPLE,2,22999,10000,499.94999999999993,1149.9
R006,VEH,T1_SD_VEH,2026_06_20_merged.mat,SAMPLE,2,23018,10019,500.9,1150.85
R006,VEH,T1_SD_VEH,2026_06_20_merged.mat,SAMPLE,2,23019,10020,500.94999999999993,1150.9
R006,VEH,T1_SD_VEH,2026_06_20_merged.mat,SAMPLE,2,23020,10021,501.0,1150.95
R006,VEH,T1_SD_VEH,2026_06_20_merged.mat,SAMPLE,2,23021,10022,501.04999999999995,1151.0
R006,VEH,T1_SD_VEH,2026_06_20_merged.mat,SAMPLE,2,23084,10085,504.19999999999993,1154.15
R006,VEH,T1_SD_VEH,2026_06_20_merged.mat,SAMPLE,2,23085,10086,504.25,1154.2
R006,VEH,T1_SD_VEH,2026_06_20_merged.mat,SAMPLE,1,23137,10138,506.84999999999997,1156.8
R006,VEH,T1_SD_VEH,2026_06_20_merged.mat,SAMPLE,1,23138,10139,506.9,1156.85
R006,VEH,T1_SD_VEH,2026_06_20_merged.mat,SAMPLE,1,23139,10140,506.94999999999993,1156.9
R006,VEH,T1_SD_VEH,2026_06_20_merged.mat,SAMPLE,1,23140,10141,507.0,1156.95
R006,VEH,T1_SD_VEH,2026_06_20_merged.mat,SAMPLE,2,23229,10230,511.44999999999993,1161.4
R006,VEH,T1_SD_VEH,2026_06_20_merged.mat,SAMPLE,1,23260,10261,513.0,1162.95
R006,VEH,T1_SD_VEH,2026_06_20_merged.mat,SAMPLE,2,23280,10281,514.0,1163.95
R006,VEH,T1_SD_VEH,2026_06_20_merged.mat,SAMPLE,2,23281,10282,514.05,1164.0
R006,VEH,T1_SD_VEH,2026_06_20_merged.mat,SAMPLE,1,23289,10290,514.4499999999999,1164.4
R006,VEH,T1_SD_VEH,2026_06_20_merged.mat,SAMPLE,1,23290,10291,514.5,1164.45
R006,VEH,T1_SD_VEH,2026_06_20_merged.mat,SAMPLE,1,23291,10292,514.55,1164.5
R006,VEH,T1_SD_VEH,2026_06_20_merged.mat,SAMPLE,1,23292,10293,514.5999999999999,1164.55
R006,VEH,T1_SD_VEH,2026_06_20_merged.mat,SAMPLE,1,23293,10294,514.65,1164.6
R006,VEH,T1_SD_VEH,2026_06_20_merged.mat,SAMPLE,2,23303,10304,515.15,1165.1
R006,VEH,T1_SD_VEH,2026_06_20_merged.mat,SAMPLE,2,23304,10305,515.1999999999999,1165.15
R006,VEH,T1_SD_VEH,2026_06_20_merged.mat,SAMPLE,2,23329,10330,516.4499999999999,1166.4
R006,VEH,T1_SD_VEH,2026_06_20_merged.mat,SAMPLE,2,23330,10331,516.5,1166.45
R006,VEH,T1_SD_VEH,2026_06_20_merged.mat,SAMPLE,1,23339,10340,516.9499999999999,1166.9
R006,VEH,T1_SD_VEH,2026_06_20_merged.mat,SAMPLE,1,23340,10341,517.0,1166.95
R006,VEH,T1_SD_VEH,2026_06_20_merged.mat,SAMPLE,1,23341,10342,517.05,1167.0
R006,VEH,T1_SD_VEH,2026_06_20_merged.mat,SAMPLE,1,23351,10352,517.55,1167.5
R006,VEH,T1_SD_VEH,2026_06_20_merged.mat,SAMPLE,2,23384,10385,519.1999999999999,1169.15
R006,VEH,T1_SD_VEH,2026_06_20_merged.mat,SAMPLE,2,23385,10386,519.25,1169.2
R006,VEH,T1_SD_VEH,2026_06_20_merged.mat,SAMPLE,2,23386,10387,519.3,1169.25
R006,VEH,T1_SD_VEH,2026_06_20_merged.mat,SAMPLE,2,23387,10388,519.3499999999999,1169.3
R006,VEH,T1_SD_VEH,2026_06_20_merged.mat,SAMPLE,2,23388,10389,519.4,1169.35
R006,VEH,T1_SD_VEH,2026_06_20_merged.mat,SAMPLE,2,23389,10390,519.4499999999999,1169.4
R006,VEH,T1_SD_VEH,2026_06_20_merged.mat,SAMPLE,2,23437,10438,521.8499999999999,1171.8
R006,VEH,T1_SD_VEH,2026_06_20_merged.mat,SAMPLE,1,23455,10456,522.75,1172.7
R006,VEH,T1_SD_VEH,2026_06_20_merged.mat,SAMPLE,1,23456,10457,522.8,1172.75
R006,VEH,T1_SD_VEH,2026_06_20_merged.mat,SAMPLE,1,23467,10468,523.3499999999999,1173.3
R006,VEH,T1_SD_VEH,2026_06_20_merged.mat,SAMPLE,2,23475,10476,523.75,1173.7
R006,VEH,T1_SD_VEH,2026_06_20_merged.mat,SAMPLE,2,23476,10477,523.8,1173.75
R006,VEH,T1_SD_VEH,2026_06_20_merged.mat,SAMPLE,2,23477,10478,523.8499999999999,1173.8
R006,VEH,T1_SD_VEH,2026_06_20_merged.mat,SAMPLE,2,23478,10479,523.9,1173.85
R006,VEH,T1_SD_VEH,2026_06_20_merged.mat,SAMPLE,2,23501,10502,525.05,1175.0
R006,VEH,T1_SD_VEH,2026_06_20_merged.mat,SAMPLE,2,23502,10503,525.0999999999999,1175.05
R006,VEH,T1_SD_VEH,2026_06_20_merged.mat,SAMPLE,2,23503,10504,525.15,1175.1
R006,VEH,T1_SD_VEH,2026_06_20_merged.mat,SAMPLE,1,23527,10528,526.3499999999999,1176.3
R006,VEH,T1_SD_VEH,2026_06_20_merged.mat,SAMPLE,1,23528,10529,526.4,1176.35
R006,VEH,T1_SD_VEH,2026_06_20_merged.mat,SAMPLE,2,23535,10536,526.75,1176.7
R006,VEH,T1_SD_VEH,2026_06_20_merged.mat,SAMPLE,1,23566,10567,528.3,1178.25
R006,VEH,T1_SD_VEH,2026_06_20_merged.mat,SAMPLE,1,23567,10568,528.3499999999999,1178.3
R006,VEH,T1_SD_VEH,2026_06_20_merged.mat,SAMPLE,1,23568,10569,528.4,1178.35
R006,VEH,T1_SD_VEH,2026_06_20_merged.mat,SAMPLE,2,23596,10597,529.8,1179.75
R006,VEH,T1_SD_VEH,2026_06_20_merged.mat,SAMPLE,2,23597,10598,529.8499999999999,1179.8
R006,VEH,T1_SD_VEH,2026_06_20_merged.mat,SAMPLE,2,23598,10599,529.9,1179.85
R006,VEH,T1_SD_VEH,2026_06_20_merged.mat,SAMPLE,2,23599,10600,529.9499999999999,1179.9
R006,VEH,T1_SD_VEH,2026_06_20_merged.mat,SAMPLE,2,23600,10601,530.0,1179.95
R006,VEH,T1_SD_VEH,2026_06_20_merged.mat,SAMPLE,2,23627,10628,531.3499999999999,1181.3
R006,VEH,T1_SD_VEH,2026_06_20_merged.mat,SAMPLE,2,23672,10673,533.5999999999999,1183.55
R006,VEH,T1_SD_VEH,2026_06_20_merged.mat,SAMPLE,2,23673,10674,533.65,1183.6
R006,VEH,T1_SD_VEH,2026_06_20_merged.mat,SAMPLE,2,23674,10675,533.6999999999999,1183.65
R006,VEH,T1_SD_VEH,2026_06_20_merged.mat,SAMPLE,2,23695,10696,534.75,1184.7
R006,VEH,T1_SD_VEH,2026_06_20_merged.mat,SAMPLE,2,23696,10697,534.8,1184.75
R006,VEH,T1_SD_VEH,2026_06_20_merged.mat,SAMPLE,1,23702,10703,535.0999999999999,1185.05
R006,VEH,T1_SD_VEH,2026_06_20_merged.mat,SAMPLE,1,23703,10704,535.15,1185.1
R006,VEH,T1_SD_VEH,2026_06_20_merged.mat,SAMPLE,1,23704,10705,535.1999999999999,1185.15
R006,VEH,T1_SD_VEH,2026_06_20_merged.mat,SAMPLE,2,23710,10711,535.5,1185.45
R006,VEH,T1_SD_VEH,2026_06_20_merged.mat,SAMPLE,2,23719,10720,535.9499999999999,1185.9
R006,VEH,T1_SD_VEH,2026_06_20_merged.mat,SAMPLE,1,23736,10737,536.8,1186.75
R006,VEH,T1_SD_VEH,2026_06_20_merged.mat,SAMPLE,2,23745,10746,537.25,1187.2
R006,VEH,T1_SD_VEH,2026_06_20_merged.mat,SAMPLE,2,23746,10747,537.3,1187.25
R006,VEH,T1_SD_VEH,2026_06_20_merged.mat,SAMPLE,2,23836,10837,541.8,1191.75
R006,VEH,T1_SD_VEH,2026_06_20_merged.mat,SAMPLE,2,23837,10838,541.8499999999999,1191.8
R006,VEH,T1_SD_VEH,2026_06_20_merged.mat,SAMPLE,2,23860,10861,543.0,1192.95
R006,VEH,T1_SD_VEH,2026_06_20_merged.mat,SAMPLE,1,23946,10947,547.3,1197.25
R006,VEH,T1_SD_VEH,2026_06_20_merged.mat,SAMPLE,1,23947,10948,547.3499999999999,1197.3
R006,VEH,T1_SD_VEH,2026_06_20_merged.mat,SAMPLE,1,23948,10949,547.4,1197.35
R006,VEH,T1_SD_VEH,2026_06_20_merged.mat,SAMPLE,1,23949,10950,547.4499999999999,1197.4
R006,VEH,T1_SD_VEH,2026_06_20_merged.mat,SAMPLE,1,23950,10951,547.5,1197.45
R006,VEH,T1_SD_VEH,2026_06_20_merged.mat,SAMPLE,2,23977,10978,548.8499999999999,1198.8
R006,VEH,T1_SD_VEH,2026_06_20_merged.mat,SAMPLE,2,23978,10979,548.9,1198.85
R006,VEH,T1_SD_VEH,2026_06_20_merged.mat,SAMPLE,2,23979,10980,548.9499999999999,1198.9
R006,VEH,T1_SD_VEH,2026_06_20_merged.mat,SAMPLE,2,23980,10981,549.0,1198.95
R006,VEH,T1_SD_VEH,2026_06_20_merged.mat,SAMPLE,2,23981,10982,549.05,1199.0
R006,VEH,T1_SD_VEH,2026_06_20_merged.mat,SAMPLE,1,23999,11000,549.9499999999999,1199.9
R006,VEH,T1_SD_VEH,2026_06_20_merged.mat,SAMPLE,1,24000,11001,550.0,1199.95
R006,VEH,T1_SD_VEH,2026_06_20_merged.mat,SAMPLE,1,24001,11002,550.05,1200.0
R006,VEH,T1_SD_VEH,2026_06_20_merged.mat,SAMPLE,2,24031,11032,551.55,1201.5
R006,VEH,T1_SD_VEH,2026_06_20_merged.mat,SAMPLE,2,24073,11074,553.65,1203.6
R006,VEH,T1_SD_VEH,2026_06_20_merged.mat,SAMPLE,2,24074,11075,553.6999999999999,1203.65
R006,VEH,T1_SD_VEH,2026_06_20_merged.mat,SAMPLE,2,24075,11076,553.75,1203.7
R006,VEH,T1_SD_VEH,2026_06_20_merged.mat,SAMPLE,2,24095,11096,554.75,1204.7
R006,VEH,T1_SD_VEH,2026_06_20_merged.mat,SAMPLE,2,24096,11097,554.8,1204.75
R006,VEH,T1_SD_VEH,2026_06_20_merged.mat,SAMPLE,2,24184,11185,559.1999999999999,1209.15
R006,VEH,T1_SD_VEH,2026_06_20_merged.mat,SAMPLE,2,24185,11186,559.25,1209.2
R006,VEH,T1_SD_VEH,2026_06_20_merged.mat,SAMPLE,2,24186,11187,559.3,1209.25
R006,VEH,T1_SD_VEH,2026_06_20_merged.mat,SAMPLE,2,24187,11188,559.3499999999999,1209.3
R006,VEH,T1_SD_VEH,2026_06_20_merged.mat,SAMPLE,2,24188,11189,559.4,1209.35
R006,VEH,T1_SD_VEH,2026_06_20_merged.mat,SAMPLE,2,24189,11190,559.4499999999999,1209.4
R006,VEH,T1_SD_VEH,2026_06_20_merged.mat,SAMPLE,2,24190,11191,559.5,1209.45
R006,VEH,T1_SD_VEH,2026_06_20_merged.mat,SAMPLE,2,24223,11224,561.15,1211.1
R006,VEH,T1_SD_VEH,2026_06_20_merged.mat,SAMPLE,2,24224,11225,561.1999999999999,1211.15
R006,VEH,T1_SD_VEH,2026_06_20_merged.mat,SAMPLE,2,24225,11226,561.25,1211.2
R006,VEH,T1_SD_VEH,2026_06_20_merged.mat,SAMPLE,2,24226,11227,561.3,1211.25
R006,VEH,T1_SD_VEH,2026_06_20_merged.mat,SAMPLE,2,24227,11228,561.3499999999999,1211.3
R006,VEH,T1_SD_VEH,2026_06_20_merged.mat,SAMPLE,2,24268,11269,563.4,1213.35
R006,VEH,T1_SD_VEH,2026_06_20_merged.mat,SAMPLE,2,24269,11270,563.4499999999999,1213.4
R006,VEH,T1_SD_VEH,2026_06_20_merged.mat,SAMPLE,2,24270,11271,563.5,1213.45
R006,VEH,T1_SD_VEH,2026_06_20_merged.mat,SAMPLE,2,24271,11272,563.55,1213.5
R006,VEH,T1_SD_VEH,2026_06_20_merged.mat,SAMPLE,2,24272,11273,563.5999999999999,1213.55
R006,VEH,T1_SD_VEH,2026_06_20_merged.mat,SAMPLE,2,24292,11293,564.5999999999999,1214.55
R006,VEH,T1_SD_VEH,2026_06_20_merged.mat,SAMPLE,2,24293,11294,564.65,1214.6
R006,VEH,T1_SD_VEH,2026_06_20_merged.mat,SAMPLE,2,24294,11295,564.6999999999999,1214.65
R006,VEH,T1_SD_VEH,2026_06_20_merged.mat,SAMPLE,2,24295,11296,564.75,1214.7
R006,VEH,T1_SD_VEH,2026_06_20_merged.mat,SAMPLE,2,24387,11388,569.3499999999999,1219.3
R006,VEH,T1_SD_VEH,2026_06_20_merged.mat,SAMPLE,2,24388,11389,569.4,1219.35
R006,VEH,T1_SD_VEH,2026_06_20_merged.mat,SAMPLE,2,24400,11401,570.0,1219.95
R006,VEH,T1_SD_VEH,2026_06_20_merged.mat,SAMPLE,2,24401,11402,570.05,1220.0
R006,VEH,T1_SD_VEH,2026_06_20_merged.mat,SAMPLE,2,24402,11403,570.0999999999999,1220.05
R006,VEH,T1_SD_VEH,2026_06_20_merged.mat,SAMPLE,2,24403,11404,570.15,1220.1
R006,VEH,T1_SD_VEH,2026_06_20_merged.mat,SAMPLE,2,24407,11408,570.3499999999999,1220.3
R006,VEH,T1_SD_VEH,2026_06_20_merged.mat,SAMPLE,2,24408,11409,570.4,1220.35
R006,VEH,T1_SD_VEH,2026_06_20_merged.mat,SAMPLE,2,24409,11410,570.4499999999999,1220.4
R006,VEH,T1_SD_VEH,2026_06_20_merged.mat,SAMPLE,2,24410,11411,570.5,1220.45
R006,VEH,T1_SD_VEH,2026_06_20_merged.mat,SAMPLE,2,24433,11434,571.65,1221.6
R006,VEH,T1_SD_VEH,2026_06_20_merged.mat,SAMPLE,2,24434,11435,571.6999999999999,1221.65
R006,VEH,T1_SD_VEH,2026_06_20_merged.mat,SAMPLE,2,24445,11446,572.25,1222.2
R006,VEH,T1_SD_VEH,2026_06_20_merged.mat,SAMPLE,2,24446,11447,572.3,1222.25
R006,VEH,T1_SD_VEH,2026_06_20_merged.mat,SAMPLE,2,24447,11448,572.3499999999999,1222.3
R006,VEH,T1_SD_VEH,2026_06_20_merged.mat,SAMPLE,2,24448,11449,572.4,1222.35
R006,VEH,T1_SD_VEH,2026_06_20_merged.mat,SAMPLE,1,24473,11474,573.65,1223.6
R006,VEH,T1_SD_VEH,2026_06_20_merged.mat,SAMPLE,2,24479,11480,573.9499999999999,1223.9
R006,VEH,T1_SD_VEH,2026_06_20_merged.mat,SAMPLE,2,24480,11481,574.0,1223.95
R006,VEH,T1_SD_VEH,2026_06_20_merged.mat,SAMPLE,2,24481,11482,574.05,1224.0
R006,VEH,T1_SD_VEH,2026_06_20_merged.mat,SAMPLE,2,24490,11491,574.5,1224.45
R006,VEH,T1_SD_VEH,2026_06_20_merged.mat,SAMPLE,2,24491,11492,574.55,1224.5
R006,VEH,T1_SD_VEH,2026_06_20_merged.mat,SAMPLE,2,24492,11493,574.6,1224.5500000000002
R006,VEH,T1_SD_VEH,2026_06_20_merged.mat,SAMPLE,2,24493,11494,574.65,1224.6
R006,VEH,T1_SD_VEH,2026_06_20_merged.mat,SAMPLE,2,24517,11518,575.85,1225.8000000000002
R006,VEH,T1_SD_VEH,2026_06_20_merged.mat,SAMPLE,2,24518,11519,575.9,1225.85
R006,VEH,T1_SD_VEH,2026_06_20_merged.mat,SAMPLE,2,24519,11520,575.9499999999999,1225.9
R006,VEH,T1_SD_VEH,2026_06_20_merged.mat,SAMPLE,2,24520,11521,576.0,1225.95
R006,VEH,T1_SD_VEH,2026_06_20_merged.mat,SAMPLE,2,24521,11522,576.05,1226.0
R006,VEH,T1_SD_VEH,2026_06_20_merged.mat,SAMPLE,2,24537,11538,576.85,1226.8000000000002
R006,VEH,T1_SD_VEH,2026_06_20_merged.mat,SAMPLE,2,24538,11539,576.9,1226.85
R006,VEH,T1_SD_VEH,2026_06_20_merged.mat,SAMPLE,2,24539,11540,576.9499999999999,1226.9
R006,VEH,T1_SD_VEH,2026_06_20_merged.mat,SAMPLE,2,24540,11541,577.0,1226.95
R006,VEH,T1_SD_VEH,2026_06_20_merged.mat,SAMPLE,2,24555,11556,577.75,1227.7
R006,VEH,T1_SD_VEH,2026_06_20_merged.mat,SAMPLE,2,24584,11585,579.1999999999999,1229.15
R006,VEH,T1_SD_VEH,2026_06_20_merged.mat,SAMPLE,2,24585,11586,579.25,1229.2
R006,VEH,T1_SD_VEH,2026_06_20_merged.mat,SAMPLE,2,24620,11621,581.0,1230.95
R006,VEH,T1_SD_VEH,2026_06_20_merged.mat,SAMPLE,2,24621,11622,581.05,1231.0
R006,VEH,T1_SD_VEH,2026_06_20_merged.mat,SAMPLE,2,24622,11623,581.1,1231.0500000000002
R006,VEH,T1_SD_VEH,2026_06_20_merged.mat,SAMPLE,2,24623,11624,581.15,1231.1
R006,VEH,T1_SD_VEH,2026_06_20_merged.mat,SAMPLE,2,24634,11635,581.6999999999999,1231.65
R006,VEH,T1_SD_VEH,2026_06_20_merged.mat,SAMPLE,2,24635,11636,581.75,1231.7
R006,VEH,T1_SD_VEH,2026_06_20_merged.mat,SAMPLE,2,24636,11637,581.8,1231.75
R006,VEH,T1_SD_VEH,2026_06_20_merged.mat,SAMPLE,2,24637,11638,581.85,1231.8000000000002
R006,VEH,T1_SD_VEH,2026_06_20_merged.mat,SAMPLE,2,24651,11652,582.55,1232.5
R006,VEH,T1_SD_VEH,2026_06_20_merged.mat,SAMPLE,2,24652,11653,582.6,1232.5500000000002
R006,VEH,T1_SD_VEH,2026_06_20_merged.mat,SAMPLE,2,24653,11654,582.65,1232.6
R006,VEH,T1_SD_VEH,2026_06_20_merged.mat,SAMPLE,2,24666,11667,583.3,1233.25
R006,VEH,T1_SD_VEH,2026_06_20_merged.mat,SAMPLE,2,24667,11668,583.35,1233.3000000000002
R006,VEH,T1_SD_VEH,2026_06_20_merged.mat,SAMPLE,2,24668,11669,583.4,1233.35
R006,VEH,T1_SD_VEH,2026_06_20_merged.mat,SAMPLE,2,24669,11670,583.4499999999999,1233.4
R006,VEH,T1_SD_VEH,2026_06_20_merged.mat,SAMPLE,2,24699,11700,584.9499999999999,1234.9
R006,VEH,T1_SD_VEH,2026_06_20_merged.mat,SAMPLE,2,24700,11701,585.0,1234.95
R006,VEH,T1_SD_VEH,2026_06_20_merged.mat,SAMPLE,2,24730,11731,586.5,1236.45
R006,VEH,T1_SD_VEH,2026_06_20_merged.mat,SAMPLE,2,24731,11732,586.55,1236.5
R006,VEH,T1_SD_VEH,2026_06_20_merged.mat,SAMPLE,2,24737,11738,586.85,1236.8000000000002
R006,VEH,T1_SD_VEH,2026_06_20_merged.mat,SAMPLE,2,24738,11739,586.9,1236.85
R006,VEH,T1_SD_VEH,2026_06_20_merged.mat,SAMPLE,2,24739,11740,586.9499999999999,1236.9
R006,VEH,T1_SD_VEH,2026_06_20_merged.mat,SAMPLE,2,24740,11741,587.0,1236.95
R006,VEH,T1_SD_VEH,2026_06_20_merged.mat,SAMPLE,2,24741,11742,587.05,1237.0
R006,VEH,T1_SD_VEH,2026_06_20_merged.mat,SAMPLE,2,24751,11752,587.55,1237.5
R006,VEH,T1_SD_VEH,2026_06_20_merged.mat,SAMPLE,2,24752,11753,587.6,1237.5500000000002
R006,VEH,T1_SD_VEH,2026_06_20_merged.mat,SAMPLE,2,24773,11774,588.65,1238.6
R006,VEH,T1_SD_VEH,2026_06_20_merged.mat,SAMPLE,1,24788,11789,589.4,1239.35
R006,VEH,T1_SD_VEH,2026_06_20_merged.mat,SAMPLE,1,24789,11790,589.4499999999999,1239.4
R006,VEH,T1_SD_VEH,2026_06_20_merged.mat,SAMPLE,1,24790,11791,589.5,1239.45
R006,VEH,T1_SD_VEH,2026_06_20_merged.mat,SAMPLE,2,24804,11805,590.1999999999999,1240.15
R006,VEH,T1_SD_VEH,2026_06_20_merged.mat,SAMPLE,2,24805,11806,590.25,1240.2
R006,VEH,T1_SD_VEH,2026_06_20_merged.mat,SAMPLE,2,24806,11807,590.3,1240.25
R006,VEH,T1_SD_VEH,2026_06_20_merged.mat,SAMPLE,2,24825,11826,591.25,1241.2
R006,VEH,T1_SD_VEH,2026_06_20_merged.mat,SAMPLE,2,24826,11827,591.3,1241.25
R006,VEH,T1_SD_VEH,2026_06_20_merged.mat,SAMPLE,2,24827,11828,591.35,1241.3000000000002
R006,VEH,T1_SD_VEH,2026_06_20_merged.mat,SAMPLE,2,24828,11829,591.4,1241.35
R006,VEH,T1_SD_VEH,2026_06_20_merged.mat,SAMPLE,2,24839,11840,591.9499999999999,1241.9
R006,VEH,T1_SD_VEH,2026_06_20_merged.mat,SAMPLE,2,24840,11841,592.0,1241.95
R006,VEH,T1_SD_VEH,2026_06_20_merged.mat,SAMPLE,2,24848,11849,592.4,1242.35
R006,VEH,T1_SD_VEH,2026_06_20_merged.mat,SAMPLE,2,24869,11870,593.4499999999999,1243.4
R006,VEH,T1_SD_VEH,2026_06_20_merged.mat,SAMPLE,2,24870,11871,593.5,1243.45
R006,VEH,T1_SD_VEH,2026_06_20_merged.mat,SAMPLE,2,24899,11900,594.9499999999999,1244.9
R006,VEH,T1_SD_VEH,2026_06_20_merged.mat,SAMPLE,2,24900,11901,595.0,1244.95
R006,VEH,T1_SD_VEH,2026_06_20_merged.mat,SAMPLE,2,24901,11902,595.05,1245.0
R006,VEH,T1_SD_VEH,2026_06_20_merged.mat,SAMPLE,2,24902,11903,595.1,1245.0500000000002
R006,VEH,T1_SD_VEH,2026_06_20_merged.mat,SAMPLE,2,24914,11915,595.6999999999999,1245.65
R006,VEH,T1_SD_VEH,2026_06_20_merged.mat,SAMPLE,2,24915,11916,595.75,1245.7
R006,VEH,T1_SD_VEH,2026_06_20_merged.mat,SAMPLE,2,24916,11917,595.8,1245.75
R006,VEH,T1_SD_VEH,2026_06_20_merged.mat,SAMPLE,2,24936,11937,596.8,1246.75
R006,VEH,T1_SD_VEH,2026_06_20_merged.mat,SAMPLE,2,24937,11938,596.85,1246.8000000000002
R006,VEH,T1_SD_VEH,2026_06_20_merged.mat,SAMPLE,2,24938,11939,596.9,1246.85
R006,VEH,T1_SD_VEH,2026_06_20_merged.mat,SAMPLE,2,24939,11940,596.9499999999999,1246.9
R006,VEH,T1_SD_VEH,2026_06_20_merged.mat,SAMPLE,2,24940,11941,597.0,1246.95
R006,VEH,T1_SD_VEH,2026_06_20_merged.mat,SAMPLE,2,24941,11942,597.05,1247.0
R006,VEH,T1_SD_VEH,2026_06_20_merged.mat,SAMPLE,2,24942,11943,597.1,1247.0500000000002
R006,VEH,T1_SD_VEH,2026_06_20_merged.mat,SAMPLE,2,24943,11944,597.15,1247.1
R006,VEH,T1_SD_VEH,2026_06_20_merged.mat,SAMPLE,2,24944,11945,597.1999999999999,1247.15
R006,VEH,T1_SD_VEH,2026_06_20_merged.mat,SAMPLE,2,24950,11951,597.5,1247.45
R006,VEH,T1_SD_VEH,2026_06_20_merged.mat,SAMPLE,2,24951,11952,597.55,1247.5
R006,VEH,T1_SD_VEH,2026_06_20_merged.mat,SAMPLE,2,24990,11991,599.5,1249.45
R006,VEH,T1_SD_VEH,2026_06_20_merged.mat,SAMPLE,2,24991,11992,599.55,1249.5
R006,VEH,T1_SD_VEH,2026_06_20_merged.mat,SAMPLE,2,24992,11993,599.6,1249.5500000000002
R006,VEH,T1_SD_VEH,2026_06_20_merged.mat,SAMPLE,2,24993,11994,599.65,1249.6
R006,VEH,T1_SD_VEH,2026_06_20_merged.mat,SAMPLE,2,25014,12015,600.6999999999999,1250.65
R006,VEH,T1_SD_VEH,2026_06_20_merged.mat,SAMPLE,2,25015,12016,600.75,1250.7
R006,VEH,T1_SD_VEH,2026_06_20_merged.mat,SAMPLE,1,25033,12034,601.65,1251.6
R006,VEH,T1_SD_VEH,2026_06_20_merged.mat,SAMPLE,2,25040,12041,602.0,1251.95
R006,VEH,T1_SD_VEH,2026_06_20_merged.mat,SAMPLE,2,25041,12042,602.05,1252.0
R006,VEH,T1_SD_VEH,2026_06_20_merged.mat,SAMPLE,2,25042,12043,602.1,1252.0500000000002
R006,VEH,T1_SD_VEH,2026_06_20_merged.mat,SAMPLE,2,25067,12068,603.35,1253.3000000000002
R006,VEH,T1_SD_VEH,2026_06_20_merged.mat,SAMPLE,2,25068,12069,603.4,1253.35
R006,VEH,T1_SD_VEH,2026_06_20_merged.mat,SAMPLE,2,25069,12070,603.4499999999999,1253.4
R006,VEH,T1_SD_VEH,2026_06_20_merged.mat,SAMPLE,2,25070,12071,603.5,1253.45
R006,VEH,T1_SD_VEH,2026_06_20_merged.mat,SAMPLE,2,25100,12101,605.0,1254.95
R006,VEH,T1_SD_VEH,2026_06_20_merged.mat,SAMPLE,2,25101,12102,605.05,1255.0
R006,VEH,T1_SD_VEH,2026_06_20_merged.mat,SAMPLE,2,25102,12103,605.1,1255.0500000000002
R006,VEH,T1_SD_VEH,2026_06_20_merged.mat,SAMPLE,2,25103,12104,605.15,1255.1
R006,VEH,T1_SD_VEH,2026_06_20_merged.mat,SAMPLE,2,25146,12147,607.3,1257.25
R006,VEH,T1_SD_VEH,2026_06_20_merged.mat,SAMPLE,2,25147,12148,607.35,1257.3000000000002
R006,VEH,T1_SD_VEH,2026_06_20_merged.mat,SAMPLE,2,25148,12149,607.4,1257.35
R006,VEH,T1_SD_VEH,2026_06_20_merged.mat,SAMPLE,2,25149,12150,607.4499999999999,1257.4
R006,VEH,T1_SD_VEH,2026_06_20_merged.mat,SAMPLE,2,25150,12151,607.5,1257.45
R006,VEH,T1_SD_VEH,2026_06_20_merged.mat,SAMPLE,2,25166,12167,608.3,1258.25
R006,VEH,T1_SD_VEH,2026_06_20_merged.mat,SAMPLE,2,25167,12168,608.35,1258.3000000000002
R006,VEH,T1_SD_VEH,2026_06_20_merged.mat,SAMPLE,2,25168,12169,608.4,1258.35
R006,VEH,T1_SD_VEH,2026_06_20_merged.mat,SAMPLE,2,25192,12193,609.6,1259.5500000000002
R006,VEH,T1_SD_VEH,2026_06_20_merged.mat,SAMPLE,1,25234,12235,611.6999999999999,1261.65
R006,VEH,T1_SD_VEH,2026_06_20_merged.mat,SAMPLE,1,25235,12236,611.75,1261.7
R006,VEH,T1_SD_VEH,2026_06_20_merged.mat,SAMPLE,2,25242,12243,612.1,1262.0500000000002
R006,VEH,T1_SD_VEH,2026_06_20_merged.mat,SAMPLE,2,25253,12254,612.65,1262.6
R006,VEH,T1_SD_VEH,2026_06_20_merged.mat,SAMPLE,2,25254,12255,612.6999999999999,1262.65
R006,VEH,T1_SD_VEH,2026_06_20_merged.mat,SAMPLE,2,25255,12256,612.75,1262.7
R006,VEH,T1_SD_VEH,2026_06_20_merged.mat,SAMPLE,2,25256,12257,612.8,1262.75
R006,VEH,T1_SD_VEH,2026_06_20_merged.mat,SAMPLE,2,25268,12269,613.4,1263.35
R006,VEH,T1_SD_VEH,2026_06_20_merged.mat,SAMPLE,2,25269,12270,613.4499999999999,1263.4
R006,VEH,T1_SD_VEH,2026_06_20_merged.mat,SAMPLE,2,25270,12271,613.5,1263.45
R006,VEH,T1_SD_VEH,2026_06_20_merged.mat,SAMPLE,1,25280,12281,614.0,1263.95
R006,VEH,T1_SD_VEH,2026_06_20_merged.mat,SAMPLE,1,25281,12282,614.05,1264.0
R006,VEH,T1_SD_VEH,2026_06_20_merged.mat,SAMPLE,2,25288,12289,614.4,1264.35
R006,VEH,T1_SD_VEH,2026_06_20_merged.mat,SAMPLE,2,25289,12290,614.4499999999999,1264.4
R006,VEH,T1_SD_VEH,2026_06_20_merged.mat,SAMPLE,2,25303,12304,615.15,1265.1
R006,VEH,T1_SD_VEH,2026_06_20_merged.mat,SAMPLE,2,25304,12305,615.1999999999999,1265.15
R006,VEH,T1_SD_VEH,2026_06_20_merged.mat,SAMPLE,2,25305,12306,615.25,1265.2
R006,VEH,T1_SD_VEH,2026_06_20_merged.mat,SAMPLE,2,25306,12307,615.3,1265.25
R006,VEH,T1_SD_VEH,2026_06_20_merged.mat,SAMPLE,2,25307,12308,615.35,1265.3000000000002
R006,VEH,T1_SD_VEH,2026_06_20_merged.mat,SAMPLE,2,25308,12309,615.4,1265.35
R006,VEH,T1_SD_VEH,2026_06_20_merged.mat,SAMPLE,2,25309,12310,615.4499999999999,1265.4
R006,VEH,T1_SD_VEH,2026_06_20_merged.mat,SAMPLE,2,25310,12311,615.5,1265.45
R006,VEH,T1_SD_VEH,2026_06_20_merged.mat,SAMPLE,2,25370,12371,618.5,1268.45
R006,VEH,T1_SD_VEH,2026_06_20_merged.mat,SAMPLE,2,25371,12372,618.55,1268.5
R006,VEH,T1_SD_VEH,2026_06_20_merged.mat,SAMPLE,2,25372,12373,618.6,1268.5500000000002
R006,VEH,T1_SD_VEH,2026_06_20_merged.mat,SAMPLE,2,25373,12374,618.65,1268.6
R006,VEH,T1_SD_VEH,2026_06_20_merged.mat,SAMPLE,2,25374,12375,618.6999999999999,1268.65
R006,VEH,T1_SD_VEH,2026_06_20_merged.mat,SAMPLE,2,25375,12376,618.75,1268.7
R006,VEH,T1_SD_VEH,2026_06_20_merged.mat,SAMPLE,2,25397,12398,619.85,1269.8000000000002
R006,VEH,T1_SD_VEH,2026_06_20_merged.mat,SAMPLE,2,25398,12399,619.9,1269.85
R006,VEH,T1_SD_VEH,2026_06_20_merged.mat,SAMPLE,2,25407,12408,620.35,1270.3000000000002
R006,VEH,T1_SD_VEH,2026_06_20_merged.mat,SAMPLE,2,25408,12409,620.4,1270.35
R006,VEH,T1_SD_VEH,2026_06_20_merged.mat,SAMPLE,2,25409,12410,620.4499999999999,1270.4
R006,VEH,T1_SD_VEH,2026_06_20_merged.mat,SAMPLE,2,25410,12411,620.5,1270.45
R006,VEH,T1_SD_VEH,2026_06_20_merged.mat,SAMPLE,2,25411,12412,620.55,1270.5
R006,VEH,T1_SD_VEH,2026_06_20_merged.mat,SAMPLE,1,25456,12457,622.8,1272.75
R006,VEH,T1_SD_VEH,2026_06_20_merged.mat,SAMPLE,1,25457,12458,622.85,1272.8000000000002
R006,VEH,T1_SD_VEH,2026_06_20_merged.mat,SAMPLE,2,25473,12474,623.65,1273.6
R006,VEH,T1_SD_VEH,2026_06_20_merged.mat,SAMPLE,2,25474,12475,623.6999999999999,1273.65
R006,VEH,T1_SD_VEH,2026_06_20_merged.mat,SAMPLE,2,25475,12476,623.75,1273.7
R006,VEH,T1_SD_VEH,2026_06_20_merged.mat,SAMPLE,2,25476,12477,623.8,1273.75
R006,VEH,T1_SD_VEH,2026_06_20_merged.mat,SAMPLE,2,25477,12478,623.85,1273.8000000000002
R006,VEH,T1_SD_VEH,2026_06_20_merged.mat,SAMPLE,2,25478,12479,623.9,1273.85
R006,VEH,T1_SD_VEH,2026_06_20_merged.mat,SAMPLE,2,25479,12480,623.9499999999999,1273.9
R006,VEH,T1_SD_VEH,2026_06_20_merged.mat,SAMPLE,2,25509,12510,625.4499999999999,1275.4
R006,VEH,T1_SD_VEH,2026_06_20_merged.mat,SAMPLE,2,25510,12511,625.5,1275.45
R006,VEH,T1_SD_VEH,2026_06_20_merged.mat,SAMPLE,1,25516,12517,625.8,1275.75
R006,VEH,T1_SD_VEH,2026_06_20_merged.mat,SAMPLE,1,25517,12518,625.85,1275.8000000000002
R006,VEH,T1_SD_VEH,2026_06_20_merged.mat,SAMPLE,2,25523,12524,626.15,1276.1
R006,VEH,T1_SD_VEH,2026_06_20_merged.mat,SAMPLE,2,25524,12525,626.1999999999999,1276.15
R006,VEH,T1_SD_VEH,2026_06_20_merged.mat,SAMPLE,2,25525,12526,626.25,1276.2
R006,VEH,T1_SD_VEH,2026_06_20_merged.mat,SAMPLE,2,25526,12527,626.3,1276.25
R006,VEH,T1_SD_VEH,2026_06_20_merged.mat,SAMPLE,2,25533,12534,626.65,1276.6
R006,VEH,T1_SD_VEH,2026_06_20_merged.mat,SAMPLE,2,25534,12535,626.6999999999999,1276.65
R006,VEH,T1_SD_VEH,2026_06_20_merged.mat,SAMPLE,2,25547,12548,627.35,1277.3000000000002
R006,VEH,T1_SD_VEH,2026_06_20_merged.mat,SAMPLE,2,25548,12549,627.4,1277.35
R006,VEH,T1_SD_VEH,2026_06_20_merged.mat,SAMPLE,2,25549,12550,627.4499999999999,1277.4
R006,VEH,T1_SD_VEH,2026_06_20_merged.mat,SAMPLE,2,25550,12551,627.5,1277.45
R006,VEH,T1_SD_VEH,2026_06_20_merged.mat,SAMPLE,2,25574,12575,628.6999999999999,1278.65
R006,VEH,T1_SD_VEH,2026_06_20_merged.mat,SAMPLE,2,25575,12576,628.75,1278.7
R006,VEH,T1_SD_VEH,2026_06_20_merged.mat,SAMPLE,2,25576,12577,628.8,1278.75
R006,VEH,T1_SD_VEH,2026_06_20_merged.mat,SAMPLE,2,25577,12578,628.85,1278.8000000000002
R006,VEH,T1_SD_VEH,2026_06_20_merged.mat,SAMPLE,2,25617,12618,630.85,1280.8000000000002
R006,VEH,T1_SD_VEH,2026_06_20_merged.mat,SAMPLE,2,25618,12619,630.9,1280.85
R006,VEH,T1_SD_VEH,2026_06_20_merged.mat,SAMPLE,2,25619,12620,630.9499999999999,1280.9
R006,VEH,T1_SD_VEH,2026_06_20_merged.mat,SAMPLE,2,25620,12621,631.0,1280.95
R006,VEH,T1_SD_VEH,2026_06_20_merged.mat,SAMPLE,2,25621,12622,631.05,1281.0
R006,VEH,T1_SD_VEH,2026_06_20_merged.mat,SAMPLE,2,25622,12623,631.1,1281.0500000000002
R006,VEH,T1_SD_VEH,2026_06_20_merged.mat,SAMPLE,2,25640,12641,632.0,1281.95
R006,VEH,T1_SD_VEH,2026_06_20_merged.mat,SAMPLE,2,25641,12642,632.05,1282.0
R006,VEH,T1_SD_VEH,2026_06_20_merged.mat,SAMPLE,2,25642,12643,632.1,1282.0500000000002
R006,VEH,T1_SD_VEH,2026_06_20_merged.mat,SAMPLE,2,25643,12644,632.15,1282.1
R006,VEH,T1_SD_VEH,2026_06_20_merged.mat,SAMPLE,2,25644,12645,632.1999999999999,1282.15
R006,VEH,T1_SD_VEH,2026_06_20_merged.mat,SAMPLE,1,25666,12667,633.3,1283.25
R006,VEH,T1_SD_VEH,2026_06_20_merged.mat,SAMPLE,2,25673,12674,633.65,1283.6
R006,VEH,T1_SD_VEH,2026_06_20_merged.mat,SAMPLE,2,25674,12675,633.6999999999999,1283.65
R006,VEH,T1_SD_VEH,2026_06_20_merged.mat,SAMPLE,1,25680,12681,634.0,1283.95
R006,VEH,T1_SD_VEH,2026_06_20_merged.mat,SAMPLE,2,25686,12687,634.3,1284.25
R006,VEH,T1_SD_VEH,2026_06_20_merged.mat,SAMPLE,2,25687,12688,634.35,1284.3000000000002
R006,VEH,T1_SD_VEH,2026_06_20_merged.mat,SAMPLE,2,25688,12689,634.4,1284.35
R006,VEH,T1_SD_VEH,2026_06_20_merged.mat,SAMPLE,2,25706,12707,635.3,1285.25
R006,VEH,T1_SD_VEH,2026_06_20_merged.mat,SAMPLE,2,25707,12708,635.35,1285.3000000000002
R006,VEH,T1_SD_VEH,2026_06_20_merged.mat,SAMPLE,2,25717,12718,635.85,1285.8000000000002
R006,VEH,T1_SD_VEH,2026_06_20_merged.mat,SAMPLE,1,25724,12725,636.1999999999999,1286.15
R006,VEH,T1_SD_VEH,2026_06_20_merged.mat,SAMPLE,1,25725,12726,636.25,1286.2
R006,VEH,T1_SD_VEH,2026_06_20_merged.mat,SAMPLE,2,25740,12741,637.0,1286.95
R006,VEH,T1_SD_VEH,2026_06_20_merged.mat,SAMPLE,2,25741,12742,637.05,1287.0
R006,VEH,T1_SD_VEH,2026_06_20_merged.mat,SAMPLE,2,25742,12743,637.1,1287.0500000000002
R006,VEH,T1_SD_VEH,2026_06_20_merged.mat,SAMPLE,2,25743,12744,637.15,1287.1
R006,VEH,T1_SD_VEH,2026_06_20_merged.mat,SAMPLE,2,25753,12754,637.65,1287.6
R006,VEH,T1_SD_VEH,2026_06_20_merged.mat,SAMPLE,2,25754,12755,637.6999999999999,1287.65
R006,VEH,T1_SD_VEH,2026_06_20_merged.mat,SAMPLE,2,25771,12772,638.55,1288.5
R006,VEH,T1_SD_VEH,2026_06_20_merged.mat,SAMPLE,2,25772,12773,638.6,1288.5500000000002
R006,VEH,T1_SD_VEH,2026_06_20_merged.mat,SAMPLE,2,25773,12774,638.65,1288.6
R006,VEH,T1_SD_VEH,2026_06_20_merged.mat,SAMPLE,1,25791,12792,639.55,1289.5
R006,VEH,T1_SD_VEH,2026_06_20_merged.mat,SAMPLE,1,25792,12793,639.6,1289.5500000000002
R006,VEH,T1_SD_VEH,2026_06_20_merged.mat,SAMPLE,2,25805,12806,640.25,1290.2
R006,VEH,T1_SD_VEH,2026_06_20_merged.mat,SAMPLE,2,25806,12807,640.3,1290.25
R006,VEH,T1_SD_VEH,2026_06_20_merged.mat,SAMPLE,2,25807,12808,640.35,1290.3000000000002
R006,VEH,T1_SD_VEH,2026_06_20_merged.mat,SAMPLE,2,25808,12809,640.4,1290.35
R006,VEH,T1_SD_VEH,2026_06_20_merged.mat,SAMPLE,2,25814,12815,640.6999999999999,1290.65
R006,VEH,T1_SD_VEH,2026_06_20_merged.mat,SAMPLE,2,25815,12816,640.75,1290.7
R006,VEH,T1_SD_VEH,2026_06_20_merged.mat,SAMPLE,2,25816,12817,640.8,1290.75
R006,VEH,T1_SD_VEH,2026_06_20_merged.mat,SAMPLE,2,25817,12818,640.85,1290.8000000000002
R006,VEH,T1_SD_VEH,2026_06_20_merged.mat,SAMPLE,2,25851,12852,642.55,1292.5
R006,VEH,T1_SD_VEH,2026_06_20_merged.mat,SAMPLE,2,25852,12853,642.6,1292.5500000000002
R006,VEH,T1_SD_VEH,2026_06_20_merged.mat,SAMPLE,2,25853,12854,642.65,1292.6
R006,VEH,T1_SD_VEH,2026_06_20_merged.mat,SAMPLE,2,25865,12866,643.25,1293.2
R006,VEH,T1_SD_VEH,2026_06_20_merged.mat,SAMPLE,2,25866,12867,643.3,1293.25
R006,VEH,T1_SD_VEH,2026_06_20_merged.mat,SAMPLE,2,25867,12868,643.35,1293.3000000000002
R006,VEH,T1_SD_VEH,2026_06_20_merged.mat,SAMPLE,2,25877,12878,643.85,1293.8000000000002
R006,VEH,T1_SD_VEH,2026_06_20_merged.mat,SAMPLE,2,25878,12879,643.9,1293.85
R006,VEH,T1_SD_VEH,2026_06_20_merged.mat,SAMPLE,2,25879,12880,643.9499999999999,1293.9
R006,VEH,T1_SD_VEH,2026_06_20_merged.mat,SAMPLE,2,25880,12881,644.0,1293.95
R006,VEH,T1_SD_VEH,2026_06_20_merged.mat,SAMPLE,2,25881,12882,644.05,1294.0
R006,VEH,T1_SD_VEH,2026_06_20_merged.mat,SAMPLE,2,25882,12883,644.1,1294.0500000000002
R006,VEH,T1_SD_VEH,2026_06_20_merged.mat,SAMPLE,2,25884,12885,644.1999999999999,1294.15
R006,VEH,T1_SD_VEH,2026_06_20_merged.mat,SAMPLE,2,25885,12886,644.25,1294.2
R006,VEH,T1_SD_VEH,2026_06_20_merged.mat,SAMPLE,2,25886,12887,644.3,1294.25
R006,VEH,T1_SD_VEH,2026_06_20_merged.mat,SAMPLE,2,25887,12888,644.35,1294.3000000000002
R006,VEH,T1_SD_VEH,2026_06_20_merged.mat,SAMPLE,2,25888,12889,644.4,1294.35
R006,VEH,T1_SD_VEH,2026_06_20_merged.mat,SAMPLE,1,25930,12931,646.5,1296.45
R006,VEH,T1_SD_VEH,2026_06_20_merged.mat,SAMPLE,1,25931,12932,646.55,1296.5
R006,VEH,T1_SD_VEH,2026_06_20_merged.mat,SAMPLE,2,25940,12941,647.0,1296.95
R006,VEH,T1_SD_VEH,2026_06_20_merged.mat,SAMPLE,2,25941,12942,647.05,1297.0
R006,VEH,T1_SD_VEH,2026_06_20_merged.mat,SAMPLE,2,25942,12943,647.1,1297.0500000000002
R006,VEH,T1_SD_VEH,2026_06_20_merged.mat,SAMPLE,2,25961,12962,648.05,1298.0
R006,VEH,T1_SD_VEH,2026_06_20_merged.mat,SAMPLE,1,25980,12981,649.0,1298.95
R006,VEH,T1_SD_VEH,2026_06_20_merged.mat,SAMPLE,1,25981,12982,649.05,1299.0
R006,VEH,T1_SD_VEH,2026_06_20_merged.mat,TEST,2,26072,74,3.6500000000000004,1303.5500000000002
R006,VEH,T1_SD_VEH,2026_06_20_merged.mat,TEST,2,26073,75,3.7,1303.6000000000001
R006,VEH,T1_SD_VEH,2026_06_20_merged.mat,TEST,2,26074,76,3.75,1303.65
R006,VEH,T1_SD_VEH,2026_06_20_merged.mat,TEST,2,26116,118,5.8500000000000005,1305.75
R006,VEH,T1_SD_VEH,2026_06_20_merged.mat,TEST,2,26117,119,5.9,1305.8000000000002
R006,VEH,T1_SD_VEH,2026_06_20_merged.mat,TEST,2,26384,386,19.25,1319.15
R006,VEH,T1_SD_VEH,2026_06_20_merged.mat,TEST,2,26385,387,19.3,1319.2
R006,VEH,T1_SD_VEH,2026_06_20_merged.mat,TEST,2,26386,388,19.35,1319.25
R006,VEH,T1_SD_VEH,2026_06_20_merged.mat,TEST,2,26387,389,19.400000000000002,1319.3000000000002
R006,VEH,T1_SD_VEH,2026_06_20_merged.mat,TEST,2,26388,390,19.450000000000003,1319.3500000000001
R006,VEH,T1_SD_VEH,2026_06_20_merged.mat,TEST,2,26397,399,19.900000000000002,1319.8000000000002
R006,VEH,T1_SD_VEH,2026_06_20_merged.mat,TEST,2,26398,400,19.950000000000003,1319.8500000000001
R006,VEH,T1_SD_VEH,2026_06_20_merged.mat,TEST,2,26399,401,20.0,1319.9
R006,VEH,T1_SD_VEH,2026_06_20_merged.mat,TEST,1,26569,571,28.5,1328.4
R006,VEH,T1_SD_VEH,2026_06_20_merged.mat,TEST,1,26579,581,29.0,1328.9
R006,VEH,T1_SD_VEH,2026_06_20_merged.mat,TEST,1,26580,582,29.05,1328.95
R006,VEH,T1_SD_VEH,2026_06_20_merged.mat,TEST,1,26581,583,29.1,1329.0
R006,VEH,T1_SD_VEH,2026_06_20_merged.mat,TEST,1,26582,584,29.150000000000002,1329.0500000000002
R006,VEH,T1_SD_VEH,2026_06_20_merged.mat,TEST,1,26583,585,29.200000000000003,1329.1000000000001
R006,VEH,T1_SD_VEH,2026_06_20_merged.mat,TEST,1,26584,586,29.25,1329.15
R006,VEH,T1_SD_VEH,2026_06_20_merged.mat,TEST,1,26585,587,29.3,1329.2
R006,VEH,T1_SD_VEH,2026_06_20_merged.mat,TEST,2,26635,637,31.8,1331.7
R006,VEH,T1_SD_VEH,2026_06_20_merged.mat,TEST,2,26636,638,31.85,1331.75
R006,VEH,T1_SD_VEH,2026_06_20_merged.mat,TEST,2,26705,707,35.300000000000004,1335.2
R006,VEH,T1_SD_VEH,2026_06_20_merged.mat,TEST,2,26706,708,35.35,1335.25
R006,VEH,T1_SD_VEH,2026_06_20_merged.mat,TEST,2,26707,709,35.4,1335.3000000000002
R006,VEH,T1_SD_VEH,2026_06_20_merged.mat,TEST,2,26936,938,46.85,1346.75
R006,VEH,T1_SD_VEH,2026_06_20_merged.mat,TEST,2,26949,951,47.5,1347.4
R006,VEH,T1_SD_VEH,2026_06_20_merged.mat,TEST,2,26982,984,49.150000000000006,1349.0500000000002
R006,VEH,T1_SD_VEH,2026_06_20_merged.mat,TEST,1,27109,1111,55.5,1355.4
R006,VEH,T1_SD_VEH,2026_06_20_merged.mat,TEST,1,27110,1112,55.550000000000004,1355.45
R006,VEH,T1_SD_VEH,2026_06_20_merged.mat,TEST,2,27117,1119,55.900000000000006,1355.8000000000002
R006,VEH,T1_SD_VEH,2026_06_20_merged.mat,TEST,2,27118,1120,55.95,1355.8500000000001
R006,VEH,T1_SD_VEH,2026_06_20_merged.mat,TEST,2,27146,1148,57.35,1357.25
R006,VEH,T1_SD_VEH,2026_06_20_merged.mat,TEST,2,27147,1149,57.400000000000006,1357.3000000000002
R006,VEH,T1_SD_VEH,2026_06_20_merged.mat,TEST,1,27206,1208,60.35,1360.25
R006,VEH,T1_SD_VEH,2026_06_20_merged.mat,TEST,1,27207,1209,60.400000000000006,1360.3000000000002
R006,VEH,T1_SD_VEH,2026_06_20_merged.mat,TEST,1,27208,1210,60.45,1360.3500000000001
R006,VEH,T1_SD_VEH,2026_06_20_merged.mat,TEST,2,27273,1275,63.7,1363.6000000000001
R006,VEH,T1_SD_VEH,2026_06_20_merged.mat,TEST,2,27274,1276,63.75,1363.65
R006,VEH,T1_SD_VEH,2026_06_20_merged.mat,TEST,2,27275,1277,63.800000000000004,1363.7
R006,VEH,T1_SD_VEH,2026_06_20_merged.mat,TEST,2,27276,1278,63.85,1363.75
R006,VEH,T1_SD_VEH,2026_06_20_merged.mat,TEST,2,27291,1293,64.60000000000001,1364.5
R006,VEH,T1_SD_VEH,2026_06_20_merged.mat,TEST,2,27292,1294,64.65,1364.5500000000002
R006,VEH,T1_SD_VEH,2026_06_20_merged.mat,TEST,2,27293,1295,64.7,1364.6000000000001
R006,VEH,T1_SD_VEH,2026_06_20_merged.mat,TEST,2,27294,1296,64.75,1364.65
R006,VEH,T1_SD_VEH,2026_06_20_merged.mat,TEST,2,27307,1309,65.4,1365.3000000000002
R006,VEH,T1_SD_VEH,2026_06_20_merged.mat,TEST,2,27319,1321,66.0,1365.9
R006,VEH,T1_SD_VEH,2026_06_20_merged.mat,TEST,2,27320,1322,66.05,1365.95
R006,VEH,T1_SD_VEH,2026_06_20_merged.mat,TEST,2,27321,1323,66.10000000000001,1366.0
R006,VEH,T1_SD_VEH,2026_06_20_merged.mat,TEST,2,27365,1367,68.3,1368.2
R006,VEH,T1_SD_VEH,2026_06_20_merged.mat,TEST,2,27366,1368,68.35000000000001,1368.25
R006,VEH,T1_SD_VEH,2026_06_20_merged.mat,TEST,2,27367,1369,68.4,1368.3000000000002
R006,VEH,T1_SD_VEH,2026_06_20_merged.mat,TEST,2,27368,1370,68.45,1368.3500000000001
R006,VEH,T1_SD_VEH,2026_06_20_merged.mat,TEST,2,27393,1395,69.7,1369.6000000000001
R006,VEH,T1_SD_VEH,2026_06_20_merged.mat,TEST,2,27394,1396,69.75,1369.65
R006,VEH,T1_SD_VEH,2026_06_20_merged.mat,TEST,2,27395,1397,69.8,1369.7
R006,VEH,T1_SD_VEH,2026_06_20_merged.mat,TEST,2,27396,1398,69.85000000000001,1369.75
R006,VEH,T1_SD_VEH,2026_06_20_merged.mat,TEST,2,27458,1460,72.95,1372.8500000000001
R006,VEH,T1_SD_VEH,2026_06_20_merged.mat,TEST,2,27459,1461,73.0,1372.9
R006,VEH,T1_SD_VEH,2026_06_20_merged.mat,TEST,2,27460,1462,73.05,1372.95
R006,VEH,T1_SD_VEH,2026_06_20_merged.mat,TEST,2,27472,1474,73.65,1373.5500000000002
R006,VEH,T1_SD_VEH,2026_06_20_merged.mat,TEST,2,27473,1475,73.7,1373.6000000000001
R006,VEH,T1_SD_VEH,2026_06_20_merged.mat,TEST,2,27474,1476,73.75,1373.65
R006,VEH,T1_SD_VEH,2026_06_20_merged.mat,TEST,1,27495,1497,74.8,1374.7
R006,VEH,T1_SD_VEH,2026_06_20_merged.mat,TEST,1,27496,1498,74.85000000000001,1374.75
R006,VEH,T1_SD_VEH,2026_06_20_merged.mat,TEST,1,27497,1499,74.9,1374.8000000000002
R006,VEH,T1_SD_VEH,2026_06_20_merged.mat,TEST,1,27498,1500,74.95,1374.8500000000001
R006,VEH,T1_SD_VEH,2026_06_20_merged.mat,TEST,1,27509,1511,75.5,1375.4
R006,VEH,T1_SD_VEH,2026_06_20_merged.mat,TEST,1,27510,1512,75.55,1375.45
R006,VEH,T1_SD_VEH,2026_06_20_merged.mat,TEST,1,27511,1513,75.60000000000001,1375.5
R006,VEH,T1_SD_VEH,2026_06_20_merged.mat,TEST,1,27512,1514,75.65,1375.5500000000002
R006,VEH,T1_SD_VEH,2026_06_20_merged.mat,TEST,1,27513,1515,75.7,1375.6000000000001
R006,VEH,T1_SD_VEH,2026_06_20_merged.mat,TEST,1,27519,1521,76.0,1375.9
R006,VEH,T1_SD_VEH,2026_06_20_merged.mat,TEST,1,27520,1522,76.05,1375.95
R006,VEH,T1_SD_VEH,2026_06_20_merged.mat,TEST,1,27521,1523,76.10000000000001,1376.0
R006,VEH,T1_SD_VEH,2026_06_20_merged.mat,TEST,1,27522,1524,76.15,1376.0500000000002
R006,VEH,T1_SD_VEH,2026_06_20_merged.mat,TEST,1,27523,1525,76.2,1376.1000000000001
R006,VEH,T1_SD_VEH,2026_06_20_merged.mat,TEST,1,27529,1531,76.5,1376.4
R006,VEH,T1_SD_VEH,2026_06_20_merged.mat,TEST,1,27530,1532,76.55,1376.45
R006,VEH,T1_SD_VEH,2026_06_20_merged.mat,TEST,2,27570,1572,78.55000000000001,1378.45
R006,VEH,T1_SD_VEH,2026_06_20_merged.mat,TEST,2,27571,1573,78.60000000000001,1378.5
R006,VEH,T1_SD_VEH,2026_06_20_merged.mat,TEST,2,27572,1574,78.65,1378.5500000000002
R006,VEH,T1_SD_VEH,2026_06_20_merged.mat,TEST,2,27596,1598,79.85000000000001,1379.75
R006,VEH,T1_SD_VEH,2026_06_20_merged.mat,TEST,2,27597,1599,79.9,1379.8000000000002
R006,VEH,T1_SD_VEH,2026_06_20_merged.mat,TEST,2,27612,1614,80.65,1380.5500000000002
R006,VEH,T1_SD_VEH,2026_06_20_merged.mat,TEST,2,27613,1615,80.7,1380.6000000000001
R006,VEH,T1_SD_VEH,2026_06_20_merged.mat,TEST,2,27614,1616,80.75,1380.65
R006,VEH,T1_SD_VEH,2026_06_20_merged.mat,TEST,2,27615,1617,80.80000000000001,1380.7
R006,VEH,T1_SD_VEH,2026_06_20_merged.mat,TEST,2,27616,1618,80.85000000000001,1380.75
R006,VEH,T1_SD_VEH,2026_06_20_merged.mat,TEST,2,27617,1619,80.9,1380.8000000000002
R006,VEH,T1_SD_VEH,2026_06_20_merged.mat,TEST,2,27618,1620,80.95,1380.8500000000001
R006,VEH,T1_SD_VEH,2026_06_20_merged.mat,TEST,2,27635,1637,81.80000000000001,1381.7
R006,VEH,T1_SD_VEH,2026_06_20_merged.mat,TEST,2,27636,1638,81.85000000000001,1381.75
R006,VEH,T1_SD_VEH,2026_06_20_merged.mat,TEST,2,27637,1639,81.9,1381.8000000000002
R006,VEH,T1_SD_VEH,2026_06_20_merged.mat,TEST,2,27638,1640,81.95,1381.8500000000001
R006,VEH,T1_SD_VEH,2026_06_20_merged.mat,TEST,2,27639,1641,82.0,1381.9
R006,VEH,T1_SD_VEH,2026_06_20_merged.mat,TEST,2,27664,1666,83.25,1383.15
R006,VEH,T1_SD_VEH,2026_06_20_merged.mat,TEST,2,27665,1667,83.30000000000001,1383.2
R006,VEH,T1_SD_VEH,2026_06_20_merged.mat,TEST,2,27676,1678,83.85000000000001,1383.75
R006,VEH,T1_SD_VEH,2026_06_20_merged.mat,TEST,2,27677,1679,83.9,1383.8000000000002
R006,VEH,T1_SD_VEH,2026_06_20_merged.mat,TEST,2,27678,1680,83.95,1383.8500000000001
R006,VEH,T1_SD_VEH,2026_06_20_merged.mat,TEST,2,27690,1692,84.55000000000001,1384.45
R006,VEH,T1_SD_VEH,2026_06_20_merged.mat,TEST,2,27691,1693,84.60000000000001,1384.5
R006,VEH,T1_SD_VEH,2026_06_20_merged.mat,TEST,1,27711,1713,85.60000000000001,1385.5
R006,VEH,T1_SD_VEH,2026_06_20_merged.mat,TEST,1,27712,1714,85.65,1385.5500000000002
R006,VEH,T1_SD_VEH,2026_06_20_merged.mat,TEST,1,27713,1715,85.7,1385.6000000000001
R006,VEH,T1_SD_VEH,2026_06_20_merged.mat,TEST,2,27719,1721,86.0,1385.9
R006,VEH,T1_SD_VEH,2026_06_20_merged.mat,TEST,2,27720,1722,86.05000000000001,1385.95
R006,VEH,T1_SD_VEH,2026_06_20_merged.mat,TEST,1,27738,1740,86.95,1386.8500000000001
R006,VEH,T1_SD_VEH,2026_06_20_merged.mat,TEST,1,27739,1741,87.0,1386.9
R006,VEH,T1_SD_VEH,2026_06_20_merged.mat,TEST,1,27740,1742,87.05000000000001,1386.95
R006,VEH,T1_SD_VEH,2026_06_20_merged.mat,TEST,1,27741,1743,87.10000000000001,1387.0
R006,VEH,T1_SD_VEH,2026_06_20_merged.mat,TEST,1,27750,1752,87.55000000000001,1387.45
R006,VEH,T1_SD_VEH,2026_06_20_merged.mat,TEST,1,27751,1753,87.60000000000001,1387.5
R006,VEH,T1_SD_VEH,2026_06_20_merged.mat,TEST,1,27752,1754,87.65,1387.5500000000002
R006,VEH,T1_SD_VEH,2026_06_20_merged.mat,TEST,1,27753,1755,87.7,1387.6000000000001
R006,VEH,T1_SD_VEH,2026_06_20_merged.mat,TEST,1,27754,1756,87.75,1387.65
R006,VEH,T1_SD_VEH,2026_06_20_merged.mat,TEST,2,27763,1765,88.2,1388.1000000000001
R006,VEH,T1_SD_VEH,2026_06_20_merged.mat,TEST,2,27764,1766,88.25,1388.15
R006,VEH,T1_SD_VEH,2026_06_20_merged.mat,TEST,2,27765,1767,88.30000000000001,1388.2
R006,VEH,T1_SD_VEH,2026_06_20_merged.mat,TEST,2,27779,1781,89.0,1388.9
R006,VEH,T1_SD_VEH,2026_06_20_merged.mat,TEST,2,27780,1782,89.05000000000001,1388.95
R006,VEH,T1_SD_VEH,2026_06_20_merged.mat,TEST,2,27793,1795,89.7,1389.6000000000001
R006,VEH,T1_SD_VEH,2026_06_20_merged.mat,TEST,2,27794,1796,89.75,1389.65
R006,VEH,T1_SD_VEH,2026_06_20_merged.mat,TEST,1,27803,1805,90.2,1390.1000000000001
R006,VEH,T1_SD_VEH,2026_06_20_merged.mat,TEST,1,27804,1806,90.25,1390.15
R006,VEH,T1_SD_VEH,2026_06_20_merged.mat,TEST,2,27828,1830,91.45,1391.3500000000001
R006,VEH,T1_SD_VEH,2026_06_20_merged.mat,TEST,2,27829,1831,91.5,1391.4
R006,VEH,T1_SD_VEH,2026_06_20_merged.mat,TEST,2,27830,1832,91.55000000000001,1391.45
R006,VEH,T1_SD_VEH,2026_06_20_merged.mat,TEST,2,27831,1833,91.60000000000001,1391.5
R006,VEH,T1_SD_VEH,2026_06_20_merged.mat,TEST,1,27848,1850,92.45,1392.3500000000001
R006,VEH,T1_SD_VEH,2026_06_20_merged.mat,TEST,1,27884,1886,94.25,1394.15
R006,VEH,T1_SD_VEH,2026_06_20_merged.mat,TEST,1,27885,1887,94.30000000000001,1394.2
R006,VEH,T1_SD_VEH,2026_06_20_merged.mat,TEST,1,27914,1916,95.75,1395.65
R006,VEH,T1_SD_VEH,2026_06_20_merged.mat,TEST,2,27929,1931,96.5,1396.4
R006,VEH,T1_SD_VEH,2026_06_20_merged.mat,TEST,2,27930,1932,96.55000000000001,1396.45
R006,VEH,T1_SD_VEH,2026_06_20_merged.mat,TEST,1,27948,1950,97.45,1397.3500000000001
R006,VEH,T1_SD_VEH,2026_06_20_merged.mat,TEST,1,27949,1951,97.5,1397.4
R006,VEH,T1_SD_VEH,2026_06_20_merged.mat,TEST,2,27982,1984,99.15,1399.0500000000002
R006,VEH,T1_SD_VEH,2026_06_20_merged.mat,TEST,1,27990,1992,99.55000000000001,1399.45
R006,VEH,T1_SD_VEH,2026_06_20_merged.mat,TEST,1,27991,1993,99.60000000000001,1399.5
R006,VEH,T1_SD_VEH,2026_06_20_merged.mat,TEST,2,28053,2055,102.7,1402.6000000000001
R006,VEH,T1_SD_VEH,2026_06_20_merged.mat,TEST,2,28054,2056,102.75,1402.65
R006,VEH,T1_SD_VEH,2026_06_20_merged.mat,TEST,1,28069,2071,103.5,1403.4
R006,VEH,T1_SD_VEH,2026_06_20_merged.mat,TEST,1,28070,2072,103.55000000000001,1403.45
R006,VEH,T1_SD_VEH,2026_06_20_merged.mat,TEST,1,28071,2073,103.60000000000001,1403.5
R006,VEH,T1_SD_VEH,2026_06_20_merged.mat,TEST,1,28072,2074,103.65,1403.5500000000002
R006,VEH,T1_SD_VEH,2026_06_20_merged.mat,TEST,1,28073,2075,103.7,1403.6000000000001
R006,VEH,T1_SD_VEH,2026_06_20_merged.mat,TEST,1,28074,2076,103.75,1403.65
R006,VEH,T1_SD_VEH,2026_06_20_merged.mat,TEST,1,28075,2077,103.80000000000001,1403.7
R006,VEH,T1_SD_VEH,2026_06_20_merged.mat,TEST,2,28096,2098,104.85000000000001,1404.75
R006,VEH,T1_SD_VEH,2026_06_20_merged.mat,TEST,1,28104,2106,105.25,1405.15
R006,VEH,T1_SD_VEH,2026_06_20_merged.mat,TEST,1,28105,2107,105.30000000000001,1405.2
R006,VEH,T1_SD_VEH,2026_06_20_merged.mat,TEST,1,28106,2108,105.35000000000001,1405.25
R006,VEH,T1_SD_VEH,2026_06_20_merged.mat,TEST,1,28139,2141,107.0,1406.9
R006,VEH,T1_SD_VEH,2026_06_20_merged.mat,TEST,1,28140,2142,107.05000000000001,1406.95
R006,VEH,T1_SD_VEH,2026_06_20_merged.mat,TEST,1,28141,2143,107.10000000000001,1407.0
R006,VEH,T1_SD_VEH,2026_06_20_merged.mat,TEST,1,28142,2144,107.15,1407.0500000000002
R006,VEH,T1_SD_VEH,2026_06_20_merged.mat,TEST,1,28143,2145,107.2,1407.1000000000001
R006,VEH,T1_SD_VEH,2026_06_20_merged.mat,TEST,1,28154,2156,107.75,1407.65
R006,VEH,T1_SD_VEH,2026_06_20_merged.mat,TEST,1,28155,2157,107.80000000000001,1407.7
R006,VEH,T1_SD_VEH,2026_06_20_merged.mat,TEST,2,28198,2200,109.95,1409.8500000000001
R006,VEH,T1_SD_VEH,2026_06_20_merged.mat,TEST,2,28199,2201,110.0,1409.9
R006,VEH,T1_SD_VEH,2026_06_20_merged.mat,TEST,2,28200,2202,110.05000000000001,1409.95
R006,VEH,T1_SD_VEH,2026_06_20_merged.mat,TEST,2,28213,2215,110.7,1410.6000000000001
R006,VEH,T1_SD_VEH,2026_06_20_merged.mat,TEST,2,28214,2216,110.75,1410.65
R006,VEH,T1_SD_VEH,2026_06_20_merged.mat,TEST,2,28236,2238,111.85000000000001,1411.75
R006,VEH,T1_SD_VEH,2026_06_20_merged.mat,TEST,2,28237,2239,111.9,1411.8000000000002
R006,VEH,T1_SD_VEH,2026_06_20_merged.mat,TEST,2,28251,2253,112.60000000000001,1412.5
R006,VEH,T1_SD_VEH,2026_06_20_merged.mat,TEST,2,28252,2254,112.65,1412.5500000000002
R006,VEH,T1_SD_VEH,2026_06_20_merged.mat,TEST,2,28253,2255,112.7,1412.6000000000001
R006,VEH,T1_SD_VEH,2026_06_20_merged.mat,TEST,2,28254,2256,112.75,1412.65
R006,VEH,T1_SD_VEH,2026_06_20_merged.mat,TEST,2,28296,2298,114.85000000000001,1414.75
R006,VEH,T1_SD_VEH,2026_06_20_merged.mat,TEST,2,28297,2299,114.9,1414.8000000000002
R006,VEH,T1_SD_VEH,2026_06_20_merged.mat,TEST,2,28298,2300,114.95,1414.8500000000001
R006,VEH,T1_SD_VEH,2026_06_20_merged.mat,TEST,2,28299,2301,115.0,1414.9
R006,VEH,T1_SD_VEH,2026_06_20_merged.mat,TEST,2,28300,2302,115.05000000000001,1414.95
R006,VEH,T1_SD_VEH,2026_06_20_merged.mat,TEST,2,28301,2303,115.10000000000001,1415.0
R006,VEH,T1_SD_VEH,2026_06_20_merged.mat,TEST,2,28302,2304,115.15,1415.0500000000002
R006,VEH,T1_SD_VEH,2026_06_20_merged.mat,TEST,2,28308,2310,115.45,1415.3500000000001
R006,VEH,T1_SD_VEH,2026_06_20_merged.mat,TEST,2,28309,2311,115.5,1415.4
R006,VEH,T1_SD_VEH,2026_06_20_merged.mat,TEST,2,28319,2321,116.0,1415.9
R006,VEH,T1_SD_VEH,2026_06_20_merged.mat,TEST,2,28320,2322,116.05000000000001,1415.95
R006,VEH,T1_SD_VEH,2026_06_20_merged.mat,TEST,2,28321,2323,116.10000000000001,1416.0
R006,VEH,T1_SD_VEH,2026_06_20_merged.mat,TEST,2,28345,2347,117.30000000000001,1417.2
R006,VEH,T1_SD_VEH,2026_06_20_merged.mat,TEST,2,28347,2349,117.4,1417.3000000000002
R006,VEH,T1_SD_VEH,2026_06_20_merged.mat,TEST,2,28385,2387,119.30000000000001,1419.2
R006,VEH,T1_SD_VEH,2026_06_20_merged.mat,TEST,2,28386,2388,119.35000000000001,1419.25
R006,VEH,T1_SD_VEH,2026_06_20_merged.mat,TEST,2,28387,2389,119.4,1419.3000000000002
R006,VEH,T1_SD_VEH,2026_06_20_merged.mat,TEST,1,28468,2470,123.45,1423.3500000000001
R006,VEH,T1_SD_VEH,2026_06_20_merged.mat,TEST,1,28469,2471,123.5,1423.4
R006,VEH,T1_SD_VEH,2026_06_20_merged.mat,TEST,1,28470,2472,123.55000000000001,1423.45
R006,VEH,T1_SD_VEH,2026_06_20_merged.mat,TEST,2,28485,2487,124.30000000000001,1424.2
R006,VEH,T1_SD_VEH,2026_06_20_merged.mat,TEST,1,28493,2495,124.7,1424.6000000000001
R006,VEH,T1_SD_VEH,2026_06_20_merged.mat,TEST,1,28494,2496,124.75,1424.65
R006,VEH,T1_SD_VEH,2026_06_20_merged.mat,TEST,2,28508,2510,125.45,1425.3500000000001
R006,VEH,T1_SD_VEH,2026_06_20_merged.mat,TEST,1,28532,2534,126.65,1426.5500000000002
R006,VEH,T1_SD_VEH,2026_06_20_merged.mat,TEST,1,28533,2535,126.7,1426.6000000000001
R006,VEH,T1_SD_VEH,2026_06_20_merged.mat,TEST,1,28534,2536,126.75,1426.65
R006,VEH,T1_SD_VEH,2026_06_20_merged.mat,TEST,1,28535,2537,126.80000000000001,1426.7
R006,VEH,T1_SD_VEH,2026_06_20_merged.mat,TEST,1,28536,2538,126.85000000000001,1426.75
R006,VEH,T1_SD_VEH,2026_06_20_merged.mat,TEST,1,28537,2539,126.9,1426.8000000000002
R006,VEH,T1_SD_VEH,2026_06_20_merged.mat,TEST,1,28538,2540,126.95,1426.8500000000001
R006,VEH,T1_SD_VEH,2026_06_20_merged.mat,TEST,1,28549,2551,127.5,1427.4
R006,VEH,T1_SD_VEH,2026_06_20_merged.mat,TEST,2,28559,2561,128.0,1427.9
R006,VEH,T1_SD_VEH,2026_06_20_merged.mat,TEST,2,28560,2562,128.05,1427.95
R006,VEH,T1_SD_VEH,2026_06_20_merged.mat,TEST,1,28568,2570,128.45000000000002,1428.3500000000001
R006,VEH,T1_SD_VEH,2026_06_20_merged.mat,TEST,1,28569,2571,128.5,1428.4
R006,VEH,T1_SD_VEH,2026_06_20_merged.mat,TEST,1,28570,2572,128.55,1428.45
R006,VEH,T1_SD_VEH,2026_06_20_merged.mat,TEST,1,28571,2573,128.6,1428.5
R006,VEH,T1_SD_VEH,2026_06_20_merged.mat,TEST,1,28585,2587,129.3,1429.2
R006,VEH,T1_SD_VEH,2026_06_20_merged.mat,TEST,2,28625,2627,131.3,1431.2
R006,VEH,T1_SD_VEH,2026_06_20_merged.mat,TEST,2,28626,2628,131.35,1431.25
R006,VEH,T1_SD_VEH,2026_06_20_merged.mat,TEST,2,28627,2629,131.4,1431.3000000000002
R006,VEH,T1_SD_VEH,2026_06_20_merged.mat,TEST,2,28635,2637,131.8,1431.7
R006,VEH,T1_SD_VEH,2026_06_20_merged.mat,TEST,2,28636,2638,131.85,1431.75
R006,VEH,T1_SD_VEH,2026_06_20_merged.mat,TEST,2,28733,2735,136.70000000000002,1436.6000000000001
R006,VEH,T1_SD_VEH,2026_06_20_merged.mat,TEST,1,28749,2751,137.5,1437.4
R006,VEH,T1_SD_VEH,2026_06_20_merged.mat,TEST,1,28750,2752,137.55,1437.45
R006,VEH,T1_SD_VEH,2026_06_20_merged.mat,TEST,1,28759,2761,138.0,1437.9
R006,VEH,T1_SD_VEH,2026_06_20_merged.mat,TEST,1,28800,2802,140.05,1439.95
R006,VEH,T1_SD_VEH,2026_06_20_merged.mat,TEST,1,28801,2803,140.1,1440.0
R006,VEH,T1_SD_VEH,2026_06_20_merged.mat,TEST,1,28823,2825,141.20000000000002,1441.1000000000001
R006,VEH,T1_SD_VEH,2026_06_20_merged.mat,TEST,1,28824,2826,141.25,1441.15
R006,VEH,T1_SD_VEH,2026_06_20_merged.mat,TEST,1,28825,2827,141.3,1441.2
R006,VEH,T1_SD_VEH,2026_06_20_merged.mat,TEST,1,28826,2828,141.35,1441.25
R006,VEH,T1_SD_VEH,2026_06_20_merged.mat,TEST,2,28841,2843,142.1,1442.0
R006,VEH,T1_SD_VEH,2026_06_20_merged.mat,TEST,1,28856,2858,142.85,1442.75
R006,VEH,T1_SD_VEH,2026_06_20_merged.mat,TEST,1,28857,2859,142.9,1442.8000000000002
R006,VEH,T1_SD_VEH,2026_06_20_merged.mat,TEST,1,28869,2871,143.5,1443.4
R006,VEH,T1_SD_VEH,2026_06_20_merged.mat,TEST,1,28870,2872,143.55,1443.45
R006,VEH,T1_SD_VEH,2026_06_20_merged.mat,TEST,1,28871,2873,143.6,1443.5
R006,VEH,T1_SD_VEH,2026_06_20_merged.mat,TEST,1,28872,2874,143.65,1443.5500000000002
R006,VEH,T1_SD_VEH,2026_06_20_merged.mat,TEST,1,28934,2936,146.75,1446.65
R006,VEH,T1_SD_VEH,2026_06_20_merged.mat,TEST,1,28935,2937,146.8,1446.7
R006,VEH,T1_SD_VEH,2026_06_20_merged.mat,TEST,1,28936,2938,146.85,1446.75
R006,VEH,T1_SD_VEH,2026_06_20_merged.mat,TEST,1,28937,2939,146.9,1446.8000000000002
R006,VEH,T1_SD_VEH,2026_06_20_merged.mat,TEST,1,28938,2940,146.95000000000002,1446.8500000000001
R006,VEH,T1_SD_VEH,2026_06_20_merged.mat,TEST,1,28947,2949,147.4,1447.3000000000002
R006,VEH,T1_SD_VEH,2026_06_20_merged.mat,TEST,1,28948,2950,147.45000000000002,1447.3500000000001
R006,VEH,T1_SD_VEH,2026_06_20_merged.mat,TEST,1,28949,2951,147.5,1447.4
R006,VEH,T1_SD_VEH,2026_06_20_merged.mat,TEST,1,28950,2952,147.55,1447.45
R006,VEH,T1_SD_VEH,2026_06_20_merged.mat,TEST,1,28953,2955,147.70000000000002,1447.6000000000001
R006,VEH,T1_SD_VEH,2026_06_20_merged.mat,TEST,1,28954,2956,147.75,1447.65
R006,VEH,T1_SD_VEH,2026_06_20_merged.mat,TEST,1,28955,2957,147.8,1447.7
R006,VEH,T1_SD_VEH,2026_06_20_merged.mat,TEST,1,28956,2958,147.85,1447.75
R006,VEH,T1_SD_VEH,2026_06_20_merged.mat,TEST,1,28965,2967,148.3,1448.2
R006,VEH,T1_SD_VEH,2026_06_20_merged.mat,TEST,1,28967,2969,148.4,1448.3000000000002
R006,VEH,T1_SD_VEH,2026_06_20_merged.mat,TEST,1,28968,2970,148.45000000000002,1448.3500000000001
R006,VEH,T1_SD_VEH,2026_06_20_merged.mat,TEST,1,28969,2971,148.5,1448.4
R006,VEH,T1_SD_VEH,2026_06_20_merged.mat,TEST,1,28995,2997,149.8,1449.7
R006,VEH,T1_SD_VEH,2026_06_20_merged.mat,TEST,1,28996,2998,149.85,1449.75
R006,VEH,T1_SD_VEH,2026_06_20_merged.mat,TEST,1,28997,2999,149.9,1449.8000000000002
R006,VEH,T1_SD_VEH,2026_06_20_merged.mat,TEST,1,29009,3011,150.5,1450.4
R006,VEH,T1_SD_VEH,2026_06_20_merged.mat,TEST,1,29010,3012,150.55,1450.45
R006,VEH,T1_SD_VEH,2026_06_20_merged.mat,TEST,2,29069,3071,153.5,1453.4
R006,VEH,T1_SD_VEH,2026_06_20_merged.mat,TEST,2,29070,3072,153.55,1453.45
R006,VEH,T1_SD_VEH,2026_06_20_merged.mat,TEST,2,29071,3073,153.60000000000002,1453.5
R006,VEH,T1_SD_VEH,2026_06_20_merged.mat,TEST,1,29099,3101,155.0,1454.9
R006,VEH,T1_SD_VEH,2026_06_20_merged.mat,TEST,1,29100,3102,155.05,1454.95
R006,VEH,T1_SD_VEH,2026_06_20_merged.mat,TEST,1,29101,3103,155.10000000000002,1455.0
R006,VEH,T1_SD_VEH,2026_06_20_merged.mat,TEST,1,29102,3104,155.15,1455.0500000000002
R006,VEH,T1_SD_VEH,2026_06_20_merged.mat,TEST,1,29103,3105,155.20000000000002,1455.1000000000001
R006,VEH,T1_SD_VEH,2026_06_20_merged.mat,TEST,1,29104,3106,155.25,1455.15
R006,VEH,T1_SD_VEH,2026_06_20_merged.mat,TEST,2,29112,3114,155.65,1455.5500000000002
R006,VEH,T1_SD_VEH,2026_06_20_merged.mat,TEST,1,29139,3141,157.0,1456.9
R006,VEH,T1_SD_VEH,2026_06_20_merged.mat,TEST,1,29151,3153,157.60000000000002,1457.5
R006,VEH,T1_SD_VEH,2026_06_20_merged.mat,TEST,1,29152,3154,157.65,1457.5500000000002
R006,VEH,T1_SD_VEH,2026_06_20_merged.mat,TEST,1,29153,3155,157.70000000000002,1457.6000000000001
R006,VEH,T1_SD_VEH,2026_06_20_merged.mat,TEST,1,29154,3156,157.75,1457.65
R006,VEH,T1_SD_VEH,2026_06_20_merged.mat,TEST,1,29155,3157,157.8,1457.7
R006,VEH,T1_SD_VEH,2026_06_20_merged.mat,TEST,1,29177,3179,158.9,1458.8000000000002
R006,VEH,T1_SD_VEH,2026_06_20_merged.mat,TEST,1,29178,3180,158.95000000000002,1458.8500000000001
R006,VEH,T1_SD_VEH,2026_06_20_merged.mat,TEST,1,29179,3181,159.0,1458.9
R006,VEH,T1_SD_VEH,2026_06_20_merged.mat,TEST,1,29180,3182,159.05,1458.95
R006,VEH,T1_SD_VEH,2026_06_20_merged.mat,TEST,2,29204,3206,160.25,1460.15
R006,VEH,T1_SD_VEH,2026_06_20_merged.mat,TEST,2,29205,3207,160.3,1460.2
R006,VEH,T1_SD_VEH,2026_06_20_merged.mat,TEST,1,29231,3233,161.60000000000002,1461.5
R006,VEH,T1_SD_VEH,2026_06_20_merged.mat,TEST,1,29232,3234,161.65,1461.5500000000002
R006,VEH,T1_SD_VEH,2026_06_20_merged.mat,TEST,1,29287,3289,164.4,1464.3000000000002
R006,VEH,T1_SD_VEH,2026_06_20_merged.mat,TEST,1,29288,3290,164.45000000000002,1464.3500000000001
R006,VEH,T1_SD_VEH,2026_06_20_merged.mat,TEST,1,29289,3291,164.5,1464.4
R006,VEH,T1_SD_VEH,2026_06_20_merged.mat,TEST,1,29290,3292,164.55,1464.45
R006,VEH,T1_SD_VEH,2026_06_20_merged.mat,TEST,1,29291,3293,164.60000000000002,1464.5
R006,VEH,T1_SD_VEH,2026_06_20_merged.mat,TEST,1,29292,3294,164.65,1464.5500000000002
R006,VEH,T1_SD_VEH,2026_06_20_merged.mat,TEST,1,29293,3295,164.70000000000002,1464.6000000000001
R006,VEH,T1_SD_VEH,2026_06_20_merged.mat,TEST,2,29329,3331,166.5,1466.4
R006,VEH,T1_SD_VEH,2026_06_20_merged.mat,TEST,2,29330,3332,166.55,1466.45
R006,VEH,T1_SD_VEH,2026_06_20_merged.mat,TEST,1,29345,3347,167.3,1467.2
R006,VEH,T1_SD_VEH,2026_06_20_merged.mat,TEST,1,29353,3355,167.70000000000002,1467.6000000000001
R006,VEH,T1_SD_VEH,2026_06_20_merged.mat,TEST,1,29354,3356,167.75,1467.65
R006,VEH,T1_SD_VEH,2026_06_20_merged.mat,TEST,1,29355,3357,167.8,1467.7
R006,VEH,T1_SD_VEH,2026_06_20_merged.mat,TEST,1,29356,3358,167.85000000000002,1467.75
R006,VEH,T1_SD_VEH,2026_06_20_merged.mat,TEST,2,29363,3365,168.20000000000002,1468.1000000000001
R006,VEH,T1_SD_VEH,2026_06_20_merged.mat,TEST,2,29364,3366,168.25,1468.15
R006,VEH,T1_SD_VEH,2026_06_20_merged.mat,TEST,1,29390,3392,169.55,1469.45
R006,VEH,T1_SD_VEH,2026_06_20_merged.mat,TEST,1,29391,3393,169.60000000000002,1469.5
R006,VEH,T1_SD_VEH,2026_06_20_merged.mat,TEST,1,29392,3394,169.65,1469.5500000000002
R006,VEH,T1_SD_VEH,2026_06_20_merged.mat,TEST,1,29393,3395,169.70000000000002,1469.6000000000001
R006,VEH,T1_SD_VEH,2026_06_20_merged.mat,TEST,1,29394,3396,169.75,1469.65
R006,VEH,T1_SD_VEH,2026_06_20_merged.mat,TEST,1,29395,3397,169.8,1469.7
R006,VEH,T1_SD_VEH,2026_06_20_merged.mat,TEST,1,29396,3398,169.85000000000002,1469.75
R006,VEH,T1_SD_VEH,2026_06_20_merged.mat,TEST,1,29397,3399,169.9,1469.8000000000002
R006,VEH,T1_SD_VEH,2026_06_20_merged.mat,TEST,1,29398,3400,169.95000000000002,1469.8500000000001
R006,VEH,T1_SD_VEH,2026_06_20_merged.mat,TEST,1,29399,3401,170.0,1469.9
R006,VEH,T1_SD_VEH,2026_06_20_merged.mat,TEST,2,29406,3408,170.35000000000002,1470.25
R006,VEH,T1_SD_VEH,2026_06_20_merged.mat,TEST,2,29426,3428,171.35000000000002,1471.25
R006,VEH,T1_SD_VEH,2026_06_20_merged.mat,TEST,1,29439,3441,172.0,1471.9
R006,VEH,T1_SD_VEH,2026_06_20_merged.mat,TEST,1,29440,3442,172.05,1471.95
R006,VEH,T1_SD_VEH,2026_06_20_merged.mat,TEST,1,29441,3443,172.10000000000002,1472.0
R006,VEH,T1_SD_VEH,2026_06_20_merged.mat,TEST,1,29442,3444,172.15,1472.0500000000002
R006,VEH,T1_SD_VEH,2026_06_20_merged.mat,TEST,1,29443,3445,172.20000000000002,1472.1000000000001
R006,VEH,T1_SD_VEH,2026_06_20_merged.mat,TEST,1,29444,3446,172.25,1472.15
R006,VEH,T1_SD_VEH,2026_06_20_merged.mat,TEST,1,29445,3447,172.3,1472.2
R006,VEH,T1_SD_VEH,2026_06_20_merged.mat,TEST,1,29463,3465,173.20000000000002,1473.1000000000001
R006,VEH,T1_SD_VEH,2026_06_20_merged.mat,TEST,1,29464,3466,173.25,1473.15
R006,VEH,T1_SD_VEH,2026_06_20_merged.mat,TEST,1,29465,3467,173.3,1473.2
R006,VEH,T1_SD_VEH,2026_06_20_merged.mat,TEST,1,29466,3468,173.35000000000002,1473.25
R006,VEH,T1_SD_VEH,2026_06_20_merged.mat,TEST,1,29475,3477,173.8,1473.7
R006,VEH,T1_SD_VEH,2026_06_20_merged.mat,TEST,1,29476,3478,173.85000000000002,1473.75
R006,VEH,T1_SD_VEH,2026_06_20_merged.mat,TEST,2,29485,3487,174.3,1474.2
R006,VEH,T1_SD_VEH,2026_06_20_merged.mat,TEST,2,29486,3488,174.35000000000002,1474.25
R006,VEH,T1_SD_VEH,2026_06_20_merged.mat,TEST,2,29487,3489,174.4,1474.3000000000002
R006,VEH,T1_SD_VEH,2026_06_20_merged.mat,TEST,1,29502,3504,175.15,1475.0500000000002
R006,VEH,T1_SD_VEH,2026_06_20_merged.mat,TEST,2,29511,3513,175.60000000000002,1475.5
R006,VEH,T1_SD_VEH,2026_06_20_merged.mat,TEST,2,29520,3522,176.05,1475.95
R006,VEH,T1_SD_VEH,2026_06_20_merged.mat,TEST,2,29521,3523,176.10000000000002,1476.0
R006,VEH,T1_SD_VEH,2026_06_20_merged.mat,TEST,2,29522,3524,176.15,1476.0500000000002
R006,VEH,T1_SD_VEH,2026_06_20_merged.mat,TEST,2,29523,3525,176.20000000000002,1476.1000000000001
R006,VEH,T1_SD_VEH,2026_06_20_merged.mat,TEST,2,29524,3526,176.25,1476.15
R006,VEH,T1_SD_VEH,2026_06_20_merged.mat,TEST,2,29561,3563,178.10000000000002,1478.0
R006,VEH,T1_SD_VEH,2026_06_20_merged.mat,TEST,2,29562,3564,178.15,1478.0500000000002
R006,VEH,T1_SD_VEH,2026_06_20_merged.mat,TEST,2,29563,3565,178.20000000000002,1478.1000000000001
R006,VEH,T1_SD_VEH,2026_06_20_merged.mat,TEST,2,29564,3566,178.25,1478.15
R006,VEH,T1_SD_VEH,2026_06_20_merged.mat,TEST,2,29565,3567,178.3,1478.2
R006,VEH,T1_SD_VEH,2026_06_20_merged.mat,TEST,2,29576,3578,178.85000000000002,1478.75
R006,VEH,T1_SD_VEH,2026_06_20_merged.mat,TEST,2,29577,3579,178.9,1478.8000000000002
R006,VEH,T1_SD_VEH,2026_06_20_merged.mat,TEST,2,29578,3580,178.95000000000002,1478.8500000000001
R006,VEH,T1_SD_VEH,2026_06_20_merged.mat,TEST,2,29620,3622,181.05,1480.95
R006,VEH,T1_SD_VEH,2026_06_20_merged.mat,TEST,1,29636,3638,181.85000000000002,1481.75
R006,VEH,T1_SD_VEH,2026_06_20_merged.mat,TEST,1,29637,3639,181.9,1481.8000000000002
R006,VEH,T1_SD_VEH,2026_06_20_merged.mat,TEST,2,29642,3644,182.15,1482.0500000000002
R006,VEH,T1_SD_VEH,2026_06_20_merged.mat,TEST,2,29643,3645,182.20000000000002,1482.1000000000001
R006,VEH,T1_SD_VEH,2026_06_20_merged.mat,TEST,1,29649,3651,182.5,1482.4
R006,VEH,T1_SD_VEH,2026_06_20_merged.mat,TEST,1,29650,3652,182.55,1482.45
R006,VEH,T1_SD_VEH,2026_06_20_merged.mat,TEST,1,29651,3653,182.60000000000002,1482.5
R006,VEH,T1_SD_VEH,2026_06_20_merged.mat,TEST,1,29652,3654,182.65,1482.5500000000002
R006,VEH,T1_SD_VEH,2026_06_20_merged.mat,TEST,1,29653,3655,182.70000000000002,1482.6000000000001
R006,VEH,T1_SD_VEH,2026_06_20_merged.mat,TEST,1,29654,3656,182.75,1482.65
R006,VEH,T1_SD_VEH,2026_06_20_merged.mat,TEST,1,29655,3657,182.8,1482.7
R006,VEH,T1_SD_VEH,2026_06_20_merged.mat,TEST,1,29657,3659,182.9,1482.8000000000002
R006,VEH,T1_SD_VEH,2026_06_20_merged.mat,TEST,1,29658,3660,182.95000000000002,1482.8500000000001
R006,VEH,T1_SD_VEH,2026_06_20_merged.mat,TEST,1,29659,3661,183.0,1482.9
R006,VEH,T1_SD_VEH,2026_06_20_merged.mat,TEST,1,29660,3662,183.05,1482.95
R006,VEH,T1_SD_VEH,2026_06_20_merged.mat,TEST,1,29661,3663,183.10000000000002,1483.0
R006,VEH,T1_SD_VEH,2026_06_20_merged.mat,TEST,2,29684,3686,184.25,1484.15
R006,VEH,T1_SD_VEH,2026_06_20_merged.mat,TEST,2,29685,3687,184.3,1484.2
R006,VEH,T1_SD_VEH,2026_06_20_merged.mat,TEST,2,29686,3688,184.35000000000002,1484.25
R006,VEH,T1_SD_VEH,2026_06_20_merged.mat,TEST,2,29687,3689,184.4,1484.3000000000002
R006,VEH,T1_SD_VEH,2026_06_20_merged.mat,TEST,2,29688,3690,184.45000000000002,1484.3500000000001
R006,VEH,T1_SD_VEH,2026_06_20_merged.mat,TEST,2,29771,3773,188.60000000000002,1488.5
R006,VEH,T1_SD_VEH,2026_06_20_merged.mat,TEST,2,29772,3774,188.65,1488.5500000000002
R006,VEH,T1_SD_VEH,2026_06_20_merged.mat,TEST,1,29780,3782,189.05,1488.95
R006,VEH,T1_SD_VEH,2026_06_20_merged.mat,TEST,1,29781,3783,189.10000000000002,1489.0
R006,VEH,T1_SD_VEH,2026_06_20_merged.mat,TEST,2,29799,3801,190.0,1489.9
R006,VEH,T1_SD_VEH,2026_06_20_merged.mat,TEST,2,29800,3802,190.05,1489.95
R006,VEH,T1_SD_VEH,2026_06_20_merged.mat,TEST,2,29801,3803,190.10000000000002,1490.0
R006,VEH,T1_SD_VEH,2026_06_20_merged.mat,TEST,2,29802,3804,190.15,1490.0500000000002
R006,VEH,T1_SD_VEH,2026_06_20_merged.mat,TEST,2,29803,3805,190.20000000000002,1490.1000000000001
R006,VEH,T1_SD_VEH,2026_06_20_merged.mat,TEST,2,29804,3806,190.25,1490.15
R006,VEH,T1_SD_VEH,2026_06_20_merged.mat,TEST,2,29834,3836,191.75,1491.65
R006,VEH,T1_SD_VEH,2026_06_20_merged.mat,TEST,2,29835,3837,191.8,1491.7
R006,VEH,T1_SD_VEH,2026_06_20_merged.mat,TEST,2,29836,3838,191.85000000000002,1491.75
R006,VEH,T1_SD_VEH,2026_06_20_merged.mat,TEST,2,29837,3839,191.9,1491.8000000000002
R006,VEH,T1_SD_VEH,2026_06_20_merged.mat,TEST,2,29871,3873,193.60000000000002,1493.5
R006,VEH,T1_SD_VEH,2026_06_20_merged.mat,TEST,2,29872,3874,193.65,1493.5500000000002
R006,VEH,T1_SD_VEH,2026_06_20_merged.mat,TEST,2,29873,3875,193.70000000000002,1493.6000000000001
R006,VEH,T1_SD_VEH,2026_06_20_merged.mat,TEST,2,29874,3876,193.75,1493.65
R006,VEH,T1_SD_VEH,2026_06_20_merged.mat,TEST,2,29875,3877,193.8,1493.7
R006,VEH,T1_SD_VEH,2026_06_20_merged.mat,TEST,2,29876,3878,193.85000000000002,1493.75
R006,VEH,T1_SD_VEH,2026_06_20_merged.mat,TEST,2,29878,3880,193.95000000000002,1493.8500000000001
R006,VEH,T1_SD_VEH,2026_06_20_merged.mat,TEST,2,29900,3902,195.05,1494.95
R006,VEH,T1_SD_VEH,2026_06_20_merged.mat,TEST,2,29901,3903,195.10000000000002,1495.0
R006,VEH,T1_SD_VEH,2026_06_20_merged.mat,TEST,2,29902,3904,195.15,1495.0500000000002
R006,VEH,T1_SD_VEH,2026_06_20_merged.mat,TEST,2,29903,3905,195.20000000000002,1495.1000000000001
R006,VEH,T1_SD_VEH,2026_06_20_merged.mat,TEST,2,29904,3906,195.25,1495.15
R006,VEH,T1_SD_VEH,2026_06_20_merged.mat,TEST,2,29905,3907,195.3,1495.2
R006,VEH,T1_SD_VEH,2026_06_20_merged.mat,TEST,2,29943,3945,197.20000000000002,1497.1000000000001
R006,VEH,T1_SD_VEH,2026_06_20_merged.mat,TEST,2,29944,3946,197.25,1497.15
R006,VEH,T1_SD_VEH,2026_06_20_merged.mat,TEST,2,29945,3947,197.3,1497.2
R006,VEH,T1_SD_VEH,2026_06_20_merged.mat,TEST,1,29969,3971,198.5,1498.4
R006,VEH,T1_SD_VEH,2026_06_20_merged.mat,TEST,1,29970,3972,198.55,1498.45
R006,VEH,T1_SD_VEH,2026_06_20_merged.mat,TEST,1,29971,3973,198.60000000000002,1498.5
R006,VEH,T1_SD_VEH,2026_06_20_merged.mat,TEST,1,29972,3974,198.65,1498.5500000000002
R006,VEH,T1_SD_VEH,2026_06_20_merged.mat,TEST,1,29973,3975,198.70000000000002,1498.6000000000001
R006,VEH,T1_SD_VEH,2026_06_20_merged.mat,TEST,2,29996,3998,199.85000000000002,1499.75
R006,VEH,T1_SD_VEH,2026_06_20_merged.mat,TEST,2,29997,3999,199.9,1499.8000000000002
R006,VEH,T1_SD_VEH,2026_06_20_merged.mat,TEST,2,29998,4000,199.95000000000002,1499.8500000000001
R006,VEH,T1_SD_VEH,2026_06_20_merged.mat,TEST,2,30010,4012,200.55,1500.45
R006,VEH,T1_SD_VEH,2026_06_20_merged.mat,TEST,2,30011,4013,200.60000000000002,1500.5
R006,VEH,T1_SD_VEH,2026_06_20_merged.mat,TEST,2,30036,4038,201.85000000000002,1501.75
R006,VEH,T1_SD_VEH,2026_06_20_merged.mat,TEST,2,30037,4039,201.9,1501.8000000000002
R006,VEH,T1_SD_VEH,2026_06_20_merged.mat,TEST,2,30118,4120,205.95000000000002,1505.8500000000001
R006,VEH,T1_SD_VEH,2026_06_20_merged.mat,TEST,2,30119,4121,206.0,1505.9
R006,VEH,T1_SD_VEH,2026_06_20_merged.mat,TEST,2,30120,4122,206.05,1505.95
R006,VEH,T1_SD_VEH,2026_06_20_merged.mat,TEST,1,30167,4169,208.4,1508.3000000000002
R006,VEH,T1_SD_VEH,2026_06_20_merged.mat,TEST,1,30168,4170,208.45000000000002,1508.3500000000001
R006,VEH,T1_SD_VEH,2026_06_20_merged.mat,TEST,1,30200,4202,210.05,1509.95
R006,VEH,T1_SD_VEH,2026_06_20_merged.mat,TEST,1,30201,4203,210.10000000000002,1510.0
R006,VEH,T1_SD_VEH,2026_06_20_merged.mat,TEST,1,30202,4204,210.15,1510.0500000000002
R006,VEH,T1_SD_VEH,2026_06_20_merged.mat,TEST,1,30211,4213,210.60000000000002,1510.5
R006,VEH,T1_SD_VEH,2026_06_20_merged.mat,TEST,1,30212,4214,210.65,1510.5500000000002
R006,VEH,T1_SD_VEH,2026_06_20_merged.mat,TEST,1,30213,4215,210.70000000000002,1510.6000000000001
R006,VEH,T1_SD_VEH,2026_06_20_merged.mat,TEST,1,30223,4225,211.20000000000002,1511.1000000000001
R006,VEH,T1_SD_VEH,2026_06_20_merged.mat,TEST,1,30224,4226,211.25,1511.15
R006,VEH,T1_SD_VEH,2026_06_20_merged.mat,TEST,1,30225,4227,211.3,1511.2
R006,VEH,T1_SD_VEH,2026_06_20_merged.mat,TEST,1,30226,4228,211.35000000000002,1511.25
R006,VEH,T1_SD_VEH,2026_06_20_merged.mat,TEST,2,30230,4232,211.55,1511.45
R006,VEH,T1_SD_VEH,2026_06_20_merged.mat,TEST,2,30231,4233,211.60000000000002,1511.5
R006,VEH,T1_SD_VEH,2026_06_20_merged.mat,TEST,2,30239,4241,212.0,1511.9
R006,VEH,T1_SD_VEH,2026_06_20_merged.mat,TEST,2,30271,4273,213.60000000000002,1513.5
R006,VEH,T1_SD_VEH,2026_06_20_merged.mat,TEST,2,30273,4275,213.70000000000002,1513.6000000000001
R006,VEH,T1_SD_VEH,2026_06_20_merged.mat,TEST,2,30282,4284,214.15,1514.0500000000002
R006,VEH,T1_SD_VEH,2026_06_20_merged.mat,TEST,2,30293,4295,214.70000000000002,1514.6000000000001
R006,VEH,T1_SD_VEH,2026_06_20_merged.mat,TEST,2,30305,4307,215.3,1515.2
R006,VEH,T1_SD_VEH,2026_06_20_merged.mat,TEST,2,30306,4308,215.35000000000002,1515.25
R006,VEH,T1_SD_VEH,2026_06_20_merged.mat,TEST,2,30335,4337,216.8,1516.7
R006,VEH,T1_SD_VEH,2026_06_20_merged.mat,TEST,2,30336,4338,216.85000000000002,1516.75
R006,VEH,T1_SD_VEH,2026_06_20_merged.mat,TEST,1,30347,4349,217.4,1517.3000000000002
R006,VEH,T1_SD_VEH,2026_06_20_merged.mat,TEST,1,30348,4350,217.45000000000002,1517.3500000000001
R006,VEH,T1_SD_VEH,2026_06_20_merged.mat,TEST,2,30366,4368,218.35000000000002,1518.25
R006,VEH,T1_SD_VEH,2026_06_20_merged.mat,TEST,2,30367,4369,218.4,1518.3000000000002
R006,VEH,T1_SD_VEH,2026_06_20_merged.mat,TEST,2,30368,4370,218.45000000000002,1518.3500000000001
R006,VEH,T1_SD_VEH,2026_06_20_merged.mat,TEST,2,30369,4371,218.5,1518.4
R006,VEH,T1_SD_VEH,2026_06_20_merged.mat,TEST,2,30370,4372,218.55,1518.45
R006,VEH,T1_SD_VEH,2026_06_20_merged.mat,TEST,2,30377,4379,218.9,1518.8000000000002
R006,VEH,T1_SD_VEH,2026_06_20_merged.mat,TEST,2,30378,4380,218.95000000000002,1518.8500000000001
R006,VEH,T1_SD_VEH,2026_06_20_merged.mat,TEST,2,30379,4381,219.0,1518.9
R006,VEH,T1_SD_VEH,2026_06_20_merged.mat,TEST,2,30380,4382,219.05,1518.95
R006,VEH,T1_SD_VEH,2026_06_20_merged.mat,TEST,2,30381,4383,219.10000000000002,1519.0
R006,VEH,T1_SD_VEH,2026_06_20_merged.mat,TEST,2,30382,4384,219.15,1519.0500000000002
R006,VEH,T1_SD_VEH,2026_06_20_merged.mat,TEST,2,30459,4461,223.0,1522.9
R006,VEH,T1_SD_VEH,2026_06_20_merged.mat,TEST,2,30460,4462,223.05,1522.95
R006,VEH,T1_SD_VEH,2026_06_20_merged.mat,TEST,2,30461,4463,223.10000000000002,1523.0
R006,VEH,T1_SD_VEH,2026_06_20_merged.mat,TEST,2,30462,4464,223.15,1523.0500000000002
R006,VEH,T1_SD_VEH,2026_06_20_merged.mat,TEST,1,30478,4480,223.95000000000002,1523.8500000000001
R006,VEH,T1_SD_VEH,2026_06_20_merged.mat,TEST,1,30479,4481,224.0,1523.9
R006,VEH,T1_SD_VEH,2026_06_20_merged.mat,TEST,1,30505,4507,225.3,1525.2
R006,VEH,T1_SD_VEH,2026_06_20_merged.mat,TEST,1,30506,4508,225.35000000000002,1525.25
R006,VEH,T1_SD_VEH,2026_06_20_merged.mat,TEST,1,30507,4509,225.4,1525.3000000000002
R006,VEH,T1_SD_VEH,2026_06_20_merged.mat,TEST,2,30514,4516,225.75,1525.65
R006,VEH,T1_SD_VEH,2026_06_20_merged.mat,TEST,1,30529,4531,226.5,1526.4
R006,VEH,T1_SD_VEH,2026_06_20_merged.mat,TEST,1,30530,4532,226.55,1526.45
R006,VEH,T1_SD_VEH,2026_06_20_merged.mat,TEST,2,30544,4546,227.25,1527.15
R006,VEH,T1_SD_VEH,2026_06_20_merged.mat,TEST,2,30545,4547,227.3,1527.2
R006,VEH,T1_SD_VEH,2026_06_20_merged.mat,TEST,2,30546,4548,227.35000000000002,1527.25
R006,VEH,T1_SD_VEH,2026_06_20_merged.mat,TEST,2,30587,4589,229.4,1529.3000000000002
R006,VEH,T1_SD_VEH,2026_06_20_merged.mat,TEST,2,30588,4590,229.45000000000002,1529.3500000000001
R006,VEH,T1_SD_VEH,2026_06_20_merged.mat,TEST,2,30589,4591,229.5,1529.4
R006,VEH,T1_SD_VEH,2026_06_20_merged.mat,TEST,1,30602,4604,230.15,1530.0500000000002
R006,VEH,T1_SD_VEH,2026_06_20_merged.mat,TEST,1,30621,4623,231.10000000000002,1531.0
R006,VEH,T1_SD_VEH,2026_06_20_merged.mat,TEST,1,30622,4624,231.15,1531.0500000000002
R006,VEH,T1_SD_VEH,2026_06_20_merged.mat,TEST,1,30623,4625,231.20000000000002,1531.1000000000001
R006,VEH,T1_SD_VEH,2026_06_20_merged.mat,TEST,1,30624,4626,231.25,1531.15
R006,VEH,T1_SD_VEH,2026_06_20_merged.mat,TEST,1,30625,4627,231.3,1531.2
R006,VEH,T1_SD_VEH,2026_06_20_merged.mat,TEST,2,30682,4684,234.15,1534.0500000000002
R006,VEH,T1_SD_VEH,2026_06_20_merged.mat,TEST,2,30683,4685,234.20000000000002,1534.1000000000001
R006,VEH,T1_SD_VEH,2026_06_20_merged.mat,TEST,2,30684,4686,234.25,1534.15
R006,VEH,T1_SD_VEH,2026_06_20_merged.mat,TEST,2,30685,4687,234.3,1534.2
R006,VEH,T1_SD_VEH,2026_06_20_merged.mat,TEST,2,30686,4688,234.35000000000002,1534.25
R006,VEH,T1_SD_VEH,2026_06_20_merged.mat,TEST,2,30687,4689,234.4,1534.3000000000002
R006,VEH,T1_SD_VEH,2026_06_20_merged.mat,TEST,2,30707,4709,235.4,1535.3000000000002
R006,VEH,T1_SD_VEH,2026_06_20_merged.mat,TEST,2,30708,4710,235.45000000000002,1535.3500000000001
R006,VEH,T1_SD_VEH,2026_06_20_merged.mat,TEST,2,30709,4711,235.5,1535.4
R006,VEH,T1_SD_VEH,2026_06_20_merged.mat,TEST,2,30727,4729,236.4,1536.3000000000002
R006,VEH,T1_SD_VEH,2026_06_20_merged.mat,TEST,2,30728,4730,236.45000000000002,1536.3500000000001
R006,VEH,T1_SD_VEH,2026_06_20_merged.mat,TEST,2,30729,4731,236.5,1536.4
R006,VEH,T1_SD_VEH,2026_06_20_merged.mat,TEST,2,30730,4732,236.55,1536.45
R006,VEH,T1_SD_VEH,2026_06_20_merged.mat,TEST,2,30731,4733,236.60000000000002,1536.5
R006,VEH,T1_SD_VEH,2026_06_20_merged.mat,TEST,2,30732,4734,236.65,1536.5500000000002
R006,VEH,T1_SD_VEH,2026_06_20_merged.mat,TEST,2,30733,4735,236.70000000000002,1536.6000000000001
R006,VEH,T1_SD_VEH,2026_06_20_merged.mat,TEST,2,30740,4742,237.05,1536.95
R006,VEH,T1_SD_VEH,2026_06_20_merged.mat,TEST,2,30741,4743,237.10000000000002,1537.0
R006,VEH,T1_SD_VEH,2026_06_20_merged.mat,TEST,2,30744,4746,237.25,1537.15
R006,VEH,T1_SD_VEH,2026_06_20_merged.mat,TEST,2,30745,4747,237.3,1537.2
R006,VEH,T1_SD_VEH,2026_06_20_merged.mat,TEST,2,30746,4748,237.35000000000002,1537.25
R006,VEH,T1_SD_VEH,2026_06_20_merged.mat,TEST,2,30747,4749,237.4,1537.3000000000002
R006,VEH,T1_SD_VEH,2026_06_20_merged.mat,TEST,2,30748,4750,237.45000000000002,1537.3500000000001
R006,VEH,T1_SD_VEH,2026_06_20_merged.mat,TEST,2,30749,4751,237.5,1537.4
R006,VEH,T1_SD_VEH,2026_06_20_merged.mat,TEST,2,30750,4752,237.55,1537.45
R006,VEH,T1_SD_VEH,2026_06_20_merged.mat,TEST,2,30751,4753,237.60000000000002,1537.5
R006,VEH,T1_SD_VEH,2026_06_20_merged.mat,TEST,2,30782,4784,239.15,1539.0500000000002
R006,VEH,T1_SD_VEH,2026_06_20_merged.mat,TEST,2,30783,4785,239.20000000000002,1539.1000000000001
R006,VEH,T1_SD_VEH,2026_06_20_merged.mat,TEST,2,30784,4786,239.25,1539.15
R006,VEH,T1_SD_VEH,2026_06_20_merged.mat,TEST,2,30785,4787,239.3,1539.2
R006,VEH,T1_SD_VEH,2026_06_20_merged.mat,TEST,2,30786,4788,239.35000000000002,1539.25
R006,VEH,T1_SD_VEH,2026_06_20_merged.mat,TEST,1,30815,4817,240.8,1540.7
R006,VEH,T1_SD_VEH,2026_06_20_merged.mat,TEST,1,30819,4821,241.0,1540.9
R006,VEH,T1_SD_VEH,2026_06_20_merged.mat,TEST,1,30820,4822,241.05,1540.95
R006,VEH,T1_SD_VEH,2026_06_20_merged.mat,TEST,1,30821,4823,241.10000000000002,1541.0
R006,VEH,T1_SD_VEH,2026_06_20_merged.mat,TEST,1,30822,4824,241.15,1541.0500000000002
R006,VEH,T1_SD_VEH,2026_06_20_merged.mat,TEST,1,30823,4825,241.20000000000002,1541.1000000000001
R006,VEH,T1_SD_VEH,2026_06_20_merged.mat,TEST,1,30824,4826,241.25,1541.15
R006,VEH,T1_SD_VEH,2026_06_20_merged.mat,TEST,2,30850,4852,242.55,1542.45
R006,VEH,T1_SD_VEH,2026_06_20_merged.mat,TEST,2,30851,4853,242.60000000000002,1542.5
R006,VEH,T1_SD_VEH,2026_06_20_merged.mat,TEST,2,30852,4854,242.65,1542.5500000000002
R006,VEH,T1_SD_VEH,2026_06_20_merged.mat,TEST,2,30853,4855,242.70000000000002,1542.6000000000001
R006,VEH,T1_SD_VEH,2026_06_20_merged.mat,TEST,2,30876,4878,243.85000000000002,1543.75
R006,VEH,T1_SD_VEH,2026_06_20_merged.mat,TEST,2,30877,4879,243.9,1543.8000000000002
R006,VEH,T1_SD_VEH,2026_06_20_merged.mat,TEST,2,30878,4880,243.95000000000002,1543.8500000000001
R006,VEH,T1_SD_VEH,2026_06_20_merged.mat,TEST,2,30879,4881,244.0,1543.9
R006,VEH,T1_SD_VEH,2026_06_20_merged.mat,TEST,2,30880,4882,244.05,1543.95
R006,VEH,T1_SD_VEH,2026_06_20_merged.mat,TEST,2,30881,4883,244.10000000000002,1544.0
R006,VEH,T1_SD_VEH,2026_06_20_merged.mat,TEST,2,30882,4884,244.15,1544.0500000000002
R006,VEH,T1_SD_VEH,2026_06_20_merged.mat,TEST,1,30920,4922,246.05,1545.95
R006,VEH,T1_SD_VEH,2026_06_20_merged.mat,TEST,1,30921,4923,246.10000000000002,1546.0
R006,VEH,T1_SD_VEH,2026_06_20_merged.mat,TEST,1,30922,4924,246.15,1546.0500000000002
R006,VEH,T1_SD_VEH,2026_06_20_merged.mat,TEST,1,30923,4925,246.20000000000002,1546.1000000000001
R006,VEH,T1_SD_VEH,2026_06_20_merged.mat,TEST,1,30933,4935,246.70000000000002,1546.6000000000001
R006,VEH,T1_SD_VEH,2026_06_20_merged.mat,TEST,1,30934,4936,246.75,1546.65
R006,VEH,T1_SD_VEH,2026_06_20_merged.mat,TEST,1,30935,4937,246.8,1546.7
R006,VEH,T1_SD_VEH,2026_06_20_merged.mat,TEST,1,30936,4938,246.85000000000002,1546.75
R006,VEH,T1_SD_VEH,2026_06_20_merged.mat,TEST,1,30956,4958,247.85000000000002,1547.75
R006,VEH,T1_SD_VEH,2026_06_20_merged.mat,TEST,1,30957,4959,247.9,1547.8000000000002
R006,VEH,T1_SD_VEH,2026_06_20_merged.mat,TEST,1,30958,4960,247.95000000000002,1547.8500000000001
R006,VEH,T1_SD_VEH,2026_06_20_merged.mat,TEST,2,30983,4985,249.20000000000002,1549.1000000000001
R006,VEH,T1_SD_VEH,2026_06_20_merged.mat,TEST,2,30984,4986,249.25,1549.15
R006,VEH,T1_SD_VEH,2026_06_20_merged.mat,TEST,2,30985,4987,249.3,1549.2
R006,VEH,T1_SD_VEH,2026_06_20_merged.mat,TEST,2,30986,4988,249.35000000000002,1549.25
R006,VEH,T1_SD_VEH,2026_06_20_merged.mat,TEST,2,30987,4989,249.4,1549.3000000000002
R006,VEH,T1_SD_VEH,2026_06_20_merged.mat,TEST,2,30988,4990,249.45000000000002,1549.3500000000001
R006,VEH,T1_SD_VEH,2026_06_20_merged.mat,TEST,2,31013,5015,250.70000000000002,1550.6000000000001
R006,VEH,T1_SD_VEH,2026_06_20_merged.mat,TEST,1,31080,5082,254.05,1553.95
R006,VEH,T1_SD_VEH,2026_06_20_merged.mat,TEST,1,31081,5083,254.10000000000002,1554.0
R006,VEH,T1_SD_VEH,2026_06_20_merged.mat,TEST,1,31082,5084,254.15,1554.0500000000002
R006,VEH,T1_SD_VEH,2026_06_20_merged.mat,TEST,1,31083,5085,254.20000000000002,1554.1000000000001
R006,VEH,T1_SD_VEH,2026_06_20_merged.mat,TEST,1,31084,5086,254.25,1554.15
R006,VEH,T1_SD_VEH,2026_06_20_merged.mat,TEST,1,31094,5096,254.75,1554.65
R006,VEH,T1_SD_VEH,2026_06_20_merged.mat,TEST,1,31095,5097,254.8,1554.7
R006,VEH,T1_SD_VEH,2026_06_20_merged.mat,TEST,1,31096,5098,254.85000000000002,1554.75
R006,VEH,T1_SD_VEH,2026_06_20_merged.mat,TEST,1,31097,5099,254.9,1554.8000000000002
R006,VEH,T1_SD_VEH,2026_06_20_merged.mat,TEST,2,31114,5116,255.75,1555.65
R006,VEH,T1_SD_VEH,2026_06_20_merged.mat,TEST,2,31138,5140,256.95,1556.8500000000001
R006,VEH,T1_SD_VEH,2026_06_20_merged.mat,TEST,2,31139,5141,257.0,1556.9
R006,VEH,T1_SD_VEH,2026_06_20_merged.mat,TEST,2,31140,5142,257.05,1556.95
R006,VEH,T1_SD_VEH,2026_06_20_merged.mat,TEST,2,31141,5143,257.1,1557.0
R006,VEH,T1_SD_VEH,2026_06_20_merged.mat,TEST,2,31161,5163,258.1,1558.0
R006,VEH,T1_SD_VEH,2026_06_20_merged.mat,TEST,1,31205,5207,260.3,1560.2
R006,VEH,T1_SD_VEH,2026_06_20_merged.mat,TEST,1,31206,5208,260.35,1560.25
R006,VEH,T1_SD_VEH,2026_06_20_merged.mat,TEST,1,31207,5209,260.40000000000003,1560.3000000000002
R006,VEH,T1_SD_VEH,2026_06_20_merged.mat,TEST,1,31208,5210,260.45,1560.3500000000001
R006,VEH,T1_SD_VEH,2026_06_20_merged.mat,TEST,1,31209,5211,260.5,1560.4
R006,VEH,T1_SD_VEH,2026_06_20_merged.mat,TEST,1,31223,5225,261.2,1561.1000000000001
R006,VEH,T1_SD_VEH,2026_06_20_merged.mat,TEST,1,31224,5226,261.25,1561.15
R006,VEH,T1_SD_VEH,2026_06_20_merged.mat,TEST,1,31232,5234,261.65000000000003,1561.5500000000002
R006,VEH,T1_SD_VEH,2026_06_20_merged.mat,TEST,1,31233,5235,261.7,1561.6000000000001
R006,VEH,T1_SD_VEH,2026_06_20_merged.mat,TEST,1,31234,5236,261.75,1561.65
R006,VEH,T1_SD_VEH,2026_06_20_merged.mat,TEST,1,31235,5237,261.8,1561.7
R006,VEH,T1_SD_VEH,2026_06_20_merged.mat,TEST,2,31249,5251,262.5,1562.4
R006,VEH,T1_SD_VEH,2026_06_20_merged.mat,TEST,2,31250,5252,262.55,1562.45
R006,VEH,T1_SD_VEH,2026_06_20_merged.mat,TEST,1,31256,5258,262.85,1562.75
R006,VEH,T1_SD_VEH,2026_06_20_merged.mat,TEST,1,31257,5259,262.90000000000003,1562.8000000000002
R006,VEH,T1_SD_VEH,2026_06_20_merged.mat,TEST,2,31265,5267,263.3,1563.2
R006,VEH,T1_SD_VEH,2026_06_20_merged.mat,TEST,2,31266,5268,263.35,1563.25
R006,VEH,T1_SD_VEH,2026_06_20_merged.mat,TEST,2,31278,5280,263.95,1563.8500000000001
R006,VEH,T1_SD_VEH,2026_06_20_merged.mat,TEST,1,31286,5288,264.35,1564.25
R006,VEH,T1_SD_VEH,2026_06_20_merged.mat,TEST,2,31293,5295,264.7,1564.6000000000001
R006,VEH,T1_SD_VEH,2026_06_20_merged.mat,TEST,2,31302,5304,265.15000000000003,1565.0500000000002
R006,VEH,T1_SD_VEH,2026_06_20_merged.mat,TEST,2,31303,5305,265.2,1565.1000000000001
R006,VEH,T1_SD_VEH,2026_06_20_merged.mat,TEST,2,31304,5306,265.25,1565.15
R006,VEH,T1_SD_VEH,2026_06_20_merged.mat,TEST,2,31305,5307,265.3,1565.2
R006,VEH,T1_SD_VEH,2026_06_20_merged.mat,TEST,2,31320,5322,266.05,1565.95
R006,VEH,T1_SD_VEH,2026_06_20_merged.mat,TEST,2,31321,5323,266.1,1566.0
R006,VEH,T1_SD_VEH,2026_06_20_merged.mat,TEST,1,31339,5341,267.0,1566.9
R006,VEH,T1_SD_VEH,2026_06_20_merged.mat,TEST,1,31347,5349,267.40000000000003,1567.3000000000002
R006,VEH,T1_SD_VEH,2026_06_20_merged.mat,TEST,1,31348,5350,267.45,1567.3500000000001
R006,VEH,T1_SD_VEH,2026_06_20_merged.mat,TEST,1,31349,5351,267.5,1567.4
R006,VEH,T1_SD_VEH,2026_06_20_merged.mat,TEST,1,31350,5352,267.55,1567.45
R006,VEH,T1_SD_VEH,2026_06_20_merged.mat,TEST,1,31351,5353,267.6,1567.5
R006,VEH,T1_SD_VEH,2026_06_20_merged.mat,TEST,2,31363,5365,268.2,1568.1000000000001
R006,VEH,T1_SD_VEH,2026_06_20_merged.mat,TEST,2,31364,5366,268.25,1568.15
R006,VEH,T1_SD_VEH,2026_06_20_merged.mat,TEST,1,31371,5373,268.6,1568.5
R006,VEH,T1_SD_VEH,2026_06_20_merged.mat,TEST,1,31372,5374,268.65000000000003,1568.5500000000002
R006,VEH,T1_SD_VEH,2026_06_20_merged.mat,TEST,1,31373,5375,268.7,1568.6000000000001
R006,VEH,T1_SD_VEH,2026_06_20_merged.mat,TEST,1,31395,5397,269.8,1569.7
R006,VEH,T1_SD_VEH,2026_06_20_merged.mat,TEST,1,31396,5398,269.85,1569.75
R006,VEH,T1_SD_VEH,2026_06_20_merged.mat,TEST,1,31397,5399,269.90000000000003,1569.8000000000002
R006,VEH,T1_SD_VEH,2026_06_20_merged.mat,TEST,1,31463,5465,273.2,1573.1000000000001
R006,VEH,T1_SD_VEH,2026_06_20_merged.mat,TEST,1,31464,5466,273.25,1573.15
R006,VEH,T1_SD_VEH,2026_06_20_merged.mat,TEST,1,31465,5467,273.3,1573.2
R006,VEH,T1_SD_VEH,2026_06_20_merged.mat,TEST,1,31466,5468,273.35,1573.25
R006,VEH,T1_SD_VEH,2026_06_20_merged.mat,TEST,1,31487,5489,274.40000000000003,1574.3000000000002
R006,VEH,T1_SD_VEH,2026_06_20_merged.mat,TEST,1,31488,5490,274.45,1574.3500000000001
R006,VEH,T1_SD_VEH,2026_06_20_merged.mat,TEST,1,31489,5491,274.5,1574.4
R006,VEH,T1_SD_VEH,2026_06_20_merged.mat,TEST,1,31490,5492,274.55,1574.45
R006,VEH,T1_SD_VEH,2026_06_20_merged.mat,TEST,1,31491,5493,274.6,1574.5
R006,VEH,T1_SD_VEH,2026_06_20_merged.mat,TEST,1,31492,5494,274.65000000000003,1574.5500000000002
R006,VEH,T1_SD_VEH,2026_06_20_merged.mat,TEST,1,31520,5522,276.05,1575.95
R006,VEH,T1_SD_VEH,2026_06_20_merged.mat,TEST,1,31521,5523,276.1,1576.0
R006,VEH,T1_SD_VEH,2026_06_20_merged.mat,TEST,1,31522,5524,276.15000000000003,1576.0500000000002
R006,VEH,T1_SD_VEH,2026_06_20_merged.mat,TEST,1,31523,5525,276.2,1576.1000000000001
R006,VEH,T1_SD_VEH,2026_06_20_merged.mat,TEST,1,31524,5526,276.25,1576.15
R006,VEH,T1_SD_VEH,2026_06_20_merged.mat,TEST,1,31544,5546,277.25,1577.15
R006,VEH,T1_SD_VEH,2026_06_20_merged.mat,TEST,1,31545,5547,277.3,1577.2
R006,VEH,T1_SD_VEH,2026_06_20_merged.mat,TEST,1,31546,5548,277.35,1577.25
R006,VEH,T1_SD_VEH,2026_06_20_merged.mat,TEST,1,31547,5549,277.40000000000003,1577.3000000000002
R006,VEH,T1_SD_VEH,2026_06_20_merged.mat,TEST,1,31548,5550,277.45,1577.3500000000001
R006,VEH,T1_SD_VEH,2026_06_20_merged.mat,TEST,1,31558,5560,277.95,1577.8500000000001
R006,VEH,T1_SD_VEH,2026_06_20_merged.mat,TEST,1,31559,5561,278.0,1577.9
R006,VEH,T1_SD_VEH,2026_06_20_merged.mat,TEST,1,31560,5562,278.05,1577.95
R006,VEH,T1_SD_VEH,2026_06_20_merged.mat,TEST,1,31572,5574,278.65000000000003,1578.5500000000002
R006,VEH,T1_SD_VEH,2026_06_20_merged.mat,TEST,1,31573,5575,278.7,1578.6000000000001
R006,VEH,T1_SD_VEH,2026_06_20_merged.mat,TEST,2,31581,5583,279.1,1579.0
R006,VEH,T1_SD_VEH,2026_06_20_merged.mat,TEST,2,31582,5584,279.15000000000003,1579.0500000000002
R006,VEH,T1_SD_VEH,2026_06_20_merged.mat,TEST,1,31598,5600,279.95,1579.8500000000001
R006,VEH,T1_SD_VEH,2026_06_20_merged.mat,TEST,1,31599,5601,280.0,1579.9
R006,VEH,T1_SD_VEH,2026_06_20_merged.mat,TEST,1,31600,5602,280.05,1579.95
R006,VEH,T1_SD_VEH,2026_06_20_merged.mat,TEST,1,31601,5603,280.1,1580.0
R006,VEH,T1_SD_VEH,2026_06_20_merged.mat,TEST,1,31602,5604,280.15000000000003,1580.0500000000002
R006,VEH,T1_SD_VEH,2026_06_20_merged.mat,TEST,1,31603,5605,280.2,1580.1000000000001
R006,VEH,T1_SD_VEH,2026_06_20_merged.mat,TEST,1,31639,5641,282.0,1581.9
R006,VEH,T1_SD_VEH,2026_06_20_merged.mat,TEST,1,31640,5642,282.05,1581.95
R006,VEH,T1_SD_VEH,2026_06_20_merged.mat,TEST,1,31641,5643,282.1,1582.0
R006,VEH,T1_SD_VEH,2026_06_20_merged.mat,TEST,1,31642,5644,282.15000000000003,1582.0500000000002
R006,VEH,T1_SD_VEH,2026_06_20_merged.mat,TEST,1,31643,5645,282.2,1582.1000000000001
R006,VEH,T1_SD_VEH,2026_06_20_merged.mat,TEST,1,31668,5670,283.45,1583.3500000000001
R006,VEH,T1_SD_VEH,2026_06_20_merged.mat,TEST,1,31669,5671,283.5,1583.4
R006,VEH,T1_SD_VEH,2026_06_20_merged.mat,TEST,1,31670,5672,283.55,1583.45
R006,VEH,T1_SD_VEH,2026_06_20_merged.mat,TEST,1,31671,5673,283.6,1583.5
R006,VEH,T1_SD_VEH,2026_06_20_merged.mat,TEST,1,31693,5695,284.7,1584.6000000000001
R006,VEH,T1_SD_VEH,2026_06_20_merged.mat,TEST,2,31700,5702,285.05,1584.95
R006,VEH,T1_SD_VEH,2026_06_20_merged.mat,TEST,2,31701,5703,285.1,1585.0
R006,VEH,T1_SD_VEH,2026_06_20_merged.mat,TEST,2,31723,5725,286.2,1586.1000000000001
R006,VEH,T1_SD_VEH,2026_06_20_merged.mat,TEST,2,31724,5726,286.25,1586.15
R006,VEH,T1_SD_VEH,2026_06_20_merged.mat,TEST,2,31725,5727,286.3,1586.2
R006,VEH,T1_SD_VEH,2026_06_20_merged.mat,TEST,2,31736,5738,286.85,1586.75
R006,VEH,T1_SD_VEH,2026_06_20_merged.mat,TEST,1,31762,5764,288.15000000000003,1588.0500000000002
R006,VEH,T1_SD_VEH,2026_06_20_merged.mat,TEST,1,31763,5765,288.2,1588.1000000000001
R006,VEH,T1_SD_VEH,2026_06_20_merged.mat,TEST,1,31764,5766,288.25,1588.15
R006,VEH,T1_SD_VEH,2026_06_20_merged.mat,TEST,1,31765,5767,288.3,1588.2
R006,VEH,T1_SD_VEH,2026_06_20_merged.mat,TEST,1,31766,5768,288.35,1588.25
R006,VEH,T1_SD_VEH,2026_06_20_merged.mat,TEST,1,31767,5769,288.40000000000003,1588.3000000000002
R006,VEH,T1_SD_VEH,2026_06_20_merged.mat,TEST,2,31780,5782,289.05,1588.95
R006,VEH,T1_SD_VEH,2026_06_20_merged.mat,TEST,2,31781,5783,289.1,1589.0
R006,VEH,T1_SD_VEH,2026_06_20_merged.mat,TEST,1,31801,5803,290.1,1590.0
R006,VEH,T1_SD_VEH,2026_06_20_merged.mat,TEST,1,31802,5804,290.15000000000003,1590.0500000000002
R006,VEH,T1_SD_VEH,2026_06_20_merged.mat,TEST,1,31803,5805,290.2,1590.1000000000001
R006,VEH,T1_SD_VEH,2026_06_20_merged.mat,TEST,1,31804,5806,290.25,1590.15
R006,VEH,T1_SD_VEH,2026_06_20_merged.mat,TEST,1,31805,5807,290.3,1590.2
R006,VEH,T1_SD_VEH,2026_06_20_merged.mat,TEST,1,31806,5808,290.35,1590.25
R006,VEH,T1_SD_VEH,2026_06_20_merged.mat,TEST,1,31807,5809,290.40000000000003,1590.3000000000002
R006,VEH,T1_SD_VEH,2026_06_20_merged.mat,TEST,1,31815,5817,290.8,1590.7
R006,VEH,T1_SD_VEH,2026_06_20_merged.mat,TEST,1,31816,5818,290.85,1590.75
R006,VEH,T1_SD_VEH,2026_06_20_merged.mat,TEST,1,31817,5819,290.90000000000003,1590.8000000000002
R006,VEH,T1_SD_VEH,2026_06_20_merged.mat,TEST,1,31818,5820,290.95,1590.8500000000001
R006,VEH,T1_SD_VEH,2026_06_20_merged.mat,TEST,2,31844,5846,292.25,1592.15
R006,VEH,T1_SD_VEH,2026_06_20_merged.mat,TEST,2,31845,5847,292.3,1592.2
R006,VEH,T1_SD_VEH,2026_06_20_merged.mat,TEST,2,31846,5848,292.35,1592.25
R006,VEH,T1_SD_VEH,2026_06_20_merged.mat,TEST,1,31879,5881,294.0,1593.9
R006,VEH,T1_SD_VEH,2026_06_20_merged.mat,TEST,1,31880,5882,294.05,1593.95
R006,VEH,T1_SD_VEH,2026_06_20_merged.mat,TEST,1,31881,5883,294.1,1594.0
R006,VEH,T1_SD_VEH,2026_06_20_merged.mat,TEST,1,31894,5896,294.75,1594.65
R006,VEH,T1_SD_VEH,2026_06_20_merged.mat,TEST,1,31895,5897,294.8,1594.7
R006,VEH,T1_SD_VEH,2026_06_20_merged.mat,TEST,1,31896,5898,294.85,1594.75
R006,VEH,T1_SD_VEH,2026_06_20_merged.mat,TEST,1,31897,5899,294.90000000000003,1594.8000000000002
R006,VEH,T1_SD_VEH,2026_06_20_merged.mat,TEST,1,31918,5920,295.95,1595.8500000000001
R006,VEH,T1_SD_VEH,2026_06_20_merged.mat,TEST,1,31929,5931,296.5,1596.4
R006,VEH,T1_SD_VEH,2026_06_20_merged.mat,TEST,1,31930,5932,296.55,1596.45
R006,VEH,T1_SD_VEH,2026_06_20_merged.mat,TEST,1,31931,5933,296.6,1596.5
R006,VEH,T1_SD_VEH,2026_06_20_merged.mat,TEST,1,31932,5934,296.65000000000003,1596.5500000000002
R006,VEH,T1_SD_VEH,2026_06_20_merged.mat,TEST,1,31955,5957,297.8,1597.7
R006,VEH,T1_SD_VEH,2026_06_20_merged.mat,TEST,1,31956,5958,297.85,1597.75
R006,VEH,T1_SD_VEH,2026_06_20_merged.mat,TEST,1,31957,5959,297.90000000000003,1597.8000000000002
R006,VEH,T1_SD_VEH,2026_06_20_merged.mat,TEST,1,31958,5960,297.95,1597.8500000000001
R006,VEH,T1_SD_VEH,2026_06_20_merged.mat,TEST,1,31959,5961,298.0,1597.9
R006,VEH,T1_SD_VEH,2026_06_20_merged.mat,TEST,1,31960,5962,298.05,1597.95
R006,VEH,T1_SD_VEH,2026_06_20_merged.mat,TEST,2,31974,5976,298.75,1598.65
R006,VEH,T1_SD_VEH,2026_06_20_merged.mat,TEST,2,31975,5977,298.8,1598.7
R006,VEH,T1_SD_VEH,2026_06_20_merged.mat,TEST,2,31976,5978,298.85,1598.75
R006,VEH,T1_SD_VEH,2026_06_20_merged.mat,TEST,1,31984,5986,299.25,1599.15
R006,VEH,T1_SD_VEH,2026_06_20_merged.mat,TEST,2,32008,6010,300.45,1600.3500000000001
R006,VEH,T1_SD_VEH,2026_06_20_merged.mat,TEST,2,32009,6011,300.5,1600.4
R006,VEH,T1_SD_VEH,2026_06_20_merged.mat,TEST,1,32027,6029,301.40000000000003,1601.3000000000002
R006,VEH,T1_SD_VEH,2026_06_20_merged.mat,TEST,2,32032,6034,301.65000000000003,1601.5500000000002
R006,VEH,T1_SD_VEH,2026_06_20_merged.mat,TEST,2,32033,6035,301.7,1601.6000000000001
R006,VEH,T1_SD_VEH,2026_06_20_merged.mat,TEST,1,32048,6050,302.45,1602.3500000000001
R006,VEH,T1_SD_VEH,2026_06_20_merged.mat,TEST,1,32049,6051,302.5,1602.4
R006,VEH,T1_SD_VEH,2026_06_20_merged.mat,TEST,1,32061,6063,303.1,1603.0
R006,VEH,T1_SD_VEH,2026_06_20_merged.mat,TEST,1,32084,6086,304.25,1604.15
R006,VEH,T1_SD_VEH,2026_06_20_merged.mat,TEST,1,32085,6087,304.3,1604.2
R006,VEH,T1_SD_VEH,2026_06_20_merged.mat,TEST,2,32099,6101,305.0,1604.9
R006,VEH,T1_SD_VEH,2026_06_20_merged.mat,TEST,2,32100,6102,305.05,1604.95
R006,VEH,T1_SD_VEH,2026_06_20_merged.mat,TEST,2,32101,6103,305.1,1605.0
R006,VEH,T1_SD_VEH,2026_06_20_merged.mat,TEST,2,32102,6104,305.15000000000003,1605.0500000000002
R006,VEH,T1_SD_VEH,2026_06_20_merged.mat,TEST,2,32111,6113,305.6,1605.5
R006,VEH,T1_SD_VEH,2026_06_20_merged.mat,TEST,2,32112,6114,305.65000000000003,1605.5500000000002
R006,VEH,T1_SD_VEH,2026_06_20_merged.mat,TEST,2,32113,6115,305.7,1605.6000000000001
R006,VEH,T1_SD_VEH,2026_06_20_merged.mat,TEST,2,32114,6116,305.75,1605.65
R006,VEH,T1_SD_VEH,2026_06_20_merged.mat,TEST,2,32115,6117,305.8,1605.7
R006,VEH,T1_SD_VEH,2026_06_20_merged.mat,TEST,2,32124,6126,306.25,1606.15
R006,VEH,T1_SD_VEH,2026_06_20_merged.mat,TEST,2,32125,6127,306.3,1606.2
R006,VEH,T1_SD_VEH,2026_06_20_merged.mat,TEST,2,32126,6128,306.35,1606.25
R006,VEH,T1_SD_VEH,2026_06_20_merged.mat,TEST,2,32136,6138,306.85,1606.75
R006,VEH,T1_SD_VEH,2026_06_20_merged.mat,TEST,2,32147,6149,307.40000000000003,1607.3000000000002
R006,VEH,T1_SD_VEH,2026_06_20_merged.mat,TEST,2,32148,6150,307.45000000000005,1607.3500000000001
R006,VEH,T1_SD_VEH,2026_06_20_merged.mat,TEST,2,32149,6151,307.5,1607.4
R006,VEH,T1_SD_VEH,2026_06_20_merged.mat,TEST,2,32150,6152,307.55,1607.45
R006,VEH,T1_SD_VEH,2026_06_20_merged.mat,TEST,2,32151,6153,307.6,1607.5
R006,VEH,T1_SD_VEH,2026_06_20_merged.mat,TEST,2,32152,6154,307.65000000000003,1607.5500000000002
R006,VEH,T1_SD_VEH,2026_06_20_merged.mat,TEST,2,32204,6206,310.25,1610.15
R006,VEH,T1_SD_VEH,2026_06_20_merged.mat,TEST,2,32205,6207,310.3,1610.2
R006,VEH,T1_SD_VEH,2026_06_20_merged.mat,TEST,2,32208,6210,310.45000000000005,1610.3500000000001
R006,VEH,T1_SD_VEH,2026_06_20_merged.mat,TEST,2,32216,6218,310.85,1610.75
R006,VEH,T1_SD_VEH,2026_06_20_merged.mat,TEST,2,32217,6219,310.90000000000003,1610.8000000000002
R006,VEH,T1_SD_VEH,2026_06_20_merged.mat,TEST,2,32218,6220,310.95000000000005,1610.8500000000001
R006,VEH,T1_SD_VEH,2026_06_20_merged.mat,TEST,2,32219,6221,311.0,1610.9
R006,VEH,T1_SD_VEH,2026_06_20_merged.mat,TEST,2,32220,6222,311.05,1610.95
R006,VEH,T1_SD_VEH,2026_06_20_merged.mat,TEST,2,32221,6223,311.1,1611.0
R006,VEH,T1_SD_VEH,2026_06_20_merged.mat,TEST,1,32241,6243,312.1,1612.0
R006,VEH,T1_SD_VEH,2026_06_20_merged.mat,TEST,1,32242,6244,312.15000000000003,1612.0500000000002
R006,VEH,T1_SD_VEH,2026_06_20_merged.mat,TEST,1,32262,6264,313.15000000000003,1613.0500000000002
R006,VEH,T1_SD_VEH,2026_06_20_merged.mat,TEST,1,32263,6265,313.20000000000005,1613.1000000000001
R006,VEH,T1_SD_VEH,2026_06_20_merged.mat,TEST,1,32264,6266,313.25,1613.15
R006,VEH,T1_SD_VEH,2026_06_20_merged.mat,TEST,1,32265,6267,313.3,1613.2
R006,VEH,T1_SD_VEH,2026_06_20_merged.mat,TEST,1,32266,6268,313.35,1613.25
R006,VEH,T1_SD_VEH,2026_06_20_merged.mat,TEST,1,32267,6269,313.40000000000003,1613.3000000000002
R006,VEH,T1_SD_VEH,2026_06_20_merged.mat,TEST,1,32286,6288,314.35,1614.25
R006,VEH,T1_SD_VEH,2026_06_20_merged.mat,TEST,1,32287,6289,314.40000000000003,1614.3000000000002
R006,VEH,T1_SD_VEH,2026_06_20_merged.mat,TEST,2,32292,6294,314.65000000000003,1614.5500000000002
R006,VEH,T1_SD_VEH,2026_06_20_merged.mat,TEST,2,32293,6295,314.70000000000005,1614.6000000000001
R006,VEH,T1_SD_VEH,2026_06_20_merged.mat,TEST,2,32335,6337,316.8,1616.7
R006,VEH,T1_SD_VEH,2026_06_20_merged.mat,TEST,2,32336,6338,316.85,1616.75
R006,VEH,T1_SD_VEH,2026_06_20_merged.mat,TEST,2,32345,6347,317.3,1617.2
R006,VEH,T1_SD_VEH,2026_06_20_merged.mat,TEST,2,32346,6348,317.35,1617.25
R006,VEH,T1_SD_VEH,2026_06_20_merged.mat,TEST,2,32347,6349,317.40000000000003,1617.3000000000002
R006,VEH,T1_SD_VEH,2026_06_20_merged.mat,TEST,2,32348,6350,317.45000000000005,1617.3500000000001
R006,VEH,T1_SD_VEH,2026_06_20_merged.mat,TEST,2,32377,6379,318.90000000000003,1618.8000000000002
R006,VEH,T1_SD_VEH,2026_06_20_merged.mat,TEST,2,32378,6380,318.95000000000005,1618.8500000000001
R006,VEH,T1_SD_VEH,2026_06_20_merged.mat,TEST,1,32400,6402,320.05,1619.95
R006,VEH,T1_SD_VEH,2026_06_20_merged.mat,TEST,1,32401,6403,320.1,1620.0
R006,VEH,T1_SD_VEH,2026_06_20_merged.mat,TEST,1,32429,6431,321.5,1621.4
R006,VEH,T1_SD_VEH,2026_06_20_merged.mat,TEST,1,32430,6432,321.55,1621.45
R006,VEH,T1_SD_VEH,2026_06_20_merged.mat,TEST,1,32431,6433,321.6,1621.5
R006,VEH,T1_SD_VEH,2026_06_20_merged.mat,TEST,2,32441,6443,322.1,1622.0
R006,VEH,T1_SD_VEH,2026_06_20_merged.mat,TEST,2,32442,6444,322.15000000000003,1622.0500000000002
R006,VEH,T1_SD_VEH,2026_06_20_merged.mat,TEST,2,32443,6445,322.20000000000005,1622.1000000000001
R006,VEH,T1_SD_VEH,2026_06_20_merged.mat,TEST,2,32444,6446,322.25,1622.15
R006,VEH,T1_SD_VEH,2026_06_20_merged.mat,TEST,1,32451,6453,322.6,1622.5
R006,VEH,T1_SD_VEH,2026_06_20_merged.mat,TEST,1,32452,6454,322.65000000000003,1622.5500000000002
R006,VEH,T1_SD_VEH,2026_06_20_merged.mat,TEST,1,32453,6455,322.70000000000005,1622.6000000000001
R006,VEH,T1_SD_VEH,2026_06_20_merged.mat,TEST,1,32454,6456,322.75,1622.65
R006,VEH,T1_SD_VEH,2026_06_20_merged.mat,TEST,1,32463,6465,323.20000000000005,1623.1000000000001
R006,VEH,T1_SD_VEH,2026_06_20_merged.mat,TEST,1,32491,6493,324.6,1624.5
R006,VEH,T1_SD_VEH,2026_06_20_merged.mat,TEST,1,32492,6494,324.65000000000003,1624.5500000000002
R006,VEH,T1_SD_VEH,2026_06_20_merged.mat,TEST,1,32493,6495,324.70000000000005,1624.6000000000001
R006,VEH,T1_SD_VEH,2026_06_20_merged.mat,TEST,1,32494,6496,324.75,1624.65
R006,VEH,T1_SD_VEH,2026_06_20_merged.mat,TEST,1,32522,6524,326.1500000000001,1626.0500000000002
R006,VEH,T1_SD_VEH,2026_06_20_merged.mat,TEST,1,32523,6525,326.20000000000005,1626.1000000000001
R006,VEH,T1_SD_VEH,2026_06_20_merged.mat,TEST,1,32524,6526,326.25000000000006,1626.15
R006,VEH,T1_SD_VEH,2026_06_20_merged.mat,TEST,2,32540,6542,327.05000000000007,1626.9500000000003
R006,VEH,T1_SD_VEH,2026_06_20_merged.mat,TEST,2,32541,6543,327.1000000000001,1627.0000000000002
R006,VEH,T1_SD_VEH,2026_06_20_merged.mat,TEST,2,32542,6544,327.1500000000001,1627.0500000000002
R006,VEH,T1_SD_VEH,2026_06_20_merged.mat,TEST,2,32543,6545,327.20000000000005,1627.1000000000001
R006,VEH,T1_SD_VEH,2026_06_20_merged.mat,TEST,1,32560,6562,328.05000000000007,1627.9500000000003
R006,VEH,T1_SD_VEH,2026_06_20_merged.mat,TEST,1,32561,6563,328.1000000000001,1628.0000000000002
R006,VEH,T1_SD_VEH,2026_06_20_merged.mat,TEST,1,32562,6564,328.1500000000001,1628.0500000000002
R006,VEH,T1_SD_VEH,2026_06_20_merged.mat,TEST,1,32563,6565,328.20000000000005,1628.1000000000001
R006,VEH,T1_SD_VEH,2026_06_20_merged.mat,TEST,2,32588,6590,329.45000000000005,1629.3500000000001
R006,VEH,T1_SD_VEH,2026_06_20_merged.mat,TEST,2,32589,6591,329.50000000000006,1629.4
R006,VEH,T1_SD_VEH,2026_06_20_merged.mat,TEST,2,32590,6592,329.55000000000007,1629.4500000000003
R006,VEH,T1_SD_VEH,2026_06_20_merged.mat,TEST,2,32591,6593,329.6000000000001,1629.5000000000002
R006,VEH,T1_SD_VEH,2026_06_20_merged.mat,TEST,2,32592,6594,329.6500000000001,1629.5500000000002
R006,VEH,T1_SD_VEH,2026_06_20_merged.mat,TEST,2,32593,6595,329.70000000000005,1629.6000000000001
R006,VEH,T1_SD_VEH,2026_06_20_merged.mat,TEST,2,32601,6603,330.1000000000001,1630.0000000000002
R006,VEH,T1_SD_VEH,2026_06_20_merged.mat,TEST,2,32602,6604,330.1500000000001,1630.0500000000002
R006,VEH,T1_SD_VEH,2026_06_20_merged.mat,TEST,2,32603,6605,330.20000000000005,1630.1000000000001
R006,VEH,T1_SD_VEH,2026_06_20_merged.mat,TEST,2,32604,6606,330.25000000000006,1630.15
R006,VEH,T1_SD_VEH,2026_06_20_merged.mat,TEST,1,32613,6615,330.70000000000005,1630.6000000000001
R006,VEH,T1_SD_VEH,2026_06_20_merged.mat,TEST,1,32614,6616,330.75000000000006,1630.65
R006,VEH,T1_SD_VEH,2026_06_20_merged.mat,TEST,1,32615,6617,330.80000000000007,1630.7000000000003
R006,VEH,T1_SD_VEH,2026_06_20_merged.mat,TEST,1,32616,6618,330.8500000000001,1630.7500000000002
R006,VEH,T1_SD_VEH,2026_06_20_merged.mat,TEST,1,32617,6619,330.9000000000001,1630.8000000000002
R006,VEH,T1_SD_VEH,2026_06_20_merged.mat,TEST,1,32626,6628,331.3500000000001,1631.2500000000002
R006,VEH,T1_SD_VEH,2026_06_20_merged.mat,TEST,1,32627,6629,331.4000000000001,1631.3000000000002
R006,VEH,T1_SD_VEH,2026_06_20_merged.mat,TEST,1,32628,6630,331.45000000000005,1631.3500000000001
R006,VEH,T1_SD_VEH,2026_06_20_merged.mat,TEST,2,32641,6643,332.1000000000001,1632.0000000000002
R006,VEH,T1_SD_VEH,2026_06_20_merged.mat,TEST,2,32642,6644,332.1500000000001,1632.0500000000002
R006,VEH,T1_SD_VEH,2026_06_20_merged.mat,TEST,2,32643,6645,332.20000000000005,1632.1000000000001
R006,VEH,T1_SD_VEH,2026_06_20_merged.mat,TEST,2,32644,6646,332.25000000000006,1632.15
R006,VEH,T1_SD_VEH,2026_06_20_merged.mat,TEST,1,32667,6669,333.4000000000001,1633.3000000000002
R006,VEH,T1_SD_VEH,2026_06_20_merged.mat,TEST,1,32668,6670,333.45000000000005,1633.3500000000001
R006,VEH,T1_SD_VEH,2026_06_20_merged.mat,TEST,1,32669,6671,333.50000000000006,1633.4
R006,VEH,T1_SD_VEH,2026_06_20_merged.mat,TEST,1,32670,6672,333.55000000000007,1633.4500000000003
R006,VEH,T1_SD_VEH,2026_06_20_merged.mat,TEST,1,32671,6673,333.6000000000001,1633.5000000000002
R006,VEH,T1_SD_VEH,2026_06_20_merged.mat,TEST,1,32672,6674,333.6500000000001,1633.5500000000002
R006,VEH,T1_SD_VEH,2026_06_20_merged.mat,TEST,2,32691,6693,334.6000000000001,1634.5000000000002
R006,VEH,T1_SD_VEH,2026_06_20_merged.mat,TEST,2,32692,6694,334.6500000000001,1634.5500000000002
R006,VEH,T1_SD_VEH,2026_06_20_merged.mat,TEST,2,32693,6695,334.70000000000005,1634.6000000000001
R006,VEH,T1_SD_VEH,2026_06_20_merged.mat,TEST,2,32694,6696,334.75000000000006,1634.65
R006,VEH,T1_SD_VEH,2026_06_20_merged.mat,TEST,2,32695,6697,334.80000000000007,1634.7000000000003
R006,VEH,T1_SD_VEH,2026_06_20_merged.mat,TEST,2,32734,6736,336.75000000000006,1636.65
R006,VEH,T1_SD_VEH,2026_06_20_merged.mat,TEST,2,32735,6737,336.80000000000007,1636.7000000000003
R006,VEH,T1_SD_VEH,2026_06_20_merged.mat,TEST,2,32736,6738,336.8500000000001,1636.7500000000002
R006,VEH,T1_SD_VEH,2026_06_20_merged.mat,TEST,2,32737,6739,336.9000000000001,1636.8000000000002
R006,VEH,T1_SD_VEH,2026_06_20_merged.mat,TEST,2,32738,6740,336.95000000000005,1636.8500000000001
R006,VEH,T1_SD_VEH,2026_06_20_merged.mat,TEST,2,32739,6741,337.00000000000006,1636.9
R006,VEH,T1_SD_VEH,2026_06_20_merged.mat,TEST,2,32768,6770,338.45000000000005,1638.3500000000001
R006,VEH,T1_SD_VEH,2026_06_20_merged.mat,TEST,2,32787,6789,339.4000000000001,1639.3000000000002
R006,VEH,T1_SD_VEH,2026_06_20_merged.mat,TEST,2,32788,6790,339.45000000000005,1639.3500000000001
R006,VEH,T1_SD_VEH,2026_06_20_merged.mat,TEST,2,32789,6791,339.50000000000006,1639.4
R006,VEH,T1_SD_VEH,2026_06_20_merged.mat,TEST,2,32790,6792,339.55000000000007,1639.4500000000003
R006,VEH,T1_SD_VEH,2026_06_20_merged.mat,TEST,1,32795,6797,339.80000000000007,1639.7000000000003
R006,VEH,T1_SD_VEH,2026_06_20_merged.mat,TEST,2,32801,6803,340.1000000000001,1640.0000000000002
R006,VEH,T1_SD_VEH,2026_06_20_merged.mat,TEST,2,32802,6804,340.1500000000001,1640.0500000000002
R006,VEH,T1_SD_VEH,2026_06_20_merged.mat,TEST,2,32803,6805,340.20000000000005,1640.1000000000001
R006,VEH,T1_SD_VEH,2026_06_20_merged.mat,TEST,2,32804,6806,340.25000000000006,1640.15
R006,VEH,T1_SD_VEH,2026_06_20_merged.mat,TEST,2,32812,6814,340.6500000000001,1640.5500000000002
R006,VEH,T1_SD_VEH,2026_06_20_merged.mat,TEST,2,32813,6815,340.70000000000005,1640.6000000000001
R006,VEH,T1_SD_VEH,2026_06_20_merged.mat,TEST,1,32829,6831,341.50000000000006,1641.4
R006,VEH,T1_SD_VEH,2026_06_20_merged.mat,TEST,1,32830,6832,341.55000000000007,1641.4500000000003
R006,VEH,T1_SD_VEH,2026_06_20_merged.mat,TEST,1,32831,6833,341.6000000000001,1641.5000000000002
R006,VEH,T1_SD_VEH,2026_06_20_merged.mat,TEST,1,32832,6834,341.6500000000001,1641.5500000000002
R006,VEH,T1_SD_VEH,2026_06_20_merged.mat,TEST,1,32833,6835,341.70000000000005,1641.6000000000001
R006,VEH,T1_SD_VEH,2026_06_20_merged.mat,TEST,1,32848,6850,342.45000000000005,1642.3500000000001
R006,VEH,T1_SD_VEH,2026_06_20_merged.mat,TEST,1,32849,6851,342.50000000000006,1642.4
R006,VEH,T1_SD_VEH,2026_06_20_merged.mat,TEST,1,32850,6852,342.55000000000007,1642.4500000000003
R006,VEH,T1_SD_VEH,2026_06_20_merged.mat,TEST,1,32851,6853,342.6000000000001,1642.5000000000002
R006,VEH,T1_SD_VEH,2026_06_20_merged.mat,TEST,1,32879,6881,344.00000000000006,1643.9
R006,VEH,T1_SD_VEH,2026_06_20_merged.mat,TEST,1,32880,6882,344.05000000000007,1643.9500000000003
R006,VEH,T1_SD_VEH,2026_06_20_merged.mat,TEST,1,32881,6883,344.1000000000001,1644.0000000000002
R006,VEH,T1_SD_VEH,2026_06_20_merged.mat,TEST,1,32882,6884,344.1500000000001,1644.0500000000002
R006,VEH,T1_SD_VEH,2026_06_20_merged.mat,TEST,1,32883,6885,344.2000000000001,1644.1000000000001
R006,VEH,T1_SD_VEH,2026_06_20_merged.mat,TEST,1,32891,6893,344.6000000000001,1644.5000000000002
R006,VEH,T1_SD_VEH,2026_06_20_merged.mat,TEST,1,32892,6894,344.6500000000001,1644.5500000000002
R006,VEH,T1_SD_VEH,2026_06_20_merged.mat,TEST,1,32893,6895,344.7000000000001,1644.6000000000001
R006,VEH,T1_SD_VEH,2026_06_20_merged.mat,TEST,1,32894,6896,344.75000000000006,1644.65
R006,VEH,T1_SD_VEH,2026_06_20_merged.mat,TEST,1,32895,6897,344.80000000000007,1644.7000000000003
R006,VEH,T1_SD_VEH,2026_06_20_merged.mat,TEST,1,32902,6904,345.1500000000001,1645.0500000000002
R006,VEH,T1_SD_VEH,2026_06_20_merged.mat,TEST,1,32903,6905,345.2000000000001,1645.1000000000001
R006,VEH,T1_SD_VEH,2026_06_20_merged.mat,TEST,1,32904,6906,345.25000000000006,1645.15
R006,VEH,T1_SD_VEH,2026_06_20_merged.mat,TEST,1,32905,6907,345.30000000000007,1645.2000000000003
R006,VEH,T1_SD_VEH,2026_06_20_merged.mat,TEST,1,32906,6908,345.3500000000001,1645.2500000000002
R006,VEH,T1_SD_VEH,2026_06_20_merged.mat,TEST,1,32914,6916,345.75000000000006,1645.65
R006,VEH,T1_SD_VEH,2026_06_20_merged.mat,TEST,1,32915,6917,345.80000000000007,1645.7000000000003
R006,VEH,T1_SD_VEH,2026_06_20_merged.mat,TEST,1,32916,6918,345.8500000000001,1645.7500000000002
R006,VEH,T1_SD_VEH,2026_06_20_merged.mat,TEST,1,32917,6919,345.9000000000001,1645.8000000000002
R006,VEH,T1_SD_VEH,2026_06_20_merged.mat,TEST,1,32930,6932,346.55000000000007,1646.4500000000003
R006,VEH,T1_SD_VEH,2026_06_20_merged.mat,TEST,1,32931,6933,346.6000000000001,1646.5000000000002
R006,VEH,T1_SD_VEH,2026_06_20_merged.mat,TEST,1,32932,6934,346.6500000000001,1646.5500000000002
R006,VEH,T1_SD_VEH,2026_06_20_merged.mat,TEST,1,32933,6935,346.7000000000001,1646.6000000000001
R006,VEH,T1_SD_VEH,2026_06_20_merged.mat,TEST,1,32953,6955,347.7000000000001,1647.6000000000001
R006,VEH,T1_SD_VEH,2026_06_20_merged.mat,TEST,1,32963,6965,348.2000000000001,1648.1000000000001
R006,VEH,T1_SD_VEH,2026_06_20_merged.mat,TEST,1,32964,6966,348.25000000000006,1648.15
R006,VEH,T1_SD_VEH,2026_06_20_merged.mat,TEST,1,32965,6967,348.30000000000007,1648.2000000000003
R006,VEH,T1_SD_VEH,2026_06_20_merged.mat,TEST,2,32972,6974,348.6500000000001,1648.5500000000002
R006,VEH,T1_SD_VEH,2026_06_20_merged.mat,TEST,2,32973,6975,348.7000000000001,1648.6000000000001
R006,VEH,T1_SD_VEH,2026_06_20_merged.mat,TEST,2,32974,6976,348.75000000000006,1648.65
R006,VEH,T1_SD_VEH,2026_06_20_merged.mat,TEST,2,32975,6977,348.80000000000007,1648.7000000000003
R006,VEH,T1_SD_VEH,2026_06_20_merged.mat,TEST,2,33008,7010,350.4500000000001,1650.3500000000001
R006,VEH,T1_SD_VEH,2026_06_20_merged.mat,TEST,2,33009,7011,350.50000000000006,1650.4
R006,VEH,T1_SD_VEH,2026_06_20_merged.mat,TEST,2,33010,7012,350.55000000000007,1650.4500000000003
R006,VEH,T1_SD_VEH,2026_06_20_merged.mat,TEST,1,33041,7043,352.1000000000001,1652.0000000000002
R006,VEH,T1_SD_VEH,2026_06_20_merged.mat,TEST,1,33042,7044,352.1500000000001,1652.0500000000002
R006,VEH,T1_SD_VEH,2026_06_20_merged.mat,TEST,2,33048,7050,352.4500000000001,1652.3500000000001
R006,VEH,T1_SD_VEH,2026_06_20_merged.mat,TEST,1,33061,7063,353.1000000000001,1653.0000000000002
R006,VEH,T1_SD_VEH,2026_06_20_merged.mat,TEST,1,33062,7064,353.1500000000001,1653.0500000000002
R006,VEH,T1_SD_VEH,2026_06_20_merged.mat,TEST,1,33071,7073,353.6000000000001,1653.5000000000002
R006,VEH,T1_SD_VEH,2026_06_20_merged.mat,TEST,1,33072,7074,353.6500000000001,1653.5500000000002
R006,VEH,T1_SD_VEH,2026_06_20_merged.mat,TEST,1,33073,7075,353.7000000000001,1653.6000000000001
R006,VEH,T1_SD_VEH,2026_06_20_merged.mat,TEST,1,33074,7076,353.75000000000006,1653.65
R006,VEH,T1_SD_VEH,2026_06_20_merged.mat,TEST,1,33075,7077,353.80000000000007,1653.7000000000003
R006,VEH,T1_SD_VEH,2026_06_20_merged.mat,TEST,1,33097,7099,354.9000000000001,1654.8000000000002
R006,VEH,T1_SD_VEH,2026_06_20_merged.mat,TEST,1,33098,7100,354.9500000000001,1654.8500000000001
R006,VEH,T1_SD_VEH,2026_06_20_merged.mat,TEST,2,33102,7104,355.1500000000001,1655.0500000000002
R006,VEH,T1_SD_VEH,2026_06_20_merged.mat,TEST,1,33128,7130,356.4500000000001,1656.3500000000001
R006,VEH,T1_SD_VEH,2026_06_20_merged.mat,TEST,2,33131,7133,356.6000000000001,1656.5000000000002
R006,VEH,T1_SD_VEH,2026_06_20_merged.mat,TEST,2,33132,7134,356.6500000000001,1656.5500000000002
R006,VEH,T1_SD_VEH,2026_06_20_merged.mat,TEST,2,33133,7135,356.7000000000001,1656.6000000000001
R006,VEH,T1_SD_VEH,2026_06_20_merged.mat,TEST,1,33149,7151,357.50000000000006,1657.4
R006,VEH,T1_SD_VEH,2026_06_20_merged.mat,TEST,2,33156,7158,357.8500000000001,1657.7500000000002
R006,VEH,T1_SD_VEH,2026_06_20_merged.mat,TEST,2,33157,7159,357.9000000000001,1657.8000000000002
R006,VEH,T1_SD_VEH,2026_06_20_merged.mat,TEST,2,33158,7160,357.9500000000001,1657.8500000000001
R006,VEH,T1_SD_VEH,2026_06_20_merged.mat,TEST,2,33159,7161,358.00000000000006,1657.9
R006,VEH,T1_SD_VEH,2026_06_20_merged.mat,TEST,2,33160,7162,358.05000000000007,1657.9500000000003
R006,VEH,T1_SD_VEH,2026_06_20_merged.mat,TEST,2,33161,7163,358.1000000000001,1658.0000000000002
R006,VEH,T1_SD_VEH,2026_06_20_merged.mat,TEST,2,33162,7164,358.1500000000001,1658.0500000000002
R006,VEH,T1_SD_VEH,2026_06_20_merged.mat,TEST,2,33163,7165,358.2000000000001,1658.1000000000001
R006,VEH,T1_SD_VEH,2026_06_20_merged.mat,TEST,2,33174,7176,358.75000000000006,1658.65
R006,VEH,T1_SD_VEH,2026_06_20_merged.mat,TEST,2,33191,7193,359.6000000000001,1659.5000000000002
R006,VEH,T1_SD_VEH,2026_06_20_merged.mat,TEST,2,33192,7194,359.6500000000001,1659.5500000000002
R006,VEH,T1_SD_VEH,2026_06_20_merged.mat,TEST,2,33193,7195,359.7000000000001,1659.6000000000001
R006,VEH,T1_SD_VEH,2026_06_20_merged.mat,TEST,2,33194,7196,359.75000000000006,1659.65
R006,VEH,T1_SD_VEH,2026_06_20_merged.mat,TEST,1,33209,7211,360.50000000000006,1660.4
R006,VEH,T1_SD_VEH,2026_06_20_merged.mat,TEST,1,33210,7212,360.55000000000007,1660.4500000000003
R006,VEH,T1_SD_VEH,2026_06_20_merged.mat,TEST,2,33217,7219,360.9000000000001,1660.8000000000002
R006,VEH,T1_SD_VEH,2026_06_20_merged.mat,TEST,2,33218,7220,360.9500000000001,1660.8500000000001
R006,VEH,T1_SD_VEH,2026_06_20_merged.mat,TEST,2,33219,7221,361.00000000000006,1660.9
R006,VEH,T1_SD_VEH,2026_06_20_merged.mat,TEST,2,33225,7227,361.30000000000007,1661.2000000000003
R006,VEH,T1_SD_VEH,2026_06_20_merged.mat,TEST,2,33226,7228,361.3500000000001,1661.2500000000002
R006,VEH,T1_SD_VEH,2026_06_20_merged.mat,TEST,2,33227,7229,361.4000000000001,1661.3000000000002
R006,VEH,T1_SD_VEH,2026_06_20_merged.mat,TEST,2,33247,7249,362.4000000000001,1662.3000000000002
R006,VEH,T1_SD_VEH,2026_06_20_merged.mat,TEST,2,33248,7250,362.4500000000001,1662.3500000000001
R006,VEH,T1_SD_VEH,2026_06_20_merged.mat,TEST,2,33249,7251,362.50000000000006,1662.4
R006,VEH,T1_SD_VEH,2026_06_20_merged.mat,TEST,2,33250,7252,362.55000000000007,1662.4500000000003
R006,VEH,T1_SD_VEH,2026_06_20_merged.mat,TEST,2,33251,7253,362.6000000000001,1662.5000000000002
R006,VEH,T1_SD_VEH,2026_06_20_merged.mat,TEST,2,33252,7254,362.6500000000001,1662.5500000000002
R006,VEH,T1_SD_VEH,2026_06_20_merged.mat,TEST,1,33269,7271,363.50000000000006,1663.4
R006,VEH,T1_SD_VEH,2026_06_20_merged.mat,TEST,1,33270,7272,363.55000000000007,1663.4500000000003
R006,VEH,T1_SD_VEH,2026_06_20_merged.mat,TEST,1,33285,7287,364.30000000000007,1664.2000000000003
R006,VEH,T1_SD_VEH,2026_06_20_merged.mat,TEST,1,33286,7288,364.3500000000001,1664.2500000000002
R006,VEH,T1_SD_VEH,2026_06_20_merged.mat,TEST,2,33296,7298,364.8500000000001,1664.7500000000002
R006,VEH,T1_SD_VEH,2026_06_20_merged.mat,TEST,2,33297,7299,364.9000000000001,1664.8000000000002
R006,VEH,T1_SD_VEH,2026_06_20_merged.mat,TEST,2,33298,7300,364.9500000000001,1664.8500000000001
R006,VEH,T1_SD_VEH,2026_06_20_merged.mat,TEST,2,33299,7301,365.00000000000006,1664.9
R006,VEH,T1_SD_VEH,2026_06_20_merged.mat,TEST,2,33300,7302,365.05000000000007,1664.9500000000003
R006,VEH,T1_SD_VEH,2026_06_20_merged.mat,TEST,1,33305,7307,365.30000000000007,1665.2000000000003
R006,VEH,T1_SD_VEH,2026_06_20_merged.mat,TEST,2,33312,7314,365.6500000000001,1665.5500000000002
R006,VEH,T1_SD_VEH,2026_06_20_merged.mat,TEST,2,33313,7315,365.7000000000001,1665.6000000000001
R006,VEH,T1_SD_VEH,2026_06_20_merged.mat,TEST,2,33325,7327,366.30000000000007,1666.2000000000003
R006,VEH,T1_SD_VEH,2026_06_20_merged.mat,TEST,2,33326,7328,366.3500000000001,1666.2500000000002
R006,VEH,T1_SD_VEH,2026_06_20_merged.mat,TEST,1,33335,7337,366.80000000000007,1666.7000000000003
R006,VEH,T1_SD_VEH,2026_06_20_merged.mat,TEST,2,33350,7352,367.55000000000007,1667.4500000000003
R006,VEH,T1_SD_VEH,2026_06_20_merged.mat,TEST,2,33351,7353,367.6000000000001,1667.5000000000002
R006,VEH,T1_SD_VEH,2026_06_20_merged.mat,TEST,2,33352,7354,367.6500000000001,1667.5500000000002
R006,VEH,T1_SD_VEH,2026_06_20_merged.mat,TEST,2,33353,7355,367.7000000000001,1667.6000000000001
R006,VEH,T1_SD_VEH,2026_06_20_merged.mat,TEST,2,33354,7356,367.75000000000006,1667.65
R006,VEH,T1_SD_VEH,2026_06_20_merged.mat,TEST,1,33368,7370,368.4500000000001,1668.3500000000001
R006,VEH,T1_SD_VEH,2026_06_20_merged.mat,TEST,1,33369,7371,368.50000000000006,1668.4
R006,VEH,T1_SD_VEH,2026_06_20_merged.mat,TEST,1,33378,7380,368.9500000000001,1668.8500000000001
R006,VEH,T1_SD_VEH,2026_06_20_merged.mat,TEST,1,33379,7381,369.00000000000006,1668.9
R006,VEH,T1_SD_VEH,2026_06_20_merged.mat,TEST,1,33380,7382,369.05000000000007,1668.9500000000003
R006,VEH,T1_SD_VEH,2026_06_20_merged.mat,TEST,1,33381,7383,369.1000000000001,1669.0000000000002
R006,VEH,T1_SD_VEH,2026_06_20_merged.mat,TEST,1,33382,7384,369.1500000000001,1669.0500000000002
R006,VEH,T1_SD_VEH,2026_06_20_merged.mat,TEST,2,33395,7397,369.80000000000007,1669.7000000000003
R006,VEH,T1_SD_VEH,2026_06_20_merged.mat,TEST,2,33396,7398,369.8500000000001,1669.7500000000002
R006,VEH,T1_SD_VEH,2026_06_20_merged.mat,TEST,1,33419,7421,371.00000000000006,1670.9
R006,VEH,T1_SD_VEH,2026_06_20_merged.mat,TEST,1,33420,7422,371.05000000000007,1670.9500000000003
R006,VEH,T1_SD_VEH,2026_06_20_merged.mat,TEST,1,33421,7423,371.1000000000001,1671.0000000000002
R006,VEH,T1_SD_VEH,2026_06_20_merged.mat,TEST,2,33428,7430,371.4500000000001,1671.3500000000001
R006,VEH,T1_SD_VEH,2026_06_20_merged.mat,TEST,2,33429,7431,371.50000000000006,1671.4
R006,VEH,T1_SD_VEH,2026_06_20_merged.mat,TEST,1,33443,7445,372.2000000000001,1672.1000000000001
R006,VEH,T1_SD_VEH,2026_06_20_merged.mat,TEST,1,33444,7446,372.25000000000006,1672.15
R006,VEH,T1_SD_VEH,2026_06_20_merged.mat,TEST,1,33453,7455,372.7000000000001,1672.6000000000001
R006,VEH,T1_SD_VEH,2026_06_20_merged.mat,TEST,1,33454,7456,372.75000000000006,1672.65
R006,VEH,T1_SD_VEH,2026_06_20_merged.mat,TEST,1,33455,7457,372.80000000000007,1672.7000000000003
R006,VEH,T1_SD_VEH,2026_06_20_merged.mat,TEST,1,33456,7458,372.8500000000001,1672.7500000000002
R006,VEH,T1_SD_VEH,2026_06_20_merged.mat,TEST,1,33457,7459,372.9000000000001,1672.8000000000002
R006,VEH,T1_SD_VEH,2026_06_20_merged.mat,TEST,2,33482,7484,374.1500000000001,1674.0500000000002
R006,VEH,T1_SD_VEH,2026_06_20_merged.mat,TEST,2,33483,7485,374.2000000000001,1674.1000000000001
R006,VEH,T1_SD_VEH,2026_06_20_merged.mat,TEST,2,33484,7486,374.25000000000006,1674.15
R006,VEH,T1_SD_VEH,2026_06_20_merged.mat,TEST,2,33485,7487,374.30000000000007,1674.2000000000003
R006,VEH,T1_SD_VEH,2026_06_20_merged.mat,TEST,1,33517,7519,375.9000000000001,1675.8000000000002
R006,VEH,T1_SD_VEH,2026_06_20_merged.mat,TEST,1,33521,7523,376.1000000000001,1676.0000000000002
R006,VEH,T1_SD_VEH,2026_06_20_merged.mat,TEST,1,33522,7524,376.1500000000001,1676.0500000000002
R006,VEH,T1_SD_VEH,2026_06_20_merged.mat,TEST,1,33523,7525,376.2000000000001,1676.1000000000001
R006,VEH,T1_SD_VEH,2026_06_20_merged.mat,TEST,1,33524,7526,376.25000000000006,1676.15
R006,VEH,T1_SD_VEH,2026_06_20_merged.mat,TEST,1,33525,7527,376.30000000000007,1676.2000000000003
R006,VEH,T1_SD_VEH,2026_06_20_merged.mat,TEST,1,33526,7528,376.3500000000001,1676.2500000000002
R006,VEH,T1_SD_VEH,2026_06_20_merged.mat,TEST,1,33537,7539,376.9000000000001,1676.8000000000002
R006,VEH,T1_SD_VEH,2026_06_20_merged.mat,TEST,1,33538,7540,376.9500000000001,1676.8500000000001
R006,VEH,T1_SD_VEH,2026_06_20_merged.mat,TEST,1,33539,7541,377.00000000000006,1676.9
R006,VEH,T1_SD_VEH,2026_06_20_merged.mat,TEST,1,33540,7542,377.05000000000007,1676.9500000000003
R006,VEH,T1_SD_VEH,2026_06_20_merged.mat,TEST,1,33583,7585,379.2000000000001,1679.1000000000001
R006,VEH,T1_SD_VEH,2026_06_20_merged.mat,TEST,1,33584,7586,379.25000000000006,1679.15
R006,VEH,T1_SD_VEH,2026_06_20_merged.mat,TEST,1,33585,7587,379.30000000000007,1679.2000000000003
R006,VEH,T1_SD_VEH,2026_06_20_merged.mat,TEST,1,33596,7598,379.8500000000001,1679.7500000000002
R006,VEH,T1_SD_VEH,2026_06_20_merged.mat,TEST,1,33597,7599,379.9000000000001,1679.8000000000002
R006,VEH,T1_SD_VEH,2026_06_20_merged.mat,TEST,1,33598,7600,379.9500000000001,1679.8500000000001
R006,VEH,T1_SD_VEH,2026_06_20_merged.mat,TEST,1,33599,7601,380.00000000000006,1679.9
R006,VEH,T1_SD_VEH,2026_06_20_merged.mat,TEST,1,33600,7602,380.05000000000007,1679.9500000000003
R006,VEH,T1_SD_VEH,2026_06_20_merged.mat,TEST,2,33625,7627,381.30000000000007,1681.2000000000003
R006,VEH,T1_SD_VEH,2026_06_20_merged.mat,TEST,2,33626,7628,381.3500000000001,1681.2500000000002
R006,VEH,T1_SD_VEH,2026_06_20_merged.mat,TEST,2,33627,7629,381.4000000000001,1681.3000000000002
R006,VEH,T1_SD_VEH,2026_06_20_merged.mat,TEST,2,33628,7630,381.4500000000001,1681.3500000000001
R006,VEH,T1_SD_VEH,2026_06_20_merged.mat,TEST,2,33629,7631,381.50000000000006,1681.4
R006,VEH,T1_SD_VEH,2026_06_20_merged.mat,TEST,2,33630,7632,381.55000000000007,1681.4500000000003
R006,VEH,T1_SD_VEH,2026_06_20_merged.mat,TEST,2,33631,7633,381.6000000000001,1681.5000000000002
R006,VEH,T1_SD_VEH,2026_06_20_merged.mat,TEST,2,33632,7634,381.6500000000001,1681.5500000000002
R006,VEH,T1_SD_VEH,2026_06_20_merged.mat,TEST,2,33634,7636,381.75000000000006,1681.65
R006,VEH,T1_SD_VEH,2026_06_20_merged.mat,TEST,2,33638,7640,381.9500000000001,1681.8500000000001
R006,VEH,T1_SD_VEH,2026_06_20_merged.mat,TEST,1,33648,7650,382.4500000000001,1682.3500000000001
R006,VEH,T1_SD_VEH,2026_06_20_merged.mat,TEST,1,33649,7651,382.50000000000006,1682.4
R006,VEH,T1_SD_VEH,2026_06_20_merged.mat,TEST,1,33650,7652,382.55000000000007,1682.4500000000003
R006,VEH,T1_SD_VEH,2026_06_20_merged.mat,TEST,1,33651,7653,382.6000000000001,1682.5000000000002
R006,VEH,T1_SD_VEH,2026_06_20_merged.mat,TEST,2,33675,7677,383.80000000000007,1683.7000000000003
R006,VEH,T1_SD_VEH,2026_06_20_merged.mat,TEST,2,33708,7710,385.4500000000001,1685.3500000000001
R006,VEH,T1_SD_VEH,2026_06_20_merged.mat,TEST,2,33709,7711,385.50000000000006,1685.4
R006,VEH,T1_SD_VEH,2026_06_20_merged.mat,TEST,2,33710,7712,385.55000000000007,1685.4500000000003
R006,VEH,T1_SD_VEH,2026_06_20_merged.mat,TEST,2,33713,7715,385.7000000000001,1685.6000000000001
R006,VEH,T1_SD_VEH,2026_06_20_merged.mat,TEST,2,33744,7746,387.25000000000006,1687.15
R006,VEH,T1_SD_VEH,2026_06_20_merged.mat,TEST,1,33750,7752,387.55000000000007,1687.4500000000003
R006,VEH,T1_SD_VEH,2026_06_20_merged.mat,TEST,2,33758,7760,387.9500000000001,1687.8500000000001
R006,VEH,T1_SD_VEH,2026_06_20_merged.mat,TEST,1,33792,7794,389.6500000000001,1689.5500000000002
R006,VEH,T1_SD_VEH,2026_06_20_merged.mat,TEST,1,33793,7795,389.7000000000001,1689.6000000000001
R006,VEH,T1_SD_VEH,2026_06_20_merged.mat,TEST,1,33794,7796,389.75000000000006,1689.65
R006,VEH,T1_SD_VEH,2026_06_20_merged.mat,TEST,1,33795,7797,389.80000000000007,1689.7000000000003
R006,VEH,T1_SD_VEH,2026_06_20_merged.mat,TEST,1,33809,7811,390.50000000000006,1690.4
R006,VEH,T1_SD_VEH,2026_06_20_merged.mat,TEST,1,33810,7812,390.55000000000007,1690.4500000000003
R006,VEH,T1_SD_VEH,2026_06_20_merged.mat,TEST,1,33811,7813,390.6000000000001,1690.5000000000002
R006,VEH,T1_SD_VEH,2026_06_20_merged.mat,TEST,1,33812,7814,390.6500000000001,1690.5500000000002
R006,VEH,T1_SD_VEH,2026_06_20_merged.mat,TEST,1,33813,7815,390.7000000000001,1690.6000000000001
R006,VEH,T1_SD_VEH,2026_06_20_merged.mat,TEST,1,33814,7816,390.75000000000006,1690.65
R006,VEH,T1_SD_VEH,2026_06_20_merged.mat,TEST,2,33822,7824,391.1500000000001,1691.0500000000002
R006,VEH,T1_SD_VEH,2026_06_20_merged.mat,TEST,2,33834,7836,391.75000000000006,1691.65
R006,VEH,T1_SD_VEH,2026_06_20_merged.mat,TEST,2,33835,7837,391.80000000000007,1691.7000000000003
R006,VEH,T1_SD_VEH,2026_06_20_merged.mat,TEST,2,33836,7838,391.8500000000001,1691.7500000000002
R006,VEH,T1_SD_VEH,2026_06_20_merged.mat,TEST,2,33840,7842,392.05000000000007,1691.9500000000003
R006,VEH,T1_SD_VEH,2026_06_20_merged.mat,TEST,2,33841,7843,392.1000000000001,1692.0000000000002
R006,VEH,T1_SD_VEH,2026_06_20_merged.mat,TEST,2,33842,7844,392.1500000000001,1692.0500000000002
R006,VEH,T1_SD_VEH,2026_06_20_merged.mat,TEST,2,33843,7845,392.2000000000001,1692.1000000000001
R006,VEH,T1_SD_VEH,2026_06_20_merged.mat,TEST,1,33870,7872,393.55000000000007,1693.4500000000003
R006,VEH,T1_SD_VEH,2026_06_20_merged.mat,TEST,1,33871,7873,393.6000000000001,1693.5000000000002
R006,VEH,T1_SD_VEH,2026_06_20_merged.mat,TEST,1,33872,7874,393.6500000000001,1693.5500000000002
R006,VEH,T1_SD_VEH,2026_06_20_merged.mat,TEST,1,33873,7875,393.7000000000001,1693.6000000000001
R006,VEH,T1_SD_VEH,2026_06_20_merged.mat,TEST,1,33874,7876,393.75000000000006,1693.65
R006,VEH,T1_SD_VEH,2026_06_20_merged.mat,TEST,1,33875,7877,393.80000000000007,1693.7000000000003
R006,VEH,T1_SD_VEH,2026_06_20_merged.mat,TEST,1,33879,7881,394.0000000000001,1693.9
R006,VEH,T1_SD_VEH,2026_06_20_merged.mat,TEST,1,33892,7894,394.6500000000001,1694.5500000000002
R006,VEH,T1_SD_VEH,2026_06_20_merged.mat,TEST,2,33907,7909,395.4000000000001,1695.3000000000002
R006,VEH,T1_SD_VEH,2026_06_20_merged.mat,TEST,2,33908,7910,395.45000000000005,1695.3500000000001
R006,VEH,T1_SD_VEH,2026_06_20_merged.mat,TEST,2,33909,7911,395.5000000000001,1695.4
R006,VEH,T1_SD_VEH,2026_06_20_merged.mat,TEST,2,33910,7912,395.55000000000007,1695.4500000000003
R006,VEH,T1_SD_VEH,2026_06_20_merged.mat,TEST,1,33917,7919,395.9000000000001,1695.8000000000002
R006,VEH,T1_SD_VEH,2026_06_20_merged.mat,TEST,1,33918,7920,395.95000000000005,1695.8500000000001
R006,VEH,T1_SD_VEH,2026_06_20_merged.mat,TEST,1,33919,7921,396.0000000000001,1695.9
R006,VEH,T1_SD_VEH,2026_06_20_merged.mat,TEST,1,33920,7922,396.05000000000007,1695.9500000000003
R006,VEH,T1_SD_VEH,2026_06_20_merged.mat,TEST,1,33945,7947,397.30000000000007,1697.2000000000003
R006,VEH,T1_SD_VEH,2026_06_20_merged.mat,TEST,1,33946,7948,397.3500000000001,1697.2500000000002
R006,VEH,T1_SD_VEH,2026_06_20_merged.mat,TEST,1,33989,7991,399.5000000000001,1699.4
R006,VEH,T1_SD_VEH,2026_06_20_merged.mat,TEST,1,33990,7992,399.55000000000007,1699.4500000000003
R006,VEH,T1_SD_VEH,2026_06_20_merged.mat,TEST,1,34013,8015,400.70000000000005,1700.6000000000001
R006,VEH,T1_SD_VEH,2026_06_20_merged.mat,TEST,1,34032,8034,401.6500000000001,1701.5500000000002
R006,VEH,T1_SD_VEH,2026_06_20_merged.mat,TEST,1,34033,8035,401.70000000000005,1701.6000000000001
R006,VEH,T1_SD_VEH,2026_06_20_merged.mat,TEST,2,34042,8044,402.1500000000001,1702.0500000000002
R006,VEH,T1_SD_VEH,2026_06_20_merged.mat,TEST,2,34044,8046,402.2500000000001,1702.15
R006,VEH,T1_SD_VEH,2026_06_20_merged.mat,TEST,1,34104,8106,405.2500000000001,1705.15
R006,VEH,T1_SD_VEH,2026_06_20_merged.mat,TEST,1,34105,8107,405.30000000000007,1705.2000000000003
R006,VEH,T1_SD_VEH,2026_06_20_merged.mat,TEST,1,34106,8108,405.3500000000001,1705.2500000000002
R006,VEH,T1_SD_VEH,2026_06_20_merged.mat,TEST,1,34114,8116,405.7500000000001,1705.65
R006,VEH,T1_SD_VEH,2026_06_20_merged.mat,TEST,1,34115,8117,405.80000000000007,1705.7000000000003
R006,VEH,T1_SD_VEH,2026_06_20_merged.mat,TEST,1,34132,8134,406.6500000000001,1706.5500000000002
R006,VEH,T1_SD_VEH,2026_06_20_merged.mat,TEST,1,34133,8135,406.70000000000005,1706.6000000000001
R006,VEH,T1_SD_VEH,2026_06_20_merged.mat,TEST,1,34134,8136,406.7500000000001,1706.65
R006,VEH,T1_SD_VEH,2026_06_20_merged.mat,TEST,1,34135,8137,406.80000000000007,1706.7000000000003
R006,VEH,T1_SD_VEH,2026_06_20_merged.mat,TEST,1,34136,8138,406.8500000000001,1706.7500000000002
R006,VEH,T1_SD_VEH,2026_06_20_merged.mat,TEST,1,34154,8156,407.7500000000001,1707.65
R006,VEH,T1_SD_VEH,2026_06_20_merged.mat,TEST,1,34167,8169,408.4000000000001,1708.3000000000002
R006,VEH,T1_SD_VEH,2026_06_20_merged.mat,TEST,2,34180,8182,409.05000000000007,1708.9500000000003
R006,VEH,T1_SD_VEH,2026_06_20_merged.mat,TEST,2,34181,8183,409.1000000000001,1709.0000000000002
R006,VEH,T1_SD_VEH,2026_06_20_merged.mat,TEST,1,34187,8189,409.4000000000001,1709.3000000000002
R006,VEH,T1_SD_VEH,2026_06_20_merged.mat,TEST,1,34188,8190,409.45000000000005,1709.3500000000001
R006,VEH,T1_SD_VEH,2026_06_20_merged.mat,TEST,1,34189,8191,409.5000000000001,1709.4
R006,VEH,T1_SD_VEH,2026_06_20_merged.mat,TEST,2,34205,8207,410.30000000000007,1710.2000000000003
R006,VEH,T1_SD_VEH,2026_06_20_merged.mat,TEST,2,34206,8208,410.3500000000001,1710.2500000000002
R006,VEH,T1_SD_VEH,2026_06_20_merged.mat,TEST,2,34215,8217,410.80000000000007,1710.7000000000003
R006,VEH,T1_SD_VEH,2026_06_20_merged.mat,TEST,2,34216,8218,410.8500000000001,1710.7500000000002
R006,VEH,T1_SD_VEH,2026_06_20_merged.mat,TEST,2,34217,8219,410.9000000000001,1710.8000000000002
R006,VEH,T1_SD_VEH,2026_06_20_merged.mat,TEST,2,34236,8238,411.8500000000001,1711.7500000000002
R006,VEH,T1_SD_VEH,2026_06_20_merged.mat,TEST,2,34280,8282,414.05000000000007,1713.9500000000003
R006,VEH,T1_SD_VEH,2026_06_20_merged.mat,TEST,2,34281,8283,414.1000000000001,1714.0000000000002
R006,VEH,T1_SD_VEH,2026_06_20_merged.mat,TEST,2,34282,8284,414.1500000000001,1714.0500000000002
R006,VEH,T1_SD_VEH,2026_06_20_merged.mat,TEST,2,34293,8295,414.70000000000005,1714.6000000000001
R006,VEH,T1_SD_VEH,2026_06_20_merged.mat,TEST,1,34341,8343,417.1000000000001,1717.0000000000002
R006,VEH,T1_SD_VEH,2026_06_20_merged.mat,TEST,1,34342,8344,417.1500000000001,1717.0500000000002
R006,VEH,T1_SD_VEH,2026_06_20_merged.mat,TEST,1,34343,8345,417.20000000000005,1717.1000000000001
R006,VEH,T1_SD_VEH,2026_06_20_merged.mat,TEST,1,34344,8346,417.2500000000001,1717.15
R006,VEH,T1_SD_VEH,2026_06_20_merged.mat,TEST,1,34354,8356,417.7500000000001,1717.65
R006,VEH,T1_SD_VEH,2026_06_20_merged.mat,TEST,1,34355,8357,417.80000000000007,1717.7000000000003
R006,VEH,T1_SD_VEH,2026_06_20_merged.mat,TEST,1,34366,8368,418.3500000000001,1718.2500000000002
R006,VEH,T1_SD_VEH,2026_06_20_merged.mat,TEST,1,34367,8369,418.4000000000001,1718.3000000000002
R006,VEH,T1_SD_VEH,2026_06_20_merged.mat,TEST,2,34408,8410,420.45000000000005,1720.3500000000001
R006,VEH,T1_SD_VEH,2026_06_20_merged.mat,TEST,1,34434,8436,421.7500000000001,1721.65
R006,VEH,T1_SD_VEH,2026_06_20_merged.mat,TEST,1,34435,8437,421.80000000000007,1721.7000000000003
R006,VEH,T1_SD_VEH,2026_06_20_merged.mat,TEST,1,34436,8438,421.8500000000001,1721.7500000000002
R006,VEH,T1_SD_VEH,2026_06_20_merged.mat,TEST,1,34437,8439,421.9000000000001,1721.8000000000002
R006,VEH,T1_SD_VEH,2026_06_20_merged.mat,TEST,2,34463,8465,423.20000000000005,1723.1000000000001
R006,VEH,T1_SD_VEH,2026_06_20_merged.mat,TEST,2,34464,8466,423.2500000000001,1723.15
R006,VEH,T1_SD_VEH,2026_06_20_merged.mat,TEST,1,34472,8474,423.6500000000001,1723.5500000000002
R006,VEH,T1_SD_VEH,2026_06_20_merged.mat,TEST,1,34473,8475,423.70000000000005,1723.6000000000001
R006,VEH,T1_SD_VEH,2026_06_20_merged.mat,TEST,1,34474,8476,423.7500000000001,1723.65
R006,VEH,T1_SD_VEH,2026_06_20_merged.mat,TEST,1,34475,8477,423.80000000000007,1723.7000000000003
R006,VEH,T1_SD_VEH,2026_06_20_merged.mat,TEST,1,34476,8478,423.8500000000001,1723.7500000000002
R006,VEH,T1_SD_VEH,2026_06_20_merged.mat,TEST,2,34522,8524,426.1500000000001,1726.0500000000002
R006,VEH,T1_SD_VEH,2026_06_20_merged.mat,TEST,2,34523,8525,426.20000000000005,1726.1000000000001
R006,VEH,T1_SD_VEH,2026_06_20_merged.mat,TEST,2,34524,8526,426.2500000000001,1726.15
R006,VEH,T1_SD_VEH,2026_06_20_merged.mat,TEST,2,34525,8527,426.30000000000007,1726.2000000000003
R006,VEH,T1_SD_VEH,2026_06_20_merged.mat,TEST,2,34554,8556,427.7500000000001,1727.65
R006,VEH,T1_SD_VEH,2026_06_20_merged.mat,TEST,2,34555,8557,427.80000000000007,1727.7000000000003
R006,VEH,T1_SD_VEH,2026_06_20_merged.mat,TEST,1,34563,8565,428.20000000000005,1728.1000000000001
R006,VEH,T1_SD_VEH,2026_06_20_merged.mat,TEST,1,34564,8566,428.2500000000001,1728.15
R006,VEH,T1_SD_VEH,2026_06_20_merged.mat,TEST,1,34565,8567,428.30000000000007,1728.2000000000003
R006,VEH,T1_SD_VEH,2026_06_20_merged.mat,TEST,1,34566,8568,428.3500000000001,1728.2500000000002
R006,VEH,T1_SD_VEH,2026_06_20_merged.mat,TEST,1,34567,8569,428.4000000000001,1728.3000000000002
R006,VEH,T1_SD_VEH,2026_06_20_merged.mat,TEST,1,34609,8611,430.5000000000001,1730.4
R006,VEH,T1_SD_VEH,2026_06_20_merged.mat,TEST,1,34610,8612,430.55000000000007,1730.4500000000003
R006,VEH,T1_SD_VEH,2026_06_20_merged.mat,TEST,1,34611,8613,430.6000000000001,1730.5000000000002
R006,VEH,T1_SD_VEH,2026_06_20_merged.mat,TEST,1,34612,8614,430.6500000000001,1730.5500000000002
R006,VEH,T1_SD_VEH,2026_06_20_merged.mat,TEST,2,34624,8626,431.2500000000001,1731.15
R006,VEH,T1_SD_VEH,2026_06_20_merged.mat,TEST,2,34625,8627,431.30000000000007,1731.2000000000003
R006,VEH,T1_SD_VEH,2026_06_20_merged.mat,TEST,1,34632,8634,431.6500000000001,1731.5500000000002
R006,VEH,T1_SD_VEH,2026_06_20_merged.mat,TEST,2,34637,8639,431.9000000000001,1731.8000000000002
R006,VEH,T1_SD_VEH,2026_06_20_merged.mat,TEST,2,34657,8659,432.9000000000001,1732.8000000000002
R006,VEH,T1_SD_VEH,2026_06_20_merged.mat,TEST,2,34658,8660,432.95000000000005,1732.8500000000001
R006,VEH,T1_SD_VEH,2026_06_20_merged.mat,TEST,1,34691,8693,434.6000000000001,1734.5000000000002
R006,VEH,T1_SD_VEH,2026_06_20_merged.mat,TEST,1,34692,8694,434.6500000000001,1734.5500000000002
R006,VEH,T1_SD_VEH,2026_06_20_merged.mat,TEST,1,34693,8695,434.70000000000005,1734.6000000000001
R006,VEH,T1_SD_VEH,2026_06_20_merged.mat,TEST,1,34694,8696,434.7500000000001,1734.65
R006,VEH,T1_SD_VEH,2026_06_20_merged.mat,TEST,1,34716,8718,435.8500000000001,1735.7500000000002
R006,VEH,T1_SD_VEH,2026_06_20_merged.mat,TEST,1,34718,8720,435.95000000000005,1735.8500000000001
R006,VEH,T1_SD_VEH,2026_06_20_merged.mat,TEST,1,34731,8733,436.6000000000001,1736.5000000000002
R006,VEH,T1_SD_VEH,2026_06_20_merged.mat,TEST,1,34732,8734,436.6500000000001,1736.5500000000002
R006,VEH,T1_SD_VEH,2026_06_20_merged.mat,TEST,1,34733,8735,436.70000000000005,1736.6000000000001
R006,VEH,T1_SD_VEH,2026_06_20_merged.mat,TEST,1,34734,8736,436.7500000000001,1736.65
R006,VEH,T1_SD_VEH,2026_06_20_merged.mat,TEST,1,34764,8766,438.2500000000001,1738.15
R006,VEH,T1_SD_VEH,2026_06_20_merged.mat,TEST,1,34765,8767,438.30000000000007,1738.2000000000003
R006,VEH,T1_SD_VEH,2026_06_20_merged.mat,TEST,1,34766,8768,438.3500000000001,1738.2500000000002
R006,VEH,T1_SD_VEH,2026_06_20_merged.mat,TEST,1,34767,8769,438.4000000000001,1738.3000000000002
R006,VEH,T1_SD_VEH,2026_06_20_merged.mat,TEST,1,34774,8776,438.7500000000001,1738.65
R006,VEH,T1_SD_VEH,2026_06_20_merged.mat,TEST,1,34775,8777,438.80000000000007,1738.7000000000003
R006,VEH,T1_SD_VEH,2026_06_20_merged.mat,TEST,1,34776,8778,438.8500000000001,1738.7500000000002
R006,VEH,T1_SD_VEH,2026_06_20_merged.mat,TEST,2,34811,8813,440.6000000000001,1740.5000000000002
R006,VEH,T1_SD_VEH,2026_06_20_merged.mat,TEST,2,34812,8814,440.6500000000001,1740.5500000000002
R006,VEH,T1_SD_VEH,2026_06_20_merged.mat,TEST,2,34813,8815,440.70000000000005,1740.6000000000001
R006,VEH,T1_SD_VEH,2026_06_20_merged.mat,TEST,1,34821,8823,441.1000000000001,1741.0000000000002
R006,VEH,T1_SD_VEH,2026_06_20_merged.mat,TEST,2,34828,8830,441.45000000000005,1741.3500000000001
R006,VEH,T1_SD_VEH,2026_06_20_merged.mat,TEST,2,34829,8831,441.5000000000001,1741.4
R006,VEH,T1_SD_VEH,2026_06_20_merged.mat,TEST,2,34842,8844,442.1500000000001,1742.0500000000002
R006,VEH,T1_SD_VEH,2026_06_20_merged.mat,TEST,1,34862,8864,443.1500000000001,1743.0500000000002
R006,VEH,T1_SD_VEH,2026_06_20_merged.mat,TEST,1,34863,8865,443.20000000000005,1743.1000000000001
R006,VEH,T1_SD_VEH,2026_06_20_merged.mat,TEST,1,34864,8866,443.2500000000001,1743.15
R006,VEH,T1_SD_VEH,2026_06_20_merged.mat,TEST,1,34865,8867,443.30000000000007,1743.2000000000003
R006,VEH,T1_SD_VEH,2026_06_20_merged.mat,TEST,1,34866,8868,443.3500000000001,1743.2500000000002
R006,VEH,T1_SD_VEH,2026_06_20_merged.mat,TEST,1,34867,8869,443.4000000000001,1743.3000000000002
R006,VEH,T1_SD_VEH,2026_06_20_merged.mat,TEST,1,34873,8875,443.70000000000005,1743.6000000000001
R006,VEH,T1_SD_VEH,2026_06_20_merged.mat,TEST,1,34874,8876,443.7500000000001,1743.65
R006,VEH,T1_SD_VEH,2026_06_20_merged.mat,TEST,1,34875,8877,443.80000000000007,1743.7000000000003
R006,VEH,T1_SD_VEH,2026_06_20_merged.mat,TEST,1,34876,8878,443.8500000000001,1743.7500000000002
R006,VEH,T1_SD_VEH,2026_06_20_merged.mat,TEST,1,34877,8879,443.9000000000001,1743.8000000000002
R006,VEH,T1_SD_VEH,2026_06_20_merged.mat,TEST,1,34887,8889,444.4000000000001,1744.3000000000002
R006,VEH,T1_SD_VEH,2026_06_20_merged.mat,TEST,1,34888,8890,444.45000000000005,1744.3500000000001
R006,VEH,T1_SD_VEH,2026_06_20_merged.mat,TEST,1,34889,8891,444.5000000000001,1744.4
R006,VEH,T1_SD_VEH,2026_06_20_merged.mat,TEST,1,34890,8892,444.55000000000007,1744.4500000000003
R006,VEH,T1_SD_VEH,2026_06_20_merged.mat,TEST,1,34891,8893,444.6000000000001,1744.5000000000002
R006,VEH,T1_SD_VEH,2026_06_20_merged.mat,TEST,1,34909,8911,445.5000000000001,1745.4
R006,VEH,T1_SD_VEH,2026_06_20_merged.mat,TEST,1,34910,8912,445.55000000000007,1745.4500000000003
R006,VEH,T1_SD_VEH,2026_06_20_merged.mat,TEST,1,34911,8913,445.6000000000001,1745.5000000000002
R006,VEH,T1_SD_VEH,2026_06_20_merged.mat,TEST,1,34912,8914,445.6500000000001,1745.5500000000002
R006,VEH,T1_SD_VEH,2026_06_20_merged.mat,TEST,1,34913,8915,445.70000000000005,1745.6000000000001
R006,VEH,T1_SD_VEH,2026_06_20_merged.mat,TEST,1,34914,8916,445.7500000000001,1745.65
R006,VEH,T1_SD_VEH,2026_06_20_merged.mat,TEST,1,34915,8917,445.80000000000007,1745.7000000000003
R006,VEH,T1_SD_VEH,2026_06_20_merged.mat,TEST,2,34922,8924,446.1500000000001,1746.0500000000002
R006,VEH,T1_SD_VEH,2026_06_20_merged.mat,TEST,2,34923,8925,446.20000000000005,1746.1000000000001
R006,VEH,T1_SD_VEH,2026_06_20_merged.mat,TEST,2,34924,8926,446.2500000000001,1746.15
R006,VEH,T1_SD_VEH,2026_06_20_merged.mat,TEST,2,34925,8927,446.30000000000007,1746.2000000000003
R006,VEH,T1_SD_VEH,2026_06_20_merged.mat,TEST,1,34934,8936,446.7500000000001,1746.65
R006,VEH,T1_SD_VEH,2026_06_20_merged.mat,TEST,1,34935,8937,446.80000000000007,1746.7000000000003
R006,VEH,T1_SD_VEH,2026_06_20_merged.mat,TEST,1,34936,8938,446.8500000000001,1746.7500000000002
R006,VEH,T1_SD_VEH,2026_06_20_merged.mat,TEST,1,34937,8939,446.9000000000001,1746.8000000000002
R006,VEH,T1_SD_VEH,2026_06_20_merged.mat,TEST,1,34938,8940,446.95000000000005,1746.8500000000001
R006,VEH,T1_SD_VEH,2026_06_20_merged.mat,TEST,1,34939,8941,447.0000000000001,1746.9
R006,VEH,T1_SD_VEH,2026_06_20_merged.mat,TEST,1,34940,8942,447.05000000000007,1746.9500000000003
R006,VEH,T1_SD_VEH,2026_06_20_merged.mat,TEST,1,34941,8943,447.1000000000001,1747.0000000000002
R006,VEH,T1_SD_VEH,2026_06_20_merged.mat,TEST,1,34945,8947,447.30000000000007,1747.2000000000003
R006,VEH,T1_SD_VEH,2026_06_20_merged.mat,TEST,2,34951,8953,447.6000000000001,1747.5000000000002
R006,VEH,T1_SD_VEH,2026_06_20_merged.mat,TEST,2,34952,8954,447.6500000000001,1747.5500000000002
R006,VEH,T1_SD_VEH,2026_06_20_merged.mat,TEST,2,34953,8955,447.70000000000005,1747.6000000000001
R006,VEH,T1_SD_VEH,2026_06_20_merged.mat,TEST,2,34954,8956,447.7500000000001,1747.65
R006,VEH,T1_SD_VEH,2026_06_20_merged.mat,TEST,1,34960,8962,448.05000000000007,1747.9500000000003
R006,VEH,T1_SD_VEH,2026_06_20_merged.mat,TEST,1,34961,8963,448.1000000000001,1748.0000000000002
R006,VEH,T1_SD_VEH,2026_06_20_merged.mat,TEST,1,34962,8964,448.1500000000001,1748.0500000000002
R006,VEH,T1_SD_VEH,2026_06_20_merged.mat,TEST,1,34967,8969,448.4000000000001,1748.3000000000002
R006,VEH,T1_SD_VEH,2026_06_20_merged.mat,TEST,1,34968,8970,448.45000000000005,1748.3500000000001
R006,VEH,T1_SD_VEH,2026_06_20_merged.mat,TEST,1,34969,8971,448.5000000000001,1748.4
R006,VEH,T1_SD_VEH,2026_06_20_merged.mat,TEST,1,34970,8972,448.55000000000007,1748.4500000000003
R006,VEH,T1_SD_VEH,2026_06_20_merged.mat,TEST,1,34971,8973,448.6000000000001,1748.5000000000002
R006,VEH,T1_SD_VEH,2026_06_20_merged.mat,TEST,1,34972,8974,448.6500000000001,1748.5500000000002
R006,VEH,T1_SD_VEH,2026_06_20_merged.mat,TEST,1,34973,8975,448.70000000000005,1748.6000000000001
R006,VEH,T1_SD_VEH,2026_06_20_merged.mat,TEST,1,34974,8976,448.7500000000001,1748.65
R006,VEH,T1_SD_VEH,2026_06_20_merged.mat,TEST,1,34975,8977,448.80000000000007,1748.7000000000003
R006,VEH,T1_SD_VEH,2026_06_20_merged.mat,TEST,2,34985,8987,449.30000000000007,1749.2000000000003
R006,VEH,T1_SD_VEH,2026_06_20_merged.mat,TEST,2,34986,8988,449.3500000000001,1749.2500000000002
R006,VEH,T1_SD_VEH,2026_06_20_merged.mat,TEST,2,34987,8989,449.4000000000001,1749.3000000000002
R006,VEH,T1_SD_VEH,2026_06_20_merged.mat,TEST,1,34993,8995,449.70000000000005,1749.6000000000001
R006,VEH,T1_SD_VEH,2026_06_20_merged.mat,TEST,1,34994,8996,449.7500000000001,1749.65
R006,VEH,T1_SD_VEH,2026_06_20_merged.mat,TEST,1,34995,8997,449.80000000000007,1749.7000000000003
R006,VEH,T1_SD_VEH,2026_06_20_merged.mat,TEST,1,34996,8998,449.8500000000001,1749.7500000000002
R006,VEH,T1_SD_VEH,2026_06_20_merged.mat,TEST,1,34997,8999,449.9000000000001,1749.8000000000002
R006,VEH,T1_SD_VEH,2026_06_20_merged.mat,TEST,1,34998,9000,449.95000000000005,1749.8500000000001
R006,VEH,T1_SD_VEH,2026_06_20_merged.mat,TEST,1,34999,9001,450.0000000000001,1749.9
R006,VEH,T1_SD_VEH,2026_06_20_merged.mat,TEST,2,35008,9010,450.45000000000005,1750.3500000000001
R006,VEH,T1_SD_VEH,2026_06_20_merged.mat,TEST,2,35009,9011,450.5000000000001,1750.4
R006,VEH,T1_SD_VEH,2026_06_20_merged.mat,TEST,2,35010,9012,450.55000000000007,1750.4500000000003
R006,VEH,T1_SD_VEH,2026_06_20_merged.mat,TEST,2,35011,9013,450.6000000000001,1750.5000000000002
R006,VEH,T1_SD_VEH,2026_06_20_merged.mat,TEST,1,35023,9025,451.20000000000005,1751.1000000000001
R006,VEH,T1_SD_VEH,2026_06_20_merged.mat,TEST,1,35024,9026,451.2500000000001,1751.15
R006,VEH,T1_SD_VEH,2026_06_20_merged.mat,TEST,1,35025,9027,451.30000000000007,1751.2000000000003
R006,VEH,T1_SD_VEH,2026_06_20_merged.mat,TEST,1,35026,9028,451.3500000000001,1751.2500000000002
R006,VEH,T1_SD_VEH,2026_06_20_merged.mat,TEST,1,35027,9029,451.4000000000001,1751.3000000000002
R006,VEH,T1_SD_VEH,2026_06_20_merged.mat,TEST,1,35028,9030,451.45000000000005,1751.3500000000001
R006,VEH,T1_SD_VEH,2026_06_20_merged.mat,TEST,1,35029,9031,451.5000000000001,1751.4
R006,VEH,T1_SD_VEH,2026_06_20_merged.mat,TEST,1,35059,9061,453.0000000000001,1752.9
R006,VEH,T1_SD_VEH,2026_06_20_merged.mat,TEST,1,35060,9062,453.05000000000007,1752.9500000000003
R006,VEH,T1_SD_VEH,2026_06_20_merged.mat,TEST,1,35061,9063,453.1000000000001,1753.0000000000002
R006,VEH,T1_SD_VEH,2026_06_20_merged.mat,TEST,1,35062,9064,453.1500000000001,1753.0500000000002
R006,VEH,T1_SD_VEH,2026_06_20_merged.mat,TEST,1,35063,9065,453.20000000000005,1753.1000000000001
R006,VEH,T1_SD_VEH,2026_06_20_merged.mat,TEST,1,35064,9066,453.2500000000001,1753.15
R006,VEH,T1_SD_VEH,2026_06_20_merged.mat,TEST,1,35065,9067,453.30000000000007,1753.2000000000003
R006,VEH,T1_SD_VEH,2026_06_20_merged.mat,TEST,1,35066,9068,453.3500000000001,1753.2500000000002
R006,VEH,T1_SD_VEH,2026_06_20_merged.mat,TEST,2,35081,9083,454.1000000000001,1754.0000000000002
R006,VEH,T1_SD_VEH,2026_06_20_merged.mat,TEST,2,35082,9084,454.1500000000001,1754.0500000000002
R006,VEH,T1_SD_VEH,2026_06_20_merged.mat,TEST,2,35083,9085,454.20000000000005,1754.1000000000001
R006,VEH,T1_SD_VEH,2026_06_20_merged.mat,TEST,2,35084,9086,454.2500000000001,1754.15
R006,VEH,T1_SD_VEH,2026_06_20_merged.mat,TEST,2,35085,9087,454.30000000000007,1754.2000000000003
R006,VEH,T1_SD_VEH,2026_06_20_merged.mat,TEST,1,35113,9115,455.70000000000005,1755.6000000000001
R006,VEH,T1_SD_VEH,2026_06_20_merged.mat,TEST,1,35114,9116,455.7500000000001,1755.65
R006,VEH,T1_SD_VEH,2026_06_20_merged.mat,TEST,1,35115,9117,455.80000000000007,1755.7000000000003
R006,VEH,T1_SD_VEH,2026_06_20_merged.mat,TEST,1,35116,9118,455.8500000000001,1755.7500000000002
R006,VEH,T1_SD_VEH,2026_06_20_merged.mat,TEST,1,35117,9119,455.9000000000001,1755.8000000000002
R006,VEH,T1_SD_VEH,2026_06_20_merged.mat,TEST,1,35118,9120,455.95000000000005,1755.8500000000001
R006,VEH,T1_SD_VEH,2026_06_20_merged.mat,TEST,1,35142,9144,457.1500000000001,1757.0500000000002
R006,VEH,T1_SD_VEH,2026_06_20_merged.mat,TEST,1,35152,9154,457.6500000000001,1757.5500000000002
R006,VEH,T1_SD_VEH,2026_06_20_merged.mat,TEST,1,35185,9187,459.30000000000007,1759.2000000000003
R006,VEH,T1_SD_VEH,2026_06_20_merged.mat,TEST,2,35204,9206,460.2500000000001,1760.15
R006,VEH,T1_SD_VEH,2026_06_20_merged.mat,TEST,2,35205,9207,460.30000000000007,1760.2000000000003
R006,VEH,T1_SD_VEH,2026_06_20_merged.mat,TEST,2,35206,9208,460.3500000000001,1760.2500000000002
R006,VEH,T1_SD_VEH,2026_06_20_merged.mat,TEST,1,35230,9232,461.55000000000007,1761.4500000000003
R006,VEH,T1_SD_VEH,2026_06_20_merged.mat,TEST,1,35231,9233,461.6000000000001,1761.5000000000002
R006,VEH,T1_SD_VEH,2026_06_20_merged.mat,TEST,1,35232,9234,461.6500000000001,1761.5500000000002
R006,VEH,T1_SD_VEH,2026_06_20_merged.mat,TEST,2,35241,9243,462.1000000000001,1762.0000000000002
R006,VEH,T1_SD_VEH,2026_06_20_merged.mat,TEST,2,35242,9244,462.1500000000001,1762.0500000000002
R006,VEH,T1_SD_VEH,2026_06_20_merged.mat,TEST,2,35243,9245,462.20000000000005,1762.1000000000001
R006,VEH,T1_SD_VEH,2026_06_20_merged.mat,TEST,1,35279,9281,464.0000000000001,1763.9
R006,VEH,T1_SD_VEH,2026_06_20_merged.mat,TEST,1,35281,9283,464.1000000000001,1764.0000000000002
R006,VEH,T1_SD_VEH,2026_06_20_merged.mat,TEST,1,35282,9284,464.1500000000001,1764.0500000000002
R006,VEH,T1_SD_VEH,2026_06_20_merged.mat,TEST,1,35283,9285,464.20000000000005,1764.1000000000001
R006,VEH,T1_SD_VEH,2026_06_20_merged.mat,TEST,1,35284,9286,464.2500000000001,1764.15
R006,VEH,T1_SD_VEH,2026_06_20_merged.mat,TEST,2,35296,9298,464.8500000000001,1764.7500000000002
R006,VEH,T1_SD_VEH,2026_06_20_merged.mat,TEST,2,35297,9299,464.9000000000001,1764.8000000000002
R006,VEH,T1_SD_VEH,2026_06_20_merged.mat,TEST,2,35298,9300,464.95000000000005,1764.8500000000001
R006,VEH,T1_SD_VEH,2026_06_20_merged.mat,TEST,1,35306,9308,465.3500000000001,1765.2500000000002
R006,VEH,T1_SD_VEH,2026_06_20_merged.mat,TEST,1,35307,9309,465.4000000000001,1765.3000000000002
R006,VEH,T1_SD_VEH,2026_06_20_merged.mat,TEST,2,35319,9321,466.0000000000001,1765.9
R006,VEH,T1_SD_VEH,2026_06_20_merged.mat,TEST,2,35320,9322,466.05000000000007,1765.9500000000003
R006,VEH,T1_SD_VEH,2026_06_20_merged.mat,TEST,2,35322,9324,466.1500000000001,1766.0500000000002
R006,VEH,T1_SD_VEH,2026_06_20_merged.mat,TEST,1,35371,9373,468.6000000000001,1768.5000000000002
R006,VEH,T1_SD_VEH,2026_06_20_merged.mat,TEST,1,35372,9374,468.6500000000001,1768.5500000000002
R006,VEH,T1_SD_VEH,2026_06_20_merged.mat,TEST,1,35373,9375,468.70000000000005,1768.6000000000001
R006,VEH,T1_SD_VEH,2026_06_20_merged.mat,TEST,1,35374,9376,468.7500000000001,1768.65
R006,VEH,T1_SD_VEH,2026_06_20_merged.mat,TEST,1,35375,9377,468.80000000000007,1768.7000000000003
R006,VEH,T1_SD_VEH,2026_06_20_merged.mat,TEST,2,35432,9434,471.6500000000001,1771.5500000000002
R006,VEH,T1_SD_VEH,2026_06_20_merged.mat,TEST,2,35433,9435,471.70000000000005,1771.6000000000001
R006,VEH,T1_SD_VEH,2026_06_20_merged.mat,TEST,1,35442,9444,472.1500000000001,1772.0500000000002
R006,VEH,T1_SD_VEH,2026_06_20_merged.mat,TEST,1,35443,9445,472.20000000000005,1772.1000000000001
R006,VEH,T1_SD_VEH,2026_06_20_merged.mat,TEST,1,35475,9477,473.80000000000007,1773.7000000000003
R006,VEH,T1_SD_VEH,2026_06_20_merged.mat,TEST,1,35476,9478,473.8500000000001,1773.7500000000002
R006,VEH,T1_SD_VEH,2026_06_20_merged.mat,TEST,2,35487,9489,474.4000000000001,1774.3000000000002
R006,VEH,T1_SD_VEH,2026_06_20_merged.mat,TEST,1,35495,9497,474.80000000000007,1774.7000000000003
R006,VEH,T1_SD_VEH,2026_06_20_merged.mat,TEST,1,35496,9498,474.8500000000001,1774.7500000000002
R006,VEH,T1_SD_VEH,2026_06_20_merged.mat,TEST,1,35508,9510,475.45000000000005,1775.3500000000001
R006,VEH,T1_SD_VEH,2026_06_20_merged.mat,TEST,1,35509,9511,475.5000000000001,1775.4
R006,VEH,T1_SD_VEH,2026_06_20_merged.mat,TEST,1,35510,9512,475.55000000000007,1775.4500000000003
R006,VEH,T1_SD_VEH,2026_06_20_merged.mat,TEST,1,35511,9513,475.6000000000001,1775.5000000000002
R006,VEH,T1_SD_VEH,2026_06_20_merged.mat,TEST,2,35525,9527,476.30000000000007,1776.2000000000003
R006,VEH,T1_SD_VEH,2026_06_20_merged.mat,TEST,2,35526,9528,476.3500000000001,1776.2500000000002
R006,VEH,T1_SD_VEH,2026_06_20_merged.mat,TEST,2,35527,9529,476.4000000000001,1776.3000000000002
R006,VEH,T1_SD_VEH,2026_06_20_merged.mat,TEST,2,35528,9530,476.45000000000005,1776.3500000000001
R006,VEH,T1_SD_VEH,2026_06_20_merged.mat,TEST,1,35542,9544,477.1500000000001,1777.0500000000002
R006,VEH,T1_SD_VEH,2026_06_20_merged.mat,TEST,1,35543,9545,477.20000000000005,1777.1000000000001
R006,VEH,T1_SD_VEH,2026_06_20_merged.mat,TEST,1,35544,9546,477.2500000000001,1777.15
R006,VEH,T1_SD_VEH,2026_06_20_merged.mat,TEST,1,35545,9547,477.30000000000007,1777.2000000000003
R006,VEH,T1_SD_VEH,2026_06_20_merged.mat,TEST,1,35546,9548,477.3500000000001,1777.2500000000002
R006,VEH,T1_SD_VEH,2026_06_20_merged.mat,TEST,1,35560,9562,478.05000000000007,1777.9500000000003
R006,VEH,T1_SD_VEH,2026_06_20_merged.mat,TEST,1,35569,9571,478.5000000000001,1778.4
R006,VEH,T1_SD_VEH,2026_06_20_merged.mat,TEST,1,35570,9572,478.55000000000007,1778.4500000000003
R006,VEH,T1_SD_VEH,2026_06_20_merged.mat,TEST,1,35571,9573,478.6000000000001,1778.5000000000002
R006,VEH,T1_SD_VEH,2026_06_20_merged.mat,TEST,1,35572,9574,478.6500000000001,1778.5500000000002
R006,VEH,T1_SD_VEH,2026_06_20_merged.mat,TEST,1,35573,9575,478.70000000000005,1778.6000000000001
R006,VEH,T1_SD_VEH,2026_06_20_merged.mat,TEST,2,35592,9594,479.6500000000001,1779.5500000000002
R006,VEH,T1_SD_VEH,2026_06_20_merged.mat,TEST,2,35593,9595,479.70000000000005,1779.6000000000001
R006,VEH,T1_SD_VEH,2026_06_20_merged.mat,TEST,2,35594,9596,479.7500000000001,1779.65
R006,VEH,T1_SD_VEH,2026_06_20_merged.mat,TEST,2,35595,9597,479.80000000000007,1779.7000000000003
R006,VEH,T1_SD_VEH,2026_06_20_merged.mat,TEST,2,35596,9598,479.8500000000001,1779.7500000000002
R006,VEH,T1_SD_VEH,2026_06_20_merged.mat,TEST,1,35611,9613,480.6000000000001,1780.5000000000002
R006,VEH,T1_SD_VEH,2026_06_20_merged.mat,TEST,1,35612,9614,480.6500000000001,1780.5500000000002
R006,VEH,T1_SD_VEH,2026_06_20_merged.mat,TEST,1,35613,9615,480.70000000000005,1780.6000000000001
R006,VEH,T1_SD_VEH,2026_06_20_merged.mat,TEST,1,35614,9616,480.7500000000001,1780.65
R006,VEH,T1_SD_VEH,2026_06_20_merged.mat,TEST,1,35615,9617,480.80000000000007,1780.7000000000003
R006,VEH,T1_SD_VEH,2026_06_20_merged.mat,TEST,1,35616,9618,480.8500000000001,1780.7500000000002
R006,VEH,T1_SD_VEH,2026_06_20_merged.mat,TEST,1,35617,9619,480.9000000000001,1780.8000000000002
R006,VEH,T1_SD_VEH,2026_06_20_merged.mat,TEST,1,35618,9620,480.95000000000005,1780.8500000000001
R006,VEH,T1_SD_VEH,2026_06_20_merged.mat,TEST,1,35645,9647,482.30000000000007,1782.2000000000003
R006,VEH,T1_SD_VEH,2026_06_20_merged.mat,TEST,1,35646,9648,482.3500000000001,1782.2500000000002
R006,VEH,T1_SD_VEH,2026_06_20_merged.mat,TEST,1,35647,9649,482.4000000000001,1782.3000000000002
R006,VEH,T1_SD_VEH,2026_06_20_merged.mat,TEST,1,35648,9650,482.45000000000005,1782.3500000000001
R006,VEH,T1_SD_VEH,2026_06_20_merged.mat,TEST,1,35649,9651,482.5000000000001,1782.4
R006,VEH,T1_SD_VEH,2026_06_20_merged.mat,TEST,1,35650,9652,482.55000000000007,1782.4500000000003
R006,VEH,T1_SD_VEH,2026_06_20_merged.mat,TEST,2,35660,9662,483.05000000000007,1782.9500000000003
R006,VEH,T1_SD_VEH,2026_06_20_merged.mat,TEST,2,35661,9663,483.1000000000001,1783.0000000000002
R006,VEH,T1_SD_VEH,2026_06_20_merged.mat,TEST,2,35662,9664,483.1500000000001,1783.0500000000002
R006,VEH,T1_SD_VEH,2026_06_20_merged.mat,TEST,1,35679,9681,484.0000000000001,1783.9
R006,VEH,T1_SD_VEH,2026_06_20_merged.mat,TEST,1,35680,9682,484.05000000000007,1783.9500000000003
R006,VEH,T1_SD_VEH,2026_06_20_merged.mat,TEST,1,35681,9683,484.1000000000001,1784.0000000000002
R006,VEH,T1_SD_VEH,2026_06_20_merged.mat,TEST,1,35682,9684,484.1500000000001,1784.0500000000002
R006,VEH,T1_SD_VEH,2026_06_20_merged.mat,TEST,1,35683,9685,484.20000000000005,1784.1000000000001
R006,VEH,T1_SD_VEH,2026_06_20_merged.mat,TEST,1,35684,9686,484.2500000000001,1784.15
R006,VEH,T1_SD_VEH,2026_06_20_merged.mat,TEST,2,35693,9695,484.70000000000005,1784.6000000000001
R006,VEH,T1_SD_VEH,2026_06_20_merged.mat,TEST,2,35694,9696,484.7500000000001,1784.65
R006,VEH,T1_SD_VEH,2026_06_20_merged.mat,TEST,1,35712,9714,485.6500000000001,1785.5500000000002
R006,VEH,T1_SD_VEH,2026_06_20_merged.mat,TEST,1,35713,9715,485.70000000000005,1785.6000000000001
R006,VEH,T1_SD_VEH,2026_06_20_merged.mat,TEST,1,35714,9716,485.7500000000001,1785.65
R006,VEH,T1_SD_VEH,2026_06_20_merged.mat,TEST,1,35715,9717,485.80000000000007,1785.7000000000003
R006,VEH,T1_SD_VEH,2026_06_20_merged.mat,TEST,1,35716,9718,485.8500000000001,1785.7500000000002
R006,VEH,T1_SD_VEH,2026_06_20_merged.mat,TEST,1,35746,9748,487.3500000000001,1787.2500000000002
R006,VEH,T1_SD_VEH,2026_06_20_merged.mat,TEST,1,35747,9749,487.4000000000001,1787.3000000000002
R006,VEH,T1_SD_VEH,2026_06_20_merged.mat,TEST,1,35748,9750,487.45000000000005,1787.3500000000001
R006,VEH,T1_SD_VEH,2026_06_20_merged.mat,TEST,2,35755,9757,487.80000000000007,1787.7000000000003
R006,VEH,T1_SD_VEH,2026_06_20_merged.mat,TEST,2,35775,9777,488.80000000000007,1788.7000000000003
R006,VEH,T1_SD_VEH,2026_06_20_merged.mat,TEST,2,35776,9778,488.8500000000001,1788.7500000000002
R006,VEH,T1_SD_VEH,2026_06_20_merged.mat,TEST,1,35792,9794,489.6500000000001,1789.5500000000002
R006,VEH,T1_SD_VEH,2026_06_20_merged.mat,TEST,1,35807,9809,490.4000000000001,1790.3000000000002
R006,VEH,T1_SD_VEH,2026_06_20_merged.mat,TEST,1,35808,9810,490.45000000000005,1790.3500000000001
R006,VEH,T1_SD_VEH,2026_06_20_merged.mat,TEST,2,35820,9822,491.05000000000007,1790.9500000000003
R006,VEH,T1_SD_VEH,2026_06_20_merged.mat,TEST,2,35821,9823,491.1000000000001,1791.0000000000002
R006,VEH,T1_SD_VEH,2026_06_20_merged.mat,TEST,2,35836,9838,491.8500000000001,1791.7500000000002
R006,VEH,T1_SD_VEH,2026_06_20_merged.mat,TEST,2,35837,9839,491.9000000000001,1791.8000000000002
R006,VEH,T1_SD_VEH,2026_06_20_merged.mat,TEST,2,35838,9840,491.95000000000005,1791.8500000000001
R006,VEH,T1_SD_VEH,2026_06_20_merged.mat,TEST,1,35856,9858,492.8500000000001,1792.7500000000002
R006,VEH,T1_SD_VEH,2026_06_20_merged.mat,TEST,1,35857,9859,492.9000000000001,1792.8000000000002
R006,VEH,T1_SD_VEH,2026_06_20_merged.mat,TEST,1,35858,9860,492.95000000000005,1792.8500000000001
R006,VEH,T1_SD_VEH,2026_06_20_merged.mat,TEST,1,35859,9861,493.0000000000001,1792.9
R006,VEH,T1_SD_VEH,2026_06_20_merged.mat,TEST,1,35860,9862,493.05000000000007,1792.9500000000003
R006,VEH,T1_SD_VEH,2026_06_20_merged.mat,TEST,1,35865,9867,493.30000000000007,1793.2000000000003
R006,VEH,T1_SD_VEH,2026_06_20_merged.mat,TEST,1,35866,9868,493.3500000000001,1793.2500000000002
R006,VEH,T1_SD_VEH,2026_06_20_merged.mat,TEST,1,35867,9869,493.4000000000001,1793.3000000000002
R006,VEH,T1_SD_VEH,2026_06_20_merged.mat,TEST,2,35879,9881,494.0000000000001,1793.9
R006,VEH,T1_SD_VEH,2026_06_20_merged.mat,TEST,2,35880,9882,494.05000000000007,1793.9500000000003
R006,VEH,T1_SD_VEH,2026_06_20_merged.mat,TEST,2,35881,9883,494.1000000000001,1794.0000000000002
R006,VEH,T1_SD_VEH,2026_06_20_merged.mat,TEST,1,35889,9891,494.5000000000001,1794.4
R006,VEH,T1_SD_VEH,2026_06_20_merged.mat,TEST,1,35890,9892,494.55000000000007,1794.4500000000003
R006,VEH,T1_SD_VEH,2026_06_20_merged.mat,TEST,1,35891,9893,494.6000000000001,1794.5000000000002
R006,VEH,T1_SD_VEH,2026_06_20_merged.mat,TEST,1,35892,9894,494.6500000000001,1794.5500000000002
R006,VEH,T1_SD_VEH,2026_06_20_merged.mat,TEST,1,35893,9895,494.70000000000005,1794.6000000000001
R006,VEH,T1_SD_VEH,2026_06_20_merged.mat,TEST,2,35908,9910,495.45000000000005,1795.3500000000001
R006,VEH,T1_SD_VEH,2026_06_20_merged.mat,TEST,2,35909,9911,495.5000000000001,1795.4
R006,VEH,T1_SD_VEH,2026_06_20_merged.mat,TEST,2,35910,9912,495.55000000000007,1795.4500000000003
R006,VEH,T1_SD_VEH,2026_06_20_merged.mat,TEST,2,35911,9913,495.6000000000001,1795.5000000000002
R006,VEH,T1_SD_VEH,2026_06_20_merged.mat,TEST,2,35912,9914,495.6500000000001,1795.5500000000002
R006,VEH,T1_SD_VEH,2026_06_20_merged.mat,TEST,1,35919,9921,496.0000000000001,1795.9
R006,VEH,T1_SD_VEH,2026_06_20_merged.mat,TEST,1,35920,9922,496.05000000000007,1795.9500000000003
R006,VEH,T1_SD_VEH,2026_06_20_merged.mat,TEST,1,35950,9952,497.55000000000007,1797.4500000000003
R006,VEH,T1_SD_VEH,2026_06_20_merged.mat,TEST,1,35951,9953,497.6000000000001,1797.5000000000002
R006,VEH,T1_SD_VEH,2026_06_20_merged.mat,TEST,1,35952,9954,497.6500000000001,1797.5500000000002
R006,VEH,T1_SD_VEH,2026_06_20_merged.mat,TEST,1,35953,9955,497.70000000000005,1797.6000000000001
R006,VEH,T1_SD_VEH,2026_06_20_merged.mat,TEST,1,35954,9956,497.7500000000001,1797.65
R006,VEH,T1_SD_VEH,2026_06_20_merged.mat,TEST,1,35962,9964,498.1500000000001,1798.0500000000002
R006,VEH,T1_SD_VEH,2026_06_20_merged.mat,TEST,1,36002,10004,500.1500000000001,1800.0500000000002
R006,VEH,T1_SD_VEH,2026_06_20_merged.mat,TEST,1,36003,10005,500.20000000000005,1800.1000000000001
R006,VEH,T1_SD_VEH,2026_06_20_merged.mat,TEST,1,36014,10016,500.7500000000001,1800.65
R006,VEH,T1_SD_VEH,2026_06_20_merged.mat,TEST,1,36026,10028,501.3500000000001,1801.2500000000002
R006,VEH,T1_SD_VEH,2026_06_20_merged.mat,TEST,1,36027,10029,501.4000000000001,1801.3000000000002
R006,VEH,T1_SD_VEH,2026_06_20_merged.mat,TEST,1,36028,10030,501.45000000000005,1801.3500000000001
R006,VEH,T1_SD_VEH,2026_06_20_merged.mat,TEST,1,36029,10031,501.5000000000001,1801.4
R006,VEH,T1_SD_VEH,2026_06_20_merged.mat,TEST,1,36030,10032,501.55000000000007,1801.4500000000003
R006,VEH,T1_SD_VEH,2026_06_20_merged.mat,TEST,1,36179,10181,509.0000000000001,1808.9
R006,VEH,T1_SD_VEH,2026_06_20_merged.mat,TEST,1,36180,10182,509.05000000000007,1808.9500000000003
R006,VEH,T1_SD_VEH,2026_06_20_merged.mat,TEST,1,36181,10183,509.1000000000001,1809.0000000000002
R006,VEH,T1_SD_VEH,2026_06_20_merged.mat,TEST,2,36209,10211,510.5000000000001,1810.4
R006,VEH,T1_SD_VEH,2026_06_20_merged.mat,TEST,2,36333,10335,516.7,1816.6000000000001
R006,VEH,T1_SD_VEH,2026_06_20_merged.mat,TEST,2,36334,10336,516.7500000000001,1816.65
R006,VEH,T1_SD_VEH,2026_06_20_merged.mat,TEST,2,36335,10337,516.8000000000001,1816.7000000000003
R006,VEH,T1_SD_VEH,2026_06_20_merged.mat,TEST,2,36336,10338,516.8500000000001,1816.7500000000002
R006,VEH,T1_SD_VEH,2026_06_20_merged.mat,TEST,2,36337,10339,516.9000000000001,1816.8000000000002
R006,VEH,T1_SD_VEH,2026_06_20_merged.mat,TEST,2,36367,10369,518.4000000000001,1818.3000000000002
R006,VEH,T1_SD_VEH,2026_06_20_merged.mat,TEST,2,36368,10370,518.45,1818.3500000000001
R006,VEH,T1_SD_VEH,2026_06_20_merged.mat,TEST,2,36369,10371,518.5000000000001,1818.4
R006,VEH,T1_SD_VEH,2026_06_20_merged.mat,TEST,2,36370,10372,518.5500000000001,1818.4500000000003
R006,VEH,T1_SD_VEH,2026_06_20_merged.mat,TEST,1,36383,10385,519.2,1819.1000000000001
R006,VEH,T1_SD_VEH,2026_06_20_merged.mat,TEST,1,36384,10386,519.2500000000001,1819.15
R006,VEH,T1_SD_VEH,2026_06_20_merged.mat,TEST,1,36385,10387,519.3000000000001,1819.2000000000003
R006,VEH,T1_SD_VEH,2026_06_20_merged.mat,TEST,1,36386,10388,519.3500000000001,1819.2500000000002
R006,VEH,T1_SD_VEH,2026_06_20_merged.mat,TEST,1,36387,10389,519.4000000000001,1819.3000000000002
R006,VEH,T1_SD_VEH,2026_06_20_merged.mat,TEST,1,36399,10401,520.0000000000001,1819.9
R006,VEH,T1_SD_VEH,2026_06_20_merged.mat,TEST,1,36400,10402,520.0500000000001,1819.9500000000003
R006,VEH,T1_SD_VEH,2026_06_20_merged.mat,TEST,2,36409,10411,520.5000000000001,1820.4
R006,VEH,T1_SD_VEH,2026_06_20_merged.mat,TEST,2,36410,10412,520.5500000000001,1820.4500000000003
R006,VEH,T1_SD_VEH,2026_06_20_merged.mat,TEST,2,36411,10413,520.6000000000001,1820.5000000000002
R006,VEH,T1_SD_VEH,2026_06_20_merged.mat,TEST,1,36430,10432,521.5500000000001,1821.4500000000003
R006,VEH,T1_SD_VEH,2026_06_20_merged.mat,TEST,1,36431,10433,521.6000000000001,1821.5000000000002
R006,VEH,T1_SD_VEH,2026_06_20_merged.mat,TEST,1,36432,10434,521.6500000000001,1821.5500000000002
R006,VEH,T1_SD_VEH,2026_06_20_merged.mat,TEST,2,36446,10448,522.3500000000001,1822.2500000000002
R006,VEH,T1_SD_VEH,2026_06_20_merged.mat,TEST,2,36514,10516,525.7500000000001,1825.65
R006,VEH,T1_SD_VEH,2026_06_20_merged.mat,TEST,2,36515,10517,525.8000000000001,1825.7000000000003
R006,VEH,T1_SD_VEH,2026_06_20_merged.mat,TEST,2,36516,10518,525.8500000000001,1825.7500000000002
R006,VEH,T1_SD_VEH,2026_06_20_merged.mat,TEST,2,36543,10545,527.2,1827.1000000000001
R006,VEH,T1_SD_VEH,2026_06_20_merged.mat,TEST,2,36544,10546,527.2500000000001,1827.15
R006,VEH,T1_SD_VEH,2026_06_20_merged.mat,TEST,2,36545,10547,527.3000000000001,1827.2000000000003
R006,VEH,T1_SD_VEH,2026_06_20_merged.mat,TEST,2,36546,10548,527.3500000000001,1827.2500000000002
R006,VEH,T1_SD_VEH,2026_06_20_merged.mat,TEST,2,36547,10549,527.4000000000001,1827.3000000000002
R006,VEH,T1_SD_VEH,2026_06_20_merged.mat,TEST,2,36556,10558,527.8500000000001,1827.7500000000002
R006,VEH,T1_SD_VEH,2026_06_20_merged.mat,TEST,2,36565,10567,528.3000000000001,1828.2000000000003
R006,VEH,T1_SD_VEH,2026_06_20_merged.mat,TEST,2,36566,10568,528.3500000000001,1828.2500000000002
R006,VEH,T1_SD_VEH,2026_06_20_merged.mat,TEST,2,36567,10569,528.4000000000001,1828.3000000000002
R006,VEH,T1_SD_VEH,2026_06_20_merged.mat,TEST,1,36576,10578,528.8500000000001,1828.7500000000002
R006,VEH,T1_SD_VEH,2026_06_20_merged.mat,TEST,1,36577,10579,528.9000000000001,1828.8000000000002
R006,VEH,T1_SD_VEH,2026_06_20_merged.mat,TEST,1,36578,10580,528.95,1828.8500000000001
R006,VEH,T1_SD_VEH,2026_06_20_merged.mat,TEST,2,36603,10605,530.2,1830.1000000000001
R006,VEH,T1_SD_VEH,2026_06_20_merged.mat,TEST,2,36604,10606,530.2500000000001,1830.15
R006,VEH,T1_SD_VEH,2026_06_20_merged.mat,TEST,2,36605,10607,530.3000000000001,1830.2000000000003
R006,VEH,T1_SD_VEH,2026_06_20_merged.mat,TEST,2,36606,10608,530.3500000000001,1830.2500000000002
R006,VEH,T1_SD_VEH,2026_06_20_merged.mat,TEST,2,36608,10610,530.45,1830.3500000000001
R006,VEH,T1_SD_VEH,2026_06_20_merged.mat,TEST,2,36652,10654,532.6500000000001,1832.5500000000002
R006,VEH,T1_SD_VEH,2026_06_20_merged.mat,TEST,2,36653,10655,532.7,1832.6000000000001
R006,VEH,T1_SD_VEH,2026_06_20_merged.mat,TEST,2,36654,10656,532.7500000000001,1832.65
R006,VEH,T1_SD_VEH,2026_06_20_merged.mat,TEST,2,36655,10657,532.8000000000001,1832.7000000000003
R006,VEH,T1_SD_VEH,2026_06_20_merged.mat,TEST,2,36676,10678,533.8500000000001,1833.7500000000002
R006,VEH,T1_SD_VEH,2026_06_20_merged.mat,TEST,2,36677,10679,533.9000000000001,1833.8000000000002
R006,VEH,T1_SD_VEH,2026_06_20_merged.mat,TEST,2,36678,10680,533.95,1833.8500000000001
R006,VEH,T1_SD_VEH,2026_06_20_merged.mat,TEST,2,36679,10681,534.0000000000001,1833.9
R006,VEH,T1_SD_VEH,2026_06_20_merged.mat,TEST,2,36680,10682,534.0500000000001,1833.9500000000003
R006,VEH,T1_SD_VEH,2026_06_20_merged.mat,TEST,2,36792,10794,539.6500000000001,1839.5500000000002
R006,VEH,T1_SD_VEH,2026_06_20_merged.mat,TEST,2,36793,10795,539.7,1839.6000000000001
R006,VEH,T1_SD_VEH,2026_06_20_merged.mat,TEST,2,36794,10796,539.7500000000001,1839.65
R006,VEH,T1_SD_VEH,2026_06_20_merged.mat,TEST,2,36802,10804,540.1500000000001,1840.0500000000002
R006,VEH,T1_SD_VEH,2026_06_20_merged.mat,TEST,2,36803,10805,540.2,1840.1000000000001
R006,VEH,T1_SD_VEH,2026_06_20_merged.mat,TEST,2,36804,10806,540.2500000000001,1840.15
R006,VEH,T1_SD_VEH,2026_06_20_merged.mat,TEST,2,36805,10807,540.3000000000001,1840.2000000000003
R006,VEH,T1_SD_VEH,2026_06_20_merged.mat,TEST,2,36806,10808,540.3500000000001,1840.2500000000002
R006,VEH,T1_SD_VEH,2026_06_20_merged.mat,TEST,2,36807,10809,540.4000000000001,1840.3000000000002
R006,VEH,T1_SD_VEH,2026_06_20_merged.mat,TEST,1,36851,10853,542.6000000000001,1842.5000000000002
R006,VEH,T1_SD_VEH,2026_06_20_merged.mat,TEST,1,36852,10854,542.6500000000001,1842.5500000000002
R006,VEH,T1_SD_VEH,2026_06_20_merged.mat,TEST,1,36853,10855,542.7,1842.6000000000001
R006,VEH,T1_SD_VEH,2026_06_20_merged.mat,TEST,2,36863,10865,543.2,1843.1000000000001
R006,VEH,T1_SD_VEH,2026_06_20_merged.mat,TEST,2,36864,10866,543.2500000000001,1843.15
R006,VEH,T1_SD_VEH,2026_06_20_merged.mat,TEST,2,36865,10867,543.3000000000001,1843.2000000000003
R006,VEH,T1_SD_VEH,2026_06_20_merged.mat,TEST,2,36866,10868,543.3500000000001,1843.2500000000002
R006,VEH,T1_SD_VEH,2026_06_20_merged.mat,TEST,2,36867,10869,543.4000000000001,1843.3000000000002
R006,VEH,T1_SD_VEH,2026_06_20_merged.mat,TEST,2,36868,10870,543.45,1843.3500000000001
R006,VEH,T1_SD_VEH,2026_06_20_merged.mat,TEST,1,36880,10882,544.0500000000001,1843.9500000000003
R006,VEH,T1_SD_VEH,2026_06_20_merged.mat,TEST,1,36881,10883,544.1000000000001,1844.0000000000002
R006,VEH,T1_SD_VEH,2026_06_20_merged.mat,TEST,1,36882,10884,544.1500000000001,1844.0500000000002
R006,VEH,T1_SD_VEH,2026_06_20_merged.mat,TEST,1,36883,10885,544.2,1844.1000000000001
R006,VEH,T1_SD_VEH,2026_06_20_merged.mat,TEST,1,36890,10892,544.5500000000001,1844.4500000000003
R006,VEH,T1_SD_VEH,2026_06_20_merged.mat,TEST,1,36891,10893,544.6000000000001,1844.5000000000002
R006,VEH,T1_SD_VEH,2026_06_20_merged.mat,TEST,1,36892,10894,544.6500000000001,1844.5500000000002
R006,VEH,T1_SD_VEH,2026_06_20_merged.mat,TEST,1,36941,10943,547.1000000000001,1847.0000000000002
R006,VEH,T1_SD_VEH,2026_06_20_merged.mat,TEST,1,36942,10944,547.1500000000001,1847.0500000000002
R006,VEH,T1_SD_VEH,2026_06_20_merged.mat,TEST,1,37007,11009,550.4000000000001,1850.3000000000002
R006,VEH,T1_SD_VEH,2026_06_20_merged.mat,TEST,1,37008,11010,550.45,1850.3500000000001
R006,VEH,T1_SD_VEH,2026_06_20_merged.mat,TEST,1,37009,11011,550.5000000000001,1850.4
R006,VEH,T1_SD_VEH,2026_06_20_merged.mat,TEST,1,37010,11012,550.5500000000001,1850.4500000000003
R006,VEH,T1_SD_VEH,2026_06_20_merged.mat,TEST,1,37011,11013,550.6000000000001,1850.5000000000002
R006,VEH,T1_SD_VEH,2026_06_20_merged.mat,TEST,1,37012,11014,550.6500000000001,1850.5500000000002
R006,VEH,T1_SD_VEH,2026_06_20_merged.mat,TEST,1,37013,11015,550.7,1850.6000000000001
R006,VEH,T1_SD_VEH,2026_06_20_merged.mat,TEST,1,37014,11016,550.7500000000001,1850.65
R006,VEH,T1_SD_VEH,2026_06_20_merged.mat,TEST,1,37022,11024,551.1500000000001,1851.0500000000002
R006,VEH,T1_SD_VEH,2026_06_20_merged.mat,TEST,1,37023,11025,551.2,1851.1000000000001
R006,VEH,T1_SD_VEH,2026_06_20_merged.mat,TEST,1,37024,11026,551.2500000000001,1851.15
R006,VEH,T1_SD_VEH,2026_06_20_merged.mat,TEST,2,37034,11036,551.7500000000001,1851.65
R006,VEH,T1_SD_VEH,2026_06_20_merged.mat,TEST,1,37042,11044,552.1500000000001,1852.0500000000002
R006,VEH,T1_SD_VEH,2026_06_20_merged.mat,TEST,1,37043,11045,552.2,1852.1000000000001
R006,VEH,T1_SD_VEH,2026_06_20_merged.mat,TEST,1,37044,11046,552.2500000000001,1852.15
R006,VEH,T1_SD_VEH,2026_06_20_merged.mat,TEST,1,37045,11047,552.3000000000001,1852.2000000000003
R006,VEH,T1_SD_VEH,2026_06_20_merged.mat,TEST,1,37046,11048,552.3500000000001,1852.2500000000002
R006,VEH,T1_SD_VEH,2026_06_20_merged.mat,TEST,1,37047,11049,552.4000000000001,1852.3000000000002
R006,VEH,T1_SD_VEH,2026_06_20_merged.mat,TEST,1,37069,11071,553.5000000000001,1853.4
R006,VEH,T1_SD_VEH,2026_06_20_merged.mat,TEST,1,37070,11072,553.5500000000001,1853.4500000000003
R006,VEH,T1_SD_VEH,2026_06_20_merged.mat,TEST,1,37071,11073,553.6000000000001,1853.5000000000002
R006,VEH,T1_SD_VEH,2026_06_20_merged.mat,TEST,1,37079,11081,554.0000000000001,1853.9
R006,VEH,T1_SD_VEH,2026_06_20_merged.mat,TEST,1,37080,11082,554.0500000000001,1853.9500000000003
R006,VEH,T1_SD_VEH,2026_06_20_merged.mat,TEST,1,37081,11083,554.1000000000001,1854.0000000000002
R006,VEH,T1_SD_VEH,2026_06_20_merged.mat,TEST,1,37093,11095,554.7,1854.6000000000001
R006,VEH,T1_SD_VEH,2026_06_20_merged.mat,TEST,1,37114,11116,555.7500000000001,1855.65
R006,VEH,T1_SD_VEH,2026_06_20_merged.mat,TEST,1,37115,11117,555.8000000000001,1855.7000000000003
R006,VEH,T1_SD_VEH,2026_06_20_merged.mat,TEST,1,37116,11118,555.8500000000001,1855.7500000000002
R006,VEH,T1_SD_VEH,2026_06_20_merged.mat,TEST,1,37117,11119,555.9000000000001,1855.8000000000002
R006,VEH,T1_SD_VEH,2026_06_20_merged.mat,TEST,1,37126,11128,556.3500000000001,1856.2500000000002
R006,VEH,T1_SD_VEH,2026_06_20_merged.mat,TEST,1,37127,11129,556.4000000000001,1856.3000000000002
R006,VEH,T1_SD_VEH,2026_06_20_merged.mat,TEST,1,37128,11130,556.45,1856.3500000000001
R006,VEH,T1_SD_VEH,2026_06_20_merged.mat,TEST,1,37129,11131,556.5000000000001,1856.4
R006,VEH,T1_SD_VEH,2026_06_20_merged.mat,TEST,1,37145,11147,557.3000000000001,1857.2000000000003
R006,VEH,T1_SD_VEH,2026_06_20_merged.mat,TEST,1,37146,11148,557.3500000000001,1857.2500000000002
R006,VEH,T1_SD_VEH,2026_06_20_merged.mat,TEST,1,37147,11149,557.4000000000001,1857.3000000000002
R006,VEH,T1_SD_VEH,2026_06_20_merged.mat,TEST,1,37148,11150,557.45,1857.3500000000001
R006,VEH,T1_SD_VEH,2026_06_20_merged.mat,TEST,1,37149,11151,557.5000000000001,1857.4
R006,VEH,T1_SD_VEH,2026_06_20_merged.mat,TEST,1,37150,11152,557.5500000000001,1857.4500000000003
R006,VEH,T1_SD_VEH,2026_06_20_merged.mat,TEST,1,37161,11163,558.1000000000001,1858.0000000000002
R006,VEH,T1_SD_VEH,2026_06_20_merged.mat,TEST,2,37178,11180,558.95,1858.8500000000001
R006,VEH,T1_SD_VEH,2026_06_20_merged.mat,TEST,2,37179,11181,559.0000000000001,1858.9
R006,VEH,T1_SD_VEH,2026_06_20_merged.mat,TEST,1,37197,11199,559.9000000000001,1859.8000000000002
R006,VEH,T1_SD_VEH,2026_06_20_merged.mat,TEST,1,37198,11200,559.95,1859.8500000000001
R006,VEH,T1_SD_VEH,2026_06_20_merged.mat,TEST,1,37199,11201,560.0000000000001,1859.9
R006,VEH,T1_SD_VEH,2026_06_20_merged.mat,TEST,1,37200,11202,560.0500000000001,1859.9500000000003
R006,VEH,T1_SD_VEH,2026_06_20_merged.mat,TEST,1,37209,11211,560.5000000000001,1860.4
R006,VEH,T1_SD_VEH,2026_06_20_merged.mat,TEST,1,37212,11214,560.6500000000001,1860.5500000000002
R006,VEH,T1_SD_VEH,2026_06_20_merged.mat,TEST,1,37222,11224,561.1500000000001,1861.0500000000002
R006,VEH,T1_SD_VEH,2026_06_20_merged.mat,TEST,1,37223,11225,561.2,1861.1000000000001
R006,VEH,T1_SD_VEH,2026_06_20_merged.mat,TEST,1,37224,11226,561.2500000000001,1861.15
R006,VEH,T1_SD_VEH,2026_06_20_merged.mat,TEST,1,37225,11227,561.3000000000001,1861.2000000000003
R006,VEH,T1_SD_VEH,2026_06_20_merged.mat,TEST,1,37226,11228,561.3500000000001,1861.2500000000002
R006,VEH,T1_SD_VEH,2026_06_20_merged.mat,TEST,1,37227,11229,561.4000000000001,1861.3000000000002
R006,VEH,T1_SD_VEH,2026_06_20_merged.mat,TEST,1,37249,11251,562.5000000000001,1862.4
R006,VEH,T1_SD_VEH,2026_06_20_merged.mat,TEST,1,37250,11252,562.5500000000001,1862.4500000000003
R006,VEH,T1_SD_VEH,2026_06_20_merged.mat,TEST,1,37290,11292,564.5500000000001,1864.4500000000003
R006,VEH,T1_SD_VEH,2026_06_20_merged.mat,TEST,1,37291,11293,564.6000000000001,1864.5000000000002
R006,VEH,T1_SD_VEH,2026_06_20_merged.mat,TEST,1,37292,11294,564.6500000000001,1864.5500000000002
R006,VEH,T1_SD_VEH,2026_06_20_merged.mat,TEST,1,37304,11306,565.2500000000001,1865.15
R006,VEH,T1_SD_VEH,2026_06_20_merged.mat,TEST,1,37305,11307,565.3000000000001,1865.2000000000003
R006,VEH,T1_SD_VEH,2026_06_20_merged.mat,TEST,1,37306,11308,565.3500000000001,1865.2500000000002
R006,VEH,T1_SD_VEH,2026_06_20_merged.mat,TEST,1,37307,11309,565.4000000000001,1865.3000000000002
R006,VEH,T1_SD_VEH,2026_06_20_merged.mat,TEST,2,37322,11324,566.1500000000001,1866.0500000000002
R006,VEH,T1_SD_VEH,2026_06_20_merged.mat,TEST,2,37323,11325,566.2,1866.1000000000001
R006,VEH,T1_SD_VEH,2026_06_20_merged.mat,TEST,2,37324,11326,566.2500000000001,1866.15
R006,VEH,T1_SD_VEH,2026_06_20_merged.mat,TEST,2,37325,11327,566.3000000000001,1866.2000000000003
R006,VEH,T1_SD_VEH,2026_06_20_merged.mat,TEST,2,37326,11328,566.3500000000001,1866.2500000000002
R006,VEH,T1_SD_VEH,2026_06_20_merged.mat,TEST,1,37379,11381,569.0000000000001,1868.9
R006,VEH,T1_SD_VEH,2026_06_20_merged.mat,TEST,1,37389,11391,569.5000000000001,1869.4
R006,VEH,T1_SD_VEH,2026_06_20_merged.mat,TEST,1,37398,11400,569.95,1869.8500000000001
R006,VEH,T1_SD_VEH,2026_06_20_merged.mat,TEST,1,37399,11401,570.0000000000001,1869.9
R006,VEH,T1_SD_VEH,2026_06_20_merged.mat,TEST,1,37400,11402,570.0500000000001,1869.9500000000003
R006,VEH,T1_SD_VEH,2026_06_20_merged.mat,TEST,1,37401,11403,570.1000000000001,1870.0000000000002
R006,VEH,T1_SD_VEH,2026_06_20_merged.mat,TEST,1,37402,11404,570.1500000000001,1870.0500000000002
R006,VEH,T1_SD_VEH,2026_06_20_merged.mat,TEST,1,37403,11405,570.2,1870.1000000000001
R006,VEH,T1_SD_VEH,2026_06_20_merged.mat,TEST,2,37416,11418,570.8500000000001,1870.7500000000002
R006,VEH,T1_SD_VEH,2026_06_20_merged.mat,TEST,2,37417,11419,570.9000000000001,1870.8000000000002
R006,VEH,T1_SD_VEH,2026_06_20_merged.mat,TEST,2,37418,11420,570.95,1870.8500000000001
R006,VEH,T1_SD_VEH,2026_06_20_merged.mat,TEST,2,37419,11421,571.0000000000001,1870.9
R006,VEH,T1_SD_VEH,2026_06_20_merged.mat,TEST,2,37441,11443,572.1000000000001,1872.0000000000002
R006,VEH,T1_SD_VEH,2026_06_20_merged.mat,TEST,2,37442,11444,572.1500000000001,1872.0500000000002
R006,VEH,T1_SD_VEH,2026_06_20_merged.mat,TEST,1,37483,11485,574.2,1874.1000000000001
R006,VEH,T1_SD_VEH,2026_06_20_merged.mat,TEST,1,37484,11486,574.2500000000001,1874.15
R006,VEH,T1_SD_VEH,2026_06_20_merged.mat,TEST,1,37485,11487,574.3000000000001,1874.2000000000003
R006,VEH,T1_SD_VEH,2026_06_20_merged.mat,TEST,1,37486,11488,574.3500000000001,1874.2500000000002
R006,VEH,T1_SD_VEH,2026_06_20_merged.mat,TEST,1,37494,11496,574.7500000000001,1874.65
R006,VEH,T1_SD_VEH,2026_06_20_merged.mat,TEST,1,37495,11497,574.8000000000001,1874.7000000000003
R006,VEH,T1_SD_VEH,2026_06_20_merged.mat,TEST,1,37496,11498,574.8500000000001,1874.7500000000002
R006,VEH,T1_SD_VEH,2026_06_20_merged.mat,TEST,1,37497,11499,574.9000000000001,1874.8000000000002
R006,VEH,T1_SD_VEH,2026_06_20_merged.mat,TEST,1,37498,11500,574.95,1874.8500000000001
R006,VEH,T1_SD_VEH,2026_06_20_merged.mat,TEST,1,37525,11527,576.3000000000001,1876.2000000000003
R006,VEH,T1_SD_VEH,2026_06_20_merged.mat,TEST,1,37526,11528,576.3500000000001,1876.2500000000002
R006,VEH,T1_SD_VEH,2026_06_20_merged.mat,TEST,1,37527,11529,576.4000000000001,1876.3000000000002
R006,VEH,T1_SD_VEH,2026_06_20_merged.mat,TEST,1,37528,11530,576.45,1876.3500000000001
R006,VEH,T1_SD_VEH,2026_06_20_merged.mat,TEST,1,37529,11531,576.5000000000001,1876.4
R006,VEH,T1_SD_VEH,2026_06_20_merged.mat,TEST,1,37545,11547,577.3000000000001,1877.2000000000003
R006,VEH,T1_SD_VEH,2026_06_20_merged.mat,TEST,1,37546,11548,577.3500000000001,1877.2500000000002
R006,VEH,T1_SD_VEH,2026_06_20_merged.mat,TEST,1,37547,11549,577.4000000000001,1877.3000000000002
R006,VEH,T1_SD_VEH,2026_06_20_merged.mat,TEST,1,37548,11550,577.45,1877.3500000000001
R006,VEH,T1_SD_VEH,2026_06_20_merged.mat,TEST,2,37553,11555,577.7,1877.6000000000001
R006,VEH,T1_SD_VEH,2026_06_20_merged.mat,TEST,2,37554,11556,577.7500000000001,1877.65
R006,VEH,T1_SD_VEH,2026_06_20_merged.mat,TEST,1,37561,11563,578.1000000000001,1878.0000000000002
R006,VEH,T1_SD_VEH,2026_06_20_merged.mat,TEST,1,37562,11564,578.1500000000001,1878.0500000000002
R006,VEH,T1_SD_VEH,2026_06_20_merged.mat,TEST,1,37563,11565,578.2,1878.1000000000001
R006,VEH,T1_SD_VEH,2026_06_20_merged.mat,TEST,1,37564,11566,578.2500000000001,1878.15
R006,VEH,T1_SD_VEH,2026_06_20_merged.mat,TEST,1,37567,11569,578.4000000000001,1878.3000000000002
R006,VEH,T1_SD_VEH,2026_06_20_merged.mat,TEST,1,37568,11570,578.45,1878.3500000000001
R006,VEH,T1_SD_VEH,2026_06_20_merged.mat,TEST,1,37589,11591,579.5000000000001,1879.4
R006,VEH,T1_SD_VEH,2026_06_20_merged.mat,TEST,1,37590,11592,579.5500000000001,1879.4500000000003
R006,VEH,T1_SD_VEH,2026_06_20_merged.mat,TEST,1,37591,11593,579.6000000000001,1879.5000000000002
R006,VEH,T1_SD_VEH,2026_06_20_merged.mat,TEST,1,37592,11594,579.6500000000001,1879.5500000000002
R006,VEH,T1_SD_VEH,2026_06_20_merged.mat,TEST,1,37593,11595,579.7,1879.6000000000001
R006,VEH,T1_SD_VEH,2026_06_20_merged.mat,TEST,1,37594,11596,579.7500000000001,1879.65
R006,VEH,T1_SD_VEH,2026_06_20_merged.mat,TEST,1,37595,11597,579.8000000000001,1879.7000000000003
R006,VEH,T1_SD_VEH,2026_06_20_merged.mat,TEST,1,37598,11600,579.95,1879.8500000000001
R006,VEH,T1_SD_VEH,2026_06_20_merged.mat,TEST,1,37600,11602,580.0500000000001,1879.9500000000003
R006,VEH,T1_SD_VEH,2026_06_20_merged.mat,TEST,1,37601,11603,580.1000000000001,1880.0000000000002
R006,VEH,T1_SD_VEH,2026_06_20_merged.mat,TEST,1,37608,11610,580.45,1880.3500000000001
R006,VEH,T1_SD_VEH,2026_06_20_merged.mat,TEST,1,37609,11611,580.5000000000001,1880.4
R006,VEH,T1_SD_VEH,2026_06_20_merged.mat,TEST,1,37610,11612,580.5500000000001,1880.4500000000003
R006,VEH,T1_SD_VEH,2026_06_20_merged.mat,TEST,1,37611,11613,580.6000000000001,1880.5000000000002
R006,VEH,T1_SD_VEH,2026_06_20_merged.mat,TEST,1,37612,11614,580.6500000000001,1880.5500000000002
R006,VEH,T1_SD_VEH,2026_06_20_merged.mat,TEST,1,37621,11623,581.1000000000001,1881.0000000000002
R006,VEH,T1_SD_VEH,2026_06_20_merged.mat,TEST,1,37622,11624,581.1500000000001,1881.0500000000002
R006,VEH,T1_SD_VEH,2026_06_20_merged.mat,TEST,1,37623,11625,581.2,1881.1000000000001
R006,VEH,T1_SD_VEH,2026_06_20_merged.mat,TEST,1,37624,11626,581.2500000000001,1881.15
R006,VEH,T1_SD_VEH,2026_06_20_merged.mat,TEST,1,37625,11627,581.3000000000001,1881.2000000000003
R006,VEH,T1_SD_VEH,2026_06_20_merged.mat,TEST,2,37663,11665,583.2,1883.1000000000001
R006,VEH,T1_SD_VEH,2026_06_20_merged.mat,TEST,1,37683,11685,584.2,1884.1000000000001
R006,VEH,T1_SD_VEH,2026_06_20_merged.mat,TEST,1,37684,11686,584.2500000000001,1884.15
R006,VEH,T1_SD_VEH,2026_06_20_merged.mat,TEST,1,37685,11687,584.3000000000001,1884.2000000000003
R006,VEH,T1_SD_VEH,2026_06_20_merged.mat,TEST,1,37708,11710,585.45,1885.3500000000001
R006,VEH,T1_SD_VEH,2026_06_20_merged.mat,TEST,1,37709,11711,585.5000000000001,1885.4
R006,VEH,T1_SD_VEH,2026_06_20_merged.mat,TEST,1,37710,11712,585.5500000000001,1885.4500000000003
R006,VEH,T1_SD_VEH,2026_06_20_merged.mat,TEST,1,37711,11713,585.6000000000001,1885.5000000000002
R006,VEH,T1_SD_VEH,2026_06_20_merged.mat,TEST,1,37729,11731,586.5000000000001,1886.4
R006,VEH,T1_SD_VEH,2026_06_20_merged.mat,TEST,1,37730,11732,586.5500000000001,1886.4500000000003
R006,VEH,T1_SD_VEH,2026_06_20_merged.mat,TEST,1,37731,11733,586.6000000000001,1886.5000000000002
R006,VEH,T1_SD_VEH,2026_06_20_merged.mat,TEST,1,37732,11734,586.6500000000001,1886.5500000000002
R006,VEH,T1_SD_VEH,2026_06_20_merged.mat,TEST,1,37739,11741,587.0000000000001,1886.9
R006,VEH,T1_SD_VEH,2026_06_20_merged.mat,TEST,1,37740,11742,587.0500000000001,1886.9500000000003
R006,VEH,T1_SD_VEH,2026_06_20_merged.mat,TEST,2,37747,11749,587.4000000000001,1887.3000000000002
R006,VEH,T1_SD_VEH,2026_06_20_merged.mat,TEST,2,37748,11750,587.45,1887.3500000000001
R006,VEH,T1_SD_VEH,2026_06_20_merged.mat,TEST,2,37749,11751,587.5000000000001,1887.4
R006,VEH,T1_SD_VEH,2026_06_20_merged.mat,TEST,2,37750,11752,587.5500000000001,1887.4500000000003
R006,VEH,T1_SD_VEH,2026_06_20_merged.mat,TEST,1,37766,11768,588.3500000000001,1888.2500000000002
R006,VEH,T1_SD_VEH,2026_06_20_merged.mat,TEST,1,37767,11769,588.4000000000001,1888.3000000000002
R006,VEH,T1_SD_VEH,2026_06_20_merged.mat,TEST,2,37774,11776,588.7500000000001,1888.65
R006,VEH,T1_SD_VEH,2026_06_20_merged.mat,TEST,2,37775,11777,588.8000000000001,1888.7000000000003
R006,VEH,T1_SD_VEH,2026_06_20_merged.mat,TEST,1,37796,11798,589.8500000000001,1889.7500000000002
R006,VEH,T1_SD_VEH,2026_06_20_merged.mat,TEST,1,37797,11799,589.9000000000001,1889.8000000000002
R006,VEH,T1_SD_VEH,2026_06_20_merged.mat,TEST,1,37807,11809,590.4000000000001,1890.3000000000002
R006,VEH,T1_SD_VEH,2026_06_20_merged.mat,TEST,1,37808,11810,590.45,1890.3500000000001
R006,VEH,T1_SD_VEH,2026_06_20_merged.mat,TEST,1,37809,11811,590.5000000000001,1890.4
R006,VEH,T1_SD_VEH,2026_06_20_merged.mat,TEST,1,37810,11812,590.5500000000001,1890.4500000000003
R006,VEH,T1_SD_VEH,2026_06_20_merged.mat,TEST,1,37891,11893,594.6000000000001,1894.5000000000002
R006,VEH,T1_SD_VEH,2026_06_20_merged.mat,TEST,1,37892,11894,594.6500000000001,1894.5500000000002
R006,VEH,T1_SD_VEH,2026_06_20_merged.mat,TEST,1,37910,11912,595.5500000000001,1895.4500000000003
R006,VEH,T1_SD_VEH,2026_06_20_merged.mat,TEST,1,37911,11913,595.6000000000001,1895.5000000000002
R006,VEH,T1_SD_VEH,2026_06_20_merged.mat,TEST,1,37912,11914,595.6500000000001,1895.5500000000002
R006,VEH,T1_SD_VEH,2026_06_20_merged.mat,TEST,1,37913,11915,595.7,1895.6000000000001
R006,VEH,T1_SD_VEH,2026_06_20_merged.mat,TEST,1,37914,11916,595.7500000000001,1895.65
R006,VEH,T1_SD_VEH,2026_06_20_merged.mat,TEST,1,37915,11917,595.8000000000001,1895.7000000000003
R006,VEH,T1_SD_VEH,2026_06_20_merged.mat,TEST,1,37916,11918,595.8500000000001,1895.7500000000002
R006,VEH,T1_SD_VEH,2026_06_20_merged.mat,TEST,2,37928,11930,596.45,1896.3500000000001
R006,VEH,T1_SD_VEH,2026_06_20_merged.mat,TEST,2,37929,11931,596.5000000000001,1896.4
R006,VEH,T1_SD_VEH,2026_06_20_merged.mat,TEST,2,37930,11932,596.5500000000001,1896.4500000000003
R006,VEH,T1_SD_VEH,2026_06_20_merged.mat,TEST,2,37931,11933,596.6000000000001,1896.5000000000002
R006,VEH,T1_SD_VEH,2026_06_20_merged.mat,TEST,1,37965,11967,598.3000000000001,1898.2000000000003
R006,VEH,T1_SD_VEH,2026_06_20_merged.mat,TEST,1,37966,11968,598.3500000000001,1898.2500000000002
R006,VEH,T1_SD_VEH,2026_06_20_merged.mat,TEST,1,37967,11969,598.4000000000001,1898.3000000000002
R006,VEH,T1_SD_VEH,2026_06_20_merged.mat,TEST,2,37975,11977,598.8000000000001,1898.7000000000003
R006,VEH,T1_SD_VEH,2026_06_20_merged.mat,TEST,2,37976,11978,598.8500000000001,1898.7500000000002
R006,VEH,T1_SD_VEH,2026_06_20_merged.mat,TEST,2,37977,11979,598.9000000000001,1898.8000000000002
R006,VEH,T1_SD_VEH,2026_06_20_merged.mat,TEST,2,37978,11980,598.95,1898.8500000000001
R006,VEH,T1_SD_VEH,2026_06_20_merged.mat,TEST,2,38011,12013,600.6000000000001,1900.5000000000002
R006,VEH,T1_SD_VEH,2026_06_20_merged.mat,TEST,2,38012,12014,600.6500000000001,1900.5500000000002
R006,VEH,T1_SD_VEH,2026_06_20_merged.mat,TEST,2,38023,12025,601.2,1901.1000000000001
R006,VEH,T1_SD_VEH,2026_06_20_merged.mat,TEST,2,38024,12026,601.2500000000001,1901.15
R006,VEH,T1_SD_VEH,2026_06_20_merged.mat,TEST,1,38046,12048,602.3500000000001,1902.2500000000002
R006,VEH,T1_SD_VEH,2026_06_20_merged.mat,TEST,1,38078,12080,603.95,1903.8500000000001
R006,VEH,T1_SD_VEH,2026_06_20_merged.mat,TEST,1,38079,12081,604.0000000000001,1903.9
R006,VEH,T1_SD_VEH,2026_06_20_merged.mat,TEST,2,38087,12089,604.4000000000001,1904.3000000000002
R006,VEH,T1_SD_VEH,2026_06_20_merged.mat,TEST,2,38088,12090,604.45,1904.3500000000001
R006,VEH,T1_SD_VEH,2026_06_20_merged.mat,TEST,2,38089,12091,604.5000000000001,1904.4
R006,VEH,T1_SD_VEH,2026_06_20_merged.mat,TEST,1,38097,12099,604.9000000000001,1904.8000000000002
R006,VEH,T1_SD_VEH,2026_06_20_merged.mat,TEST,1,38098,12100,604.95,1904.8500000000001
R006,VEH,T1_SD_VEH,2026_06_20_merged.mat,TEST,1,38099,12101,605.0000000000001,1904.9
R006,VEH,T1_SD_VEH,2026_06_20_merged.mat,TEST,1,38100,12102,605.0500000000001,1904.9500000000003
R006,VEH,T1_SD_VEH,2026_06_20_merged.mat,TEST,1,38101,12103,605.1000000000001,1905.0000000000002
R006,VEH,T1_SD_VEH,2026_06_20_merged.mat,TEST,1,38112,12114,605.6500000000001,1905.5500000000002
R006,VEH,T1_SD_VEH,2026_06_20_merged.mat,TEST,1,38113,12115,605.7,1905.6000000000001
R006,VEH,T1_SD_VEH,2026_06_20_merged.mat,TEST,2,38120,12122,606.0500000000001,1905.9500000000003
R006,VEH,T1_SD_VEH,2026_06_20_merged.mat,TEST,2,38121,12123,606.1000000000001,1906.0000000000002
R006,VEH,T1_SD_VEH,2026_06_20_merged.mat,TEST,2,38122,12124,606.1500000000001,1906.0500000000002
R006,VEH,T1_SD_VEH,2026_06_20_merged.mat,TEST,1,38134,12136,606.7500000000001,1906.65
R006,VEH,T1_SD_VEH,2026_06_20_merged.mat,TEST,1,38135,12137,606.8000000000001,1906.7000000000003
R006,VEH,T1_SD_VEH,2026_06_20_merged.mat,TEST,1,38136,12138,606.8500000000001,1906.7500000000002
R006,VEH,T1_SD_VEH,2026_06_20_merged.mat,TEST,1,38137,12139,606.9000000000001,1906.8000000000002
R006,VEH,T1_SD_VEH,2026_06_20_merged.mat,TEST,1,38138,12140,606.95,1906.8500000000001
R006,VEH,T1_SD_VEH,2026_06_20_merged.mat,TEST,2,38144,12146,607.2500000000001,1907.15
R006,VEH,T1_SD_VEH,2026_06_20_merged.mat,TEST,2,38145,12147,607.3000000000001,1907.2000000000003
R006,VEH,T1_SD_VEH,2026_06_20_merged.mat,TEST,2,38146,12148,607.3500000000001,1907.2500000000002
R006,VEH,T1_SD_VEH,2026_06_20_merged.mat,TEST,2,38147,12149,607.4000000000001,1907.3000000000002
R006,VEH,T1_SD_VEH,2026_06_20_merged.mat,TEST,1,38156,12158,607.8500000000001,1907.7500000000002
R006,VEH,T1_SD_VEH,2026_06_20_merged.mat,TEST,1,38157,12159,607.9000000000001,1907.8000000000002
R006,VEH,T1_SD_VEH,2026_06_20_merged.mat,TEST,1,38197,12199,609.9000000000001,1909.8000000000002
R006,VEH,T1_SD_VEH,2026_06_20_merged.mat,TEST,1,38198,12200,609.95,1909.8500000000001
R006,VEH,T1_SD_VEH,2026_06_20_merged.mat,TEST,1,38199,12201,610.0000000000001,1909.9
R006,VEH,T1_SD_VEH,2026_06_20_merged.mat,TEST,1,38200,12202,610.0500000000001,1909.9500000000003
R006,VEH,T1_SD_VEH,2026_06_20_merged.mat,TEST,1,38212,12214,610.6500000000001,1910.5500000000002
R006,VEH,T1_SD_VEH,2026_06_20_merged.mat,TEST,1,38213,12215,610.7,1910.6000000000001
R006,VEH,T1_SD_VEH,2026_06_20_merged.mat,TEST,1,38214,12216,610.7500000000001,1910.65
R006,VEH,T1_SD_VEH,2026_06_20_merged.mat,TEST,2,38221,12223,611.1000000000001,1911.0000000000002
R006,VEH,T1_SD_VEH,2026_06_20_merged.mat,TEST,2,38222,12224,611.1500000000001,1911.0500000000002
R006,VEH,T1_SD_VEH,2026_06_20_merged.mat,TEST,1,38250,12252,612.5500000000001,1912.4500000000003
R006,VEH,T1_SD_VEH,2026_06_20_merged.mat,TEST,1,38251,12253,612.6000000000001,1912.5000000000002
R006,VEH,T1_SD_VEH,2026_06_20_merged.mat,TEST,2,38284,12286,614.2500000000001,1914.15
R006,VEH,T1_SD_VEH,2026_06_20_merged.mat,TEST,2,38285,12287,614.3000000000001,1914.2000000000003
R006,VEH,T1_SD_VEH,2026_06_20_merged.mat,TEST,2,38286,12288,614.3500000000001,1914.2500000000002
R006,VEH,T1_SD_VEH,2026_06_20_merged.mat,TEST,2,38287,12289,614.4000000000001,1914.3000000000002
R006,VEH,T1_SD_VEH,2026_06_20_merged.mat,TEST,2,38288,12290,614.45,1914.3500000000001
R006,VEH,T1_SD_VEH,2026_06_20_merged.mat,TEST,1,38368,12370,618.45,1918.3500000000001
R006,VEH,T1_SD_VEH,2026_06_20_merged.mat,TEST,1,38369,12371,618.5000000000001,1918.4
R006,VEH,T1_SD_VEH,2026_06_20_merged.mat,TEST,1,38370,12372,618.5500000000001,1918.4500000000003
R006,VEH,T1_SD_VEH,2026_06_20_merged.mat,TEST,1,38371,12373,618.6000000000001,1918.5000000000002
R006,VEH,T1_SD_VEH,2026_06_20_merged.mat,TEST,1,38372,12374,618.6500000000001,1918.5500000000002
R006,VEH,T1_SD_VEH,2026_06_20_merged.mat,TEST,1,38380,12382,619.0500000000001,1918.9500000000003
R006,VEH,T1_SD_VEH,2026_06_20_merged.mat,TEST,1,38381,12383,619.1000000000001,1919.0000000000002
R006,VEH,T1_SD_VEH,2026_06_20_merged.mat,TEST,2,38425,12427,621.3000000000001,1921.2000000000003
R006,VEH,T1_SD_VEH,2026_06_20_merged.mat,TEST,2,38426,12428,621.3500000000001,1921.2500000000002
R006,VEH,T1_SD_VEH,2026_06_20_merged.mat,TEST,2,38427,12429,621.4000000000001,1921.3000000000002
R006,VEH,T1_SD_VEH,2026_06_20_merged.mat,TEST,2,38428,12430,621.45,1921.3500000000001
R006,VEH,T1_SD_VEH,2026_06_20_merged.mat,TEST,2,38429,12431,621.5000000000001,1921.4
R006,VEH,T1_SD_VEH,2026_06_20_merged.mat,TEST,1,38452,12454,622.6500000000001,1922.5500000000002
R006,VEH,T1_SD_VEH,2026_06_20_merged.mat,TEST,1,38453,12455,622.7,1922.6000000000001
R006,VEH,T1_SD_VEH,2026_06_20_merged.mat,TEST,1,38461,12463,623.1000000000001,1923.0000000000002
R006,VEH,T1_SD_VEH,2026_06_20_merged.mat,TEST,1,38462,12464,623.1500000000001,1923.0500000000002
R006,VEH,T1_SD_VEH,2026_06_20_merged.mat,TEST,1,38499,12501,625.0000000000001,1924.9
R006,VEH,T1_SD_VEH,2026_06_20_merged.mat,TEST,1,38500,12502,625.0500000000001,1924.9500000000003
R006,VEH,T1_SD_VEH,2026_06_20_merged.mat,TEST,1,38501,12503,625.1000000000001,1925.0000000000002
R006,VEH,T1_SD_VEH,2026_06_20_merged.mat,TEST,1,38502,12504,625.1500000000001,1925.0500000000002
R006,VEH,T1_SD_VEH,2026_06_20_merged.mat,TEST,1,38503,12505,625.2,1925.1000000000001
R006,VEH,T1_SD_VEH,2026_06_20_merged.mat,TEST,1,38514,12516,625.7500000000001,1925.65
R006,VEH,T1_SD_VEH,2026_06_20_merged.mat,TEST,2,38520,12522,626.0500000000001,1925.9500000000003
R006,VEH,T1_SD_VEH,2026_06_20_merged.mat,TEST,2,38521,12523,626.1000000000001,1926.0000000000002
R006,VEH,T1_SD_VEH,2026_06_20_merged.mat,TEST,1,38561,12563,628.1000000000001,1928.0000000000002
R006,VEH,T1_SD_VEH,2026_06_20_merged.mat,TEST,1,38562,12564,628.1500000000001,1928.0500000000002
R006,VEH,T1_SD_VEH,2026_06_20_merged.mat,TEST,1,38563,12565,628.2,1928.1000000000001
R006,VEH,T1_SD_VEH,2026_06_20_merged.mat,TEST,1,38564,12566,628.2500000000001,1928.15
R006,VEH,T1_SD_VEH,2026_06_20_merged.mat,TEST,1,38572,12574,628.6500000000001,1928.5500000000002
R006,VEH,T1_SD_VEH,2026_06_20_merged.mat,TEST,1,38573,12575,628.7,1928.6000000000001
R006,VEH,T1_SD_VEH,2026_06_20_merged.mat,TEST,1,38574,12576,628.7500000000001,1928.65
R006,VEH,T1_SD_VEH,2026_06_20_merged.mat,TEST,1,38575,12577,628.8000000000001,1928.7000000000003
R006,VEH,T1_SD_VEH,2026_06_20_merged.mat,TEST,1,38576,12578,628.8500000000001,1928.7500000000002
R006,VEH,T1_SD_VEH,2026_06_20_merged.mat,TEST,1,38577,12579,628.9000000000001,1928.8000000000002
R006,VEH,T1_SD_VEH,2026_06_20_merged.mat,TEST,1,38581,12583,629.1000000000001,1929.0000000000002
R006,VEH,T1_SD_VEH,2026_06_20_merged.mat,TEST,1,38582,12584,629.1500000000001,1929.0500000000002
R006,VEH,T1_SD_VEH,2026_06_20_merged.mat,TEST,1,38583,12585,629.2,1929.1000000000001
R006,VEH,T1_SD_VEH,2026_06_20_merged.mat,TEST,1,38584,12586,629.2500000000001,1929.15
R006,VEH,T1_SD_VEH,2026_06_20_merged.mat,TEST,1,38591,12593,629.6000000000001,1929.5000000000002
R006,VEH,T1_SD_VEH,2026_06_20_merged.mat,TEST,1,38592,12594,629.6500000000001,1929.5500000000002
R006,VEH,T1_SD_VEH,2026_06_20_merged.mat,TEST,1,38593,12595,629.7,1929.6000000000001
R006,VEH,T1_SD_VEH,2026_06_20_merged.mat,TEST,2,38599,12601,630.0000000000001,1929.9
R006,VEH,T1_SD_VEH,2026_06_20_merged.mat,TEST,2,38600,12602,630.0500000000001,1929.9500000000003
R006,VEH,T1_SD_VEH,2026_06_20_merged.mat,TEST,2,38601,12603,630.1000000000001,1930.0000000000002
R006,VEH,T1_SD_VEH,2026_06_20_merged.mat,TEST,1,38613,12615,630.7,1930.6000000000001
R006,VEH,T1_SD_VEH,2026_06_20_merged.mat,TEST,1,38614,12616,630.7500000000001,1930.65
R006,VEH,T1_SD_VEH,2026_06_20_merged.mat,TEST,1,38615,12617,630.8000000000001,1930.7000000000003
R006,VEH,T1_SD_VEH,2026_06_20_merged.mat,TEST,1,38616,12618,630.8500000000001,1930.7500000000002
R006,VEH,T1_SD_VEH,2026_06_20_merged.mat,TEST,1,38635,12637,631.8000000000001,1931.7000000000003
R006,VEH,T1_SD_VEH,2026_06_20_merged.mat,TEST,1,38636,12638,631.8500000000001,1931.7500000000002
R006,VEH,T1_SD_VEH,2026_06_20_merged.mat,TEST,1,38637,12639,631.9000000000001,1931.8000000000002
R006,VEH,T1_SD_VEH,2026_06_20_merged.mat,TEST,1,38638,12640,631.95,1931.8500000000001
R006,VEH,T1_SD_VEH,2026_06_20_merged.mat,TEST,1,38639,12641,632.0000000000001,1931.9
R006,VEH,T1_SD_VEH,2026_06_20_merged.mat,TEST,1,38640,12642,632.0500000000001,1931.9500000000003
R006,VEH,T1_SD_VEH,2026_06_20_merged.mat,TEST,1,38641,12643,632.1000000000001,1932.0000000000002
R006,VEH,T1_SD_VEH,2026_06_20_merged.mat,TEST,1,38645,12647,632.3000000000001,1932.2000000000003
R006,VEH,T1_SD_VEH,2026_06_20_merged.mat,TEST,1,38646,12648,632.3500000000001,1932.2500000000002
R006,VEH,T1_SD_VEH,2026_06_20_merged.mat,TEST,1,38658,12660,632.95,1932.8500000000001
R006,VEH,T1_SD_VEH,2026_06_20_merged.mat,TEST,1,38659,12661,633.0000000000001,1932.9
R006,VEH,T1_SD_VEH,2026_06_20_merged.mat,TEST,1,38660,12662,633.0500000000001,1932.9500000000003
R006,VEH,T1_SD_VEH,2026_06_20_merged.mat,TEST,2,38675,12677,633.8000000000001,1933.7000000000003
R006,VEH,T1_SD_VEH,2026_06_20_merged.mat,TEST,2,38676,12678,633.8500000000001,1933.7500000000002
R006,VEH,T1_SD_VEH,2026_06_20_merged.mat,TEST,2,38677,12679,633.9000000000001,1933.8000000000002
R006,VEH,T1_SD_VEH,2026_06_20_merged.mat,TEST,2,38678,12680,633.95,1933.8500000000001
R006,VEH,T1_SD_VEH,2026_06_20_merged.mat,TEST,2,38679,12681,634.0000000000001,1933.9
R006,VEH,T1_SD_VEH,2026_06_20_merged.mat,TEST,1,38721,12723,636.1000000000001,1936.0000000000002
R006,VEH,T1_SD_VEH,2026_06_20_merged.mat,TEST,1,38736,12738,636.8500000000001,1936.7500000000002
R006,VEH,T1_SD_VEH,2026_06_20_merged.mat,TEST,1,38737,12739,636.9000000000001,1936.8000000000002
R006,VEH,T1_SD_VEH,2026_06_20_merged.mat,TEST,1,38738,12740,636.95,1936.8500000000001
R006,VEH,T1_SD_VEH,2026_06_20_merged.mat,TEST,1,38739,12741,637.0000000000001,1936.9
R006,VEH,T1_SD_VEH,2026_06_20_merged.mat,TEST,1,38747,12749,637.4000000000001,1937.3000000000002
R006,VEH,T1_SD_VEH,2026_06_20_merged.mat,TEST,1,38748,12750,637.45,1937.3500000000001
R006,VEH,T1_SD_VEH,2026_06_20_merged.mat,TEST,1,38749,12751,637.5000000000001,1937.4
R006,VEH,T1_SD_VEH,2026_06_20_merged.mat,TEST,1,38750,12752,637.5500000000001,1937.4500000000003
R006,VEH,T1_SD_VEH,2026_06_20_merged.mat,TEST,1,38751,12753,637.6000000000001,1937.5000000000002
R006,VEH,T1_SD_VEH,2026_06_20_merged.mat,TEST,2,38789,12791,639.5000000000001,1939.4
R006,VEH,T1_SD_VEH,2026_06_20_merged.mat,TEST,2,38809,12811,640.5000000000001,1940.4
R006,VEH,T1_SD_VEH,2026_06_20_merged.mat,TEST,2,38810,12812,640.5500000000001,1940.4500000000003
R006,VEH,T1_SD_VEH,2026_06_20_merged.mat,TEST,2,38832,12834,641.6500000000001,1941.5500000000002
R006,VEH,T1_SD_VEH,2026_06_20_merged.mat,TEST,2,38833,12835,641.7,1941.6000000000001
R006,VEH,T1_SD_VEH,2026_06_20_merged.mat,TEST,2,38853,12855,642.7,1942.6000000000001
R006,VEH,T1_SD_VEH,2026_06_20_merged.mat,TEST,2,38854,12856,642.7500000000001,1942.65
R006,VEH,T1_SD_VEH,2026_06_20_merged.mat,TEST,1,38948,12950,647.45,1947.3500000000001
R006,VEH,T1_SD_VEH,2026_06_20_merged.mat,TEST,1,38949,12951,647.5000000000001,1947.4
R006,VEH,T1_SD_VEH,2026_06_20_merged.mat,TEST,1,38950,12952,647.5500000000001,1947.4500000000003
R006,VEH,T1_SD_VEH,2026_06_20_merged.mat,TEST,2,38957,12959,647.9000000000001,1947.8000000000002
R006,VEH,T1_SD_VEH,2026_06_20_merged.mat,TEST,1,38983,12985,649.2,1949.1000000000001
R006,VEH,T1_SD_VEH,2026_06_20_merged.mat,TEST,1,38984,12986,649.2500000000001,1949.15
R006,VEH,T1_SD_VEH,2026_06_20_merged.mat,TEST,1,38985,12987,649.3000000000001,1949.2000000000003
R006,VEH,T1_SD_VEH,2026_06_20_merged.mat,TEST,1,38986,12988,649.3500000000001,1949.2500000000002
R006,VEH,T1_SD_VEH,2026_06_20_merged.mat,TEST,1,38995,12997,649.8000000000001,1949.7000000000003
R006,VEH,T1_SD_VEH,2026_06_20_merged.mat,TEST,1,38996,12998,649.8500000000001,1949.7500000000002
R006,VEH,T1_SD_VEH,2026_06_20_merged.mat,OF2,2,39143,146,7.25,1957.1000000000001
R006,VEH,T1_SD_VEH,2026_06_20_merged.mat,OF2,2,39144,147,7.300000000000001,1957.15
R006,VEH,T1_SD_VEH,2026_06_20_merged.mat,OF2,2,39145,148,7.3500000000000005,1957.2
R006,VEH,T1_SD_VEH,2026_06_20_merged.mat,OF2,2,39146,149,7.4,1957.2500000000002
R006,VEH,T1_SD_VEH,2026_06_20_merged.mat,OF2,2,39161,164,8.15,1958.0000000000002
R006,VEH,T1_SD_VEH,2026_06_20_merged.mat,OF2,2,39162,165,8.200000000000001,1958.0500000000002
R006,VEH,T1_SD_VEH,2026_06_20_merged.mat,OF2,2,39163,166,8.25,1958.1000000000001
R006,VEH,T1_SD_VEH,2026_06_20_merged.mat,OF2,2,39164,167,8.3,1958.15
R006,VEH,T1_SD_VEH,2026_06_20_merged.mat,OF2,2,39165,168,8.35,1958.2
R006,VEH,T1_SD_VEH,2026_06_20_merged.mat,OF2,1,39224,227,11.3,1961.15
R006,VEH,T1_SD_VEH,2026_06_20_merged.mat,OF2,1,39225,228,11.350000000000001,1961.2
R006,VEH,T1_SD_VEH,2026_06_20_merged.mat,OF2,1,39226,229,11.4,1961.2500000000002
R006,VEH,T1_SD_VEH,2026_06_20_merged.mat,OF2,2,40038,1041,52.0,2001.8500000000001
R006,VEH,T1_SD_VEH,2026_06_20_merged.mat,OF2,1,41437,2440,121.95,2071.8
R006,VEH,T1_SD_VEH,2026_06_20_merged.mat,OF2,1,41438,2441,122.0,2071.8500000000004
R006,VEH,T1_SD_VEH,2026_06_20_merged.mat,OF2,1,41439,2442,122.05000000000001,2071.9
R006,VEH,T1_SD_VEH,2026_06_20_merged.mat,OF2,1,41657,2660,132.95000000000002,2082.8
R006,VEH,T1_SD_VEH,2026_06_20_merged.mat,OF2,1,42648,3651,182.5,2132.3500000000004
R006,VEH,T1_SD_VEH,2026_06_20_merged.mat,OF2,1,42649,3652,182.55,2132.4
R006,VEH,T1_SD_VEH,2026_06_20_merged.mat,OF2,1,43418,4421,221.0,2170.8500000000004
R006,VEH,T1_SD_VEH,2026_06_20_merged.mat,OF2,1,43419,4422,221.05,2170.9
R006,VEH,T1_SD_VEH,2026_06_20_merged.mat,OF2,1,43420,4423,221.10000000000002,2170.9500000000003
R006,VEH,T1_SD_VEH,2026_06_20_merged.mat,OF2,1,43421,4424,221.15,2171.0
R006,VEH,T1_SD_VEH,2026_06_20_merged.mat,OF2,1,43422,4425,221.20000000000002,2171.05
R006,VEH,T1_SD_VEH,2026_06_20_merged.mat,OF2,1,43475,4478,223.85000000000002,2173.7000000000003
R006,VEH,T1_SD_VEH,2026_06_20_merged.mat,OF2,2,43641,4644,232.15,2182.0
R006,VEH,T1_SD_VEH,2026_06_20_merged.mat,OF2,2,43642,4645,232.20000000000002,2182.05
R006,VEH,T1_SD_VEH,2026_06_20_merged.mat,OF2,2,43643,4646,232.25,2182.1000000000004
R006,VEH,T1_SD_VEH,2026_06_20_merged.mat,OF2,1,43717,4720,235.95000000000002,2185.8
R006,VEH,T1_SD_VEH,2026_06_20_merged.mat,OF2,1,43718,4721,236.0,2185.8500000000004
R006,VEH,T1_SD_VEH,2026_06_20_merged.mat,OF2,1,43719,4722,236.05,2185.9
R006,VEH,T1_SD_VEH,2026_06_20_merged.mat,OF2,1,43815,4818,240.85000000000002,2190.7000000000003
R006,VEH,T1_SD_VEH,2026_06_20_merged.mat,OF2,1,43816,4819,240.9,2190.75
R006,VEH,T1_SD_VEH,2026_06_20_merged.mat,OF2,1,43905,4908,245.35000000000002,2195.2000000000003
R006,VEH,T1_SD_VEH,2026_06_20_merged.mat,OF2,1,43928,4931,246.5,2196.3500000000004
R006,VEH,T1_SD_VEH,2026_06_20_merged.mat,OF2,1,43929,4932,246.55,2196.4
R006,VEH,T1_SD_VEH,2026_06_20_merged.mat,OF2,1,43930,4933,246.60000000000002,2196.4500000000003
R006,VEH,T1_SD_VEH,2026_06_20_merged.mat,OF2,1,43951,4954,247.65,2197.5
R006,VEH,T1_SD_VEH,2026_06_20_merged.mat,OF2,1,43960,4963,248.10000000000002,2197.9500000000003
R006,VEH,T1_SD_VEH,2026_06_20_merged.mat,OF2,1,43961,4964,248.15,2198.0
R006,VEH,T1_SD_VEH,2026_06_20_merged.mat,OF2,1,44060,5063,253.10000000000002,2202.9500000000003
R006,VEH,T1_SD_VEH,2026_06_20_merged.mat,OF2,1,44061,5064,253.15,2203.0
R006,VEH,T1_SD_VEH,2026_06_20_merged.mat,OF2,1,44143,5146,257.25,2207.1000000000004
R006,VEH,T1_SD_VEH,2026_06_20_merged.mat,OF2,1,44318,5321,266.0,2215.8500000000004
R006,VEH,T1_SD_VEH,2026_06_20_merged.mat,OF2,1,44336,5339,266.90000000000003,2216.75
R006,VEH,T1_SD_VEH,2026_06_20_merged.mat,OF2,1,44337,5340,266.95,2216.8
R006,VEH,T1_SD_VEH,2026_06_20_merged.mat,OF2,1,44460,5463,273.1,2222.9500000000003
R006,VEH,T1_SD_VEH,2026_06_20_merged.mat,OF2,1,44461,5464,273.15000000000003,2223.0
R006,VEH,T1_SD_VEH,2026_06_20_merged.mat,OF2,1,44483,5486,274.25,2224.1000000000004
R006,VEH,T1_SD_VEH,2026_06_20_merged.mat,OF2,1,44484,5487,274.3,2224.15
R006,VEH,T1_SD_VEH,2026_06_20_merged.mat,OF2,1,44485,5488,274.35,2224.2000000000003
R006,VEH,T1_SD_VEH,2026_06_20_merged.mat,OF2,1,44525,5528,276.35,2226.2000000000003
R006,VEH,T1_SD_VEH,2026_06_20_merged.mat,OF2,1,44526,5529,276.40000000000003,2226.25
R006,VEH,T1_SD_VEH,2026_06_20_merged.mat,OF2,1,44527,5530,276.45,2226.3
R006,VEH,T1_SD_VEH,2026_06_20_merged.mat,OF2,1,44580,5583,279.1,2228.9500000000003
R006,VEH,T1_SD_VEH,2026_06_20_merged.mat,OF2,1,44581,5584,279.15000000000003,2229.0
R006,VEH,T1_SD_VEH,2026_06_20_merged.mat,OF2,1,44582,5585,279.2,2229.05
R006,VEH,T1_SD_VEH,2026_06_20_merged.mat,OF2,1,44610,5613,280.6,2230.4500000000003
R006,VEH,T1_SD_VEH,2026_06_20_merged.mat,OF2,1,44611,5614,280.65000000000003,2230.5
R006,VEH,T1_SD_VEH,2026_06_20_merged.mat,OF2,1,44745,5748,287.35,2237.2000000000003
R006,VEH,T1_SD_VEH,2026_06_20_merged.mat,OF2,1,44746,5749,287.40000000000003,2237.25
R006,VEH,T1_SD_VEH,2026_06_20_merged.mat,OF2,1,44819,5822,291.05,2240.9
R006,VEH,T1_SD_VEH,2026_06_20_merged.mat,OF2,1,44844,5847,292.3,2242.15
R006,VEH,T1_SD_VEH,2026_06_20_merged.mat,OF2,1,44845,5848,292.35,2242.2000000000003
R006,VEH,T1_SD_VEH,2026_06_20_merged.mat,OF2,1,44967,5970,298.45,2248.3
R006,VEH,T1_SD_VEH,2026_06_20_merged.mat,OF2,1,45463,6466,323.25,2273.1000000000004
R006,VEH,T1_SD_VEH,2026_06_20_merged.mat,OF2,1,45523,6526,326.25,2276.1000000000004
R006,VEH,T1_SD_VEH,2026_06_20_merged.mat,OF2,1,45524,6527,326.3,2276.15
R006,VEH,T1_SD_VEH,2026_06_20_merged.mat,OF2,1,45602,6605,330.2,2280.05
R006,VEH,T1_SD_VEH,2026_06_20_merged.mat,OF2,1,45658,6661,333.0,2282.8500000000004
R006,VEH,T1_SD_VEH,2026_06_20_merged.mat,OF2,1,45659,6662,333.05,2282.9
R006,VEH,T1_SD_VEH,2026_06_20_merged.mat,OF2,1,45660,6663,333.1,2282.9500000000003
R006,VEH,T1_SD_VEH,2026_06_20_merged.mat,OF2,1,45661,6664,333.15,2283.0
R006,VEH,T1_SD_VEH,2026_06_20_merged.mat,OF2,1,45662,6665,333.2,2283.05
R006,VEH,T1_SD_VEH,2026_06_20_merged.mat,OF2,1,45768,6771,338.5,2288.3500000000004
R006,VEH,T1_SD_VEH,2026_06_20_merged.mat,OF2,1,45769,6772,338.55,2288.4
R006,VEH,T1_SD_VEH,2026_06_20_merged.mat,OF2,1,45771,6774,338.65,2288.5
R006,VEH,T1_SD_VEH,2026_06_20_merged.mat,OF2,1,45785,6788,339.35,2289.2000000000003
R006,VEH,T1_SD_VEH,2026_06_20_merged.mat,OF2,1,45786,6789,339.4,2289.25
R006,VEH,T1_SD_VEH,2026_06_20_merged.mat,OF2,1,45912,6915,345.7,2295.55
R006,VEH,T1_SD_VEH,2026_06_20_merged.mat,OF2,1,45913,6916,345.75,2295.6000000000004
R006,VEH,T1_SD_VEH,2026_06_20_merged.mat,OF2,1,45914,6917,345.8,2295.65
R006,VEH,T1_SD_VEH,2026_06_20_merged.mat,OF2,1,45915,6918,345.85,2295.7000000000003
R006,VEH,T1_SD_VEH,2026_06_20_merged.mat,OF2,1,45997,7000,349.95,2299.8
R006,VEH,T1_SD_VEH,2026_06_20_merged.mat,OF2,1,46103,7106,355.25,2305.1000000000004
R006,VEH,T1_SD_VEH,2026_06_20_merged.mat,OF2,1,46104,7107,355.3,2305.15
R006,VEH,T1_SD_VEH,2026_06_20_merged.mat,OF2,1,46105,7108,355.35,2305.2000000000003
R006,VEH,T1_SD_VEH,2026_06_20_merged.mat,OF2,1,46135,7138,356.85,2306.7000000000003
R006,VEH,T1_SD_VEH,2026_06_20_merged.mat,OF2,1,46136,7139,356.90000000000003,2306.75
R006,VEH,T1_SD_VEH,2026_06_20_merged.mat,OF2,1,46158,7161,358.0,2307.8500000000004
R006,VEH,T1_SD_VEH,2026_06_20_merged.mat,OF2,1,46159,7162,358.05,2307.9
R006,VEH,T1_SD_VEH,2026_06_20_merged.mat,OF2,1,46189,7192,359.55,2309.4
R006,VEH,T1_SD_VEH,2026_06_20_merged.mat,OF2,1,46190,7193,359.6,2309.4500000000003
R006,VEH,T1_SD_VEH,2026_06_20_merged.mat,OF2,1,46191,7194,359.65000000000003,2309.5
R006,VEH,T1_SD_VEH,2026_06_20_merged.mat,OF2,1,46192,7195,359.7,2309.55
R006,VEH,T1_SD_VEH,2026_06_20_merged.mat,OF2,1,46194,7197,359.8,2309.65
R006,VEH,T1_SD_VEH,2026_06_20_merged.mat,OF2,1,46217,7220,360.95,2310.8
R006,VEH,T1_SD_VEH,2026_06_20_merged.mat,OF2,1,46275,7278,363.85,2313.7000000000003
R006,VEH,T1_SD_VEH,2026_06_20_merged.mat,OF2,1,46276,7279,363.90000000000003,2313.75
R006,VEH,T1_SD_VEH,2026_06_20_merged.mat,OF2,1,46277,7280,363.95,2313.8
R006,VEH,T1_SD_VEH,2026_06_20_merged.mat,OF2,1,46404,7407,370.3,2320.15
R006,VEH,T1_SD_VEH,2026_06_20_merged.mat,OF2,1,46405,7408,370.35,2320.2000000000003
R006,VEH,T1_SD_VEH,2026_06_20_merged.mat,OF2,1,46427,7430,371.45,2321.3
R006,VEH,T1_SD_VEH,2026_06_20_merged.mat,OF2,1,46428,7431,371.5,2321.3500000000004
R006,VEH,T1_SD_VEH,2026_06_20_merged.mat,OF2,1,46429,7432,371.55,2321.4
R006,VEH,T1_SD_VEH,2026_06_20_merged.mat,OF2,1,46461,7464,373.15000000000003,2323.0
R006,VEH,T1_SD_VEH,2026_06_20_merged.mat,OF2,1,46472,7475,373.7,2323.55
R006,VEH,T1_SD_VEH,2026_06_20_merged.mat,OF2,1,46509,7512,375.55,2325.4
R006,VEH,T1_SD_VEH,2026_06_20_merged.mat,OF2,1,46532,7535,376.7,2326.55
R006,VEH,T1_SD_VEH,2026_06_20_merged.mat,OF2,1,46533,7536,376.75,2326.6000000000004
R006,VEH,T1_SD_VEH,2026_06_20_merged.mat,OF2,1,46534,7537,376.8,2326.65
R006,VEH,T1_SD_VEH,2026_06_20_merged.mat,OF2,1,46630,7633,381.6,2331.4500000000003
R006,VEH,T1_SD_VEH,2026_06_20_merged.mat,OF2,1,46631,7634,381.65000000000003,2331.5
R006,VEH,T1_SD_VEH,2026_06_20_merged.mat,OF2,1,46643,7646,382.25,2332.1000000000004
R006,VEH,T1_SD_VEH,2026_06_20_merged.mat,OF2,1,46644,7647,382.3,2332.15
R006,VEH,T1_SD_VEH,2026_06_20_merged.mat,OF2,1,46657,7660,382.95,2332.8
R006,VEH,T1_SD_VEH,2026_06_20_merged.mat,OF2,1,46699,7702,385.05,2334.9
R006,VEH,T1_SD_VEH,2026_06_20_merged.mat,OF2,1,46700,7703,385.1,2334.9500000000003
R006,VEH,T1_SD_VEH,2026_06_20_merged.mat,OF2,1,46764,7767,388.3,2338.15
R006,VEH,T1_SD_VEH,2026_06_20_merged.mat,OF2,1,46765,7768,388.35,2338.2000000000003
R006,VEH,T1_SD_VEH,2026_06_20_merged.mat,OF2,1,46824,7827,391.3,2341.15
R006,VEH,T1_SD_VEH,2026_06_20_merged.mat,OF2,1,46854,7857,392.8,2342.65
R006,VEH,T1_SD_VEH,2026_06_20_merged.mat,OF2,1,46869,7872,393.55,2343.4
R006,VEH,T1_SD_VEH,2026_06_20_merged.mat,OF2,1,46870,7873,393.6,2343.4500000000003
R006,VEH,T1_SD_VEH,2026_06_20_merged.mat,OF2,1,46871,7874,393.65000000000003,2343.5
R006,VEH,T1_SD_VEH,2026_06_20_merged.mat,OF2,1,46872,7875,393.7,2343.55
R006,VEH,T1_SD_VEH,2026_06_20_merged.mat,OF2,1,46897,7900,394.95000000000005,2344.8
R006,VEH,T1_SD_VEH,2026_06_20_merged.mat,OF2,1,46898,7901,395.0,2344.8500000000004
R006,VEH,T1_SD_VEH,2026_06_20_merged.mat,OF2,1,47259,8262,413.05,2362.9
R006,VEH,T1_SD_VEH,2026_06_20_merged.mat,OF2,1,47260,8263,413.1,2362.9500000000003
R006,VEH,T1_SD_VEH,2026_06_20_merged.mat,OF2,1,47261,8264,413.15,2363.0
R006,VEH,T1_SD_VEH,2026_06_20_merged.mat,OF2,1,47262,8265,413.20000000000005,2363.05
R006,VEH,T1_SD_VEH,2026_06_20_merged.mat,OF2,1,47340,8343,417.1,2366.9500000000003
R006,VEH,T1_SD_VEH,2026_06_20_merged.mat,OF2,1,47341,8344,417.15,2367.0
R006,VEH,T1_SD_VEH,2026_06_20_merged.mat,OF2,1,47342,8345,417.20000000000005,2367.05
R006,VEH,T1_SD_VEH,2026_06_20_merged.mat,OF2,1,47343,8346,417.25,2367.1000000000004
R006,VEH,T1_SD_VEH,2026_06_20_merged.mat,OF2,1,47354,8357,417.8,2367.65
R006,VEH,T1_SD_VEH,2026_06_20_merged.mat,OF2,1,47355,8358,417.85,2367.7000000000003
R006,VEH,T1_SD_VEH,2026_06_20_merged.mat,OF2,1,47356,8359,417.9,2367.75
R006,VEH,T1_SD_VEH,2026_06_20_merged.mat,OF2,1,47357,8360,417.95000000000005,2367.8
R006,VEH,T1_SD_VEH,2026_06_20_merged.mat,OF2,1,47385,8388,419.35,2369.2000000000003
R006,VEH,T1_SD_VEH,2026_06_20_merged.mat,OF2,1,47386,8389,419.4,2369.25
R006,VEH,T1_SD_VEH,2026_06_20_merged.mat,OF2,1,47547,8550,427.45000000000005,2377.3
R006,VEH,T1_SD_VEH,2026_06_20_merged.mat,OF2,1,47548,8551,427.5,2377.3500000000004
R006,VEH,T1_SD_VEH,2026_06_20_merged.mat,OF2,1,47549,8552,427.55,2377.4
R006,VEH,T1_SD_VEH,2026_06_20_merged.mat,OF2,1,47550,8553,427.6,2377.4500000000003
R006,VEH,T1_SD_VEH,2026_06_20_merged.mat,OF2,1,47612,8615,430.70000000000005,2380.55
R006,VEH,T1_SD_VEH,2026_06_20_merged.mat,OF2,1,47613,8616,430.75,2380.6000000000004
R006,VEH,T1_SD_VEH,2026_06_20_merged.mat,OF2,1,47829,8832,441.55,2391.4
R006,VEH,T1_SD_VEH,2026_06_20_merged.mat,OF2,1,47830,8833,441.6,2391.4500000000003
R006,VEH,T1_SD_VEH,2026_06_20_merged.mat,OF2,1,48587,9590,479.45000000000005,2429.3
R006,VEH,T1_SD_VEH,2026_06_20_merged.mat,OF2,1,48637,9640,481.95000000000005,2431.8
R006,VEH,T1_SD_VEH,2026_06_20_merged.mat,OF2,1,48648,9651,482.5,2432.3500000000004
R006,VEH,T1_SD_VEH,2026_06_20_merged.mat,OF2,1,48710,9713,485.6,2435.4500000000003
R006,VEH,T1_SD_VEH,2026_06_20_merged.mat,OF2,1,48920,9923,496.1,2445.9500000000003
R006,VEH,T1_SD_VEH,2026_06_20_merged.mat,OF2,1,48921,9924,496.15,2446.0
R006,VEH,T1_SD_VEH,2026_06_20_merged.mat,OF2,1,48985,9988,499.35,2449.2000000000003
R006,VEH,T1_SD_VEH,2026_06_20_merged.mat,OF2,1,49087,10090,504.45000000000005,2454.3
R006,VEH,T1_SD_VEH,2026_06_20_merged.mat,OF2,1,49113,10116,505.75,2455.6000000000004
R006,VEH,T1_SD_VEH,2026_06_20_merged.mat,OF2,1,49114,10117,505.8,2455.65
R006,VEH,T1_SD_VEH,2026_06_20_merged.mat,OF2,1,49309,10312,515.55,2465.4
R006,VEH,T1_SD_VEH,2026_06_20_merged.mat,OF2,1,49310,10313,515.6,2465.4500000000003
R006,VEH,T1_SD_VEH,2026_06_20_merged.mat,OF2,1,49311,10314,515.65,2465.5
R006,VEH,T1_SD_VEH,2026_06_20_merged.mat,OF2,1,49312,10315,515.7,2465.55
R006,VEH,T1_SD_VEH,2026_06_20_merged.mat,OF2,1,49313,10316,515.75,2465.6000000000004
R006,VEH,T1_SD_VEH,2026_06_20_merged.mat,OF2,1,49452,10455,522.7,2472.55
R006,VEH,T1_SD_VEH,2026_06_20_merged.mat,OF2,1,49469,10472,523.55,2473.4
R006,VEH,T1_SD_VEH,2026_06_20_merged.mat,OF2,1,49471,10474,523.65,2473.5
R006,VEH,T1_SD_VEH,2026_06_20_merged.mat,OF2,1,49472,10475,523.7,2473.55
R006,VEH,T1_SD_VEH,2026_06_20_merged.mat,OF2,1,49489,10492,524.55,2474.4
R006,VEH,T1_SD_VEH,2026_06_20_merged.mat,OF2,1,49584,10587,529.3,2479.15
R006,VEH,T1_SD_VEH,2026_06_20_merged.mat,OF2,1,49585,10588,529.35,2479.2000000000003
R006,VEH,T1_SD_VEH,2026_06_20_merged.mat,OF2,1,49586,10589,529.4,2479.25
R006,VEH,T1_SD_VEH,2026_06_20_merged.mat,OF2,1,49607,10610,530.45,2480.3
R006,VEH,T1_SD_VEH,2026_06_20_merged.mat,OF2,1,49656,10659,532.9,2482.75
R006,VEH,T1_SD_VEH,2026_06_20_merged.mat,OF2,1,49659,10662,533.05,2482.9
R006,VEH,T1_SD_VEH,2026_06_20_merged.mat,OF2,1,49660,10663,533.1,2482.9500000000003
R006,VEH,T1_SD_VEH,2026_06_20_merged.mat,OF2,1,49661,10664,533.15,2483.0
R006,VEH,T1_SD_VEH,2026_06_20_merged.mat,OF2,1,49662,10665,533.2,2483.05
R006,VEH,T1_SD_VEH,2026_06_20_merged.mat,OF2,1,49663,10666,533.25,2483.1000000000004
R006,VEH,T1_SD_VEH,2026_06_20_merged.mat,OF2,1,49669,10672,533.55,2483.4
R006,VEH,T1_SD_VEH,2026_06_20_merged.mat,OF2,1,49783,10786,539.25,2489.1000000000004
R006,VEH,T1_SD_VEH,2026_06_20_merged.mat,OF2,1,49899,10902,545.05,2494.9
R006,VEH,T1_SD_VEH,2026_06_20_merged.mat,OF2,1,49913,10916,545.75,2495.6000000000004
R006,VEH,T1_SD_VEH,2026_06_20_merged.mat,OF2,1,49914,10917,545.8,2495.65
R006,VEH,T1_SD_VEH,2026_06_20_merged.mat,OF2,1,50327,11330,566.45,2516.3
R006,VEH,T1_SD_VEH,2026_06_20_merged.mat,OF2,1,50451,11454,572.65,2522.5
R006,VEH,T1_SD_VEH,2026_06_20_merged.mat,OF2,1,50918,11921,596.0,2545.8500000000004
R006,VEH,T1_SD_VEH,2026_06_20_merged.mat,OF2,1,50919,11922,596.0500000000001,2545.9
R006,VEH,T1_SD_VEH,2026_06_20_merged.mat,OF2,1,50920,11923,596.1,2545.9500000000003
R006,VEH,T1_SD_VEH,2026_06_20_merged.mat,OF2,1,50921,11924,596.15,2546.0
R006,VEH,T1_SD_VEH,2026_06_20_merged.mat,OF2,1,50922,11925,596.2,2546.05
R006,VEH,T1_SD_VEH,2026_06_20_merged.mat,OF2,1,50982,11985,599.2,2549.05
R006,VEH,T1_SD_VEH,2026_06_20_merged.mat,OF2,1,50997,12000,599.95,2549.8
R006,VEH,T1_SD_VEH,2026_06_20_merged.mat,OF2,1,50998,12001,600.0,2549.8500000000004
R006,VEH,T1_SD_VEH,2026_06_20_merged.mat,OF2,1,51070,12073,603.6,2553.4500000000003
R006,VEH,T1_SD_VEH,2026_06_20_merged.mat,OF2,1,51071,12074,603.65,2553.5
R006,VEH,T1_SD_VEH,2026_06_20_merged.mat,OF2,1,51072,12075,603.7,2553.55
R006,VEH,T1_SD_VEH,2026_06_20_merged.mat,OF2,1,51086,12089,604.4,2554.25
R006,VEH,T1_SD_VEH,2026_06_20_merged.mat,OF2,1,51105,12108,605.35,2555.2000000000003
R006,VEH,T1_SD_VEH,2026_06_20_merged.mat,OF2,1,51138,12141,607.0,2556.8500000000004
R006,VEH,T1_SD_VEH,2026_06_20_merged.mat,OF2,1,51148,12151,607.5,2557.3500000000004
R006,VEH,T1_SD_VEH,2026_06_20_merged.mat,OF2,1,51176,12179,608.9,2558.75
R006,VEH,T1_SD_VEH,2026_06_20_merged.mat,OF2,1,51177,12180,608.95,2558.8
R006,VEH,T1_SD_VEH,2026_06_20_merged.mat,OF2,1,51257,12260,612.95,2562.8
R006,VEH,T1_SD_VEH,2026_06_20_merged.mat,OF2,1,51258,12261,613.0,2562.8500000000004
R006,VEH,T1_SD_VEH,2026_06_20_merged.mat,OF2,1,51259,12262,613.0500000000001,2562.9
R006,VEH,T1_SD_VEH,2026_06_20_merged.mat,OF2,1,51270,12273,613.6,2563.4500000000003
R006,VEH,T1_SD_VEH,2026_06_20_merged.mat,OF2,1,51271,12274,613.65,2563.5
R006,VEH,T1_SD_VEH,2026_06_20_merged.mat,OF2,1,51272,12275,613.7,2563.55
R006,VEH,T1_SD_VEH,2026_06_20_merged.mat,OF2,1,51273,12276,613.75,2563.6000000000004
R006,VEH,T1_SD_VEH,2026_06_20_merged.mat,OF2,1,51274,12277,613.8000000000001,2563.65
R006,VEH,T1_SD_VEH,2026_06_20_merged.mat,OF2,1,51275,12278,613.85,2563.7000000000003
R006,VEH,T1_SD_VEH,2026_06_20_merged.mat,OF2,1,51320,12323,616.1,2565.9500000000003
R006,VEH,T1_SD_VEH,2026_06_20_merged.mat,OF2,1,51321,12324,616.15,2566.0
R006,VEH,T1_SD_VEH,2026_06_20_merged.mat,OF2,1,51322,12325,616.2,2566.05
R006,VEH,T1_SD_VEH,2026_06_20_merged.mat,OF2,1,51436,12439,621.9,2571.75
R006,VEH,T1_SD_VEH,2026_06_20_merged.mat,OF2,1,51458,12461,623.0,2572.8500000000004
R006,VEH,T1_SD_VEH,2026_06_20_merged.mat,OF2,1,51518,12521,626.0,2575.8500000000004
R006,VEH,T1_SD_VEH,2026_06_20_merged.mat,OF2,1,51519,12522,626.0500000000001,2575.9
R006,VEH,T1_SD_VEH,2026_06_20_merged.mat,OF2,1,51577,12580,628.95,2578.8
R006,VEH,T1_SD_VEH,2026_06_20_merged.mat,OF2,1,51578,12581,629.0,2578.8500000000004
R006,VEH,T1_SD_VEH,2026_06_20_merged.mat,OF2,1,51580,12583,629.1,2578.9500000000003
R006,VEH,T1_SD_VEH,2026_06_20_merged.mat,OF2,1,51588,12591,629.5,2579.3500000000004
R006,VEH,T1_SD_VEH,2026_06_20_merged.mat,OF2,1,51651,12654,632.65,2582.5
R006,VEH,T1_SD_VEH,2026_06_20_merged.mat,OF2,1,51652,12655,632.7,2582.55
R006,VEH,T1_SD_VEH,2026_06_20_merged.mat,OF2,1,51653,12656,632.75,2582.6000000000004
R006,VEH,T1_SD_VEH,2026_06_20_merged.mat,OF2,1,51654,12657,632.8000000000001,2582.65
R006,VEH,T1_SD_VEH,2026_06_20_merged.mat,OF2,1,51675,12678,633.85,2583.7000000000003
R006,VEH,T1_SD_VEH,2026_06_20_merged.mat,OF2,1,51676,12679,633.9,2583.75
R006,VEH,T1_SD_VEH,2026_06_20_merged.mat,OF2,1,51703,12706,635.25,2585.1000000000004
R006,VEH,T1_SD_VEH,2026_06_20_merged.mat,OF2,1,51704,12707,635.3000000000001,2585.15
R006,VEH,T1_SD_VEH,2026_06_20_merged.mat,OF2,1,51705,12708,635.35,2585.2000000000003
R006,VEH,T1_SD_VEH,2026_06_20_merged.mat,OF2,1,51716,12719,635.9,2585.75
R006,VEH,T1_SD_VEH,2026_06_20_merged.mat,OF2,1,51717,12720,635.95,2585.8
R006,VEH,T1_SD_VEH,2026_06_20_merged.mat,OF2,1,51718,12721,636.0,2585.8500000000004
R006,VEH,T1_SD_VEH,2026_06_20_merged.mat,OF2,1,51744,12747,637.3000000000001,2587.15
R006,VEH,T1_SD_VEH,2026_06_20_merged.mat,OF2,1,51745,12748,637.35,2587.2000000000003
R006,VEH,T1_SD_VEH,2026_06_20_merged.mat,OF2,1,51746,12749,637.4,2587.25
R006,VEH,T1_SD_VEH,2026_06_20_merged.mat,OF2,1,51758,12761,638.0,2587.8500000000004
R006,VEH,T1_SD_VEH,2026_06_20_merged.mat,OF2,1,51789,12792,639.5500000000001,2589.4
R006,VEH,T1_SD_VEH,2026_06_20_merged.mat,OF2,1,51790,12793,639.6,2589.4500000000003
R006,VEH,T1_SD_VEH,2026_06_20_merged.mat,OF2,1,51791,12794,639.65,2589.5
R006,VEH,T1_SD_VEH,2026_06_20_merged.mat,OF2,1,51980,12983,649.1,2598.9500000000003
