animal,treatment,day_name,session,phase,factor,global_frame_1based,local_frame_1based,time_s,day_elapsed_s
R004,CNO,T1_SD_CNO,2026_06_19_merged.mat,OF1,1,152,152,7.550000000000001,7.550000000000001
R004,CNO,T1_SD_CNO,2026_06_19_merged.mat,OF1,2,273,273,13.600000000000001,13.600000000000001
R004,CNO,T1_SD_CNO,2026_06_19_merged.mat,OF1,2,274,274,13.65,13.65
R004,CNO,T1_SD_CNO,2026_06_19_merged.mat,OF1,2,279,279,13.9,13.9
R004,CNO,T1_SD_CNO,2026_06_19_merged.mat,OF1,2,282,282,14.05,14.05
R004,CNO,T1_SD_CNO,2026_06_19_merged.mat,OF1,2,288,288,14.350000000000001,14.350000000000001
R004,CNO,T1_SD_CNO,2026_06_19_merged.mat,OF1,2,290,290,14.450000000000001,14.450000000000001
R004,CNO,T1_SD_CNO,2026_06_19_merged.mat,OF1,2,291,291,14.5,14.5
R004,CNO,T1_SD_CNO,2026_06_19_merged.mat,OF1,3,300,300,14.950000000000001,14.950000000000001
R004,CNO,T1_SD_CNO,2026_06_19_merged.mat,OF1,3,471,471,23.5,23.5
R004,CNO,T1_SD_CNO,2026_06_19_merged.mat,OF1,3,472,472,23.55,23.55
R004,CNO,T1_SD_CNO,2026_06_19_merged.mat,OF1,1,491,491,24.5,24.5
R004,CNO,T1_SD_CNO,2026_06_19_merged.mat,OF1,1,492,492,24.55,24.55
R004,CNO,T1_SD_CNO,2026_06_19_merged.mat,OF1,4,622,622,31.05,31.05
R004,CNO,T1_SD_CNO,2026_06_19_merged.mat,OF1,1,630,630,31.450000000000003,31.450000000000003
R004,CNO,T1_SD_CNO,2026_06_19_merged.mat,OF1,2,651,651,32.5,32.5
R004,CNO,T1_SD_CNO,2026_06_19_merged.mat,OF1,3,745,745,37.2,37.2
R004,CNO,T1_SD_CNO,2026_06_19_merged.mat,OF1,3,836,836,41.75,41.75
R004,CNO,T1_SD_CNO,2026_06_19_merged.mat,OF1,3,837,837,41.800000000000004,41.800000000000004
R004,CNO,T1_SD_CNO,2026_06_19_merged.mat,OF1,3,838,838,41.85,41.85
R004,CNO,T1_SD_CNO,2026_06_19_merged.mat,OF1,3,850,850,42.45,42.45
R004,CNO,T1_SD_CNO,2026_06_19_merged.mat,OF1,3,851,851,42.5,42.5
R004,CNO,T1_SD_CNO,2026_06_19_merged.mat,OF1,2,888,888,44.35,44.35
R004,CNO,T1_SD_CNO,2026_06_19_merged.mat,OF1,2,889,889,44.400000000000006,44.400000000000006
R004,CNO,T1_SD_CNO,2026_06_19_merged.mat,OF1,2,890,890,44.45,44.45
R004,CNO,T1_SD_CNO,2026_06_19_merged.mat,OF1,3,910,910,45.45,45.45
R004,CNO,T1_SD_CNO,2026_06_19_merged.mat,OF1,1,1096,1096,54.75,54.75
R004,CNO,T1_SD_CNO,2026_06_19_merged.mat,OF1,5,1138,1138,56.85,56.85
R004,CNO,T1_SD_CNO,2026_06_19_merged.mat,OF1,3,1165,1165,58.2,58.2
R004,CNO,T1_SD_CNO,2026_06_19_merged.mat,OF1,5,1194,1194,59.650000000000006,59.650000000000006
R004,CNO,T1_SD_CNO,2026_06_19_merged.mat,OF1,3,1284,1284,64.15,64.15
R004,CNO,T1_SD_CNO,2026_06_19_merged.mat,OF1,3,1300,1300,64.95,64.95
R004,CNO,T1_SD_CNO,2026_06_19_merged.mat,OF1,1,1351,1351,67.5,67.5
R004,CNO,T1_SD_CNO,2026_06_19_merged.mat,OF1,3,1388,1388,69.35000000000001,69.35000000000001
R004,CNO,T1_SD_CNO,2026_06_19_merged.mat,OF1,1,1394,1394,69.65,69.65
R004,CNO,T1_SD_CNO,2026_06_19_merged.mat,OF1,1,1395,1395,69.7,69.7
R004,CNO,T1_SD_CNO,2026_06_19_merged.mat,OF1,6,1412,1412,70.55,70.55
R004,CNO,T1_SD_CNO,2026_06_19_merged.mat,OF1,4,1470,1470,73.45,73.45
R004,CNO,T1_SD_CNO,2026_06_19_merged.mat,OF1,3,1482,1482,74.05,74.05
R004,CNO,T1_SD_CNO,2026_06_19_merged.mat,OF1,3,1584,1584,79.15,79.15
R004,CNO,T1_SD_CNO,2026_06_19_merged.mat,OF1,3,1616,1616,80.75,80.75
R004,CNO,T1_SD_CNO,2026_06_19_merged.mat,OF1,5,1619,1619,80.9,80.9
R004,CNO,T1_SD_CNO,2026_06_19_merged.mat,OF1,5,1628,1628,81.35000000000001,81.35000000000001
R004,CNO,T1_SD_CNO,2026_06_19_merged.mat,OF1,1,1655,1655,82.7,82.7
R004,CNO,T1_SD_CNO,2026_06_19_merged.mat,OF1,1,1656,1656,82.75,82.75
R004,CNO,T1_SD_CNO,2026_06_19_merged.mat,OF1,1,1657,1657,82.80000000000001,82.80000000000001
R004,CNO,T1_SD_CNO,2026_06_19_merged.mat,OF1,3,1674,1674,83.65,83.65
R004,CNO,T1_SD_CNO,2026_06_19_merged.mat,OF1,3,1675,1675,83.7,83.7
R004,CNO,T1_SD_CNO,2026_06_19_merged.mat,OF1,1,1677,1677,83.80000000000001,83.80000000000001
R004,CNO,T1_SD_CNO,2026_06_19_merged.mat,OF1,1,1678,1678,83.85000000000001,83.85000000000001
R004,CNO,T1_SD_CNO,2026_06_19_merged.mat,OF1,6,1692,1692,84.55000000000001,84.55000000000001
R004,CNO,T1_SD_CNO,2026_06_19_merged.mat,OF1,3,1703,1703,85.10000000000001,85.10000000000001
R004,CNO,T1_SD_CNO,2026_06_19_merged.mat,OF1,3,1750,1750,87.45,87.45
R004,CNO,T1_SD_CNO,2026_06_19_merged.mat,OF1,3,1887,1887,94.30000000000001,94.30000000000001
R004,CNO,T1_SD_CNO,2026_06_19_merged.mat,OF1,3,1888,1888,94.35000000000001,94.35000000000001
R004,CNO,T1_SD_CNO,2026_06_19_merged.mat,OF1,3,1889,1889,94.4,94.4
R004,CNO,T1_SD_CNO,2026_06_19_merged.mat,OF1,3,1928,1928,96.35000000000001,96.35000000000001
R004,CNO,T1_SD_CNO,2026_06_19_merged.mat,OF1,3,1940,1940,96.95,96.95
R004,CNO,T1_SD_CNO,2026_06_19_merged.mat,OF1,3,1954,1954,97.65,97.65
R004,CNO,T1_SD_CNO,2026_06_19_merged.mat,OF1,3,1955,1955,97.7,97.7
R004,CNO,T1_SD_CNO,2026_06_19_merged.mat,OF1,1,1967,1967,98.30000000000001,98.30000000000001
R004,CNO,T1_SD_CNO,2026_06_19_merged.mat,OF1,1,1968,1968,98.35000000000001,98.35000000000001
R004,CNO,T1_SD_CNO,2026_06_19_merged.mat,OF1,1,1969,1969,98.4,98.4
R004,CNO,T1_SD_CNO,2026_06_19_merged.mat,OF1,2,1994,1994,99.65,99.65
R004,CNO,T1_SD_CNO,2026_06_19_merged.mat,OF1,2,1996,1996,99.75,99.75
R004,CNO,T1_SD_CNO,2026_06_19_merged.mat,OF1,2,1997,1997,99.80000000000001,99.80000000000001
R004,CNO,T1_SD_CNO,2026_06_19_merged.mat,OF1,2,1998,1998,99.85000000000001,99.85000000000001
R004,CNO,T1_SD_CNO,2026_06_19_merged.mat,OF1,2,2000,2000,99.95,99.95
R004,CNO,T1_SD_CNO,2026_06_19_merged.mat,OF1,2,2064,2064,103.15,103.15
R004,CNO,T1_SD_CNO,2026_06_19_merged.mat,OF1,1,2079,2079,103.9,103.9
R004,CNO,T1_SD_CNO,2026_06_19_merged.mat,OF1,1,2080,2080,103.95,103.95
R004,CNO,T1_SD_CNO,2026_06_19_merged.mat,OF1,3,2212,2212,110.55000000000001,110.55000000000001
R004,CNO,T1_SD_CNO,2026_06_19_merged.mat,OF1,3,2213,2213,110.60000000000001,110.60000000000001
R004,CNO,T1_SD_CNO,2026_06_19_merged.mat,OF1,5,2293,2293,114.60000000000001,114.60000000000001
R004,CNO,T1_SD_CNO,2026_06_19_merged.mat,OF1,5,2295,2295,114.7,114.7
R004,CNO,T1_SD_CNO,2026_06_19_merged.mat,OF1,5,2338,2338,116.85000000000001,116.85000000000001
R004,CNO,T1_SD_CNO,2026_06_19_merged.mat,OF1,5,2339,2339,116.9,116.9
R004,CNO,T1_SD_CNO,2026_06_19_merged.mat,OF1,5,2342,2342,117.05000000000001,117.05000000000001
R004,CNO,T1_SD_CNO,2026_06_19_merged.mat,OF1,4,2373,2373,118.60000000000001,118.60000000000001
R004,CNO,T1_SD_CNO,2026_06_19_merged.mat,OF1,4,2374,2374,118.65,118.65
R004,CNO,T1_SD_CNO,2026_06_19_merged.mat,OF1,3,2397,2397,119.80000000000001,119.80000000000001
R004,CNO,T1_SD_CNO,2026_06_19_merged.mat,OF1,5,2416,2416,120.75,120.75
R004,CNO,T1_SD_CNO,2026_06_19_merged.mat,OF1,3,2490,2490,124.45,124.45
R004,CNO,T1_SD_CNO,2026_06_19_merged.mat,OF1,3,2491,2491,124.5,124.5
R004,CNO,T1_SD_CNO,2026_06_19_merged.mat,OF1,5,2586,2586,129.25,129.25
R004,CNO,T1_SD_CNO,2026_06_19_merged.mat,OF1,5,2587,2587,129.3,129.3
R004,CNO,T1_SD_CNO,2026_06_19_merged.mat,OF1,5,2589,2589,129.4,129.4
R004,CNO,T1_SD_CNO,2026_06_19_merged.mat,OF1,5,2701,2701,135.0,135.0
R004,CNO,T1_SD_CNO,2026_06_19_merged.mat,OF1,5,2702,2702,135.05,135.05
R004,CNO,T1_SD_CNO,2026_06_19_merged.mat,OF1,5,2703,2703,135.1,135.1
R004,CNO,T1_SD_CNO,2026_06_19_merged.mat,OF1,5,2707,2707,135.3,135.3
R004,CNO,T1_SD_CNO,2026_06_19_merged.mat,OF1,5,2709,2709,135.4,135.4
R004,CNO,T1_SD_CNO,2026_06_19_merged.mat,OF1,5,2711,2711,135.5,135.5
R004,CNO,T1_SD_CNO,2026_06_19_merged.mat,OF1,1,2765,2765,138.20000000000002,138.20000000000002
R004,CNO,T1_SD_CNO,2026_06_19_merged.mat,OF1,4,2785,2785,139.20000000000002,139.20000000000002
R004,CNO,T1_SD_CNO,2026_06_19_merged.mat,OF1,4,2787,2787,139.3,139.3
R004,CNO,T1_SD_CNO,2026_06_19_merged.mat,OF1,3,2825,2825,141.20000000000002,141.20000000000002
R004,CNO,T1_SD_CNO,2026_06_19_merged.mat,OF1,3,2853,2853,142.6,142.6
R004,CNO,T1_SD_CNO,2026_06_19_merged.mat,OF1,2,2888,2888,144.35,144.35
R004,CNO,T1_SD_CNO,2026_06_19_merged.mat,OF1,2,2898,2898,144.85,144.85
R004,CNO,T1_SD_CNO,2026_06_19_merged.mat,OF1,3,2913,2913,145.6,145.6
R004,CNO,T1_SD_CNO,2026_06_19_merged.mat,OF1,3,2914,2914,145.65,145.65
R004,CNO,T1_SD_CNO,2026_06_19_merged.mat,OF1,3,2978,2978,148.85,148.85
R004,CNO,T1_SD_CNO,2026_06_19_merged.mat,OF1,1,2982,2982,149.05,149.05
R004,CNO,T1_SD_CNO,2026_06_19_merged.mat,OF1,5,3039,3039,151.9,151.9
R004,CNO,T1_SD_CNO,2026_06_19_merged.mat,OF1,3,3040,3040,151.95000000000002,151.95000000000002
R004,CNO,T1_SD_CNO,2026_06_19_merged.mat,OF1,1,3044,3044,152.15,152.15
R004,CNO,T1_SD_CNO,2026_06_19_merged.mat,OF1,1,3136,3136,156.75,156.75
R004,CNO,T1_SD_CNO,2026_06_19_merged.mat,OF1,1,3149,3149,157.4,157.4
R004,CNO,T1_SD_CNO,2026_06_19_merged.mat,OF1,2,3179,3179,158.9,158.9
R004,CNO,T1_SD_CNO,2026_06_19_merged.mat,OF1,2,3180,3180,158.95000000000002,158.95000000000002
R004,CNO,T1_SD_CNO,2026_06_19_merged.mat,OF1,2,3184,3184,159.15,159.15
R004,CNO,T1_SD_CNO,2026_06_19_merged.mat,OF1,2,3185,3185,159.20000000000002,159.20000000000002
R004,CNO,T1_SD_CNO,2026_06_19_merged.mat,OF1,2,3186,3186,159.25,159.25
R004,CNO,T1_SD_CNO,2026_06_19_merged.mat,OF1,1,3189,3189,159.4,159.4
R004,CNO,T1_SD_CNO,2026_06_19_merged.mat,OF1,6,3190,3190,159.45000000000002,159.45000000000002
R004,CNO,T1_SD_CNO,2026_06_19_merged.mat,OF1,6,3191,3191,159.5,159.5
R004,CNO,T1_SD_CNO,2026_06_19_merged.mat,OF1,1,3317,3317,165.8,165.8
R004,CNO,T1_SD_CNO,2026_06_19_merged.mat,OF1,3,3385,3385,169.20000000000002,169.20000000000002
R004,CNO,T1_SD_CNO,2026_06_19_merged.mat,OF1,1,3444,3444,172.15,172.15
R004,CNO,T1_SD_CNO,2026_06_19_merged.mat,OF1,3,3493,3493,174.60000000000002,174.60000000000002
R004,CNO,T1_SD_CNO,2026_06_19_merged.mat,OF1,3,3495,3495,174.70000000000002,174.70000000000002
R004,CNO,T1_SD_CNO,2026_06_19_merged.mat,OF1,6,3537,3537,176.8,176.8
R004,CNO,T1_SD_CNO,2026_06_19_merged.mat,OF1,6,3538,3538,176.85000000000002,176.85000000000002
R004,CNO,T1_SD_CNO,2026_06_19_merged.mat,OF1,6,3558,3558,177.85000000000002,177.85000000000002
R004,CNO,T1_SD_CNO,2026_06_19_merged.mat,OF1,6,3561,3561,178.0,178.0
R004,CNO,T1_SD_CNO,2026_06_19_merged.mat,OF1,6,3562,3562,178.05,178.05
R004,CNO,T1_SD_CNO,2026_06_19_merged.mat,OF1,5,3639,3639,181.9,181.9
R004,CNO,T1_SD_CNO,2026_06_19_merged.mat,OF1,3,3726,3726,186.25,186.25
R004,CNO,T1_SD_CNO,2026_06_19_merged.mat,OF1,3,3846,3846,192.25,192.25
R004,CNO,T1_SD_CNO,2026_06_19_merged.mat,OF1,3,3847,3847,192.3,192.3
R004,CNO,T1_SD_CNO,2026_06_19_merged.mat,OF1,5,3863,3863,193.10000000000002,193.10000000000002
R004,CNO,T1_SD_CNO,2026_06_19_merged.mat,OF1,4,3945,3945,197.20000000000002,197.20000000000002
R004,CNO,T1_SD_CNO,2026_06_19_merged.mat,OF1,4,3948,3948,197.35000000000002,197.35000000000002
R004,CNO,T1_SD_CNO,2026_06_19_merged.mat,OF1,4,3949,3949,197.4,197.4
R004,CNO,T1_SD_CNO,2026_06_19_merged.mat,OF1,4,3950,3950,197.45000000000002,197.45000000000002
R004,CNO,T1_SD_CNO,2026_06_19_merged.mat,OF1,5,3953,3953,197.60000000000002,197.60000000000002
R004,CNO,T1_SD_CNO,2026_06_19_merged.mat,OF1,5,3970,3970,198.45000000000002,198.45000000000002
R004,CNO,T1_SD_CNO,2026_06_19_merged.mat,OF1,5,3971,3971,198.5,198.5
R004,CNO,T1_SD_CNO,2026_06_19_merged.mat,OF1,5,3973,3973,198.60000000000002,198.60000000000002
R004,CNO,T1_SD_CNO,2026_06_19_merged.mat,OF1,5,3974,3974,198.65,198.65
R004,CNO,T1_SD_CNO,2026_06_19_merged.mat,OF1,5,3975,3975,198.70000000000002,198.70000000000002
R004,CNO,T1_SD_CNO,2026_06_19_merged.mat,OF1,1,3981,3981,199.0,199.0
R004,CNO,T1_SD_CNO,2026_06_19_merged.mat,OF1,5,4046,4046,202.25,202.25
R004,CNO,T1_SD_CNO,2026_06_19_merged.mat,OF1,5,4047,4047,202.3,202.3
R004,CNO,T1_SD_CNO,2026_06_19_merged.mat,OF1,5,4048,4048,202.35000000000002,202.35000000000002
R004,CNO,T1_SD_CNO,2026_06_19_merged.mat,OF1,5,4050,4050,202.45000000000002,202.45000000000002
R004,CNO,T1_SD_CNO,2026_06_19_merged.mat,OF1,5,4051,4051,202.5,202.5
R004,CNO,T1_SD_CNO,2026_06_19_merged.mat,OF1,5,4071,4071,203.5,203.5
R004,CNO,T1_SD_CNO,2026_06_19_merged.mat,OF1,4,4078,4078,203.85000000000002,203.85000000000002
R004,CNO,T1_SD_CNO,2026_06_19_merged.mat,OF1,4,4126,4126,206.25,206.25
R004,CNO,T1_SD_CNO,2026_06_19_merged.mat,OF1,4,4127,4127,206.3,206.3
R004,CNO,T1_SD_CNO,2026_06_19_merged.mat,OF1,4,4128,4128,206.35000000000002,206.35000000000002
R004,CNO,T1_SD_CNO,2026_06_19_merged.mat,OF1,4,4129,4129,206.4,206.4
R004,CNO,T1_SD_CNO,2026_06_19_merged.mat,OF1,4,4130,4130,206.45000000000002,206.45000000000002
R004,CNO,T1_SD_CNO,2026_06_19_merged.mat,OF1,4,4131,4131,206.5,206.5
R004,CNO,T1_SD_CNO,2026_06_19_merged.mat,OF1,5,4258,4258,212.85000000000002,212.85000000000002
R004,CNO,T1_SD_CNO,2026_06_19_merged.mat,OF1,3,4303,4303,215.10000000000002,215.10000000000002
R004,CNO,T1_SD_CNO,2026_06_19_merged.mat,OF1,3,4304,4304,215.15,215.15
R004,CNO,T1_SD_CNO,2026_06_19_merged.mat,OF1,1,4397,4397,219.8,219.8
R004,CNO,T1_SD_CNO,2026_06_19_merged.mat,OF1,1,4398,4398,219.85000000000002,219.85000000000002
R004,CNO,T1_SD_CNO,2026_06_19_merged.mat,OF1,5,4417,4417,220.8,220.8
R004,CNO,T1_SD_CNO,2026_06_19_merged.mat,OF1,5,4419,4419,220.9,220.9
R004,CNO,T1_SD_CNO,2026_06_19_merged.mat,OF1,5,4420,4420,220.95000000000002,220.95000000000002
R004,CNO,T1_SD_CNO,2026_06_19_merged.mat,OF1,2,4488,4488,224.35000000000002,224.35000000000002
R004,CNO,T1_SD_CNO,2026_06_19_merged.mat,OF1,5,4502,4502,225.05,225.05
R004,CNO,T1_SD_CNO,2026_06_19_merged.mat,OF1,3,4641,4641,232.0,232.0
R004,CNO,T1_SD_CNO,2026_06_19_merged.mat,OF1,5,4728,4728,236.35000000000002,236.35000000000002
R004,CNO,T1_SD_CNO,2026_06_19_merged.mat,OF1,5,4729,4729,236.4,236.4
R004,CNO,T1_SD_CNO,2026_06_19_merged.mat,OF1,5,4761,4761,238.0,238.0
R004,CNO,T1_SD_CNO,2026_06_19_merged.mat,OF1,5,4830,4830,241.45000000000002,241.45000000000002
R004,CNO,T1_SD_CNO,2026_06_19_merged.mat,OF1,5,4831,4831,241.5,241.5
R004,CNO,T1_SD_CNO,2026_06_19_merged.mat,OF1,5,4891,4891,244.5,244.5
R004,CNO,T1_SD_CNO,2026_06_19_merged.mat,OF1,5,4892,4892,244.55,244.55
R004,CNO,T1_SD_CNO,2026_06_19_merged.mat,OF1,5,4893,4893,244.60000000000002,244.60000000000002
R004,CNO,T1_SD_CNO,2026_06_19_merged.mat,OF1,5,4903,4903,245.10000000000002,245.10000000000002
R004,CNO,T1_SD_CNO,2026_06_19_merged.mat,OF1,5,4904,4904,245.15,245.15
R004,CNO,T1_SD_CNO,2026_06_19_merged.mat,OF1,5,4905,4905,245.20000000000002,245.20000000000002
R004,CNO,T1_SD_CNO,2026_06_19_merged.mat,OF1,2,4923,4923,246.10000000000002,246.10000000000002
R004,CNO,T1_SD_CNO,2026_06_19_merged.mat,OF1,2,4924,4924,246.15,246.15
R004,CNO,T1_SD_CNO,2026_06_19_merged.mat,OF1,2,4926,4926,246.25,246.25
R004,CNO,T1_SD_CNO,2026_06_19_merged.mat,OF1,2,4927,4927,246.3,246.3
R004,CNO,T1_SD_CNO,2026_06_19_merged.mat,OF1,5,4980,4980,248.95000000000002,248.95000000000002
R004,CNO,T1_SD_CNO,2026_06_19_merged.mat,OF1,5,4982,4982,249.05,249.05
R004,CNO,T1_SD_CNO,2026_06_19_merged.mat,OF1,5,5046,5046,252.25,252.25
R004,CNO,T1_SD_CNO,2026_06_19_merged.mat,OF1,5,5047,5047,252.3,252.3
R004,CNO,T1_SD_CNO,2026_06_19_merged.mat,OF1,5,5048,5048,252.35000000000002,252.35000000000002
R004,CNO,T1_SD_CNO,2026_06_19_merged.mat,OF1,5,5094,5094,254.65,254.65
R004,CNO,T1_SD_CNO,2026_06_19_merged.mat,OF1,5,5095,5095,254.70000000000002,254.70000000000002
R004,CNO,T1_SD_CNO,2026_06_19_merged.mat,OF1,5,5133,5133,256.6,256.6
R004,CNO,T1_SD_CNO,2026_06_19_merged.mat,OF1,5,5139,5139,256.90000000000003,256.90000000000003
R004,CNO,T1_SD_CNO,2026_06_19_merged.mat,OF1,5,5326,5326,266.25,266.25
R004,CNO,T1_SD_CNO,2026_06_19_merged.mat,OF1,3,5439,5439,271.90000000000003,271.90000000000003
R004,CNO,T1_SD_CNO,2026_06_19_merged.mat,OF1,1,5487,5487,274.3,274.3
R004,CNO,T1_SD_CNO,2026_06_19_merged.mat,OF1,3,5536,5536,276.75,276.75
R004,CNO,T1_SD_CNO,2026_06_19_merged.mat,OF1,4,5624,5624,281.15000000000003,281.15000000000003
R004,CNO,T1_SD_CNO,2026_06_19_merged.mat,OF1,4,5627,5627,281.3,281.3
R004,CNO,T1_SD_CNO,2026_06_19_merged.mat,OF1,4,5628,5628,281.35,281.35
R004,CNO,T1_SD_CNO,2026_06_19_merged.mat,OF1,2,5643,5643,282.1,282.1
R004,CNO,T1_SD_CNO,2026_06_19_merged.mat,OF1,2,5644,5644,282.15000000000003,282.15000000000003
R004,CNO,T1_SD_CNO,2026_06_19_merged.mat,OF1,2,5645,5645,282.2,282.2
R004,CNO,T1_SD_CNO,2026_06_19_merged.mat,OF1,2,5646,5646,282.25,282.25
R004,CNO,T1_SD_CNO,2026_06_19_merged.mat,OF1,2,5649,5649,282.40000000000003,282.40000000000003
R004,CNO,T1_SD_CNO,2026_06_19_merged.mat,OF1,1,5727,5727,286.3,286.3
R004,CNO,T1_SD_CNO,2026_06_19_merged.mat,OF1,5,5743,5743,287.1,287.1
R004,CNO,T1_SD_CNO,2026_06_19_merged.mat,OF1,2,5757,5757,287.8,287.8
R004,CNO,T1_SD_CNO,2026_06_19_merged.mat,OF1,2,5762,5762,288.05,288.05
R004,CNO,T1_SD_CNO,2026_06_19_merged.mat,OF1,3,5807,5807,290.3,290.3
R004,CNO,T1_SD_CNO,2026_06_19_merged.mat,OF1,3,5809,5809,290.40000000000003,290.40000000000003
R004,CNO,T1_SD_CNO,2026_06_19_merged.mat,OF1,5,5832,5832,291.55,291.55
R004,CNO,T1_SD_CNO,2026_06_19_merged.mat,OF1,5,5836,5836,291.75,291.75
R004,CNO,T1_SD_CNO,2026_06_19_merged.mat,OF1,5,5837,5837,291.8,291.8
R004,CNO,T1_SD_CNO,2026_06_19_merged.mat,OF1,5,5838,5838,291.85,291.85
R004,CNO,T1_SD_CNO,2026_06_19_merged.mat,OF1,5,5839,5839,291.90000000000003,291.90000000000003
R004,CNO,T1_SD_CNO,2026_06_19_merged.mat,OF1,1,5847,5847,292.3,292.3
R004,CNO,T1_SD_CNO,2026_06_19_merged.mat,OF1,3,5849,5849,292.40000000000003,292.40000000000003
R004,CNO,T1_SD_CNO,2026_06_19_merged.mat,OF1,3,5850,5850,292.45,292.45
R004,CNO,T1_SD_CNO,2026_06_19_merged.mat,OF1,4,5862,5862,293.05,293.05
R004,CNO,T1_SD_CNO,2026_06_19_merged.mat,OF1,4,5863,5863,293.1,293.1
R004,CNO,T1_SD_CNO,2026_06_19_merged.mat,OF1,4,5865,5865,293.2,293.2
R004,CNO,T1_SD_CNO,2026_06_19_merged.mat,OF1,4,5866,5866,293.25,293.25
R004,CNO,T1_SD_CNO,2026_06_19_merged.mat,OF1,4,5867,5867,293.3,293.3
R004,CNO,T1_SD_CNO,2026_06_19_merged.mat,OF1,3,5876,5876,293.75,293.75
R004,CNO,T1_SD_CNO,2026_06_19_merged.mat,OF1,3,5877,5877,293.8,293.8
R004,CNO,T1_SD_CNO,2026_06_19_merged.mat,OF1,3,5878,5878,293.85,293.85
R004,CNO,T1_SD_CNO,2026_06_19_merged.mat,OF1,3,5879,5879,293.90000000000003,293.90000000000003
R004,CNO,T1_SD_CNO,2026_06_19_merged.mat,OF1,2,6024,6024,301.15000000000003,301.15000000000003
R004,CNO,T1_SD_CNO,2026_06_19_merged.mat,OF1,2,6032,6032,301.55,301.55
R004,CNO,T1_SD_CNO,2026_06_19_merged.mat,OF1,2,6033,6033,301.6,301.6
R004,CNO,T1_SD_CNO,2026_06_19_merged.mat,OF1,2,6034,6034,301.65000000000003,301.65000000000003
R004,CNO,T1_SD_CNO,2026_06_19_merged.mat,OF1,2,6036,6036,301.75,301.75
R004,CNO,T1_SD_CNO,2026_06_19_merged.mat,OF1,1,6051,6051,302.5,302.5
R004,CNO,T1_SD_CNO,2026_06_19_merged.mat,OF1,1,6052,6052,302.55,302.55
R004,CNO,T1_SD_CNO,2026_06_19_merged.mat,OF1,1,6053,6053,302.6,302.6
R004,CNO,T1_SD_CNO,2026_06_19_merged.mat,OF1,1,6086,6086,304.25,304.25
R004,CNO,T1_SD_CNO,2026_06_19_merged.mat,OF1,1,6092,6092,304.55,304.55
R004,CNO,T1_SD_CNO,2026_06_19_merged.mat,OF1,1,6094,6094,304.65000000000003,304.65000000000003
R004,CNO,T1_SD_CNO,2026_06_19_merged.mat,OF1,1,6095,6095,304.7,304.7
R004,CNO,T1_SD_CNO,2026_06_19_merged.mat,OF1,1,6096,6096,304.75,304.75
R004,CNO,T1_SD_CNO,2026_06_19_merged.mat,OF1,1,6097,6097,304.8,304.8
R004,CNO,T1_SD_CNO,2026_06_19_merged.mat,OF1,1,6109,6109,305.40000000000003,305.40000000000003
R004,CNO,T1_SD_CNO,2026_06_19_merged.mat,OF1,1,6126,6126,306.25,306.25
R004,CNO,T1_SD_CNO,2026_06_19_merged.mat,OF1,1,6148,6148,307.35,307.35
R004,CNO,T1_SD_CNO,2026_06_19_merged.mat,OF1,6,6156,6156,307.75,307.75
R004,CNO,T1_SD_CNO,2026_06_19_merged.mat,OF1,6,6157,6157,307.8,307.8
R004,CNO,T1_SD_CNO,2026_06_19_merged.mat,OF1,5,6295,6295,314.70000000000005,314.70000000000005
R004,CNO,T1_SD_CNO,2026_06_19_merged.mat,OF1,4,6357,6357,317.8,317.8
R004,CNO,T1_SD_CNO,2026_06_19_merged.mat,OF1,5,6538,6538,326.8500000000001,326.8500000000001
R004,CNO,T1_SD_CNO,2026_06_19_merged.mat,OF1,5,6542,6542,327.05000000000007,327.05000000000007
R004,CNO,T1_SD_CNO,2026_06_19_merged.mat,OF1,3,6554,6554,327.6500000000001,327.6500000000001
R004,CNO,T1_SD_CNO,2026_06_19_merged.mat,OF1,3,6555,6555,327.70000000000005,327.70000000000005
R004,CNO,T1_SD_CNO,2026_06_19_merged.mat,OF1,3,6567,6567,328.30000000000007,328.30000000000007
R004,CNO,T1_SD_CNO,2026_06_19_merged.mat,OF1,2,6600,6600,329.95000000000005,329.95000000000005
R004,CNO,T1_SD_CNO,2026_06_19_merged.mat,OF1,5,6662,6662,333.05000000000007,333.05000000000007
R004,CNO,T1_SD_CNO,2026_06_19_merged.mat,OF1,2,6703,6703,335.1000000000001,335.1000000000001
R004,CNO,T1_SD_CNO,2026_06_19_merged.mat,OF1,2,6704,6704,335.1500000000001,335.1500000000001
R004,CNO,T1_SD_CNO,2026_06_19_merged.mat,OF1,2,6706,6706,335.25000000000006,335.25000000000006
R004,CNO,T1_SD_CNO,2026_06_19_merged.mat,OF1,5,6770,6770,338.45000000000005,338.45000000000005
R004,CNO,T1_SD_CNO,2026_06_19_merged.mat,OF1,3,6775,6775,338.70000000000005,338.70000000000005
R004,CNO,T1_SD_CNO,2026_06_19_merged.mat,OF1,3,6777,6777,338.80000000000007,338.80000000000007
R004,CNO,T1_SD_CNO,2026_06_19_merged.mat,OF1,3,6778,6778,338.8500000000001,338.8500000000001
R004,CNO,T1_SD_CNO,2026_06_19_merged.mat,OF1,4,6803,6803,340.1000000000001,340.1000000000001
R004,CNO,T1_SD_CNO,2026_06_19_merged.mat,OF1,5,6806,6806,340.25000000000006,340.25000000000006
R004,CNO,T1_SD_CNO,2026_06_19_merged.mat,OF1,5,6812,6812,340.55000000000007,340.55000000000007
R004,CNO,T1_SD_CNO,2026_06_19_merged.mat,OF1,3,6856,6856,342.75000000000006,342.75000000000006
R004,CNO,T1_SD_CNO,2026_06_19_merged.mat,OF1,1,6881,6881,344.00000000000006,344.00000000000006
R004,CNO,T1_SD_CNO,2026_06_19_merged.mat,OF1,5,6889,6889,344.4000000000001,344.4000000000001
R004,CNO,T1_SD_CNO,2026_06_19_merged.mat,OF1,5,6890,6890,344.4500000000001,344.4500000000001
R004,CNO,T1_SD_CNO,2026_06_19_merged.mat,OF1,3,6901,6901,345.00000000000006,345.00000000000006
R004,CNO,T1_SD_CNO,2026_06_19_merged.mat,OF1,4,6946,6946,347.25000000000006,347.25000000000006
R004,CNO,T1_SD_CNO,2026_06_19_merged.mat,OF1,4,6947,6947,347.30000000000007,347.30000000000007
R004,CNO,T1_SD_CNO,2026_06_19_merged.mat,OF1,4,6948,6948,347.3500000000001,347.3500000000001
R004,CNO,T1_SD_CNO,2026_06_19_merged.mat,OF1,1,6971,6971,348.50000000000006,348.50000000000006
R004,CNO,T1_SD_CNO,2026_06_19_merged.mat,OF1,1,6972,6972,348.55000000000007,348.55000000000007
R004,CNO,T1_SD_CNO,2026_06_19_merged.mat,OF1,1,7007,7007,350.30000000000007,350.30000000000007
R004,CNO,T1_SD_CNO,2026_06_19_merged.mat,OF1,1,7008,7008,350.3500000000001,350.3500000000001
R004,CNO,T1_SD_CNO,2026_06_19_merged.mat,OF1,1,7043,7043,352.1000000000001,352.1000000000001
R004,CNO,T1_SD_CNO,2026_06_19_merged.mat,OF1,1,7137,7137,356.80000000000007,356.80000000000007
R004,CNO,T1_SD_CNO,2026_06_19_merged.mat,OF1,1,7138,7138,356.8500000000001,356.8500000000001
R004,CNO,T1_SD_CNO,2026_06_19_merged.mat,OF1,3,7224,7224,361.1500000000001,361.1500000000001
R004,CNO,T1_SD_CNO,2026_06_19_merged.mat,OF1,1,7234,7234,361.6500000000001,361.6500000000001
R004,CNO,T1_SD_CNO,2026_06_19_merged.mat,OF1,5,7259,7259,362.9000000000001,362.9000000000001
R004,CNO,T1_SD_CNO,2026_06_19_merged.mat,OF1,5,7260,7260,362.9500000000001,362.9500000000001
R004,CNO,T1_SD_CNO,2026_06_19_merged.mat,OF1,5,7261,7261,363.00000000000006,363.00000000000006
R004,CNO,T1_SD_CNO,2026_06_19_merged.mat,OF1,5,7262,7262,363.05000000000007,363.05000000000007
R004,CNO,T1_SD_CNO,2026_06_19_merged.mat,OF1,3,7277,7277,363.80000000000007,363.80000000000007
R004,CNO,T1_SD_CNO,2026_06_19_merged.mat,OF1,5,7326,7326,366.25000000000006,366.25000000000006
R004,CNO,T1_SD_CNO,2026_06_19_merged.mat,OF1,5,7327,7327,366.30000000000007,366.30000000000007
R004,CNO,T1_SD_CNO,2026_06_19_merged.mat,OF1,6,7359,7359,367.9000000000001,367.9000000000001
R004,CNO,T1_SD_CNO,2026_06_19_merged.mat,OF1,6,7370,7370,368.4500000000001,368.4500000000001
R004,CNO,T1_SD_CNO,2026_06_19_merged.mat,OF1,6,7371,7371,368.50000000000006,368.50000000000006
R004,CNO,T1_SD_CNO,2026_06_19_merged.mat,OF1,6,7372,7372,368.55000000000007,368.55000000000007
R004,CNO,T1_SD_CNO,2026_06_19_merged.mat,OF1,6,7399,7399,369.9000000000001,369.9000000000001
R004,CNO,T1_SD_CNO,2026_06_19_merged.mat,OF1,6,7402,7402,370.05000000000007,370.05000000000007
R004,CNO,T1_SD_CNO,2026_06_19_merged.mat,OF1,1,7407,7407,370.30000000000007,370.30000000000007
R004,CNO,T1_SD_CNO,2026_06_19_merged.mat,OF1,1,7408,7408,370.3500000000001,370.3500000000001
R004,CNO,T1_SD_CNO,2026_06_19_merged.mat,OF1,1,7418,7418,370.8500000000001,370.8500000000001
R004,CNO,T1_SD_CNO,2026_06_19_merged.mat,OF1,5,7429,7429,371.4000000000001,371.4000000000001
R004,CNO,T1_SD_CNO,2026_06_19_merged.mat,OF1,2,7439,7439,371.9000000000001,371.9000000000001
R004,CNO,T1_SD_CNO,2026_06_19_merged.mat,OF1,2,7440,7440,371.9500000000001,371.9500000000001
R004,CNO,T1_SD_CNO,2026_06_19_merged.mat,OF1,2,7443,7443,372.1000000000001,372.1000000000001
R004,CNO,T1_SD_CNO,2026_06_19_merged.mat,OF1,5,7477,7477,373.80000000000007,373.80000000000007
R004,CNO,T1_SD_CNO,2026_06_19_merged.mat,OF1,5,7478,7478,373.8500000000001,373.8500000000001
R004,CNO,T1_SD_CNO,2026_06_19_merged.mat,OF1,2,7495,7495,374.7000000000001,374.7000000000001
R004,CNO,T1_SD_CNO,2026_06_19_merged.mat,OF1,2,7497,7497,374.80000000000007,374.80000000000007
R004,CNO,T1_SD_CNO,2026_06_19_merged.mat,OF1,3,7527,7527,376.30000000000007,376.30000000000007
R004,CNO,T1_SD_CNO,2026_06_19_merged.mat,OF1,3,7528,7528,376.3500000000001,376.3500000000001
R004,CNO,T1_SD_CNO,2026_06_19_merged.mat,OF1,3,7550,7550,377.4500000000001,377.4500000000001
R004,CNO,T1_SD_CNO,2026_06_19_merged.mat,OF1,3,7551,7551,377.50000000000006,377.50000000000006
R004,CNO,T1_SD_CNO,2026_06_19_merged.mat,OF1,4,7599,7599,379.9000000000001,379.9000000000001
R004,CNO,T1_SD_CNO,2026_06_19_merged.mat,OF1,3,7688,7688,384.3500000000001,384.3500000000001
R004,CNO,T1_SD_CNO,2026_06_19_merged.mat,OF1,1,7764,7764,388.1500000000001,388.1500000000001
R004,CNO,T1_SD_CNO,2026_06_19_merged.mat,OF1,3,7812,7812,390.55000000000007,390.55000000000007
R004,CNO,T1_SD_CNO,2026_06_19_merged.mat,OF1,5,7816,7816,390.75000000000006,390.75000000000006
R004,CNO,T1_SD_CNO,2026_06_19_merged.mat,OF1,2,7826,7826,391.25000000000006,391.25000000000006
R004,CNO,T1_SD_CNO,2026_06_19_merged.mat,OF1,2,7827,7827,391.30000000000007,391.30000000000007
R004,CNO,T1_SD_CNO,2026_06_19_merged.mat,OF1,4,7868,7868,393.3500000000001,393.3500000000001
R004,CNO,T1_SD_CNO,2026_06_19_merged.mat,OF1,4,7870,7870,393.4500000000001,393.4500000000001
R004,CNO,T1_SD_CNO,2026_06_19_merged.mat,OF1,4,7871,7871,393.50000000000006,393.50000000000006
R004,CNO,T1_SD_CNO,2026_06_19_merged.mat,OF1,4,7872,7872,393.55000000000007,393.55000000000007
R004,CNO,T1_SD_CNO,2026_06_19_merged.mat,OF1,6,7902,7902,395.05000000000007,395.05000000000007
R004,CNO,T1_SD_CNO,2026_06_19_merged.mat,OF1,6,7903,7903,395.1000000000001,395.1000000000001
R004,CNO,T1_SD_CNO,2026_06_19_merged.mat,OF1,2,7908,7908,395.3500000000001,395.3500000000001
R004,CNO,T1_SD_CNO,2026_06_19_merged.mat,OF1,5,7913,7913,395.6000000000001,395.6000000000001
R004,CNO,T1_SD_CNO,2026_06_19_merged.mat,OF1,5,7914,7914,395.6500000000001,395.6500000000001
R004,CNO,T1_SD_CNO,2026_06_19_merged.mat,OF1,5,7917,7917,395.80000000000007,395.80000000000007
R004,CNO,T1_SD_CNO,2026_06_19_merged.mat,OF1,4,8047,8047,402.30000000000007,402.30000000000007
R004,CNO,T1_SD_CNO,2026_06_19_merged.mat,OF1,4,8048,8048,402.3500000000001,402.3500000000001
R004,CNO,T1_SD_CNO,2026_06_19_merged.mat,OF1,4,8050,8050,402.45000000000005,402.45000000000005
R004,CNO,T1_SD_CNO,2026_06_19_merged.mat,OF1,2,8069,8069,403.4000000000001,403.4000000000001
R004,CNO,T1_SD_CNO,2026_06_19_merged.mat,OF1,1,8083,8083,404.1000000000001,404.1000000000001
R004,CNO,T1_SD_CNO,2026_06_19_merged.mat,OF1,3,8105,8105,405.20000000000005,405.20000000000005
R004,CNO,T1_SD_CNO,2026_06_19_merged.mat,OF1,5,8109,8109,405.4000000000001,405.4000000000001
R004,CNO,T1_SD_CNO,2026_06_19_merged.mat,OF1,1,8353,8353,417.6000000000001,417.6000000000001
R004,CNO,T1_SD_CNO,2026_06_19_merged.mat,OF1,4,8463,8463,423.1000000000001,423.1000000000001
R004,CNO,T1_SD_CNO,2026_06_19_merged.mat,OF1,5,8583,8583,429.1000000000001,429.1000000000001
R004,CNO,T1_SD_CNO,2026_06_19_merged.mat,OF1,4,8591,8591,429.5000000000001,429.5000000000001
R004,CNO,T1_SD_CNO,2026_06_19_merged.mat,OF1,4,8693,8693,434.6000000000001,434.6000000000001
R004,CNO,T1_SD_CNO,2026_06_19_merged.mat,OF1,2,8757,8757,437.80000000000007,437.80000000000007
R004,CNO,T1_SD_CNO,2026_06_19_merged.mat,OF1,2,8758,8758,437.8500000000001,437.8500000000001
R004,CNO,T1_SD_CNO,2026_06_19_merged.mat,OF1,2,8759,8759,437.9000000000001,437.9000000000001
R004,CNO,T1_SD_CNO,2026_06_19_merged.mat,OF1,6,8766,8766,438.2500000000001,438.2500000000001
R004,CNO,T1_SD_CNO,2026_06_19_merged.mat,OF1,4,8821,8821,441.0000000000001,441.0000000000001
R004,CNO,T1_SD_CNO,2026_06_19_merged.mat,OF1,1,8854,8854,442.6500000000001,442.6500000000001
R004,CNO,T1_SD_CNO,2026_06_19_merged.mat,OF1,4,8886,8886,444.2500000000001,444.2500000000001
R004,CNO,T1_SD_CNO,2026_06_19_merged.mat,OF1,4,8887,8887,444.30000000000007,444.30000000000007
R004,CNO,T1_SD_CNO,2026_06_19_merged.mat,OF1,5,8918,8918,445.8500000000001,445.8500000000001
R004,CNO,T1_SD_CNO,2026_06_19_merged.mat,OF1,5,8919,8919,445.9000000000001,445.9000000000001
R004,CNO,T1_SD_CNO,2026_06_19_merged.mat,OF1,4,8936,8936,446.7500000000001,446.7500000000001
R004,CNO,T1_SD_CNO,2026_06_19_merged.mat,OF1,6,8951,8951,447.5000000000001,447.5000000000001
R004,CNO,T1_SD_CNO,2026_06_19_merged.mat,OF1,6,8952,8952,447.55000000000007,447.55000000000007
R004,CNO,T1_SD_CNO,2026_06_19_merged.mat,OF1,6,8971,8971,448.5000000000001,448.5000000000001
R004,CNO,T1_SD_CNO,2026_06_19_merged.mat,OF1,6,8979,8979,448.9000000000001,448.9000000000001
R004,CNO,T1_SD_CNO,2026_06_19_merged.mat,OF1,6,8980,8980,448.95000000000005,448.95000000000005
R004,CNO,T1_SD_CNO,2026_06_19_merged.mat,OF1,5,8995,8995,449.70000000000005,449.70000000000005
R004,CNO,T1_SD_CNO,2026_06_19_merged.mat,OF1,5,8996,8996,449.7500000000001,449.7500000000001
R004,CNO,T1_SD_CNO,2026_06_19_merged.mat,OF1,5,8997,8997,449.80000000000007,449.80000000000007
R004,CNO,T1_SD_CNO,2026_06_19_merged.mat,OF1,5,8998,8998,449.8500000000001,449.8500000000001
R004,CNO,T1_SD_CNO,2026_06_19_merged.mat,OF1,4,9006,9006,450.2500000000001,450.2500000000001
R004,CNO,T1_SD_CNO,2026_06_19_merged.mat,OF1,2,9026,9026,451.2500000000001,451.2500000000001
R004,CNO,T1_SD_CNO,2026_06_19_merged.mat,OF1,2,9027,9027,451.30000000000007,451.30000000000007
R004,CNO,T1_SD_CNO,2026_06_19_merged.mat,OF1,5,9044,9044,452.1500000000001,452.1500000000001
R004,CNO,T1_SD_CNO,2026_06_19_merged.mat,OF1,5,9047,9047,452.30000000000007,452.30000000000007
R004,CNO,T1_SD_CNO,2026_06_19_merged.mat,OF1,1,9059,9059,452.9000000000001,452.9000000000001
R004,CNO,T1_SD_CNO,2026_06_19_merged.mat,OF1,1,9060,9060,452.95000000000005,452.95000000000005
R004,CNO,T1_SD_CNO,2026_06_19_merged.mat,OF1,3,9080,9080,453.95000000000005,453.95000000000005
R004,CNO,T1_SD_CNO,2026_06_19_merged.mat,OF1,3,9084,9084,454.1500000000001,454.1500000000001
R004,CNO,T1_SD_CNO,2026_06_19_merged.mat,OF1,3,9105,9105,455.20000000000005,455.20000000000005
R004,CNO,T1_SD_CNO,2026_06_19_merged.mat,OF1,6,9386,9386,469.2500000000001,469.2500000000001
R004,CNO,T1_SD_CNO,2026_06_19_merged.mat,OF1,5,9435,9435,471.70000000000005,471.70000000000005
R004,CNO,T1_SD_CNO,2026_06_19_merged.mat,OF1,5,9436,9436,471.7500000000001,471.7500000000001
R004,CNO,T1_SD_CNO,2026_06_19_merged.mat,OF1,3,9456,9456,472.7500000000001,472.7500000000001
R004,CNO,T1_SD_CNO,2026_06_19_merged.mat,OF1,3,9457,9457,472.80000000000007,472.80000000000007
R004,CNO,T1_SD_CNO,2026_06_19_merged.mat,OF1,5,9526,9526,476.2500000000001,476.2500000000001
R004,CNO,T1_SD_CNO,2026_06_19_merged.mat,OF1,5,9527,9527,476.30000000000007,476.30000000000007
R004,CNO,T1_SD_CNO,2026_06_19_merged.mat,OF1,5,9613,9613,480.6000000000001,480.6000000000001
R004,CNO,T1_SD_CNO,2026_06_19_merged.mat,OF1,4,9666,9666,483.2500000000001,483.2500000000001
R004,CNO,T1_SD_CNO,2026_06_19_merged.mat,OF1,4,9667,9667,483.30000000000007,483.30000000000007
R004,CNO,T1_SD_CNO,2026_06_19_merged.mat,OF1,5,9688,9688,484.3500000000001,484.3500000000001
R004,CNO,T1_SD_CNO,2026_06_19_merged.mat,OF1,5,9689,9689,484.4000000000001,484.4000000000001
R004,CNO,T1_SD_CNO,2026_06_19_merged.mat,OF1,5,9690,9690,484.45000000000005,484.45000000000005
R004,CNO,T1_SD_CNO,2026_06_19_merged.mat,OF1,5,9691,9691,484.5000000000001,484.5000000000001
R004,CNO,T1_SD_CNO,2026_06_19_merged.mat,OF1,5,9693,9693,484.6000000000001,484.6000000000001
R004,CNO,T1_SD_CNO,2026_06_19_merged.mat,OF1,1,9715,9715,485.70000000000005,485.70000000000005
R004,CNO,T1_SD_CNO,2026_06_19_merged.mat,OF1,6,9744,9744,487.1500000000001,487.1500000000001
R004,CNO,T1_SD_CNO,2026_06_19_merged.mat,OF1,6,9745,9745,487.20000000000005,487.20000000000005
R004,CNO,T1_SD_CNO,2026_06_19_merged.mat,OF1,1,9753,9753,487.6000000000001,487.6000000000001
R004,CNO,T1_SD_CNO,2026_06_19_merged.mat,OF1,1,9754,9754,487.6500000000001,487.6500000000001
R004,CNO,T1_SD_CNO,2026_06_19_merged.mat,OF1,4,9825,9825,491.20000000000005,491.20000000000005
R004,CNO,T1_SD_CNO,2026_06_19_merged.mat,OF1,5,9935,9935,496.70000000000005,496.70000000000005
R004,CNO,T1_SD_CNO,2026_06_19_merged.mat,OF1,5,9936,9936,496.7500000000001,496.7500000000001
R004,CNO,T1_SD_CNO,2026_06_19_merged.mat,OF1,5,9977,9977,498.80000000000007,498.80000000000007
R004,CNO,T1_SD_CNO,2026_06_19_merged.mat,OF1,5,9979,9979,498.9000000000001,498.9000000000001
R004,CNO,T1_SD_CNO,2026_06_19_merged.mat,OF1,4,9983,9983,499.1000000000001,499.1000000000001
R004,CNO,T1_SD_CNO,2026_06_19_merged.mat,OF1,6,10026,10026,501.2500000000001,501.2500000000001
R004,CNO,T1_SD_CNO,2026_06_19_merged.mat,OF1,6,10028,10028,501.3500000000001,501.3500000000001
R004,CNO,T1_SD_CNO,2026_06_19_merged.mat,OF1,2,10159,10159,507.9000000000001,507.9000000000001
R004,CNO,T1_SD_CNO,2026_06_19_merged.mat,OF1,2,10160,10160,507.95000000000005,507.95000000000005
R004,CNO,T1_SD_CNO,2026_06_19_merged.mat,OF1,2,10162,10162,508.05000000000007,508.05000000000007
R004,CNO,T1_SD_CNO,2026_06_19_merged.mat,OF1,4,10220,10220,510.95000000000005,510.95000000000005
R004,CNO,T1_SD_CNO,2026_06_19_merged.mat,OF1,2,10249,10249,512.4000000000001,512.4000000000001
R004,CNO,T1_SD_CNO,2026_06_19_merged.mat,OF1,2,10250,10250,512.45,512.45
R004,CNO,T1_SD_CNO,2026_06_19_merged.mat,OF1,5,10254,10254,512.6500000000001,512.6500000000001
R004,CNO,T1_SD_CNO,2026_06_19_merged.mat,OF1,5,10255,10255,512.7,512.7
R004,CNO,T1_SD_CNO,2026_06_19_merged.mat,OF1,6,10257,10257,512.8000000000001,512.8000000000001
R004,CNO,T1_SD_CNO,2026_06_19_merged.mat,OF1,6,10258,10258,512.8500000000001,512.8500000000001
R004,CNO,T1_SD_CNO,2026_06_19_merged.mat,OF1,6,10259,10259,512.9000000000001,512.9000000000001
R004,CNO,T1_SD_CNO,2026_06_19_merged.mat,OF1,5,10278,10278,513.8500000000001,513.8500000000001
R004,CNO,T1_SD_CNO,2026_06_19_merged.mat,OF1,2,10427,10427,521.3000000000001,521.3000000000001
R004,CNO,T1_SD_CNO,2026_06_19_merged.mat,OF1,1,10438,10438,521.8500000000001,521.8500000000001
R004,CNO,T1_SD_CNO,2026_06_19_merged.mat,OF1,3,10485,10485,524.2,524.2
R004,CNO,T1_SD_CNO,2026_06_19_merged.mat,OF1,4,10623,10623,531.1000000000001,531.1000000000001
R004,CNO,T1_SD_CNO,2026_06_19_merged.mat,OF1,6,10629,10629,531.4000000000001,531.4000000000001
R004,CNO,T1_SD_CNO,2026_06_19_merged.mat,OF1,4,10719,10719,535.9000000000001,535.9000000000001
R004,CNO,T1_SD_CNO,2026_06_19_merged.mat,OF1,4,10720,10720,535.95,535.95
R004,CNO,T1_SD_CNO,2026_06_19_merged.mat,OF1,4,10721,10721,536.0000000000001,536.0000000000001
R004,CNO,T1_SD_CNO,2026_06_19_merged.mat,OF1,6,10757,10757,537.8000000000001,537.8000000000001
R004,CNO,T1_SD_CNO,2026_06_19_merged.mat,OF1,6,10810,10810,540.45,540.45
R004,CNO,T1_SD_CNO,2026_06_19_merged.mat,OF1,6,10811,10811,540.5000000000001,540.5000000000001
R004,CNO,T1_SD_CNO,2026_06_19_merged.mat,OF1,6,10812,10812,540.5500000000001,540.5500000000001
R004,CNO,T1_SD_CNO,2026_06_19_merged.mat,OF1,3,10867,10867,543.3000000000001,543.3000000000001
R004,CNO,T1_SD_CNO,2026_06_19_merged.mat,OF1,4,10921,10921,546.0000000000001,546.0000000000001
R004,CNO,T1_SD_CNO,2026_06_19_merged.mat,OF1,3,10922,10922,546.0500000000001,546.0500000000001
R004,CNO,T1_SD_CNO,2026_06_19_merged.mat,OF1,4,10929,10929,546.4000000000001,546.4000000000001
R004,CNO,T1_SD_CNO,2026_06_19_merged.mat,OF1,4,10930,10930,546.45,546.45
R004,CNO,T1_SD_CNO,2026_06_19_merged.mat,OF1,4,10933,10933,546.6000000000001,546.6000000000001
R004,CNO,T1_SD_CNO,2026_06_19_merged.mat,OF1,4,10938,10938,546.8500000000001,546.8500000000001
R004,CNO,T1_SD_CNO,2026_06_19_merged.mat,OF1,5,10963,10963,548.1000000000001,548.1000000000001
R004,CNO,T1_SD_CNO,2026_06_19_merged.mat,OF1,6,10975,10975,548.7,548.7
R004,CNO,T1_SD_CNO,2026_06_19_merged.mat,OF1,5,11013,11013,550.6000000000001,550.6000000000001
R004,CNO,T1_SD_CNO,2026_06_19_merged.mat,OF1,5,11015,11015,550.7,550.7
R004,CNO,T1_SD_CNO,2026_06_19_merged.mat,OF1,5,11016,11016,550.7500000000001,550.7500000000001
R004,CNO,T1_SD_CNO,2026_06_19_merged.mat,OF1,5,11084,11084,554.1500000000001,554.1500000000001
R004,CNO,T1_SD_CNO,2026_06_19_merged.mat,OF1,5,11202,11202,560.0500000000001,560.0500000000001
R004,CNO,T1_SD_CNO,2026_06_19_merged.mat,OF1,5,11204,11204,560.1500000000001,560.1500000000001
R004,CNO,T1_SD_CNO,2026_06_19_merged.mat,OF1,5,11205,11205,560.2,560.2
R004,CNO,T1_SD_CNO,2026_06_19_merged.mat,OF1,5,11210,11210,560.45,560.45
R004,CNO,T1_SD_CNO,2026_06_19_merged.mat,OF1,4,11235,11235,561.7,561.7
R004,CNO,T1_SD_CNO,2026_06_19_merged.mat,OF1,6,11325,11325,566.2,566.2
R004,CNO,T1_SD_CNO,2026_06_19_merged.mat,OF1,6,11327,11327,566.3000000000001,566.3000000000001
R004,CNO,T1_SD_CNO,2026_06_19_merged.mat,OF1,6,11328,11328,566.3500000000001,566.3500000000001
R004,CNO,T1_SD_CNO,2026_06_19_merged.mat,OF1,5,11453,11453,572.6000000000001,572.6000000000001
R004,CNO,T1_SD_CNO,2026_06_19_merged.mat,OF1,5,11454,11454,572.6500000000001,572.6500000000001
R004,CNO,T1_SD_CNO,2026_06_19_merged.mat,OF1,5,11457,11457,572.8000000000001,572.8000000000001
R004,CNO,T1_SD_CNO,2026_06_19_merged.mat,OF1,3,11540,11540,576.95,576.95
R004,CNO,T1_SD_CNO,2026_06_19_merged.mat,OF1,3,11541,11541,577.0000000000001,577.0000000000001
R004,CNO,T1_SD_CNO,2026_06_19_merged.mat,OF1,1,11545,11545,577.2,577.2
R004,CNO,T1_SD_CNO,2026_06_19_merged.mat,OF1,6,11555,11555,577.7,577.7
R004,CNO,T1_SD_CNO,2026_06_19_merged.mat,OF1,6,11556,11556,577.7500000000001,577.7500000000001
R004,CNO,T1_SD_CNO,2026_06_19_merged.mat,OF1,6,11557,11557,577.8000000000001,577.8000000000001
R004,CNO,T1_SD_CNO,2026_06_19_merged.mat,OF1,3,11565,11565,578.2,578.2
R004,CNO,T1_SD_CNO,2026_06_19_merged.mat,OF1,6,11594,11594,579.6500000000001,579.6500000000001
R004,CNO,T1_SD_CNO,2026_06_19_merged.mat,OF1,1,11617,11617,580.8000000000001,580.8000000000001
R004,CNO,T1_SD_CNO,2026_06_19_merged.mat,OF1,3,11622,11622,581.0500000000001,581.0500000000001
R004,CNO,T1_SD_CNO,2026_06_19_merged.mat,OF1,1,11630,11630,581.45,581.45
R004,CNO,T1_SD_CNO,2026_06_19_merged.mat,OF1,6,11637,11637,581.8000000000001,581.8000000000001
R004,CNO,T1_SD_CNO,2026_06_19_merged.mat,OF1,6,11638,11638,581.8500000000001,581.8500000000001
R004,CNO,T1_SD_CNO,2026_06_19_merged.mat,OF1,5,11670,11670,583.45,583.45
R004,CNO,T1_SD_CNO,2026_06_19_merged.mat,OF1,5,11732,11732,586.5500000000001,586.5500000000001
R004,CNO,T1_SD_CNO,2026_06_19_merged.mat,OF1,5,11733,11733,586.6000000000001,586.6000000000001
R004,CNO,T1_SD_CNO,2026_06_19_merged.mat,OF1,1,11762,11762,588.0500000000001,588.0500000000001
R004,CNO,T1_SD_CNO,2026_06_19_merged.mat,OF1,3,11776,11776,588.7500000000001,588.7500000000001
R004,CNO,T1_SD_CNO,2026_06_19_merged.mat,OF1,3,11777,11777,588.8000000000001,588.8000000000001
R004,CNO,T1_SD_CNO,2026_06_19_merged.mat,OF1,3,11791,11791,589.5000000000001,589.5000000000001
R004,CNO,T1_SD_CNO,2026_06_19_merged.mat,OF1,3,11866,11866,593.2500000000001,593.2500000000001
R004,CNO,T1_SD_CNO,2026_06_19_merged.mat,OF1,5,11884,11884,594.1500000000001,594.1500000000001
R004,CNO,T1_SD_CNO,2026_06_19_merged.mat,OF1,5,11885,11885,594.2,594.2
R004,CNO,T1_SD_CNO,2026_06_19_merged.mat,OF1,5,11886,11886,594.2500000000001,594.2500000000001
R004,CNO,T1_SD_CNO,2026_06_19_merged.mat,OF1,4,11951,11951,597.5000000000001,597.5000000000001
R004,CNO,T1_SD_CNO,2026_06_19_merged.mat,OF1,4,11954,11954,597.6500000000001,597.6500000000001
R004,CNO,T1_SD_CNO,2026_06_19_merged.mat,OF1,4,11955,11955,597.7,597.7
R004,CNO,T1_SD_CNO,2026_06_19_merged.mat,OF1,4,11956,11956,597.7500000000001,597.7500000000001
R004,CNO,T1_SD_CNO,2026_06_19_merged.mat,OF1,5,11998,11998,599.8500000000001,599.8500000000001
R004,CNO,T1_SD_CNO,2026_06_19_merged.mat,OF1,5,12052,12052,602.5500000000001,602.5500000000001
R004,CNO,T1_SD_CNO,2026_06_19_merged.mat,OF1,5,12053,12053,602.6000000000001,602.6000000000001
R004,CNO,T1_SD_CNO,2026_06_19_merged.mat,OF1,5,12054,12054,602.6500000000001,602.6500000000001
R004,CNO,T1_SD_CNO,2026_06_19_merged.mat,OF1,5,12058,12058,602.8500000000001,602.8500000000001
R004,CNO,T1_SD_CNO,2026_06_19_merged.mat,OF1,6,12066,12066,603.2500000000001,603.2500000000001
R004,CNO,T1_SD_CNO,2026_06_19_merged.mat,OF1,6,12067,12067,603.3000000000001,603.3000000000001
R004,CNO,T1_SD_CNO,2026_06_19_merged.mat,OF1,6,12070,12070,603.45,603.45
R004,CNO,T1_SD_CNO,2026_06_19_merged.mat,OF1,5,12147,12147,607.3000000000001,607.3000000000001
R004,CNO,T1_SD_CNO,2026_06_19_merged.mat,OF1,5,12158,12158,607.8500000000001,607.8500000000001
R004,CNO,T1_SD_CNO,2026_06_19_merged.mat,OF1,2,12278,12278,613.8500000000001,613.8500000000001
R004,CNO,T1_SD_CNO,2026_06_19_merged.mat,OF1,5,12302,12302,615.0500000000001,615.0500000000001
R004,CNO,T1_SD_CNO,2026_06_19_merged.mat,OF1,5,12688,12688,634.3500000000001,634.3500000000001
R004,CNO,T1_SD_CNO,2026_06_19_merged.mat,OF1,5,12689,12689,634.4000000000001,634.4000000000001
R004,CNO,T1_SD_CNO,2026_06_19_merged.mat,OF1,5,12690,12690,634.45,634.45
R004,CNO,T1_SD_CNO,2026_06_19_merged.mat,OF1,5,12692,12692,634.5500000000001,634.5500000000001
R004,CNO,T1_SD_CNO,2026_06_19_merged.mat,OF1,3,12698,12698,634.8500000000001,634.8500000000001
R004,CNO,T1_SD_CNO,2026_06_19_merged.mat,OF1,3,12699,12699,634.9000000000001,634.9000000000001
R004,CNO,T1_SD_CNO,2026_06_19_merged.mat,OF1,4,12970,12970,648.45,648.45
R004,CNO,T1_SD_CNO,2026_06_19_merged.mat,OF1,2,12990,12990,649.45,649.45
R004,CNO,T1_SD_CNO,2026_06_19_merged.mat,OF1,2,12991,12991,649.5000000000001,649.5000000000001
R004,CNO,T1_SD_CNO,2026_06_19_merged.mat,OF1,2,12993,12993,649.6000000000001,649.6000000000001
R004,CNO,T1_SD_CNO,2026_06_19_merged.mat,SAMPLE,1,13150,151,7.5,657.45
R004,CNO,T1_SD_CNO,2026_06_19_merged.mat,SAMPLE,2,13182,183,9.1,659.0500000000001
R004,CNO,T1_SD_CNO,2026_06_19_merged.mat,SAMPLE,2,13183,184,9.15,659.1
R004,CNO,T1_SD_CNO,2026_06_19_merged.mat,SAMPLE,2,13184,185,9.200000000000001,659.1500000000001
R004,CNO,T1_SD_CNO,2026_06_19_merged.mat,SAMPLE,2,13185,186,9.25,659.2
R004,CNO,T1_SD_CNO,2026_06_19_merged.mat,SAMPLE,2,13186,187,9.3,659.25
R004,CNO,T1_SD_CNO,2026_06_19_merged.mat,SAMPLE,2,13187,188,9.35,659.3000000000001
R004,CNO,T1_SD_CNO,2026_06_19_merged.mat,SAMPLE,2,13188,189,9.4,659.35
R004,CNO,T1_SD_CNO,2026_06_19_merged.mat,SAMPLE,2,13189,190,9.450000000000001,659.4000000000001
R004,CNO,T1_SD_CNO,2026_06_19_merged.mat,SAMPLE,2,13193,194,9.65,659.6
R004,CNO,T1_SD_CNO,2026_06_19_merged.mat,SAMPLE,1,13242,243,12.100000000000001,662.0500000000001
R004,CNO,T1_SD_CNO,2026_06_19_merged.mat,SAMPLE,3,13335,336,16.75,666.7
R004,CNO,T1_SD_CNO,2026_06_19_merged.mat,SAMPLE,5,13351,352,17.55,667.5
R004,CNO,T1_SD_CNO,2026_06_19_merged.mat,SAMPLE,5,13353,354,17.650000000000002,667.6
R004,CNO,T1_SD_CNO,2026_06_19_merged.mat,SAMPLE,1,13362,363,18.1,668.0500000000001
R004,CNO,T1_SD_CNO,2026_06_19_merged.mat,SAMPLE,6,13409,410,20.450000000000003,670.4000000000001
R004,CNO,T1_SD_CNO,2026_06_19_merged.mat,SAMPLE,4,13487,488,24.35,674.3000000000001
R004,CNO,T1_SD_CNO,2026_06_19_merged.mat,SAMPLE,5,13601,602,30.05,680.0
R004,CNO,T1_SD_CNO,2026_06_19_merged.mat,SAMPLE,6,13632,633,31.6,681.5500000000001
R004,CNO,T1_SD_CNO,2026_06_19_merged.mat,SAMPLE,4,13657,658,32.85,682.8000000000001
R004,CNO,T1_SD_CNO,2026_06_19_merged.mat,SAMPLE,5,13724,725,36.2,686.1500000000001
R004,CNO,T1_SD_CNO,2026_06_19_merged.mat,SAMPLE,5,13732,733,36.6,686.5500000000001
R004,CNO,T1_SD_CNO,2026_06_19_merged.mat,SAMPLE,4,13737,738,36.85,686.8000000000001
R004,CNO,T1_SD_CNO,2026_06_19_merged.mat,SAMPLE,4,13742,743,37.1,687.0500000000001
R004,CNO,T1_SD_CNO,2026_06_19_merged.mat,SAMPLE,4,13743,744,37.15,687.1
R004,CNO,T1_SD_CNO,2026_06_19_merged.mat,SAMPLE,6,13759,760,37.95,687.9000000000001
R004,CNO,T1_SD_CNO,2026_06_19_merged.mat,SAMPLE,6,13760,761,38.0,687.95
R004,CNO,T1_SD_CNO,2026_06_19_merged.mat,SAMPLE,5,13772,773,38.6,688.5500000000001
R004,CNO,T1_SD_CNO,2026_06_19_merged.mat,SAMPLE,2,13780,781,39.0,688.95
R004,CNO,T1_SD_CNO,2026_06_19_merged.mat,SAMPLE,2,13782,783,39.1,689.0500000000001
R004,CNO,T1_SD_CNO,2026_06_19_merged.mat,SAMPLE,2,13783,784,39.150000000000006,689.1
R004,CNO,T1_SD_CNO,2026_06_19_merged.mat,SAMPLE,2,13784,785,39.2,689.1500000000001
R004,CNO,T1_SD_CNO,2026_06_19_merged.mat,SAMPLE,2,13785,786,39.25,689.2
R004,CNO,T1_SD_CNO,2026_06_19_merged.mat,SAMPLE,2,13786,787,39.300000000000004,689.25
R004,CNO,T1_SD_CNO,2026_06_19_merged.mat,SAMPLE,2,13794,795,39.7,689.6500000000001
R004,CNO,T1_SD_CNO,2026_06_19_merged.mat,SAMPLE,2,13795,796,39.75,689.7
R004,CNO,T1_SD_CNO,2026_06_19_merged.mat,SAMPLE,5,13824,825,41.2,691.1500000000001
R004,CNO,T1_SD_CNO,2026_06_19_merged.mat,SAMPLE,5,13826,827,41.300000000000004,691.25
R004,CNO,T1_SD_CNO,2026_06_19_merged.mat,SAMPLE,5,13827,828,41.35,691.3000000000001
R004,CNO,T1_SD_CNO,2026_06_19_merged.mat,SAMPLE,1,13878,879,43.900000000000006,693.85
R004,CNO,T1_SD_CNO,2026_06_19_merged.mat,SAMPLE,4,13882,883,44.1,694.0500000000001
R004,CNO,T1_SD_CNO,2026_06_19_merged.mat,SAMPLE,4,13883,884,44.150000000000006,694.1
R004,CNO,T1_SD_CNO,2026_06_19_merged.mat,SAMPLE,4,13884,885,44.2,694.1500000000001
R004,CNO,T1_SD_CNO,2026_06_19_merged.mat,SAMPLE,6,13941,942,47.050000000000004,697.0
R004,CNO,T1_SD_CNO,2026_06_19_merged.mat,SAMPLE,6,14011,1012,50.550000000000004,700.5
R004,CNO,T1_SD_CNO,2026_06_19_merged.mat,SAMPLE,2,14012,1013,50.6,700.5500000000001
R004,CNO,T1_SD_CNO,2026_06_19_merged.mat,SAMPLE,5,14013,1014,50.650000000000006,700.6
R004,CNO,T1_SD_CNO,2026_06_19_merged.mat,SAMPLE,5,14016,1017,50.800000000000004,700.75
R004,CNO,T1_SD_CNO,2026_06_19_merged.mat,SAMPLE,5,14017,1018,50.85,700.8000000000001
R004,CNO,T1_SD_CNO,2026_06_19_merged.mat,SAMPLE,6,14037,1038,51.85,701.8000000000001
R004,CNO,T1_SD_CNO,2026_06_19_merged.mat,SAMPLE,6,14127,1128,56.35,706.3000000000001
R004,CNO,T1_SD_CNO,2026_06_19_merged.mat,SAMPLE,6,14129,1130,56.45,706.4000000000001
R004,CNO,T1_SD_CNO,2026_06_19_merged.mat,SAMPLE,6,14131,1132,56.550000000000004,706.5
R004,CNO,T1_SD_CNO,2026_06_19_merged.mat,SAMPLE,6,14133,1134,56.650000000000006,706.6
R004,CNO,T1_SD_CNO,2026_06_19_merged.mat,SAMPLE,1,14208,1209,60.400000000000006,710.35
R004,CNO,T1_SD_CNO,2026_06_19_merged.mat,SAMPLE,5,14216,1217,60.800000000000004,710.75
R004,CNO,T1_SD_CNO,2026_06_19_merged.mat,SAMPLE,2,14233,1234,61.650000000000006,711.6
R004,CNO,T1_SD_CNO,2026_06_19_merged.mat,SAMPLE,2,14234,1235,61.7,711.6500000000001
R004,CNO,T1_SD_CNO,2026_06_19_merged.mat,SAMPLE,5,14265,1266,63.25,713.2
R004,CNO,T1_SD_CNO,2026_06_19_merged.mat,SAMPLE,4,14285,1286,64.25,714.2
R004,CNO,T1_SD_CNO,2026_06_19_merged.mat,SAMPLE,4,14286,1287,64.3,714.25
R004,CNO,T1_SD_CNO,2026_06_19_merged.mat,SAMPLE,4,14287,1288,64.35000000000001,714.3000000000001
R004,CNO,T1_SD_CNO,2026_06_19_merged.mat,SAMPLE,5,14356,1357,67.8,717.75
R004,CNO,T1_SD_CNO,2026_06_19_merged.mat,SAMPLE,5,14357,1358,67.85000000000001,717.8000000000001
R004,CNO,T1_SD_CNO,2026_06_19_merged.mat,SAMPLE,6,14429,1430,71.45,721.4000000000001
R004,CNO,T1_SD_CNO,2026_06_19_merged.mat,SAMPLE,5,14475,1476,73.75,723.7
R004,CNO,T1_SD_CNO,2026_06_19_merged.mat,SAMPLE,5,14476,1477,73.8,723.75
R004,CNO,T1_SD_CNO,2026_06_19_merged.mat,SAMPLE,5,14478,1479,73.9,723.85
R004,CNO,T1_SD_CNO,2026_06_19_merged.mat,SAMPLE,2,14483,1484,74.15,724.1
R004,CNO,T1_SD_CNO,2026_06_19_merged.mat,SAMPLE,2,14484,1485,74.2,724.1500000000001
R004,CNO,T1_SD_CNO,2026_06_19_merged.mat,SAMPLE,2,14486,1487,74.3,724.25
R004,CNO,T1_SD_CNO,2026_06_19_merged.mat,SAMPLE,3,14494,1495,74.7,724.6500000000001
R004,CNO,T1_SD_CNO,2026_06_19_merged.mat,SAMPLE,5,14611,1612,80.55000000000001,730.5
R004,CNO,T1_SD_CNO,2026_06_19_merged.mat,SAMPLE,5,14612,1613,80.60000000000001,730.5500000000001
R004,CNO,T1_SD_CNO,2026_06_19_merged.mat,SAMPLE,6,14617,1618,80.85000000000001,730.8000000000001
R004,CNO,T1_SD_CNO,2026_06_19_merged.mat,SAMPLE,6,14618,1619,80.9,730.85
R004,CNO,T1_SD_CNO,2026_06_19_merged.mat,SAMPLE,1,14645,1646,82.25,732.2
R004,CNO,T1_SD_CNO,2026_06_19_merged.mat,SAMPLE,1,14871,1872,93.55000000000001,743.5
R004,CNO,T1_SD_CNO,2026_06_19_merged.mat,SAMPLE,5,14878,1879,93.9,743.85
R004,CNO,T1_SD_CNO,2026_06_19_merged.mat,SAMPLE,5,14879,1880,93.95,743.9000000000001
R004,CNO,T1_SD_CNO,2026_06_19_merged.mat,SAMPLE,4,15047,2048,102.35000000000001,752.3000000000001
R004,CNO,T1_SD_CNO,2026_06_19_merged.mat,SAMPLE,4,15048,2049,102.4,752.35
R004,CNO,T1_SD_CNO,2026_06_19_merged.mat,SAMPLE,4,15049,2050,102.45,752.4000000000001
R004,CNO,T1_SD_CNO,2026_06_19_merged.mat,SAMPLE,4,15050,2051,102.5,752.45
R004,CNO,T1_SD_CNO,2026_06_19_merged.mat,SAMPLE,4,15051,2052,102.55000000000001,752.5
R004,CNO,T1_SD_CNO,2026_06_19_merged.mat,SAMPLE,4,15052,2053,102.60000000000001,752.5500000000001
R004,CNO,T1_SD_CNO,2026_06_19_merged.mat,SAMPLE,4,15053,2054,102.65,752.6
R004,CNO,T1_SD_CNO,2026_06_19_merged.mat,SAMPLE,1,15066,2067,103.30000000000001,753.25
R004,CNO,T1_SD_CNO,2026_06_19_merged.mat,SAMPLE,2,15070,2071,103.5,753.45
R004,CNO,T1_SD_CNO,2026_06_19_merged.mat,SAMPLE,6,15274,2275,113.7,763.6500000000001
R004,CNO,T1_SD_CNO,2026_06_19_merged.mat,SAMPLE,6,15349,2350,117.45,767.4000000000001
R004,CNO,T1_SD_CNO,2026_06_19_merged.mat,SAMPLE,6,15350,2351,117.5,767.45
R004,CNO,T1_SD_CNO,2026_06_19_merged.mat,SAMPLE,5,15381,2382,119.05000000000001,769.0
R004,CNO,T1_SD_CNO,2026_06_19_merged.mat,SAMPLE,6,15424,2425,121.2,771.1500000000001
R004,CNO,T1_SD_CNO,2026_06_19_merged.mat,SAMPLE,1,15482,2483,124.10000000000001,774.0500000000001
R004,CNO,T1_SD_CNO,2026_06_19_merged.mat,SAMPLE,3,15496,2497,124.80000000000001,774.75
R004,CNO,T1_SD_CNO,2026_06_19_merged.mat,SAMPLE,3,15507,2508,125.35000000000001,775.3000000000001
R004,CNO,T1_SD_CNO,2026_06_19_merged.mat,SAMPLE,3,15509,2510,125.45,775.4000000000001
R004,CNO,T1_SD_CNO,2026_06_19_merged.mat,SAMPLE,3,15510,2511,125.5,775.45
R004,CNO,T1_SD_CNO,2026_06_19_merged.mat,SAMPLE,3,15511,2512,125.55000000000001,775.5
R004,CNO,T1_SD_CNO,2026_06_19_merged.mat,SAMPLE,3,15527,2528,126.35000000000001,776.3000000000001
R004,CNO,T1_SD_CNO,2026_06_19_merged.mat,SAMPLE,2,15536,2537,126.80000000000001,776.75
R004,CNO,T1_SD_CNO,2026_06_19_merged.mat,SAMPLE,2,15537,2538,126.85000000000001,776.8000000000001
R004,CNO,T1_SD_CNO,2026_06_19_merged.mat,SAMPLE,3,15559,2560,127.95,777.9000000000001
R004,CNO,T1_SD_CNO,2026_06_19_merged.mat,SAMPLE,3,15560,2561,128.0,777.95
R004,CNO,T1_SD_CNO,2026_06_19_merged.mat,SAMPLE,3,15573,2574,128.65,778.6
R004,CNO,T1_SD_CNO,2026_06_19_merged.mat,SAMPLE,2,15589,2590,129.45000000000002,779.4000000000001
R004,CNO,T1_SD_CNO,2026_06_19_merged.mat,SAMPLE,2,15590,2591,129.5,779.45
R004,CNO,T1_SD_CNO,2026_06_19_merged.mat,SAMPLE,2,15671,2672,133.55,783.5
R004,CNO,T1_SD_CNO,2026_06_19_merged.mat,SAMPLE,2,15696,2697,134.8,784.75
R004,CNO,T1_SD_CNO,2026_06_19_merged.mat,SAMPLE,2,15802,2803,140.1,790.0500000000001
R004,CNO,T1_SD_CNO,2026_06_19_merged.mat,SAMPLE,2,15803,2804,140.15,790.1
R004,CNO,T1_SD_CNO,2026_06_19_merged.mat,SAMPLE,2,15804,2805,140.20000000000002,790.1500000000001
R004,CNO,T1_SD_CNO,2026_06_19_merged.mat,SAMPLE,2,15807,2808,140.35,790.3000000000001
R004,CNO,T1_SD_CNO,2026_06_19_merged.mat,SAMPLE,1,15883,2884,144.15,794.1
R004,CNO,T1_SD_CNO,2026_06_19_merged.mat,SAMPLE,5,15952,2953,147.6,797.5500000000001
R004,CNO,T1_SD_CNO,2026_06_19_merged.mat,SAMPLE,5,15953,2954,147.65,797.6
R004,CNO,T1_SD_CNO,2026_06_19_merged.mat,SAMPLE,5,15955,2956,147.75,797.7
R004,CNO,T1_SD_CNO,2026_06_19_merged.mat,SAMPLE,5,15956,2957,147.8,797.75
R004,CNO,T1_SD_CNO,2026_06_19_merged.mat,SAMPLE,4,16041,3042,152.05,802.0
R004,CNO,T1_SD_CNO,2026_06_19_merged.mat,SAMPLE,5,16043,3044,152.15,802.1
R004,CNO,T1_SD_CNO,2026_06_19_merged.mat,SAMPLE,5,16044,3045,152.20000000000002,802.1500000000001
R004,CNO,T1_SD_CNO,2026_06_19_merged.mat,SAMPLE,5,16045,3046,152.25,802.2
R004,CNO,T1_SD_CNO,2026_06_19_merged.mat,SAMPLE,2,16070,3071,153.5,803.45
R004,CNO,T1_SD_CNO,2026_06_19_merged.mat,SAMPLE,4,16103,3104,155.15,805.1
R004,CNO,T1_SD_CNO,2026_06_19_merged.mat,SAMPLE,4,16104,3105,155.20000000000002,805.1500000000001
R004,CNO,T1_SD_CNO,2026_06_19_merged.mat,SAMPLE,4,16107,3108,155.35000000000002,805.3000000000001
R004,CNO,T1_SD_CNO,2026_06_19_merged.mat,SAMPLE,5,16110,3111,155.5,805.45
R004,CNO,T1_SD_CNO,2026_06_19_merged.mat,SAMPLE,5,16111,3112,155.55,805.5
R004,CNO,T1_SD_CNO,2026_06_19_merged.mat,SAMPLE,1,16280,3281,164.0,813.95
R004,CNO,T1_SD_CNO,2026_06_19_merged.mat,SAMPLE,5,16282,3283,164.10000000000002,814.0500000000001
R004,CNO,T1_SD_CNO,2026_06_19_merged.mat,SAMPLE,2,16284,3285,164.20000000000002,814.1500000000001
R004,CNO,T1_SD_CNO,2026_06_19_merged.mat,SAMPLE,1,16405,3406,170.25,820.2
R004,CNO,T1_SD_CNO,2026_06_19_merged.mat,SAMPLE,5,16413,3414,170.65,820.6
R004,CNO,T1_SD_CNO,2026_06_19_merged.mat,SAMPLE,5,16417,3418,170.85000000000002,820.8000000000001
R004,CNO,T1_SD_CNO,2026_06_19_merged.mat,SAMPLE,4,16452,3453,172.60000000000002,822.5500000000001
R004,CNO,T1_SD_CNO,2026_06_19_merged.mat,SAMPLE,3,16563,3564,178.15,828.1
R004,CNO,T1_SD_CNO,2026_06_19_merged.mat,SAMPLE,3,16584,3585,179.20000000000002,829.1500000000001
R004,CNO,T1_SD_CNO,2026_06_19_merged.mat,SAMPLE,3,16649,3650,182.45000000000002,832.4000000000001
R004,CNO,T1_SD_CNO,2026_06_19_merged.mat,SAMPLE,5,16748,3749,187.4,837.35
R004,CNO,T1_SD_CNO,2026_06_19_merged.mat,SAMPLE,5,16749,3750,187.45000000000002,837.4000000000001
R004,CNO,T1_SD_CNO,2026_06_19_merged.mat,SAMPLE,4,16762,3763,188.10000000000002,838.0500000000001
R004,CNO,T1_SD_CNO,2026_06_19_merged.mat,SAMPLE,6,16812,3813,190.60000000000002,840.5500000000001
R004,CNO,T1_SD_CNO,2026_06_19_merged.mat,SAMPLE,2,16957,3958,197.85000000000002,847.8000000000001
R004,CNO,T1_SD_CNO,2026_06_19_merged.mat,SAMPLE,6,17086,4087,204.3,854.25
R004,CNO,T1_SD_CNO,2026_06_19_merged.mat,SAMPLE,6,17089,4090,204.45000000000002,854.4000000000001
R004,CNO,T1_SD_CNO,2026_06_19_merged.mat,SAMPLE,6,17093,4094,204.65,854.6
R004,CNO,T1_SD_CNO,2026_06_19_merged.mat,SAMPLE,2,17153,4154,207.65,857.6
R004,CNO,T1_SD_CNO,2026_06_19_merged.mat,SAMPLE,2,17154,4155,207.70000000000002,857.6500000000001
R004,CNO,T1_SD_CNO,2026_06_19_merged.mat,SAMPLE,3,17188,4189,209.4,859.35
R004,CNO,T1_SD_CNO,2026_06_19_merged.mat,SAMPLE,5,17193,4194,209.65,859.6
R004,CNO,T1_SD_CNO,2026_06_19_merged.mat,SAMPLE,1,17209,4210,210.45000000000002,860.4000000000001
R004,CNO,T1_SD_CNO,2026_06_19_merged.mat,SAMPLE,6,17218,4219,210.9,860.85
R004,CNO,T1_SD_CNO,2026_06_19_merged.mat,SAMPLE,6,17219,4220,210.95000000000002,860.9000000000001
R004,CNO,T1_SD_CNO,2026_06_19_merged.mat,SAMPLE,4,17239,4240,211.95000000000002,861.9000000000001
R004,CNO,T1_SD_CNO,2026_06_19_merged.mat,SAMPLE,6,17247,4248,212.35000000000002,862.3000000000001
R004,CNO,T1_SD_CNO,2026_06_19_merged.mat,SAMPLE,6,17248,4249,212.4,862.35
R004,CNO,T1_SD_CNO,2026_06_19_merged.mat,SAMPLE,6,17253,4254,212.65,862.6
R004,CNO,T1_SD_CNO,2026_06_19_merged.mat,SAMPLE,1,17262,4263,213.10000000000002,863.0500000000001
R004,CNO,T1_SD_CNO,2026_06_19_merged.mat,SAMPLE,6,17303,4304,215.15,865.1
R004,CNO,T1_SD_CNO,2026_06_19_merged.mat,SAMPLE,2,17309,4310,215.45000000000002,865.4000000000001
R004,CNO,T1_SD_CNO,2026_06_19_merged.mat,SAMPLE,2,17310,4311,215.5,865.45
R004,CNO,T1_SD_CNO,2026_06_19_merged.mat,SAMPLE,1,17366,4367,218.3,868.25
R004,CNO,T1_SD_CNO,2026_06_19_merged.mat,SAMPLE,4,17411,4412,220.55,870.5
R004,CNO,T1_SD_CNO,2026_06_19_merged.mat,SAMPLE,2,17415,4416,220.75,870.7
R004,CNO,T1_SD_CNO,2026_06_19_merged.mat,SAMPLE,2,17416,4417,220.8,870.75
R004,CNO,T1_SD_CNO,2026_06_19_merged.mat,SAMPLE,3,17480,4481,224.0,873.95
R004,CNO,T1_SD_CNO,2026_06_19_merged.mat,SAMPLE,4,17534,4535,226.70000000000002,876.6500000000001
R004,CNO,T1_SD_CNO,2026_06_19_merged.mat,SAMPLE,6,17539,4540,226.95000000000002,876.9000000000001
R004,CNO,T1_SD_CNO,2026_06_19_merged.mat,SAMPLE,6,17540,4541,227.0,876.95
R004,CNO,T1_SD_CNO,2026_06_19_merged.mat,SAMPLE,2,17707,4708,235.35000000000002,885.3000000000001
R004,CNO,T1_SD_CNO,2026_06_19_merged.mat,SAMPLE,3,17735,4736,236.75,886.7
R004,CNO,T1_SD_CNO,2026_06_19_merged.mat,SAMPLE,3,17736,4737,236.8,886.75
R004,CNO,T1_SD_CNO,2026_06_19_merged.mat,SAMPLE,4,17747,4748,237.35000000000002,887.3000000000001
R004,CNO,T1_SD_CNO,2026_06_19_merged.mat,SAMPLE,6,17807,4808,240.35000000000002,890.3000000000001
R004,CNO,T1_SD_CNO,2026_06_19_merged.mat,SAMPLE,1,17829,4830,241.45000000000002,891.4000000000001
R004,CNO,T1_SD_CNO,2026_06_19_merged.mat,SAMPLE,1,17875,4876,243.75,893.7
R004,CNO,T1_SD_CNO,2026_06_19_merged.mat,SAMPLE,1,17878,4879,243.9,893.85
R004,CNO,T1_SD_CNO,2026_06_19_merged.mat,SAMPLE,1,17879,4880,243.95000000000002,893.9000000000001
R004,CNO,T1_SD_CNO,2026_06_19_merged.mat,SAMPLE,1,17895,4896,244.75,894.7
R004,CNO,T1_SD_CNO,2026_06_19_merged.mat,SAMPLE,1,17898,4899,244.9,894.85
R004,CNO,T1_SD_CNO,2026_06_19_merged.mat,SAMPLE,1,17902,4903,245.10000000000002,895.0500000000001
R004,CNO,T1_SD_CNO,2026_06_19_merged.mat,SAMPLE,1,17903,4904,245.15,895.1
R004,CNO,T1_SD_CNO,2026_06_19_merged.mat,SAMPLE,3,17911,4912,245.55,895.5
R004,CNO,T1_SD_CNO,2026_06_19_merged.mat,SAMPLE,1,17920,4921,246.0,895.95
R004,CNO,T1_SD_CNO,2026_06_19_merged.mat,SAMPLE,1,17955,4956,247.75,897.7
R004,CNO,T1_SD_CNO,2026_06_19_merged.mat,SAMPLE,6,17976,4977,248.8,898.75
R004,CNO,T1_SD_CNO,2026_06_19_merged.mat,SAMPLE,6,17977,4978,248.85000000000002,898.8000000000001
R004,CNO,T1_SD_CNO,2026_06_19_merged.mat,SAMPLE,1,18059,5060,252.95000000000002,902.9000000000001
R004,CNO,T1_SD_CNO,2026_06_19_merged.mat,SAMPLE,1,18072,5073,253.60000000000002,903.5500000000001
R004,CNO,T1_SD_CNO,2026_06_19_merged.mat,SAMPLE,5,18094,5095,254.70000000000002,904.6500000000001
R004,CNO,T1_SD_CNO,2026_06_19_merged.mat,SAMPLE,5,18095,5096,254.75,904.7
R004,CNO,T1_SD_CNO,2026_06_19_merged.mat,SAMPLE,5,18096,5097,254.8,904.75
R004,CNO,T1_SD_CNO,2026_06_19_merged.mat,SAMPLE,6,18135,5136,256.75,906.7
R004,CNO,T1_SD_CNO,2026_06_19_merged.mat,SAMPLE,6,18136,5137,256.8,906.75
R004,CNO,T1_SD_CNO,2026_06_19_merged.mat,SAMPLE,5,18158,5159,257.90000000000003,907.8500000000001
R004,CNO,T1_SD_CNO,2026_06_19_merged.mat,SAMPLE,5,18159,5160,257.95,907.9000000000001
R004,CNO,T1_SD_CNO,2026_06_19_merged.mat,SAMPLE,2,18187,5188,259.35,909.3000000000001
R004,CNO,T1_SD_CNO,2026_06_19_merged.mat,SAMPLE,2,18188,5189,259.40000000000003,909.3500000000001
R004,CNO,T1_SD_CNO,2026_06_19_merged.mat,SAMPLE,2,18189,5190,259.45,909.4000000000001
R004,CNO,T1_SD_CNO,2026_06_19_merged.mat,SAMPLE,5,18198,5199,259.90000000000003,909.8500000000001
R004,CNO,T1_SD_CNO,2026_06_19_merged.mat,SAMPLE,5,18199,5200,259.95,909.9000000000001
R004,CNO,T1_SD_CNO,2026_06_19_merged.mat,SAMPLE,5,18200,5201,260.0,909.95
R004,CNO,T1_SD_CNO,2026_06_19_merged.mat,SAMPLE,5,18201,5202,260.05,910.0
R004,CNO,T1_SD_CNO,2026_06_19_merged.mat,SAMPLE,5,18202,5203,260.1,910.0500000000001
R004,CNO,T1_SD_CNO,2026_06_19_merged.mat,SAMPLE,5,18203,5204,260.15000000000003,910.1000000000001
R004,CNO,T1_SD_CNO,2026_06_19_merged.mat,SAMPLE,3,18222,5223,261.1,911.0500000000001
R004,CNO,T1_SD_CNO,2026_06_19_merged.mat,SAMPLE,1,18252,5253,262.6,912.5500000000001
R004,CNO,T1_SD_CNO,2026_06_19_merged.mat,SAMPLE,2,18254,5255,262.7,912.6500000000001
R004,CNO,T1_SD_CNO,2026_06_19_merged.mat,SAMPLE,5,18273,5274,263.65000000000003,913.6000000000001
R004,CNO,T1_SD_CNO,2026_06_19_merged.mat,SAMPLE,5,18276,5277,263.8,913.75
R004,CNO,T1_SD_CNO,2026_06_19_merged.mat,SAMPLE,1,18337,5338,266.85,916.8000000000001
R004,CNO,T1_SD_CNO,2026_06_19_merged.mat,SAMPLE,5,18368,5369,268.40000000000003,918.3500000000001
R004,CNO,T1_SD_CNO,2026_06_19_merged.mat,SAMPLE,1,18392,5393,269.6,919.5500000000001
R004,CNO,T1_SD_CNO,2026_06_19_merged.mat,SAMPLE,1,18393,5394,269.65000000000003,919.6000000000001
R004,CNO,T1_SD_CNO,2026_06_19_merged.mat,SAMPLE,5,18504,5505,275.2,925.1500000000001
R004,CNO,T1_SD_CNO,2026_06_19_merged.mat,SAMPLE,5,18511,5512,275.55,925.5
R004,CNO,T1_SD_CNO,2026_06_19_merged.mat,SAMPLE,5,18512,5513,275.6,925.5500000000001
R004,CNO,T1_SD_CNO,2026_06_19_merged.mat,SAMPLE,5,18513,5514,275.65000000000003,925.6000000000001
R004,CNO,T1_SD_CNO,2026_06_19_merged.mat,SAMPLE,5,18514,5515,275.7,925.6500000000001
R004,CNO,T1_SD_CNO,2026_06_19_merged.mat,SAMPLE,5,18515,5516,275.75,925.7
R004,CNO,T1_SD_CNO,2026_06_19_merged.mat,SAMPLE,5,18516,5517,275.8,925.75
R004,CNO,T1_SD_CNO,2026_06_19_merged.mat,SAMPLE,4,18609,5610,280.45,930.4000000000001
R004,CNO,T1_SD_CNO,2026_06_19_merged.mat,SAMPLE,4,18610,5611,280.5,930.45
R004,CNO,T1_SD_CNO,2026_06_19_merged.mat,SAMPLE,4,18628,5629,281.40000000000003,931.3500000000001
R004,CNO,T1_SD_CNO,2026_06_19_merged.mat,SAMPLE,1,18665,5666,283.25,933.2
R004,CNO,T1_SD_CNO,2026_06_19_merged.mat,SAMPLE,1,18666,5667,283.3,933.25
R004,CNO,T1_SD_CNO,2026_06_19_merged.mat,SAMPLE,2,18673,5674,283.65000000000003,933.6000000000001
R004,CNO,T1_SD_CNO,2026_06_19_merged.mat,SAMPLE,2,18674,5675,283.7,933.6500000000001
R004,CNO,T1_SD_CNO,2026_06_19_merged.mat,SAMPLE,1,18679,5680,283.95,933.9000000000001
R004,CNO,T1_SD_CNO,2026_06_19_merged.mat,SAMPLE,4,18767,5768,288.35,938.3000000000001
R004,CNO,T1_SD_CNO,2026_06_19_merged.mat,SAMPLE,3,18790,5791,289.5,939.45
R004,CNO,T1_SD_CNO,2026_06_19_merged.mat,SAMPLE,6,18840,5841,292.0,941.95
R004,CNO,T1_SD_CNO,2026_06_19_merged.mat,SAMPLE,1,18940,5941,297.0,946.95
R004,CNO,T1_SD_CNO,2026_06_19_merged.mat,SAMPLE,5,18957,5958,297.85,947.8000000000001
R004,CNO,T1_SD_CNO,2026_06_19_merged.mat,SAMPLE,5,18958,5959,297.90000000000003,947.8500000000001
R004,CNO,T1_SD_CNO,2026_06_19_merged.mat,SAMPLE,5,18959,5960,297.95,947.9000000000001
R004,CNO,T1_SD_CNO,2026_06_19_merged.mat,SAMPLE,6,19003,6004,300.15000000000003,950.1000000000001
R004,CNO,T1_SD_CNO,2026_06_19_merged.mat,SAMPLE,6,19004,6005,300.2,950.1500000000001
R004,CNO,T1_SD_CNO,2026_06_19_merged.mat,SAMPLE,5,19005,6006,300.25,950.2
R004,CNO,T1_SD_CNO,2026_06_19_merged.mat,SAMPLE,5,19016,6017,300.8,950.75
R004,CNO,T1_SD_CNO,2026_06_19_merged.mat,SAMPLE,4,19034,6035,301.7,951.6500000000001
R004,CNO,T1_SD_CNO,2026_06_19_merged.mat,SAMPLE,6,19112,6113,305.6,955.5500000000001
R004,CNO,T1_SD_CNO,2026_06_19_merged.mat,SAMPLE,6,19126,6127,306.3,956.25
R004,CNO,T1_SD_CNO,2026_06_19_merged.mat,SAMPLE,5,19144,6145,307.20000000000005,957.1500000000001
R004,CNO,T1_SD_CNO,2026_06_19_merged.mat,SAMPLE,5,19145,6146,307.25,957.2
R004,CNO,T1_SD_CNO,2026_06_19_merged.mat,SAMPLE,4,19229,6230,311.45000000000005,961.4000000000001
R004,CNO,T1_SD_CNO,2026_06_19_merged.mat,SAMPLE,4,19230,6231,311.5,961.45
R004,CNO,T1_SD_CNO,2026_06_19_merged.mat,SAMPLE,4,19231,6232,311.55,961.5
R004,CNO,T1_SD_CNO,2026_06_19_merged.mat,SAMPLE,3,19249,6250,312.45000000000005,962.4000000000001
R004,CNO,T1_SD_CNO,2026_06_19_merged.mat,SAMPLE,2,19312,6313,315.6,965.5500000000001
R004,CNO,T1_SD_CNO,2026_06_19_merged.mat,SAMPLE,4,19319,6320,315.95000000000005,965.9000000000001
R004,CNO,T1_SD_CNO,2026_06_19_merged.mat,SAMPLE,4,19321,6322,316.05,966.0
R004,CNO,T1_SD_CNO,2026_06_19_merged.mat,SAMPLE,3,19333,6334,316.65000000000003,966.6000000000001
R004,CNO,T1_SD_CNO,2026_06_19_merged.mat,SAMPLE,2,19369,6370,318.45000000000005,968.4000000000001
R004,CNO,T1_SD_CNO,2026_06_19_merged.mat,SAMPLE,2,19370,6371,318.5,968.45
R004,CNO,T1_SD_CNO,2026_06_19_merged.mat,SAMPLE,2,19371,6372,318.55,968.5
R004,CNO,T1_SD_CNO,2026_06_19_merged.mat,SAMPLE,2,19373,6374,318.65000000000003,968.6000000000001
R004,CNO,T1_SD_CNO,2026_06_19_merged.mat,SAMPLE,4,19392,6393,319.6,969.5500000000001
R004,CNO,T1_SD_CNO,2026_06_19_merged.mat,SAMPLE,4,19393,6394,319.65000000000003,969.6000000000001
R004,CNO,T1_SD_CNO,2026_06_19_merged.mat,SAMPLE,4,19395,6396,319.75,969.7
R004,CNO,T1_SD_CNO,2026_06_19_merged.mat,SAMPLE,5,19413,6414,320.65000000000003,970.6000000000001
R004,CNO,T1_SD_CNO,2026_06_19_merged.mat,SAMPLE,4,19423,6424,321.15000000000003,971.1000000000001
R004,CNO,T1_SD_CNO,2026_06_19_merged.mat,SAMPLE,5,19432,6433,321.6,971.5500000000001
R004,CNO,T1_SD_CNO,2026_06_19_merged.mat,SAMPLE,5,19433,6434,321.65000000000003,971.6000000000001
R004,CNO,T1_SD_CNO,2026_06_19_merged.mat,SAMPLE,5,19434,6435,321.70000000000005,971.6500000000001
R004,CNO,T1_SD_CNO,2026_06_19_merged.mat,SAMPLE,3,19527,6528,326.3500000000001,976.3000000000002
R004,CNO,T1_SD_CNO,2026_06_19_merged.mat,SAMPLE,6,19565,6566,328.25000000000006,978.2
R004,CNO,T1_SD_CNO,2026_06_19_merged.mat,SAMPLE,6,19567,6568,328.3500000000001,978.3000000000002
R004,CNO,T1_SD_CNO,2026_06_19_merged.mat,SAMPLE,4,19662,6663,333.1000000000001,983.0500000000002
R004,CNO,T1_SD_CNO,2026_06_19_merged.mat,SAMPLE,5,19669,6670,333.45000000000005,983.4000000000001
R004,CNO,T1_SD_CNO,2026_06_19_merged.mat,SAMPLE,5,19719,6720,335.95000000000005,985.9000000000001
R004,CNO,T1_SD_CNO,2026_06_19_merged.mat,SAMPLE,5,19720,6721,336.00000000000006,985.95
R004,CNO,T1_SD_CNO,2026_06_19_merged.mat,SAMPLE,5,19721,6722,336.05000000000007,986.0000000000001
R004,CNO,T1_SD_CNO,2026_06_19_merged.mat,SAMPLE,5,19723,6724,336.1500000000001,986.1000000000001
R004,CNO,T1_SD_CNO,2026_06_19_merged.mat,SAMPLE,1,19740,6741,337.00000000000006,986.95
R004,CNO,T1_SD_CNO,2026_06_19_merged.mat,SAMPLE,1,19741,6742,337.05000000000007,987.0000000000001
R004,CNO,T1_SD_CNO,2026_06_19_merged.mat,SAMPLE,5,19765,6766,338.25000000000006,988.2
R004,CNO,T1_SD_CNO,2026_06_19_merged.mat,SAMPLE,3,19790,6791,339.50000000000006,989.45
R004,CNO,T1_SD_CNO,2026_06_19_merged.mat,SAMPLE,1,19820,6821,341.00000000000006,990.95
R004,CNO,T1_SD_CNO,2026_06_19_merged.mat,SAMPLE,5,19850,6851,342.50000000000006,992.45
R004,CNO,T1_SD_CNO,2026_06_19_merged.mat,SAMPLE,5,19851,6852,342.55000000000007,992.5000000000001
R004,CNO,T1_SD_CNO,2026_06_19_merged.mat,SAMPLE,4,19874,6875,343.7000000000001,993.6500000000001
R004,CNO,T1_SD_CNO,2026_06_19_merged.mat,SAMPLE,4,19875,6876,343.75000000000006,993.7
R004,CNO,T1_SD_CNO,2026_06_19_merged.mat,SAMPLE,2,19920,6921,346.00000000000006,995.95
R004,CNO,T1_SD_CNO,2026_06_19_merged.mat,SAMPLE,2,19923,6924,346.1500000000001,996.1000000000001
R004,CNO,T1_SD_CNO,2026_06_19_merged.mat,SAMPLE,2,19924,6925,346.2000000000001,996.1500000000001
R004,CNO,T1_SD_CNO,2026_06_19_merged.mat,SAMPLE,2,19925,6926,346.25000000000006,996.2
R004,CNO,T1_SD_CNO,2026_06_19_merged.mat,SAMPLE,2,19926,6927,346.30000000000007,996.2500000000001
R004,CNO,T1_SD_CNO,2026_06_19_merged.mat,SAMPLE,1,19932,6933,346.6000000000001,996.5500000000002
R004,CNO,T1_SD_CNO,2026_06_19_merged.mat,SAMPLE,1,19939,6940,346.9500000000001,996.9000000000001
R004,CNO,T1_SD_CNO,2026_06_19_merged.mat,SAMPLE,1,19941,6942,347.05000000000007,997.0000000000001
R004,CNO,T1_SD_CNO,2026_06_19_merged.mat,SAMPLE,1,19942,6943,347.1000000000001,997.0500000000002
R004,CNO,T1_SD_CNO,2026_06_19_merged.mat,SAMPLE,1,19954,6955,347.7000000000001,997.6500000000001
R004,CNO,T1_SD_CNO,2026_06_19_merged.mat,SAMPLE,6,19989,6990,349.4500000000001,999.4000000000001
R004,CNO,T1_SD_CNO,2026_06_19_merged.mat,SAMPLE,5,19995,6996,349.75000000000006,999.7
R004,CNO,T1_SD_CNO,2026_06_19_merged.mat,SAMPLE,5,20052,7053,352.6000000000001,1002.5500000000002
R004,CNO,T1_SD_CNO,2026_06_19_merged.mat,SAMPLE,5,20179,7180,358.9500000000001,1008.9000000000001
R004,CNO,T1_SD_CNO,2026_06_19_merged.mat,SAMPLE,5,20181,7182,359.05000000000007,1009.0000000000001
R004,CNO,T1_SD_CNO,2026_06_19_merged.mat,SAMPLE,5,20182,7183,359.1000000000001,1009.0500000000002
R004,CNO,T1_SD_CNO,2026_06_19_merged.mat,SAMPLE,3,20197,7198,359.8500000000001,1009.8000000000002
R004,CNO,T1_SD_CNO,2026_06_19_merged.mat,SAMPLE,2,20211,7212,360.55000000000007,1010.5000000000001
R004,CNO,T1_SD_CNO,2026_06_19_merged.mat,SAMPLE,2,20212,7213,360.6000000000001,1010.5500000000002
R004,CNO,T1_SD_CNO,2026_06_19_merged.mat,SAMPLE,2,20213,7214,360.6500000000001,1010.6000000000001
R004,CNO,T1_SD_CNO,2026_06_19_merged.mat,SAMPLE,2,20258,7259,362.9000000000001,1012.8500000000001
R004,CNO,T1_SD_CNO,2026_06_19_merged.mat,SAMPLE,2,20259,7260,362.9500000000001,1012.9000000000001
R004,CNO,T1_SD_CNO,2026_06_19_merged.mat,SAMPLE,2,20260,7261,363.00000000000006,1012.95
R004,CNO,T1_SD_CNO,2026_06_19_merged.mat,SAMPLE,6,20295,7296,364.75000000000006,1014.7
R004,CNO,T1_SD_CNO,2026_06_19_merged.mat,SAMPLE,6,20298,7299,364.9000000000001,1014.8500000000001
R004,CNO,T1_SD_CNO,2026_06_19_merged.mat,SAMPLE,4,20378,7379,368.9000000000001,1018.8500000000001
R004,CNO,T1_SD_CNO,2026_06_19_merged.mat,SAMPLE,3,20391,7392,369.55000000000007,1019.5000000000001
R004,CNO,T1_SD_CNO,2026_06_19_merged.mat,SAMPLE,6,20638,7639,381.9000000000001,1031.8500000000001
R004,CNO,T1_SD_CNO,2026_06_19_merged.mat,SAMPLE,6,20639,7640,381.9500000000001,1031.9
R004,CNO,T1_SD_CNO,2026_06_19_merged.mat,SAMPLE,6,20783,7784,389.1500000000001,1039.1000000000001
R004,CNO,T1_SD_CNO,2026_06_19_merged.mat,SAMPLE,6,20784,7785,389.2000000000001,1039.15
R004,CNO,T1_SD_CNO,2026_06_19_merged.mat,SAMPLE,3,20786,7787,389.30000000000007,1039.25
R004,CNO,T1_SD_CNO,2026_06_19_merged.mat,SAMPLE,1,20799,7800,389.9500000000001,1039.9
R004,CNO,T1_SD_CNO,2026_06_19_merged.mat,SAMPLE,4,20825,7826,391.25000000000006,1041.2
R004,CNO,T1_SD_CNO,2026_06_19_merged.mat,SAMPLE,5,20876,7877,393.80000000000007,1043.75
R004,CNO,T1_SD_CNO,2026_06_19_merged.mat,SAMPLE,5,20878,7879,393.9000000000001,1043.8500000000001
R004,CNO,T1_SD_CNO,2026_06_19_merged.mat,SAMPLE,5,20976,7977,398.80000000000007,1048.75
R004,CNO,T1_SD_CNO,2026_06_19_merged.mat,SAMPLE,5,20977,7978,398.8500000000001,1048.8000000000002
R004,CNO,T1_SD_CNO,2026_06_19_merged.mat,SAMPLE,5,20978,7979,398.9000000000001,1048.8500000000001
R004,CNO,T1_SD_CNO,2026_06_19_merged.mat,SAMPLE,1,21073,8074,403.6500000000001,1053.6000000000001
R004,CNO,T1_SD_CNO,2026_06_19_merged.mat,SAMPLE,3,21095,8096,404.7500000000001,1054.7000000000003
R004,CNO,T1_SD_CNO,2026_06_19_merged.mat,SAMPLE,4,21138,8139,406.9000000000001,1056.8500000000001
R004,CNO,T1_SD_CNO,2026_06_19_merged.mat,SAMPLE,4,21139,8140,406.95000000000005,1056.9
R004,CNO,T1_SD_CNO,2026_06_19_merged.mat,SAMPLE,1,21160,8161,408.0000000000001,1057.9500000000003
R004,CNO,T1_SD_CNO,2026_06_19_merged.mat,SAMPLE,1,21296,8297,414.80000000000007,1064.75
R004,CNO,T1_SD_CNO,2026_06_19_merged.mat,SAMPLE,1,21297,8298,414.8500000000001,1064.8000000000002
R004,CNO,T1_SD_CNO,2026_06_19_merged.mat,SAMPLE,1,21299,8300,414.95000000000005,1064.9
R004,CNO,T1_SD_CNO,2026_06_19_merged.mat,SAMPLE,1,21316,8317,415.80000000000007,1065.75
R004,CNO,T1_SD_CNO,2026_06_19_merged.mat,SAMPLE,1,21317,8318,415.8500000000001,1065.8000000000002
R004,CNO,T1_SD_CNO,2026_06_19_merged.mat,SAMPLE,5,21320,8321,416.0000000000001,1065.9500000000003
R004,CNO,T1_SD_CNO,2026_06_19_merged.mat,SAMPLE,5,21322,8323,416.1000000000001,1066.0500000000002
R004,CNO,T1_SD_CNO,2026_06_19_merged.mat,SAMPLE,5,21324,8325,416.20000000000005,1066.15
R004,CNO,T1_SD_CNO,2026_06_19_merged.mat,SAMPLE,6,21328,8329,416.4000000000001,1066.3500000000001
R004,CNO,T1_SD_CNO,2026_06_19_merged.mat,SAMPLE,6,21329,8330,416.45000000000005,1066.4
R004,CNO,T1_SD_CNO,2026_06_19_merged.mat,SAMPLE,6,21330,8331,416.5000000000001,1066.4500000000003
R004,CNO,T1_SD_CNO,2026_06_19_merged.mat,SAMPLE,3,21341,8342,417.05000000000007,1067.0
R004,CNO,T1_SD_CNO,2026_06_19_merged.mat,SAMPLE,5,21343,8344,417.1500000000001,1067.1000000000001
R004,CNO,T1_SD_CNO,2026_06_19_merged.mat,SAMPLE,5,21366,8367,418.30000000000007,1068.25
R004,CNO,T1_SD_CNO,2026_06_19_merged.mat,SAMPLE,5,21367,8368,418.3500000000001,1068.3000000000002
R004,CNO,T1_SD_CNO,2026_06_19_merged.mat,SAMPLE,5,21368,8369,418.4000000000001,1068.3500000000001
R004,CNO,T1_SD_CNO,2026_06_19_merged.mat,SAMPLE,3,21377,8378,418.8500000000001,1068.8000000000002
R004,CNO,T1_SD_CNO,2026_06_19_merged.mat,SAMPLE,1,21392,8393,419.6000000000001,1069.5500000000002
R004,CNO,T1_SD_CNO,2026_06_19_merged.mat,SAMPLE,2,21514,8515,425.70000000000005,1075.65
R004,CNO,T1_SD_CNO,2026_06_19_merged.mat,SAMPLE,2,21516,8517,425.80000000000007,1075.75
R004,CNO,T1_SD_CNO,2026_06_19_merged.mat,SAMPLE,6,21526,8527,426.30000000000007,1076.25
R004,CNO,T1_SD_CNO,2026_06_19_merged.mat,SAMPLE,6,21527,8528,426.3500000000001,1076.3000000000002
R004,CNO,T1_SD_CNO,2026_06_19_merged.mat,SAMPLE,2,21528,8529,426.4000000000001,1076.3500000000001
R004,CNO,T1_SD_CNO,2026_06_19_merged.mat,SAMPLE,5,21544,8545,427.20000000000005,1077.15
R004,CNO,T1_SD_CNO,2026_06_19_merged.mat,SAMPLE,5,21545,8546,427.2500000000001,1077.2000000000003
R004,CNO,T1_SD_CNO,2026_06_19_merged.mat,SAMPLE,2,21576,8577,428.80000000000007,1078.75
R004,CNO,T1_SD_CNO,2026_06_19_merged.mat,SAMPLE,5,21624,8625,431.20000000000005,1081.15
R004,CNO,T1_SD_CNO,2026_06_19_merged.mat,SAMPLE,5,21632,8633,431.6000000000001,1081.5500000000002
R004,CNO,T1_SD_CNO,2026_06_19_merged.mat,SAMPLE,1,21686,8687,434.30000000000007,1084.25
R004,CNO,T1_SD_CNO,2026_06_19_merged.mat,SAMPLE,1,21704,8705,435.20000000000005,1085.15
R004,CNO,T1_SD_CNO,2026_06_19_merged.mat,SAMPLE,5,21707,8708,435.3500000000001,1085.3000000000002
R004,CNO,T1_SD_CNO,2026_06_19_merged.mat,SAMPLE,3,21729,8730,436.45000000000005,1086.4
R004,CNO,T1_SD_CNO,2026_06_19_merged.mat,SAMPLE,3,21730,8731,436.5000000000001,1086.4500000000003
R004,CNO,T1_SD_CNO,2026_06_19_merged.mat,SAMPLE,2,21738,8739,436.9000000000001,1086.8500000000001
R004,CNO,T1_SD_CNO,2026_06_19_merged.mat,SAMPLE,2,21739,8740,436.95000000000005,1086.9
R004,CNO,T1_SD_CNO,2026_06_19_merged.mat,SAMPLE,2,21740,8741,437.0000000000001,1086.9500000000003
R004,CNO,T1_SD_CNO,2026_06_19_merged.mat,SAMPLE,2,21742,8743,437.1000000000001,1087.0500000000002
R004,CNO,T1_SD_CNO,2026_06_19_merged.mat,SAMPLE,2,21743,8744,437.1500000000001,1087.1000000000001
R004,CNO,T1_SD_CNO,2026_06_19_merged.mat,SAMPLE,6,21781,8782,439.05000000000007,1089.0
R004,CNO,T1_SD_CNO,2026_06_19_merged.mat,SAMPLE,3,21859,8860,442.95000000000005,1092.9
R004,CNO,T1_SD_CNO,2026_06_19_merged.mat,SAMPLE,1,22024,9025,451.20000000000005,1101.15
R004,CNO,T1_SD_CNO,2026_06_19_merged.mat,SAMPLE,3,22054,9055,452.70000000000005,1102.65
R004,CNO,T1_SD_CNO,2026_06_19_merged.mat,SAMPLE,6,22078,9079,453.9000000000001,1103.8500000000001
R004,CNO,T1_SD_CNO,2026_06_19_merged.mat,SAMPLE,4,22138,9139,456.9000000000001,1106.8500000000001
R004,CNO,T1_SD_CNO,2026_06_19_merged.mat,SAMPLE,4,22139,9140,456.95000000000005,1106.9
R004,CNO,T1_SD_CNO,2026_06_19_merged.mat,SAMPLE,2,22209,9210,460.45000000000005,1110.4
R004,CNO,T1_SD_CNO,2026_06_19_merged.mat,SAMPLE,4,22217,9218,460.8500000000001,1110.8000000000002
R004,CNO,T1_SD_CNO,2026_06_19_merged.mat,SAMPLE,4,22218,9219,460.9000000000001,1110.8500000000001
R004,CNO,T1_SD_CNO,2026_06_19_merged.mat,SAMPLE,4,22223,9224,461.1500000000001,1111.1000000000001
R004,CNO,T1_SD_CNO,2026_06_19_merged.mat,SAMPLE,2,22357,9358,467.8500000000001,1117.8000000000002
R004,CNO,T1_SD_CNO,2026_06_19_merged.mat,SAMPLE,2,22358,9359,467.9000000000001,1117.8500000000001
R004,CNO,T1_SD_CNO,2026_06_19_merged.mat,SAMPLE,5,22508,9509,475.4000000000001,1125.3500000000001
R004,CNO,T1_SD_CNO,2026_06_19_merged.mat,SAMPLE,5,22512,9513,475.6000000000001,1125.5500000000002
R004,CNO,T1_SD_CNO,2026_06_19_merged.mat,SAMPLE,3,22538,9539,476.9000000000001,1126.8500000000001
R004,CNO,T1_SD_CNO,2026_06_19_merged.mat,SAMPLE,5,22559,9560,477.95000000000005,1127.9
R004,CNO,T1_SD_CNO,2026_06_19_merged.mat,SAMPLE,5,22610,9611,480.5000000000001,1130.4500000000003
R004,CNO,T1_SD_CNO,2026_06_19_merged.mat,SAMPLE,5,22612,9613,480.6000000000001,1130.5500000000002
R004,CNO,T1_SD_CNO,2026_06_19_merged.mat,SAMPLE,6,22614,9615,480.70000000000005,1130.65
R004,CNO,T1_SD_CNO,2026_06_19_merged.mat,SAMPLE,2,22616,9617,480.80000000000007,1130.75
R004,CNO,T1_SD_CNO,2026_06_19_merged.mat,SAMPLE,2,22617,9618,480.8500000000001,1130.8000000000002
R004,CNO,T1_SD_CNO,2026_06_19_merged.mat,SAMPLE,2,22618,9619,480.9000000000001,1130.8500000000001
R004,CNO,T1_SD_CNO,2026_06_19_merged.mat,SAMPLE,2,22624,9625,481.20000000000005,1131.15
R004,CNO,T1_SD_CNO,2026_06_19_merged.mat,SAMPLE,4,22630,9631,481.5000000000001,1131.4500000000003
R004,CNO,T1_SD_CNO,2026_06_19_merged.mat,SAMPLE,4,22631,9632,481.55000000000007,1131.5
R004,CNO,T1_SD_CNO,2026_06_19_merged.mat,SAMPLE,4,22689,9690,484.45000000000005,1134.4
R004,CNO,T1_SD_CNO,2026_06_19_merged.mat,SAMPLE,4,22693,9694,484.6500000000001,1134.6000000000001
R004,CNO,T1_SD_CNO,2026_06_19_merged.mat,SAMPLE,4,22694,9695,484.70000000000005,1134.65
R004,CNO,T1_SD_CNO,2026_06_19_merged.mat,SAMPLE,4,22698,9699,484.9000000000001,1134.8500000000001
R004,CNO,T1_SD_CNO,2026_06_19_merged.mat,SAMPLE,1,22728,9729,486.4000000000001,1136.3500000000001
R004,CNO,T1_SD_CNO,2026_06_19_merged.mat,SAMPLE,6,22888,9889,494.4000000000001,1144.3500000000001
R004,CNO,T1_SD_CNO,2026_06_19_merged.mat,SAMPLE,5,22892,9893,494.6000000000001,1144.5500000000002
R004,CNO,T1_SD_CNO,2026_06_19_merged.mat,SAMPLE,5,22893,9894,494.6500000000001,1144.6000000000001
R004,CNO,T1_SD_CNO,2026_06_19_merged.mat,SAMPLE,5,22894,9895,494.70000000000005,1144.65
R004,CNO,T1_SD_CNO,2026_06_19_merged.mat,SAMPLE,5,22899,9900,494.95000000000005,1144.9
R004,CNO,T1_SD_CNO,2026_06_19_merged.mat,SAMPLE,5,22900,9901,495.0000000000001,1144.9500000000003
R004,CNO,T1_SD_CNO,2026_06_19_merged.mat,SAMPLE,5,22938,9939,496.9000000000001,1146.8500000000001
R004,CNO,T1_SD_CNO,2026_06_19_merged.mat,SAMPLE,1,22962,9963,498.1000000000001,1148.0500000000002
R004,CNO,T1_SD_CNO,2026_06_19_merged.mat,SAMPLE,4,22967,9968,498.3500000000001,1148.3000000000002
R004,CNO,T1_SD_CNO,2026_06_19_merged.mat,SAMPLE,1,22976,9977,498.80000000000007,1148.75
R004,CNO,T1_SD_CNO,2026_06_19_merged.mat,SAMPLE,4,23032,10033,501.6000000000001,1151.5500000000002
R004,CNO,T1_SD_CNO,2026_06_19_merged.mat,SAMPLE,2,23108,10109,505.4000000000001,1155.3500000000001
R004,CNO,T1_SD_CNO,2026_06_19_merged.mat,SAMPLE,5,23126,10127,506.30000000000007,1156.25
R004,CNO,T1_SD_CNO,2026_06_19_merged.mat,SAMPLE,5,23127,10128,506.3500000000001,1156.3000000000002
R004,CNO,T1_SD_CNO,2026_06_19_merged.mat,SAMPLE,5,23129,10130,506.45000000000005,1156.4
R004,CNO,T1_SD_CNO,2026_06_19_merged.mat,SAMPLE,5,23132,10133,506.6000000000001,1156.5500000000002
R004,CNO,T1_SD_CNO,2026_06_19_merged.mat,SAMPLE,5,23133,10134,506.6500000000001,1156.6000000000001
R004,CNO,T1_SD_CNO,2026_06_19_merged.mat,SAMPLE,6,23142,10143,507.1000000000001,1157.0500000000002
R004,CNO,T1_SD_CNO,2026_06_19_merged.mat,SAMPLE,6,23143,10144,507.1500000000001,1157.1000000000001
R004,CNO,T1_SD_CNO,2026_06_19_merged.mat,SAMPLE,3,23290,10291,514.5000000000001,1164.4500000000003
R004,CNO,T1_SD_CNO,2026_06_19_merged.mat,SAMPLE,1,23299,10300,514.95,1164.9
R004,CNO,T1_SD_CNO,2026_06_19_merged.mat,SAMPLE,1,23300,10301,515.0000000000001,1164.9500000000003
R004,CNO,T1_SD_CNO,2026_06_19_merged.mat,SAMPLE,4,23420,10421,521.0000000000001,1170.9500000000003
R004,CNO,T1_SD_CNO,2026_06_19_merged.mat,SAMPLE,3,23449,10450,522.45,1172.4
R004,CNO,T1_SD_CNO,2026_06_19_merged.mat,SAMPLE,3,23478,10479,523.9000000000001,1173.8500000000001
R004,CNO,T1_SD_CNO,2026_06_19_merged.mat,SAMPLE,3,23711,10712,535.5500000000001,1185.5
R004,CNO,T1_SD_CNO,2026_06_19_merged.mat,SAMPLE,5,23718,10719,535.9000000000001,1185.8500000000001
R004,CNO,T1_SD_CNO,2026_06_19_merged.mat,SAMPLE,5,23719,10720,535.95,1185.9
R004,CNO,T1_SD_CNO,2026_06_19_merged.mat,SAMPLE,5,23795,10796,539.7500000000001,1189.7000000000003
R004,CNO,T1_SD_CNO,2026_06_19_merged.mat,SAMPLE,5,23801,10802,540.0500000000001,1190.0
R004,CNO,T1_SD_CNO,2026_06_19_merged.mat,SAMPLE,3,23807,10808,540.3500000000001,1190.3000000000002
R004,CNO,T1_SD_CNO,2026_06_19_merged.mat,SAMPLE,5,23851,10852,542.5500000000001,1192.5
R004,CNO,T1_SD_CNO,2026_06_19_merged.mat,SAMPLE,6,23860,10861,543.0000000000001,1192.9500000000003
R004,CNO,T1_SD_CNO,2026_06_19_merged.mat,SAMPLE,3,23877,10878,543.8500000000001,1193.8000000000002
R004,CNO,T1_SD_CNO,2026_06_19_merged.mat,SAMPLE,3,23878,10879,543.9000000000001,1193.8500000000001
R004,CNO,T1_SD_CNO,2026_06_19_merged.mat,SAMPLE,2,23914,10915,545.7,1195.65
R004,CNO,T1_SD_CNO,2026_06_19_merged.mat,SAMPLE,5,23915,10916,545.7500000000001,1195.7000000000003
R004,CNO,T1_SD_CNO,2026_06_19_merged.mat,SAMPLE,5,23916,10917,545.8000000000001,1195.75
R004,CNO,T1_SD_CNO,2026_06_19_merged.mat,SAMPLE,5,23917,10918,545.8500000000001,1195.8000000000002
R004,CNO,T1_SD_CNO,2026_06_19_merged.mat,SAMPLE,5,23918,10919,545.9000000000001,1195.8500000000001
R004,CNO,T1_SD_CNO,2026_06_19_merged.mat,SAMPLE,6,23921,10922,546.0500000000001,1196.0
R004,CNO,T1_SD_CNO,2026_06_19_merged.mat,SAMPLE,6,24010,11011,550.5000000000001,1200.4500000000003
R004,CNO,T1_SD_CNO,2026_06_19_merged.mat,SAMPLE,2,24022,11023,551.1000000000001,1201.0500000000002
R004,CNO,T1_SD_CNO,2026_06_19_merged.mat,SAMPLE,2,24023,11024,551.1500000000001,1201.1000000000001
R004,CNO,T1_SD_CNO,2026_06_19_merged.mat,SAMPLE,2,24027,11028,551.3500000000001,1201.3000000000002
R004,CNO,T1_SD_CNO,2026_06_19_merged.mat,SAMPLE,2,24028,11029,551.4000000000001,1201.3500000000001
R004,CNO,T1_SD_CNO,2026_06_19_merged.mat,SAMPLE,2,24029,11030,551.45,1201.4
R004,CNO,T1_SD_CNO,2026_06_19_merged.mat,SAMPLE,2,24030,11031,551.5000000000001,1201.4500000000003
R004,CNO,T1_SD_CNO,2026_06_19_merged.mat,SAMPLE,2,24031,11032,551.5500000000001,1201.5
R004,CNO,T1_SD_CNO,2026_06_19_merged.mat,SAMPLE,2,24032,11033,551.6000000000001,1201.5500000000002
R004,CNO,T1_SD_CNO,2026_06_19_merged.mat,SAMPLE,6,24122,11123,556.1000000000001,1206.0500000000002
R004,CNO,T1_SD_CNO,2026_06_19_merged.mat,SAMPLE,6,24123,11124,556.1500000000001,1206.1000000000001
R004,CNO,T1_SD_CNO,2026_06_19_merged.mat,SAMPLE,6,24124,11125,556.2,1206.15
R004,CNO,T1_SD_CNO,2026_06_19_merged.mat,SAMPLE,6,24125,11126,556.2500000000001,1206.2000000000003
R004,CNO,T1_SD_CNO,2026_06_19_merged.mat,SAMPLE,6,24158,11159,557.9000000000001,1207.8500000000001
R004,CNO,T1_SD_CNO,2026_06_19_merged.mat,SAMPLE,6,24237,11238,561.8500000000001,1211.8000000000002
R004,CNO,T1_SD_CNO,2026_06_19_merged.mat,SAMPLE,1,24280,11281,564.0000000000001,1213.9500000000003
R004,CNO,T1_SD_CNO,2026_06_19_merged.mat,SAMPLE,3,24294,11295,564.7,1214.65
R004,CNO,T1_SD_CNO,2026_06_19_merged.mat,SAMPLE,3,24295,11296,564.7500000000001,1214.7000000000003
R004,CNO,T1_SD_CNO,2026_06_19_merged.mat,SAMPLE,6,24368,11369,568.4000000000001,1218.3500000000001
R004,CNO,T1_SD_CNO,2026_06_19_merged.mat,SAMPLE,6,24369,11370,568.45,1218.4
R004,CNO,T1_SD_CNO,2026_06_19_merged.mat,SAMPLE,6,24370,11371,568.5000000000001,1218.4500000000003
R004,CNO,T1_SD_CNO,2026_06_19_merged.mat,SAMPLE,6,24371,11372,568.5500000000001,1218.5
R004,CNO,T1_SD_CNO,2026_06_19_merged.mat,SAMPLE,6,24373,11374,568.6500000000001,1218.6000000000001
R004,CNO,T1_SD_CNO,2026_06_19_merged.mat,SAMPLE,4,24491,11492,574.5500000000001,1224.5
R004,CNO,T1_SD_CNO,2026_06_19_merged.mat,SAMPLE,4,24495,11496,574.7500000000001,1224.7000000000003
R004,CNO,T1_SD_CNO,2026_06_19_merged.mat,SAMPLE,4,24496,11497,574.8000000000001,1224.75
R004,CNO,T1_SD_CNO,2026_06_19_merged.mat,SAMPLE,2,24512,11513,575.6000000000001,1225.5500000000002
R004,CNO,T1_SD_CNO,2026_06_19_merged.mat,SAMPLE,2,24514,11515,575.7,1225.65
R004,CNO,T1_SD_CNO,2026_06_19_merged.mat,SAMPLE,4,24523,11524,576.1500000000001,1226.1000000000001
R004,CNO,T1_SD_CNO,2026_06_19_merged.mat,SAMPLE,4,24524,11525,576.2,1226.15
R004,CNO,T1_SD_CNO,2026_06_19_merged.mat,SAMPLE,4,24552,11553,577.6000000000001,1227.5500000000002
R004,CNO,T1_SD_CNO,2026_06_19_merged.mat,SAMPLE,4,24589,11590,579.45,1229.4
R004,CNO,T1_SD_CNO,2026_06_19_merged.mat,SAMPLE,4,24590,11591,579.5000000000001,1229.4500000000003
R004,CNO,T1_SD_CNO,2026_06_19_merged.mat,SAMPLE,4,24591,11592,579.5500000000001,1229.5
R004,CNO,T1_SD_CNO,2026_06_19_merged.mat,SAMPLE,4,24592,11593,579.6000000000001,1229.5500000000002
R004,CNO,T1_SD_CNO,2026_06_19_merged.mat,SAMPLE,3,24702,11703,585.1000000000001,1235.0500000000002
R004,CNO,T1_SD_CNO,2026_06_19_merged.mat,SAMPLE,3,24729,11730,586.45,1236.4
R004,CNO,T1_SD_CNO,2026_06_19_merged.mat,SAMPLE,5,24816,11817,590.8000000000001,1240.75
R004,CNO,T1_SD_CNO,2026_06_19_merged.mat,SAMPLE,5,24817,11818,590.8500000000001,1240.8000000000002
R004,CNO,T1_SD_CNO,2026_06_19_merged.mat,SAMPLE,5,24818,11819,590.9000000000001,1240.8500000000001
R004,CNO,T1_SD_CNO,2026_06_19_merged.mat,SAMPLE,6,24853,11854,592.6500000000001,1242.6000000000001
R004,CNO,T1_SD_CNO,2026_06_19_merged.mat,SAMPLE,6,24926,11927,596.3000000000001,1246.25
R004,CNO,T1_SD_CNO,2026_06_19_merged.mat,SAMPLE,6,24927,11928,596.3500000000001,1246.3000000000002
R004,CNO,T1_SD_CNO,2026_06_19_merged.mat,SAMPLE,6,24928,11929,596.4000000000001,1246.3500000000001
R004,CNO,T1_SD_CNO,2026_06_19_merged.mat,SAMPLE,6,25042,12043,602.1000000000001,1252.0500000000002
R004,CNO,T1_SD_CNO,2026_06_19_merged.mat,SAMPLE,6,25044,12045,602.2,1252.15
R004,CNO,T1_SD_CNO,2026_06_19_merged.mat,SAMPLE,6,25048,12049,602.4000000000001,1252.3500000000001
R004,CNO,T1_SD_CNO,2026_06_19_merged.mat,SAMPLE,5,25053,12054,602.6500000000001,1252.6000000000001
R004,CNO,T1_SD_CNO,2026_06_19_merged.mat,SAMPLE,5,25055,12056,602.7500000000001,1252.7000000000003
R004,CNO,T1_SD_CNO,2026_06_19_merged.mat,SAMPLE,6,25057,12058,602.8500000000001,1252.8000000000002
R004,CNO,T1_SD_CNO,2026_06_19_merged.mat,SAMPLE,6,25058,12059,602.9000000000001,1252.8500000000001
R004,CNO,T1_SD_CNO,2026_06_19_merged.mat,SAMPLE,6,25060,12061,603.0000000000001,1252.9500000000003
R004,CNO,T1_SD_CNO,2026_06_19_merged.mat,SAMPLE,4,25067,12068,603.3500000000001,1253.3000000000002
R004,CNO,T1_SD_CNO,2026_06_19_merged.mat,SAMPLE,4,25068,12069,603.4000000000001,1253.3500000000001
R004,CNO,T1_SD_CNO,2026_06_19_merged.mat,SAMPLE,3,25095,12096,604.7500000000001,1254.7000000000003
R004,CNO,T1_SD_CNO,2026_06_19_merged.mat,SAMPLE,6,25142,12143,607.1000000000001,1257.0500000000002
R004,CNO,T1_SD_CNO,2026_06_19_merged.mat,SAMPLE,6,25148,12149,607.4000000000001,1257.3500000000001
R004,CNO,T1_SD_CNO,2026_06_19_merged.mat,SAMPLE,6,25149,12150,607.45,1257.4
R004,CNO,T1_SD_CNO,2026_06_19_merged.mat,SAMPLE,6,25150,12151,607.5000000000001,1257.4500000000003
R004,CNO,T1_SD_CNO,2026_06_19_merged.mat,SAMPLE,6,25151,12152,607.5500000000001,1257.5
R004,CNO,T1_SD_CNO,2026_06_19_merged.mat,SAMPLE,6,25153,12154,607.6500000000001,1257.6000000000001
R004,CNO,T1_SD_CNO,2026_06_19_merged.mat,SAMPLE,6,25157,12158,607.8500000000001,1257.8000000000002
R004,CNO,T1_SD_CNO,2026_06_19_merged.mat,SAMPLE,4,25163,12164,608.1500000000001,1258.1000000000001
R004,CNO,T1_SD_CNO,2026_06_19_merged.mat,SAMPLE,4,25164,12165,608.2,1258.15
R004,CNO,T1_SD_CNO,2026_06_19_merged.mat,SAMPLE,4,25166,12167,608.3000000000001,1258.25
R004,CNO,T1_SD_CNO,2026_06_19_merged.mat,SAMPLE,5,25174,12175,608.7,1258.65
R004,CNO,T1_SD_CNO,2026_06_19_merged.mat,SAMPLE,5,25175,12176,608.7500000000001,1258.7000000000003
R004,CNO,T1_SD_CNO,2026_06_19_merged.mat,SAMPLE,5,25177,12178,608.8500000000001,1258.8000000000002
R004,CNO,T1_SD_CNO,2026_06_19_merged.mat,SAMPLE,6,25264,12265,613.2,1263.15
R004,CNO,T1_SD_CNO,2026_06_19_merged.mat,SAMPLE,6,25265,12266,613.2500000000001,1263.2000000000003
R004,CNO,T1_SD_CNO,2026_06_19_merged.mat,SAMPLE,6,25441,12442,622.0500000000001,1272.0
R004,CNO,T1_SD_CNO,2026_06_19_merged.mat,SAMPLE,6,25450,12451,622.5000000000001,1272.4500000000003
R004,CNO,T1_SD_CNO,2026_06_19_merged.mat,SAMPLE,1,25533,12534,626.6500000000001,1276.6000000000001
R004,CNO,T1_SD_CNO,2026_06_19_merged.mat,SAMPLE,1,25602,12603,630.1000000000001,1280.0500000000002
R004,CNO,T1_SD_CNO,2026_06_19_merged.mat,SAMPLE,5,25627,12628,631.3500000000001,1281.3000000000002
R004,CNO,T1_SD_CNO,2026_06_19_merged.mat,SAMPLE,3,25798,12799,639.9000000000001,1289.8500000000001
R004,CNO,T1_SD_CNO,2026_06_19_merged.mat,SAMPLE,3,25799,12800,639.95,1289.9
R004,CNO,T1_SD_CNO,2026_06_19_merged.mat,SAMPLE,3,25800,12801,640.0000000000001,1289.9500000000003
R004,CNO,T1_SD_CNO,2026_06_19_merged.mat,SAMPLE,3,25801,12802,640.0500000000001,1290.0
R004,CNO,T1_SD_CNO,2026_06_19_merged.mat,SAMPLE,3,25802,12803,640.1000000000001,1290.0500000000002
R004,CNO,T1_SD_CNO,2026_06_19_merged.mat,SAMPLE,4,25850,12851,642.5000000000001,1292.4500000000003
R004,CNO,T1_SD_CNO,2026_06_19_merged.mat,SAMPLE,4,25854,12855,642.7,1292.65
R004,CNO,T1_SD_CNO,2026_06_19_merged.mat,SAMPLE,6,25919,12920,645.95,1295.9
R004,CNO,T1_SD_CNO,2026_06_19_merged.mat,SAMPLE,5,25958,12959,647.9000000000001,1297.8500000000001
R004,CNO,T1_SD_CNO,2026_06_19_merged.mat,SAMPLE,5,25959,12960,647.95,1297.9
R004,CNO,T1_SD_CNO,2026_06_19_merged.mat,SAMPLE,5,25960,12961,648.0000000000001,1297.9500000000003
R004,CNO,T1_SD_CNO,2026_06_19_merged.mat,SAMPLE,5,25961,12962,648.0500000000001,1298.0
R004,CNO,T1_SD_CNO,2026_06_19_merged.mat,SAMPLE,2,25971,12972,648.5500000000001,1298.5
R004,CNO,T1_SD_CNO,2026_06_19_merged.mat,SAMPLE,2,25972,12973,648.6000000000001,1298.5500000000002
R004,CNO,T1_SD_CNO,2026_06_19_merged.mat,SAMPLE,2,25973,12974,648.6500000000001,1298.6000000000001
R004,CNO,T1_SD_CNO,2026_06_19_merged.mat,TEST,5,26055,57,2.8000000000000003,1302.7
R004,CNO,T1_SD_CNO,2026_06_19_merged.mat,TEST,5,26058,60,2.95,1302.8500000000001
R004,CNO,T1_SD_CNO,2026_06_19_merged.mat,TEST,5,26059,61,3.0,1302.9
R004,CNO,T1_SD_CNO,2026_06_19_merged.mat,TEST,5,26060,62,3.0500000000000003,1302.95
R004,CNO,T1_SD_CNO,2026_06_19_merged.mat,TEST,4,26084,86,4.25,1304.15
R004,CNO,T1_SD_CNO,2026_06_19_merged.mat,TEST,4,26085,87,4.3,1304.2
R004,CNO,T1_SD_CNO,2026_06_19_merged.mat,TEST,4,26088,90,4.45,1304.3500000000001
R004,CNO,T1_SD_CNO,2026_06_19_merged.mat,TEST,4,26205,207,10.3,1310.2
R004,CNO,T1_SD_CNO,2026_06_19_merged.mat,TEST,4,26207,209,10.4,1310.3000000000002
R004,CNO,T1_SD_CNO,2026_06_19_merged.mat,TEST,6,26221,223,11.100000000000001,1311.0
R004,CNO,T1_SD_CNO,2026_06_19_merged.mat,TEST,6,26224,226,11.25,1311.15
R004,CNO,T1_SD_CNO,2026_06_19_merged.mat,TEST,6,26225,227,11.3,1311.2
R004,CNO,T1_SD_CNO,2026_06_19_merged.mat,TEST,3,26308,310,15.450000000000001,1315.3500000000001
R004,CNO,T1_SD_CNO,2026_06_19_merged.mat,TEST,3,26309,311,15.5,1315.4
R004,CNO,T1_SD_CNO,2026_06_19_merged.mat,TEST,6,26350,352,17.55,1317.45
R004,CNO,T1_SD_CNO,2026_06_19_merged.mat,TEST,4,26419,421,21.0,1320.9
R004,CNO,T1_SD_CNO,2026_06_19_merged.mat,TEST,3,26427,429,21.400000000000002,1321.3000000000002
R004,CNO,T1_SD_CNO,2026_06_19_merged.mat,TEST,6,26604,606,30.25,1330.15
R004,CNO,T1_SD_CNO,2026_06_19_merged.mat,TEST,3,26620,622,31.05,1330.95
R004,CNO,T1_SD_CNO,2026_06_19_merged.mat,TEST,1,26623,625,31.200000000000003,1331.1000000000001
R004,CNO,T1_SD_CNO,2026_06_19_merged.mat,TEST,2,26683,685,34.2,1334.1000000000001
R004,CNO,T1_SD_CNO,2026_06_19_merged.mat,TEST,2,26684,686,34.25,1334.15
R004,CNO,T1_SD_CNO,2026_06_19_merged.mat,TEST,5,26722,724,36.15,1336.0500000000002
R004,CNO,T1_SD_CNO,2026_06_19_merged.mat,TEST,6,26730,732,36.550000000000004,1336.45
R004,CNO,T1_SD_CNO,2026_06_19_merged.mat,TEST,5,26766,768,38.35,1338.25
R004,CNO,T1_SD_CNO,2026_06_19_merged.mat,TEST,5,26767,769,38.400000000000006,1338.3000000000002
R004,CNO,T1_SD_CNO,2026_06_19_merged.mat,TEST,6,26772,774,38.650000000000006,1338.5500000000002
R004,CNO,T1_SD_CNO,2026_06_19_merged.mat,TEST,2,26776,778,38.85,1338.75
R004,CNO,T1_SD_CNO,2026_06_19_merged.mat,TEST,6,26777,779,38.900000000000006,1338.8000000000002
R004,CNO,T1_SD_CNO,2026_06_19_merged.mat,TEST,2,26786,788,39.35,1339.25
R004,CNO,T1_SD_CNO,2026_06_19_merged.mat,TEST,2,26787,789,39.400000000000006,1339.3000000000002
R004,CNO,T1_SD_CNO,2026_06_19_merged.mat,TEST,2,26788,790,39.45,1339.3500000000001
R004,CNO,T1_SD_CNO,2026_06_19_merged.mat,TEST,2,26789,791,39.5,1339.4
R004,CNO,T1_SD_CNO,2026_06_19_merged.mat,TEST,2,26797,799,39.900000000000006,1339.8000000000002
R004,CNO,T1_SD_CNO,2026_06_19_merged.mat,TEST,6,26829,831,41.5,1341.4
R004,CNO,T1_SD_CNO,2026_06_19_merged.mat,TEST,6,26830,832,41.550000000000004,1341.45
R004,CNO,T1_SD_CNO,2026_06_19_merged.mat,TEST,2,26857,859,42.900000000000006,1342.8000000000002
R004,CNO,T1_SD_CNO,2026_06_19_merged.mat,TEST,2,26858,860,42.95,1342.8500000000001
R004,CNO,T1_SD_CNO,2026_06_19_merged.mat,TEST,2,26878,880,43.95,1343.8500000000001
R004,CNO,T1_SD_CNO,2026_06_19_merged.mat,TEST,2,26879,881,44.0,1343.9
R004,CNO,T1_SD_CNO,2026_06_19_merged.mat,TEST,2,26953,955,47.7,1347.6000000000001
R004,CNO,T1_SD_CNO,2026_06_19_merged.mat,TEST,2,26954,956,47.75,1347.65
R004,CNO,T1_SD_CNO,2026_06_19_merged.mat,TEST,2,26955,957,47.800000000000004,1347.7
R004,CNO,T1_SD_CNO,2026_06_19_merged.mat,TEST,1,26980,982,49.050000000000004,1348.95
R004,CNO,T1_SD_CNO,2026_06_19_merged.mat,TEST,5,27113,1115,55.7,1355.6000000000001
R004,CNO,T1_SD_CNO,2026_06_19_merged.mat,TEST,5,27114,1116,55.75,1355.65
R004,CNO,T1_SD_CNO,2026_06_19_merged.mat,TEST,1,27157,1159,57.900000000000006,1357.8000000000002
R004,CNO,T1_SD_CNO,2026_06_19_merged.mat,TEST,1,27158,1160,57.95,1357.8500000000001
R004,CNO,T1_SD_CNO,2026_06_19_merged.mat,TEST,1,27185,1187,59.300000000000004,1359.2
R004,CNO,T1_SD_CNO,2026_06_19_merged.mat,TEST,1,27186,1188,59.35,1359.25
R004,CNO,T1_SD_CNO,2026_06_19_merged.mat,TEST,5,27200,1202,60.050000000000004,1359.95
R004,CNO,T1_SD_CNO,2026_06_19_merged.mat,TEST,2,27223,1225,61.2,1361.1000000000001
R004,CNO,T1_SD_CNO,2026_06_19_merged.mat,TEST,5,27446,1448,72.35000000000001,1372.25
R004,CNO,T1_SD_CNO,2026_06_19_merged.mat,TEST,5,27447,1449,72.4,1372.3000000000002
R004,CNO,T1_SD_CNO,2026_06_19_merged.mat,TEST,2,27448,1450,72.45,1372.3500000000001
R004,CNO,T1_SD_CNO,2026_06_19_merged.mat,TEST,2,27449,1451,72.5,1372.4
R004,CNO,T1_SD_CNO,2026_06_19_merged.mat,TEST,2,27450,1452,72.55,1372.45
R004,CNO,T1_SD_CNO,2026_06_19_merged.mat,TEST,2,27454,1456,72.75,1372.65
R004,CNO,T1_SD_CNO,2026_06_19_merged.mat,TEST,2,27455,1457,72.8,1372.7
R004,CNO,T1_SD_CNO,2026_06_19_merged.mat,TEST,5,27523,1525,76.2,1376.1000000000001
R004,CNO,T1_SD_CNO,2026_06_19_merged.mat,TEST,5,27527,1529,76.4,1376.3000000000002
R004,CNO,T1_SD_CNO,2026_06_19_merged.mat,TEST,1,27540,1542,77.05000000000001,1376.95
R004,CNO,T1_SD_CNO,2026_06_19_merged.mat,TEST,3,27613,1615,80.7,1380.6000000000001
R004,CNO,T1_SD_CNO,2026_06_19_merged.mat,TEST,3,27614,1616,80.75,1380.65
R004,CNO,T1_SD_CNO,2026_06_19_merged.mat,TEST,3,27615,1617,80.80000000000001,1380.7
R004,CNO,T1_SD_CNO,2026_06_19_merged.mat,TEST,3,27698,1700,84.95,1384.8500000000001
R004,CNO,T1_SD_CNO,2026_06_19_merged.mat,TEST,3,27751,1753,87.60000000000001,1387.5
R004,CNO,T1_SD_CNO,2026_06_19_merged.mat,TEST,3,27752,1754,87.65,1387.5500000000002
R004,CNO,T1_SD_CNO,2026_06_19_merged.mat,TEST,5,27791,1793,89.60000000000001,1389.5
R004,CNO,T1_SD_CNO,2026_06_19_merged.mat,TEST,3,27806,1808,90.35000000000001,1390.25
R004,CNO,T1_SD_CNO,2026_06_19_merged.mat,TEST,3,27808,1810,90.45,1390.3500000000001
R004,CNO,T1_SD_CNO,2026_06_19_merged.mat,TEST,3,27811,1813,90.60000000000001,1390.5
R004,CNO,T1_SD_CNO,2026_06_19_merged.mat,TEST,3,27812,1814,90.65,1390.5500000000002
R004,CNO,T1_SD_CNO,2026_06_19_merged.mat,TEST,3,27813,1815,90.7,1390.6000000000001
R004,CNO,T1_SD_CNO,2026_06_19_merged.mat,TEST,3,27816,1818,90.85000000000001,1390.75
R004,CNO,T1_SD_CNO,2026_06_19_merged.mat,TEST,1,27822,1824,91.15,1391.0500000000002
R004,CNO,T1_SD_CNO,2026_06_19_merged.mat,TEST,3,27824,1826,91.25,1391.15
R004,CNO,T1_SD_CNO,2026_06_19_merged.mat,TEST,1,27834,1836,91.75,1391.65
R004,CNO,T1_SD_CNO,2026_06_19_merged.mat,TEST,5,28021,2023,101.10000000000001,1401.0
R004,CNO,T1_SD_CNO,2026_06_19_merged.mat,TEST,1,28032,2034,101.65,1401.5500000000002
R004,CNO,T1_SD_CNO,2026_06_19_merged.mat,TEST,2,28049,2051,102.5,1402.4
R004,CNO,T1_SD_CNO,2026_06_19_merged.mat,TEST,5,28059,2061,103.0,1402.9
R004,CNO,T1_SD_CNO,2026_06_19_merged.mat,TEST,5,28061,2063,103.10000000000001,1403.0
R004,CNO,T1_SD_CNO,2026_06_19_merged.mat,TEST,5,28063,2065,103.2,1403.1000000000001
R004,CNO,T1_SD_CNO,2026_06_19_merged.mat,TEST,5,28064,2066,103.25,1403.15
R004,CNO,T1_SD_CNO,2026_06_19_merged.mat,TEST,1,28087,2089,104.4,1404.3000000000002
R004,CNO,T1_SD_CNO,2026_06_19_merged.mat,TEST,1,28155,2157,107.80000000000001,1407.7
R004,CNO,T1_SD_CNO,2026_06_19_merged.mat,TEST,1,28156,2158,107.85000000000001,1407.75
R004,CNO,T1_SD_CNO,2026_06_19_merged.mat,TEST,3,28327,2329,116.4,1416.3000000000002
R004,CNO,T1_SD_CNO,2026_06_19_merged.mat,TEST,3,28328,2330,116.45,1416.3500000000001
R004,CNO,T1_SD_CNO,2026_06_19_merged.mat,TEST,3,28329,2331,116.5,1416.4
R004,CNO,T1_SD_CNO,2026_06_19_merged.mat,TEST,1,28344,2346,117.25,1417.15
R004,CNO,T1_SD_CNO,2026_06_19_merged.mat,TEST,3,28417,2419,120.9,1420.8000000000002
R004,CNO,T1_SD_CNO,2026_06_19_merged.mat,TEST,3,28418,2420,120.95,1420.8500000000001
R004,CNO,T1_SD_CNO,2026_06_19_merged.mat,TEST,3,28420,2422,121.05000000000001,1420.95
R004,CNO,T1_SD_CNO,2026_06_19_merged.mat,TEST,3,28425,2427,121.30000000000001,1421.2
R004,CNO,T1_SD_CNO,2026_06_19_merged.mat,TEST,1,28499,2501,125.0,1424.9
R004,CNO,T1_SD_CNO,2026_06_19_merged.mat,TEST,3,28576,2578,128.85,1428.75
R004,CNO,T1_SD_CNO,2026_06_19_merged.mat,TEST,3,28577,2579,128.9,1428.8000000000002
R004,CNO,T1_SD_CNO,2026_06_19_merged.mat,TEST,6,28588,2590,129.45000000000002,1429.3500000000001
R004,CNO,T1_SD_CNO,2026_06_19_merged.mat,TEST,6,28589,2591,129.5,1429.4
R004,CNO,T1_SD_CNO,2026_06_19_merged.mat,TEST,6,28590,2592,129.55,1429.45
R004,CNO,T1_SD_CNO,2026_06_19_merged.mat,TEST,6,28592,2594,129.65,1429.5500000000002
R004,CNO,T1_SD_CNO,2026_06_19_merged.mat,TEST,5,28601,2603,130.1,1430.0
R004,CNO,T1_SD_CNO,2026_06_19_merged.mat,TEST,5,28604,2606,130.25,1430.15
R004,CNO,T1_SD_CNO,2026_06_19_merged.mat,TEST,4,28609,2611,130.5,1430.4
R004,CNO,T1_SD_CNO,2026_06_19_merged.mat,TEST,4,28610,2612,130.55,1430.45
R004,CNO,T1_SD_CNO,2026_06_19_merged.mat,TEST,3,28622,2624,131.15,1431.0500000000002
R004,CNO,T1_SD_CNO,2026_06_19_merged.mat,TEST,1,28722,2724,136.15,1436.0500000000002
R004,CNO,T1_SD_CNO,2026_06_19_merged.mat,TEST,5,28737,2739,136.9,1436.8000000000002
R004,CNO,T1_SD_CNO,2026_06_19_merged.mat,TEST,6,28744,2746,137.25,1437.15
R004,CNO,T1_SD_CNO,2026_06_19_merged.mat,TEST,6,28747,2749,137.4,1437.3000000000002
R004,CNO,T1_SD_CNO,2026_06_19_merged.mat,TEST,6,28748,2750,137.45000000000002,1437.3500000000001
R004,CNO,T1_SD_CNO,2026_06_19_merged.mat,TEST,3,28884,2886,144.25,1444.15
R004,CNO,T1_SD_CNO,2026_06_19_merged.mat,TEST,3,28885,2887,144.3,1444.2
R004,CNO,T1_SD_CNO,2026_06_19_merged.mat,TEST,3,28966,2968,148.35,1448.25
R004,CNO,T1_SD_CNO,2026_06_19_merged.mat,TEST,3,28967,2969,148.4,1448.3000000000002
R004,CNO,T1_SD_CNO,2026_06_19_merged.mat,TEST,3,28968,2970,148.45000000000002,1448.3500000000001
R004,CNO,T1_SD_CNO,2026_06_19_merged.mat,TEST,1,28970,2972,148.55,1448.45
R004,CNO,T1_SD_CNO,2026_06_19_merged.mat,TEST,3,28978,2980,148.95000000000002,1448.8500000000001
R004,CNO,T1_SD_CNO,2026_06_19_merged.mat,TEST,2,28992,2994,149.65,1449.5500000000002
R004,CNO,T1_SD_CNO,2026_06_19_merged.mat,TEST,2,28993,2995,149.70000000000002,1449.6000000000001
R004,CNO,T1_SD_CNO,2026_06_19_merged.mat,TEST,2,28994,2996,149.75,1449.65
R004,CNO,T1_SD_CNO,2026_06_19_merged.mat,TEST,2,28995,2997,149.8,1449.7
R004,CNO,T1_SD_CNO,2026_06_19_merged.mat,TEST,2,28997,2999,149.9,1449.8000000000002
R004,CNO,T1_SD_CNO,2026_06_19_merged.mat,TEST,3,29014,3016,150.75,1450.65
R004,CNO,T1_SD_CNO,2026_06_19_merged.mat,TEST,5,29084,3086,154.25,1454.15
R004,CNO,T1_SD_CNO,2026_06_19_merged.mat,TEST,5,29086,3088,154.35000000000002,1454.25
R004,CNO,T1_SD_CNO,2026_06_19_merged.mat,TEST,5,29087,3089,154.4,1454.3000000000002
R004,CNO,T1_SD_CNO,2026_06_19_merged.mat,TEST,5,29088,3090,154.45000000000002,1454.3500000000001
R004,CNO,T1_SD_CNO,2026_06_19_merged.mat,TEST,1,29113,3115,155.70000000000002,1455.6000000000001
R004,CNO,T1_SD_CNO,2026_06_19_merged.mat,TEST,3,29159,3161,158.0,1457.9
R004,CNO,T1_SD_CNO,2026_06_19_merged.mat,TEST,4,29244,3246,162.25,1462.15
R004,CNO,T1_SD_CNO,2026_06_19_merged.mat,TEST,4,29245,3247,162.3,1462.2
R004,CNO,T1_SD_CNO,2026_06_19_merged.mat,TEST,4,29246,3248,162.35000000000002,1462.25
R004,CNO,T1_SD_CNO,2026_06_19_merged.mat,TEST,4,29247,3249,162.4,1462.3000000000002
R004,CNO,T1_SD_CNO,2026_06_19_merged.mat,TEST,6,29299,3301,165.0,1464.9
R004,CNO,T1_SD_CNO,2026_06_19_merged.mat,TEST,6,29300,3302,165.05,1464.95
R004,CNO,T1_SD_CNO,2026_06_19_merged.mat,TEST,3,29309,3311,165.5,1465.4
R004,CNO,T1_SD_CNO,2026_06_19_merged.mat,TEST,3,29354,3356,167.75,1467.65
R004,CNO,T1_SD_CNO,2026_06_19_merged.mat,TEST,2,29366,3368,168.35000000000002,1468.25
R004,CNO,T1_SD_CNO,2026_06_19_merged.mat,TEST,2,29370,3372,168.55,1468.45
R004,CNO,T1_SD_CNO,2026_06_19_merged.mat,TEST,2,29371,3373,168.60000000000002,1468.5
R004,CNO,T1_SD_CNO,2026_06_19_merged.mat,TEST,2,29374,3376,168.75,1468.65
R004,CNO,T1_SD_CNO,2026_06_19_merged.mat,TEST,5,29421,3423,171.10000000000002,1471.0
R004,CNO,T1_SD_CNO,2026_06_19_merged.mat,TEST,5,29422,3424,171.15,1471.0500000000002
R004,CNO,T1_SD_CNO,2026_06_19_merged.mat,TEST,5,29423,3425,171.20000000000002,1471.1000000000001
R004,CNO,T1_SD_CNO,2026_06_19_merged.mat,TEST,5,29531,3533,176.60000000000002,1476.5
R004,CNO,T1_SD_CNO,2026_06_19_merged.mat,TEST,5,29532,3534,176.65,1476.5500000000002
R004,CNO,T1_SD_CNO,2026_06_19_merged.mat,TEST,5,29533,3535,176.70000000000002,1476.6000000000001
R004,CNO,T1_SD_CNO,2026_06_19_merged.mat,TEST,5,29534,3536,176.75,1476.65
R004,CNO,T1_SD_CNO,2026_06_19_merged.mat,TEST,2,29554,3556,177.75,1477.65
R004,CNO,T1_SD_CNO,2026_06_19_merged.mat,TEST,2,29618,3620,180.95000000000002,1480.8500000000001
R004,CNO,T1_SD_CNO,2026_06_19_merged.mat,TEST,5,29657,3659,182.9,1482.8000000000002
R004,CNO,T1_SD_CNO,2026_06_19_merged.mat,TEST,5,29658,3660,182.95000000000002,1482.8500000000001
R004,CNO,T1_SD_CNO,2026_06_19_merged.mat,TEST,4,29663,3665,183.20000000000002,1483.1000000000001
R004,CNO,T1_SD_CNO,2026_06_19_merged.mat,TEST,4,29664,3666,183.25,1483.15
R004,CNO,T1_SD_CNO,2026_06_19_merged.mat,TEST,5,29733,3735,186.70000000000002,1486.6000000000001
R004,CNO,T1_SD_CNO,2026_06_19_merged.mat,TEST,5,29735,3737,186.8,1486.7
R004,CNO,T1_SD_CNO,2026_06_19_merged.mat,TEST,5,29736,3738,186.85000000000002,1486.75
R004,CNO,T1_SD_CNO,2026_06_19_merged.mat,TEST,5,29778,3780,188.95000000000002,1488.8500000000001
R004,CNO,T1_SD_CNO,2026_06_19_merged.mat,TEST,4,29797,3799,189.9,1489.8000000000002
R004,CNO,T1_SD_CNO,2026_06_19_merged.mat,TEST,5,29801,3803,190.10000000000002,1490.0
R004,CNO,T1_SD_CNO,2026_06_19_merged.mat,TEST,5,29830,3832,191.55,1491.45
R004,CNO,T1_SD_CNO,2026_06_19_merged.mat,TEST,3,29850,3852,192.55,1492.45
R004,CNO,T1_SD_CNO,2026_06_19_merged.mat,TEST,3,29851,3853,192.60000000000002,1492.5
R004,CNO,T1_SD_CNO,2026_06_19_merged.mat,TEST,5,29878,3880,193.95000000000002,1493.8500000000001
R004,CNO,T1_SD_CNO,2026_06_19_merged.mat,TEST,5,29879,3881,194.0,1493.9
R004,CNO,T1_SD_CNO,2026_06_19_merged.mat,TEST,4,29963,3965,198.20000000000002,1498.1000000000001
R004,CNO,T1_SD_CNO,2026_06_19_merged.mat,TEST,5,30069,4071,203.5,1503.4
R004,CNO,T1_SD_CNO,2026_06_19_merged.mat,TEST,5,30070,4072,203.55,1503.45
R004,CNO,T1_SD_CNO,2026_06_19_merged.mat,TEST,2,30273,4275,213.70000000000002,1513.6000000000001
R004,CNO,T1_SD_CNO,2026_06_19_merged.mat,TEST,2,30274,4276,213.75,1513.65
R004,CNO,T1_SD_CNO,2026_06_19_merged.mat,TEST,2,30276,4278,213.85000000000002,1513.75
R004,CNO,T1_SD_CNO,2026_06_19_merged.mat,TEST,2,30277,4279,213.9,1513.8000000000002
R004,CNO,T1_SD_CNO,2026_06_19_merged.mat,TEST,2,30278,4280,213.95000000000002,1513.8500000000001
R004,CNO,T1_SD_CNO,2026_06_19_merged.mat,TEST,2,30279,4281,214.0,1513.9
R004,CNO,T1_SD_CNO,2026_06_19_merged.mat,TEST,5,30315,4317,215.8,1515.7
R004,CNO,T1_SD_CNO,2026_06_19_merged.mat,TEST,5,30317,4319,215.9,1515.8000000000002
R004,CNO,T1_SD_CNO,2026_06_19_merged.mat,TEST,5,30318,4320,215.95000000000002,1515.8500000000001
R004,CNO,T1_SD_CNO,2026_06_19_merged.mat,TEST,5,30412,4414,220.65,1520.5500000000002
R004,CNO,T1_SD_CNO,2026_06_19_merged.mat,TEST,5,30414,4416,220.75,1520.65
R004,CNO,T1_SD_CNO,2026_06_19_merged.mat,TEST,5,30415,4417,220.8,1520.7
R004,CNO,T1_SD_CNO,2026_06_19_merged.mat,TEST,5,30416,4418,220.85000000000002,1520.75
R004,CNO,T1_SD_CNO,2026_06_19_merged.mat,TEST,3,30515,4517,225.8,1525.7
R004,CNO,T1_SD_CNO,2026_06_19_merged.mat,TEST,2,30596,4598,229.85000000000002,1529.75
R004,CNO,T1_SD_CNO,2026_06_19_merged.mat,TEST,2,30610,4612,230.55,1530.45
R004,CNO,T1_SD_CNO,2026_06_19_merged.mat,TEST,3,30620,4622,231.05,1530.95
R004,CNO,T1_SD_CNO,2026_06_19_merged.mat,TEST,3,30622,4624,231.15,1531.0500000000002
R004,CNO,T1_SD_CNO,2026_06_19_merged.mat,TEST,4,30640,4642,232.05,1531.95
R004,CNO,T1_SD_CNO,2026_06_19_merged.mat,TEST,4,30642,4644,232.15,1532.0500000000002
R004,CNO,T1_SD_CNO,2026_06_19_merged.mat,TEST,4,30643,4645,232.20000000000002,1532.1000000000001
R004,CNO,T1_SD_CNO,2026_06_19_merged.mat,TEST,3,30650,4652,232.55,1532.45
R004,CNO,T1_SD_CNO,2026_06_19_merged.mat,TEST,3,30651,4653,232.60000000000002,1532.5
R004,CNO,T1_SD_CNO,2026_06_19_merged.mat,TEST,4,30696,4698,234.85000000000002,1534.75
R004,CNO,T1_SD_CNO,2026_06_19_merged.mat,TEST,5,30697,4699,234.9,1534.8000000000002
R004,CNO,T1_SD_CNO,2026_06_19_merged.mat,TEST,5,30698,4700,234.95000000000002,1534.8500000000001
R004,CNO,T1_SD_CNO,2026_06_19_merged.mat,TEST,5,30703,4705,235.20000000000002,1535.1000000000001
R004,CNO,T1_SD_CNO,2026_06_19_merged.mat,TEST,3,30710,4712,235.55,1535.45
R004,CNO,T1_SD_CNO,2026_06_19_merged.mat,TEST,5,30726,4728,236.35000000000002,1536.25
R004,CNO,T1_SD_CNO,2026_06_19_merged.mat,TEST,5,30727,4729,236.4,1536.3000000000002
R004,CNO,T1_SD_CNO,2026_06_19_merged.mat,TEST,5,30749,4751,237.5,1537.4
R004,CNO,T1_SD_CNO,2026_06_19_merged.mat,TEST,4,30751,4753,237.60000000000002,1537.5
R004,CNO,T1_SD_CNO,2026_06_19_merged.mat,TEST,4,30754,4756,237.75,1537.65
R004,CNO,T1_SD_CNO,2026_06_19_merged.mat,TEST,2,30766,4768,238.35000000000002,1538.25
R004,CNO,T1_SD_CNO,2026_06_19_merged.mat,TEST,2,30767,4769,238.4,1538.3000000000002
R004,CNO,T1_SD_CNO,2026_06_19_merged.mat,TEST,1,30812,4814,240.65,1540.5500000000002
R004,CNO,T1_SD_CNO,2026_06_19_merged.mat,TEST,3,30837,4839,241.9,1541.8000000000002
R004,CNO,T1_SD_CNO,2026_06_19_merged.mat,TEST,3,30858,4860,242.95000000000002,1542.8500000000001
R004,CNO,T1_SD_CNO,2026_06_19_merged.mat,TEST,3,30859,4861,243.0,1542.9
R004,CNO,T1_SD_CNO,2026_06_19_merged.mat,TEST,5,30872,4874,243.65,1543.5500000000002
R004,CNO,T1_SD_CNO,2026_06_19_merged.mat,TEST,4,30891,4893,244.60000000000002,1544.5
R004,CNO,T1_SD_CNO,2026_06_19_merged.mat,TEST,4,30892,4894,244.65,1544.5500000000002
R004,CNO,T1_SD_CNO,2026_06_19_merged.mat,TEST,4,30893,4895,244.70000000000002,1544.6000000000001
R004,CNO,T1_SD_CNO,2026_06_19_merged.mat,TEST,4,30895,4897,244.8,1544.7
R004,CNO,T1_SD_CNO,2026_06_19_merged.mat,TEST,4,30919,4921,246.0,1545.9
R004,CNO,T1_SD_CNO,2026_06_19_merged.mat,TEST,3,30941,4943,247.10000000000002,1547.0
R004,CNO,T1_SD_CNO,2026_06_19_merged.mat,TEST,3,30942,4944,247.15,1547.0500000000002
R004,CNO,T1_SD_CNO,2026_06_19_merged.mat,TEST,4,31093,5095,254.70000000000002,1554.6000000000001
R004,CNO,T1_SD_CNO,2026_06_19_merged.mat,TEST,4,31107,5109,255.4,1555.3000000000002
R004,CNO,T1_SD_CNO,2026_06_19_merged.mat,TEST,4,31108,5110,255.45000000000002,1555.3500000000001
R004,CNO,T1_SD_CNO,2026_06_19_merged.mat,TEST,4,31118,5120,255.95000000000002,1555.8500000000001
R004,CNO,T1_SD_CNO,2026_06_19_merged.mat,TEST,3,31140,5142,257.05,1556.95
R004,CNO,T1_SD_CNO,2026_06_19_merged.mat,TEST,3,31173,5175,258.7,1558.6000000000001
R004,CNO,T1_SD_CNO,2026_06_19_merged.mat,TEST,6,31190,5192,259.55,1559.45
R004,CNO,T1_SD_CNO,2026_06_19_merged.mat,TEST,1,31221,5223,261.1,1561.0
R004,CNO,T1_SD_CNO,2026_06_19_merged.mat,TEST,1,31222,5224,261.15000000000003,1561.0500000000002
R004,CNO,T1_SD_CNO,2026_06_19_merged.mat,TEST,6,31268,5270,263.45,1563.3500000000001
R004,CNO,T1_SD_CNO,2026_06_19_merged.mat,TEST,6,31280,5282,264.05,1563.95
R004,CNO,T1_SD_CNO,2026_06_19_merged.mat,TEST,6,31281,5283,264.1,1564.0
R004,CNO,T1_SD_CNO,2026_06_19_merged.mat,TEST,6,31285,5287,264.3,1564.2
R004,CNO,T1_SD_CNO,2026_06_19_merged.mat,TEST,6,31286,5288,264.35,1564.25
R004,CNO,T1_SD_CNO,2026_06_19_merged.mat,TEST,6,31287,5289,264.40000000000003,1564.3000000000002
R004,CNO,T1_SD_CNO,2026_06_19_merged.mat,TEST,3,31305,5307,265.3,1565.2
R004,CNO,T1_SD_CNO,2026_06_19_merged.mat,TEST,1,31316,5318,265.85,1565.75
R004,CNO,T1_SD_CNO,2026_06_19_merged.mat,TEST,3,31320,5322,266.05,1565.95
R004,CNO,T1_SD_CNO,2026_06_19_merged.mat,TEST,3,31321,5323,266.1,1566.0
R004,CNO,T1_SD_CNO,2026_06_19_merged.mat,TEST,5,31397,5399,269.90000000000003,1569.8000000000002
R004,CNO,T1_SD_CNO,2026_06_19_merged.mat,TEST,2,31413,5415,270.7,1570.6000000000001
R004,CNO,T1_SD_CNO,2026_06_19_merged.mat,TEST,4,31465,5467,273.3,1573.2
R004,CNO,T1_SD_CNO,2026_06_19_merged.mat,TEST,4,31467,5469,273.40000000000003,1573.3000000000002
R004,CNO,T1_SD_CNO,2026_06_19_merged.mat,TEST,2,31547,5549,277.40000000000003,1577.3000000000002
R004,CNO,T1_SD_CNO,2026_06_19_merged.mat,TEST,2,31549,5551,277.5,1577.4
R004,CNO,T1_SD_CNO,2026_06_19_merged.mat,TEST,2,31550,5552,277.55,1577.45
R004,CNO,T1_SD_CNO,2026_06_19_merged.mat,TEST,2,31553,5555,277.7,1577.6000000000001
R004,CNO,T1_SD_CNO,2026_06_19_merged.mat,TEST,2,31554,5556,277.75,1577.65
R004,CNO,T1_SD_CNO,2026_06_19_merged.mat,TEST,1,31591,5593,279.6,1579.5
R004,CNO,T1_SD_CNO,2026_06_19_merged.mat,TEST,5,31694,5696,284.75,1584.65
R004,CNO,T1_SD_CNO,2026_06_19_merged.mat,TEST,5,31695,5697,284.8,1584.7
R004,CNO,T1_SD_CNO,2026_06_19_merged.mat,TEST,5,31775,5777,288.8,1588.7
R004,CNO,T1_SD_CNO,2026_06_19_merged.mat,TEST,5,31776,5778,288.85,1588.75
R004,CNO,T1_SD_CNO,2026_06_19_merged.mat,TEST,5,31778,5780,288.95,1588.8500000000001
R004,CNO,T1_SD_CNO,2026_06_19_merged.mat,TEST,5,31779,5781,289.0,1588.9
R004,CNO,T1_SD_CNO,2026_06_19_merged.mat,TEST,3,31802,5804,290.15000000000003,1590.0500000000002
R004,CNO,T1_SD_CNO,2026_06_19_merged.mat,TEST,3,31803,5805,290.2,1590.1000000000001
R004,CNO,T1_SD_CNO,2026_06_19_merged.mat,TEST,3,31804,5806,290.25,1590.15
R004,CNO,T1_SD_CNO,2026_06_19_merged.mat,TEST,4,31818,5820,290.95,1590.8500000000001
R004,CNO,T1_SD_CNO,2026_06_19_merged.mat,TEST,5,31841,5843,292.1,1592.0
R004,CNO,T1_SD_CNO,2026_06_19_merged.mat,TEST,4,31887,5889,294.40000000000003,1594.3000000000002
R004,CNO,T1_SD_CNO,2026_06_19_merged.mat,TEST,4,31888,5890,294.45,1594.3500000000001
R004,CNO,T1_SD_CNO,2026_06_19_merged.mat,TEST,5,31894,5896,294.75,1594.65
R004,CNO,T1_SD_CNO,2026_06_19_merged.mat,TEST,5,31932,5934,296.65000000000003,1596.5500000000002
R004,CNO,T1_SD_CNO,2026_06_19_merged.mat,TEST,5,31933,5935,296.7,1596.6000000000001
R004,CNO,T1_SD_CNO,2026_06_19_merged.mat,TEST,5,31934,5936,296.75,1596.65
R004,CNO,T1_SD_CNO,2026_06_19_merged.mat,TEST,5,31936,5938,296.85,1596.75
R004,CNO,T1_SD_CNO,2026_06_19_merged.mat,TEST,5,31946,5948,297.35,1597.25
R004,CNO,T1_SD_CNO,2026_06_19_merged.mat,TEST,3,32072,6074,303.65000000000003,1603.5500000000002
R004,CNO,T1_SD_CNO,2026_06_19_merged.mat,TEST,3,32093,6095,304.7,1604.6000000000001
R004,CNO,T1_SD_CNO,2026_06_19_merged.mat,TEST,3,32094,6096,304.75,1604.65
R004,CNO,T1_SD_CNO,2026_06_19_merged.mat,TEST,3,32124,6126,306.25,1606.15
R004,CNO,T1_SD_CNO,2026_06_19_merged.mat,TEST,5,32138,6140,306.95,1606.8500000000001
R004,CNO,T1_SD_CNO,2026_06_19_merged.mat,TEST,5,32140,6142,307.05,1606.95
R004,CNO,T1_SD_CNO,2026_06_19_merged.mat,TEST,3,32180,6182,309.05,1608.95
R004,CNO,T1_SD_CNO,2026_06_19_merged.mat,TEST,3,32252,6254,312.65000000000003,1612.5500000000002
R004,CNO,T1_SD_CNO,2026_06_19_merged.mat,TEST,2,32276,6278,313.85,1613.75
R004,CNO,T1_SD_CNO,2026_06_19_merged.mat,TEST,2,32280,6282,314.05,1613.95
R004,CNO,T1_SD_CNO,2026_06_19_merged.mat,TEST,4,32288,6290,314.45000000000005,1614.3500000000001
R004,CNO,T1_SD_CNO,2026_06_19_merged.mat,TEST,5,32300,6302,315.05,1614.95
R004,CNO,T1_SD_CNO,2026_06_19_merged.mat,TEST,4,32328,6330,316.45000000000005,1616.3500000000001
R004,CNO,T1_SD_CNO,2026_06_19_merged.mat,TEST,4,32351,6353,317.6,1617.5
R004,CNO,T1_SD_CNO,2026_06_19_merged.mat,TEST,4,32352,6354,317.65000000000003,1617.5500000000002
R004,CNO,T1_SD_CNO,2026_06_19_merged.mat,TEST,4,32353,6355,317.70000000000005,1617.6000000000001
R004,CNO,T1_SD_CNO,2026_06_19_merged.mat,TEST,1,32368,6370,318.45000000000005,1618.3500000000001
R004,CNO,T1_SD_CNO,2026_06_19_merged.mat,TEST,1,32369,6371,318.5,1618.4
R004,CNO,T1_SD_CNO,2026_06_19_merged.mat,TEST,6,32387,6389,319.40000000000003,1619.3000000000002
R004,CNO,T1_SD_CNO,2026_06_19_merged.mat,TEST,6,32388,6390,319.45000000000005,1619.3500000000001
R004,CNO,T1_SD_CNO,2026_06_19_merged.mat,TEST,6,32389,6391,319.5,1619.4
R004,CNO,T1_SD_CNO,2026_06_19_merged.mat,TEST,6,32442,6444,322.15000000000003,1622.0500000000002
R004,CNO,T1_SD_CNO,2026_06_19_merged.mat,TEST,3,32488,6490,324.45000000000005,1624.3500000000001
R004,CNO,T1_SD_CNO,2026_06_19_merged.mat,TEST,6,32539,6541,327.0,1626.9
R004,CNO,T1_SD_CNO,2026_06_19_merged.mat,TEST,4,32554,6556,327.75,1627.65
R004,CNO,T1_SD_CNO,2026_06_19_merged.mat,TEST,4,32584,6586,329.25,1629.15
R004,CNO,T1_SD_CNO,2026_06_19_merged.mat,TEST,6,32630,6632,331.55,1631.45
R004,CNO,T1_SD_CNO,2026_06_19_merged.mat,TEST,2,32639,6641,332.0,1631.9
R004,CNO,T1_SD_CNO,2026_06_19_merged.mat,TEST,2,32640,6642,332.05,1631.95
R004,CNO,T1_SD_CNO,2026_06_19_merged.mat,TEST,2,32641,6643,332.1,1632.0
R004,CNO,T1_SD_CNO,2026_06_19_merged.mat,TEST,4,32680,6682,334.05,1633.95
R004,CNO,T1_SD_CNO,2026_06_19_merged.mat,TEST,4,32690,6692,334.55,1634.45
R004,CNO,T1_SD_CNO,2026_06_19_merged.mat,TEST,5,32804,6806,340.25,1640.15
R004,CNO,T1_SD_CNO,2026_06_19_merged.mat,TEST,5,32805,6807,340.3,1640.2
R004,CNO,T1_SD_CNO,2026_06_19_merged.mat,TEST,5,32808,6810,340.45,1640.3500000000001
R004,CNO,T1_SD_CNO,2026_06_19_merged.mat,TEST,6,32811,6813,340.6,1640.5
R004,CNO,T1_SD_CNO,2026_06_19_merged.mat,TEST,5,32820,6822,341.05,1640.95
R004,CNO,T1_SD_CNO,2026_06_19_merged.mat,TEST,5,32821,6823,341.1,1641.0
R004,CNO,T1_SD_CNO,2026_06_19_merged.mat,TEST,4,32863,6865,343.2,1643.1000000000001
R004,CNO,T1_SD_CNO,2026_06_19_merged.mat,TEST,4,32864,6866,343.25,1643.15
R004,CNO,T1_SD_CNO,2026_06_19_merged.mat,TEST,4,32865,6867,343.3,1643.2
R004,CNO,T1_SD_CNO,2026_06_19_merged.mat,TEST,4,32866,6868,343.35,1643.25
R004,CNO,T1_SD_CNO,2026_06_19_merged.mat,TEST,3,32881,6883,344.1,1644.0
R004,CNO,T1_SD_CNO,2026_06_19_merged.mat,TEST,1,32895,6897,344.8,1644.7
R004,CNO,T1_SD_CNO,2026_06_19_merged.mat,TEST,1,33054,7056,352.75,1652.65
R004,CNO,T1_SD_CNO,2026_06_19_merged.mat,TEST,1,33055,7057,352.8,1652.7
R004,CNO,T1_SD_CNO,2026_06_19_merged.mat,TEST,1,33056,7058,352.85,1652.75
R004,CNO,T1_SD_CNO,2026_06_19_merged.mat,TEST,1,33057,7059,352.90000000000003,1652.8000000000002
R004,CNO,T1_SD_CNO,2026_06_19_merged.mat,TEST,2,33078,7080,353.95,1653.8500000000001
R004,CNO,T1_SD_CNO,2026_06_19_merged.mat,TEST,2,33091,7093,354.6,1654.5
R004,CNO,T1_SD_CNO,2026_06_19_merged.mat,TEST,6,33144,7146,357.25,1657.15
R004,CNO,T1_SD_CNO,2026_06_19_merged.mat,TEST,6,33174,7176,358.75,1658.65
R004,CNO,T1_SD_CNO,2026_06_19_merged.mat,TEST,6,33175,7177,358.8,1658.7
R004,CNO,T1_SD_CNO,2026_06_19_merged.mat,TEST,3,33205,7207,360.3,1660.2
R004,CNO,T1_SD_CNO,2026_06_19_merged.mat,TEST,4,33214,7216,360.75,1660.65
R004,CNO,T1_SD_CNO,2026_06_19_merged.mat,TEST,1,33248,7250,362.45,1662.3500000000001
R004,CNO,T1_SD_CNO,2026_06_19_merged.mat,TEST,1,33249,7251,362.5,1662.4
R004,CNO,T1_SD_CNO,2026_06_19_merged.mat,TEST,5,33261,7263,363.1,1663.0
R004,CNO,T1_SD_CNO,2026_06_19_merged.mat,TEST,3,33283,7285,364.2,1664.1000000000001
R004,CNO,T1_SD_CNO,2026_06_19_merged.mat,TEST,3,33284,7286,364.25,1664.15
R004,CNO,T1_SD_CNO,2026_06_19_merged.mat,TEST,1,33345,7347,367.3,1667.2
R004,CNO,T1_SD_CNO,2026_06_19_merged.mat,TEST,5,33364,7366,368.25,1668.15
R004,CNO,T1_SD_CNO,2026_06_19_merged.mat,TEST,5,33365,7367,368.3,1668.2
R004,CNO,T1_SD_CNO,2026_06_19_merged.mat,TEST,5,33366,7368,368.35,1668.25
R004,CNO,T1_SD_CNO,2026_06_19_merged.mat,TEST,3,33376,7378,368.85,1668.75
R004,CNO,T1_SD_CNO,2026_06_19_merged.mat,TEST,5,33454,7456,372.75,1672.65
R004,CNO,T1_SD_CNO,2026_06_19_merged.mat,TEST,6,33457,7459,372.90000000000003,1672.8000000000002
R004,CNO,T1_SD_CNO,2026_06_19_merged.mat,TEST,5,33461,7463,373.1,1673.0
R004,CNO,T1_SD_CNO,2026_06_19_merged.mat,TEST,6,33629,7631,381.5,1681.4
R004,CNO,T1_SD_CNO,2026_06_19_merged.mat,TEST,6,33632,7634,381.65000000000003,1681.5500000000002
R004,CNO,T1_SD_CNO,2026_06_19_merged.mat,TEST,4,33713,7715,385.7,1685.6000000000001
R004,CNO,T1_SD_CNO,2026_06_19_merged.mat,TEST,5,33721,7723,386.1,1686.0
R004,CNO,T1_SD_CNO,2026_06_19_merged.mat,TEST,5,33788,7790,389.45,1689.3500000000001
R004,CNO,T1_SD_CNO,2026_06_19_merged.mat,TEST,5,33789,7791,389.5,1689.4
R004,CNO,T1_SD_CNO,2026_06_19_merged.mat,TEST,5,33790,7792,389.55,1689.45
R004,CNO,T1_SD_CNO,2026_06_19_merged.mat,TEST,5,33794,7796,389.75,1689.65
R004,CNO,T1_SD_CNO,2026_06_19_merged.mat,TEST,5,33819,7821,391.0,1690.9
R004,CNO,T1_SD_CNO,2026_06_19_merged.mat,TEST,5,33880,7882,394.05,1693.95
R004,CNO,T1_SD_CNO,2026_06_19_merged.mat,TEST,5,33881,7883,394.1,1694.0
R004,CNO,T1_SD_CNO,2026_06_19_merged.mat,TEST,5,33882,7884,394.15,1694.0500000000002
R004,CNO,T1_SD_CNO,2026_06_19_merged.mat,TEST,5,33884,7886,394.25,1694.15
R004,CNO,T1_SD_CNO,2026_06_19_merged.mat,TEST,5,33887,7889,394.4,1694.3000000000002
R004,CNO,T1_SD_CNO,2026_06_19_merged.mat,TEST,5,33890,7892,394.55,1694.45
R004,CNO,T1_SD_CNO,2026_06_19_merged.mat,TEST,5,33891,7893,394.6,1694.5
R004,CNO,T1_SD_CNO,2026_06_19_merged.mat,TEST,5,33929,7931,396.5,1696.4
R004,CNO,T1_SD_CNO,2026_06_19_merged.mat,TEST,4,33938,7940,396.95000000000005,1696.8500000000001
R004,CNO,T1_SD_CNO,2026_06_19_merged.mat,TEST,4,33941,7943,397.1,1697.0
R004,CNO,T1_SD_CNO,2026_06_19_merged.mat,TEST,5,34155,8157,407.8,1707.7
R004,CNO,T1_SD_CNO,2026_06_19_merged.mat,TEST,2,34377,8379,418.9,1718.8000000000002
R004,CNO,T1_SD_CNO,2026_06_19_merged.mat,TEST,2,34378,8380,418.95000000000005,1718.8500000000001
R004,CNO,T1_SD_CNO,2026_06_19_merged.mat,TEST,2,34421,8423,421.1,1721.0
R004,CNO,T1_SD_CNO,2026_06_19_merged.mat,TEST,4,34562,8564,428.15,1728.0500000000002
R004,CNO,T1_SD_CNO,2026_06_19_merged.mat,TEST,4,34563,8565,428.20000000000005,1728.1000000000001
R004,CNO,T1_SD_CNO,2026_06_19_merged.mat,TEST,3,34752,8754,437.65,1737.5500000000002
R004,CNO,T1_SD_CNO,2026_06_19_merged.mat,TEST,5,34791,8793,439.6,1739.5
R004,CNO,T1_SD_CNO,2026_06_19_merged.mat,TEST,5,34822,8824,441.15,1741.0500000000002
R004,CNO,T1_SD_CNO,2026_06_19_merged.mat,TEST,5,34823,8825,441.20000000000005,1741.1000000000001
R004,CNO,T1_SD_CNO,2026_06_19_merged.mat,TEST,5,34824,8826,441.25,1741.15
R004,CNO,T1_SD_CNO,2026_06_19_merged.mat,TEST,5,34826,8828,441.35,1741.25
R004,CNO,T1_SD_CNO,2026_06_19_merged.mat,TEST,5,34827,8829,441.4,1741.3000000000002
R004,CNO,T1_SD_CNO,2026_06_19_merged.mat,TEST,4,34830,8832,441.55,1741.45
R004,CNO,T1_SD_CNO,2026_06_19_merged.mat,TEST,5,34838,8840,441.95000000000005,1741.8500000000001
R004,CNO,T1_SD_CNO,2026_06_19_merged.mat,TEST,4,34893,8895,444.70000000000005,1744.6000000000001
R004,CNO,T1_SD_CNO,2026_06_19_merged.mat,TEST,4,34894,8896,444.75,1744.65
R004,CNO,T1_SD_CNO,2026_06_19_merged.mat,TEST,4,34895,8897,444.8,1744.7
R004,CNO,T1_SD_CNO,2026_06_19_merged.mat,TEST,6,34913,8915,445.70000000000005,1745.6000000000001
R004,CNO,T1_SD_CNO,2026_06_19_merged.mat,TEST,5,35016,9018,450.85,1750.75
R004,CNO,T1_SD_CNO,2026_06_19_merged.mat,TEST,5,35020,9022,451.05,1750.95
R004,CNO,T1_SD_CNO,2026_06_19_merged.mat,TEST,5,35021,9023,451.1,1751.0
R004,CNO,T1_SD_CNO,2026_06_19_merged.mat,TEST,5,35022,9024,451.15,1751.0500000000002
R004,CNO,T1_SD_CNO,2026_06_19_merged.mat,TEST,4,35023,9025,451.20000000000005,1751.1000000000001
R004,CNO,T1_SD_CNO,2026_06_19_merged.mat,TEST,4,35159,9161,458.0,1757.9
R004,CNO,T1_SD_CNO,2026_06_19_merged.mat,TEST,5,35165,9167,458.3,1758.2
R004,CNO,T1_SD_CNO,2026_06_19_merged.mat,TEST,5,35166,9168,458.35,1758.25
R004,CNO,T1_SD_CNO,2026_06_19_merged.mat,TEST,1,35191,9193,459.6,1759.5
R004,CNO,T1_SD_CNO,2026_06_19_merged.mat,TEST,1,35236,9238,461.85,1761.75
R004,CNO,T1_SD_CNO,2026_06_19_merged.mat,TEST,1,35237,9239,461.9,1761.8000000000002
R004,CNO,T1_SD_CNO,2026_06_19_merged.mat,TEST,1,35247,9249,462.4,1762.3000000000002
R004,CNO,T1_SD_CNO,2026_06_19_merged.mat,TEST,1,35249,9251,462.5,1762.4
R004,CNO,T1_SD_CNO,2026_06_19_merged.mat,TEST,1,35298,9300,464.95000000000005,1764.8500000000001
R004,CNO,T1_SD_CNO,2026_06_19_merged.mat,TEST,1,35299,9301,465.0,1764.9
R004,CNO,T1_SD_CNO,2026_06_19_merged.mat,TEST,1,35319,9321,466.0,1765.9
R004,CNO,T1_SD_CNO,2026_06_19_merged.mat,TEST,1,35320,9322,466.05,1765.95
R004,CNO,T1_SD_CNO,2026_06_19_merged.mat,TEST,4,35325,9327,466.3,1766.2
R004,CNO,T1_SD_CNO,2026_06_19_merged.mat,TEST,5,35338,9340,466.95000000000005,1766.8500000000001
R004,CNO,T1_SD_CNO,2026_06_19_merged.mat,TEST,5,35339,9341,467.0,1766.9
R004,CNO,T1_SD_CNO,2026_06_19_merged.mat,TEST,5,35352,9354,467.65,1767.5500000000002
R004,CNO,T1_SD_CNO,2026_06_19_merged.mat,TEST,5,35353,9355,467.70000000000005,1767.6000000000001
R004,CNO,T1_SD_CNO,2026_06_19_merged.mat,TEST,5,35372,9374,468.65,1768.5500000000002
R004,CNO,T1_SD_CNO,2026_06_19_merged.mat,TEST,5,35373,9375,468.70000000000005,1768.6000000000001
R004,CNO,T1_SD_CNO,2026_06_19_merged.mat,TEST,4,35387,9389,469.4,1769.3000000000002
R004,CNO,T1_SD_CNO,2026_06_19_merged.mat,TEST,4,35388,9390,469.45000000000005,1769.3500000000001
R004,CNO,T1_SD_CNO,2026_06_19_merged.mat,TEST,3,35397,9399,469.9,1769.8000000000002
R004,CNO,T1_SD_CNO,2026_06_19_merged.mat,TEST,6,35533,9535,476.70000000000005,1776.6000000000001
R004,CNO,T1_SD_CNO,2026_06_19_merged.mat,TEST,2,35552,9554,477.65,1777.5500000000002
R004,CNO,T1_SD_CNO,2026_06_19_merged.mat,TEST,2,35553,9555,477.70000000000005,1777.6000000000001
R004,CNO,T1_SD_CNO,2026_06_19_merged.mat,TEST,2,35555,9557,477.8,1777.7
R004,CNO,T1_SD_CNO,2026_06_19_merged.mat,TEST,4,35725,9727,486.3,1786.2
R004,CNO,T1_SD_CNO,2026_06_19_merged.mat,TEST,4,35802,9804,490.15,1790.0500000000002
R004,CNO,T1_SD_CNO,2026_06_19_merged.mat,TEST,4,35817,9819,490.9,1790.8000000000002
R004,CNO,T1_SD_CNO,2026_06_19_merged.mat,TEST,6,35856,9858,492.85,1792.75
R004,CNO,T1_SD_CNO,2026_06_19_merged.mat,TEST,6,35857,9859,492.9,1792.8000000000002
R004,CNO,T1_SD_CNO,2026_06_19_merged.mat,TEST,6,35862,9864,493.15,1793.0500000000002
R004,CNO,T1_SD_CNO,2026_06_19_merged.mat,TEST,6,36012,10014,500.65,1800.5500000000002
R004,CNO,T1_SD_CNO,2026_06_19_merged.mat,TEST,4,36027,10029,501.4,1801.3000000000002
R004,CNO,T1_SD_CNO,2026_06_19_merged.mat,TEST,3,36035,10037,501.8,1801.7
R004,CNO,T1_SD_CNO,2026_06_19_merged.mat,TEST,3,36041,10043,502.1,1802.0
R004,CNO,T1_SD_CNO,2026_06_19_merged.mat,TEST,3,36042,10044,502.15,1802.0500000000002
R004,CNO,T1_SD_CNO,2026_06_19_merged.mat,TEST,5,36218,10220,510.95000000000005,1810.8500000000001
R004,CNO,T1_SD_CNO,2026_06_19_merged.mat,TEST,5,36290,10292,514.55,1814.45
R004,CNO,T1_SD_CNO,2026_06_19_merged.mat,TEST,5,36291,10293,514.6,1814.5
R004,CNO,T1_SD_CNO,2026_06_19_merged.mat,TEST,4,36303,10305,515.2,1815.1000000000001
R004,CNO,T1_SD_CNO,2026_06_19_merged.mat,TEST,4,36304,10306,515.25,1815.15
R004,CNO,T1_SD_CNO,2026_06_19_merged.mat,TEST,2,36346,10348,517.35,1817.25
R004,CNO,T1_SD_CNO,2026_06_19_merged.mat,TEST,4,36362,10364,518.15,1818.0500000000002
R004,CNO,T1_SD_CNO,2026_06_19_merged.mat,TEST,4,36367,10369,518.4,1818.3000000000002
R004,CNO,T1_SD_CNO,2026_06_19_merged.mat,TEST,4,36368,10370,518.45,1818.3500000000001
R004,CNO,T1_SD_CNO,2026_06_19_merged.mat,TEST,1,36399,10401,520.0,1819.9
R004,CNO,T1_SD_CNO,2026_06_19_merged.mat,TEST,5,36427,10429,521.4,1821.3000000000002
R004,CNO,T1_SD_CNO,2026_06_19_merged.mat,TEST,5,36429,10431,521.5,1821.4
R004,CNO,T1_SD_CNO,2026_06_19_merged.mat,TEST,5,36430,10432,521.55,1821.45
R004,CNO,T1_SD_CNO,2026_06_19_merged.mat,TEST,5,36431,10433,521.6,1821.5
R004,CNO,T1_SD_CNO,2026_06_19_merged.mat,TEST,4,36474,10476,523.75,1823.65
R004,CNO,T1_SD_CNO,2026_06_19_merged.mat,TEST,4,36475,10477,523.8,1823.7
R004,CNO,T1_SD_CNO,2026_06_19_merged.mat,TEST,4,36477,10479,523.9,1823.8000000000002
R004,CNO,T1_SD_CNO,2026_06_19_merged.mat,TEST,1,36564,10566,528.25,1828.15
R004,CNO,T1_SD_CNO,2026_06_19_merged.mat,TEST,4,36575,10577,528.8,1828.7
R004,CNO,T1_SD_CNO,2026_06_19_merged.mat,TEST,1,36605,10607,530.3,1830.2
R004,CNO,T1_SD_CNO,2026_06_19_merged.mat,TEST,4,36738,10740,536.95,1836.8500000000001
R004,CNO,T1_SD_CNO,2026_06_19_merged.mat,TEST,3,36787,10789,539.4,1839.3000000000002
R004,CNO,T1_SD_CNO,2026_06_19_merged.mat,TEST,1,36795,10797,539.8,1839.7
R004,CNO,T1_SD_CNO,2026_06_19_merged.mat,TEST,5,36798,10800,539.95,1839.8500000000001
R004,CNO,T1_SD_CNO,2026_06_19_merged.mat,TEST,5,36799,10801,540.0,1839.9
R004,CNO,T1_SD_CNO,2026_06_19_merged.mat,TEST,5,36800,10802,540.05,1839.95
R004,CNO,T1_SD_CNO,2026_06_19_merged.mat,TEST,5,36802,10804,540.15,1840.0500000000002
R004,CNO,T1_SD_CNO,2026_06_19_merged.mat,TEST,5,36807,10809,540.4,1840.3000000000002
R004,CNO,T1_SD_CNO,2026_06_19_merged.mat,TEST,4,36819,10821,541.0,1840.9
R004,CNO,T1_SD_CNO,2026_06_19_merged.mat,TEST,4,36820,10822,541.05,1840.95
R004,CNO,T1_SD_CNO,2026_06_19_merged.mat,TEST,4,36821,10823,541.1,1841.0
R004,CNO,T1_SD_CNO,2026_06_19_merged.mat,TEST,4,36822,10824,541.15,1841.0500000000002
R004,CNO,T1_SD_CNO,2026_06_19_merged.mat,TEST,4,36823,10825,541.2,1841.1000000000001
R004,CNO,T1_SD_CNO,2026_06_19_merged.mat,TEST,4,36824,10826,541.25,1841.15
R004,CNO,T1_SD_CNO,2026_06_19_merged.mat,TEST,5,36883,10885,544.2,1844.1000000000001
R004,CNO,T1_SD_CNO,2026_06_19_merged.mat,TEST,5,36884,10886,544.25,1844.15
R004,CNO,T1_SD_CNO,2026_06_19_merged.mat,TEST,5,37241,11243,562.1,1862.0
R004,CNO,T1_SD_CNO,2026_06_19_merged.mat,TEST,5,37242,11244,562.15,1862.0500000000002
R004,CNO,T1_SD_CNO,2026_06_19_merged.mat,TEST,3,37315,11317,565.8,1865.7
R004,CNO,T1_SD_CNO,2026_06_19_merged.mat,TEST,5,37358,11360,567.95,1867.8500000000001
R004,CNO,T1_SD_CNO,2026_06_19_merged.mat,TEST,5,37361,11363,568.1,1868.0
R004,CNO,T1_SD_CNO,2026_06_19_merged.mat,TEST,4,37380,11382,569.05,1868.95
R004,CNO,T1_SD_CNO,2026_06_19_merged.mat,TEST,4,37381,11383,569.1,1869.0
R004,CNO,T1_SD_CNO,2026_06_19_merged.mat,TEST,4,37383,11385,569.2,1869.1000000000001
R004,CNO,T1_SD_CNO,2026_06_19_merged.mat,TEST,1,37428,11430,571.45,1871.3500000000001
R004,CNO,T1_SD_CNO,2026_06_19_merged.mat,TEST,2,37456,11458,572.85,1872.75
R004,CNO,T1_SD_CNO,2026_06_19_merged.mat,TEST,2,37457,11459,572.9,1872.8000000000002
R004,CNO,T1_SD_CNO,2026_06_19_merged.mat,TEST,4,37472,11474,573.65,1873.5500000000002
R004,CNO,T1_SD_CNO,2026_06_19_merged.mat,TEST,4,37473,11475,573.7,1873.6000000000001
R004,CNO,T1_SD_CNO,2026_06_19_merged.mat,TEST,4,37474,11476,573.75,1873.65
R004,CNO,T1_SD_CNO,2026_06_19_merged.mat,TEST,4,37475,11477,573.8000000000001,1873.7000000000003
R004,CNO,T1_SD_CNO,2026_06_19_merged.mat,TEST,5,37613,11615,580.7,1880.6000000000001
R004,CNO,T1_SD_CNO,2026_06_19_merged.mat,TEST,5,37614,11616,580.75,1880.65
R004,CNO,T1_SD_CNO,2026_06_19_merged.mat,TEST,6,37650,11652,582.5500000000001,1882.4500000000003
R004,CNO,T1_SD_CNO,2026_06_19_merged.mat,TEST,4,37653,11655,582.7,1882.6000000000001
R004,CNO,T1_SD_CNO,2026_06_19_merged.mat,TEST,4,37659,11661,583.0,1882.9
R004,CNO,T1_SD_CNO,2026_06_19_merged.mat,TEST,1,37679,11681,584.0,1883.9
R004,CNO,T1_SD_CNO,2026_06_19_merged.mat,TEST,4,37771,11773,588.6,1888.5
R004,CNO,T1_SD_CNO,2026_06_19_merged.mat,TEST,4,37774,11776,588.75,1888.65
R004,CNO,T1_SD_CNO,2026_06_19_merged.mat,TEST,4,37775,11777,588.8000000000001,1888.7000000000003
R004,CNO,T1_SD_CNO,2026_06_19_merged.mat,TEST,5,37809,11811,590.5,1890.4
R004,CNO,T1_SD_CNO,2026_06_19_merged.mat,TEST,5,37825,11827,591.3000000000001,1891.2000000000003
R004,CNO,T1_SD_CNO,2026_06_19_merged.mat,TEST,5,37829,11831,591.5,1891.4
R004,CNO,T1_SD_CNO,2026_06_19_merged.mat,TEST,5,37854,11856,592.75,1892.65
R004,CNO,T1_SD_CNO,2026_06_19_merged.mat,TEST,2,37874,11876,593.75,1893.65
R004,CNO,T1_SD_CNO,2026_06_19_merged.mat,TEST,2,37875,11877,593.8000000000001,1893.7000000000003
R004,CNO,T1_SD_CNO,2026_06_19_merged.mat,TEST,2,37876,11878,593.85,1893.75
R004,CNO,T1_SD_CNO,2026_06_19_merged.mat,TEST,4,37882,11884,594.15,1894.0500000000002
R004,CNO,T1_SD_CNO,2026_06_19_merged.mat,TEST,4,37883,11885,594.2,1894.1000000000001
R004,CNO,T1_SD_CNO,2026_06_19_merged.mat,TEST,4,37884,11886,594.25,1894.15
R004,CNO,T1_SD_CNO,2026_06_19_merged.mat,TEST,5,37914,11916,595.75,1895.65
R004,CNO,T1_SD_CNO,2026_06_19_merged.mat,TEST,5,37915,11917,595.8000000000001,1895.7000000000003
R004,CNO,T1_SD_CNO,2026_06_19_merged.mat,TEST,1,38014,12016,600.75,1900.65
R004,CNO,T1_SD_CNO,2026_06_19_merged.mat,TEST,1,38026,12028,601.35,1901.25
R004,CNO,T1_SD_CNO,2026_06_19_merged.mat,TEST,5,38297,12299,614.9,1914.8000000000002
R004,CNO,T1_SD_CNO,2026_06_19_merged.mat,TEST,3,38306,12308,615.35,1915.25
R004,CNO,T1_SD_CNO,2026_06_19_merged.mat,TEST,2,38395,12397,619.8000000000001,1919.7000000000003
R004,CNO,T1_SD_CNO,2026_06_19_merged.mat,TEST,2,38396,12398,619.85,1919.75
R004,CNO,T1_SD_CNO,2026_06_19_merged.mat,TEST,5,38435,12437,621.8000000000001,1921.7000000000003
R004,CNO,T1_SD_CNO,2026_06_19_merged.mat,TEST,4,38436,12438,621.85,1921.75
R004,CNO,T1_SD_CNO,2026_06_19_merged.mat,TEST,4,38441,12443,622.1,1922.0
R004,CNO,T1_SD_CNO,2026_06_19_merged.mat,TEST,4,38442,12444,622.15,1922.0500000000002
R004,CNO,T1_SD_CNO,2026_06_19_merged.mat,TEST,6,38449,12451,622.5,1922.4
R004,CNO,T1_SD_CNO,2026_06_19_merged.mat,TEST,6,38513,12515,625.7,1925.6000000000001
R004,CNO,T1_SD_CNO,2026_06_19_merged.mat,TEST,1,38518,12520,625.95,1925.8500000000001
R004,CNO,T1_SD_CNO,2026_06_19_merged.mat,TEST,1,38606,12608,630.35,1930.25
R004,CNO,T1_SD_CNO,2026_06_19_merged.mat,TEST,1,38609,12611,630.5,1930.4
R004,CNO,T1_SD_CNO,2026_06_19_merged.mat,TEST,1,38611,12613,630.6,1930.5
R004,CNO,T1_SD_CNO,2026_06_19_merged.mat,TEST,3,38634,12636,631.75,1931.65
R004,CNO,T1_SD_CNO,2026_06_19_merged.mat,TEST,6,38652,12654,632.65,1932.5500000000002
R004,CNO,T1_SD_CNO,2026_06_19_merged.mat,TEST,3,38672,12674,633.65,1933.5500000000002
R004,CNO,T1_SD_CNO,2026_06_19_merged.mat,TEST,3,38683,12685,634.2,1934.1000000000001
R004,CNO,T1_SD_CNO,2026_06_19_merged.mat,TEST,1,38704,12706,635.25,1935.15
R004,CNO,T1_SD_CNO,2026_06_19_merged.mat,TEST,4,38754,12756,637.75,1937.65
R004,CNO,T1_SD_CNO,2026_06_19_merged.mat,TEST,4,38755,12757,637.8000000000001,1937.7000000000003
R004,CNO,T1_SD_CNO,2026_06_19_merged.mat,TEST,4,38757,12759,637.9,1937.8000000000002
R004,CNO,T1_SD_CNO,2026_06_19_merged.mat,TEST,6,38769,12771,638.5,1938.4
R004,CNO,T1_SD_CNO,2026_06_19_merged.mat,TEST,6,38770,12772,638.5500000000001,1938.4500000000003
R004,CNO,T1_SD_CNO,2026_06_19_merged.mat,TEST,5,38832,12834,641.65,1941.5500000000002
R004,CNO,T1_SD_CNO,2026_06_19_merged.mat,TEST,4,38849,12851,642.5,1942.4
R004,CNO,T1_SD_CNO,2026_06_19_merged.mat,TEST,2,38907,12909,645.4,1945.3000000000002
R004,CNO,T1_SD_CNO,2026_06_19_merged.mat,TEST,2,38910,12912,645.5500000000001,1945.4500000000003
R004,CNO,T1_SD_CNO,2026_06_19_merged.mat,TEST,4,38925,12927,646.3000000000001,1946.2000000000003
R004,CNO,T1_SD_CNO,2026_06_19_merged.mat,TEST,4,38969,12971,648.5,1948.4
R004,CNO,T1_SD_CNO,2026_06_19_merged.mat,TEST,4,38970,12972,648.5500000000001,1948.4500000000003
R004,CNO,T1_SD_CNO,2026_06_19_merged.mat,TEST,4,38971,12973,648.6,1948.5
R004,CNO,T1_SD_CNO,2026_06_19_merged.mat,TEST,4,38972,12974,648.65,1948.5500000000002
R004,CNO,T1_SD_CNO,2026_06_19_merged.mat,TEST,4,38973,12975,648.7,1948.6000000000001
R004,CNO,T1_SD_CNO,2026_06_19_merged.mat,TEST,3,38975,12977,648.8000000000001,1948.7000000000003
R004,CNO,T1_SD_CNO,2026_06_19_merged.mat,OF2,2,39172,176,8.75,1958.5500000000002
R004,CNO,T1_SD_CNO,2026_06_19_merged.mat,OF2,2,39173,177,8.8,1958.6000000000001
R004,CNO,T1_SD_CNO,2026_06_19_merged.mat,OF2,2,39174,178,8.85,1958.65
R004,CNO,T1_SD_CNO,2026_06_19_merged.mat,OF2,2,39183,187,9.3,1959.1000000000001
R004,CNO,T1_SD_CNO,2026_06_19_merged.mat,OF2,2,39598,602,30.05,1979.8500000000001
R004,CNO,T1_SD_CNO,2026_06_19_merged.mat,OF2,2,39599,603,30.1,1979.9
R004,CNO,T1_SD_CNO,2026_06_19_merged.mat,OF2,2,39600,604,30.150000000000002,1979.9500000000003
R004,CNO,T1_SD_CNO,2026_06_19_merged.mat,OF2,2,39609,613,30.6,1980.4
R004,CNO,T1_SD_CNO,2026_06_19_merged.mat,OF2,2,39760,764,38.15,1987.9500000000003
R004,CNO,T1_SD_CNO,2026_06_19_merged.mat,OF2,1,40205,1209,60.400000000000006,2010.2000000000003
R004,CNO,T1_SD_CNO,2026_06_19_merged.mat,OF2,2,40271,1275,63.7,2013.5000000000002
R004,CNO,T1_SD_CNO,2026_06_19_merged.mat,OF2,2,40272,1276,63.75,2013.5500000000002
R004,CNO,T1_SD_CNO,2026_06_19_merged.mat,OF2,2,40274,1278,63.85,2013.65
R004,CNO,T1_SD_CNO,2026_06_19_merged.mat,OF2,2,40275,1279,63.900000000000006,2013.7000000000003
R004,CNO,T1_SD_CNO,2026_06_19_merged.mat,OF2,2,40276,1280,63.95,2013.7500000000002
R004,CNO,T1_SD_CNO,2026_06_19_merged.mat,OF2,6,40330,1334,66.65,2016.4500000000003
R004,CNO,T1_SD_CNO,2026_06_19_merged.mat,OF2,2,40345,1349,67.4,2017.2000000000003
R004,CNO,T1_SD_CNO,2026_06_19_merged.mat,OF2,2,40346,1350,67.45,2017.2500000000002
R004,CNO,T1_SD_CNO,2026_06_19_merged.mat,OF2,4,40447,1451,72.5,2022.3000000000002
R004,CNO,T1_SD_CNO,2026_06_19_merged.mat,OF2,4,40449,1453,72.60000000000001,2022.4
R004,CNO,T1_SD_CNO,2026_06_19_merged.mat,OF2,4,40450,1454,72.65,2022.4500000000003
R004,CNO,T1_SD_CNO,2026_06_19_merged.mat,OF2,5,40503,1507,75.3,2025.1000000000001
R004,CNO,T1_SD_CNO,2026_06_19_merged.mat,OF2,4,40650,1654,82.65,2032.4500000000003
R004,CNO,T1_SD_CNO,2026_06_19_merged.mat,OF2,2,40782,1786,89.25,2039.0500000000002
R004,CNO,T1_SD_CNO,2026_06_19_merged.mat,OF2,2,40785,1789,89.4,2039.2000000000003
R004,CNO,T1_SD_CNO,2026_06_19_merged.mat,OF2,2,40786,1790,89.45,2039.2500000000002
R004,CNO,T1_SD_CNO,2026_06_19_merged.mat,OF2,2,40788,1792,89.55000000000001,2039.3500000000001
R004,CNO,T1_SD_CNO,2026_06_19_merged.mat,OF2,2,40789,1793,89.60000000000001,2039.4
R004,CNO,T1_SD_CNO,2026_06_19_merged.mat,OF2,2,40795,1799,89.9,2039.7000000000003
R004,CNO,T1_SD_CNO,2026_06_19_merged.mat,OF2,2,40796,1800,89.95,2039.7500000000002
R004,CNO,T1_SD_CNO,2026_06_19_merged.mat,OF2,2,40797,1801,90.0,2039.8000000000002
R004,CNO,T1_SD_CNO,2026_06_19_merged.mat,OF2,2,40799,1803,90.10000000000001,2039.9
R004,CNO,T1_SD_CNO,2026_06_19_merged.mat,OF2,2,40800,1804,90.15,2039.9500000000003
R004,CNO,T1_SD_CNO,2026_06_19_merged.mat,OF2,3,40953,1957,97.80000000000001,2047.6000000000001
R004,CNO,T1_SD_CNO,2026_06_19_merged.mat,OF2,5,40970,1974,98.65,2048.4500000000003
R004,CNO,T1_SD_CNO,2026_06_19_merged.mat,OF2,4,40989,1993,99.60000000000001,2049.4
R004,CNO,T1_SD_CNO,2026_06_19_merged.mat,OF2,4,40990,1994,99.65,2049.4500000000003
R004,CNO,T1_SD_CNO,2026_06_19_merged.mat,OF2,4,40991,1995,99.7,2049.5
R004,CNO,T1_SD_CNO,2026_06_19_merged.mat,OF2,4,40992,1996,99.75,2049.55
R004,CNO,T1_SD_CNO,2026_06_19_merged.mat,OF2,4,40993,1997,99.80000000000001,2049.6000000000004
R004,CNO,T1_SD_CNO,2026_06_19_merged.mat,OF2,6,41032,2036,101.75,2051.55
R004,CNO,T1_SD_CNO,2026_06_19_merged.mat,OF2,6,41033,2037,101.80000000000001,2051.6000000000004
R004,CNO,T1_SD_CNO,2026_06_19_merged.mat,OF2,6,41034,2038,101.85000000000001,2051.65
R004,CNO,T1_SD_CNO,2026_06_19_merged.mat,OF2,1,41039,2043,102.10000000000001,2051.9
R004,CNO,T1_SD_CNO,2026_06_19_merged.mat,OF2,3,41185,2189,109.4,2059.2000000000003
R004,CNO,T1_SD_CNO,2026_06_19_merged.mat,OF2,5,41194,2198,109.85000000000001,2059.65
R004,CNO,T1_SD_CNO,2026_06_19_merged.mat,OF2,5,41195,2199,109.9,2059.7000000000003
R004,CNO,T1_SD_CNO,2026_06_19_merged.mat,OF2,3,41199,2203,110.10000000000001,2059.9
R004,CNO,T1_SD_CNO,2026_06_19_merged.mat,OF2,1,41251,2255,112.7,2062.5
R004,CNO,T1_SD_CNO,2026_06_19_merged.mat,OF2,5,41281,2285,114.2,2064.0
R004,CNO,T1_SD_CNO,2026_06_19_merged.mat,OF2,5,41282,2286,114.25,2064.05
R004,CNO,T1_SD_CNO,2026_06_19_merged.mat,OF2,5,41283,2287,114.30000000000001,2064.1000000000004
R004,CNO,T1_SD_CNO,2026_06_19_merged.mat,OF2,4,41309,2313,115.60000000000001,2065.4
R004,CNO,T1_SD_CNO,2026_06_19_merged.mat,OF2,3,41330,2334,116.65,2066.4500000000003
R004,CNO,T1_SD_CNO,2026_06_19_merged.mat,OF2,1,41353,2357,117.80000000000001,2067.6000000000004
R004,CNO,T1_SD_CNO,2026_06_19_merged.mat,OF2,4,41418,2422,121.05000000000001,2070.8500000000004
R004,CNO,T1_SD_CNO,2026_06_19_merged.mat,OF2,3,41432,2436,121.75,2071.55
R004,CNO,T1_SD_CNO,2026_06_19_merged.mat,OF2,5,41471,2475,123.7,2073.5
R004,CNO,T1_SD_CNO,2026_06_19_merged.mat,OF2,5,41472,2476,123.75,2073.55
R004,CNO,T1_SD_CNO,2026_06_19_merged.mat,OF2,6,41537,2541,127.0,2076.8
R004,CNO,T1_SD_CNO,2026_06_19_merged.mat,OF2,1,41553,2557,127.80000000000001,2077.6000000000004
R004,CNO,T1_SD_CNO,2026_06_19_merged.mat,OF2,1,41585,2589,129.4,2079.2000000000003
R004,CNO,T1_SD_CNO,2026_06_19_merged.mat,OF2,1,41720,2724,136.15,2085.9500000000003
R004,CNO,T1_SD_CNO,2026_06_19_merged.mat,OF2,1,41722,2726,136.25,2086.05
R004,CNO,T1_SD_CNO,2026_06_19_merged.mat,OF2,3,41724,2728,136.35,2086.15
R004,CNO,T1_SD_CNO,2026_06_19_merged.mat,OF2,2,41773,2777,138.8,2088.6000000000004
R004,CNO,T1_SD_CNO,2026_06_19_merged.mat,OF2,2,41774,2778,138.85,2088.65
R004,CNO,T1_SD_CNO,2026_06_19_merged.mat,OF2,1,41837,2841,142.0,2091.8
R004,CNO,T1_SD_CNO,2026_06_19_merged.mat,OF2,4,41849,2853,142.6,2092.4
R004,CNO,T1_SD_CNO,2026_06_19_merged.mat,OF2,3,41898,2902,145.05,2094.8500000000004
R004,CNO,T1_SD_CNO,2026_06_19_merged.mat,OF2,2,41912,2916,145.75,2095.55
R004,CNO,T1_SD_CNO,2026_06_19_merged.mat,OF2,2,41913,2917,145.8,2095.6000000000004
R004,CNO,T1_SD_CNO,2026_06_19_merged.mat,OF2,2,41914,2918,145.85,2095.65
R004,CNO,T1_SD_CNO,2026_06_19_merged.mat,OF2,3,41964,2968,148.35,2098.15
R004,CNO,T1_SD_CNO,2026_06_19_merged.mat,OF2,3,42055,3059,152.9,2102.7000000000003
R004,CNO,T1_SD_CNO,2026_06_19_merged.mat,OF2,4,42077,3081,154.0,2103.8
R004,CNO,T1_SD_CNO,2026_06_19_merged.mat,OF2,5,42097,3101,155.0,2104.8
R004,CNO,T1_SD_CNO,2026_06_19_merged.mat,OF2,5,42098,3102,155.05,2104.8500000000004
R004,CNO,T1_SD_CNO,2026_06_19_merged.mat,OF2,5,42099,3103,155.10000000000002,2104.9
R004,CNO,T1_SD_CNO,2026_06_19_merged.mat,OF2,1,42134,3138,156.85000000000002,2106.65
R004,CNO,T1_SD_CNO,2026_06_19_merged.mat,OF2,6,42156,3160,157.95000000000002,2107.75
R004,CNO,T1_SD_CNO,2026_06_19_merged.mat,OF2,6,42157,3161,158.0,2107.8
R004,CNO,T1_SD_CNO,2026_06_19_merged.mat,OF2,5,42250,3254,162.65,2112.4500000000003
R004,CNO,T1_SD_CNO,2026_06_19_merged.mat,OF2,5,42255,3259,162.9,2112.7000000000003
R004,CNO,T1_SD_CNO,2026_06_19_merged.mat,OF2,5,42256,3260,162.95000000000002,2112.75
R004,CNO,T1_SD_CNO,2026_06_19_merged.mat,OF2,6,42279,3283,164.10000000000002,2113.9
R004,CNO,T1_SD_CNO,2026_06_19_merged.mat,OF2,2,42284,3288,164.35000000000002,2114.15
R004,CNO,T1_SD_CNO,2026_06_19_merged.mat,OF2,2,42285,3289,164.4,2114.2000000000003
R004,CNO,T1_SD_CNO,2026_06_19_merged.mat,OF2,2,42288,3292,164.55,2114.3500000000004
R004,CNO,T1_SD_CNO,2026_06_19_merged.mat,OF2,2,42291,3295,164.70000000000002,2114.5
R004,CNO,T1_SD_CNO,2026_06_19_merged.mat,OF2,2,42292,3296,164.75,2114.55
R004,CNO,T1_SD_CNO,2026_06_19_merged.mat,OF2,2,42296,3300,164.95000000000002,2114.75
R004,CNO,T1_SD_CNO,2026_06_19_merged.mat,OF2,2,42299,3303,165.10000000000002,2114.9
R004,CNO,T1_SD_CNO,2026_06_19_merged.mat,OF2,3,42366,3370,168.45000000000002,2118.25
R004,CNO,T1_SD_CNO,2026_06_19_merged.mat,OF2,5,42431,3435,171.70000000000002,2121.5
R004,CNO,T1_SD_CNO,2026_06_19_merged.mat,OF2,2,42480,3484,174.15,2123.9500000000003
R004,CNO,T1_SD_CNO,2026_06_19_merged.mat,OF2,2,42481,3485,174.20000000000002,2124.0
R004,CNO,T1_SD_CNO,2026_06_19_merged.mat,OF2,2,42482,3486,174.25,2124.05
R004,CNO,T1_SD_CNO,2026_06_19_merged.mat,OF2,1,42569,3573,178.60000000000002,2128.4
R004,CNO,T1_SD_CNO,2026_06_19_merged.mat,OF2,4,42621,3625,181.20000000000002,2131.0
R004,CNO,T1_SD_CNO,2026_06_19_merged.mat,OF2,6,42663,3667,183.3,2133.1000000000004
R004,CNO,T1_SD_CNO,2026_06_19_merged.mat,OF2,6,42664,3668,183.35000000000002,2133.15
R004,CNO,T1_SD_CNO,2026_06_19_merged.mat,OF2,6,42665,3669,183.4,2133.2000000000003
R004,CNO,T1_SD_CNO,2026_06_19_merged.mat,OF2,6,42666,3670,183.45000000000002,2133.25
R004,CNO,T1_SD_CNO,2026_06_19_merged.mat,OF2,6,42667,3671,183.5,2133.3
R004,CNO,T1_SD_CNO,2026_06_19_merged.mat,OF2,3,42700,3704,185.15,2134.9500000000003
R004,CNO,T1_SD_CNO,2026_06_19_merged.mat,OF2,6,42722,3726,186.25,2136.05
R004,CNO,T1_SD_CNO,2026_06_19_merged.mat,OF2,4,42739,3743,187.10000000000002,2136.9
R004,CNO,T1_SD_CNO,2026_06_19_merged.mat,OF2,5,42859,3863,193.10000000000002,2142.9
R004,CNO,T1_SD_CNO,2026_06_19_merged.mat,OF2,5,42864,3868,193.35000000000002,2143.15
R004,CNO,T1_SD_CNO,2026_06_19_merged.mat,OF2,5,42880,3884,194.15,2143.9500000000003
R004,CNO,T1_SD_CNO,2026_06_19_merged.mat,OF2,3,42907,3911,195.5,2145.3
R004,CNO,T1_SD_CNO,2026_06_19_merged.mat,OF2,5,43013,4017,200.8,2150.6000000000004
R004,CNO,T1_SD_CNO,2026_06_19_merged.mat,OF2,5,43016,4020,200.95000000000002,2150.75
R004,CNO,T1_SD_CNO,2026_06_19_merged.mat,OF2,5,43017,4021,201.0,2150.8
R004,CNO,T1_SD_CNO,2026_06_19_merged.mat,OF2,5,43018,4022,201.05,2150.8500000000004
R004,CNO,T1_SD_CNO,2026_06_19_merged.mat,OF2,1,43048,4052,202.55,2152.3500000000004
R004,CNO,T1_SD_CNO,2026_06_19_merged.mat,OF2,2,43122,4126,206.25,2156.05
R004,CNO,T1_SD_CNO,2026_06_19_merged.mat,OF2,5,43123,4127,206.3,2156.1000000000004
R004,CNO,T1_SD_CNO,2026_06_19_merged.mat,OF2,2,43128,4132,206.55,2156.3500000000004
R004,CNO,T1_SD_CNO,2026_06_19_merged.mat,OF2,2,43130,4134,206.65,2156.4500000000003
R004,CNO,T1_SD_CNO,2026_06_19_merged.mat,OF2,2,43131,4135,206.70000000000002,2156.5
R004,CNO,T1_SD_CNO,2026_06_19_merged.mat,OF2,2,43135,4139,206.9,2156.7000000000003
R004,CNO,T1_SD_CNO,2026_06_19_merged.mat,OF2,2,43136,4140,206.95000000000002,2156.75
R004,CNO,T1_SD_CNO,2026_06_19_merged.mat,OF2,2,43137,4141,207.0,2156.8
R004,CNO,T1_SD_CNO,2026_06_19_merged.mat,OF2,5,43142,4146,207.25,2157.05
R004,CNO,T1_SD_CNO,2026_06_19_merged.mat,OF2,3,43169,4173,208.60000000000002,2158.4
R004,CNO,T1_SD_CNO,2026_06_19_merged.mat,OF2,3,43231,4235,211.70000000000002,2161.5
R004,CNO,T1_SD_CNO,2026_06_19_merged.mat,OF2,3,43271,4275,213.70000000000002,2163.5
R004,CNO,T1_SD_CNO,2026_06_19_merged.mat,OF2,5,43282,4286,214.25,2164.05
R004,CNO,T1_SD_CNO,2026_06_19_merged.mat,OF2,5,43283,4287,214.3,2164.1000000000004
R004,CNO,T1_SD_CNO,2026_06_19_merged.mat,OF2,5,43284,4288,214.35000000000002,2164.15
R004,CNO,T1_SD_CNO,2026_06_19_merged.mat,OF2,2,43298,4302,215.05,2164.8500000000004
R004,CNO,T1_SD_CNO,2026_06_19_merged.mat,OF2,3,43304,4308,215.35000000000002,2165.15
R004,CNO,T1_SD_CNO,2026_06_19_merged.mat,OF2,5,43322,4326,216.25,2166.05
R004,CNO,T1_SD_CNO,2026_06_19_merged.mat,OF2,5,43323,4327,216.3,2166.1000000000004
R004,CNO,T1_SD_CNO,2026_06_19_merged.mat,OF2,5,43324,4328,216.35000000000002,2166.15
R004,CNO,T1_SD_CNO,2026_06_19_merged.mat,OF2,5,43325,4329,216.4,2166.2000000000003
R004,CNO,T1_SD_CNO,2026_06_19_merged.mat,OF2,3,43345,4349,217.4,2167.2000000000003
R004,CNO,T1_SD_CNO,2026_06_19_merged.mat,OF2,3,43346,4350,217.45000000000002,2167.25
R004,CNO,T1_SD_CNO,2026_06_19_merged.mat,OF2,2,43388,4392,219.55,2169.3500000000004
R004,CNO,T1_SD_CNO,2026_06_19_merged.mat,OF2,6,43402,4406,220.25,2170.05
R004,CNO,T1_SD_CNO,2026_06_19_merged.mat,OF2,5,43417,4421,221.0,2170.8
R004,CNO,T1_SD_CNO,2026_06_19_merged.mat,OF2,5,43420,4424,221.15,2170.9500000000003
R004,CNO,T1_SD_CNO,2026_06_19_merged.mat,OF2,5,43421,4425,221.20000000000002,2171.0
R004,CNO,T1_SD_CNO,2026_06_19_merged.mat,OF2,4,43464,4468,223.35000000000002,2173.15
R004,CNO,T1_SD_CNO,2026_06_19_merged.mat,OF2,4,43479,4483,224.10000000000002,2173.9
R004,CNO,T1_SD_CNO,2026_06_19_merged.mat,OF2,1,43485,4489,224.4,2174.2000000000003
R004,CNO,T1_SD_CNO,2026_06_19_merged.mat,OF2,1,43486,4490,224.45000000000002,2174.25
R004,CNO,T1_SD_CNO,2026_06_19_merged.mat,OF2,3,43593,4597,229.8,2179.6000000000004
R004,CNO,T1_SD_CNO,2026_06_19_merged.mat,OF2,3,43594,4598,229.85000000000002,2179.65
R004,CNO,T1_SD_CNO,2026_06_19_merged.mat,OF2,3,43639,4643,232.10000000000002,2181.9
R004,CNO,T1_SD_CNO,2026_06_19_merged.mat,OF2,4,43664,4668,233.35000000000002,2183.15
R004,CNO,T1_SD_CNO,2026_06_19_merged.mat,OF2,4,43665,4669,233.4,2183.2000000000003
R004,CNO,T1_SD_CNO,2026_06_19_merged.mat,OF2,4,43666,4670,233.45000000000002,2183.25
R004,CNO,T1_SD_CNO,2026_06_19_merged.mat,OF2,3,43696,4700,234.95000000000002,2184.75
R004,CNO,T1_SD_CNO,2026_06_19_merged.mat,OF2,6,43713,4717,235.8,2185.6000000000004
R004,CNO,T1_SD_CNO,2026_06_19_merged.mat,OF2,3,43755,4759,237.9,2187.7000000000003
R004,CNO,T1_SD_CNO,2026_06_19_merged.mat,OF2,3,43795,4799,239.9,2189.7000000000003
R004,CNO,T1_SD_CNO,2026_06_19_merged.mat,OF2,3,43796,4800,239.95000000000002,2189.75
R004,CNO,T1_SD_CNO,2026_06_19_merged.mat,OF2,3,43809,4813,240.60000000000002,2190.4
R004,CNO,T1_SD_CNO,2026_06_19_merged.mat,OF2,1,43848,4852,242.55,2192.3500000000004
R004,CNO,T1_SD_CNO,2026_06_19_merged.mat,OF2,1,43911,4915,245.70000000000002,2195.5
R004,CNO,T1_SD_CNO,2026_06_19_merged.mat,OF2,3,43929,4933,246.60000000000002,2196.4
R004,CNO,T1_SD_CNO,2026_06_19_merged.mat,OF2,1,43932,4936,246.75,2196.55
R004,CNO,T1_SD_CNO,2026_06_19_merged.mat,OF2,5,43934,4938,246.85000000000002,2196.65
R004,CNO,T1_SD_CNO,2026_06_19_merged.mat,OF2,2,43942,4946,247.25,2197.05
R004,CNO,T1_SD_CNO,2026_06_19_merged.mat,OF2,2,43943,4947,247.3,2197.1000000000004
R004,CNO,T1_SD_CNO,2026_06_19_merged.mat,OF2,2,43944,4948,247.35000000000002,2197.15
R004,CNO,T1_SD_CNO,2026_06_19_merged.mat,OF2,2,43946,4950,247.45000000000002,2197.25
R004,CNO,T1_SD_CNO,2026_06_19_merged.mat,OF2,2,43947,4951,247.5,2197.3
R004,CNO,T1_SD_CNO,2026_06_19_merged.mat,OF2,2,43948,4952,247.55,2197.3500000000004
R004,CNO,T1_SD_CNO,2026_06_19_merged.mat,OF2,2,43949,4953,247.60000000000002,2197.4
R004,CNO,T1_SD_CNO,2026_06_19_merged.mat,OF2,2,43950,4954,247.65,2197.4500000000003
R004,CNO,T1_SD_CNO,2026_06_19_merged.mat,OF2,2,43951,4955,247.70000000000002,2197.5
R004,CNO,T1_SD_CNO,2026_06_19_merged.mat,OF2,4,44002,5006,250.25,2200.05
R004,CNO,T1_SD_CNO,2026_06_19_merged.mat,OF2,4,44016,5020,250.95000000000002,2200.75
R004,CNO,T1_SD_CNO,2026_06_19_merged.mat,OF2,4,44072,5076,253.75,2203.55
R004,CNO,T1_SD_CNO,2026_06_19_merged.mat,OF2,4,44073,5077,253.8,2203.6000000000004
R004,CNO,T1_SD_CNO,2026_06_19_merged.mat,OF2,1,44126,5130,256.45,2206.25
R004,CNO,T1_SD_CNO,2026_06_19_merged.mat,OF2,1,44127,5131,256.5,2206.3
R004,CNO,T1_SD_CNO,2026_06_19_merged.mat,OF2,4,44158,5162,258.05,2207.8500000000004
R004,CNO,T1_SD_CNO,2026_06_19_merged.mat,OF2,4,44159,5163,258.1,2207.9
R004,CNO,T1_SD_CNO,2026_06_19_merged.mat,OF2,4,44160,5164,258.15000000000003,2207.9500000000003
R004,CNO,T1_SD_CNO,2026_06_19_merged.mat,OF2,4,44161,5165,258.2,2208.0
R004,CNO,T1_SD_CNO,2026_06_19_merged.mat,OF2,3,44176,5180,258.95,2208.75
R004,CNO,T1_SD_CNO,2026_06_19_merged.mat,OF2,1,44282,5286,264.25,2214.05
R004,CNO,T1_SD_CNO,2026_06_19_merged.mat,OF2,1,44283,5287,264.3,2214.1000000000004
R004,CNO,T1_SD_CNO,2026_06_19_merged.mat,OF2,3,44287,5291,264.5,2214.3
R004,CNO,T1_SD_CNO,2026_06_19_merged.mat,OF2,3,44288,5292,264.55,2214.3500000000004
R004,CNO,T1_SD_CNO,2026_06_19_merged.mat,OF2,3,44331,5335,266.7,2216.5
R004,CNO,T1_SD_CNO,2026_06_19_merged.mat,OF2,3,44419,5423,271.1,2220.9
R004,CNO,T1_SD_CNO,2026_06_19_merged.mat,OF2,3,44420,5424,271.15000000000003,2220.9500000000003
R004,CNO,T1_SD_CNO,2026_06_19_merged.mat,OF2,3,44421,5425,271.2,2221.0
R004,CNO,T1_SD_CNO,2026_06_19_merged.mat,OF2,6,44492,5496,274.75,2224.55
R004,CNO,T1_SD_CNO,2026_06_19_merged.mat,OF2,6,44493,5497,274.8,2224.6000000000004
R004,CNO,T1_SD_CNO,2026_06_19_merged.mat,OF2,2,44494,5498,274.85,2224.65
R004,CNO,T1_SD_CNO,2026_06_19_merged.mat,OF2,2,44497,5501,275.0,2224.8
R004,CNO,T1_SD_CNO,2026_06_19_merged.mat,OF2,4,44512,5516,275.75,2225.55
R004,CNO,T1_SD_CNO,2026_06_19_merged.mat,OF2,1,44534,5538,276.85,2226.65
R004,CNO,T1_SD_CNO,2026_06_19_merged.mat,OF2,3,44539,5543,277.1,2226.9
R004,CNO,T1_SD_CNO,2026_06_19_merged.mat,OF2,3,44563,5567,278.3,2228.1000000000004
R004,CNO,T1_SD_CNO,2026_06_19_merged.mat,OF2,3,44565,5569,278.40000000000003,2228.2000000000003
R004,CNO,T1_SD_CNO,2026_06_19_merged.mat,OF2,1,44590,5594,279.65000000000003,2229.4500000000003
R004,CNO,T1_SD_CNO,2026_06_19_merged.mat,OF2,1,44608,5612,280.55,2230.3500000000004
R004,CNO,T1_SD_CNO,2026_06_19_merged.mat,OF2,6,44627,5631,281.5,2231.3
R004,CNO,T1_SD_CNO,2026_06_19_merged.mat,OF2,2,44636,5640,281.95,2231.75
R004,CNO,T1_SD_CNO,2026_06_19_merged.mat,OF2,2,44637,5641,282.0,2231.8
R004,CNO,T1_SD_CNO,2026_06_19_merged.mat,OF2,2,44638,5642,282.05,2231.8500000000004
R004,CNO,T1_SD_CNO,2026_06_19_merged.mat,OF2,1,44639,5643,282.1,2231.9
R004,CNO,T1_SD_CNO,2026_06_19_merged.mat,OF2,1,44640,5644,282.15000000000003,2231.9500000000003
R004,CNO,T1_SD_CNO,2026_06_19_merged.mat,OF2,3,44742,5746,287.25,2237.05
R004,CNO,T1_SD_CNO,2026_06_19_merged.mat,OF2,3,44783,5787,289.3,2239.1000000000004
R004,CNO,T1_SD_CNO,2026_06_19_merged.mat,OF2,3,44784,5788,289.35,2239.15
R004,CNO,T1_SD_CNO,2026_06_19_merged.mat,OF2,3,44861,5865,293.2,2243.0
R004,CNO,T1_SD_CNO,2026_06_19_merged.mat,OF2,1,44865,5869,293.40000000000003,2243.2000000000003
R004,CNO,T1_SD_CNO,2026_06_19_merged.mat,OF2,5,44938,5942,297.05,2246.8500000000004
R004,CNO,T1_SD_CNO,2026_06_19_merged.mat,OF2,1,44950,5954,297.65000000000003,2247.4500000000003
R004,CNO,T1_SD_CNO,2026_06_19_merged.mat,OF2,3,44980,5984,299.15000000000003,2248.9500000000003
R004,CNO,T1_SD_CNO,2026_06_19_merged.mat,OF2,5,44993,5997,299.8,2249.6000000000004
R004,CNO,T1_SD_CNO,2026_06_19_merged.mat,OF2,1,45056,6060,302.95,2252.75
R004,CNO,T1_SD_CNO,2026_06_19_merged.mat,OF2,2,45071,6075,303.7,2253.5
R004,CNO,T1_SD_CNO,2026_06_19_merged.mat,OF2,5,45084,6088,304.35,2254.15
R004,CNO,T1_SD_CNO,2026_06_19_merged.mat,OF2,5,45085,6089,304.40000000000003,2254.2000000000003
R004,CNO,T1_SD_CNO,2026_06_19_merged.mat,OF2,5,45088,6092,304.55,2254.3500000000004
R004,CNO,T1_SD_CNO,2026_06_19_merged.mat,OF2,3,45096,6100,304.95,2254.75
R004,CNO,T1_SD_CNO,2026_06_19_merged.mat,OF2,3,45109,6113,305.6,2255.4
R004,CNO,T1_SD_CNO,2026_06_19_merged.mat,OF2,5,45134,6138,306.85,2256.65
R004,CNO,T1_SD_CNO,2026_06_19_merged.mat,OF2,5,45136,6140,306.95,2256.75
R004,CNO,T1_SD_CNO,2026_06_19_merged.mat,OF2,6,45141,6145,307.20000000000005,2257.0
R004,CNO,T1_SD_CNO,2026_06_19_merged.mat,OF2,6,45152,6156,307.75,2257.55
R004,CNO,T1_SD_CNO,2026_06_19_merged.mat,OF2,6,45154,6158,307.85,2257.65
R004,CNO,T1_SD_CNO,2026_06_19_merged.mat,OF2,6,45155,6159,307.90000000000003,2257.7000000000003
R004,CNO,T1_SD_CNO,2026_06_19_merged.mat,OF2,5,45181,6185,309.20000000000005,2259.0
R004,CNO,T1_SD_CNO,2026_06_19_merged.mat,OF2,1,45233,6237,311.8,2261.6000000000004
R004,CNO,T1_SD_CNO,2026_06_19_merged.mat,OF2,3,45239,6243,312.1,2261.9
R004,CNO,T1_SD_CNO,2026_06_19_merged.mat,OF2,5,45242,6246,312.25,2262.05
R004,CNO,T1_SD_CNO,2026_06_19_merged.mat,OF2,5,45244,6248,312.35,2262.15
R004,CNO,T1_SD_CNO,2026_06_19_merged.mat,OF2,5,45247,6251,312.5,2262.3
R004,CNO,T1_SD_CNO,2026_06_19_merged.mat,OF2,5,45249,6253,312.6,2262.4
R004,CNO,T1_SD_CNO,2026_06_19_merged.mat,OF2,3,45293,6297,314.8,2264.6000000000004
R004,CNO,T1_SD_CNO,2026_06_19_merged.mat,OF2,4,45305,6309,315.40000000000003,2265.2000000000003
R004,CNO,T1_SD_CNO,2026_06_19_merged.mat,OF2,2,45317,6321,316.0,2265.8
R004,CNO,T1_SD_CNO,2026_06_19_merged.mat,OF2,2,45321,6325,316.20000000000005,2266.0
R004,CNO,T1_SD_CNO,2026_06_19_merged.mat,OF2,2,45322,6326,316.25,2266.05
R004,CNO,T1_SD_CNO,2026_06_19_merged.mat,OF2,5,45332,6336,316.75,2266.55
R004,CNO,T1_SD_CNO,2026_06_19_merged.mat,OF2,5,45333,6337,316.8,2266.6000000000004
R004,CNO,T1_SD_CNO,2026_06_19_merged.mat,OF2,3,45401,6405,320.20000000000005,2270.0
R004,CNO,T1_SD_CNO,2026_06_19_merged.mat,OF2,6,45409,6413,320.6,2270.4
R004,CNO,T1_SD_CNO,2026_06_19_merged.mat,OF2,6,45416,6420,320.95000000000005,2270.75
R004,CNO,T1_SD_CNO,2026_06_19_merged.mat,OF2,6,45419,6423,321.1,2270.9
R004,CNO,T1_SD_CNO,2026_06_19_merged.mat,OF2,1,45435,6439,321.90000000000003,2271.7000000000003
R004,CNO,T1_SD_CNO,2026_06_19_merged.mat,OF2,3,45449,6453,322.6,2272.4
R004,CNO,T1_SD_CNO,2026_06_19_merged.mat,OF2,5,45520,6524,326.1500000000001,2275.9500000000003
R004,CNO,T1_SD_CNO,2026_06_19_merged.mat,OF2,6,45525,6529,326.4000000000001,2276.2000000000003
R004,CNO,T1_SD_CNO,2026_06_19_merged.mat,OF2,6,45526,6530,326.45000000000005,2276.25
R004,CNO,T1_SD_CNO,2026_06_19_merged.mat,OF2,6,45527,6531,326.50000000000006,2276.3
R004,CNO,T1_SD_CNO,2026_06_19_merged.mat,OF2,6,45528,6532,326.55000000000007,2276.3500000000004
R004,CNO,T1_SD_CNO,2026_06_19_merged.mat,OF2,2,45599,6603,330.1000000000001,2279.9
R004,CNO,T1_SD_CNO,2026_06_19_merged.mat,OF2,5,45617,6621,331.00000000000006,2280.8
R004,CNO,T1_SD_CNO,2026_06_19_merged.mat,OF2,6,45620,6624,331.1500000000001,2280.9500000000003
R004,CNO,T1_SD_CNO,2026_06_19_merged.mat,OF2,1,45623,6627,331.30000000000007,2281.1000000000004
R004,CNO,T1_SD_CNO,2026_06_19_merged.mat,OF2,1,45625,6629,331.4000000000001,2281.2000000000003
R004,CNO,T1_SD_CNO,2026_06_19_merged.mat,OF2,3,45693,6697,334.80000000000007,2284.6000000000004
R004,CNO,T1_SD_CNO,2026_06_19_merged.mat,OF2,3,45703,6707,335.30000000000007,2285.1000000000004
R004,CNO,T1_SD_CNO,2026_06_19_merged.mat,OF2,3,45704,6708,335.3500000000001,2285.15
R004,CNO,T1_SD_CNO,2026_06_19_merged.mat,OF2,1,45714,6718,335.8500000000001,2285.65
R004,CNO,T1_SD_CNO,2026_06_19_merged.mat,OF2,1,45753,6757,337.80000000000007,2287.6000000000004
R004,CNO,T1_SD_CNO,2026_06_19_merged.mat,OF2,6,45803,6807,340.30000000000007,2290.1000000000004
R004,CNO,T1_SD_CNO,2026_06_19_merged.mat,OF2,6,45804,6808,340.3500000000001,2290.15
R004,CNO,T1_SD_CNO,2026_06_19_merged.mat,OF2,2,45871,6875,343.7000000000001,2293.5000000000005
R004,CNO,T1_SD_CNO,2026_06_19_merged.mat,OF2,2,45872,6876,343.75000000000006,2293.55
R004,CNO,T1_SD_CNO,2026_06_19_merged.mat,OF2,2,45875,6879,343.9000000000001,2293.7000000000003
R004,CNO,T1_SD_CNO,2026_06_19_merged.mat,OF2,2,45876,6880,343.9500000000001,2293.7500000000005
R004,CNO,T1_SD_CNO,2026_06_19_merged.mat,OF2,2,45877,6881,344.00000000000006,2293.8
R004,CNO,T1_SD_CNO,2026_06_19_merged.mat,OF2,2,45878,6882,344.05000000000007,2293.8500000000004
R004,CNO,T1_SD_CNO,2026_06_19_merged.mat,OF2,1,45884,6888,344.3500000000001,2294.15
R004,CNO,T1_SD_CNO,2026_06_19_merged.mat,OF2,2,45937,6941,347.00000000000006,2296.8
R004,CNO,T1_SD_CNO,2026_06_19_merged.mat,OF2,3,46002,7006,350.25000000000006,2300.05
R004,CNO,T1_SD_CNO,2026_06_19_merged.mat,OF2,5,46015,7019,350.9000000000001,2300.7000000000003
R004,CNO,T1_SD_CNO,2026_06_19_merged.mat,OF2,3,46095,7099,354.9000000000001,2304.7000000000003
R004,CNO,T1_SD_CNO,2026_06_19_merged.mat,OF2,4,46098,7102,355.05000000000007,2304.8500000000004
R004,CNO,T1_SD_CNO,2026_06_19_merged.mat,OF2,4,46099,7103,355.1000000000001,2304.9
R004,CNO,T1_SD_CNO,2026_06_19_merged.mat,OF2,6,46144,7148,357.3500000000001,2307.15
R004,CNO,T1_SD_CNO,2026_06_19_merged.mat,OF2,4,46149,7153,357.6000000000001,2307.4
R004,CNO,T1_SD_CNO,2026_06_19_merged.mat,OF2,4,46150,7154,357.6500000000001,2307.4500000000003
R004,CNO,T1_SD_CNO,2026_06_19_merged.mat,OF2,4,46151,7155,357.7000000000001,2307.5000000000005
R004,CNO,T1_SD_CNO,2026_06_19_merged.mat,OF2,6,46179,7183,359.1000000000001,2308.9
R004,CNO,T1_SD_CNO,2026_06_19_merged.mat,OF2,4,46200,7204,360.1500000000001,2309.9500000000003
R004,CNO,T1_SD_CNO,2026_06_19_merged.mat,OF2,4,46204,7208,360.3500000000001,2310.15
R004,CNO,T1_SD_CNO,2026_06_19_merged.mat,OF2,4,46205,7209,360.4000000000001,2310.2000000000003
R004,CNO,T1_SD_CNO,2026_06_19_merged.mat,OF2,4,46206,7210,360.4500000000001,2310.2500000000005
R004,CNO,T1_SD_CNO,2026_06_19_merged.mat,OF2,4,46207,7211,360.50000000000006,2310.3
R004,CNO,T1_SD_CNO,2026_06_19_merged.mat,OF2,4,46279,7283,364.1000000000001,2313.9
R004,CNO,T1_SD_CNO,2026_06_19_merged.mat,OF2,4,46281,7285,364.2000000000001,2314.0000000000005
R004,CNO,T1_SD_CNO,2026_06_19_merged.mat,OF2,4,46282,7286,364.25000000000006,2314.05
R004,CNO,T1_SD_CNO,2026_06_19_merged.mat,OF2,6,46296,7300,364.9500000000001,2314.7500000000005
R004,CNO,T1_SD_CNO,2026_06_19_merged.mat,OF2,6,46297,7301,365.00000000000006,2314.8
R004,CNO,T1_SD_CNO,2026_06_19_merged.mat,OF2,4,46312,7316,365.75000000000006,2315.55
R004,CNO,T1_SD_CNO,2026_06_19_merged.mat,OF2,4,46314,7318,365.8500000000001,2315.65
R004,CNO,T1_SD_CNO,2026_06_19_merged.mat,OF2,4,46343,7347,367.30000000000007,2317.1000000000004
R004,CNO,T1_SD_CNO,2026_06_19_merged.mat,OF2,4,46345,7349,367.4000000000001,2317.2000000000003
R004,CNO,T1_SD_CNO,2026_06_19_merged.mat,OF2,4,46408,7412,370.55000000000007,2320.3500000000004
R004,CNO,T1_SD_CNO,2026_06_19_merged.mat,OF2,5,46503,7507,375.30000000000007,2325.1000000000004
R004,CNO,T1_SD_CNO,2026_06_19_merged.mat,OF2,5,46505,7509,375.4000000000001,2325.2000000000003
R004,CNO,T1_SD_CNO,2026_06_19_merged.mat,OF2,1,46529,7533,376.6000000000001,2326.4
R004,CNO,T1_SD_CNO,2026_06_19_merged.mat,OF2,4,46579,7583,379.1000000000001,2328.9
R004,CNO,T1_SD_CNO,2026_06_19_merged.mat,OF2,1,46627,7631,381.50000000000006,2331.3
R004,CNO,T1_SD_CNO,2026_06_19_merged.mat,OF2,1,46704,7708,385.3500000000001,2335.15
R004,CNO,T1_SD_CNO,2026_06_19_merged.mat,OF2,5,46772,7776,388.75000000000006,2338.55
R004,CNO,T1_SD_CNO,2026_06_19_merged.mat,OF2,5,46773,7777,388.80000000000007,2338.6000000000004
R004,CNO,T1_SD_CNO,2026_06_19_merged.mat,OF2,5,46774,7778,388.8500000000001,2338.65
R004,CNO,T1_SD_CNO,2026_06_19_merged.mat,OF2,5,46775,7779,388.9000000000001,2338.7000000000003
R004,CNO,T1_SD_CNO,2026_06_19_merged.mat,OF2,1,46781,7785,389.2000000000001,2339.0000000000005
R004,CNO,T1_SD_CNO,2026_06_19_merged.mat,OF2,3,46853,7857,392.80000000000007,2342.6000000000004
R004,CNO,T1_SD_CNO,2026_06_19_merged.mat,OF2,1,46886,7890,394.45000000000005,2344.25
R004,CNO,T1_SD_CNO,2026_06_19_merged.mat,OF2,1,46946,7950,397.45000000000005,2347.25
R004,CNO,T1_SD_CNO,2026_06_19_merged.mat,OF2,1,46947,7951,397.5000000000001,2347.3
R004,CNO,T1_SD_CNO,2026_06_19_merged.mat,OF2,5,47036,8040,401.95000000000005,2351.75
R004,CNO,T1_SD_CNO,2026_06_19_merged.mat,OF2,3,47039,8043,402.1000000000001,2351.9
R004,CNO,T1_SD_CNO,2026_06_19_merged.mat,OF2,3,47040,8044,402.1500000000001,2351.9500000000003
R004,CNO,T1_SD_CNO,2026_06_19_merged.mat,OF2,6,47057,8061,403.0000000000001,2352.8
R004,CNO,T1_SD_CNO,2026_06_19_merged.mat,OF2,6,47058,8062,403.05000000000007,2352.8500000000004
R004,CNO,T1_SD_CNO,2026_06_19_merged.mat,OF2,6,47059,8063,403.1000000000001,2352.9
R004,CNO,T1_SD_CNO,2026_06_19_merged.mat,OF2,5,47067,8071,403.5000000000001,2353.3
R004,CNO,T1_SD_CNO,2026_06_19_merged.mat,OF2,3,47103,8107,405.30000000000007,2355.1000000000004
R004,CNO,T1_SD_CNO,2026_06_19_merged.mat,OF2,3,47104,8108,405.3500000000001,2355.15
R004,CNO,T1_SD_CNO,2026_06_19_merged.mat,OF2,1,47111,8115,405.70000000000005,2355.5
R004,CNO,T1_SD_CNO,2026_06_19_merged.mat,OF2,3,47127,8131,406.5000000000001,2356.3
R004,CNO,T1_SD_CNO,2026_06_19_merged.mat,OF2,2,47163,8167,408.30000000000007,2358.1000000000004
R004,CNO,T1_SD_CNO,2026_06_19_merged.mat,OF2,2,47171,8175,408.70000000000005,2358.5
R004,CNO,T1_SD_CNO,2026_06_19_merged.mat,OF2,2,47172,8176,408.7500000000001,2358.55
R004,CNO,T1_SD_CNO,2026_06_19_merged.mat,OF2,2,47173,8177,408.80000000000007,2358.6000000000004
R004,CNO,T1_SD_CNO,2026_06_19_merged.mat,OF2,2,47174,8178,408.8500000000001,2358.65
R004,CNO,T1_SD_CNO,2026_06_19_merged.mat,OF2,2,47175,8179,408.9000000000001,2358.7000000000003
R004,CNO,T1_SD_CNO,2026_06_19_merged.mat,OF2,3,47222,8226,411.2500000000001,2361.05
R004,CNO,T1_SD_CNO,2026_06_19_merged.mat,OF2,2,47231,8235,411.70000000000005,2361.5
R004,CNO,T1_SD_CNO,2026_06_19_merged.mat,OF2,2,47233,8237,411.80000000000007,2361.6000000000004
R004,CNO,T1_SD_CNO,2026_06_19_merged.mat,OF2,1,47251,8255,412.70000000000005,2362.5
R004,CNO,T1_SD_CNO,2026_06_19_merged.mat,OF2,1,47440,8444,422.1500000000001,2371.9500000000003
R004,CNO,T1_SD_CNO,2026_06_19_merged.mat,OF2,1,47441,8445,422.20000000000005,2372.0
R004,CNO,T1_SD_CNO,2026_06_19_merged.mat,OF2,1,47460,8464,423.1500000000001,2372.9500000000003
R004,CNO,T1_SD_CNO,2026_06_19_merged.mat,OF2,1,47461,8465,423.20000000000005,2373.0
R004,CNO,T1_SD_CNO,2026_06_19_merged.mat,OF2,2,47480,8484,424.1500000000001,2373.9500000000003
R004,CNO,T1_SD_CNO,2026_06_19_merged.mat,OF2,3,47539,8543,427.1000000000001,2376.9
R004,CNO,T1_SD_CNO,2026_06_19_merged.mat,OF2,3,47597,8601,430.0000000000001,2379.8
R004,CNO,T1_SD_CNO,2026_06_19_merged.mat,OF2,3,47599,8603,430.1000000000001,2379.9
R004,CNO,T1_SD_CNO,2026_06_19_merged.mat,OF2,4,47611,8615,430.70000000000005,2380.5
R004,CNO,T1_SD_CNO,2026_06_19_merged.mat,OF2,2,47613,8617,430.80000000000007,2380.6000000000004
R004,CNO,T1_SD_CNO,2026_06_19_merged.mat,OF2,2,47614,8618,430.8500000000001,2380.65
R004,CNO,T1_SD_CNO,2026_06_19_merged.mat,OF2,5,47636,8640,431.95000000000005,2381.75
R004,CNO,T1_SD_CNO,2026_06_19_merged.mat,OF2,3,47658,8662,433.05000000000007,2382.8500000000004
R004,CNO,T1_SD_CNO,2026_06_19_merged.mat,OF2,3,47661,8665,433.20000000000005,2383.0
R004,CNO,T1_SD_CNO,2026_06_19_merged.mat,OF2,2,47670,8674,433.6500000000001,2383.4500000000003
R004,CNO,T1_SD_CNO,2026_06_19_merged.mat,OF2,2,47671,8675,433.70000000000005,2383.5
R004,CNO,T1_SD_CNO,2026_06_19_merged.mat,OF2,2,47672,8676,433.7500000000001,2383.55
R004,CNO,T1_SD_CNO,2026_06_19_merged.mat,OF2,4,47696,8700,434.95000000000005,2384.75
R004,CNO,T1_SD_CNO,2026_06_19_merged.mat,OF2,4,47697,8701,435.0000000000001,2384.8
R004,CNO,T1_SD_CNO,2026_06_19_merged.mat,OF2,4,47698,8702,435.05000000000007,2384.8500000000004
R004,CNO,T1_SD_CNO,2026_06_19_merged.mat,OF2,5,47757,8761,438.0000000000001,2387.8
R004,CNO,T1_SD_CNO,2026_06_19_merged.mat,OF2,5,47758,8762,438.05000000000007,2387.8500000000004
R004,CNO,T1_SD_CNO,2026_06_19_merged.mat,OF2,5,47759,8763,438.1000000000001,2387.9
R004,CNO,T1_SD_CNO,2026_06_19_merged.mat,OF2,5,47760,8764,438.1500000000001,2387.9500000000003
R004,CNO,T1_SD_CNO,2026_06_19_merged.mat,OF2,3,47791,8795,439.70000000000005,2389.5
R004,CNO,T1_SD_CNO,2026_06_19_merged.mat,OF2,1,47832,8836,441.7500000000001,2391.55
R004,CNO,T1_SD_CNO,2026_06_19_merged.mat,OF2,1,47833,8837,441.80000000000007,2391.6000000000004
R004,CNO,T1_SD_CNO,2026_06_19_merged.mat,OF2,3,47844,8848,442.3500000000001,2392.15
R004,CNO,T1_SD_CNO,2026_06_19_merged.mat,OF2,5,47866,8870,443.45000000000005,2393.25
R004,CNO,T1_SD_CNO,2026_06_19_merged.mat,OF2,5,47867,8871,443.5000000000001,2393.3
R004,CNO,T1_SD_CNO,2026_06_19_merged.mat,OF2,5,47870,8874,443.6500000000001,2393.4500000000003
R004,CNO,T1_SD_CNO,2026_06_19_merged.mat,OF2,5,47873,8877,443.80000000000007,2393.6000000000004
R004,CNO,T1_SD_CNO,2026_06_19_merged.mat,OF2,3,47909,8913,445.6000000000001,2395.4
R004,CNO,T1_SD_CNO,2026_06_19_merged.mat,OF2,1,47917,8921,446.0000000000001,2395.8
R004,CNO,T1_SD_CNO,2026_06_19_merged.mat,OF2,4,47920,8924,446.1500000000001,2395.9500000000003
R004,CNO,T1_SD_CNO,2026_06_19_merged.mat,OF2,4,47921,8925,446.20000000000005,2396.0
R004,CNO,T1_SD_CNO,2026_06_19_merged.mat,OF2,4,47922,8926,446.2500000000001,2396.05
R004,CNO,T1_SD_CNO,2026_06_19_merged.mat,OF2,4,47937,8941,447.0000000000001,2396.8
R004,CNO,T1_SD_CNO,2026_06_19_merged.mat,OF2,4,47939,8943,447.1000000000001,2396.9
R004,CNO,T1_SD_CNO,2026_06_19_merged.mat,OF2,4,47940,8944,447.1500000000001,2396.9500000000003
R004,CNO,T1_SD_CNO,2026_06_19_merged.mat,OF2,5,47956,8960,447.95000000000005,2397.75
R004,CNO,T1_SD_CNO,2026_06_19_merged.mat,OF2,5,47957,8961,448.0000000000001,2397.8
R004,CNO,T1_SD_CNO,2026_06_19_merged.mat,OF2,5,47958,8962,448.05000000000007,2397.8500000000004
R004,CNO,T1_SD_CNO,2026_06_19_merged.mat,OF2,5,47959,8963,448.1000000000001,2397.9
R004,CNO,T1_SD_CNO,2026_06_19_merged.mat,OF2,1,47967,8971,448.5000000000001,2398.3
R004,CNO,T1_SD_CNO,2026_06_19_merged.mat,OF2,4,47982,8986,449.2500000000001,2399.05
R004,CNO,T1_SD_CNO,2026_06_19_merged.mat,OF2,5,48009,9013,450.6000000000001,2400.4
R004,CNO,T1_SD_CNO,2026_06_19_merged.mat,OF2,3,48025,9029,451.4000000000001,2401.2000000000003
R004,CNO,T1_SD_CNO,2026_06_19_merged.mat,OF2,3,48026,9030,451.45000000000005,2401.25
R004,CNO,T1_SD_CNO,2026_06_19_merged.mat,OF2,6,48036,9040,451.95000000000005,2401.75
R004,CNO,T1_SD_CNO,2026_06_19_merged.mat,OF2,6,48038,9042,452.05000000000007,2401.8500000000004
R004,CNO,T1_SD_CNO,2026_06_19_merged.mat,OF2,3,48086,9090,454.45000000000005,2404.25
R004,CNO,T1_SD_CNO,2026_06_19_merged.mat,OF2,2,48128,9132,456.55000000000007,2406.3500000000004
R004,CNO,T1_SD_CNO,2026_06_19_merged.mat,OF2,2,48129,9133,456.6000000000001,2406.4
R004,CNO,T1_SD_CNO,2026_06_19_merged.mat,OF2,2,48130,9134,456.6500000000001,2406.4500000000003
R004,CNO,T1_SD_CNO,2026_06_19_merged.mat,OF2,2,48131,9135,456.70000000000005,2406.5
R004,CNO,T1_SD_CNO,2026_06_19_merged.mat,OF2,2,48140,9144,457.1500000000001,2406.9500000000003
R004,CNO,T1_SD_CNO,2026_06_19_merged.mat,OF2,3,48146,9150,457.45000000000005,2407.25
R004,CNO,T1_SD_CNO,2026_06_19_merged.mat,OF2,1,48152,9156,457.7500000000001,2407.55
R004,CNO,T1_SD_CNO,2026_06_19_merged.mat,OF2,1,48153,9157,457.80000000000007,2407.6000000000004
R004,CNO,T1_SD_CNO,2026_06_19_merged.mat,OF2,3,48158,9162,458.05000000000007,2407.8500000000004
R004,CNO,T1_SD_CNO,2026_06_19_merged.mat,OF2,3,48159,9163,458.1000000000001,2407.9
R004,CNO,T1_SD_CNO,2026_06_19_merged.mat,OF2,3,48187,9191,459.5000000000001,2409.3
R004,CNO,T1_SD_CNO,2026_06_19_merged.mat,OF2,3,48188,9192,459.55000000000007,2409.3500000000004
R004,CNO,T1_SD_CNO,2026_06_19_merged.mat,OF2,1,48210,9214,460.6500000000001,2410.4500000000003
R004,CNO,T1_SD_CNO,2026_06_19_merged.mat,OF2,1,48230,9234,461.6500000000001,2411.4500000000003
R004,CNO,T1_SD_CNO,2026_06_19_merged.mat,OF2,3,48233,9237,461.80000000000007,2411.6000000000004
R004,CNO,T1_SD_CNO,2026_06_19_merged.mat,OF2,3,48250,9254,462.6500000000001,2412.4500000000003
R004,CNO,T1_SD_CNO,2026_06_19_merged.mat,OF2,3,48307,9311,465.5000000000001,2415.3
R004,CNO,T1_SD_CNO,2026_06_19_merged.mat,OF2,1,48349,9353,467.6000000000001,2417.4
R004,CNO,T1_SD_CNO,2026_06_19_merged.mat,OF2,5,48372,9376,468.7500000000001,2418.55
R004,CNO,T1_SD_CNO,2026_06_19_merged.mat,OF2,3,48375,9379,468.9000000000001,2418.7000000000003
R004,CNO,T1_SD_CNO,2026_06_19_merged.mat,OF2,6,48399,9403,470.1000000000001,2419.9
R004,CNO,T1_SD_CNO,2026_06_19_merged.mat,OF2,3,48485,9489,474.4000000000001,2424.2000000000003
R004,CNO,T1_SD_CNO,2026_06_19_merged.mat,OF2,2,48537,9541,477.0000000000001,2426.8
R004,CNO,T1_SD_CNO,2026_06_19_merged.mat,OF2,2,48538,9542,477.05000000000007,2426.8500000000004
R004,CNO,T1_SD_CNO,2026_06_19_merged.mat,OF2,2,48539,9543,477.1000000000001,2426.9
R004,CNO,T1_SD_CNO,2026_06_19_merged.mat,OF2,2,48540,9544,477.1500000000001,2426.9500000000003
R004,CNO,T1_SD_CNO,2026_06_19_merged.mat,OF2,2,48541,9545,477.20000000000005,2427.0
R004,CNO,T1_SD_CNO,2026_06_19_merged.mat,OF2,6,48558,9562,478.05000000000007,2427.8500000000004
R004,CNO,T1_SD_CNO,2026_06_19_merged.mat,OF2,4,48598,9602,480.05000000000007,2429.8500000000004
R004,CNO,T1_SD_CNO,2026_06_19_merged.mat,OF2,6,48642,9646,482.2500000000001,2432.05
R004,CNO,T1_SD_CNO,2026_06_19_merged.mat,OF2,3,48650,9654,482.6500000000001,2432.4500000000003
R004,CNO,T1_SD_CNO,2026_06_19_merged.mat,OF2,6,48651,9655,482.70000000000005,2432.5
R004,CNO,T1_SD_CNO,2026_06_19_merged.mat,OF2,6,48715,9719,485.9000000000001,2435.7000000000003
R004,CNO,T1_SD_CNO,2026_06_19_merged.mat,OF2,1,48719,9723,486.1000000000001,2435.9
R004,CNO,T1_SD_CNO,2026_06_19_merged.mat,OF2,1,48720,9724,486.1500000000001,2435.9500000000003
R004,CNO,T1_SD_CNO,2026_06_19_merged.mat,OF2,1,48778,9782,489.05000000000007,2438.8500000000004
R004,CNO,T1_SD_CNO,2026_06_19_merged.mat,OF2,3,48782,9786,489.2500000000001,2439.05
R004,CNO,T1_SD_CNO,2026_06_19_merged.mat,OF2,3,48783,9787,489.30000000000007,2439.1000000000004
R004,CNO,T1_SD_CNO,2026_06_19_merged.mat,OF2,3,48784,9788,489.3500000000001,2439.15
R004,CNO,T1_SD_CNO,2026_06_19_merged.mat,OF2,1,48839,9843,492.1000000000001,2441.9
R004,CNO,T1_SD_CNO,2026_06_19_merged.mat,OF2,4,48887,9891,494.5000000000001,2444.3
R004,CNO,T1_SD_CNO,2026_06_19_merged.mat,OF2,3,48955,9959,497.9000000000001,2447.7000000000003
R004,CNO,T1_SD_CNO,2026_06_19_merged.mat,OF2,3,48957,9961,498.0000000000001,2447.8
R004,CNO,T1_SD_CNO,2026_06_19_merged.mat,OF2,3,49005,10009,500.4000000000001,2450.2000000000003
R004,CNO,T1_SD_CNO,2026_06_19_merged.mat,OF2,3,49006,10010,500.45000000000005,2450.25
R004,CNO,T1_SD_CNO,2026_06_19_merged.mat,OF2,1,49008,10012,500.55000000000007,2450.3500000000004
R004,CNO,T1_SD_CNO,2026_06_19_merged.mat,OF2,1,49009,10013,500.6000000000001,2450.4
R004,CNO,T1_SD_CNO,2026_06_19_merged.mat,OF2,5,49040,10044,502.1500000000001,2451.9500000000003
R004,CNO,T1_SD_CNO,2026_06_19_merged.mat,OF2,5,49041,10045,502.20000000000005,2452.0
R004,CNO,T1_SD_CNO,2026_06_19_merged.mat,OF2,5,49042,10046,502.2500000000001,2452.05
R004,CNO,T1_SD_CNO,2026_06_19_merged.mat,OF2,5,49043,10047,502.30000000000007,2452.1000000000004
R004,CNO,T1_SD_CNO,2026_06_19_merged.mat,OF2,5,49045,10049,502.4000000000001,2452.2000000000003
R004,CNO,T1_SD_CNO,2026_06_19_merged.mat,OF2,3,49078,10082,504.05000000000007,2453.8500000000004
R004,CNO,T1_SD_CNO,2026_06_19_merged.mat,OF2,2,49146,10150,507.45000000000005,2457.25
R004,CNO,T1_SD_CNO,2026_06_19_merged.mat,OF2,2,49148,10152,507.55000000000007,2457.3500000000004
R004,CNO,T1_SD_CNO,2026_06_19_merged.mat,OF2,2,49150,10154,507.6500000000001,2457.4500000000003
R004,CNO,T1_SD_CNO,2026_06_19_merged.mat,OF2,2,49151,10155,507.70000000000005,2457.5
R004,CNO,T1_SD_CNO,2026_06_19_merged.mat,OF2,2,49152,10156,507.7500000000001,2457.55
R004,CNO,T1_SD_CNO,2026_06_19_merged.mat,OF2,2,49155,10159,507.9000000000001,2457.7000000000003
R004,CNO,T1_SD_CNO,2026_06_19_merged.mat,OF2,2,49160,10164,508.1500000000001,2457.9500000000003
R004,CNO,T1_SD_CNO,2026_06_19_merged.mat,OF2,1,49201,10205,510.20000000000005,2460.0
R004,CNO,T1_SD_CNO,2026_06_19_merged.mat,OF2,4,49237,10241,512.0000000000001,2461.8
R004,CNO,T1_SD_CNO,2026_06_19_merged.mat,OF2,4,49238,10242,512.0500000000001,2461.8500000000004
R004,CNO,T1_SD_CNO,2026_06_19_merged.mat,OF2,4,49241,10245,512.2,2462.0
R004,CNO,T1_SD_CNO,2026_06_19_merged.mat,OF2,1,49267,10271,513.5000000000001,2463.3
R004,CNO,T1_SD_CNO,2026_06_19_merged.mat,OF2,3,49303,10307,515.3000000000001,2465.1000000000004
R004,CNO,T1_SD_CNO,2026_06_19_merged.mat,OF2,3,49304,10308,515.3500000000001,2465.1500000000005
R004,CNO,T1_SD_CNO,2026_06_19_merged.mat,OF2,5,49333,10337,516.8000000000001,2466.6000000000004
R004,CNO,T1_SD_CNO,2026_06_19_merged.mat,OF2,5,49335,10339,516.9000000000001,2466.7000000000003
R004,CNO,T1_SD_CNO,2026_06_19_merged.mat,OF2,5,49336,10340,516.95,2466.75
R004,CNO,T1_SD_CNO,2026_06_19_merged.mat,OF2,5,49337,10341,517.0000000000001,2466.8
R004,CNO,T1_SD_CNO,2026_06_19_merged.mat,OF2,4,49340,10344,517.1500000000001,2466.9500000000003
R004,CNO,T1_SD_CNO,2026_06_19_merged.mat,OF2,1,49354,10358,517.8500000000001,2467.6500000000005
R004,CNO,T1_SD_CNO,2026_06_19_merged.mat,OF2,1,49379,10383,519.1000000000001,2468.9000000000005
R004,CNO,T1_SD_CNO,2026_06_19_merged.mat,OF2,1,49380,10384,519.1500000000001,2468.9500000000003
R004,CNO,T1_SD_CNO,2026_06_19_merged.mat,OF2,3,49406,10410,520.45,2470.25
R004,CNO,T1_SD_CNO,2026_06_19_merged.mat,OF2,3,49440,10444,522.1500000000001,2471.9500000000003
R004,CNO,T1_SD_CNO,2026_06_19_merged.mat,OF2,3,49472,10476,523.7500000000001,2473.55
R004,CNO,T1_SD_CNO,2026_06_19_merged.mat,OF2,3,49473,10477,523.8000000000001,2473.6000000000004
R004,CNO,T1_SD_CNO,2026_06_19_merged.mat,OF2,3,49474,10478,523.8500000000001,2473.6500000000005
R004,CNO,T1_SD_CNO,2026_06_19_merged.mat,OF2,6,49487,10491,524.5000000000001,2474.3
R004,CNO,T1_SD_CNO,2026_06_19_merged.mat,OF2,6,49488,10492,524.5500000000001,2474.3500000000004
R004,CNO,T1_SD_CNO,2026_06_19_merged.mat,OF2,3,49500,10504,525.1500000000001,2474.9500000000003
R004,CNO,T1_SD_CNO,2026_06_19_merged.mat,OF2,3,49555,10559,527.9000000000001,2477.7000000000003
R004,CNO,T1_SD_CNO,2026_06_19_merged.mat,OF2,3,49556,10560,527.95,2477.75
R004,CNO,T1_SD_CNO,2026_06_19_merged.mat,OF2,3,49557,10561,528.0000000000001,2477.8
R004,CNO,T1_SD_CNO,2026_06_19_merged.mat,OF2,4,49567,10571,528.5000000000001,2478.3
R004,CNO,T1_SD_CNO,2026_06_19_merged.mat,OF2,5,49582,10586,529.2500000000001,2479.05
R004,CNO,T1_SD_CNO,2026_06_19_merged.mat,OF2,4,49604,10608,530.3500000000001,2480.1500000000005
R004,CNO,T1_SD_CNO,2026_06_19_merged.mat,OF2,3,49607,10611,530.5000000000001,2480.3
R004,CNO,T1_SD_CNO,2026_06_19_merged.mat,OF2,4,49620,10624,531.1500000000001,2480.9500000000003
R004,CNO,T1_SD_CNO,2026_06_19_merged.mat,OF2,1,49678,10682,534.0500000000001,2483.8500000000004
R004,CNO,T1_SD_CNO,2026_06_19_merged.mat,OF2,3,49745,10749,537.4000000000001,2487.2000000000003
R004,CNO,T1_SD_CNO,2026_06_19_merged.mat,OF2,3,49746,10750,537.45,2487.25
R004,CNO,T1_SD_CNO,2026_06_19_merged.mat,OF2,3,49791,10795,539.7,2489.5
R004,CNO,T1_SD_CNO,2026_06_19_merged.mat,OF2,3,49793,10797,539.8000000000001,2489.6000000000004
R004,CNO,T1_SD_CNO,2026_06_19_merged.mat,OF2,3,49805,10809,540.4000000000001,2490.2000000000003
R004,CNO,T1_SD_CNO,2026_06_19_merged.mat,OF2,3,49837,10841,542.0000000000001,2491.8
R004,CNO,T1_SD_CNO,2026_06_19_merged.mat,OF2,1,49932,10936,546.7500000000001,2496.55
R004,CNO,T1_SD_CNO,2026_06_19_merged.mat,OF2,3,49945,10949,547.4000000000001,2497.2000000000003
R004,CNO,T1_SD_CNO,2026_06_19_merged.mat,OF2,3,49959,10963,548.1000000000001,2497.9000000000005
R004,CNO,T1_SD_CNO,2026_06_19_merged.mat,OF2,3,49960,10964,548.1500000000001,2497.9500000000003
R004,CNO,T1_SD_CNO,2026_06_19_merged.mat,OF2,3,49961,10965,548.2,2498.0
R004,CNO,T1_SD_CNO,2026_06_19_merged.mat,OF2,5,49970,10974,548.6500000000001,2498.4500000000003
R004,CNO,T1_SD_CNO,2026_06_19_merged.mat,OF2,5,49973,10977,548.8000000000001,2498.6000000000004
R004,CNO,T1_SD_CNO,2026_06_19_merged.mat,OF2,5,49974,10978,548.8500000000001,2498.6500000000005
R004,CNO,T1_SD_CNO,2026_06_19_merged.mat,OF2,5,49986,10990,549.45,2499.25
R004,CNO,T1_SD_CNO,2026_06_19_merged.mat,OF2,3,50025,11029,551.4000000000001,2501.2000000000003
R004,CNO,T1_SD_CNO,2026_06_19_merged.mat,OF2,2,50153,11157,557.8000000000001,2507.6000000000004
R004,CNO,T1_SD_CNO,2026_06_19_merged.mat,OF2,2,50154,11158,557.8500000000001,2507.6500000000005
R004,CNO,T1_SD_CNO,2026_06_19_merged.mat,OF2,2,50155,11159,557.9000000000001,2507.7000000000003
R004,CNO,T1_SD_CNO,2026_06_19_merged.mat,OF2,2,50156,11160,557.95,2507.75
R004,CNO,T1_SD_CNO,2026_06_19_merged.mat,OF2,2,50160,11164,558.1500000000001,2507.9500000000003
R004,CNO,T1_SD_CNO,2026_06_19_merged.mat,OF2,3,50242,11246,562.2500000000001,2512.05
R004,CNO,T1_SD_CNO,2026_06_19_merged.mat,OF2,3,50329,11333,566.6000000000001,2516.4000000000005
R004,CNO,T1_SD_CNO,2026_06_19_merged.mat,OF2,3,50330,11334,566.6500000000001,2516.4500000000003
R004,CNO,T1_SD_CNO,2026_06_19_merged.mat,OF2,5,50351,11355,567.7,2517.5
R004,CNO,T1_SD_CNO,2026_06_19_merged.mat,OF2,1,50368,11372,568.5500000000001,2518.3500000000004
R004,CNO,T1_SD_CNO,2026_06_19_merged.mat,OF2,6,50370,11374,568.6500000000001,2518.4500000000003
R004,CNO,T1_SD_CNO,2026_06_19_merged.mat,OF2,6,50371,11375,568.7,2518.5
R004,CNO,T1_SD_CNO,2026_06_19_merged.mat,OF2,6,50374,11378,568.8500000000001,2518.6500000000005
R004,CNO,T1_SD_CNO,2026_06_19_merged.mat,OF2,1,50420,11424,571.1500000000001,2520.9500000000003
R004,CNO,T1_SD_CNO,2026_06_19_merged.mat,OF2,3,50536,11540,576.95,2526.75
R004,CNO,T1_SD_CNO,2026_06_19_merged.mat,OF2,3,50537,11541,577.0000000000001,2526.8
R004,CNO,T1_SD_CNO,2026_06_19_merged.mat,OF2,3,50568,11572,578.5500000000001,2528.3500000000004
R004,CNO,T1_SD_CNO,2026_06_19_merged.mat,OF2,3,50581,11585,579.2,2529.0
R004,CNO,T1_SD_CNO,2026_06_19_merged.mat,OF2,5,50644,11648,582.3500000000001,2532.1500000000005
R004,CNO,T1_SD_CNO,2026_06_19_merged.mat,OF2,5,50647,11651,582.5000000000001,2532.3
R004,CNO,T1_SD_CNO,2026_06_19_merged.mat,OF2,3,50684,11688,584.3500000000001,2534.1500000000005
R004,CNO,T1_SD_CNO,2026_06_19_merged.mat,OF2,1,50685,11689,584.4000000000001,2534.2000000000003
R004,CNO,T1_SD_CNO,2026_06_19_merged.mat,OF2,1,50686,11690,584.45,2534.25
R004,CNO,T1_SD_CNO,2026_06_19_merged.mat,OF2,4,50691,11695,584.7,2534.5
R004,CNO,T1_SD_CNO,2026_06_19_merged.mat,OF2,4,50692,11696,584.7500000000001,2534.55
R004,CNO,T1_SD_CNO,2026_06_19_merged.mat,OF2,4,50693,11697,584.8000000000001,2534.6000000000004
R004,CNO,T1_SD_CNO,2026_06_19_merged.mat,OF2,6,50707,11711,585.5000000000001,2535.3
R004,CNO,T1_SD_CNO,2026_06_19_merged.mat,OF2,3,50737,11741,587.0000000000001,2536.8
R004,CNO,T1_SD_CNO,2026_06_19_merged.mat,OF2,3,50769,11773,588.6000000000001,2538.4000000000005
R004,CNO,T1_SD_CNO,2026_06_19_merged.mat,OF2,3,50825,11829,591.4000000000001,2541.2000000000003
R004,CNO,T1_SD_CNO,2026_06_19_merged.mat,OF2,3,50826,11830,591.45,2541.25
R004,CNO,T1_SD_CNO,2026_06_19_merged.mat,OF2,1,50888,11892,594.5500000000001,2544.3500000000004
R004,CNO,T1_SD_CNO,2026_06_19_merged.mat,OF2,4,50934,11938,596.8500000000001,2546.6500000000005
R004,CNO,T1_SD_CNO,2026_06_19_merged.mat,OF2,3,50963,11967,598.3000000000001,2548.1000000000004
R004,CNO,T1_SD_CNO,2026_06_19_merged.mat,OF2,3,50975,11979,598.9000000000001,2548.7000000000003
R004,CNO,T1_SD_CNO,2026_06_19_merged.mat,OF2,6,51013,12017,600.8000000000001,2550.6000000000004
R004,CNO,T1_SD_CNO,2026_06_19_merged.mat,OF2,3,51018,12022,601.0500000000001,2550.8500000000004
R004,CNO,T1_SD_CNO,2026_06_19_merged.mat,OF2,4,51080,12084,604.1500000000001,2553.9500000000003
R004,CNO,T1_SD_CNO,2026_06_19_merged.mat,OF2,3,51088,12092,604.5500000000001,2554.3500000000004
R004,CNO,T1_SD_CNO,2026_06_19_merged.mat,OF2,4,51152,12156,607.7500000000001,2557.55
R004,CNO,T1_SD_CNO,2026_06_19_merged.mat,OF2,4,51153,12157,607.8000000000001,2557.6000000000004
R004,CNO,T1_SD_CNO,2026_06_19_merged.mat,OF2,4,51155,12159,607.9000000000001,2557.7000000000003
R004,CNO,T1_SD_CNO,2026_06_19_merged.mat,OF2,4,51161,12165,608.2,2558.0
R004,CNO,T1_SD_CNO,2026_06_19_merged.mat,OF2,1,51182,12186,609.2500000000001,2559.05
R004,CNO,T1_SD_CNO,2026_06_19_merged.mat,OF2,1,51228,12232,611.5500000000001,2561.3500000000004
R004,CNO,T1_SD_CNO,2026_06_19_merged.mat,OF2,4,51238,12242,612.0500000000001,2561.8500000000004
R004,CNO,T1_SD_CNO,2026_06_19_merged.mat,OF2,4,51239,12243,612.1000000000001,2561.9000000000005
R004,CNO,T1_SD_CNO,2026_06_19_merged.mat,OF2,1,51280,12284,614.1500000000001,2563.9500000000003
R004,CNO,T1_SD_CNO,2026_06_19_merged.mat,OF2,3,51351,12355,617.7,2567.5
R004,CNO,T1_SD_CNO,2026_06_19_merged.mat,OF2,3,51352,12356,617.7500000000001,2567.55
R004,CNO,T1_SD_CNO,2026_06_19_merged.mat,OF2,1,51411,12415,620.7,2570.5
R004,CNO,T1_SD_CNO,2026_06_19_merged.mat,OF2,1,51462,12466,623.2500000000001,2573.05
R004,CNO,T1_SD_CNO,2026_06_19_merged.mat,OF2,1,51471,12475,623.7,2573.5
R004,CNO,T1_SD_CNO,2026_06_19_merged.mat,OF2,1,51472,12476,623.7500000000001,2573.55
R004,CNO,T1_SD_CNO,2026_06_19_merged.mat,OF2,1,51494,12498,624.8500000000001,2574.6500000000005
R004,CNO,T1_SD_CNO,2026_06_19_merged.mat,OF2,1,51534,12538,626.8500000000001,2576.6500000000005
R004,CNO,T1_SD_CNO,2026_06_19_merged.mat,OF2,1,51535,12539,626.9000000000001,2576.7000000000003
R004,CNO,T1_SD_CNO,2026_06_19_merged.mat,OF2,1,51536,12540,626.95,2576.75
R004,CNO,T1_SD_CNO,2026_06_19_merged.mat,OF2,1,51552,12556,627.7500000000001,2577.55
R004,CNO,T1_SD_CNO,2026_06_19_merged.mat,OF2,2,51569,12573,628.6000000000001,2578.4000000000005
R004,CNO,T1_SD_CNO,2026_06_19_merged.mat,OF2,2,51571,12575,628.7,2578.5
R004,CNO,T1_SD_CNO,2026_06_19_merged.mat,OF2,2,51574,12578,628.8500000000001,2578.6500000000005
R004,CNO,T1_SD_CNO,2026_06_19_merged.mat,OF2,2,51575,12579,628.9000000000001,2578.7000000000003
R004,CNO,T1_SD_CNO,2026_06_19_merged.mat,OF2,1,51657,12661,633.0000000000001,2582.8
R004,CNO,T1_SD_CNO,2026_06_19_merged.mat,OF2,3,51729,12733,636.6000000000001,2586.4000000000005
R004,CNO,T1_SD_CNO,2026_06_19_merged.mat,OF2,4,51807,12811,640.5000000000001,2590.3
R004,CNO,T1_SD_CNO,2026_06_19_merged.mat,OF2,3,51842,12846,642.2500000000001,2592.05
R004,CNO,T1_SD_CNO,2026_06_19_merged.mat,OF2,3,51879,12883,644.1000000000001,2593.9000000000005
R004,CNO,T1_SD_CNO,2026_06_19_merged.mat,OF2,2,51894,12898,644.8500000000001,2594.6500000000005
