animal,treatment,day_name,phase,factor,bin_start_s,bin_center_day_s,n_frames,n_significant,n_assigned,pct_all_frames,pct_significant_frames
R004,VEH,T2_SD_VEH_,OF1,1,0.0,5.0,200,115,14,7.0,12.173913043478262
R004,VEH,T2_SD_VEH_,OF1,1,10.0,15.0,200,105,1,0.5,0.9523809523809523
R004,VEH,T2_SD_VEH_,OF1,1,20.0,25.0,200,147,0,0.0,0.0
R004,VEH,T2_SD_VEH_,OF1,1,30.0,35.0,200,123,0,0.0,0.0
R004,VEH,T2_SD_VEH_,OF1,1,40.0,45.0,200,62,4,2.0,6.451612903225806
R004,VEH,T2_SD_VEH_,OF1,1,50.0,55.0,200,76,1,0.5,1.3157894736842106
R004,VEH,T2_SD_VEH_,OF1,1,60.0,65.0,200,110,0,0.0,0.0
R004,VEH,T2_SD_VEH_,OF1,1,70.0,75.0,200,46,0,0.0,0.0
R004,VEH,T2_SD_VEH_,OF1,1,80.0,85.0,200,114,1,0.5,0.8771929824561403
R004,VEH,T2_SD_VEH_,OF1,1,90.0,95.0,200,101,0,0.0,0.0
R004,VEH,T2_SD_VEH_,OF1,1,100.0,105.0,200,57,2,1.0,3.508771929824561
R004,VEH,T2_SD_VEH_,OF1,1,110.0,115.0,200,48,1,0.5,2.0833333333333335
R004,VEH,T2_SD_VEH_,OF1,1,120.0,125.0,200,63,1,0.5,1.5873015873015872
R004,VEH,T2_SD_VEH_,OF1,1,130.0,135.0,200,73,7,3.5,9.58904109589041
R004,VEH,T2_SD_VEH_,OF1,1,140.0,145.0,200,59,5,2.5,8.474576271186441
R004,VEH,T2_SD_VEH_,OF1,1,150.0,155.0,200,44,1,0.5,2.272727272727273
R004,VEH,T2_SD_VEH_,OF1,1,160.0,165.0,200,73,1,0.5,1.36986301369863
R004,VEH,T2_SD_VEH_,OF1,1,170.0,175.0,200,68,2,1.0,2.9411764705882355
R004,VEH,T2_SD_VEH_,OF1,1,180.0,185.0,200,82,0,0.0,0.0
R004,VEH,T2_SD_VEH_,OF1,1,190.0,195.0,200,78,0,0.0,0.0
R004,VEH,T2_SD_VEH_,OF1,1,200.0,205.0,200,38,2,1.0,5.2631578947368425
R004,VEH,T2_SD_VEH_,OF1,1,210.0,215.0,200,91,3,1.5,3.2967032967032965
R004,VEH,T2_SD_VEH_,OF1,1,220.0,225.0,200,56,1,0.5,1.7857142857142858
R004,VEH,T2_SD_VEH_,OF1,1,230.0,235.0,200,44,1,0.5,2.272727272727273
R004,VEH,T2_SD_VEH_,OF1,1,240.0,245.0,200,66,7,3.5,10.606060606060606
R004,VEH,T2_SD_VEH_,OF1,1,250.0,255.0,200,54,1,0.5,1.8518518518518519
R004,VEH,T2_SD_VEH_,OF1,1,260.0,265.0,200,54,0,0.0,0.0
R004,VEH,T2_SD_VEH_,OF1,1,270.0,275.0,200,83,1,0.5,1.2048192771084338
R004,VEH,T2_SD_VEH_,OF1,1,280.0,285.0,200,69,1,0.5,1.4492753623188406
R004,VEH,T2_SD_VEH_,OF1,1,290.0,295.0,200,79,1,0.5,1.2658227848101267
R004,VEH,T2_SD_VEH_,OF1,1,300.0,305.0,200,88,1,0.5,1.1363636363636365
R004,VEH,T2_SD_VEH_,OF1,1,310.0,315.0,200,92,4,2.0,4.3478260869565215
R004,VEH,T2_SD_VEH_,OF1,1,320.0,325.0,200,38,1,0.5,2.6315789473684212
R004,VEH,T2_SD_VEH_,OF1,1,330.0,335.0,200,51,0,0.0,0.0
R004,VEH,T2_SD_VEH_,OF1,1,340.0,345.0,200,106,1,0.5,0.9433962264150944
R004,VEH,T2_SD_VEH_,OF1,1,350.0,355.0,200,50,0,0.0,0.0
R004,VEH,T2_SD_VEH_,OF1,1,360.0,365.0,200,65,0,0.0,0.0
R004,VEH,T2_SD_VEH_,OF1,1,370.0,375.0,200,51,0,0.0,0.0
R004,VEH,T2_SD_VEH_,OF1,1,380.0,385.0,200,74,2,1.0,2.7027027027027026
R004,VEH,T2_SD_VEH_,OF1,1,390.0,395.0,200,59,0,0.0,0.0
R004,VEH,T2_SD_VEH_,OF1,1,400.0,405.0,200,65,0,0.0,0.0
R004,VEH,T2_SD_VEH_,OF1,1,410.0,415.0,200,75,0,0.0,0.0
R004,VEH,T2_SD_VEH_,OF1,1,420.0,425.0,200,84,2,1.0,2.380952380952381
R004,VEH,T2_SD_VEH_,OF1,1,430.0,435.0,200,93,14,7.0,15.053763440860216
R004,VEH,T2_SD_VEH_,OF1,1,440.0,445.0,200,72,2,1.0,2.7777777777777777
R004,VEH,T2_SD_VEH_,OF1,1,450.0,455.0,200,56,1,0.5,1.7857142857142858
R004,VEH,T2_SD_VEH_,OF1,1,460.0,465.0,200,82,0,0.0,0.0
R004,VEH,T2_SD_VEH_,OF1,1,470.0,475.0,200,100,0,0.0,0.0
R004,VEH,T2_SD_VEH_,OF1,1,480.0,485.0,200,63,0,0.0,0.0
R004,VEH,T2_SD_VEH_,OF1,1,490.0,495.0,200,75,0,0.0,0.0
R004,VEH,T2_SD_VEH_,OF1,1,500.0,505.0,200,69,0,0.0,0.0
R004,VEH,T2_SD_VEH_,OF1,1,510.0,515.0,200,68,0,0.0,0.0
R004,VEH,T2_SD_VEH_,OF1,1,520.0,525.0,200,53,1,0.5,1.8867924528301887
R004,VEH,T2_SD_VEH_,OF1,1,530.0,535.0,200,79,0,0.0,0.0
R004,VEH,T2_SD_VEH_,OF1,1,540.0,545.0,200,99,1,0.5,1.0101010101010102
R004,VEH,T2_SD_VEH_,OF1,1,550.0,555.0,200,45,0,0.0,0.0
R004,VEH,T2_SD_VEH_,OF1,1,560.0,565.0,200,63,0,0.0,0.0
R004,VEH,T2_SD_VEH_,OF1,1,570.0,575.0,200,67,1,0.5,1.492537313432836
R004,VEH,T2_SD_VEH_,OF1,1,580.0,585.0,200,71,2,1.0,2.816901408450704
R004,VEH,T2_SD_VEH_,OF1,1,590.0,595.0,200,68,2,1.0,2.9411764705882355
R004,VEH,T2_SD_VEH_,OF1,1,600.0,605.0,200,57,0,0.0,0.0
R004,VEH,T2_SD_VEH_,OF1,1,610.0,615.0,200,75,0,0.0,0.0
R004,VEH,T2_SD_VEH_,OF1,1,620.0,625.0,200,43,3,1.5,6.976744186046512
R004,VEH,T2_SD_VEH_,OF1,1,630.0,635.0,200,80,1,0.5,1.25
R004,VEH,T2_SD_VEH_,OF1,1,640.0,645.0,199,64,1,0.5025125628140703,1.5625
R004,VEH,T2_SD_VEH_,OF1,2,0.0,5.0,200,115,10,5.0,8.695652173913043
R004,VEH,T2_SD_VEH_,OF1,2,10.0,15.0,200,105,0,0.0,0.0
R004,VEH,T2_SD_VEH_,OF1,2,20.0,25.0,200,147,0,0.0,0.0
R004,VEH,T2_SD_VEH_,OF1,2,30.0,35.0,200,123,4,2.0,3.252032520325203
R004,VEH,T2_SD_VEH_,OF1,2,40.0,45.0,200,62,0,0.0,0.0
R004,VEH,T2_SD_VEH_,OF1,2,50.0,55.0,200,76,0,0.0,0.0
R004,VEH,T2_SD_VEH_,OF1,2,60.0,65.0,200,110,4,2.0,3.6363636363636362
R004,VEH,T2_SD_VEH_,OF1,2,70.0,75.0,200,46,0,0.0,0.0
R004,VEH,T2_SD_VEH_,OF1,2,80.0,85.0,200,114,0,0.0,0.0
R004,VEH,T2_SD_VEH_,OF1,2,90.0,95.0,200,101,2,1.0,1.9801980198019802
R004,VEH,T2_SD_VEH_,OF1,2,100.0,105.0,200,57,7,3.5,12.280701754385966
R004,VEH,T2_SD_VEH_,OF1,2,110.0,115.0,200,48,0,0.0,0.0
R004,VEH,T2_SD_VEH_,OF1,2,120.0,125.0,200,63,0,0.0,0.0
R004,VEH,T2_SD_VEH_,OF1,2,130.0,135.0,200,73,0,0.0,0.0
R004,VEH,T2_SD_VEH_,OF1,2,140.0,145.0,200,59,0,0.0,0.0
R004,VEH,T2_SD_VEH_,OF1,2,150.0,155.0,200,44,3,1.5,6.818181818181818
R004,VEH,T2_SD_VEH_,OF1,2,160.0,165.0,200,73,0,0.0,0.0
R004,VEH,T2_SD_VEH_,OF1,2,170.0,175.0,200,68,9,4.5,13.235294117647058
R004,VEH,T2_SD_VEH_,OF1,2,180.0,185.0,200,82,0,0.0,0.0
R004,VEH,T2_SD_VEH_,OF1,2,190.0,195.0,200,78,2,1.0,2.5641025641025643
R004,VEH,T2_SD_VEH_,OF1,2,200.0,205.0,200,38,2,1.0,5.2631578947368425
R004,VEH,T2_SD_VEH_,OF1,2,210.0,215.0,200,91,16,8.0,17.582417582417584
R004,VEH,T2_SD_VEH_,OF1,2,220.0,225.0,200,56,0,0.0,0.0
R004,VEH,T2_SD_VEH_,OF1,2,230.0,235.0,200,44,0,0.0,0.0
R004,VEH,T2_SD_VEH_,OF1,2,240.0,245.0,200,66,2,1.0,3.0303030303030303
R004,VEH,T2_SD_VEH_,OF1,2,250.0,255.0,200,54,0,0.0,0.0
R004,VEH,T2_SD_VEH_,OF1,2,260.0,265.0,200,54,0,0.0,0.0
R004,VEH,T2_SD_VEH_,OF1,2,270.0,275.0,200,83,8,4.0,9.63855421686747
R004,VEH,T2_SD_VEH_,OF1,2,280.0,285.0,200,69,0,0.0,0.0
R004,VEH,T2_SD_VEH_,OF1,2,290.0,295.0,200,79,0,0.0,0.0
R004,VEH,T2_SD_VEH_,OF1,2,300.0,305.0,200,88,0,0.0,0.0
R004,VEH,T2_SD_VEH_,OF1,2,310.0,315.0,200,92,0,0.0,0.0
R004,VEH,T2_SD_VEH_,OF1,2,320.0,325.0,200,38,0,0.0,0.0
R004,VEH,T2_SD_VEH_,OF1,2,330.0,335.0,200,51,2,1.0,3.9215686274509802
R004,VEH,T2_SD_VEH_,OF1,2,340.0,345.0,200,106,0,0.0,0.0
R004,VEH,T2_SD_VEH_,OF1,2,350.0,355.0,200,50,0,0.0,0.0
R004,VEH,T2_SD_VEH_,OF1,2,360.0,365.0,200,65,1,0.5,1.5384615384615385
R004,VEH,T2_SD_VEH_,OF1,2,370.0,375.0,200,51,7,3.5,13.72549019607843
R004,VEH,T2_SD_VEH_,OF1,2,380.0,385.0,200,74,9,4.5,12.162162162162161
R004,VEH,T2_SD_VEH_,OF1,2,390.0,395.0,200,59,0,0.0,0.0
R004,VEH,T2_SD_VEH_,OF1,2,400.0,405.0,200,65,0,0.0,0.0
R004,VEH,T2_SD_VEH_,OF1,2,410.0,415.0,200,75,4,2.0,5.333333333333333
R004,VEH,T2_SD_VEH_,OF1,2,420.0,425.0,200,84,0,0.0,0.0
R004,VEH,T2_SD_VEH_,OF1,2,430.0,435.0,200,93,0,0.0,0.0
R004,VEH,T2_SD_VEH_,OF1,2,440.0,445.0,200,72,0,0.0,0.0
R004,VEH,T2_SD_VEH_,OF1,2,450.0,455.0,200,56,4,2.0,7.142857142857143
R004,VEH,T2_SD_VEH_,OF1,2,460.0,465.0,200,82,0,0.0,0.0
R004,VEH,T2_SD_VEH_,OF1,2,470.0,475.0,200,100,4,2.0,4.0
R004,VEH,T2_SD_VEH_,OF1,2,480.0,485.0,200,63,1,0.5,1.5873015873015872
R004,VEH,T2_SD_VEH_,OF1,2,490.0,495.0,200,75,0,0.0,0.0
R004,VEH,T2_SD_VEH_,OF1,2,500.0,505.0,200,69,0,0.0,0.0
R004,VEH,T2_SD_VEH_,OF1,2,510.0,515.0,200,68,10,5.0,14.705882352941176
R004,VEH,T2_SD_VEH_,OF1,2,520.0,525.0,200,53,2,1.0,3.7735849056603774
R004,VEH,T2_SD_VEH_,OF1,2,530.0,535.0,200,79,0,0.0,0.0
R004,VEH,T2_SD_VEH_,OF1,2,540.0,545.0,200,99,0,0.0,0.0
R004,VEH,T2_SD_VEH_,OF1,2,550.0,555.0,200,45,1,0.5,2.2222222222222223
R004,VEH,T2_SD_VEH_,OF1,2,560.0,565.0,200,63,0,0.0,0.0
R004,VEH,T2_SD_VEH_,OF1,2,570.0,575.0,200,67,1,0.5,1.492537313432836
R004,VEH,T2_SD_VEH_,OF1,2,580.0,585.0,200,71,8,4.0,11.267605633802816
R004,VEH,T2_SD_VEH_,OF1,2,590.0,595.0,200,68,1,0.5,1.4705882352941178
R004,VEH,T2_SD_VEH_,OF1,2,600.0,605.0,200,57,6,3.0,10.526315789473685
R004,VEH,T2_SD_VEH_,OF1,2,610.0,615.0,200,75,3,1.5,4.0
R004,VEH,T2_SD_VEH_,OF1,2,620.0,625.0,200,43,2,1.0,4.651162790697675
R004,VEH,T2_SD_VEH_,OF1,2,630.0,635.0,200,80,5,2.5,6.25
R004,VEH,T2_SD_VEH_,OF1,2,640.0,645.0,199,64,12,6.030150753768845,18.75
R004,VEH,T2_SD_VEH_,OF1,3,0.0,5.0,200,115,2,1.0,1.7391304347826086
R004,VEH,T2_SD_VEH_,OF1,3,10.0,15.0,200,105,4,2.0,3.8095238095238093
R004,VEH,T2_SD_VEH_,OF1,3,20.0,25.0,200,147,10,5.0,6.802721088435374
R004,VEH,T2_SD_VEH_,OF1,3,30.0,35.0,200,123,3,1.5,2.4390243902439024
R004,VEH,T2_SD_VEH_,OF1,3,40.0,45.0,200,62,0,0.0,0.0
R004,VEH,T2_SD_VEH_,OF1,3,50.0,55.0,200,76,1,0.5,1.3157894736842106
R004,VEH,T2_SD_VEH_,OF1,3,60.0,65.0,200,110,6,3.0,5.454545454545454
R004,VEH,T2_SD_VEH_,OF1,3,70.0,75.0,200,46,4,2.0,8.695652173913043
R004,VEH,T2_SD_VEH_,OF1,3,80.0,85.0,200,114,0,0.0,0.0
R004,VEH,T2_SD_VEH_,OF1,3,90.0,95.0,200,101,9,4.5,8.910891089108912
R004,VEH,T2_SD_VEH_,OF1,3,100.0,105.0,200,57,0,0.0,0.0
R004,VEH,T2_SD_VEH_,OF1,3,110.0,115.0,200,48,2,1.0,4.166666666666667
R004,VEH,T2_SD_VEH_,OF1,3,120.0,125.0,200,63,6,3.0,9.523809523809524
R004,VEH,T2_SD_VEH_,OF1,3,130.0,135.0,200,73,9,4.5,12.32876712328767
R004,VEH,T2_SD_VEH_,OF1,3,140.0,145.0,200,59,4,2.0,6.779661016949152
R004,VEH,T2_SD_VEH_,OF1,3,150.0,155.0,200,44,4,2.0,9.090909090909092
R004,VEH,T2_SD_VEH_,OF1,3,160.0,165.0,200,73,8,4.0,10.95890410958904
R004,VEH,T2_SD_VEH_,OF1,3,170.0,175.0,200,68,0,0.0,0.0
R004,VEH,T2_SD_VEH_,OF1,3,180.0,185.0,200,82,12,6.0,14.634146341463415
R004,VEH,T2_SD_VEH_,OF1,3,190.0,195.0,200,78,8,4.0,10.256410256410257
R004,VEH,T2_SD_VEH_,OF1,3,200.0,205.0,200,38,0,0.0,0.0
R004,VEH,T2_SD_VEH_,OF1,3,210.0,215.0,200,91,11,5.5,12.087912087912088
R004,VEH,T2_SD_VEH_,OF1,3,220.0,225.0,200,56,10,5.0,17.857142857142858
R004,VEH,T2_SD_VEH_,OF1,3,230.0,235.0,200,44,4,2.0,9.090909090909092
R004,VEH,T2_SD_VEH_,OF1,3,240.0,245.0,200,66,4,2.0,6.0606060606060606
R004,VEH,T2_SD_VEH_,OF1,3,250.0,255.0,200,54,3,1.5,5.555555555555555
R004,VEH,T2_SD_VEH_,OF1,3,260.0,265.0,200,54,7,3.5,12.962962962962964
R004,VEH,T2_SD_VEH_,OF1,3,270.0,275.0,200,83,6,3.0,7.228915662650603
R004,VEH,T2_SD_VEH_,OF1,3,280.0,285.0,200,69,13,6.5,18.840579710144926
R004,VEH,T2_SD_VEH_,OF1,3,290.0,295.0,200,79,9,4.5,11.39240506329114
R004,VEH,T2_SD_VEH_,OF1,3,300.0,305.0,200,88,0,0.0,0.0
R004,VEH,T2_SD_VEH_,OF1,3,310.0,315.0,200,92,13,6.5,14.130434782608695
R004,VEH,T2_SD_VEH_,OF1,3,320.0,325.0,200,38,0,0.0,0.0
R004,VEH,T2_SD_VEH_,OF1,3,330.0,335.0,200,51,3,1.5,5.882352941176471
R004,VEH,T2_SD_VEH_,OF1,3,340.0,345.0,200,106,4,2.0,3.7735849056603774
R004,VEH,T2_SD_VEH_,OF1,3,350.0,355.0,200,50,12,6.0,24.0
R004,VEH,T2_SD_VEH_,OF1,3,360.0,365.0,200,65,3,1.5,4.615384615384615
R004,VEH,T2_SD_VEH_,OF1,3,370.0,375.0,200,51,13,6.5,25.49019607843137
R004,VEH,T2_SD_VEH_,OF1,3,380.0,385.0,200,74,5,2.5,6.756756756756757
R004,VEH,T2_SD_VEH_,OF1,3,390.0,395.0,200,59,3,1.5,5.084745762711864
R004,VEH,T2_SD_VEH_,OF1,3,400.0,405.0,200,65,3,1.5,4.615384615384615
R004,VEH,T2_SD_VEH_,OF1,3,410.0,415.0,200,75,3,1.5,4.0
R004,VEH,T2_SD_VEH_,OF1,3,420.0,425.0,200,84,5,2.5,5.9523809523809526
R004,VEH,T2_SD_VEH_,OF1,3,430.0,435.0,200,93,6,3.0,6.451612903225806
R004,VEH,T2_SD_VEH_,OF1,3,440.0,445.0,200,72,6,3.0,8.333333333333334
R004,VEH,T2_SD_VEH_,OF1,3,450.0,455.0,200,56,2,1.0,3.5714285714285716
R004,VEH,T2_SD_VEH_,OF1,3,460.0,465.0,200,82,6,3.0,7.317073170731708
R004,VEH,T2_SD_VEH_,OF1,3,470.0,475.0,200,100,7,3.5,7.0
R004,VEH,T2_SD_VEH_,OF1,3,480.0,485.0,200,63,5,2.5,7.936507936507937
R004,VEH,T2_SD_VEH_,OF1,3,490.0,495.0,200,75,7,3.5,9.333333333333334
R004,VEH,T2_SD_VEH_,OF1,3,500.0,505.0,200,69,9,4.5,13.043478260869565
R004,VEH,T2_SD_VEH_,OF1,3,510.0,515.0,200,68,1,0.5,1.4705882352941178
R004,VEH,T2_SD_VEH_,OF1,3,520.0,525.0,200,53,8,4.0,15.09433962264151
R004,VEH,T2_SD_VEH_,OF1,3,530.0,535.0,200,79,4,2.0,5.063291139240507
R004,VEH,T2_SD_VEH_,OF1,3,540.0,545.0,200,99,4,2.0,4.040404040404041
R004,VEH,T2_SD_VEH_,OF1,3,550.0,555.0,200,45,5,2.5,11.11111111111111
R004,VEH,T2_SD_VEH_,OF1,3,560.0,565.0,200,63,2,1.0,3.1746031746031744
R004,VEH,T2_SD_VEH_,OF1,3,570.0,575.0,200,67,0,0.0,0.0
R004,VEH,T2_SD_VEH_,OF1,3,580.0,585.0,200,71,5,2.5,7.042253521126761
R004,VEH,T2_SD_VEH_,OF1,3,590.0,595.0,200,68,3,1.5,4.411764705882353
R004,VEH,T2_SD_VEH_,OF1,3,600.0,605.0,200,57,12,6.0,21.05263157894737
R004,VEH,T2_SD_VEH_,OF1,3,610.0,615.0,200,75,11,5.5,14.666666666666666
R004,VEH,T2_SD_VEH_,OF1,3,620.0,625.0,200,43,4,2.0,9.30232558139535
R004,VEH,T2_SD_VEH_,OF1,3,630.0,635.0,200,80,4,2.0,5.0
R004,VEH,T2_SD_VEH_,OF1,3,640.0,645.0,199,64,2,1.0050251256281406,3.125
R004,VEH,T2_SD_VEH_,OF1,4,0.0,5.0,200,115,3,1.5,2.608695652173913
R004,VEH,T2_SD_VEH_,OF1,4,10.0,15.0,200,105,16,8.0,15.238095238095237
R004,VEH,T2_SD_VEH_,OF1,4,20.0,25.0,200,147,0,0.0,0.0
R004,VEH,T2_SD_VEH_,OF1,4,30.0,35.0,200,123,0,0.0,0.0
R004,VEH,T2_SD_VEH_,OF1,4,40.0,45.0,200,62,0,0.0,0.0
R004,VEH,T2_SD_VEH_,OF1,4,50.0,55.0,200,76,0,0.0,0.0
R004,VEH,T2_SD_VEH_,OF1,4,60.0,65.0,200,110,0,0.0,0.0
R004,VEH,T2_SD_VEH_,OF1,4,70.0,75.0,200,46,0,0.0,0.0
R004,VEH,T2_SD_VEH_,OF1,4,80.0,85.0,200,114,0,0.0,0.0
R004,VEH,T2_SD_VEH_,OF1,4,90.0,95.0,200,101,2,1.0,1.9801980198019802
R004,VEH,T2_SD_VEH_,OF1,4,100.0,105.0,200,57,5,2.5,8.771929824561404
R004,VEH,T2_SD_VEH_,OF1,4,110.0,115.0,200,48,4,2.0,8.333333333333334
R004,VEH,T2_SD_VEH_,OF1,4,120.0,125.0,200,63,0,0.0,0.0
R004,VEH,T2_SD_VEH_,OF1,4,130.0,135.0,200,73,0,0.0,0.0
R004,VEH,T2_SD_VEH_,OF1,4,140.0,145.0,200,59,0,0.0,0.0
R004,VEH,T2_SD_VEH_,OF1,4,150.0,155.0,200,44,4,2.0,9.090909090909092
R004,VEH,T2_SD_VEH_,OF1,4,160.0,165.0,200,73,9,4.5,12.32876712328767
R004,VEH,T2_SD_VEH_,OF1,4,170.0,175.0,200,68,0,0.0,0.0
R004,VEH,T2_SD_VEH_,OF1,4,180.0,185.0,200,82,0,0.0,0.0
R004,VEH,T2_SD_VEH_,OF1,4,190.0,195.0,200,78,5,2.5,6.410256410256411
R004,VEH,T2_SD_VEH_,OF1,4,200.0,205.0,200,38,0,0.0,0.0
R004,VEH,T2_SD_VEH_,OF1,4,210.0,215.0,200,91,0,0.0,0.0
R004,VEH,T2_SD_VEH_,OF1,4,220.0,225.0,200,56,1,0.5,1.7857142857142858
R004,VEH,T2_SD_VEH_,OF1,4,230.0,235.0,200,44,5,2.5,11.363636363636363
R004,VEH,T2_SD_VEH_,OF1,4,240.0,245.0,200,66,0,0.0,0.0
R004,VEH,T2_SD_VEH_,OF1,4,250.0,255.0,200,54,5,2.5,9.25925925925926
R004,VEH,T2_SD_VEH_,OF1,4,260.0,265.0,200,54,1,0.5,1.8518518518518519
R004,VEH,T2_SD_VEH_,OF1,4,270.0,275.0,200,83,4,2.0,4.819277108433735
R004,VEH,T2_SD_VEH_,OF1,4,280.0,285.0,200,69,8,4.0,11.594202898550725
R004,VEH,T2_SD_VEH_,OF1,4,290.0,295.0,200,79,1,0.5,1.2658227848101267
R004,VEH,T2_SD_VEH_,OF1,4,300.0,305.0,200,88,0,0.0,0.0
R004,VEH,T2_SD_VEH_,OF1,4,310.0,315.0,200,92,7,3.5,7.608695652173913
R004,VEH,T2_SD_VEH_,OF1,4,320.0,325.0,200,38,0,0.0,0.0
R004,VEH,T2_SD_VEH_,OF1,4,330.0,335.0,200,51,3,1.5,5.882352941176471
R004,VEH,T2_SD_VEH_,OF1,4,340.0,345.0,200,106,0,0.0,0.0
R004,VEH,T2_SD_VEH_,OF1,4,350.0,355.0,200,50,0,0.0,0.0
R004,VEH,T2_SD_VEH_,OF1,4,360.0,365.0,200,65,0,0.0,0.0
R004,VEH,T2_SD_VEH_,OF1,4,370.0,375.0,200,51,1,0.5,1.9607843137254901
R004,VEH,T2_SD_VEH_,OF1,4,380.0,385.0,200,74,0,0.0,0.0
R004,VEH,T2_SD_VEH_,OF1,4,390.0,395.0,200,59,6,3.0,10.169491525423728
R004,VEH,T2_SD_VEH_,OF1,4,400.0,405.0,200,65,2,1.0,3.076923076923077
R004,VEH,T2_SD_VEH_,OF1,4,410.0,415.0,200,75,8,4.0,10.666666666666666
R004,VEH,T2_SD_VEH_,OF1,4,420.0,425.0,200,84,0,0.0,0.0
R004,VEH,T2_SD_VEH_,OF1,4,430.0,435.0,200,93,0,0.0,0.0
R004,VEH,T2_SD_VEH_,OF1,4,440.0,445.0,200,72,0,0.0,0.0
R004,VEH,T2_SD_VEH_,OF1,4,450.0,455.0,200,56,0,0.0,0.0
R004,VEH,T2_SD_VEH_,OF1,4,460.0,465.0,200,82,0,0.0,0.0
R004,VEH,T2_SD_VEH_,OF1,4,470.0,475.0,200,100,0,0.0,0.0
R004,VEH,T2_SD_VEH_,OF1,4,480.0,485.0,200,63,0,0.0,0.0
R004,VEH,T2_SD_VEH_,OF1,4,490.0,495.0,200,75,0,0.0,0.0
R004,VEH,T2_SD_VEH_,OF1,4,500.0,505.0,200,69,0,0.0,0.0
R004,VEH,T2_SD_VEH_,OF1,4,510.0,515.0,200,68,0,0.0,0.0
R004,VEH,T2_SD_VEH_,OF1,4,520.0,525.0,200,53,13,6.5,24.528301886792452
R004,VEH,T2_SD_VEH_,OF1,4,530.0,535.0,200,79,8,4.0,10.126582278481013
R004,VEH,T2_SD_VEH_,OF1,4,540.0,545.0,200,99,1,0.5,1.0101010101010102
R004,VEH,T2_SD_VEH_,OF1,4,550.0,555.0,200,45,1,0.5,2.2222222222222223
R004,VEH,T2_SD_VEH_,OF1,4,560.0,565.0,200,63,0,0.0,0.0
R004,VEH,T2_SD_VEH_,OF1,4,570.0,575.0,200,67,0,0.0,0.0
R004,VEH,T2_SD_VEH_,OF1,4,580.0,585.0,200,71,0,0.0,0.0
R004,VEH,T2_SD_VEH_,OF1,4,590.0,595.0,200,68,10,5.0,14.705882352941176
R004,VEH,T2_SD_VEH_,OF1,4,600.0,605.0,200,57,8,4.0,14.035087719298245
R004,VEH,T2_SD_VEH_,OF1,4,610.0,615.0,200,75,5,2.5,6.666666666666667
R004,VEH,T2_SD_VEH_,OF1,4,620.0,625.0,200,43,2,1.0,4.651162790697675
R004,VEH,T2_SD_VEH_,OF1,4,630.0,635.0,200,80,0,0.0,0.0
R004,VEH,T2_SD_VEH_,OF1,4,640.0,645.0,199,64,0,0.0,0.0
R004,VEH,T2_SD_VEH_,OF1,5,0.0,5.0,200,115,0,0.0,0.0
R004,VEH,T2_SD_VEH_,OF1,5,10.0,15.0,200,105,0,0.0,0.0
R004,VEH,T2_SD_VEH_,OF1,5,20.0,25.0,200,147,4,2.0,2.7210884353741496
R004,VEH,T2_SD_VEH_,OF1,5,30.0,35.0,200,123,0,0.0,0.0
R004,VEH,T2_SD_VEH_,OF1,5,40.0,45.0,200,62,0,0.0,0.0
R004,VEH,T2_SD_VEH_,OF1,5,50.0,55.0,200,76,0,0.0,0.0
R004,VEH,T2_SD_VEH_,OF1,5,60.0,65.0,200,110,1,0.5,0.9090909090909091
R004,VEH,T2_SD_VEH_,OF1,5,70.0,75.0,200,46,1,0.5,2.1739130434782608
R004,VEH,T2_SD_VEH_,OF1,5,80.0,85.0,200,114,8,4.0,7.017543859649122
R004,VEH,T2_SD_VEH_,OF1,5,90.0,95.0,200,101,2,1.0,1.9801980198019802
R004,VEH,T2_SD_VEH_,OF1,5,100.0,105.0,200,57,0,0.0,0.0
R004,VEH,T2_SD_VEH_,OF1,5,110.0,115.0,200,48,0,0.0,0.0
R004,VEH,T2_SD_VEH_,OF1,5,120.0,125.0,200,63,0,0.0,0.0
R004,VEH,T2_SD_VEH_,OF1,5,130.0,135.0,200,73,3,1.5,4.109589041095891
R004,VEH,T2_SD_VEH_,OF1,5,140.0,145.0,200,59,1,0.5,1.694915254237288
R004,VEH,T2_SD_VEH_,OF1,5,150.0,155.0,200,44,1,0.5,2.272727272727273
R004,VEH,T2_SD_VEH_,OF1,5,160.0,165.0,200,73,3,1.5,4.109589041095891
R004,VEH,T2_SD_VEH_,OF1,5,170.0,175.0,200,68,0,0.0,0.0
R004,VEH,T2_SD_VEH_,OF1,5,180.0,185.0,200,82,2,1.0,2.4390243902439024
R004,VEH,T2_SD_VEH_,OF1,5,190.0,195.0,200,78,2,1.0,2.5641025641025643
R004,VEH,T2_SD_VEH_,OF1,5,200.0,205.0,200,38,1,0.5,2.6315789473684212
R004,VEH,T2_SD_VEH_,OF1,5,210.0,215.0,200,91,8,4.0,8.791208791208792
R004,VEH,T2_SD_VEH_,OF1,5,220.0,225.0,200,56,0,0.0,0.0
R004,VEH,T2_SD_VEH_,OF1,5,230.0,235.0,200,44,1,0.5,2.272727272727273
R004,VEH,T2_SD_VEH_,OF1,5,240.0,245.0,200,66,2,1.0,3.0303030303030303
R004,VEH,T2_SD_VEH_,OF1,5,250.0,255.0,200,54,0,0.0,0.0
R004,VEH,T2_SD_VEH_,OF1,5,260.0,265.0,200,54,1,0.5,1.8518518518518519
R004,VEH,T2_SD_VEH_,OF1,5,270.0,275.0,200,83,4,2.0,4.819277108433735
R004,VEH,T2_SD_VEH_,OF1,5,280.0,285.0,200,69,0,0.0,0.0
R004,VEH,T2_SD_VEH_,OF1,5,290.0,295.0,200,79,2,1.0,2.5316455696202533
R004,VEH,T2_SD_VEH_,OF1,5,300.0,305.0,200,88,1,0.5,1.1363636363636365
R004,VEH,T2_SD_VEH_,OF1,5,310.0,315.0,200,92,0,0.0,0.0
R004,VEH,T2_SD_VEH_,OF1,5,320.0,325.0,200,38,1,0.5,2.6315789473684212
R004,VEH,T2_SD_VEH_,OF1,5,330.0,335.0,200,51,0,0.0,0.0
R004,VEH,T2_SD_VEH_,OF1,5,340.0,345.0,200,106,0,0.0,0.0
R004,VEH,T2_SD_VEH_,OF1,5,350.0,355.0,200,50,12,6.0,24.0
R004,VEH,T2_SD_VEH_,OF1,5,360.0,365.0,200,65,0,0.0,0.0
R004,VEH,T2_SD_VEH_,OF1,5,370.0,375.0,200,51,0,0.0,0.0
R004,VEH,T2_SD_VEH_,OF1,5,380.0,385.0,200,74,0,0.0,0.0
R004,VEH,T2_SD_VEH_,OF1,5,390.0,395.0,200,59,0,0.0,0.0
R004,VEH,T2_SD_VEH_,OF1,5,400.0,405.0,200,65,0,0.0,0.0
R004,VEH,T2_SD_VEH_,OF1,5,410.0,415.0,200,75,0,0.0,0.0
R004,VEH,T2_SD_VEH_,OF1,5,420.0,425.0,200,84,0,0.0,0.0
R004,VEH,T2_SD_VEH_,OF1,5,430.0,435.0,200,93,5,2.5,5.376344086021505
R004,VEH,T2_SD_VEH_,OF1,5,440.0,445.0,200,72,2,1.0,2.7777777777777777
R004,VEH,T2_SD_VEH_,OF1,5,450.0,455.0,200,56,2,1.0,3.5714285714285716
R004,VEH,T2_SD_VEH_,OF1,5,460.0,465.0,200,82,2,1.0,2.4390243902439024
R004,VEH,T2_SD_VEH_,OF1,5,470.0,475.0,200,100,2,1.0,2.0
R004,VEH,T2_SD_VEH_,OF1,5,480.0,485.0,200,63,2,1.0,3.1746031746031744
R004,VEH,T2_SD_VEH_,OF1,5,490.0,495.0,200,75,0,0.0,0.0
R004,VEH,T2_SD_VEH_,OF1,5,500.0,505.0,200,69,1,0.5,1.4492753623188406
R004,VEH,T2_SD_VEH_,OF1,5,510.0,515.0,200,68,3,1.5,4.411764705882353
R004,VEH,T2_SD_VEH_,OF1,5,520.0,525.0,200,53,1,0.5,1.8867924528301887
R004,VEH,T2_SD_VEH_,OF1,5,530.0,535.0,200,79,1,0.5,1.2658227848101267
R004,VEH,T2_SD_VEH_,OF1,5,540.0,545.0,200,99,9,4.5,9.090909090909092
R004,VEH,T2_SD_VEH_,OF1,5,550.0,555.0,200,45,6,3.0,13.333333333333334
R004,VEH,T2_SD_VEH_,OF1,5,560.0,565.0,200,63,0,0.0,0.0
R004,VEH,T2_SD_VEH_,OF1,5,570.0,575.0,200,67,6,3.0,8.955223880597014
R004,VEH,T2_SD_VEH_,OF1,5,580.0,585.0,200,71,0,0.0,0.0
R004,VEH,T2_SD_VEH_,OF1,5,590.0,595.0,200,68,0,0.0,0.0
R004,VEH,T2_SD_VEH_,OF1,5,600.0,605.0,200,57,6,3.0,10.526315789473685
R004,VEH,T2_SD_VEH_,OF1,5,610.0,615.0,200,75,2,1.0,2.6666666666666665
R004,VEH,T2_SD_VEH_,OF1,5,620.0,625.0,200,43,1,0.5,2.3255813953488373
R004,VEH,T2_SD_VEH_,OF1,5,630.0,635.0,200,80,0,0.0,0.0
R004,VEH,T2_SD_VEH_,OF1,5,640.0,645.0,199,64,5,2.512562814070352,7.8125
R004,VEH,T2_SD_VEH_,OF1,6,0.0,5.0,200,115,0,0.0,0.0
R004,VEH,T2_SD_VEH_,OF1,6,10.0,15.0,200,105,0,0.0,0.0
R004,VEH,T2_SD_VEH_,OF1,6,20.0,25.0,200,147,0,0.0,0.0
R004,VEH,T2_SD_VEH_,OF1,6,30.0,35.0,200,123,3,1.5,2.4390243902439024
R004,VEH,T2_SD_VEH_,OF1,6,40.0,45.0,200,62,0,0.0,0.0
R004,VEH,T2_SD_VEH_,OF1,6,50.0,55.0,200,76,4,2.0,5.2631578947368425
R004,VEH,T2_SD_VEH_,OF1,6,60.0,65.0,200,110,0,0.0,0.0
R004,VEH,T2_SD_VEH_,OF1,6,70.0,75.0,200,46,3,1.5,6.521739130434782
R004,VEH,T2_SD_VEH_,OF1,6,80.0,85.0,200,114,0,0.0,0.0
R004,VEH,T2_SD_VEH_,OF1,6,90.0,95.0,200,101,8,4.0,7.920792079207921
R004,VEH,T2_SD_VEH_,OF1,6,100.0,105.0,200,57,0,0.0,0.0
R004,VEH,T2_SD_VEH_,OF1,6,110.0,115.0,200,48,0,0.0,0.0
R004,VEH,T2_SD_VEH_,OF1,6,120.0,125.0,200,63,1,0.5,1.5873015873015872
R004,VEH,T2_SD_VEH_,OF1,6,130.0,135.0,200,73,0,0.0,0.0
R004,VEH,T2_SD_VEH_,OF1,6,140.0,145.0,200,59,2,1.0,3.389830508474576
R004,VEH,T2_SD_VEH_,OF1,6,150.0,155.0,200,44,0,0.0,0.0
R004,VEH,T2_SD_VEH_,OF1,6,160.0,165.0,200,73,3,1.5,4.109589041095891
R004,VEH,T2_SD_VEH_,OF1,6,170.0,175.0,200,68,0,0.0,0.0
R004,VEH,T2_SD_VEH_,OF1,6,180.0,185.0,200,82,0,0.0,0.0
R004,VEH,T2_SD_VEH_,OF1,6,190.0,195.0,200,78,0,0.0,0.0
R004,VEH,T2_SD_VEH_,OF1,6,200.0,205.0,200,38,0,0.0,0.0
R004,VEH,T2_SD_VEH_,OF1,6,210.0,215.0,200,91,0,0.0,0.0
R004,VEH,T2_SD_VEH_,OF1,6,220.0,225.0,200,56,0,0.0,0.0
R004,VEH,T2_SD_VEH_,OF1,6,230.0,235.0,200,44,0,0.0,0.0
R004,VEH,T2_SD_VEH_,OF1,6,240.0,245.0,200,66,1,0.5,1.5151515151515151
R004,VEH,T2_SD_VEH_,OF1,6,250.0,255.0,200,54,4,2.0,7.407407407407407
R004,VEH,T2_SD_VEH_,OF1,6,260.0,265.0,200,54,0,0.0,0.0
R004,VEH,T2_SD_VEH_,OF1,6,270.0,275.0,200,83,0,0.0,0.0
R004,VEH,T2_SD_VEH_,OF1,6,280.0,285.0,200,69,0,0.0,0.0
R004,VEH,T2_SD_VEH_,OF1,6,290.0,295.0,200,79,3,1.5,3.7974683544303796
R004,VEH,T2_SD_VEH_,OF1,6,300.0,305.0,200,88,7,3.5,7.954545454545454
R004,VEH,T2_SD_VEH_,OF1,6,310.0,315.0,200,92,0,0.0,0.0
R004,VEH,T2_SD_VEH_,OF1,6,320.0,325.0,200,38,0,0.0,0.0
R004,VEH,T2_SD_VEH_,OF1,6,330.0,335.0,200,51,0,0.0,0.0
R004,VEH,T2_SD_VEH_,OF1,6,340.0,345.0,200,106,0,0.0,0.0
R004,VEH,T2_SD_VEH_,OF1,6,350.0,355.0,200,50,0,0.0,0.0
R004,VEH,T2_SD_VEH_,OF1,6,360.0,365.0,200,65,5,2.5,7.6923076923076925
R004,VEH,T2_SD_VEH_,OF1,6,370.0,375.0,200,51,0,0.0,0.0
R004,VEH,T2_SD_VEH_,OF1,6,380.0,385.0,200,74,0,0.0,0.0
R004,VEH,T2_SD_VEH_,OF1,6,390.0,395.0,200,59,0,0.0,0.0
R004,VEH,T2_SD_VEH_,OF1,6,400.0,405.0,200,65,0,0.0,0.0
R004,VEH,T2_SD_VEH_,OF1,6,410.0,415.0,200,75,5,2.5,6.666666666666667
R004,VEH,T2_SD_VEH_,OF1,6,420.0,425.0,200,84,0,0.0,0.0
R004,VEH,T2_SD_VEH_,OF1,6,430.0,435.0,200,93,4,2.0,4.301075268817204
R004,VEH,T2_SD_VEH_,OF1,6,440.0,445.0,200,72,0,0.0,0.0
R004,VEH,T2_SD_VEH_,OF1,6,450.0,455.0,200,56,4,2.0,7.142857142857143
R004,VEH,T2_SD_VEH_,OF1,6,460.0,465.0,200,82,1,0.5,1.2195121951219512
R004,VEH,T2_SD_VEH_,OF1,6,470.0,475.0,200,100,0,0.0,0.0
R004,VEH,T2_SD_VEH_,OF1,6,480.0,485.0,200,63,0,0.0,0.0
R004,VEH,T2_SD_VEH_,OF1,6,490.0,495.0,200,75,0,0.0,0.0
R004,VEH,T2_SD_VEH_,OF1,6,500.0,505.0,200,69,10,5.0,14.492753623188406
R004,VEH,T2_SD_VEH_,OF1,6,510.0,515.0,200,68,0,0.0,0.0
R004,VEH,T2_SD_VEH_,OF1,6,520.0,525.0,200,53,0,0.0,0.0
R004,VEH,T2_SD_VEH_,OF1,6,530.0,535.0,200,79,0,0.0,0.0
R004,VEH,T2_SD_VEH_,OF1,6,540.0,545.0,200,99,0,0.0,0.0
R004,VEH,T2_SD_VEH_,OF1,6,550.0,555.0,200,45,0,0.0,0.0
R004,VEH,T2_SD_VEH_,OF1,6,560.0,565.0,200,63,1,0.5,1.5873015873015872
R004,VEH,T2_SD_VEH_,OF1,6,570.0,575.0,200,67,9,4.5,13.432835820895523
R004,VEH,T2_SD_VEH_,OF1,6,580.0,585.0,200,71,0,0.0,0.0
R004,VEH,T2_SD_VEH_,OF1,6,590.0,595.0,200,68,0,0.0,0.0
R004,VEH,T2_SD_VEH_,OF1,6,600.0,605.0,200,57,1,0.5,1.7543859649122806
R004,VEH,T2_SD_VEH_,OF1,6,610.0,615.0,200,75,9,4.5,12.0
R004,VEH,T2_SD_VEH_,OF1,6,620.0,625.0,200,43,0,0.0,0.0
R004,VEH,T2_SD_VEH_,OF1,6,630.0,635.0,200,80,0,0.0,0.0
R004,VEH,T2_SD_VEH_,OF1,6,640.0,645.0,199,64,0,0.0,0.0
R004,VEH,T2_SD_VEH_,SAMPLE,1,0.0,654.95,200,88,6,3.0,6.818181818181818
R004,VEH,T2_SD_VEH_,SAMPLE,1,10.0,664.95,200,72,1,0.5,1.3888888888888888
R004,VEH,T2_SD_VEH_,SAMPLE,1,20.0,674.95,200,69,0,0.0,0.0
R004,VEH,T2_SD_VEH_,SAMPLE,1,30.0,684.95,200,115,5,2.5,4.3478260869565215
R004,VEH,T2_SD_VEH_,SAMPLE,1,40.0,694.95,200,100,1,0.5,1.0
R004,VEH,T2_SD_VEH_,SAMPLE,1,50.0,704.95,200,109,0,0.0,0.0
R004,VEH,T2_SD_VEH_,SAMPLE,1,60.0,714.95,200,96,2,1.0,2.0833333333333335
R004,VEH,T2_SD_VEH_,SAMPLE,1,70.0,724.95,200,67,0,0.0,0.0
R004,VEH,T2_SD_VEH_,SAMPLE,1,80.0,734.95,200,78,0,0.0,0.0
R004,VEH,T2_SD_VEH_,SAMPLE,1,90.0,744.95,200,79,4,2.0,5.063291139240507
R004,VEH,T2_SD_VEH_,SAMPLE,1,100.0,754.95,200,92,3,1.5,3.260869565217391
R004,VEH,T2_SD_VEH_,SAMPLE,1,110.0,764.95,200,123,1,0.5,0.8130081300813008
R004,VEH,T2_SD_VEH_,SAMPLE,1,120.0,774.95,200,61,0,0.0,0.0
R004,VEH,T2_SD_VEH_,SAMPLE,1,130.0,784.95,200,50,0,0.0,0.0
R004,VEH,T2_SD_VEH_,SAMPLE,1,140.0,794.95,200,88,0,0.0,0.0
R004,VEH,T2_SD_VEH_,SAMPLE,1,150.0,804.95,200,24,0,0.0,0.0
R004,VEH,T2_SD_VEH_,SAMPLE,1,160.0,814.95,200,51,0,0.0,0.0
R004,VEH,T2_SD_VEH_,SAMPLE,1,170.0,824.95,200,58,0,0.0,0.0
R004,VEH,T2_SD_VEH_,SAMPLE,1,180.0,834.95,200,74,0,0.0,0.0
R004,VEH,T2_SD_VEH_,SAMPLE,1,190.0,844.95,200,87,6,3.0,6.896551724137931
R004,VEH,T2_SD_VEH_,SAMPLE,1,200.0,854.95,200,64,0,0.0,0.0
R004,VEH,T2_SD_VEH_,SAMPLE,1,210.0,864.95,200,88,0,0.0,0.0
R004,VEH,T2_SD_VEH_,SAMPLE,1,220.0,874.95,200,77,0,0.0,0.0
R004,VEH,T2_SD_VEH_,SAMPLE,1,230.0,884.95,200,82,13,6.5,15.853658536585366
R004,VEH,T2_SD_VEH_,SAMPLE,1,240.0,894.95,200,99,0,0.0,0.0
R004,VEH,T2_SD_VEH_,SAMPLE,1,250.0,904.95,200,95,0,0.0,0.0
R004,VEH,T2_SD_VEH_,SAMPLE,1,260.0,914.95,200,72,1,0.5,1.3888888888888888
R004,VEH,T2_SD_VEH_,SAMPLE,1,270.0,924.95,200,99,3,1.5,3.0303030303030303
R004,VEH,T2_SD_VEH_,SAMPLE,1,280.0,934.95,200,93,1,0.5,1.075268817204301
R004,VEH,T2_SD_VEH_,SAMPLE,1,290.0,944.95,200,87,0,0.0,0.0
R004,VEH,T2_SD_VEH_,SAMPLE,1,300.0,954.95,200,70,2,1.0,2.857142857142857
R004,VEH,T2_SD_VEH_,SAMPLE,1,310.0,964.95,200,68,10,5.0,14.705882352941176
R004,VEH,T2_SD_VEH_,SAMPLE,1,320.0,974.95,200,73,1,0.5,1.36986301369863
R004,VEH,T2_SD_VEH_,SAMPLE,1,330.0,984.95,200,84,1,0.5,1.1904761904761905
R004,VEH,T2_SD_VEH_,SAMPLE,1,340.0,994.95,200,48,0,0.0,0.0
R004,VEH,T2_SD_VEH_,SAMPLE,1,350.0,1004.95,200,70,1,0.5,1.4285714285714286
R004,VEH,T2_SD_VEH_,SAMPLE,1,360.0,1014.95,200,67,6,3.0,8.955223880597014
R004,VEH,T2_SD_VEH_,SAMPLE,1,370.0,1024.95,200,23,0,0.0,0.0
R004,VEH,T2_SD_VEH_,SAMPLE,1,380.0,1034.95,200,0,0,0.0,nan
R004,VEH,T2_SD_VEH_,SAMPLE,1,390.0,1044.95,200,67,1,0.5,1.492537313432836
R004,VEH,T2_SD_VEH_,SAMPLE,1,400.0,1054.95,200,63,3,1.5,4.761904761904762
R004,VEH,T2_SD_VEH_,SAMPLE,1,410.0,1064.95,200,61,1,0.5,1.639344262295082
R004,VEH,T2_SD_VEH_,SAMPLE,1,420.0,1074.95,200,94,1,0.5,1.0638297872340425
R004,VEH,T2_SD_VEH_,SAMPLE,1,430.0,1084.95,200,84,1,0.5,1.1904761904761905
R004,VEH,T2_SD_VEH_,SAMPLE,1,440.0,1094.95,200,84,0,0.0,0.0
R004,VEH,T2_SD_VEH_,SAMPLE,1,450.0,1104.95,200,92,3,1.5,3.260869565217391
R004,VEH,T2_SD_VEH_,SAMPLE,1,460.0,1114.95,200,54,0,0.0,0.0
R004,VEH,T2_SD_VEH_,SAMPLE,1,470.0,1124.95,200,88,1,0.5,1.1363636363636365
R004,VEH,T2_SD_VEH_,SAMPLE,1,480.0,1134.95,200,92,0,0.0,0.0
R004,VEH,T2_SD_VEH_,SAMPLE,1,490.0,1144.95,200,71,2,1.0,2.816901408450704
R004,VEH,T2_SD_VEH_,SAMPLE,1,500.0,1154.95,200,92,1,0.5,1.0869565217391304
R004,VEH,T2_SD_VEH_,SAMPLE,1,510.0,1164.95,200,56,0,0.0,0.0
R004,VEH,T2_SD_VEH_,SAMPLE,1,520.0,1174.95,200,79,0,0.0,0.0
R004,VEH,T2_SD_VEH_,SAMPLE,1,530.0,1184.95,200,66,1,0.5,1.5151515151515151
R004,VEH,T2_SD_VEH_,SAMPLE,1,540.0,1194.95,200,94,0,0.0,0.0
R004,VEH,T2_SD_VEH_,SAMPLE,1,550.0,1204.95,200,61,3,1.5,4.918032786885246
R004,VEH,T2_SD_VEH_,SAMPLE,1,560.0,1214.95,200,52,4,2.0,7.6923076923076925
R004,VEH,T2_SD_VEH_,SAMPLE,1,570.0,1224.95,200,101,4,2.0,3.9603960396039604
R004,VEH,T2_SD_VEH_,SAMPLE,1,580.0,1234.95,200,53,0,0.0,0.0
R004,VEH,T2_SD_VEH_,SAMPLE,1,590.0,1244.95,200,46,0,0.0,0.0
R004,VEH,T2_SD_VEH_,SAMPLE,1,600.0,1254.95,200,56,0,0.0,0.0
R004,VEH,T2_SD_VEH_,SAMPLE,1,610.0,1264.95,200,50,0,0.0,0.0
R004,VEH,T2_SD_VEH_,SAMPLE,1,620.0,1274.95,200,56,0,0.0,0.0
R004,VEH,T2_SD_VEH_,SAMPLE,1,630.0,1284.95,200,106,1,0.5,0.9433962264150944
R004,VEH,T2_SD_VEH_,SAMPLE,1,640.0,1294.95,199,62,1,0.5025125628140703,1.6129032258064515
R004,VEH,T2_SD_VEH_,SAMPLE,2,0.0,654.95,200,88,0,0.0,0.0
R004,VEH,T2_SD_VEH_,SAMPLE,2,10.0,664.95,200,72,1,0.5,1.3888888888888888
R004,VEH,T2_SD_VEH_,SAMPLE,2,20.0,674.95,200,69,1,0.5,1.4492753623188406
R004,VEH,T2_SD_VEH_,SAMPLE,2,30.0,684.95,200,115,0,0.0,0.0
R004,VEH,T2_SD_VEH_,SAMPLE,2,40.0,694.95,200,100,1,0.5,1.0
R004,VEH,T2_SD_VEH_,SAMPLE,2,50.0,704.95,200,109,0,0.0,0.0
R004,VEH,T2_SD_VEH_,SAMPLE,2,60.0,714.95,200,96,0,0.0,0.0
R004,VEH,T2_SD_VEH_,SAMPLE,2,70.0,724.95,200,67,0,0.0,0.0
R004,VEH,T2_SD_VEH_,SAMPLE,2,80.0,734.95,200,78,1,0.5,1.2820512820512822
R004,VEH,T2_SD_VEH_,SAMPLE,2,90.0,744.95,200,79,2,1.0,2.5316455696202533
R004,VEH,T2_SD_VEH_,SAMPLE,2,100.0,754.95,200,92,0,0.0,0.0
R004,VEH,T2_SD_VEH_,SAMPLE,2,110.0,764.95,200,123,3,1.5,2.4390243902439024
R004,VEH,T2_SD_VEH_,SAMPLE,2,120.0,774.95,200,61,0,0.0,0.0
R004,VEH,T2_SD_VEH_,SAMPLE,2,130.0,784.95,200,50,0,0.0,0.0
R004,VEH,T2_SD_VEH_,SAMPLE,2,140.0,794.95,200,88,1,0.5,1.1363636363636365
R004,VEH,T2_SD_VEH_,SAMPLE,2,150.0,804.95,200,24,0,0.0,0.0
R004,VEH,T2_SD_VEH_,SAMPLE,2,160.0,814.95,200,51,0,0.0,0.0
R004,VEH,T2_SD_VEH_,SAMPLE,2,170.0,824.95,200,58,3,1.5,5.172413793103448
R004,VEH,T2_SD_VEH_,SAMPLE,2,180.0,834.95,200,74,3,1.5,4.054054054054054
R004,VEH,T2_SD_VEH_,SAMPLE,2,190.0,844.95,200,87,0,0.0,0.0
R004,VEH,T2_SD_VEH_,SAMPLE,2,200.0,854.95,200,64,0,0.0,0.0
R004,VEH,T2_SD_VEH_,SAMPLE,2,210.0,864.95,200,88,1,0.5,1.1363636363636365
R004,VEH,T2_SD_VEH_,SAMPLE,2,220.0,874.95,200,77,2,1.0,2.5974025974025974
R004,VEH,T2_SD_VEH_,SAMPLE,2,230.0,884.95,200,82,6,3.0,7.317073170731708
R004,VEH,T2_SD_VEH_,SAMPLE,2,240.0,894.95,200,99,0,0.0,0.0
R004,VEH,T2_SD_VEH_,SAMPLE,2,250.0,904.95,200,95,1,0.5,1.0526315789473684
R004,VEH,T2_SD_VEH_,SAMPLE,2,260.0,914.95,200,72,4,2.0,5.555555555555555
R004,VEH,T2_SD_VEH_,SAMPLE,2,270.0,924.95,200,99,0,0.0,0.0
R004,VEH,T2_SD_VEH_,SAMPLE,2,280.0,934.95,200,93,2,1.0,2.150537634408602
R004,VEH,T2_SD_VEH_,SAMPLE,2,290.0,944.95,200,87,2,1.0,2.2988505747126435
R004,VEH,T2_SD_VEH_,SAMPLE,2,300.0,954.95,200,70,1,0.5,1.4285714285714286
R004,VEH,T2_SD_VEH_,SAMPLE,2,310.0,964.95,200,68,0,0.0,0.0
R004,VEH,T2_SD_VEH_,SAMPLE,2,320.0,974.95,200,73,5,2.5,6.8493150684931505
R004,VEH,T2_SD_VEH_,SAMPLE,2,330.0,984.95,200,84,0,0.0,0.0
R004,VEH,T2_SD_VEH_,SAMPLE,2,340.0,994.95,200,48,1,0.5,2.0833333333333335
R004,VEH,T2_SD_VEH_,SAMPLE,2,350.0,1004.95,200,70,0,0.0,0.0
R004,VEH,T2_SD_VEH_,SAMPLE,2,360.0,1014.95,200,67,3,1.5,4.477611940298507
R004,VEH,T2_SD_VEH_,SAMPLE,2,370.0,1024.95,200,23,0,0.0,0.0
R004,VEH,T2_SD_VEH_,SAMPLE,2,380.0,1034.95,200,0,0,0.0,nan
R004,VEH,T2_SD_VEH_,SAMPLE,2,390.0,1044.95,200,67,0,0.0,0.0
R004,VEH,T2_SD_VEH_,SAMPLE,2,400.0,1054.95,200,63,0,0.0,0.0
R004,VEH,T2_SD_VEH_,SAMPLE,2,410.0,1064.95,200,61,2,1.0,3.278688524590164
R004,VEH,T2_SD_VEH_,SAMPLE,2,420.0,1074.95,200,94,0,0.0,0.0
R004,VEH,T2_SD_VEH_,SAMPLE,2,430.0,1084.95,200,84,4,2.0,4.761904761904762
R004,VEH,T2_SD_VEH_,SAMPLE,2,440.0,1094.95,200,84,0,0.0,0.0
R004,VEH,T2_SD_VEH_,SAMPLE,2,450.0,1104.95,200,92,0,0.0,0.0
R004,VEH,T2_SD_VEH_,SAMPLE,2,460.0,1114.95,200,54,0,0.0,0.0
R004,VEH,T2_SD_VEH_,SAMPLE,2,470.0,1124.95,200,88,0,0.0,0.0
R004,VEH,T2_SD_VEH_,SAMPLE,2,480.0,1134.95,200,92,8,4.0,8.695652173913043
R004,VEH,T2_SD_VEH_,SAMPLE,2,490.0,1144.95,200,71,1,0.5,1.408450704225352
R004,VEH,T2_SD_VEH_,SAMPLE,2,500.0,1154.95,200,92,0,0.0,0.0
R004,VEH,T2_SD_VEH_,SAMPLE,2,510.0,1164.95,200,56,1,0.5,1.7857142857142858
R004,VEH,T2_SD_VEH_,SAMPLE,2,520.0,1174.95,200,79,4,2.0,5.063291139240507
R004,VEH,T2_SD_VEH_,SAMPLE,2,530.0,1184.95,200,66,0,0.0,0.0
R004,VEH,T2_SD_VEH_,SAMPLE,2,540.0,1194.95,200,94,3,1.5,3.1914893617021276
R004,VEH,T2_SD_VEH_,SAMPLE,2,550.0,1204.95,200,61,2,1.0,3.278688524590164
R004,VEH,T2_SD_VEH_,SAMPLE,2,560.0,1214.95,200,52,2,1.0,3.8461538461538463
R004,VEH,T2_SD_VEH_,SAMPLE,2,570.0,1224.95,200,101,12,6.0,11.881188118811881
R004,VEH,T2_SD_VEH_,SAMPLE,2,580.0,1234.95,200,53,5,2.5,9.433962264150944
R004,VEH,T2_SD_VEH_,SAMPLE,2,590.0,1244.95,200,46,1,0.5,2.1739130434782608
R004,VEH,T2_SD_VEH_,SAMPLE,2,600.0,1254.95,200,56,0,0.0,0.0
R004,VEH,T2_SD_VEH_,SAMPLE,2,610.0,1264.95,200,50,0,0.0,0.0
R004,VEH,T2_SD_VEH_,SAMPLE,2,620.0,1274.95,200,56,0,0.0,0.0
R004,VEH,T2_SD_VEH_,SAMPLE,2,630.0,1284.95,200,106,0,0.0,0.0
R004,VEH,T2_SD_VEH_,SAMPLE,2,640.0,1294.95,199,62,0,0.0,0.0
R004,VEH,T2_SD_VEH_,SAMPLE,3,0.0,654.95,200,88,4,2.0,4.545454545454546
R004,VEH,T2_SD_VEH_,SAMPLE,3,10.0,664.95,200,72,3,1.5,4.166666666666667
R004,VEH,T2_SD_VEH_,SAMPLE,3,20.0,674.95,200,69,2,1.0,2.898550724637681
R004,VEH,T2_SD_VEH_,SAMPLE,3,30.0,684.95,200,115,1,0.5,0.8695652173913043
R004,VEH,T2_SD_VEH_,SAMPLE,3,40.0,694.95,200,100,0,0.0,0.0
R004,VEH,T2_SD_VEH_,SAMPLE,3,50.0,704.95,200,109,2,1.0,1.834862385321101
R004,VEH,T2_SD_VEH_,SAMPLE,3,60.0,714.95,200,96,1,0.5,1.0416666666666667
R004,VEH,T2_SD_VEH_,SAMPLE,3,70.0,724.95,200,67,7,3.5,10.447761194029852
R004,VEH,T2_SD_VEH_,SAMPLE,3,80.0,734.95,200,78,3,1.5,3.8461538461538463
R004,VEH,T2_SD_VEH_,SAMPLE,3,90.0,744.95,200,79,0,0.0,0.0
R004,VEH,T2_SD_VEH_,SAMPLE,3,100.0,754.95,200,92,9,4.5,9.782608695652174
R004,VEH,T2_SD_VEH_,SAMPLE,3,110.0,764.95,200,123,7,3.5,5.691056910569106
R004,VEH,T2_SD_VEH_,SAMPLE,3,120.0,774.95,200,61,8,4.0,13.114754098360656
R004,VEH,T2_SD_VEH_,SAMPLE,3,130.0,784.95,200,50,0,0.0,0.0
R004,VEH,T2_SD_VEH_,SAMPLE,3,140.0,794.95,200,88,0,0.0,0.0
R004,VEH,T2_SD_VEH_,SAMPLE,3,150.0,804.95,200,24,3,1.5,12.5
R004,VEH,T2_SD_VEH_,SAMPLE,3,160.0,814.95,200,51,0,0.0,0.0
R004,VEH,T2_SD_VEH_,SAMPLE,3,170.0,824.95,200,58,2,1.0,3.4482758620689653
R004,VEH,T2_SD_VEH_,SAMPLE,3,180.0,834.95,200,74,5,2.5,6.756756756756757
R004,VEH,T2_SD_VEH_,SAMPLE,3,190.0,844.95,200,87,2,1.0,2.2988505747126435
R004,VEH,T2_SD_VEH_,SAMPLE,3,200.0,854.95,200,64,4,2.0,6.25
R004,VEH,T2_SD_VEH_,SAMPLE,3,210.0,864.95,200,88,1,0.5,1.1363636363636365
R004,VEH,T2_SD_VEH_,SAMPLE,3,220.0,874.95,200,77,10,5.0,12.987012987012987
R004,VEH,T2_SD_VEH_,SAMPLE,3,230.0,884.95,200,82,5,2.5,6.097560975609756
R004,VEH,T2_SD_VEH_,SAMPLE,3,240.0,894.95,200,99,3,1.5,3.0303030303030303
R004,VEH,T2_SD_VEH_,SAMPLE,3,250.0,904.95,200,95,2,1.0,2.1052631578947367
R004,VEH,T2_SD_VEH_,SAMPLE,3,260.0,914.95,200,72,1,0.5,1.3888888888888888
R004,VEH,T2_SD_VEH_,SAMPLE,3,270.0,924.95,200,99,8,4.0,8.080808080808081
R004,VEH,T2_SD_VEH_,SAMPLE,3,280.0,934.95,200,93,5,2.5,5.376344086021505
R004,VEH,T2_SD_VEH_,SAMPLE,3,290.0,944.95,200,87,6,3.0,6.896551724137931
R004,VEH,T2_SD_VEH_,SAMPLE,3,300.0,954.95,200,70,4,2.0,5.714285714285714
R004,VEH,T2_SD_VEH_,SAMPLE,3,310.0,964.95,200,68,8,4.0,11.764705882352942
R004,VEH,T2_SD_VEH_,SAMPLE,3,320.0,974.95,200,73,8,4.0,10.95890410958904
R004,VEH,T2_SD_VEH_,SAMPLE,3,330.0,984.95,200,84,3,1.5,3.5714285714285716
R004,VEH,T2_SD_VEH_,SAMPLE,3,340.0,994.95,200,48,1,0.5,2.0833333333333335
R004,VEH,T2_SD_VEH_,SAMPLE,3,350.0,1004.95,200,70,3,1.5,4.285714285714286
R004,VEH,T2_SD_VEH_,SAMPLE,3,360.0,1014.95,200,67,5,2.5,7.462686567164179
R004,VEH,T2_SD_VEH_,SAMPLE,3,370.0,1024.95,200,23,0,0.0,0.0
R004,VEH,T2_SD_VEH_,SAMPLE,3,380.0,1034.95,200,0,0,0.0,nan
R004,VEH,T2_SD_VEH_,SAMPLE,3,390.0,1044.95,200,67,4,2.0,5.970149253731344
R004,VEH,T2_SD_VEH_,SAMPLE,3,400.0,1054.95,200,63,4,2.0,6.349206349206349
R004,VEH,T2_SD_VEH_,SAMPLE,3,410.0,1064.95,200,61,4,2.0,6.557377049180328
R004,VEH,T2_SD_VEH_,SAMPLE,3,420.0,1074.95,200,94,12,6.0,12.76595744680851
R004,VEH,T2_SD_VEH_,SAMPLE,3,430.0,1084.95,200,84,5,2.5,5.9523809523809526
R004,VEH,T2_SD_VEH_,SAMPLE,3,440.0,1094.95,200,84,0,0.0,0.0
R004,VEH,T2_SD_VEH_,SAMPLE,3,450.0,1104.95,200,92,4,2.0,4.3478260869565215
R004,VEH,T2_SD_VEH_,SAMPLE,3,460.0,1114.95,200,54,5,2.5,9.25925925925926
R004,VEH,T2_SD_VEH_,SAMPLE,3,470.0,1124.95,200,88,5,2.5,5.681818181818182
R004,VEH,T2_SD_VEH_,SAMPLE,3,480.0,1134.95,200,92,2,1.0,2.1739130434782608
R004,VEH,T2_SD_VEH_,SAMPLE,3,490.0,1144.95,200,71,4,2.0,5.633802816901408
R004,VEH,T2_SD_VEH_,SAMPLE,3,500.0,1154.95,200,92,8,4.0,8.695652173913043
R004,VEH,T2_SD_VEH_,SAMPLE,3,510.0,1164.95,200,56,8,4.0,14.285714285714286
R004,VEH,T2_SD_VEH_,SAMPLE,3,520.0,1174.95,200,79,9,4.5,11.39240506329114
R004,VEH,T2_SD_VEH_,SAMPLE,3,530.0,1184.95,200,66,2,1.0,3.0303030303030303
R004,VEH,T2_SD_VEH_,SAMPLE,3,540.0,1194.95,200,94,0,0.0,0.0
R004,VEH,T2_SD_VEH_,SAMPLE,3,550.0,1204.95,200,61,4,2.0,6.557377049180328
R004,VEH,T2_SD_VEH_,SAMPLE,3,560.0,1214.95,200,52,2,1.0,3.8461538461538463
R004,VEH,T2_SD_VEH_,SAMPLE,3,570.0,1224.95,200,101,2,1.0,1.9801980198019802
R004,VEH,T2_SD_VEH_,SAMPLE,3,580.0,1234.95,200,53,0,0.0,0.0
R004,VEH,T2_SD_VEH_,SAMPLE,3,590.0,1244.95,200,46,7,3.5,15.217391304347826
R004,VEH,T2_SD_VEH_,SAMPLE,3,600.0,1254.95,200,56,0,0.0,0.0
R004,VEH,T2_SD_VEH_,SAMPLE,3,610.0,1264.95,200,50,5,2.5,10.0
R004,VEH,T2_SD_VEH_,SAMPLE,3,620.0,1274.95,200,56,1,0.5,1.7857142857142858
R004,VEH,T2_SD_VEH_,SAMPLE,3,630.0,1284.95,200,106,8,4.0,7.547169811320755
R004,VEH,T2_SD_VEH_,SAMPLE,3,640.0,1294.95,199,62,3,1.5075376884422111,4.838709677419355
R004,VEH,T2_SD_VEH_,SAMPLE,4,0.0,654.95,200,88,0,0.0,0.0
R004,VEH,T2_SD_VEH_,SAMPLE,4,10.0,664.95,200,72,0,0.0,0.0
R004,VEH,T2_SD_VEH_,SAMPLE,4,20.0,674.95,200,69,0,0.0,0.0
R004,VEH,T2_SD_VEH_,SAMPLE,4,30.0,684.95,200,115,0,0.0,0.0
R004,VEH,T2_SD_VEH_,SAMPLE,4,40.0,694.95,200,100,5,2.5,5.0
R004,VEH,T2_SD_VEH_,SAMPLE,4,50.0,704.95,200,109,0,0.0,0.0
R004,VEH,T2_SD_VEH_,SAMPLE,4,60.0,714.95,200,96,0,0.0,0.0
R004,VEH,T2_SD_VEH_,SAMPLE,4,70.0,724.95,200,67,2,1.0,2.985074626865672
R004,VEH,T2_SD_VEH_,SAMPLE,4,80.0,734.95,200,78,1,0.5,1.2820512820512822
R004,VEH,T2_SD_VEH_,SAMPLE,4,90.0,744.95,200,79,4,2.0,5.063291139240507
R004,VEH,T2_SD_VEH_,SAMPLE,4,100.0,754.95,200,92,11,5.5,11.956521739130435
R004,VEH,T2_SD_VEH_,SAMPLE,4,110.0,764.95,200,123,1,0.5,0.8130081300813008
R004,VEH,T2_SD_VEH_,SAMPLE,4,120.0,774.95,200,61,0,0.0,0.0
R004,VEH,T2_SD_VEH_,SAMPLE,4,130.0,784.95,200,50,1,0.5,2.0
R004,VEH,T2_SD_VEH_,SAMPLE,4,140.0,794.95,200,88,0,0.0,0.0
R004,VEH,T2_SD_VEH_,SAMPLE,4,150.0,804.95,200,24,0,0.0,0.0
R004,VEH,T2_SD_VEH_,SAMPLE,4,160.0,814.95,200,51,2,1.0,3.9215686274509802
R004,VEH,T2_SD_VEH_,SAMPLE,4,170.0,824.95,200,58,0,0.0,0.0
R004,VEH,T2_SD_VEH_,SAMPLE,4,180.0,834.95,200,74,2,1.0,2.7027027027027026
R004,VEH,T2_SD_VEH_,SAMPLE,4,190.0,844.95,200,87,1,0.5,1.1494252873563218
R004,VEH,T2_SD_VEH_,SAMPLE,4,200.0,854.95,200,64,0,0.0,0.0
R004,VEH,T2_SD_VEH_,SAMPLE,4,210.0,864.95,200,88,0,0.0,0.0
R004,VEH,T2_SD_VEH_,SAMPLE,4,220.0,874.95,200,77,0,0.0,0.0
R004,VEH,T2_SD_VEH_,SAMPLE,4,230.0,884.95,200,82,0,0.0,0.0
R004,VEH,T2_SD_VEH_,SAMPLE,4,240.0,894.95,200,99,0,0.0,0.0
R004,VEH,T2_SD_VEH_,SAMPLE,4,250.0,904.95,200,95,4,2.0,4.2105263157894735
R004,VEH,T2_SD_VEH_,SAMPLE,4,260.0,914.95,200,72,4,2.0,5.555555555555555
R004,VEH,T2_SD_VEH_,SAMPLE,4,270.0,924.95,200,99,1,0.5,1.0101010101010102
R004,VEH,T2_SD_VEH_,SAMPLE,4,280.0,934.95,200,93,7,3.5,7.526881720430108
R004,VEH,T2_SD_VEH_,SAMPLE,4,290.0,944.95,200,87,6,3.0,6.896551724137931
R004,VEH,T2_SD_VEH_,SAMPLE,4,300.0,954.95,200,70,9,4.5,12.857142857142858
R004,VEH,T2_SD_VEH_,SAMPLE,4,310.0,964.95,200,68,0,0.0,0.0
R004,VEH,T2_SD_VEH_,SAMPLE,4,320.0,974.95,200,73,5,2.5,6.8493150684931505
R004,VEH,T2_SD_VEH_,SAMPLE,4,330.0,984.95,200,84,6,3.0,7.142857142857143
R004,VEH,T2_SD_VEH_,SAMPLE,4,340.0,994.95,200,48,0,0.0,0.0
R004,VEH,T2_SD_VEH_,SAMPLE,4,350.0,1004.95,200,70,0,0.0,0.0
R004,VEH,T2_SD_VEH_,SAMPLE,4,360.0,1014.95,200,67,3,1.5,4.477611940298507
R004,VEH,T2_SD_VEH_,SAMPLE,4,370.0,1024.95,200,23,0,0.0,0.0
R004,VEH,T2_SD_VEH_,SAMPLE,4,380.0,1034.95,200,0,0,0.0,nan
R004,VEH,T2_SD_VEH_,SAMPLE,4,390.0,1044.95,200,67,0,0.0,0.0
R004,VEH,T2_SD_VEH_,SAMPLE,4,400.0,1054.95,200,63,0,0.0,0.0
R004,VEH,T2_SD_VEH_,SAMPLE,4,410.0,1064.95,200,61,4,2.0,6.557377049180328
R004,VEH,T2_SD_VEH_,SAMPLE,4,420.0,1074.95,200,94,1,0.5,1.0638297872340425
R004,VEH,T2_SD_VEH_,SAMPLE,4,430.0,1084.95,200,84,2,1.0,2.380952380952381
R004,VEH,T2_SD_VEH_,SAMPLE,4,440.0,1094.95,200,84,2,1.0,2.380952380952381
R004,VEH,T2_SD_VEH_,SAMPLE,4,450.0,1104.95,200,92,0,0.0,0.0
R004,VEH,T2_SD_VEH_,SAMPLE,4,460.0,1114.95,200,54,0,0.0,0.0
R004,VEH,T2_SD_VEH_,SAMPLE,4,470.0,1124.95,200,88,0,0.0,0.0
R004,VEH,T2_SD_VEH_,SAMPLE,4,480.0,1134.95,200,92,2,1.0,2.1739130434782608
R004,VEH,T2_SD_VEH_,SAMPLE,4,490.0,1144.95,200,71,6,3.0,8.450704225352112
R004,VEH,T2_SD_VEH_,SAMPLE,4,500.0,1154.95,200,92,12,6.0,13.043478260869565
R004,VEH,T2_SD_VEH_,SAMPLE,4,510.0,1164.95,200,56,0,0.0,0.0
R004,VEH,T2_SD_VEH_,SAMPLE,4,520.0,1174.95,200,79,0,0.0,0.0
R004,VEH,T2_SD_VEH_,SAMPLE,4,530.0,1184.95,200,66,0,0.0,0.0
R004,VEH,T2_SD_VEH_,SAMPLE,4,540.0,1194.95,200,94,1,0.5,1.0638297872340425
R004,VEH,T2_SD_VEH_,SAMPLE,4,550.0,1204.95,200,61,5,2.5,8.19672131147541
R004,VEH,T2_SD_VEH_,SAMPLE,4,560.0,1214.95,200,52,0,0.0,0.0
R004,VEH,T2_SD_VEH_,SAMPLE,4,570.0,1224.95,200,101,0,0.0,0.0
R004,VEH,T2_SD_VEH_,SAMPLE,4,580.0,1234.95,200,53,0,0.0,0.0
R004,VEH,T2_SD_VEH_,SAMPLE,4,590.0,1244.95,200,46,0,0.0,0.0
R004,VEH,T2_SD_VEH_,SAMPLE,4,600.0,1254.95,200,56,2,1.0,3.5714285714285716
R004,VEH,T2_SD_VEH_,SAMPLE,4,610.0,1264.95,200,50,0,0.0,0.0
R004,VEH,T2_SD_VEH_,SAMPLE,4,620.0,1274.95,200,56,0,0.0,0.0
R004,VEH,T2_SD_VEH_,SAMPLE,4,630.0,1284.95,200,106,15,7.5,14.150943396226415
R004,VEH,T2_SD_VEH_,SAMPLE,4,640.0,1294.95,199,62,1,0.5025125628140703,1.6129032258064515
R004,VEH,T2_SD_VEH_,SAMPLE,5,0.0,654.95,200,88,0,0.0,0.0
R004,VEH,T2_SD_VEH_,SAMPLE,5,10.0,664.95,200,72,0,0.0,0.0
R004,VEH,T2_SD_VEH_,SAMPLE,5,20.0,674.95,200,69,2,1.0,2.898550724637681
R004,VEH,T2_SD_VEH_,SAMPLE,5,30.0,684.95,200,115,0,0.0,0.0
R004,VEH,T2_SD_VEH_,SAMPLE,5,40.0,694.95,200,100,0,0.0,0.0
R004,VEH,T2_SD_VEH_,SAMPLE,5,50.0,704.95,200,109,0,0.0,0.0
R004,VEH,T2_SD_VEH_,SAMPLE,5,60.0,714.95,200,96,1,0.5,1.0416666666666667
R004,VEH,T2_SD_VEH_,SAMPLE,5,70.0,724.95,200,67,0,0.0,0.0
R004,VEH,T2_SD_VEH_,SAMPLE,5,80.0,734.95,200,78,1,0.5,1.2820512820512822
R004,VEH,T2_SD_VEH_,SAMPLE,5,90.0,744.95,200,79,0,0.0,0.0
R004,VEH,T2_SD_VEH_,SAMPLE,5,100.0,754.95,200,92,0,0.0,0.0
R004,VEH,T2_SD_VEH_,SAMPLE,5,110.0,764.95,200,123,0,0.0,0.0
R004,VEH,T2_SD_VEH_,SAMPLE,5,120.0,774.95,200,61,0,0.0,0.0
R004,VEH,T2_SD_VEH_,SAMPLE,5,130.0,784.95,200,50,4,2.0,8.0
R004,VEH,T2_SD_VEH_,SAMPLE,5,140.0,794.95,200,88,2,1.0,2.272727272727273
R004,VEH,T2_SD_VEH_,SAMPLE,5,150.0,804.95,200,24,1,0.5,4.166666666666667
R004,VEH,T2_SD_VEH_,SAMPLE,5,160.0,814.95,200,51,3,1.5,5.882352941176471
R004,VEH,T2_SD_VEH_,SAMPLE,5,170.0,824.95,200,58,2,1.0,3.4482758620689653
R004,VEH,T2_SD_VEH_,SAMPLE,5,180.0,834.95,200,74,4,2.0,5.405405405405405
R004,VEH,T2_SD_VEH_,SAMPLE,5,190.0,844.95,200,87,2,1.0,2.2988505747126435
R004,VEH,T2_SD_VEH_,SAMPLE,5,200.0,854.95,200,64,2,1.0,3.125
R004,VEH,T2_SD_VEH_,SAMPLE,5,210.0,864.95,200,88,5,2.5,5.681818181818182
R004,VEH,T2_SD_VEH_,SAMPLE,5,220.0,874.95,200,77,7,3.5,9.090909090909092
R004,VEH,T2_SD_VEH_,SAMPLE,5,230.0,884.95,200,82,0,0.0,0.0
R004,VEH,T2_SD_VEH_,SAMPLE,5,240.0,894.95,200,99,0,0.0,0.0
R004,VEH,T2_SD_VEH_,SAMPLE,5,250.0,904.95,200,95,4,2.0,4.2105263157894735
R004,VEH,T2_SD_VEH_,SAMPLE,5,260.0,914.95,200,72,3,1.5,4.166666666666667
R004,VEH,T2_SD_VEH_,SAMPLE,5,270.0,924.95,200,99,4,2.0,4.040404040404041
R004,VEH,T2_SD_VEH_,SAMPLE,5,280.0,934.95,200,93,0,0.0,0.0
R004,VEH,T2_SD_VEH_,SAMPLE,5,290.0,944.95,200,87,0,0.0,0.0
R004,VEH,T2_SD_VEH_,SAMPLE,5,300.0,954.95,200,70,3,1.5,4.285714285714286
R004,VEH,T2_SD_VEH_,SAMPLE,5,310.0,964.95,200,68,0,0.0,0.0
R004,VEH,T2_SD_VEH_,SAMPLE,5,320.0,974.95,200,73,0,0.0,0.0
R004,VEH,T2_SD_VEH_,SAMPLE,5,330.0,984.95,200,84,0,0.0,0.0
R004,VEH,T2_SD_VEH_,SAMPLE,5,340.0,994.95,200,48,0,0.0,0.0
R004,VEH,T2_SD_VEH_,SAMPLE,5,350.0,1004.95,200,70,0,0.0,0.0
R004,VEH,T2_SD_VEH_,SAMPLE,5,360.0,1014.95,200,67,0,0.0,0.0
R004,VEH,T2_SD_VEH_,SAMPLE,5,370.0,1024.95,200,23,0,0.0,0.0
R004,VEH,T2_SD_VEH_,SAMPLE,5,380.0,1034.95,200,0,0,0.0,nan
R004,VEH,T2_SD_VEH_,SAMPLE,5,390.0,1044.95,200,67,0,0.0,0.0
R004,VEH,T2_SD_VEH_,SAMPLE,5,400.0,1054.95,200,63,1,0.5,1.5873015873015872
R004,VEH,T2_SD_VEH_,SAMPLE,5,410.0,1064.95,200,61,0,0.0,0.0
R004,VEH,T2_SD_VEH_,SAMPLE,5,420.0,1074.95,200,94,0,0.0,0.0
R004,VEH,T2_SD_VEH_,SAMPLE,5,430.0,1084.95,200,84,1,0.5,1.1904761904761905
R004,VEH,T2_SD_VEH_,SAMPLE,5,440.0,1094.95,200,84,1,0.5,1.1904761904761905
R004,VEH,T2_SD_VEH_,SAMPLE,5,450.0,1104.95,200,92,0,0.0,0.0
R004,VEH,T2_SD_VEH_,SAMPLE,5,460.0,1114.95,200,54,0,0.0,0.0
R004,VEH,T2_SD_VEH_,SAMPLE,5,470.0,1124.95,200,88,2,1.0,2.272727272727273
R004,VEH,T2_SD_VEH_,SAMPLE,5,480.0,1134.95,200,92,2,1.0,2.1739130434782608
R004,VEH,T2_SD_VEH_,SAMPLE,5,490.0,1144.95,200,71,2,1.0,2.816901408450704
R004,VEH,T2_SD_VEH_,SAMPLE,5,500.0,1154.95,200,92,0,0.0,0.0
R004,VEH,T2_SD_VEH_,SAMPLE,5,510.0,1164.95,200,56,0,0.0,0.0
R004,VEH,T2_SD_VEH_,SAMPLE,5,520.0,1174.95,200,79,0,0.0,0.0
R004,VEH,T2_SD_VEH_,SAMPLE,5,530.0,1184.95,200,66,0,0.0,0.0
R004,VEH,T2_SD_VEH_,SAMPLE,5,540.0,1194.95,200,94,0,0.0,0.0
R004,VEH,T2_SD_VEH_,SAMPLE,5,550.0,1204.95,200,61,0,0.0,0.0
R004,VEH,T2_SD_VEH_,SAMPLE,5,560.0,1214.95,200,52,0,0.0,0.0
R004,VEH,T2_SD_VEH_,SAMPLE,5,570.0,1224.95,200,101,0,0.0,0.0
R004,VEH,T2_SD_VEH_,SAMPLE,5,580.0,1234.95,200,53,0,0.0,0.0
R004,VEH,T2_SD_VEH_,SAMPLE,5,590.0,1244.95,200,46,0,0.0,0.0
R004,VEH,T2_SD_VEH_,SAMPLE,5,600.0,1254.95,200,56,0,0.0,0.0
R004,VEH,T2_SD_VEH_,SAMPLE,5,610.0,1264.95,200,50,1,0.5,2.0
R004,VEH,T2_SD_VEH_,SAMPLE,5,620.0,1274.95,200,56,1,0.5,1.7857142857142858
R004,VEH,T2_SD_VEH_,SAMPLE,5,630.0,1284.95,200,106,0,0.0,0.0
R004,VEH,T2_SD_VEH_,SAMPLE,5,640.0,1294.95,199,62,1,0.5025125628140703,1.6129032258064515
R004,VEH,T2_SD_VEH_,SAMPLE,6,0.0,654.95,200,88,3,1.5,3.409090909090909
R004,VEH,T2_SD_VEH_,SAMPLE,6,10.0,664.95,200,72,0,0.0,0.0
R004,VEH,T2_SD_VEH_,SAMPLE,6,20.0,674.95,200,69,0,0.0,0.0
R004,VEH,T2_SD_VEH_,SAMPLE,6,30.0,684.95,200,115,0,0.0,0.0
R004,VEH,T2_SD_VEH_,SAMPLE,6,40.0,694.95,200,100,0,0.0,0.0
R004,VEH,T2_SD_VEH_,SAMPLE,6,50.0,704.95,200,109,0,0.0,0.0
R004,VEH,T2_SD_VEH_,SAMPLE,6,60.0,714.95,200,96,7,3.5,7.291666666666667
R004,VEH,T2_SD_VEH_,SAMPLE,6,70.0,724.95,200,67,0,0.0,0.0
R004,VEH,T2_SD_VEH_,SAMPLE,6,80.0,734.95,200,78,13,6.5,16.666666666666668
R004,VEH,T2_SD_VEH_,SAMPLE,6,90.0,744.95,200,79,3,1.5,3.7974683544303796
R004,VEH,T2_SD_VEH_,SAMPLE,6,100.0,754.95,200,92,4,2.0,4.3478260869565215
R004,VEH,T2_SD_VEH_,SAMPLE,6,110.0,764.95,200,123,2,1.0,1.6260162601626016
R004,VEH,T2_SD_VEH_,SAMPLE,6,120.0,774.95,200,61,0,0.0,0.0
R004,VEH,T2_SD_VEH_,SAMPLE,6,130.0,784.95,200,50,0,0.0,0.0
R004,VEH,T2_SD_VEH_,SAMPLE,6,140.0,794.95,200,88,1,0.5,1.1363636363636365
R004,VEH,T2_SD_VEH_,SAMPLE,6,150.0,804.95,200,24,0,0.0,0.0
R004,VEH,T2_SD_VEH_,SAMPLE,6,160.0,814.95,200,51,3,1.5,5.882352941176471
R004,VEH,T2_SD_VEH_,SAMPLE,6,170.0,824.95,200,58,8,4.0,13.793103448275861
R004,VEH,T2_SD_VEH_,SAMPLE,6,180.0,834.95,200,74,0,0.0,0.0
R004,VEH,T2_SD_VEH_,SAMPLE,6,190.0,844.95,200,87,0,0.0,0.0
R004,VEH,T2_SD_VEH_,SAMPLE,6,200.0,854.95,200,64,9,4.5,14.0625
R004,VEH,T2_SD_VEH_,SAMPLE,6,210.0,864.95,200,88,0,0.0,0.0
R004,VEH,T2_SD_VEH_,SAMPLE,6,220.0,874.95,200,77,1,0.5,1.2987012987012987
R004,VEH,T2_SD_VEH_,SAMPLE,6,230.0,884.95,200,82,1,0.5,1.2195121951219512
R004,VEH,T2_SD_VEH_,SAMPLE,6,240.0,894.95,200,99,2,1.0,2.0202020202020203
R004,VEH,T2_SD_VEH_,SAMPLE,6,250.0,904.95,200,95,0,0.0,0.0
R004,VEH,T2_SD_VEH_,SAMPLE,6,260.0,914.95,200,72,0,0.0,0.0
R004,VEH,T2_SD_VEH_,SAMPLE,6,270.0,924.95,200,99,3,1.5,3.0303030303030303
R004,VEH,T2_SD_VEH_,SAMPLE,6,280.0,934.95,200,93,0,0.0,0.0
R004,VEH,T2_SD_VEH_,SAMPLE,6,290.0,944.95,200,87,0,0.0,0.0
R004,VEH,T2_SD_VEH_,SAMPLE,6,300.0,954.95,200,70,0,0.0,0.0
R004,VEH,T2_SD_VEH_,SAMPLE,6,310.0,964.95,200,68,0,0.0,0.0
R004,VEH,T2_SD_VEH_,SAMPLE,6,320.0,974.95,200,73,0,0.0,0.0
R004,VEH,T2_SD_VEH_,SAMPLE,6,330.0,984.95,200,84,0,0.0,0.0
R004,VEH,T2_SD_VEH_,SAMPLE,6,340.0,994.95,200,48,2,1.0,4.166666666666667
R004,VEH,T2_SD_VEH_,SAMPLE,6,350.0,1004.95,200,70,2,1.0,2.857142857142857
R004,VEH,T2_SD_VEH_,SAMPLE,6,360.0,1014.95,200,67,0,0.0,0.0
R004,VEH,T2_SD_VEH_,SAMPLE,6,370.0,1024.95,200,23,0,0.0,0.0
R004,VEH,T2_SD_VEH_,SAMPLE,6,380.0,1034.95,200,0,0,0.0,nan
R004,VEH,T2_SD_VEH_,SAMPLE,6,390.0,1044.95,200,67,0,0.0,0.0
R004,VEH,T2_SD_VEH_,SAMPLE,6,400.0,1054.95,200,63,0,0.0,0.0
R004,VEH,T2_SD_VEH_,SAMPLE,6,410.0,1064.95,200,61,0,0.0,0.0
R004,VEH,T2_SD_VEH_,SAMPLE,6,420.0,1074.95,200,94,0,0.0,0.0
R004,VEH,T2_SD_VEH_,SAMPLE,6,430.0,1084.95,200,84,0,0.0,0.0
R004,VEH,T2_SD_VEH_,SAMPLE,6,440.0,1094.95,200,84,0,0.0,0.0
R004,VEH,T2_SD_VEH_,SAMPLE,6,450.0,1104.95,200,92,2,1.0,2.1739130434782608
R004,VEH,T2_SD_VEH_,SAMPLE,6,460.0,1114.95,200,54,3,1.5,5.555555555555555
R004,VEH,T2_SD_VEH_,SAMPLE,6,470.0,1124.95,200,88,10,5.0,11.363636363636363
R004,VEH,T2_SD_VEH_,SAMPLE,6,480.0,1134.95,200,92,0,0.0,0.0
R004,VEH,T2_SD_VEH_,SAMPLE,6,490.0,1144.95,200,71,1,0.5,1.408450704225352
R004,VEH,T2_SD_VEH_,SAMPLE,6,500.0,1154.95,200,92,2,1.0,2.1739130434782608
R004,VEH,T2_SD_VEH_,SAMPLE,6,510.0,1164.95,200,56,0,0.0,0.0
R004,VEH,T2_SD_VEH_,SAMPLE,6,520.0,1174.95,200,79,6,3.0,7.594936708860759
R004,VEH,T2_SD_VEH_,SAMPLE,6,530.0,1184.95,200,66,2,1.0,3.0303030303030303
R004,VEH,T2_SD_VEH_,SAMPLE,6,540.0,1194.95,200,94,0,0.0,0.0
R004,VEH,T2_SD_VEH_,SAMPLE,6,550.0,1204.95,200,61,0,0.0,0.0
R004,VEH,T2_SD_VEH_,SAMPLE,6,560.0,1214.95,200,52,6,3.0,11.538461538461538
R004,VEH,T2_SD_VEH_,SAMPLE,6,570.0,1224.95,200,101,2,1.0,1.9801980198019802
R004,VEH,T2_SD_VEH_,SAMPLE,6,580.0,1234.95,200,53,0,0.0,0.0
R004,VEH,T2_SD_VEH_,SAMPLE,6,590.0,1244.95,200,46,0,0.0,0.0
R004,VEH,T2_SD_VEH_,SAMPLE,6,600.0,1254.95,200,56,3,1.5,5.357142857142857
R004,VEH,T2_SD_VEH_,SAMPLE,6,610.0,1264.95,200,50,0,0.0,0.0
R004,VEH,T2_SD_VEH_,SAMPLE,6,620.0,1274.95,200,56,0,0.0,0.0
R004,VEH,T2_SD_VEH_,SAMPLE,6,630.0,1284.95,200,106,0,0.0,0.0
R004,VEH,T2_SD_VEH_,SAMPLE,6,640.0,1294.95,199,62,0,0.0,0.0
R004,VEH,T2_SD_VEH_,TEST,1,0.0,1304.9,200,89,6,3.0,6.741573033707865
R004,VEH,T2_SD_VEH_,TEST,1,10.0,1314.9,200,79,0,0.0,0.0
R004,VEH,T2_SD_VEH_,TEST,1,20.0,1324.9,200,74,0,0.0,0.0
R004,VEH,T2_SD_VEH_,TEST,1,30.0,1334.9,200,79,1,0.5,1.2658227848101267
R004,VEH,T2_SD_VEH_,TEST,1,40.0,1344.9,200,120,0,0.0,0.0
R004,VEH,T2_SD_VEH_,TEST,1,50.0,1354.9,200,91,10,5.0,10.989010989010989
R004,VEH,T2_SD_VEH_,TEST,1,60.0,1364.9,200,78,1,0.5,1.2820512820512822
R004,VEH,T2_SD_VEH_,TEST,1,70.0,1374.9,200,66,0,0.0,0.0
R004,VEH,T2_SD_VEH_,TEST,1,80.0,1384.9,200,65,0,0.0,0.0
R004,VEH,T2_SD_VEH_,TEST,1,90.0,1394.9,200,78,0,0.0,0.0
R004,VEH,T2_SD_VEH_,TEST,1,100.0,1404.9,200,63,0,0.0,0.0
R004,VEH,T2_SD_VEH_,TEST,1,110.0,1414.9,200,51,0,0.0,0.0
R004,VEH,T2_SD_VEH_,TEST,1,120.0,1424.9,200,78,0,0.0,0.0
R004,VEH,T2_SD_VEH_,TEST,1,130.0,1434.9,200,60,3,1.5,5.0
R004,VEH,T2_SD_VEH_,TEST,1,140.0,1444.9,200,43,0,0.0,0.0
R004,VEH,T2_SD_VEH_,TEST,1,150.0,1454.9,200,61,2,1.0,3.278688524590164
R004,VEH,T2_SD_VEH_,TEST,1,160.0,1464.9,200,98,2,1.0,2.0408163265306123
R004,VEH,T2_SD_VEH_,TEST,1,170.0,1474.9,200,73,0,0.0,0.0
R004,VEH,T2_SD_VEH_,TEST,1,180.0,1484.9,200,64,0,0.0,0.0
R004,VEH,T2_SD_VEH_,TEST,1,190.0,1494.9,200,92,4,2.0,4.3478260869565215
R004,VEH,T2_SD_VEH_,TEST,1,200.0,1504.9,200,32,0,0.0,0.0
R004,VEH,T2_SD_VEH_,TEST,1,210.0,1514.9,200,73,4,2.0,5.47945205479452
R004,VEH,T2_SD_VEH_,TEST,1,220.0,1524.9,200,51,1,0.5,1.9607843137254901
R004,VEH,T2_SD_VEH_,TEST,1,230.0,1534.9,200,64,0,0.0,0.0
R004,VEH,T2_SD_VEH_,TEST,1,240.0,1544.9,200,96,0,0.0,0.0
R004,VEH,T2_SD_VEH_,TEST,1,250.0,1554.9,200,77,0,0.0,0.0
R004,VEH,T2_SD_VEH_,TEST,1,260.0,1564.9,200,39,0,0.0,0.0
R004,VEH,T2_SD_VEH_,TEST,1,270.0,1574.9,200,65,2,1.0,3.076923076923077
R004,VEH,T2_SD_VEH_,TEST,1,280.0,1584.9,200,74,2,1.0,2.7027027027027026
R004,VEH,T2_SD_VEH_,TEST,1,290.0,1594.9,200,80,0,0.0,0.0
R004,VEH,T2_SD_VEH_,TEST,1,300.0,1604.9,200,81,0,0.0,0.0
R004,VEH,T2_SD_VEH_,TEST,1,310.0,1614.9,200,89,1,0.5,1.1235955056179776
R004,VEH,T2_SD_VEH_,TEST,1,320.0,1624.9,200,113,6,3.0,5.3097345132743365
R004,VEH,T2_SD_VEH_,TEST,1,330.0,1634.9,200,119,0,0.0,0.0
R004,VEH,T2_SD_VEH_,TEST,1,340.0,1644.9,200,42,0,0.0,0.0
R004,VEH,T2_SD_VEH_,TEST,1,350.0,1654.9,200,82,1,0.5,1.2195121951219512
R004,VEH,T2_SD_VEH_,TEST,1,360.0,1664.9,200,57,1,0.5,1.7543859649122806
R004,VEH,T2_SD_VEH_,TEST,1,370.0,1674.9,200,55,0,0.0,0.0
R004,VEH,T2_SD_VEH_,TEST,1,380.0,1684.9,200,31,0,0.0,0.0
R004,VEH,T2_SD_VEH_,TEST,1,390.0,1694.9,200,86,0,0.0,0.0
R004,VEH,T2_SD_VEH_,TEST,1,400.0,1704.9,200,59,0,0.0,0.0
R004,VEH,T2_SD_VEH_,TEST,1,410.0,1714.9,200,41,0,0.0,0.0
R004,VEH,T2_SD_VEH_,TEST,1,420.0,1724.9,200,46,0,0.0,0.0
R004,VEH,T2_SD_VEH_,TEST,1,430.0,1734.9,200,41,3,1.5,7.317073170731708
R004,VEH,T2_SD_VEH_,TEST,1,440.0,1744.9,200,67,1,0.5,1.492537313432836
R004,VEH,T2_SD_VEH_,TEST,1,450.0,1754.9,200,72,0,0.0,0.0
R004,VEH,T2_SD_VEH_,TEST,1,460.0,1764.9,200,47,5,2.5,10.638297872340425
R004,VEH,T2_SD_VEH_,TEST,1,470.0,1774.9,200,107,3,1.5,2.803738317757009
R004,VEH,T2_SD_VEH_,TEST,1,480.0,1784.9,200,45,0,0.0,0.0
R004,VEH,T2_SD_VEH_,TEST,1,490.0,1794.9,200,54,0,0.0,0.0
R004,VEH,T2_SD_VEH_,TEST,1,500.0,1804.9,200,43,1,0.5,2.3255813953488373
R004,VEH,T2_SD_VEH_,TEST,1,510.0,1814.9,200,26,0,0.0,0.0
R004,VEH,T2_SD_VEH_,TEST,1,520.0,1824.9,200,60,0,0.0,0.0
R004,VEH,T2_SD_VEH_,TEST,1,530.0,1834.9,200,66,0,0.0,0.0
R004,VEH,T2_SD_VEH_,TEST,1,540.0,1844.9,200,89,2,1.0,2.247191011235955
R004,VEH,T2_SD_VEH_,TEST,1,550.0,1854.9,200,72,1,0.5,1.3888888888888888
R004,VEH,T2_SD_VEH_,TEST,1,560.0,1864.9,200,60,0,0.0,0.0
R004,VEH,T2_SD_VEH_,TEST,1,570.0,1874.9,200,70,0,0.0,0.0
R004,VEH,T2_SD_VEH_,TEST,1,580.0,1884.9,200,40,0,0.0,0.0
R004,VEH,T2_SD_VEH_,TEST,1,590.0,1894.9,200,50,5,2.5,10.0
R004,VEH,T2_SD_VEH_,TEST,1,600.0,1904.9,200,66,0,0.0,0.0
R004,VEH,T2_SD_VEH_,TEST,1,610.0,1914.9,200,35,0,0.0,0.0
R004,VEH,T2_SD_VEH_,TEST,1,620.0,1924.9,200,60,0,0.0,0.0
R004,VEH,T2_SD_VEH_,TEST,1,630.0,1934.9,200,24,0,0.0,0.0
R004,VEH,T2_SD_VEH_,TEST,1,640.0,1944.9,198,63,0,0.0,0.0
R004,VEH,T2_SD_VEH_,TEST,2,0.0,1304.9,200,89,0,0.0,0.0
R004,VEH,T2_SD_VEH_,TEST,2,10.0,1314.9,200,79,0,0.0,0.0
R004,VEH,T2_SD_VEH_,TEST,2,20.0,1324.9,200,74,0,0.0,0.0
R004,VEH,T2_SD_VEH_,TEST,2,30.0,1334.9,200,79,2,1.0,2.5316455696202533
R004,VEH,T2_SD_VEH_,TEST,2,40.0,1344.9,200,120,4,2.0,3.3333333333333335
R004,VEH,T2_SD_VEH_,TEST,2,50.0,1354.9,200,91,5,2.5,5.4945054945054945
R004,VEH,T2_SD_VEH_,TEST,2,60.0,1364.9,200,78,9,4.5,11.538461538461538
R004,VEH,T2_SD_VEH_,TEST,2,70.0,1374.9,200,66,0,0.0,0.0
R004,VEH,T2_SD_VEH_,TEST,2,80.0,1384.9,200,65,0,0.0,0.0
R004,VEH,T2_SD_VEH_,TEST,2,90.0,1394.9,200,78,1,0.5,1.2820512820512822
R004,VEH,T2_SD_VEH_,TEST,2,100.0,1404.9,200,63,3,1.5,4.761904761904762
R004,VEH,T2_SD_VEH_,TEST,2,110.0,1414.9,200,51,0,0.0,0.0
R004,VEH,T2_SD_VEH_,TEST,2,120.0,1424.9,200,78,4,2.0,5.128205128205129
R004,VEH,T2_SD_VEH_,TEST,2,130.0,1434.9,200,60,0,0.0,0.0
R004,VEH,T2_SD_VEH_,TEST,2,140.0,1444.9,200,43,0,0.0,0.0
R004,VEH,T2_SD_VEH_,TEST,2,150.0,1454.9,200,61,0,0.0,0.0
R004,VEH,T2_SD_VEH_,TEST,2,160.0,1464.9,200,98,6,3.0,6.122448979591836
R004,VEH,T2_SD_VEH_,TEST,2,170.0,1474.9,200,73,1,0.5,1.36986301369863
R004,VEH,T2_SD_VEH_,TEST,2,180.0,1484.9,200,64,2,1.0,3.125
R004,VEH,T2_SD_VEH_,TEST,2,190.0,1494.9,200,92,0,0.0,0.0
R004,VEH,T2_SD_VEH_,TEST,2,200.0,1504.9,200,32,0,0.0,0.0
R004,VEH,T2_SD_VEH_,TEST,2,210.0,1514.9,200,73,5,2.5,6.8493150684931505
R004,VEH,T2_SD_VEH_,TEST,2,220.0,1524.9,200,51,3,1.5,5.882352941176471
R004,VEH,T2_SD_VEH_,TEST,2,230.0,1534.9,200,64,5,2.5,7.8125
R004,VEH,T2_SD_VEH_,TEST,2,240.0,1544.9,200,96,11,5.5,11.458333333333334
R004,VEH,T2_SD_VEH_,TEST,2,250.0,1554.9,200,77,4,2.0,5.194805194805195
R004,VEH,T2_SD_VEH_,TEST,2,260.0,1564.9,200,39,1,0.5,2.5641025641025643
R004,VEH,T2_SD_VEH_,TEST,2,270.0,1574.9,200,65,3,1.5,4.615384615384615
R004,VEH,T2_SD_VEH_,TEST,2,280.0,1584.9,200,74,0,0.0,0.0
R004,VEH,T2_SD_VEH_,TEST,2,290.0,1594.9,200,80,0,0.0,0.0
R004,VEH,T2_SD_VEH_,TEST,2,300.0,1604.9,200,81,14,7.0,17.28395061728395
R004,VEH,T2_SD_VEH_,TEST,2,310.0,1614.9,200,89,0,0.0,0.0
R004,VEH,T2_SD_VEH_,TEST,2,320.0,1624.9,200,113,6,3.0,5.3097345132743365
R004,VEH,T2_SD_VEH_,TEST,2,330.0,1634.9,200,119,1,0.5,0.8403361344537815
R004,VEH,T2_SD_VEH_,TEST,2,340.0,1644.9,200,42,2,1.0,4.761904761904762
R004,VEH,T2_SD_VEH_,TEST,2,350.0,1654.9,200,82,7,3.5,8.536585365853659
R004,VEH,T2_SD_VEH_,TEST,2,360.0,1664.9,200,57,5,2.5,8.771929824561404
R004,VEH,T2_SD_VEH_,TEST,2,370.0,1674.9,200,55,0,0.0,0.0
R004,VEH,T2_SD_VEH_,TEST,2,380.0,1684.9,200,31,9,4.5,29.032258064516128
R004,VEH,T2_SD_VEH_,TEST,2,390.0,1694.9,200,86,1,0.5,1.1627906976744187
R004,VEH,T2_SD_VEH_,TEST,2,400.0,1704.9,200,59,1,0.5,1.694915254237288
R004,VEH,T2_SD_VEH_,TEST,2,410.0,1714.9,200,41,0,0.0,0.0
R004,VEH,T2_SD_VEH_,TEST,2,420.0,1724.9,200,46,1,0.5,2.1739130434782608
R004,VEH,T2_SD_VEH_,TEST,2,430.0,1734.9,200,41,2,1.0,4.878048780487805
R004,VEH,T2_SD_VEH_,TEST,2,440.0,1744.9,200,67,1,0.5,1.492537313432836
R004,VEH,T2_SD_VEH_,TEST,2,450.0,1754.9,200,72,1,0.5,1.3888888888888888
R004,VEH,T2_SD_VEH_,TEST,2,460.0,1764.9,200,47,0,0.0,0.0
R004,VEH,T2_SD_VEH_,TEST,2,470.0,1774.9,200,107,8,4.0,7.4766355140186915
R004,VEH,T2_SD_VEH_,TEST,2,480.0,1784.9,200,45,0,0.0,0.0
R004,VEH,T2_SD_VEH_,TEST,2,490.0,1794.9,200,54,4,2.0,7.407407407407407
R004,VEH,T2_SD_VEH_,TEST,2,500.0,1804.9,200,43,0,0.0,0.0
R004,VEH,T2_SD_VEH_,TEST,2,510.0,1814.9,200,26,3,1.5,11.538461538461538
R004,VEH,T2_SD_VEH_,TEST,2,520.0,1824.9,200,60,2,1.0,3.3333333333333335
R004,VEH,T2_SD_VEH_,TEST,2,530.0,1834.9,200,66,4,2.0,6.0606060606060606
R004,VEH,T2_SD_VEH_,TEST,2,540.0,1844.9,200,89,2,1.0,2.247191011235955
R004,VEH,T2_SD_VEH_,TEST,2,550.0,1854.9,200,72,5,2.5,6.944444444444445
R004,VEH,T2_SD_VEH_,TEST,2,560.0,1864.9,200,60,0,0.0,0.0
R004,VEH,T2_SD_VEH_,TEST,2,570.0,1874.9,200,70,1,0.5,1.4285714285714286
R004,VEH,T2_SD_VEH_,TEST,2,580.0,1884.9,200,40,10,5.0,25.0
R004,VEH,T2_SD_VEH_,TEST,2,590.0,1894.9,200,50,3,1.5,6.0
R004,VEH,T2_SD_VEH_,TEST,2,600.0,1904.9,200,66,0,0.0,0.0
R004,VEH,T2_SD_VEH_,TEST,2,610.0,1914.9,200,35,9,4.5,25.714285714285715
R004,VEH,T2_SD_VEH_,TEST,2,620.0,1924.9,200,60,1,0.5,1.6666666666666667
R004,VEH,T2_SD_VEH_,TEST,2,630.0,1934.9,200,24,1,0.5,4.166666666666667
R004,VEH,T2_SD_VEH_,TEST,2,640.0,1944.9,198,63,0,0.0,0.0
R004,VEH,T2_SD_VEH_,TEST,3,0.0,1304.9,200,89,0,0.0,0.0
R004,VEH,T2_SD_VEH_,TEST,3,10.0,1314.9,200,79,2,1.0,2.5316455696202533
R004,VEH,T2_SD_VEH_,TEST,3,20.0,1324.9,200,74,0,0.0,0.0
R004,VEH,T2_SD_VEH_,TEST,3,30.0,1334.9,200,79,5,2.5,6.329113924050633
R004,VEH,T2_SD_VEH_,TEST,3,40.0,1344.9,200,120,1,0.5,0.8333333333333334
R004,VEH,T2_SD_VEH_,TEST,3,50.0,1354.9,200,91,4,2.0,4.395604395604396
R004,VEH,T2_SD_VEH_,TEST,3,60.0,1364.9,200,78,6,3.0,7.6923076923076925
R004,VEH,T2_SD_VEH_,TEST,3,70.0,1374.9,200,66,1,0.5,1.5151515151515151
R004,VEH,T2_SD_VEH_,TEST,3,80.0,1384.9,200,65,0,0.0,0.0
R004,VEH,T2_SD_VEH_,TEST,3,90.0,1394.9,200,78,0,0.0,0.0
R004,VEH,T2_SD_VEH_,TEST,3,100.0,1404.9,200,63,1,0.5,1.5873015873015872
R004,VEH,T2_SD_VEH_,TEST,3,110.0,1414.9,200,51,5,2.5,9.803921568627452
R004,VEH,T2_SD_VEH_,TEST,3,120.0,1424.9,200,78,0,0.0,0.0
R004,VEH,T2_SD_VEH_,TEST,3,130.0,1434.9,200,60,1,0.5,1.6666666666666667
R004,VEH,T2_SD_VEH_,TEST,3,140.0,1444.9,200,43,2,1.0,4.651162790697675
R004,VEH,T2_SD_VEH_,TEST,3,150.0,1454.9,200,61,4,2.0,6.557377049180328
R004,VEH,T2_SD_VEH_,TEST,3,160.0,1464.9,200,98,4,2.0,4.081632653061225
R004,VEH,T2_SD_VEH_,TEST,3,170.0,1474.9,200,73,0,0.0,0.0
R004,VEH,T2_SD_VEH_,TEST,3,180.0,1484.9,200,64,0,0.0,0.0
R004,VEH,T2_SD_VEH_,TEST,3,190.0,1494.9,200,92,1,0.5,1.0869565217391304
R004,VEH,T2_SD_VEH_,TEST,3,200.0,1504.9,200,32,0,0.0,0.0
R004,VEH,T2_SD_VEH_,TEST,3,210.0,1514.9,200,73,5,2.5,6.8493150684931505
R004,VEH,T2_SD_VEH_,TEST,3,220.0,1524.9,200,51,8,4.0,15.686274509803921
R004,VEH,T2_SD_VEH_,TEST,3,230.0,1534.9,200,64,2,1.0,3.125
R004,VEH,T2_SD_VEH_,TEST,3,240.0,1544.9,200,96,2,1.0,2.0833333333333335
R004,VEH,T2_SD_VEH_,TEST,3,250.0,1554.9,200,77,3,1.5,3.896103896103896
R004,VEH,T2_SD_VEH_,TEST,3,260.0,1564.9,200,39,0,0.0,0.0
R004,VEH,T2_SD_VEH_,TEST,3,270.0,1574.9,200,65,10,5.0,15.384615384615385
R004,VEH,T2_SD_VEH_,TEST,3,280.0,1584.9,200,74,0,0.0,0.0
R004,VEH,T2_SD_VEH_,TEST,3,290.0,1594.9,200,80,9,4.5,11.25
R004,VEH,T2_SD_VEH_,TEST,3,300.0,1604.9,200,81,1,0.5,1.2345679012345678
R004,VEH,T2_SD_VEH_,TEST,3,310.0,1614.9,200,89,11,5.5,12.359550561797754
R004,VEH,T2_SD_VEH_,TEST,3,320.0,1624.9,200,113,2,1.0,1.7699115044247788
R004,VEH,T2_SD_VEH_,TEST,3,330.0,1634.9,200,119,0,0.0,0.0
R004,VEH,T2_SD_VEH_,TEST,3,340.0,1644.9,200,42,6,3.0,14.285714285714286
R004,VEH,T2_SD_VEH_,TEST,3,350.0,1654.9,200,82,8,4.0,9.75609756097561
R004,VEH,T2_SD_VEH_,TEST,3,360.0,1664.9,200,57,3,1.5,5.2631578947368425
R004,VEH,T2_SD_VEH_,TEST,3,370.0,1674.9,200,55,8,4.0,14.545454545454545
R004,VEH,T2_SD_VEH_,TEST,3,380.0,1684.9,200,31,1,0.5,3.225806451612903
R004,VEH,T2_SD_VEH_,TEST,3,390.0,1694.9,200,86,7,3.5,8.13953488372093
R004,VEH,T2_SD_VEH_,TEST,3,400.0,1704.9,200,59,7,3.5,11.864406779661017
R004,VEH,T2_SD_VEH_,TEST,3,410.0,1714.9,200,41,6,3.0,14.634146341463415
R004,VEH,T2_SD_VEH_,TEST,3,420.0,1724.9,200,46,1,0.5,2.1739130434782608
R004,VEH,T2_SD_VEH_,TEST,3,430.0,1734.9,200,41,0,0.0,0.0
R004,VEH,T2_SD_VEH_,TEST,3,440.0,1744.9,200,67,2,1.0,2.985074626865672
R004,VEH,T2_SD_VEH_,TEST,3,450.0,1754.9,200,72,4,2.0,5.555555555555555
R004,VEH,T2_SD_VEH_,TEST,3,460.0,1764.9,200,47,9,4.5,19.148936170212767
R004,VEH,T2_SD_VEH_,TEST,3,470.0,1774.9,200,107,1,0.5,0.9345794392523364
R004,VEH,T2_SD_VEH_,TEST,3,480.0,1784.9,200,45,5,2.5,11.11111111111111
R004,VEH,T2_SD_VEH_,TEST,3,490.0,1794.9,200,54,6,3.0,11.11111111111111
R004,VEH,T2_SD_VEH_,TEST,3,500.0,1804.9,200,43,6,3.0,13.953488372093023
R004,VEH,T2_SD_VEH_,TEST,3,510.0,1814.9,200,26,0,0.0,0.0
R004,VEH,T2_SD_VEH_,TEST,3,520.0,1824.9,200,60,5,2.5,8.333333333333334
R004,VEH,T2_SD_VEH_,TEST,3,530.0,1834.9,200,66,8,4.0,12.121212121212121
R004,VEH,T2_SD_VEH_,TEST,3,540.0,1844.9,200,89,2,1.0,2.247191011235955
R004,VEH,T2_SD_VEH_,TEST,3,550.0,1854.9,200,72,2,1.0,2.7777777777777777
R004,VEH,T2_SD_VEH_,TEST,3,560.0,1864.9,200,60,3,1.5,5.0
R004,VEH,T2_SD_VEH_,TEST,3,570.0,1874.9,200,70,0,0.0,0.0
R004,VEH,T2_SD_VEH_,TEST,3,580.0,1884.9,200,40,1,0.5,2.5
R004,VEH,T2_SD_VEH_,TEST,3,590.0,1894.9,200,50,2,1.0,4.0
R004,VEH,T2_SD_VEH_,TEST,3,600.0,1904.9,200,66,7,3.5,10.606060606060606
R004,VEH,T2_SD_VEH_,TEST,3,610.0,1914.9,200,35,2,1.0,5.714285714285714
R004,VEH,T2_SD_VEH_,TEST,3,620.0,1924.9,200,60,0,0.0,0.0
R004,VEH,T2_SD_VEH_,TEST,3,630.0,1934.9,200,24,10,5.0,41.666666666666664
R004,VEH,T2_SD_VEH_,TEST,3,640.0,1944.9,198,63,0,0.0,0.0
R004,VEH,T2_SD_VEH_,TEST,4,0.0,1304.9,200,89,0,0.0,0.0
R004,VEH,T2_SD_VEH_,TEST,4,10.0,1314.9,200,79,7,3.5,8.860759493670885
R004,VEH,T2_SD_VEH_,TEST,4,20.0,1324.9,200,74,0,0.0,0.0
R004,VEH,T2_SD_VEH_,TEST,4,30.0,1334.9,200,79,0,0.0,0.0
R004,VEH,T2_SD_VEH_,TEST,4,40.0,1344.9,200,120,0,0.0,0.0
R004,VEH,T2_SD_VEH_,TEST,4,50.0,1354.9,200,91,0,0.0,0.0
R004,VEH,T2_SD_VEH_,TEST,4,60.0,1364.9,200,78,4,2.0,5.128205128205129
R004,VEH,T2_SD_VEH_,TEST,4,70.0,1374.9,200,66,5,2.5,7.575757575757576
R004,VEH,T2_SD_VEH_,TEST,4,80.0,1384.9,200,65,3,1.5,4.615384615384615
R004,VEH,T2_SD_VEH_,TEST,4,90.0,1394.9,200,78,0,0.0,0.0
R004,VEH,T2_SD_VEH_,TEST,4,100.0,1404.9,200,63,0,0.0,0.0
R004,VEH,T2_SD_VEH_,TEST,4,110.0,1414.9,200,51,6,3.0,11.764705882352942
R004,VEH,T2_SD_VEH_,TEST,4,120.0,1424.9,200,78,1,0.5,1.2820512820512822
R004,VEH,T2_SD_VEH_,TEST,4,130.0,1434.9,200,60,0,0.0,0.0
R004,VEH,T2_SD_VEH_,TEST,4,140.0,1444.9,200,43,1,0.5,2.3255813953488373
R004,VEH,T2_SD_VEH_,TEST,4,150.0,1454.9,200,61,2,1.0,3.278688524590164
R004,VEH,T2_SD_VEH_,TEST,4,160.0,1464.9,200,98,0,0.0,0.0
R004,VEH,T2_SD_VEH_,TEST,4,170.0,1474.9,200,73,0,0.0,0.0
R004,VEH,T2_SD_VEH_,TEST,4,180.0,1484.9,200,64,1,0.5,1.5625
R004,VEH,T2_SD_VEH_,TEST,4,190.0,1494.9,200,92,11,5.5,11.956521739130435
R004,VEH,T2_SD_VEH_,TEST,4,200.0,1504.9,200,32,0,0.0,0.0
R004,VEH,T2_SD_VEH_,TEST,4,210.0,1514.9,200,73,0,0.0,0.0
R004,VEH,T2_SD_VEH_,TEST,4,220.0,1524.9,200,51,0,0.0,0.0
R004,VEH,T2_SD_VEH_,TEST,4,230.0,1534.9,200,64,1,0.5,1.5625
R004,VEH,T2_SD_VEH_,TEST,4,240.0,1544.9,200,96,1,0.5,1.0416666666666667
R004,VEH,T2_SD_VEH_,TEST,4,250.0,1554.9,200,77,0,0.0,0.0
R004,VEH,T2_SD_VEH_,TEST,4,260.0,1564.9,200,39,0,0.0,0.0
R004,VEH,T2_SD_VEH_,TEST,4,270.0,1574.9,200,65,8,4.0,12.307692307692308
R004,VEH,T2_SD_VEH_,TEST,4,280.0,1584.9,200,74,0,0.0,0.0
R004,VEH,T2_SD_VEH_,TEST,4,290.0,1594.9,200,80,0,0.0,0.0
R004,VEH,T2_SD_VEH_,TEST,4,300.0,1604.9,200,81,0,0.0,0.0
R004,VEH,T2_SD_VEH_,TEST,4,310.0,1614.9,200,89,5,2.5,5.617977528089888
R004,VEH,T2_SD_VEH_,TEST,4,320.0,1624.9,200,113,0,0.0,0.0
R004,VEH,T2_SD_VEH_,TEST,4,330.0,1634.9,200,119,0,0.0,0.0
R004,VEH,T2_SD_VEH_,TEST,4,340.0,1644.9,200,42,0,0.0,0.0
R004,VEH,T2_SD_VEH_,TEST,4,350.0,1654.9,200,82,0,0.0,0.0
R004,VEH,T2_SD_VEH_,TEST,4,360.0,1664.9,200,57,0,0.0,0.0
R004,VEH,T2_SD_VEH_,TEST,4,370.0,1674.9,200,55,0,0.0,0.0
R004,VEH,T2_SD_VEH_,TEST,4,380.0,1684.9,200,31,0,0.0,0.0
R004,VEH,T2_SD_VEH_,TEST,4,390.0,1694.9,200,86,0,0.0,0.0
R004,VEH,T2_SD_VEH_,TEST,4,400.0,1704.9,200,59,14,7.0,23.728813559322035
R004,VEH,T2_SD_VEH_,TEST,4,410.0,1714.9,200,41,0,0.0,0.0
R004,VEH,T2_SD_VEH_,TEST,4,420.0,1724.9,200,46,1,0.5,2.1739130434782608
R004,VEH,T2_SD_VEH_,TEST,4,430.0,1734.9,200,41,0,0.0,0.0
R004,VEH,T2_SD_VEH_,TEST,4,440.0,1744.9,200,67,2,1.0,2.985074626865672
R004,VEH,T2_SD_VEH_,TEST,4,450.0,1754.9,200,72,0,0.0,0.0
R004,VEH,T2_SD_VEH_,TEST,4,460.0,1764.9,200,47,0,0.0,0.0
R004,VEH,T2_SD_VEH_,TEST,4,470.0,1774.9,200,107,0,0.0,0.0
R004,VEH,T2_SD_VEH_,TEST,4,480.0,1784.9,200,45,0,0.0,0.0
R004,VEH,T2_SD_VEH_,TEST,4,490.0,1794.9,200,54,4,2.0,7.407407407407407
R004,VEH,T2_SD_VEH_,TEST,4,500.0,1804.9,200,43,0,0.0,0.0
R004,VEH,T2_SD_VEH_,TEST,4,510.0,1814.9,200,26,0,0.0,0.0
R004,VEH,T2_SD_VEH_,TEST,4,520.0,1824.9,200,60,6,3.0,10.0
R004,VEH,T2_SD_VEH_,TEST,4,530.0,1834.9,200,66,0,0.0,0.0
R004,VEH,T2_SD_VEH_,TEST,4,540.0,1844.9,200,89,2,1.0,2.247191011235955
R004,VEH,T2_SD_VEH_,TEST,4,550.0,1854.9,200,72,17,8.5,23.61111111111111
R004,VEH,T2_SD_VEH_,TEST,4,560.0,1864.9,200,60,2,1.0,3.3333333333333335
R004,VEH,T2_SD_VEH_,TEST,4,570.0,1874.9,200,70,2,1.0,2.857142857142857
R004,VEH,T2_SD_VEH_,TEST,4,580.0,1884.9,200,40,0,0.0,0.0
R004,VEH,T2_SD_VEH_,TEST,4,590.0,1894.9,200,50,0,0.0,0.0
R004,VEH,T2_SD_VEH_,TEST,4,600.0,1904.9,200,66,0,0.0,0.0
R004,VEH,T2_SD_VEH_,TEST,4,610.0,1914.9,200,35,0,0.0,0.0
R004,VEH,T2_SD_VEH_,TEST,4,620.0,1924.9,200,60,0,0.0,0.0
R004,VEH,T2_SD_VEH_,TEST,4,630.0,1934.9,200,24,1,0.5,4.166666666666667
R004,VEH,T2_SD_VEH_,TEST,4,640.0,1944.9,198,63,2,1.0101010101010102,3.1746031746031744
R004,VEH,T2_SD_VEH_,TEST,5,0.0,1304.9,200,89,0,0.0,0.0
R004,VEH,T2_SD_VEH_,TEST,5,10.0,1314.9,200,79,6,3.0,7.594936708860759
R004,VEH,T2_SD_VEH_,TEST,5,20.0,1324.9,200,74,0,0.0,0.0
R004,VEH,T2_SD_VEH_,TEST,5,30.0,1334.9,200,79,0,0.0,0.0
R004,VEH,T2_SD_VEH_,TEST,5,40.0,1344.9,200,120,0,0.0,0.0
R004,VEH,T2_SD_VEH_,TEST,5,50.0,1354.9,200,91,5,2.5,5.4945054945054945
R004,VEH,T2_SD_VEH_,TEST,5,60.0,1364.9,200,78,0,0.0,0.0
R004,VEH,T2_SD_VEH_,TEST,5,70.0,1374.9,200,66,3,1.5,4.545454545454546
R004,VEH,T2_SD_VEH_,TEST,5,80.0,1384.9,200,65,1,0.5,1.5384615384615385
R004,VEH,T2_SD_VEH_,TEST,5,90.0,1394.9,200,78,0,0.0,0.0
R004,VEH,T2_SD_VEH_,TEST,5,100.0,1404.9,200,63,0,0.0,0.0
R004,VEH,T2_SD_VEH_,TEST,5,110.0,1414.9,200,51,1,0.5,1.9607843137254901
R004,VEH,T2_SD_VEH_,TEST,5,120.0,1424.9,200,78,4,2.0,5.128205128205129
R004,VEH,T2_SD_VEH_,TEST,5,130.0,1434.9,200,60,1,0.5,1.6666666666666667
R004,VEH,T2_SD_VEH_,TEST,5,140.0,1444.9,200,43,1,0.5,2.3255813953488373
R004,VEH,T2_SD_VEH_,TEST,5,150.0,1454.9,200,61,2,1.0,3.278688524590164
R004,VEH,T2_SD_VEH_,TEST,5,160.0,1464.9,200,98,2,1.0,2.0408163265306123
R004,VEH,T2_SD_VEH_,TEST,5,170.0,1474.9,200,73,4,2.0,5.47945205479452
R004,VEH,T2_SD_VEH_,TEST,5,180.0,1484.9,200,64,3,1.5,4.6875
R004,VEH,T2_SD_VEH_,TEST,5,190.0,1494.9,200,92,0,0.0,0.0
R004,VEH,T2_SD_VEH_,TEST,5,200.0,1504.9,200,32,4,2.0,12.5
R004,VEH,T2_SD_VEH_,TEST,5,210.0,1514.9,200,73,0,0.0,0.0
R004,VEH,T2_SD_VEH_,TEST,5,220.0,1524.9,200,51,3,1.5,5.882352941176471
R004,VEH,T2_SD_VEH_,TEST,5,230.0,1534.9,200,64,2,1.0,3.125
R004,VEH,T2_SD_VEH_,TEST,5,240.0,1544.9,200,96,7,3.5,7.291666666666667
R004,VEH,T2_SD_VEH_,TEST,5,250.0,1554.9,200,77,11,5.5,14.285714285714286
R004,VEH,T2_SD_VEH_,TEST,5,260.0,1564.9,200,39,2,1.0,5.128205128205129
R004,VEH,T2_SD_VEH_,TEST,5,270.0,1574.9,200,65,2,1.0,3.076923076923077
R004,VEH,T2_SD_VEH_,TEST,5,280.0,1584.9,200,74,0,0.0,0.0
R004,VEH,T2_SD_VEH_,TEST,5,290.0,1594.9,200,80,4,2.0,5.0
R004,VEH,T2_SD_VEH_,TEST,5,300.0,1604.9,200,81,2,1.0,2.4691358024691357
R004,VEH,T2_SD_VEH_,TEST,5,310.0,1614.9,200,89,5,2.5,5.617977528089888
R004,VEH,T2_SD_VEH_,TEST,5,320.0,1624.9,200,113,1,0.5,0.8849557522123894
R004,VEH,T2_SD_VEH_,TEST,5,330.0,1634.9,200,119,7,3.5,5.882352941176471
R004,VEH,T2_SD_VEH_,TEST,5,340.0,1644.9,200,42,3,1.5,7.142857142857143
R004,VEH,T2_SD_VEH_,TEST,5,350.0,1654.9,200,82,4,2.0,4.878048780487805
R004,VEH,T2_SD_VEH_,TEST,5,360.0,1664.9,200,57,0,0.0,0.0
R004,VEH,T2_SD_VEH_,TEST,5,370.0,1674.9,200,55,7,3.5,12.727272727272727
R004,VEH,T2_SD_VEH_,TEST,5,380.0,1684.9,200,31,0,0.0,0.0
R004,VEH,T2_SD_VEH_,TEST,5,390.0,1694.9,200,86,1,0.5,1.1627906976744187
R004,VEH,T2_SD_VEH_,TEST,5,400.0,1704.9,200,59,2,1.0,3.389830508474576
R004,VEH,T2_SD_VEH_,TEST,5,410.0,1714.9,200,41,2,1.0,4.878048780487805
R004,VEH,T2_SD_VEH_,TEST,5,420.0,1724.9,200,46,9,4.5,19.565217391304348
R004,VEH,T2_SD_VEH_,TEST,5,430.0,1734.9,200,41,0,0.0,0.0
R004,VEH,T2_SD_VEH_,TEST,5,440.0,1744.9,200,67,4,2.0,5.970149253731344
R004,VEH,T2_SD_VEH_,TEST,5,450.0,1754.9,200,72,1,0.5,1.3888888888888888
R004,VEH,T2_SD_VEH_,TEST,5,460.0,1764.9,200,47,1,0.5,2.127659574468085
R004,VEH,T2_SD_VEH_,TEST,5,470.0,1774.9,200,107,3,1.5,2.803738317757009
R004,VEH,T2_SD_VEH_,TEST,5,480.0,1784.9,200,45,0,0.0,0.0
R004,VEH,T2_SD_VEH_,TEST,5,490.0,1794.9,200,54,0,0.0,0.0
R004,VEH,T2_SD_VEH_,TEST,5,500.0,1804.9,200,43,3,1.5,6.976744186046512
R004,VEH,T2_SD_VEH_,TEST,5,510.0,1814.9,200,26,0,0.0,0.0
R004,VEH,T2_SD_VEH_,TEST,5,520.0,1824.9,200,60,0,0.0,0.0
R004,VEH,T2_SD_VEH_,TEST,5,530.0,1834.9,200,66,1,0.5,1.5151515151515151
R004,VEH,T2_SD_VEH_,TEST,5,540.0,1844.9,200,89,7,3.5,7.865168539325842
R004,VEH,T2_SD_VEH_,TEST,5,550.0,1854.9,200,72,0,0.0,0.0
R004,VEH,T2_SD_VEH_,TEST,5,560.0,1864.9,200,60,0,0.0,0.0
R004,VEH,T2_SD_VEH_,TEST,5,570.0,1874.9,200,70,3,1.5,4.285714285714286
R004,VEH,T2_SD_VEH_,TEST,5,580.0,1884.9,200,40,0,0.0,0.0
R004,VEH,T2_SD_VEH_,TEST,5,590.0,1894.9,200,50,4,2.0,8.0
R004,VEH,T2_SD_VEH_,TEST,5,600.0,1904.9,200,66,3,1.5,4.545454545454546
R004,VEH,T2_SD_VEH_,TEST,5,610.0,1914.9,200,35,0,0.0,0.0
R004,VEH,T2_SD_VEH_,TEST,5,620.0,1924.9,200,60,0,0.0,0.0
R004,VEH,T2_SD_VEH_,TEST,5,630.0,1934.9,200,24,2,1.0,8.333333333333334
R004,VEH,T2_SD_VEH_,TEST,5,640.0,1944.9,198,63,7,3.5353535353535355,11.11111111111111
R004,VEH,T2_SD_VEH_,TEST,6,0.0,1304.9,200,89,0,0.0,0.0
R004,VEH,T2_SD_VEH_,TEST,6,10.0,1314.9,200,79,0,0.0,0.0
R004,VEH,T2_SD_VEH_,TEST,6,20.0,1324.9,200,74,3,1.5,4.054054054054054
R004,VEH,T2_SD_VEH_,TEST,6,30.0,1334.9,200,79,0,0.0,0.0
R004,VEH,T2_SD_VEH_,TEST,6,40.0,1344.9,200,120,5,2.5,4.166666666666667
R004,VEH,T2_SD_VEH_,TEST,6,50.0,1354.9,200,91,9,4.5,9.89010989010989
R004,VEH,T2_SD_VEH_,TEST,6,60.0,1364.9,200,78,0,0.0,0.0
R004,VEH,T2_SD_VEH_,TEST,6,70.0,1374.9,200,66,0,0.0,0.0
R004,VEH,T2_SD_VEH_,TEST,6,80.0,1384.9,200,65,1,0.5,1.5384615384615385
R004,VEH,T2_SD_VEH_,TEST,6,90.0,1394.9,200,78,6,3.0,7.6923076923076925
R004,VEH,T2_SD_VEH_,TEST,6,100.0,1404.9,200,63,1,0.5,1.5873015873015872
R004,VEH,T2_SD_VEH_,TEST,6,110.0,1414.9,200,51,0,0.0,0.0
R004,VEH,T2_SD_VEH_,TEST,6,120.0,1424.9,200,78,0,0.0,0.0
R004,VEH,T2_SD_VEH_,TEST,6,130.0,1434.9,200,60,2,1.0,3.3333333333333335
R004,VEH,T2_SD_VEH_,TEST,6,140.0,1444.9,200,43,0,0.0,0.0
R004,VEH,T2_SD_VEH_,TEST,6,150.0,1454.9,200,61,0,0.0,0.0
R004,VEH,T2_SD_VEH_,TEST,6,160.0,1464.9,200,98,0,0.0,0.0
R004,VEH,T2_SD_VEH_,TEST,6,170.0,1474.9,200,73,5,2.5,6.8493150684931505
R004,VEH,T2_SD_VEH_,TEST,6,180.0,1484.9,200,64,0,0.0,0.0
R004,VEH,T2_SD_VEH_,TEST,6,190.0,1494.9,200,92,3,1.5,3.260869565217391
R004,VEH,T2_SD_VEH_,TEST,6,200.0,1504.9,200,32,0,0.0,0.0
R004,VEH,T2_SD_VEH_,TEST,6,210.0,1514.9,200,73,2,1.0,2.73972602739726
R004,VEH,T2_SD_VEH_,TEST,6,220.0,1524.9,200,51,0,0.0,0.0
R004,VEH,T2_SD_VEH_,TEST,6,230.0,1534.9,200,64,0,0.0,0.0
R004,VEH,T2_SD_VEH_,TEST,6,240.0,1544.9,200,96,1,0.5,1.0416666666666667
R004,VEH,T2_SD_VEH_,TEST,6,250.0,1554.9,200,77,6,3.0,7.792207792207792
R004,VEH,T2_SD_VEH_,TEST,6,260.0,1564.9,200,39,0,0.0,0.0
R004,VEH,T2_SD_VEH_,TEST,6,270.0,1574.9,200,65,0,0.0,0.0
R004,VEH,T2_SD_VEH_,TEST,6,280.0,1584.9,200,74,0,0.0,0.0
R004,VEH,T2_SD_VEH_,TEST,6,290.0,1594.9,200,80,0,0.0,0.0
R004,VEH,T2_SD_VEH_,TEST,6,300.0,1604.9,200,81,10,5.0,12.345679012345679
R004,VEH,T2_SD_VEH_,TEST,6,310.0,1614.9,200,89,3,1.5,3.3707865168539324
R004,VEH,T2_SD_VEH_,TEST,6,320.0,1624.9,200,113,0,0.0,0.0
R004,VEH,T2_SD_VEH_,TEST,6,330.0,1634.9,200,119,0,0.0,0.0
R004,VEH,T2_SD_VEH_,TEST,6,340.0,1644.9,200,42,2,1.0,4.761904761904762
R004,VEH,T2_SD_VEH_,TEST,6,350.0,1654.9,200,82,0,0.0,0.0
R004,VEH,T2_SD_VEH_,TEST,6,360.0,1664.9,200,57,0,0.0,0.0
R004,VEH,T2_SD_VEH_,TEST,6,370.0,1674.9,200,55,3,1.5,5.454545454545454
R004,VEH,T2_SD_VEH_,TEST,6,380.0,1684.9,200,31,0,0.0,0.0
R004,VEH,T2_SD_VEH_,TEST,6,390.0,1694.9,200,86,0,0.0,0.0
R004,VEH,T2_SD_VEH_,TEST,6,400.0,1704.9,200,59,2,1.0,3.389830508474576
R004,VEH,T2_SD_VEH_,TEST,6,410.0,1714.9,200,41,2,1.0,4.878048780487805
R004,VEH,T2_SD_VEH_,TEST,6,420.0,1724.9,200,46,2,1.0,4.3478260869565215
R004,VEH,T2_SD_VEH_,TEST,6,430.0,1734.9,200,41,0,0.0,0.0
R004,VEH,T2_SD_VEH_,TEST,6,440.0,1744.9,200,67,4,2.0,5.970149253731344
R004,VEH,T2_SD_VEH_,TEST,6,450.0,1754.9,200,72,0,0.0,0.0
R004,VEH,T2_SD_VEH_,TEST,6,460.0,1764.9,200,47,0,0.0,0.0
R004,VEH,T2_SD_VEH_,TEST,6,470.0,1774.9,200,107,0,0.0,0.0
R004,VEH,T2_SD_VEH_,TEST,6,480.0,1784.9,200,45,0,0.0,0.0
R004,VEH,T2_SD_VEH_,TEST,6,490.0,1794.9,200,54,0,0.0,0.0
R004,VEH,T2_SD_VEH_,TEST,6,500.0,1804.9,200,43,1,0.5,2.3255813953488373
R004,VEH,T2_SD_VEH_,TEST,6,510.0,1814.9,200,26,0,0.0,0.0
R004,VEH,T2_SD_VEH_,TEST,6,520.0,1824.9,200,60,0,0.0,0.0
R004,VEH,T2_SD_VEH_,TEST,6,530.0,1834.9,200,66,3,1.5,4.545454545454546
R004,VEH,T2_SD_VEH_,TEST,6,540.0,1844.9,200,89,0,0.0,0.0
R004,VEH,T2_SD_VEH_,TEST,6,550.0,1854.9,200,72,0,0.0,0.0
R004,VEH,T2_SD_VEH_,TEST,6,560.0,1864.9,200,60,0,0.0,0.0
R004,VEH,T2_SD_VEH_,TEST,6,570.0,1874.9,200,70,0,0.0,0.0
R004,VEH,T2_SD_VEH_,TEST,6,580.0,1884.9,200,40,0,0.0,0.0
R004,VEH,T2_SD_VEH_,TEST,6,590.0,1894.9,200,50,5,2.5,10.0
R004,VEH,T2_SD_VEH_,TEST,6,600.0,1904.9,200,66,0,0.0,0.0
R004,VEH,T2_SD_VEH_,TEST,6,610.0,1914.9,200,35,0,0.0,0.0
R004,VEH,T2_SD_VEH_,TEST,6,620.0,1924.9,200,60,0,0.0,0.0
R004,VEH,T2_SD_VEH_,TEST,6,630.0,1934.9,200,24,0,0.0,0.0
R004,VEH,T2_SD_VEH_,TEST,6,640.0,1944.9,198,63,0,0.0,0.0
R004,VEH,T2_SD_VEH_,OF2,1,0.0,1954.8000000000002,200,103,1,0.5,0.970873786407767
R004,VEH,T2_SD_VEH_,OF2,1,10.0,1964.8000000000002,200,89,0,0.0,0.0
R004,VEH,T2_SD_VEH_,OF2,1,20.0,1974.8000000000002,200,80,5,2.5,6.25
R004,VEH,T2_SD_VEH_,OF2,1,30.0,1984.8000000000002,200,95,0,0.0,0.0
R004,VEH,T2_SD_VEH_,OF2,1,40.0,1994.8000000000002,200,85,1,0.5,1.1764705882352942
R004,VEH,T2_SD_VEH_,OF2,1,50.0,2004.8000000000002,200,66,2,1.0,3.0303030303030303
R004,VEH,T2_SD_VEH_,OF2,1,60.0,2014.8000000000002,200,60,0,0.0,0.0
R004,VEH,T2_SD_VEH_,OF2,1,70.0,2024.8000000000002,200,89,0,0.0,0.0
R004,VEH,T2_SD_VEH_,OF2,1,80.0,2034.8000000000002,200,65,3,1.5,4.615384615384615
R004,VEH,T2_SD_VEH_,OF2,1,90.0,2044.8000000000002,200,37,0,0.0,0.0
R004,VEH,T2_SD_VEH_,OF2,1,100.0,2054.8,200,61,0,0.0,0.0
R004,VEH,T2_SD_VEH_,OF2,1,110.0,2064.8,200,56,0,0.0,0.0
R004,VEH,T2_SD_VEH_,OF2,1,120.0,2074.8,200,76,0,0.0,0.0
R004,VEH,T2_SD_VEH_,OF2,1,130.0,2084.8,200,65,5,2.5,7.6923076923076925
R004,VEH,T2_SD_VEH_,OF2,1,140.0,2094.8,200,80,1,0.5,1.25
R004,VEH,T2_SD_VEH_,OF2,1,150.0,2104.8,200,60,5,2.5,8.333333333333334
R004,VEH,T2_SD_VEH_,OF2,1,160.0,2114.8,200,56,2,1.0,3.5714285714285716
R004,VEH,T2_SD_VEH_,OF2,1,170.0,2124.8,200,52,1,0.5,1.9230769230769231
R004,VEH,T2_SD_VEH_,OF2,1,180.0,2134.8,200,41,1,0.5,2.4390243902439024
R004,VEH,T2_SD_VEH_,OF2,1,190.0,2144.8,200,83,4,2.0,4.819277108433735
R004,VEH,T2_SD_VEH_,OF2,1,200.0,2154.8,200,90,1,0.5,1.1111111111111112
R004,VEH,T2_SD_VEH_,OF2,1,210.0,2164.8,200,94,0,0.0,0.0
R004,VEH,T2_SD_VEH_,OF2,1,220.0,2174.8,200,55,2,1.0,3.6363636363636362
R004,VEH,T2_SD_VEH_,OF2,1,230.0,2184.8,200,81,2,1.0,2.4691358024691357
R004,VEH,T2_SD_VEH_,OF2,1,240.0,2194.8,200,84,1,0.5,1.1904761904761905
R004,VEH,T2_SD_VEH_,OF2,1,250.0,2204.8,200,43,3,1.5,6.976744186046512
R004,VEH,T2_SD_VEH_,OF2,1,260.0,2214.8,200,46,2,1.0,4.3478260869565215
R004,VEH,T2_SD_VEH_,OF2,1,270.0,2224.8,200,76,4,2.0,5.2631578947368425
R004,VEH,T2_SD_VEH_,OF2,1,280.0,2234.8,200,82,1,0.5,1.2195121951219512
R004,VEH,T2_SD_VEH_,OF2,1,290.0,2244.8,200,69,3,1.5,4.3478260869565215
R004,VEH,T2_SD_VEH_,OF2,1,300.0,2254.8,200,73,4,2.0,5.47945205479452
R004,VEH,T2_SD_VEH_,OF2,1,310.0,2264.8,200,87,4,2.0,4.597701149425287
R004,VEH,T2_SD_VEH_,OF2,1,320.0,2274.8,200,65,5,2.5,7.6923076923076925
R004,VEH,T2_SD_VEH_,OF2,1,330.0,2284.8,200,30,1,0.5,3.3333333333333335
R004,VEH,T2_SD_VEH_,OF2,1,340.0,2294.8,200,36,2,1.0,5.555555555555555
R004,VEH,T2_SD_VEH_,OF2,1,350.0,2304.8,200,76,3,1.5,3.9473684210526314
R004,VEH,T2_SD_VEH_,OF2,1,360.0,2314.8,200,62,3,1.5,4.838709677419355
R004,VEH,T2_SD_VEH_,OF2,1,370.0,2324.8,200,44,3,1.5,6.818181818181818
R004,VEH,T2_SD_VEH_,OF2,1,380.0,2334.8,200,66,5,2.5,7.575757575757576
R004,VEH,T2_SD_VEH_,OF2,1,390.0,2344.8,200,69,4,2.0,5.797101449275362
R004,VEH,T2_SD_VEH_,OF2,1,400.0,2354.8,200,115,6,3.0,5.217391304347826
R004,VEH,T2_SD_VEH_,OF2,1,410.0,2364.8,200,51,3,1.5,5.882352941176471
R004,VEH,T2_SD_VEH_,OF2,1,420.0,2374.8,200,88,3,1.5,3.409090909090909
R004,VEH,T2_SD_VEH_,OF2,1,430.0,2384.8,200,98,4,2.0,4.081632653061225
R004,VEH,T2_SD_VEH_,OF2,1,440.0,2394.8,200,77,5,2.5,6.4935064935064934
R004,VEH,T2_SD_VEH_,OF2,1,450.0,2404.8,200,74,6,3.0,8.108108108108109
R004,VEH,T2_SD_VEH_,OF2,1,460.0,2414.8,200,85,3,1.5,3.5294117647058822
R004,VEH,T2_SD_VEH_,OF2,1,470.0,2424.8,200,96,3,1.5,3.125
R004,VEH,T2_SD_VEH_,OF2,1,480.0,2434.8,200,63,1,0.5,1.5873015873015872
R004,VEH,T2_SD_VEH_,OF2,1,490.0,2444.8,200,79,7,3.5,8.860759493670885
R004,VEH,T2_SD_VEH_,OF2,1,500.0,2454.8,200,53,2,1.0,3.7735849056603774
R004,VEH,T2_SD_VEH_,OF2,1,510.0,2464.8,200,83,4,2.0,4.819277108433735
R004,VEH,T2_SD_VEH_,OF2,1,520.0,2474.8,200,93,9,4.5,9.67741935483871
R004,VEH,T2_SD_VEH_,OF2,1,530.0,2484.8,200,95,1,0.5,1.0526315789473684
R004,VEH,T2_SD_VEH_,OF2,1,540.0,2494.8,200,45,7,3.5,15.555555555555555
R004,VEH,T2_SD_VEH_,OF2,1,550.0,2504.8,200,78,7,3.5,8.974358974358974
R004,VEH,T2_SD_VEH_,OF2,1,560.0,2514.8,200,81,2,1.0,2.4691358024691357
R004,VEH,T2_SD_VEH_,OF2,1,570.0,2524.8,200,111,14,7.0,12.612612612612613
R004,VEH,T2_SD_VEH_,OF2,1,580.0,2534.8,200,82,9,4.5,10.975609756097562
R004,VEH,T2_SD_VEH_,OF2,1,590.0,2544.8,200,84,1,0.5,1.1904761904761905
R004,VEH,T2_SD_VEH_,OF2,1,600.0,2554.8,200,75,6,3.0,8.0
R004,VEH,T2_SD_VEH_,OF2,1,610.0,2564.8,200,100,1,0.5,1.0
R004,VEH,T2_SD_VEH_,OF2,1,620.0,2574.8,200,83,4,2.0,4.819277108433735
R004,VEH,T2_SD_VEH_,OF2,1,630.0,2584.8,200,82,3,1.5,3.658536585365854
R004,VEH,T2_SD_VEH_,OF2,1,640.0,2594.8,198,81,4,2.0202020202020203,4.938271604938271
R004,VEH,T2_SD_VEH_,OF2,2,0.0,1954.8000000000002,200,103,0,0.0,0.0
R004,VEH,T2_SD_VEH_,OF2,2,10.0,1964.8000000000002,200,89,4,2.0,4.49438202247191
R004,VEH,T2_SD_VEH_,OF2,2,20.0,1974.8000000000002,200,80,0,0.0,0.0
R004,VEH,T2_SD_VEH_,OF2,2,30.0,1984.8000000000002,200,95,0,0.0,0.0
R004,VEH,T2_SD_VEH_,OF2,2,40.0,1994.8000000000002,200,85,0,0.0,0.0
R004,VEH,T2_SD_VEH_,OF2,2,50.0,2004.8000000000002,200,66,5,2.5,7.575757575757576
R004,VEH,T2_SD_VEH_,OF2,2,60.0,2014.8000000000002,200,60,2,1.0,3.3333333333333335
R004,VEH,T2_SD_VEH_,OF2,2,70.0,2024.8000000000002,200,89,0,0.0,0.0
R004,VEH,T2_SD_VEH_,OF2,2,80.0,2034.8000000000002,200,65,2,1.0,3.076923076923077
R004,VEH,T2_SD_VEH_,OF2,2,90.0,2044.8000000000002,200,37,5,2.5,13.513513513513514
R004,VEH,T2_SD_VEH_,OF2,2,100.0,2054.8,200,61,0,0.0,0.0
R004,VEH,T2_SD_VEH_,OF2,2,110.0,2064.8,200,56,2,1.0,3.5714285714285716
R004,VEH,T2_SD_VEH_,OF2,2,120.0,2074.8,200,76,0,0.0,0.0
R004,VEH,T2_SD_VEH_,OF2,2,130.0,2084.8,200,65,0,0.0,0.0
R004,VEH,T2_SD_VEH_,OF2,2,140.0,2094.8,200,80,7,3.5,8.75
R004,VEH,T2_SD_VEH_,OF2,2,150.0,2104.8,200,60,4,2.0,6.666666666666667
R004,VEH,T2_SD_VEH_,OF2,2,160.0,2114.8,200,56,0,0.0,0.0
R004,VEH,T2_SD_VEH_,OF2,2,170.0,2124.8,200,52,1,0.5,1.9230769230769231
R004,VEH,T2_SD_VEH_,OF2,2,180.0,2134.8,200,41,0,0.0,0.0
R004,VEH,T2_SD_VEH_,OF2,2,190.0,2144.8,200,83,1,0.5,1.2048192771084338
R004,VEH,T2_SD_VEH_,OF2,2,200.0,2154.8,200,90,0,0.0,0.0
R004,VEH,T2_SD_VEH_,OF2,2,210.0,2164.8,200,94,1,0.5,1.0638297872340425
R004,VEH,T2_SD_VEH_,OF2,2,220.0,2174.8,200,55,0,0.0,0.0
R004,VEH,T2_SD_VEH_,OF2,2,230.0,2184.8,200,81,1,0.5,1.2345679012345678
R004,VEH,T2_SD_VEH_,OF2,2,240.0,2194.8,200,84,8,4.0,9.523809523809524
R004,VEH,T2_SD_VEH_,OF2,2,250.0,2204.8,200,43,0,0.0,0.0
R004,VEH,T2_SD_VEH_,OF2,2,260.0,2214.8,200,46,8,4.0,17.391304347826086
R004,VEH,T2_SD_VEH_,OF2,2,270.0,2224.8,200,76,5,2.5,6.578947368421052
R004,VEH,T2_SD_VEH_,OF2,2,280.0,2234.8,200,82,0,0.0,0.0
R004,VEH,T2_SD_VEH_,OF2,2,290.0,2244.8,200,69,3,1.5,4.3478260869565215
R004,VEH,T2_SD_VEH_,OF2,2,300.0,2254.8,200,73,3,1.5,4.109589041095891
R004,VEH,T2_SD_VEH_,OF2,2,310.0,2264.8,200,87,3,1.5,3.4482758620689653
R004,VEH,T2_SD_VEH_,OF2,2,320.0,2274.8,200,65,5,2.5,7.6923076923076925
R004,VEH,T2_SD_VEH_,OF2,2,330.0,2284.8,200,30,4,2.0,13.333333333333334
R004,VEH,T2_SD_VEH_,OF2,2,340.0,2294.8,200,36,3,1.5,8.333333333333334
R004,VEH,T2_SD_VEH_,OF2,2,350.0,2304.8,200,76,4,2.0,5.2631578947368425
R004,VEH,T2_SD_VEH_,OF2,2,360.0,2314.8,200,62,13,6.5,20.967741935483872
R004,VEH,T2_SD_VEH_,OF2,2,370.0,2324.8,200,44,7,3.5,15.909090909090908
R004,VEH,T2_SD_VEH_,OF2,2,380.0,2334.8,200,66,4,2.0,6.0606060606060606
R004,VEH,T2_SD_VEH_,OF2,2,390.0,2344.8,200,69,0,0.0,0.0
R004,VEH,T2_SD_VEH_,OF2,2,400.0,2354.8,200,115,6,3.0,5.217391304347826
R004,VEH,T2_SD_VEH_,OF2,2,410.0,2364.8,200,51,0,0.0,0.0
R004,VEH,T2_SD_VEH_,OF2,2,420.0,2374.8,200,88,2,1.0,2.272727272727273
R004,VEH,T2_SD_VEH_,OF2,2,430.0,2384.8,200,98,4,2.0,4.081632653061225
R004,VEH,T2_SD_VEH_,OF2,2,440.0,2394.8,200,77,4,2.0,5.194805194805195
R004,VEH,T2_SD_VEH_,OF2,2,450.0,2404.8,200,74,1,0.5,1.3513513513513513
R004,VEH,T2_SD_VEH_,OF2,2,460.0,2414.8,200,85,7,3.5,8.235294117647058
R004,VEH,T2_SD_VEH_,OF2,2,470.0,2424.8,200,96,7,3.5,7.291666666666667
R004,VEH,T2_SD_VEH_,OF2,2,480.0,2434.8,200,63,3,1.5,4.761904761904762
R004,VEH,T2_SD_VEH_,OF2,2,490.0,2444.8,200,79,6,3.0,7.594936708860759
R004,VEH,T2_SD_VEH_,OF2,2,500.0,2454.8,200,53,0,0.0,0.0
R004,VEH,T2_SD_VEH_,OF2,2,510.0,2464.8,200,83,12,6.0,14.457831325301205
R004,VEH,T2_SD_VEH_,OF2,2,520.0,2474.8,200,93,4,2.0,4.301075268817204
R004,VEH,T2_SD_VEH_,OF2,2,530.0,2484.8,200,95,6,3.0,6.315789473684211
R004,VEH,T2_SD_VEH_,OF2,2,540.0,2494.8,200,45,4,2.0,8.88888888888889
R004,VEH,T2_SD_VEH_,OF2,2,550.0,2504.8,200,78,1,0.5,1.2820512820512822
R004,VEH,T2_SD_VEH_,OF2,2,560.0,2514.8,200,81,2,1.0,2.4691358024691357
R004,VEH,T2_SD_VEH_,OF2,2,570.0,2524.8,200,111,0,0.0,0.0
R004,VEH,T2_SD_VEH_,OF2,2,580.0,2534.8,200,82,0,0.0,0.0
R004,VEH,T2_SD_VEH_,OF2,2,590.0,2544.8,200,84,9,4.5,10.714285714285714
R004,VEH,T2_SD_VEH_,OF2,2,600.0,2554.8,200,75,2,1.0,2.6666666666666665
R004,VEH,T2_SD_VEH_,OF2,2,610.0,2564.8,200,100,1,0.5,1.0
R004,VEH,T2_SD_VEH_,OF2,2,620.0,2574.8,200,83,4,2.0,4.819277108433735
R004,VEH,T2_SD_VEH_,OF2,2,630.0,2584.8,200,82,4,2.0,4.878048780487805
R004,VEH,T2_SD_VEH_,OF2,2,640.0,2594.8,198,81,0,0.0,0.0
R004,VEH,T2_SD_VEH_,OF2,3,0.0,1954.8000000000002,200,103,7,3.5,6.796116504854369
R004,VEH,T2_SD_VEH_,OF2,3,10.0,1964.8000000000002,200,89,2,1.0,2.247191011235955
R004,VEH,T2_SD_VEH_,OF2,3,20.0,1974.8000000000002,200,80,4,2.0,5.0
R004,VEH,T2_SD_VEH_,OF2,3,30.0,1984.8000000000002,200,95,1,0.5,1.0526315789473684
R004,VEH,T2_SD_VEH_,OF2,3,40.0,1994.8000000000002,200,85,2,1.0,2.3529411764705883
R004,VEH,T2_SD_VEH_,OF2,3,50.0,2004.8000000000002,200,66,0,0.0,0.0
R004,VEH,T2_SD_VEH_,OF2,3,60.0,2014.8000000000002,200,60,1,0.5,1.6666666666666667
R004,VEH,T2_SD_VEH_,OF2,3,70.0,2024.8000000000002,200,89,1,0.5,1.1235955056179776
R004,VEH,T2_SD_VEH_,OF2,3,80.0,2034.8000000000002,200,65,0,0.0,0.0
R004,VEH,T2_SD_VEH_,OF2,3,90.0,2044.8000000000002,200,37,0,0.0,0.0
R004,VEH,T2_SD_VEH_,OF2,3,100.0,2054.8,200,61,1,0.5,1.639344262295082
R004,VEH,T2_SD_VEH_,OF2,3,110.0,2064.8,200,56,3,1.5,5.357142857142857
R004,VEH,T2_SD_VEH_,OF2,3,120.0,2074.8,200,76,0,0.0,0.0
R004,VEH,T2_SD_VEH_,OF2,3,130.0,2084.8,200,65,0,0.0,0.0
R004,VEH,T2_SD_VEH_,OF2,3,140.0,2094.8,200,80,7,3.5,8.75
R004,VEH,T2_SD_VEH_,OF2,3,150.0,2104.8,200,60,2,1.0,3.3333333333333335
R004,VEH,T2_SD_VEH_,OF2,3,160.0,2114.8,200,56,2,1.0,3.5714285714285716
R004,VEH,T2_SD_VEH_,OF2,3,170.0,2124.8,200,52,3,1.5,5.769230769230769
R004,VEH,T2_SD_VEH_,OF2,3,180.0,2134.8,200,41,3,1.5,7.317073170731708
R004,VEH,T2_SD_VEH_,OF2,3,190.0,2144.8,200,83,1,0.5,1.2048192771084338
R004,VEH,T2_SD_VEH_,OF2,3,200.0,2154.8,200,90,5,2.5,5.555555555555555
R004,VEH,T2_SD_VEH_,OF2,3,210.0,2164.8,200,94,8,4.0,8.51063829787234
R004,VEH,T2_SD_VEH_,OF2,3,220.0,2174.8,200,55,3,1.5,5.454545454545454
R004,VEH,T2_SD_VEH_,OF2,3,230.0,2184.8,200,81,2,1.0,2.4691358024691357
R004,VEH,T2_SD_VEH_,OF2,3,240.0,2194.8,200,84,5,2.5,5.9523809523809526
R004,VEH,T2_SD_VEH_,OF2,3,250.0,2204.8,200,43,0,0.0,0.0
R004,VEH,T2_SD_VEH_,OF2,3,260.0,2214.8,200,46,0,0.0,0.0
R004,VEH,T2_SD_VEH_,OF2,3,270.0,2224.8,200,76,5,2.5,6.578947368421052
R004,VEH,T2_SD_VEH_,OF2,3,280.0,2234.8,200,82,8,4.0,9.75609756097561
R004,VEH,T2_SD_VEH_,OF2,3,290.0,2244.8,200,69,3,1.5,4.3478260869565215
R004,VEH,T2_SD_VEH_,OF2,3,300.0,2254.8,200,73,5,2.5,6.8493150684931505
R004,VEH,T2_SD_VEH_,OF2,3,310.0,2264.8,200,87,0,0.0,0.0
R004,VEH,T2_SD_VEH_,OF2,3,320.0,2274.8,200,65,2,1.0,3.076923076923077
R004,VEH,T2_SD_VEH_,OF2,3,330.0,2284.8,200,30,1,0.5,3.3333333333333335
R004,VEH,T2_SD_VEH_,OF2,3,340.0,2294.8,200,36,1,0.5,2.7777777777777777
R004,VEH,T2_SD_VEH_,OF2,3,350.0,2304.8,200,76,1,0.5,1.3157894736842106
R004,VEH,T2_SD_VEH_,OF2,3,360.0,2314.8,200,62,0,0.0,0.0
R004,VEH,T2_SD_VEH_,OF2,3,370.0,2324.8,200,44,0,0.0,0.0
R004,VEH,T2_SD_VEH_,OF2,3,380.0,2334.8,200,66,12,6.0,18.181818181818183
R004,VEH,T2_SD_VEH_,OF2,3,390.0,2344.8,200,69,3,1.5,4.3478260869565215
R004,VEH,T2_SD_VEH_,OF2,3,400.0,2354.8,200,115,2,1.0,1.7391304347826086
R004,VEH,T2_SD_VEH_,OF2,3,410.0,2364.8,200,51,3,1.5,5.882352941176471
R004,VEH,T2_SD_VEH_,OF2,3,420.0,2374.8,200,88,0,0.0,0.0
R004,VEH,T2_SD_VEH_,OF2,3,430.0,2384.8,200,98,3,1.5,3.061224489795918
R004,VEH,T2_SD_VEH_,OF2,3,440.0,2394.8,200,77,8,4.0,10.38961038961039
R004,VEH,T2_SD_VEH_,OF2,3,450.0,2404.8,200,74,1,0.5,1.3513513513513513
R004,VEH,T2_SD_VEH_,OF2,3,460.0,2414.8,200,85,0,0.0,0.0
R004,VEH,T2_SD_VEH_,OF2,3,470.0,2424.8,200,96,6,3.0,6.25
R004,VEH,T2_SD_VEH_,OF2,3,480.0,2434.8,200,63,0,0.0,0.0
R004,VEH,T2_SD_VEH_,OF2,3,490.0,2444.8,200,79,10,5.0,12.658227848101266
R004,VEH,T2_SD_VEH_,OF2,3,500.0,2454.8,200,53,1,0.5,1.8867924528301887
R004,VEH,T2_SD_VEH_,OF2,3,510.0,2464.8,200,83,0,0.0,0.0
R004,VEH,T2_SD_VEH_,OF2,3,520.0,2474.8,200,93,1,0.5,1.075268817204301
R004,VEH,T2_SD_VEH_,OF2,3,530.0,2484.8,200,95,5,2.5,5.2631578947368425
R004,VEH,T2_SD_VEH_,OF2,3,540.0,2494.8,200,45,0,0.0,0.0
R004,VEH,T2_SD_VEH_,OF2,3,550.0,2504.8,200,78,4,2.0,5.128205128205129
R004,VEH,T2_SD_VEH_,OF2,3,560.0,2514.8,200,81,4,2.0,4.938271604938271
R004,VEH,T2_SD_VEH_,OF2,3,570.0,2524.8,200,111,9,4.5,8.108108108108109
R004,VEH,T2_SD_VEH_,OF2,3,580.0,2534.8,200,82,7,3.5,8.536585365853659
R004,VEH,T2_SD_VEH_,OF2,3,590.0,2544.8,200,84,0,0.0,0.0
R004,VEH,T2_SD_VEH_,OF2,3,600.0,2554.8,200,75,0,0.0,0.0
R004,VEH,T2_SD_VEH_,OF2,3,610.0,2564.8,200,100,4,2.0,4.0
R004,VEH,T2_SD_VEH_,OF2,3,620.0,2574.8,200,83,4,2.0,4.819277108433735
R004,VEH,T2_SD_VEH_,OF2,3,630.0,2584.8,200,82,3,1.5,3.658536585365854
R004,VEH,T2_SD_VEH_,OF2,3,640.0,2594.8,198,81,5,2.525252525252525,6.172839506172839
R004,VEH,T2_SD_VEH_,OF2,4,0.0,1954.8000000000002,200,103,6,3.0,5.825242718446602
R004,VEH,T2_SD_VEH_,OF2,4,10.0,1964.8000000000002,200,89,0,0.0,0.0
R004,VEH,T2_SD_VEH_,OF2,4,20.0,1974.8000000000002,200,80,7,3.5,8.75
R004,VEH,T2_SD_VEH_,OF2,4,30.0,1984.8000000000002,200,95,0,0.0,0.0
R004,VEH,T2_SD_VEH_,OF2,4,40.0,1994.8000000000002,200,85,2,1.0,2.3529411764705883
R004,VEH,T2_SD_VEH_,OF2,4,50.0,2004.8000000000002,200,66,3,1.5,4.545454545454546
R004,VEH,T2_SD_VEH_,OF2,4,60.0,2014.8000000000002,200,60,0,0.0,0.0
R004,VEH,T2_SD_VEH_,OF2,4,70.0,2024.8000000000002,200,89,0,0.0,0.0
R004,VEH,T2_SD_VEH_,OF2,4,80.0,2034.8000000000002,200,65,0,0.0,0.0
R004,VEH,T2_SD_VEH_,OF2,4,90.0,2044.8000000000002,200,37,1,0.5,2.7027027027027026
R004,VEH,T2_SD_VEH_,OF2,4,100.0,2054.8,200,61,3,1.5,4.918032786885246
R004,VEH,T2_SD_VEH_,OF2,4,110.0,2064.8,200,56,0,0.0,0.0
R004,VEH,T2_SD_VEH_,OF2,4,120.0,2074.8,200,76,0,0.0,0.0
R004,VEH,T2_SD_VEH_,OF2,4,130.0,2084.8,200,65,0,0.0,0.0
R004,VEH,T2_SD_VEH_,OF2,4,140.0,2094.8,200,80,0,0.0,0.0
R004,VEH,T2_SD_VEH_,OF2,4,150.0,2104.8,200,60,0,0.0,0.0
R004,VEH,T2_SD_VEH_,OF2,4,160.0,2114.8,200,56,4,2.0,7.142857142857143
R004,VEH,T2_SD_VEH_,OF2,4,170.0,2124.8,200,52,0,0.0,0.0
R004,VEH,T2_SD_VEH_,OF2,4,180.0,2134.8,200,41,3,1.5,7.317073170731708
R004,VEH,T2_SD_VEH_,OF2,4,190.0,2144.8,200,83,0,0.0,0.0
R004,VEH,T2_SD_VEH_,OF2,4,200.0,2154.8,200,90,3,1.5,3.3333333333333335
R004,VEH,T2_SD_VEH_,OF2,4,210.0,2164.8,200,94,0,0.0,0.0
R004,VEH,T2_SD_VEH_,OF2,4,220.0,2174.8,200,55,1,0.5,1.8181818181818181
R004,VEH,T2_SD_VEH_,OF2,4,230.0,2184.8,200,81,0,0.0,0.0
R004,VEH,T2_SD_VEH_,OF2,4,240.0,2194.8,200,84,0,0.0,0.0
R004,VEH,T2_SD_VEH_,OF2,4,250.0,2204.8,200,43,0,0.0,0.0
R004,VEH,T2_SD_VEH_,OF2,4,260.0,2214.8,200,46,0,0.0,0.0
R004,VEH,T2_SD_VEH_,OF2,4,270.0,2224.8,200,76,0,0.0,0.0
R004,VEH,T2_SD_VEH_,OF2,4,280.0,2234.8,200,82,7,3.5,8.536585365853659
R004,VEH,T2_SD_VEH_,OF2,4,290.0,2244.8,200,69,4,2.0,5.797101449275362
R004,VEH,T2_SD_VEH_,OF2,4,300.0,2254.8,200,73,0,0.0,0.0
R004,VEH,T2_SD_VEH_,OF2,4,310.0,2264.8,200,87,5,2.5,5.747126436781609
R004,VEH,T2_SD_VEH_,OF2,4,320.0,2274.8,200,65,0,0.0,0.0
R004,VEH,T2_SD_VEH_,OF2,4,330.0,2284.8,200,30,2,1.0,6.666666666666667
R004,VEH,T2_SD_VEH_,OF2,4,340.0,2294.8,200,36,0,0.0,0.0
R004,VEH,T2_SD_VEH_,OF2,4,350.0,2304.8,200,76,2,1.0,2.6315789473684212
R004,VEH,T2_SD_VEH_,OF2,4,360.0,2314.8,200,62,0,0.0,0.0
R004,VEH,T2_SD_VEH_,OF2,4,370.0,2324.8,200,44,0,0.0,0.0
R004,VEH,T2_SD_VEH_,OF2,4,380.0,2334.8,200,66,4,2.0,6.0606060606060606
R004,VEH,T2_SD_VEH_,OF2,4,390.0,2344.8,200,69,5,2.5,7.246376811594203
R004,VEH,T2_SD_VEH_,OF2,4,400.0,2354.8,200,115,0,0.0,0.0
R004,VEH,T2_SD_VEH_,OF2,4,410.0,2364.8,200,51,0,0.0,0.0
R004,VEH,T2_SD_VEH_,OF2,4,420.0,2374.8,200,88,2,1.0,2.272727272727273
R004,VEH,T2_SD_VEH_,OF2,4,430.0,2384.8,200,98,7,3.5,7.142857142857143
R004,VEH,T2_SD_VEH_,OF2,4,440.0,2394.8,200,77,0,0.0,0.0
R004,VEH,T2_SD_VEH_,OF2,4,450.0,2404.8,200,74,3,1.5,4.054054054054054
R004,VEH,T2_SD_VEH_,OF2,4,460.0,2414.8,200,85,0,0.0,0.0
R004,VEH,T2_SD_VEH_,OF2,4,470.0,2424.8,200,96,0,0.0,0.0
R004,VEH,T2_SD_VEH_,OF2,4,480.0,2434.8,200,63,0,0.0,0.0
R004,VEH,T2_SD_VEH_,OF2,4,490.0,2444.8,200,79,1,0.5,1.2658227848101267
R004,VEH,T2_SD_VEH_,OF2,4,500.0,2454.8,200,53,2,1.0,3.7735849056603774
R004,VEH,T2_SD_VEH_,OF2,4,510.0,2464.8,200,83,0,0.0,0.0
R004,VEH,T2_SD_VEH_,OF2,4,520.0,2474.8,200,93,1,0.5,1.075268817204301
R004,VEH,T2_SD_VEH_,OF2,4,530.0,2484.8,200,95,3,1.5,3.1578947368421053
R004,VEH,T2_SD_VEH_,OF2,4,540.0,2494.8,200,45,0,0.0,0.0
R004,VEH,T2_SD_VEH_,OF2,4,550.0,2504.8,200,78,0,0.0,0.0
R004,VEH,T2_SD_VEH_,OF2,4,560.0,2514.8,200,81,0,0.0,0.0
R004,VEH,T2_SD_VEH_,OF2,4,570.0,2524.8,200,111,0,0.0,0.0
R004,VEH,T2_SD_VEH_,OF2,4,580.0,2534.8,200,82,3,1.5,3.658536585365854
R004,VEH,T2_SD_VEH_,OF2,4,590.0,2544.8,200,84,0,0.0,0.0
R004,VEH,T2_SD_VEH_,OF2,4,600.0,2554.8,200,75,0,0.0,0.0
R004,VEH,T2_SD_VEH_,OF2,4,610.0,2564.8,200,100,3,1.5,3.0
R004,VEH,T2_SD_VEH_,OF2,4,620.0,2574.8,200,83,0,0.0,0.0
R004,VEH,T2_SD_VEH_,OF2,4,630.0,2584.8,200,82,8,4.0,9.75609756097561
R004,VEH,T2_SD_VEH_,OF2,4,640.0,2594.8,198,81,1,0.5050505050505051,1.2345679012345678
R004,VEH,T2_SD_VEH_,OF2,5,0.0,1954.8000000000002,200,103,0,0.0,0.0
R004,VEH,T2_SD_VEH_,OF2,5,10.0,1964.8000000000002,200,89,0,0.0,0.0
R004,VEH,T2_SD_VEH_,OF2,5,20.0,1974.8000000000002,200,80,0,0.0,0.0
R004,VEH,T2_SD_VEH_,OF2,5,30.0,1984.8000000000002,200,95,0,0.0,0.0
R004,VEH,T2_SD_VEH_,OF2,5,40.0,1994.8000000000002,200,85,2,1.0,2.3529411764705883
R004,VEH,T2_SD_VEH_,OF2,5,50.0,2004.8000000000002,200,66,0,0.0,0.0
R004,VEH,T2_SD_VEH_,OF2,5,60.0,2014.8000000000002,200,60,0,0.0,0.0
R004,VEH,T2_SD_VEH_,OF2,5,70.0,2024.8000000000002,200,89,2,1.0,2.247191011235955
R004,VEH,T2_SD_VEH_,OF2,5,80.0,2034.8000000000002,200,65,0,0.0,0.0
R004,VEH,T2_SD_VEH_,OF2,5,90.0,2044.8000000000002,200,37,5,2.5,13.513513513513514
R004,VEH,T2_SD_VEH_,OF2,5,100.0,2054.8,200,61,0,0.0,0.0
R004,VEH,T2_SD_VEH_,OF2,5,110.0,2064.8,200,56,0,0.0,0.0
R004,VEH,T2_SD_VEH_,OF2,5,120.0,2074.8,200,76,0,0.0,0.0
R004,VEH,T2_SD_VEH_,OF2,5,130.0,2084.8,200,65,1,0.5,1.5384615384615385
R004,VEH,T2_SD_VEH_,OF2,5,140.0,2094.8,200,80,0,0.0,0.0
R004,VEH,T2_SD_VEH_,OF2,5,150.0,2104.8,200,60,0,0.0,0.0
R004,VEH,T2_SD_VEH_,OF2,5,160.0,2114.8,200,56,0,0.0,0.0
R004,VEH,T2_SD_VEH_,OF2,5,170.0,2124.8,200,52,0,0.0,0.0
R004,VEH,T2_SD_VEH_,OF2,5,180.0,2134.8,200,41,0,0.0,0.0
R004,VEH,T2_SD_VEH_,OF2,5,190.0,2144.8,200,83,3,1.5,3.6144578313253013
R004,VEH,T2_SD_VEH_,OF2,5,200.0,2154.8,200,90,0,0.0,0.0
R004,VEH,T2_SD_VEH_,OF2,5,210.0,2164.8,200,94,0,0.0,0.0
R004,VEH,T2_SD_VEH_,OF2,5,220.0,2174.8,200,55,3,1.5,5.454545454545454
R004,VEH,T2_SD_VEH_,OF2,5,230.0,2184.8,200,81,0,0.0,0.0
R004,VEH,T2_SD_VEH_,OF2,5,240.0,2194.8,200,84,1,0.5,1.1904761904761905
R004,VEH,T2_SD_VEH_,OF2,5,250.0,2204.8,200,43,2,1.0,4.651162790697675
R004,VEH,T2_SD_VEH_,OF2,5,260.0,2214.8,200,46,5,2.5,10.869565217391305
R004,VEH,T2_SD_VEH_,OF2,5,270.0,2224.8,200,76,5,2.5,6.578947368421052
R004,VEH,T2_SD_VEH_,OF2,5,280.0,2234.8,200,82,1,0.5,1.2195121951219512
R004,VEH,T2_SD_VEH_,OF2,5,290.0,2244.8,200,69,3,1.5,4.3478260869565215
R004,VEH,T2_SD_VEH_,OF2,5,300.0,2254.8,200,73,6,3.0,8.219178082191782
R004,VEH,T2_SD_VEH_,OF2,5,310.0,2264.8,200,87,6,3.0,6.896551724137931
R004,VEH,T2_SD_VEH_,OF2,5,320.0,2274.8,200,65,2,1.0,3.076923076923077
R004,VEH,T2_SD_VEH_,OF2,5,330.0,2284.8,200,30,0,0.0,0.0
R004,VEH,T2_SD_VEH_,OF2,5,340.0,2294.8,200,36,0,0.0,0.0
R004,VEH,T2_SD_VEH_,OF2,5,350.0,2304.8,200,76,0,0.0,0.0
R004,VEH,T2_SD_VEH_,OF2,5,360.0,2314.8,200,62,2,1.0,3.225806451612903
R004,VEH,T2_SD_VEH_,OF2,5,370.0,2324.8,200,44,0,0.0,0.0
R004,VEH,T2_SD_VEH_,OF2,5,380.0,2334.8,200,66,2,1.0,3.0303030303030303
R004,VEH,T2_SD_VEH_,OF2,5,390.0,2344.8,200,69,3,1.5,4.3478260869565215
R004,VEH,T2_SD_VEH_,OF2,5,400.0,2354.8,200,115,0,0.0,0.0
R004,VEH,T2_SD_VEH_,OF2,5,410.0,2364.8,200,51,1,0.5,1.9607843137254901
R004,VEH,T2_SD_VEH_,OF2,5,420.0,2374.8,200,88,7,3.5,7.954545454545454
R004,VEH,T2_SD_VEH_,OF2,5,430.0,2384.8,200,98,3,1.5,3.061224489795918
R004,VEH,T2_SD_VEH_,OF2,5,440.0,2394.8,200,77,0,0.0,0.0
R004,VEH,T2_SD_VEH_,OF2,5,450.0,2404.8,200,74,3,1.5,4.054054054054054
R004,VEH,T2_SD_VEH_,OF2,5,460.0,2414.8,200,85,3,1.5,3.5294117647058822
R004,VEH,T2_SD_VEH_,OF2,5,470.0,2424.8,200,96,1,0.5,1.0416666666666667
R004,VEH,T2_SD_VEH_,OF2,5,480.0,2434.8,200,63,5,2.5,7.936507936507937
R004,VEH,T2_SD_VEH_,OF2,5,490.0,2444.8,200,79,2,1.0,2.5316455696202533
R004,VEH,T2_SD_VEH_,OF2,5,500.0,2454.8,200,53,1,0.5,1.8867924528301887
R004,VEH,T2_SD_VEH_,OF2,5,510.0,2464.8,200,83,0,0.0,0.0
R004,VEH,T2_SD_VEH_,OF2,5,520.0,2474.8,200,93,1,0.5,1.075268817204301
R004,VEH,T2_SD_VEH_,OF2,5,530.0,2484.8,200,95,1,0.5,1.0526315789473684
R004,VEH,T2_SD_VEH_,OF2,5,540.0,2494.8,200,45,1,0.5,2.2222222222222223
R004,VEH,T2_SD_VEH_,OF2,5,550.0,2504.8,200,78,1,0.5,1.2820512820512822
R004,VEH,T2_SD_VEH_,OF2,5,560.0,2514.8,200,81,0,0.0,0.0
R004,VEH,T2_SD_VEH_,OF2,5,570.0,2524.8,200,111,0,0.0,0.0
R004,VEH,T2_SD_VEH_,OF2,5,580.0,2534.8,200,82,0,0.0,0.0
R004,VEH,T2_SD_VEH_,OF2,5,590.0,2544.8,200,84,0,0.0,0.0
R004,VEH,T2_SD_VEH_,OF2,5,600.0,2554.8,200,75,1,0.5,1.3333333333333333
R004,VEH,T2_SD_VEH_,OF2,5,610.0,2564.8,200,100,0,0.0,0.0
R004,VEH,T2_SD_VEH_,OF2,5,620.0,2574.8,200,83,5,2.5,6.024096385542169
R004,VEH,T2_SD_VEH_,OF2,5,630.0,2584.8,200,82,1,0.5,1.2195121951219512
R004,VEH,T2_SD_VEH_,OF2,5,640.0,2594.8,198,81,0,0.0,0.0
R004,VEH,T2_SD_VEH_,OF2,6,0.0,1954.8000000000002,200,103,5,2.5,4.854368932038835
R004,VEH,T2_SD_VEH_,OF2,6,10.0,1964.8000000000002,200,89,0,0.0,0.0
R004,VEH,T2_SD_VEH_,OF2,6,20.0,1974.8000000000002,200,80,6,3.0,7.5
R004,VEH,T2_SD_VEH_,OF2,6,30.0,1984.8000000000002,200,95,0,0.0,0.0
R004,VEH,T2_SD_VEH_,OF2,6,40.0,1994.8000000000002,200,85,0,0.0,0.0
R004,VEH,T2_SD_VEH_,OF2,6,50.0,2004.8000000000002,200,66,2,1.0,3.0303030303030303
R004,VEH,T2_SD_VEH_,OF2,6,60.0,2014.8000000000002,200,60,0,0.0,0.0
R004,VEH,T2_SD_VEH_,OF2,6,70.0,2024.8000000000002,200,89,1,0.5,1.1235955056179776
R004,VEH,T2_SD_VEH_,OF2,6,80.0,2034.8000000000002,200,65,0,0.0,0.0
R004,VEH,T2_SD_VEH_,OF2,6,90.0,2044.8000000000002,200,37,0,0.0,0.0
R004,VEH,T2_SD_VEH_,OF2,6,100.0,2054.8,200,61,0,0.0,0.0
R004,VEH,T2_SD_VEH_,OF2,6,110.0,2064.8,200,56,0,0.0,0.0
R004,VEH,T2_SD_VEH_,OF2,6,120.0,2074.8,200,76,3,1.5,3.9473684210526314
R004,VEH,T2_SD_VEH_,OF2,6,130.0,2084.8,200,65,6,3.0,9.23076923076923
R004,VEH,T2_SD_VEH_,OF2,6,140.0,2094.8,200,80,0,0.0,0.0
R004,VEH,T2_SD_VEH_,OF2,6,150.0,2104.8,200,60,0,0.0,0.0
R004,VEH,T2_SD_VEH_,OF2,6,160.0,2114.8,200,56,3,1.5,5.357142857142857
R004,VEH,T2_SD_VEH_,OF2,6,170.0,2124.8,200,52,0,0.0,0.0
R004,VEH,T2_SD_VEH_,OF2,6,180.0,2134.8,200,41,0,0.0,0.0
R004,VEH,T2_SD_VEH_,OF2,6,190.0,2144.8,200,83,0,0.0,0.0
R004,VEH,T2_SD_VEH_,OF2,6,200.0,2154.8,200,90,0,0.0,0.0
R004,VEH,T2_SD_VEH_,OF2,6,210.0,2164.8,200,94,1,0.5,1.0638297872340425
R004,VEH,T2_SD_VEH_,OF2,6,220.0,2174.8,200,55,1,0.5,1.8181818181818181
R004,VEH,T2_SD_VEH_,OF2,6,230.0,2184.8,200,81,8,4.0,9.876543209876543
R004,VEH,T2_SD_VEH_,OF2,6,240.0,2194.8,200,84,0,0.0,0.0
R004,VEH,T2_SD_VEH_,OF2,6,250.0,2204.8,200,43,0,0.0,0.0
R004,VEH,T2_SD_VEH_,OF2,6,260.0,2214.8,200,46,6,3.0,13.043478260869565
R004,VEH,T2_SD_VEH_,OF2,6,270.0,2224.8,200,76,0,0.0,0.0
R004,VEH,T2_SD_VEH_,OF2,6,280.0,2234.8,200,82,2,1.0,2.4390243902439024
R004,VEH,T2_SD_VEH_,OF2,6,290.0,2244.8,200,69,0,0.0,0.0
R004,VEH,T2_SD_VEH_,OF2,6,300.0,2254.8,200,73,0,0.0,0.0
R004,VEH,T2_SD_VEH_,OF2,6,310.0,2264.8,200,87,2,1.0,2.2988505747126435
R004,VEH,T2_SD_VEH_,OF2,6,320.0,2274.8,200,65,4,2.0,6.153846153846154
R004,VEH,T2_SD_VEH_,OF2,6,330.0,2284.8,200,30,0,0.0,0.0
R004,VEH,T2_SD_VEH_,OF2,6,340.0,2294.8,200,36,0,0.0,0.0
R004,VEH,T2_SD_VEH_,OF2,6,350.0,2304.8,200,76,0,0.0,0.0
R004,VEH,T2_SD_VEH_,OF2,6,360.0,2314.8,200,62,0,0.0,0.0
R004,VEH,T2_SD_VEH_,OF2,6,370.0,2324.8,200,44,0,0.0,0.0
R004,VEH,T2_SD_VEH_,OF2,6,380.0,2334.8,200,66,0,0.0,0.0
R004,VEH,T2_SD_VEH_,OF2,6,390.0,2344.8,200,69,0,0.0,0.0
R004,VEH,T2_SD_VEH_,OF2,6,400.0,2354.8,200,115,1,0.5,0.8695652173913043
R004,VEH,T2_SD_VEH_,OF2,6,410.0,2364.8,200,51,1,0.5,1.9607843137254901
R004,VEH,T2_SD_VEH_,OF2,6,420.0,2374.8,200,88,0,0.0,0.0
R004,VEH,T2_SD_VEH_,OF2,6,430.0,2384.8,200,98,0,0.0,0.0
R004,VEH,T2_SD_VEH_,OF2,6,440.0,2394.8,200,77,0,0.0,0.0
R004,VEH,T2_SD_VEH_,OF2,6,450.0,2404.8,200,74,0,0.0,0.0
R004,VEH,T2_SD_VEH_,OF2,6,460.0,2414.8,200,85,0,0.0,0.0
R004,VEH,T2_SD_VEH_,OF2,6,470.0,2424.8,200,96,0,0.0,0.0
R004,VEH,T2_SD_VEH_,OF2,6,480.0,2434.8,200,63,1,0.5,1.5873015873015872
R004,VEH,T2_SD_VEH_,OF2,6,490.0,2444.8,200,79,0,0.0,0.0
R004,VEH,T2_SD_VEH_,OF2,6,500.0,2454.8,200,53,0,0.0,0.0
R004,VEH,T2_SD_VEH_,OF2,6,510.0,2464.8,200,83,5,2.5,6.024096385542169
R004,VEH,T2_SD_VEH_,OF2,6,520.0,2474.8,200,93,0,0.0,0.0
R004,VEH,T2_SD_VEH_,OF2,6,530.0,2484.8,200,95,1,0.5,1.0526315789473684
R004,VEH,T2_SD_VEH_,OF2,6,540.0,2494.8,200,45,0,0.0,0.0
R004,VEH,T2_SD_VEH_,OF2,6,550.0,2504.8,200,78,0,0.0,0.0
R004,VEH,T2_SD_VEH_,OF2,6,560.0,2514.8,200,81,0,0.0,0.0
R004,VEH,T2_SD_VEH_,OF2,6,570.0,2524.8,200,111,2,1.0,1.8018018018018018
R004,VEH,T2_SD_VEH_,OF2,6,580.0,2534.8,200,82,6,3.0,7.317073170731708
R004,VEH,T2_SD_VEH_,OF2,6,590.0,2544.8,200,84,1,0.5,1.1904761904761905
R004,VEH,T2_SD_VEH_,OF2,6,600.0,2554.8,200,75,9,4.5,12.0
R004,VEH,T2_SD_VEH_,OF2,6,610.0,2564.8,200,100,0,0.0,0.0
R004,VEH,T2_SD_VEH_,OF2,6,620.0,2574.8,200,83,0,0.0,0.0
R004,VEH,T2_SD_VEH_,OF2,6,630.0,2584.8,200,82,0,0.0,0.0
R004,VEH,T2_SD_VEH_,OF2,6,640.0,2594.8,198,81,0,0.0,0.0
