animal,treatment,day_name,session,phase,factor,global_frame_1based,local_frame_1based,time_s,day_elapsed_s
R004,VEH,T2_SD_VEH_,2026_06_21_merged.mat,OF1,1,3,3,0.1,0.1
R004,VEH,T2_SD_VEH_,2026_06_21_merged.mat,OF1,2,18,18,0.8500000000000001,0.8500000000000001
R004,VEH,T2_SD_VEH_,2026_06_21_merged.mat,OF1,2,19,19,0.9,0.9
R004,VEH,T2_SD_VEH_,2026_06_21_merged.mat,OF1,2,20,20,0.9500000000000001,0.9500000000000001
R004,VEH,T2_SD_VEH_,2026_06_21_merged.mat,OF1,2,24,24,1.1500000000000001,1.1500000000000001
R004,VEH,T2_SD_VEH_,2026_06_21_merged.mat,OF1,2,26,26,1.25,1.25
R004,VEH,T2_SD_VEH_,2026_06_21_merged.mat,OF1,2,28,28,1.35,1.35
R004,VEH,T2_SD_VEH_,2026_06_21_merged.mat,OF1,2,33,33,1.6,1.6
R004,VEH,T2_SD_VEH_,2026_06_21_merged.mat,OF1,2,34,34,1.6500000000000001,1.6500000000000001
R004,VEH,T2_SD_VEH_,2026_06_21_merged.mat,OF1,3,65,65,3.2,3.2
R004,VEH,T2_SD_VEH_,2026_06_21_merged.mat,OF1,3,67,67,3.3000000000000003,3.3000000000000003
R004,VEH,T2_SD_VEH_,2026_06_21_merged.mat,OF1,2,70,70,3.45,3.45
R004,VEH,T2_SD_VEH_,2026_06_21_merged.mat,OF1,4,94,94,4.65,4.65
R004,VEH,T2_SD_VEH_,2026_06_21_merged.mat,OF1,4,95,95,4.7,4.7
R004,VEH,T2_SD_VEH_,2026_06_21_merged.mat,OF1,4,96,96,4.75,4.75
R004,VEH,T2_SD_VEH_,2026_06_21_merged.mat,OF1,2,109,109,5.4,5.4
R004,VEH,T2_SD_VEH_,2026_06_21_merged.mat,OF1,1,169,169,8.4,8.4
R004,VEH,T2_SD_VEH_,2026_06_21_merged.mat,OF1,1,170,170,8.450000000000001,8.450000000000001
R004,VEH,T2_SD_VEH_,2026_06_21_merged.mat,OF1,1,171,171,8.5,8.5
R004,VEH,T2_SD_VEH_,2026_06_21_merged.mat,OF1,1,172,172,8.55,8.55
R004,VEH,T2_SD_VEH_,2026_06_21_merged.mat,OF1,1,178,178,8.85,8.85
R004,VEH,T2_SD_VEH_,2026_06_21_merged.mat,OF1,1,179,179,8.9,8.9
R004,VEH,T2_SD_VEH_,2026_06_21_merged.mat,OF1,1,180,180,8.950000000000001,8.950000000000001
R004,VEH,T2_SD_VEH_,2026_06_21_merged.mat,OF1,1,182,182,9.05,9.05
R004,VEH,T2_SD_VEH_,2026_06_21_merged.mat,OF1,1,183,183,9.1,9.1
R004,VEH,T2_SD_VEH_,2026_06_21_merged.mat,OF1,1,184,184,9.15,9.15
R004,VEH,T2_SD_VEH_,2026_06_21_merged.mat,OF1,1,188,188,9.35,9.35
R004,VEH,T2_SD_VEH_,2026_06_21_merged.mat,OF1,1,189,189,9.4,9.4
R004,VEH,T2_SD_VEH_,2026_06_21_merged.mat,OF1,1,190,190,9.450000000000001,9.450000000000001
R004,VEH,T2_SD_VEH_,2026_06_21_merged.mat,OF1,4,278,278,13.850000000000001,13.850000000000001
R004,VEH,T2_SD_VEH_,2026_06_21_merged.mat,OF1,4,280,280,13.950000000000001,13.950000000000001
R004,VEH,T2_SD_VEH_,2026_06_21_merged.mat,OF1,1,283,283,14.100000000000001,14.100000000000001
R004,VEH,T2_SD_VEH_,2026_06_21_merged.mat,OF1,4,332,332,16.55,16.55
R004,VEH,T2_SD_VEH_,2026_06_21_merged.mat,OF1,4,333,333,16.6,16.6
R004,VEH,T2_SD_VEH_,2026_06_21_merged.mat,OF1,4,334,334,16.650000000000002,16.650000000000002
R004,VEH,T2_SD_VEH_,2026_06_21_merged.mat,OF1,4,335,335,16.7,16.7
R004,VEH,T2_SD_VEH_,2026_06_21_merged.mat,OF1,4,336,336,16.75,16.75
R004,VEH,T2_SD_VEH_,2026_06_21_merged.mat,OF1,4,337,337,16.8,16.8
R004,VEH,T2_SD_VEH_,2026_06_21_merged.mat,OF1,4,338,338,16.85,16.85
R004,VEH,T2_SD_VEH_,2026_06_21_merged.mat,OF1,4,339,339,16.900000000000002,16.900000000000002
R004,VEH,T2_SD_VEH_,2026_06_21_merged.mat,OF1,4,340,340,16.95,16.95
R004,VEH,T2_SD_VEH_,2026_06_21_merged.mat,OF1,4,341,341,17.0,17.0
R004,VEH,T2_SD_VEH_,2026_06_21_merged.mat,OF1,4,342,342,17.05,17.05
R004,VEH,T2_SD_VEH_,2026_06_21_merged.mat,OF1,4,343,343,17.1,17.1
R004,VEH,T2_SD_VEH_,2026_06_21_merged.mat,OF1,4,344,344,17.150000000000002,17.150000000000002
R004,VEH,T2_SD_VEH_,2026_06_21_merged.mat,OF1,4,345,345,17.2,17.2
R004,VEH,T2_SD_VEH_,2026_06_21_merged.mat,OF1,3,395,395,19.700000000000003,19.700000000000003
R004,VEH,T2_SD_VEH_,2026_06_21_merged.mat,OF1,3,396,396,19.75,19.75
R004,VEH,T2_SD_VEH_,2026_06_21_merged.mat,OF1,3,397,397,19.8,19.8
R004,VEH,T2_SD_VEH_,2026_06_21_merged.mat,OF1,3,398,398,19.85,19.85
R004,VEH,T2_SD_VEH_,2026_06_21_merged.mat,OF1,5,412,412,20.55,20.55
R004,VEH,T2_SD_VEH_,2026_06_21_merged.mat,OF1,3,471,471,23.5,23.5
R004,VEH,T2_SD_VEH_,2026_06_21_merged.mat,OF1,3,472,472,23.55,23.55
R004,VEH,T2_SD_VEH_,2026_06_21_merged.mat,OF1,3,473,473,23.6,23.6
R004,VEH,T2_SD_VEH_,2026_06_21_merged.mat,OF1,3,510,510,25.450000000000003,25.450000000000003
R004,VEH,T2_SD_VEH_,2026_06_21_merged.mat,OF1,3,511,511,25.5,25.5
R004,VEH,T2_SD_VEH_,2026_06_21_merged.mat,OF1,3,512,512,25.55,25.55
R004,VEH,T2_SD_VEH_,2026_06_21_merged.mat,OF1,3,513,513,25.6,25.6
R004,VEH,T2_SD_VEH_,2026_06_21_merged.mat,OF1,3,514,514,25.650000000000002,25.650000000000002
R004,VEH,T2_SD_VEH_,2026_06_21_merged.mat,OF1,5,546,546,27.25,27.25
R004,VEH,T2_SD_VEH_,2026_06_21_merged.mat,OF1,3,586,586,29.25,29.25
R004,VEH,T2_SD_VEH_,2026_06_21_merged.mat,OF1,3,587,587,29.3,29.3
R004,VEH,T2_SD_VEH_,2026_06_21_merged.mat,OF1,5,596,596,29.75,29.75
R004,VEH,T2_SD_VEH_,2026_06_21_merged.mat,OF1,5,597,597,29.8,29.8
R004,VEH,T2_SD_VEH_,2026_06_21_merged.mat,OF1,2,663,663,33.1,33.1
R004,VEH,T2_SD_VEH_,2026_06_21_merged.mat,OF1,2,664,664,33.15,33.15
R004,VEH,T2_SD_VEH_,2026_06_21_merged.mat,OF1,2,665,665,33.2,33.2
R004,VEH,T2_SD_VEH_,2026_06_21_merged.mat,OF1,3,692,692,34.550000000000004,34.550000000000004
R004,VEH,T2_SD_VEH_,2026_06_21_merged.mat,OF1,3,694,694,34.65,34.65
R004,VEH,T2_SD_VEH_,2026_06_21_merged.mat,OF1,3,695,695,34.7,34.7
R004,VEH,T2_SD_VEH_,2026_06_21_merged.mat,OF1,6,719,719,35.9,35.9
R004,VEH,T2_SD_VEH_,2026_06_21_merged.mat,OF1,6,720,720,35.95,35.95
R004,VEH,T2_SD_VEH_,2026_06_21_merged.mat,OF1,6,723,723,36.1,36.1
R004,VEH,T2_SD_VEH_,2026_06_21_merged.mat,OF1,2,787,787,39.300000000000004,39.300000000000004
R004,VEH,T2_SD_VEH_,2026_06_21_merged.mat,OF1,1,897,897,44.800000000000004,44.800000000000004
R004,VEH,T2_SD_VEH_,2026_06_21_merged.mat,OF1,1,924,924,46.150000000000006,46.150000000000006
R004,VEH,T2_SD_VEH_,2026_06_21_merged.mat,OF1,1,945,945,47.2,47.2
R004,VEH,T2_SD_VEH_,2026_06_21_merged.mat,OF1,1,983,983,49.1,49.1
R004,VEH,T2_SD_VEH_,2026_06_21_merged.mat,OF1,1,1033,1033,51.6,51.6
R004,VEH,T2_SD_VEH_,2026_06_21_merged.mat,OF1,6,1041,1041,52.0,52.0
R004,VEH,T2_SD_VEH_,2026_06_21_merged.mat,OF1,6,1042,1042,52.050000000000004,52.050000000000004
R004,VEH,T2_SD_VEH_,2026_06_21_merged.mat,OF1,6,1049,1049,52.400000000000006,52.400000000000006
R004,VEH,T2_SD_VEH_,2026_06_21_merged.mat,OF1,6,1050,1050,52.45,52.45
R004,VEH,T2_SD_VEH_,2026_06_21_merged.mat,OF1,3,1069,1069,53.400000000000006,53.400000000000006
R004,VEH,T2_SD_VEH_,2026_06_21_merged.mat,OF1,2,1202,1202,60.050000000000004,60.050000000000004
R004,VEH,T2_SD_VEH_,2026_06_21_merged.mat,OF1,2,1213,1213,60.6,60.6
R004,VEH,T2_SD_VEH_,2026_06_21_merged.mat,OF1,2,1216,1216,60.75,60.75
R004,VEH,T2_SD_VEH_,2026_06_21_merged.mat,OF1,2,1217,1217,60.800000000000004,60.800000000000004
R004,VEH,T2_SD_VEH_,2026_06_21_merged.mat,OF1,3,1272,1272,63.550000000000004,63.550000000000004
R004,VEH,T2_SD_VEH_,2026_06_21_merged.mat,OF1,3,1338,1338,66.85000000000001,66.85000000000001
R004,VEH,T2_SD_VEH_,2026_06_21_merged.mat,OF1,3,1339,1339,66.9,66.9
R004,VEH,T2_SD_VEH_,2026_06_21_merged.mat,OF1,5,1364,1364,68.15,68.15
R004,VEH,T2_SD_VEH_,2026_06_21_merged.mat,OF1,3,1378,1378,68.85000000000001,68.85000000000001
R004,VEH,T2_SD_VEH_,2026_06_21_merged.mat,OF1,3,1379,1379,68.9,68.9
R004,VEH,T2_SD_VEH_,2026_06_21_merged.mat,OF1,3,1380,1380,68.95,68.95
R004,VEH,T2_SD_VEH_,2026_06_21_merged.mat,OF1,6,1439,1439,71.9,71.9
R004,VEH,T2_SD_VEH_,2026_06_21_merged.mat,OF1,6,1440,1440,71.95,71.95
R004,VEH,T2_SD_VEH_,2026_06_21_merged.mat,OF1,3,1453,1453,72.60000000000001,72.60000000000001
R004,VEH,T2_SD_VEH_,2026_06_21_merged.mat,OF1,3,1454,1454,72.65,72.65
R004,VEH,T2_SD_VEH_,2026_06_21_merged.mat,OF1,3,1455,1455,72.7,72.7
R004,VEH,T2_SD_VEH_,2026_06_21_merged.mat,OF1,3,1456,1456,72.75,72.75
R004,VEH,T2_SD_VEH_,2026_06_21_merged.mat,OF1,5,1536,1536,76.75,76.75
R004,VEH,T2_SD_VEH_,2026_06_21_merged.mat,OF1,6,1560,1560,77.95,77.95
R004,VEH,T2_SD_VEH_,2026_06_21_merged.mat,OF1,5,1637,1637,81.80000000000001,81.80000000000001
R004,VEH,T2_SD_VEH_,2026_06_21_merged.mat,OF1,5,1638,1638,81.85000000000001,81.85000000000001
R004,VEH,T2_SD_VEH_,2026_06_21_merged.mat,OF1,1,1643,1643,82.10000000000001,82.10000000000001
R004,VEH,T2_SD_VEH_,2026_06_21_merged.mat,OF1,5,1646,1646,82.25,82.25
R004,VEH,T2_SD_VEH_,2026_06_21_merged.mat,OF1,5,1647,1647,82.30000000000001,82.30000000000001
R004,VEH,T2_SD_VEH_,2026_06_21_merged.mat,OF1,5,1648,1648,82.35000000000001,82.35000000000001
R004,VEH,T2_SD_VEH_,2026_06_21_merged.mat,OF1,5,1649,1649,82.4,82.4
R004,VEH,T2_SD_VEH_,2026_06_21_merged.mat,OF1,5,1650,1650,82.45,82.45
R004,VEH,T2_SD_VEH_,2026_06_21_merged.mat,OF1,5,1788,1788,89.35000000000001,89.35000000000001
R004,VEH,T2_SD_VEH_,2026_06_21_merged.mat,OF1,6,1805,1805,90.2,90.2
R004,VEH,T2_SD_VEH_,2026_06_21_merged.mat,OF1,6,1806,1806,90.25,90.25
R004,VEH,T2_SD_VEH_,2026_06_21_merged.mat,OF1,6,1807,1807,90.30000000000001,90.30000000000001
R004,VEH,T2_SD_VEH_,2026_06_21_merged.mat,OF1,6,1808,1808,90.35000000000001,90.35000000000001
R004,VEH,T2_SD_VEH_,2026_06_21_merged.mat,OF1,5,1819,1819,90.9,90.9
R004,VEH,T2_SD_VEH_,2026_06_21_merged.mat,OF1,5,1820,1820,90.95,90.95
R004,VEH,T2_SD_VEH_,2026_06_21_merged.mat,OF1,3,1850,1850,92.45,92.45
R004,VEH,T2_SD_VEH_,2026_06_21_merged.mat,OF1,3,1851,1851,92.5,92.5
R004,VEH,T2_SD_VEH_,2026_06_21_merged.mat,OF1,3,1869,1869,93.4,93.4
R004,VEH,T2_SD_VEH_,2026_06_21_merged.mat,OF1,6,1890,1890,94.45,94.45
R004,VEH,T2_SD_VEH_,2026_06_21_merged.mat,OF1,6,1891,1891,94.5,94.5
R004,VEH,T2_SD_VEH_,2026_06_21_merged.mat,OF1,6,1892,1892,94.55000000000001,94.55000000000001
R004,VEH,T2_SD_VEH_,2026_06_21_merged.mat,OF1,6,1893,1893,94.60000000000001,94.60000000000001
R004,VEH,T2_SD_VEH_,2026_06_21_merged.mat,OF1,2,1896,1896,94.75,94.75
R004,VEH,T2_SD_VEH_,2026_06_21_merged.mat,OF1,2,1897,1897,94.80000000000001,94.80000000000001
R004,VEH,T2_SD_VEH_,2026_06_21_merged.mat,OF1,3,1905,1905,95.2,95.2
R004,VEH,T2_SD_VEH_,2026_06_21_merged.mat,OF1,3,1906,1906,95.25,95.25
R004,VEH,T2_SD_VEH_,2026_06_21_merged.mat,OF1,3,1907,1907,95.30000000000001,95.30000000000001
R004,VEH,T2_SD_VEH_,2026_06_21_merged.mat,OF1,3,1908,1908,95.35000000000001,95.35000000000001
R004,VEH,T2_SD_VEH_,2026_06_21_merged.mat,OF1,3,1909,1909,95.4,95.4
R004,VEH,T2_SD_VEH_,2026_06_21_merged.mat,OF1,3,1910,1910,95.45,95.45
R004,VEH,T2_SD_VEH_,2026_06_21_merged.mat,OF1,4,1931,1931,96.5,96.5
R004,VEH,T2_SD_VEH_,2026_06_21_merged.mat,OF1,4,1932,1932,96.55000000000001,96.55000000000001
R004,VEH,T2_SD_VEH_,2026_06_21_merged.mat,OF1,2,2009,2009,100.4,100.4
R004,VEH,T2_SD_VEH_,2026_06_21_merged.mat,OF1,2,2010,2010,100.45,100.45
R004,VEH,T2_SD_VEH_,2026_06_21_merged.mat,OF1,2,2011,2011,100.5,100.5
R004,VEH,T2_SD_VEH_,2026_06_21_merged.mat,OF1,2,2012,2012,100.55000000000001,100.55000000000001
R004,VEH,T2_SD_VEH_,2026_06_21_merged.mat,OF1,2,2013,2013,100.60000000000001,100.60000000000001
R004,VEH,T2_SD_VEH_,2026_06_21_merged.mat,OF1,2,2029,2029,101.4,101.4
R004,VEH,T2_SD_VEH_,2026_06_21_merged.mat,OF1,2,2030,2030,101.45,101.45
R004,VEH,T2_SD_VEH_,2026_06_21_merged.mat,OF1,1,2154,2154,107.65,107.65
R004,VEH,T2_SD_VEH_,2026_06_21_merged.mat,OF1,1,2155,2155,107.7,107.7
R004,VEH,T2_SD_VEH_,2026_06_21_merged.mat,OF1,4,2194,2194,109.65,109.65
R004,VEH,T2_SD_VEH_,2026_06_21_merged.mat,OF1,4,2195,2195,109.7,109.7
R004,VEH,T2_SD_VEH_,2026_06_21_merged.mat,OF1,4,2197,2197,109.80000000000001,109.80000000000001
R004,VEH,T2_SD_VEH_,2026_06_21_merged.mat,OF1,4,2198,2198,109.85000000000001,109.85000000000001
R004,VEH,T2_SD_VEH_,2026_06_21_merged.mat,OF1,4,2199,2199,109.9,109.9
R004,VEH,T2_SD_VEH_,2026_06_21_merged.mat,OF1,1,2228,2228,111.35000000000001,111.35000000000001
R004,VEH,T2_SD_VEH_,2026_06_21_merged.mat,OF1,4,2301,2301,115.0,115.0
R004,VEH,T2_SD_VEH_,2026_06_21_merged.mat,OF1,4,2302,2302,115.05000000000001,115.05000000000001
R004,VEH,T2_SD_VEH_,2026_06_21_merged.mat,OF1,4,2308,2308,115.35000000000001,115.35000000000001
R004,VEH,T2_SD_VEH_,2026_06_21_merged.mat,OF1,4,2309,2309,115.4,115.4
R004,VEH,T2_SD_VEH_,2026_06_21_merged.mat,OF1,3,2363,2363,118.10000000000001,118.10000000000001
R004,VEH,T2_SD_VEH_,2026_06_21_merged.mat,OF1,3,2367,2367,118.30000000000001,118.30000000000001
R004,VEH,T2_SD_VEH_,2026_06_21_merged.mat,OF1,3,2458,2458,122.85000000000001,122.85000000000001
R004,VEH,T2_SD_VEH_,2026_06_21_merged.mat,OF1,3,2459,2459,122.9,122.9
R004,VEH,T2_SD_VEH_,2026_06_21_merged.mat,OF1,6,2478,2478,123.85000000000001,123.85000000000001
R004,VEH,T2_SD_VEH_,2026_06_21_merged.mat,OF1,1,2558,2558,127.85000000000001,127.85000000000001
R004,VEH,T2_SD_VEH_,2026_06_21_merged.mat,OF1,3,2561,2561,128.0,128.0
R004,VEH,T2_SD_VEH_,2026_06_21_merged.mat,OF1,3,2562,2562,128.05,128.05
R004,VEH,T2_SD_VEH_,2026_06_21_merged.mat,OF1,3,2563,2563,128.1,128.1
R004,VEH,T2_SD_VEH_,2026_06_21_merged.mat,OF1,3,2564,2564,128.15,128.15
R004,VEH,T2_SD_VEH_,2026_06_21_merged.mat,OF1,3,2638,2638,131.85,131.85
R004,VEH,T2_SD_VEH_,2026_06_21_merged.mat,OF1,3,2640,2640,131.95000000000002,131.95000000000002
R004,VEH,T2_SD_VEH_,2026_06_21_merged.mat,OF1,3,2641,2641,132.0,132.0
R004,VEH,T2_SD_VEH_,2026_06_21_merged.mat,OF1,3,2642,2642,132.05,132.05
R004,VEH,T2_SD_VEH_,2026_06_21_merged.mat,OF1,3,2677,2677,133.8,133.8
R004,VEH,T2_SD_VEH_,2026_06_21_merged.mat,OF1,3,2678,2678,133.85,133.85
R004,VEH,T2_SD_VEH_,2026_06_21_merged.mat,OF1,3,2679,2679,133.9,133.9
R004,VEH,T2_SD_VEH_,2026_06_21_merged.mat,OF1,3,2680,2680,133.95000000000002,133.95000000000002
R004,VEH,T2_SD_VEH_,2026_06_21_merged.mat,OF1,1,2688,2688,134.35,134.35
R004,VEH,T2_SD_VEH_,2026_06_21_merged.mat,OF1,1,2689,2689,134.4,134.4
R004,VEH,T2_SD_VEH_,2026_06_21_merged.mat,OF1,1,2694,2694,134.65,134.65
R004,VEH,T2_SD_VEH_,2026_06_21_merged.mat,OF1,1,2700,2700,134.95000000000002,134.95000000000002
R004,VEH,T2_SD_VEH_,2026_06_21_merged.mat,OF1,1,2705,2705,135.20000000000002,135.20000000000002
R004,VEH,T2_SD_VEH_,2026_06_21_merged.mat,OF1,1,2707,2707,135.3,135.3
R004,VEH,T2_SD_VEH_,2026_06_21_merged.mat,OF1,5,2719,2719,135.9,135.9
R004,VEH,T2_SD_VEH_,2026_06_21_merged.mat,OF1,5,2730,2730,136.45000000000002,136.45000000000002
R004,VEH,T2_SD_VEH_,2026_06_21_merged.mat,OF1,3,2758,2758,137.85,137.85
R004,VEH,T2_SD_VEH_,2026_06_21_merged.mat,OF1,5,2782,2782,139.05,139.05
R004,VEH,T2_SD_VEH_,2026_06_21_merged.mat,OF1,1,2790,2790,139.45000000000002,139.45000000000002
R004,VEH,T2_SD_VEH_,2026_06_21_merged.mat,OF1,6,2820,2820,140.95000000000002,140.95000000000002
R004,VEH,T2_SD_VEH_,2026_06_21_merged.mat,OF1,6,2821,2821,141.0,141.0
R004,VEH,T2_SD_VEH_,2026_06_21_merged.mat,OF1,5,2839,2839,141.9,141.9
R004,VEH,T2_SD_VEH_,2026_06_21_merged.mat,OF1,1,2867,2867,143.3,143.3
R004,VEH,T2_SD_VEH_,2026_06_21_merged.mat,OF1,1,2868,2868,143.35,143.35
R004,VEH,T2_SD_VEH_,2026_06_21_merged.mat,OF1,1,2941,2941,147.0,147.0
R004,VEH,T2_SD_VEH_,2026_06_21_merged.mat,OF1,3,2961,2961,148.0,148.0
R004,VEH,T2_SD_VEH_,2026_06_21_merged.mat,OF1,3,2965,2965,148.20000000000002,148.20000000000002
R004,VEH,T2_SD_VEH_,2026_06_21_merged.mat,OF1,3,2966,2966,148.25,148.25
R004,VEH,T2_SD_VEH_,2026_06_21_merged.mat,OF1,3,2967,2967,148.3,148.3
R004,VEH,T2_SD_VEH_,2026_06_21_merged.mat,OF1,1,2981,2981,149.0,149.0
R004,VEH,T2_SD_VEH_,2026_06_21_merged.mat,OF1,1,2982,2982,149.05,149.05
R004,VEH,T2_SD_VEH_,2026_06_21_merged.mat,OF1,4,3017,3017,150.8,150.8
R004,VEH,T2_SD_VEH_,2026_06_21_merged.mat,OF1,2,3054,3054,152.65,152.65
R004,VEH,T2_SD_VEH_,2026_06_21_merged.mat,OF1,2,3070,3070,153.45000000000002,153.45000000000002
R004,VEH,T2_SD_VEH_,2026_06_21_merged.mat,OF1,2,3071,3071,153.5,153.5
R004,VEH,T2_SD_VEH_,2026_06_21_merged.mat,OF1,4,3074,3074,153.65,153.65
R004,VEH,T2_SD_VEH_,2026_06_21_merged.mat,OF1,4,3075,3075,153.70000000000002,153.70000000000002
R004,VEH,T2_SD_VEH_,2026_06_21_merged.mat,OF1,4,3076,3076,153.75,153.75
R004,VEH,T2_SD_VEH_,2026_06_21_merged.mat,OF1,3,3158,3158,157.85000000000002,157.85000000000002
R004,VEH,T2_SD_VEH_,2026_06_21_merged.mat,OF1,3,3159,3159,157.9,157.9
R004,VEH,T2_SD_VEH_,2026_06_21_merged.mat,OF1,3,3160,3160,157.95000000000002,157.95000000000002
R004,VEH,T2_SD_VEH_,2026_06_21_merged.mat,OF1,3,3161,3161,158.0,158.0
R004,VEH,T2_SD_VEH_,2026_06_21_merged.mat,OF1,1,3198,3198,159.85000000000002,159.85000000000002
R004,VEH,T2_SD_VEH_,2026_06_21_merged.mat,OF1,5,3199,3199,159.9,159.9
R004,VEH,T2_SD_VEH_,2026_06_21_merged.mat,OF1,4,3201,3201,160.0,160.0
R004,VEH,T2_SD_VEH_,2026_06_21_merged.mat,OF1,4,3202,3202,160.05,160.05
R004,VEH,T2_SD_VEH_,2026_06_21_merged.mat,OF1,4,3203,3203,160.10000000000002,160.10000000000002
R004,VEH,T2_SD_VEH_,2026_06_21_merged.mat,OF1,3,3223,3223,161.10000000000002,161.10000000000002
R004,VEH,T2_SD_VEH_,2026_06_21_merged.mat,OF1,3,3224,3224,161.15,161.15
R004,VEH,T2_SD_VEH_,2026_06_21_merged.mat,OF1,3,3228,3228,161.35000000000002,161.35000000000002
R004,VEH,T2_SD_VEH_,2026_06_21_merged.mat,OF1,6,3246,3246,162.25,162.25
R004,VEH,T2_SD_VEH_,2026_06_21_merged.mat,OF1,6,3247,3247,162.3,162.3
R004,VEH,T2_SD_VEH_,2026_06_21_merged.mat,OF1,6,3248,3248,162.35000000000002,162.35000000000002
R004,VEH,T2_SD_VEH_,2026_06_21_merged.mat,OF1,3,3254,3254,162.65,162.65
R004,VEH,T2_SD_VEH_,2026_06_21_merged.mat,OF1,3,3255,3255,162.70000000000002,162.70000000000002
R004,VEH,T2_SD_VEH_,2026_06_21_merged.mat,OF1,3,3256,3256,162.75,162.75
R004,VEH,T2_SD_VEH_,2026_06_21_merged.mat,OF1,3,3257,3257,162.8,162.8
R004,VEH,T2_SD_VEH_,2026_06_21_merged.mat,OF1,3,3258,3258,162.85000000000002,162.85000000000002
R004,VEH,T2_SD_VEH_,2026_06_21_merged.mat,OF1,1,3266,3266,163.25,163.25
R004,VEH,T2_SD_VEH_,2026_06_21_merged.mat,OF1,5,3267,3267,163.3,163.3
R004,VEH,T2_SD_VEH_,2026_06_21_merged.mat,OF1,5,3268,3268,163.35000000000002,163.35000000000002
R004,VEH,T2_SD_VEH_,2026_06_21_merged.mat,OF1,5,3269,3269,163.4,163.4
R004,VEH,T2_SD_VEH_,2026_06_21_merged.mat,OF1,4,3301,3301,165.0,165.0
R004,VEH,T2_SD_VEH_,2026_06_21_merged.mat,OF1,4,3305,3305,165.20000000000002,165.20000000000002
R004,VEH,T2_SD_VEH_,2026_06_21_merged.mat,OF1,4,3306,3306,165.25,165.25
R004,VEH,T2_SD_VEH_,2026_06_21_merged.mat,OF1,4,3315,3315,165.70000000000002,165.70000000000002
R004,VEH,T2_SD_VEH_,2026_06_21_merged.mat,OF1,4,3316,3316,165.75,165.75
R004,VEH,T2_SD_VEH_,2026_06_21_merged.mat,OF1,4,3317,3317,165.8,165.8
R004,VEH,T2_SD_VEH_,2026_06_21_merged.mat,OF1,2,3519,3519,175.9,175.9
R004,VEH,T2_SD_VEH_,2026_06_21_merged.mat,OF1,2,3520,3520,175.95000000000002,175.95000000000002
R004,VEH,T2_SD_VEH_,2026_06_21_merged.mat,OF1,2,3521,3521,176.0,176.0
R004,VEH,T2_SD_VEH_,2026_06_21_merged.mat,OF1,2,3522,3522,176.05,176.05
R004,VEH,T2_SD_VEH_,2026_06_21_merged.mat,OF1,2,3523,3523,176.10000000000002,176.10000000000002
R004,VEH,T2_SD_VEH_,2026_06_21_merged.mat,OF1,2,3531,3531,176.5,176.5
R004,VEH,T2_SD_VEH_,2026_06_21_merged.mat,OF1,2,3532,3532,176.55,176.55
R004,VEH,T2_SD_VEH_,2026_06_21_merged.mat,OF1,2,3533,3533,176.60000000000002,176.60000000000002
R004,VEH,T2_SD_VEH_,2026_06_21_merged.mat,OF1,2,3534,3534,176.65,176.65
R004,VEH,T2_SD_VEH_,2026_06_21_merged.mat,OF1,1,3597,3597,179.8,179.8
R004,VEH,T2_SD_VEH_,2026_06_21_merged.mat,OF1,1,3598,3598,179.85000000000002,179.85000000000002
R004,VEH,T2_SD_VEH_,2026_06_21_merged.mat,OF1,5,3623,3623,181.10000000000002,181.10000000000002
R004,VEH,T2_SD_VEH_,2026_06_21_merged.mat,OF1,5,3624,3624,181.15,181.15
R004,VEH,T2_SD_VEH_,2026_06_21_merged.mat,OF1,3,3635,3635,181.70000000000002,181.70000000000002
R004,VEH,T2_SD_VEH_,2026_06_21_merged.mat,OF1,3,3636,3636,181.75,181.75
R004,VEH,T2_SD_VEH_,2026_06_21_merged.mat,OF1,3,3637,3637,181.8,181.8
R004,VEH,T2_SD_VEH_,2026_06_21_merged.mat,OF1,3,3638,3638,181.85000000000002,181.85000000000002
R004,VEH,T2_SD_VEH_,2026_06_21_merged.mat,OF1,3,3640,3640,181.95000000000002,181.95000000000002
R004,VEH,T2_SD_VEH_,2026_06_21_merged.mat,OF1,3,3641,3641,182.0,182.0
R004,VEH,T2_SD_VEH_,2026_06_21_merged.mat,OF1,3,3726,3726,186.25,186.25
R004,VEH,T2_SD_VEH_,2026_06_21_merged.mat,OF1,3,3728,3728,186.35000000000002,186.35000000000002
R004,VEH,T2_SD_VEH_,2026_06_21_merged.mat,OF1,3,3729,3729,186.4,186.4
R004,VEH,T2_SD_VEH_,2026_06_21_merged.mat,OF1,3,3730,3730,186.45000000000002,186.45000000000002
R004,VEH,T2_SD_VEH_,2026_06_21_merged.mat,OF1,3,3731,3731,186.5,186.5
R004,VEH,T2_SD_VEH_,2026_06_21_merged.mat,OF1,3,3733,3733,186.60000000000002,186.60000000000002
R004,VEH,T2_SD_VEH_,2026_06_21_merged.mat,OF1,3,3854,3854,192.65,192.65
R004,VEH,T2_SD_VEH_,2026_06_21_merged.mat,OF1,3,3855,3855,192.70000000000002,192.70000000000002
R004,VEH,T2_SD_VEH_,2026_06_21_merged.mat,OF1,3,3856,3856,192.75,192.75
R004,VEH,T2_SD_VEH_,2026_06_21_merged.mat,OF1,3,3859,3859,192.9,192.9
R004,VEH,T2_SD_VEH_,2026_06_21_merged.mat,OF1,3,3860,3860,192.95000000000002,192.95000000000002
R004,VEH,T2_SD_VEH_,2026_06_21_merged.mat,OF1,3,3890,3890,194.45000000000002,194.45000000000002
R004,VEH,T2_SD_VEH_,2026_06_21_merged.mat,OF1,3,3891,3891,194.5,194.5
R004,VEH,T2_SD_VEH_,2026_06_21_merged.mat,OF1,3,3892,3892,194.55,194.55
R004,VEH,T2_SD_VEH_,2026_06_21_merged.mat,OF1,5,3929,3929,196.4,196.4
R004,VEH,T2_SD_VEH_,2026_06_21_merged.mat,OF1,2,3941,3941,197.0,197.0
R004,VEH,T2_SD_VEH_,2026_06_21_merged.mat,OF1,2,3942,3942,197.05,197.05
R004,VEH,T2_SD_VEH_,2026_06_21_merged.mat,OF1,5,3953,3953,197.60000000000002,197.60000000000002
R004,VEH,T2_SD_VEH_,2026_06_21_merged.mat,OF1,4,3972,3972,198.55,198.55
R004,VEH,T2_SD_VEH_,2026_06_21_merged.mat,OF1,4,3973,3973,198.60000000000002,198.60000000000002
R004,VEH,T2_SD_VEH_,2026_06_21_merged.mat,OF1,4,3974,3974,198.65,198.65
R004,VEH,T2_SD_VEH_,2026_06_21_merged.mat,OF1,4,3975,3975,198.70000000000002,198.70000000000002
R004,VEH,T2_SD_VEH_,2026_06_21_merged.mat,OF1,4,3976,3976,198.75,198.75
R004,VEH,T2_SD_VEH_,2026_06_21_merged.mat,OF1,1,4029,4029,201.4,201.4
R004,VEH,T2_SD_VEH_,2026_06_21_merged.mat,OF1,1,4088,4088,204.35000000000002,204.35000000000002
R004,VEH,T2_SD_VEH_,2026_06_21_merged.mat,OF1,2,4111,4111,205.5,205.5
R004,VEH,T2_SD_VEH_,2026_06_21_merged.mat,OF1,2,4112,4112,205.55,205.55
R004,VEH,T2_SD_VEH_,2026_06_21_merged.mat,OF1,5,4185,4185,209.20000000000002,209.20000000000002
R004,VEH,T2_SD_VEH_,2026_06_21_merged.mat,OF1,3,4215,4215,210.70000000000002,210.70000000000002
R004,VEH,T2_SD_VEH_,2026_06_21_merged.mat,OF1,3,4217,4217,210.8,210.8
R004,VEH,T2_SD_VEH_,2026_06_21_merged.mat,OF1,3,4218,4218,210.85000000000002,210.85000000000002
R004,VEH,T2_SD_VEH_,2026_06_21_merged.mat,OF1,5,4234,4234,211.65,211.65
R004,VEH,T2_SD_VEH_,2026_06_21_merged.mat,OF1,5,4235,4235,211.70000000000002,211.70000000000002
R004,VEH,T2_SD_VEH_,2026_06_21_merged.mat,OF1,2,4255,4255,212.70000000000002,212.70000000000002
R004,VEH,T2_SD_VEH_,2026_06_21_merged.mat,OF1,2,4256,4256,212.75,212.75
R004,VEH,T2_SD_VEH_,2026_06_21_merged.mat,OF1,2,4257,4257,212.8,212.8
R004,VEH,T2_SD_VEH_,2026_06_21_merged.mat,OF1,2,4265,4265,213.20000000000002,213.20000000000002
R004,VEH,T2_SD_VEH_,2026_06_21_merged.mat,OF1,2,4275,4275,213.70000000000002,213.70000000000002
R004,VEH,T2_SD_VEH_,2026_06_21_merged.mat,OF1,2,4277,4277,213.8,213.8
R004,VEH,T2_SD_VEH_,2026_06_21_merged.mat,OF1,2,4287,4287,214.3,214.3
R004,VEH,T2_SD_VEH_,2026_06_21_merged.mat,OF1,5,4293,4293,214.60000000000002,214.60000000000002
R004,VEH,T2_SD_VEH_,2026_06_21_merged.mat,OF1,5,4294,4294,214.65,214.65
R004,VEH,T2_SD_VEH_,2026_06_21_merged.mat,OF1,2,4308,4308,215.35000000000002,215.35000000000002
R004,VEH,T2_SD_VEH_,2026_06_21_merged.mat,OF1,5,4317,4317,215.8,215.8
R004,VEH,T2_SD_VEH_,2026_06_21_merged.mat,OF1,5,4321,4321,216.0,216.0
R004,VEH,T2_SD_VEH_,2026_06_21_merged.mat,OF1,5,4322,4322,216.05,216.05
R004,VEH,T2_SD_VEH_,2026_06_21_merged.mat,OF1,5,4332,4332,216.55,216.55
R004,VEH,T2_SD_VEH_,2026_06_21_merged.mat,OF1,3,4334,4334,216.65,216.65
R004,VEH,T2_SD_VEH_,2026_06_21_merged.mat,OF1,3,4335,4335,216.70000000000002,216.70000000000002
R004,VEH,T2_SD_VEH_,2026_06_21_merged.mat,OF1,3,4337,4337,216.8,216.8
R004,VEH,T2_SD_VEH_,2026_06_21_merged.mat,OF1,3,4343,4343,217.10000000000002,217.10000000000002
R004,VEH,T2_SD_VEH_,2026_06_21_merged.mat,OF1,3,4373,4373,218.60000000000002,218.60000000000002
R004,VEH,T2_SD_VEH_,2026_06_21_merged.mat,OF1,3,4374,4374,218.65,218.65
R004,VEH,T2_SD_VEH_,2026_06_21_merged.mat,OF1,3,4375,4375,218.70000000000002,218.70000000000002
R004,VEH,T2_SD_VEH_,2026_06_21_merged.mat,OF1,3,4376,4376,218.75,218.75
R004,VEH,T2_SD_VEH_,2026_06_21_merged.mat,OF1,2,4377,4377,218.8,218.8
R004,VEH,T2_SD_VEH_,2026_06_21_merged.mat,OF1,2,4378,4378,218.85000000000002,218.85000000000002
R004,VEH,T2_SD_VEH_,2026_06_21_merged.mat,OF1,2,4382,4382,219.05,219.05
R004,VEH,T2_SD_VEH_,2026_06_21_merged.mat,OF1,2,4384,4384,219.15,219.15
R004,VEH,T2_SD_VEH_,2026_06_21_merged.mat,OF1,2,4385,4385,219.20000000000002,219.20000000000002
R004,VEH,T2_SD_VEH_,2026_06_21_merged.mat,OF1,2,4386,4386,219.25,219.25
R004,VEH,T2_SD_VEH_,2026_06_21_merged.mat,OF1,2,4387,4387,219.3,219.3
R004,VEH,T2_SD_VEH_,2026_06_21_merged.mat,OF1,2,4388,4388,219.35000000000002,219.35000000000002
R004,VEH,T2_SD_VEH_,2026_06_21_merged.mat,OF1,1,4397,4397,219.8,219.8
R004,VEH,T2_SD_VEH_,2026_06_21_merged.mat,OF1,1,4398,4398,219.85000000000002,219.85000000000002
R004,VEH,T2_SD_VEH_,2026_06_21_merged.mat,OF1,1,4399,4399,219.9,219.9
R004,VEH,T2_SD_VEH_,2026_06_21_merged.mat,OF1,3,4428,4428,221.35000000000002,221.35000000000002
R004,VEH,T2_SD_VEH_,2026_06_21_merged.mat,OF1,3,4429,4429,221.4,221.4
R004,VEH,T2_SD_VEH_,2026_06_21_merged.mat,OF1,3,4474,4474,223.65,223.65
R004,VEH,T2_SD_VEH_,2026_06_21_merged.mat,OF1,3,4501,4501,225.0,225.0
R004,VEH,T2_SD_VEH_,2026_06_21_merged.mat,OF1,3,4502,4502,225.05,225.05
R004,VEH,T2_SD_VEH_,2026_06_21_merged.mat,OF1,3,4503,4503,225.10000000000002,225.10000000000002
R004,VEH,T2_SD_VEH_,2026_06_21_merged.mat,OF1,3,4541,4541,227.0,227.0
R004,VEH,T2_SD_VEH_,2026_06_21_merged.mat,OF1,3,4543,4543,227.10000000000002,227.10000000000002
R004,VEH,T2_SD_VEH_,2026_06_21_merged.mat,OF1,1,4553,4553,227.60000000000002,227.60000000000002
R004,VEH,T2_SD_VEH_,2026_06_21_merged.mat,OF1,3,4571,4571,228.5,228.5
R004,VEH,T2_SD_VEH_,2026_06_21_merged.mat,OF1,3,4572,4572,228.55,228.55
R004,VEH,T2_SD_VEH_,2026_06_21_merged.mat,OF1,4,4590,4590,229.45000000000002,229.45000000000002
R004,VEH,T2_SD_VEH_,2026_06_21_merged.mat,OF1,1,4695,4695,234.70000000000002,234.70000000000002
R004,VEH,T2_SD_VEH_,2026_06_21_merged.mat,OF1,3,4741,4741,237.0,237.0
R004,VEH,T2_SD_VEH_,2026_06_21_merged.mat,OF1,3,4742,4742,237.05,237.05
R004,VEH,T2_SD_VEH_,2026_06_21_merged.mat,OF1,3,4743,4743,237.10000000000002,237.10000000000002
R004,VEH,T2_SD_VEH_,2026_06_21_merged.mat,OF1,3,4744,4744,237.15,237.15
R004,VEH,T2_SD_VEH_,2026_06_21_merged.mat,OF1,4,4786,4786,239.25,239.25
R004,VEH,T2_SD_VEH_,2026_06_21_merged.mat,OF1,4,4787,4787,239.3,239.3
R004,VEH,T2_SD_VEH_,2026_06_21_merged.mat,OF1,4,4789,4789,239.4,239.4
R004,VEH,T2_SD_VEH_,2026_06_21_merged.mat,OF1,4,4792,4792,239.55,239.55
R004,VEH,T2_SD_VEH_,2026_06_21_merged.mat,OF1,4,4793,4793,239.60000000000002,239.60000000000002
R004,VEH,T2_SD_VEH_,2026_06_21_merged.mat,OF1,5,4795,4795,239.70000000000002,239.70000000000002
R004,VEH,T2_SD_VEH_,2026_06_21_merged.mat,OF1,6,4801,4801,240.0,240.0
R004,VEH,T2_SD_VEH_,2026_06_21_merged.mat,OF1,1,4864,4864,243.15,243.15
R004,VEH,T2_SD_VEH_,2026_06_21_merged.mat,OF1,2,4881,4881,244.0,244.0
R004,VEH,T2_SD_VEH_,2026_06_21_merged.mat,OF1,2,4882,4882,244.05,244.05
R004,VEH,T2_SD_VEH_,2026_06_21_merged.mat,OF1,5,4891,4891,244.5,244.5
R004,VEH,T2_SD_VEH_,2026_06_21_merged.mat,OF1,5,4892,4892,244.55,244.55
R004,VEH,T2_SD_VEH_,2026_06_21_merged.mat,OF1,3,4926,4926,246.25,246.25
R004,VEH,T2_SD_VEH_,2026_06_21_merged.mat,OF1,3,4929,4929,246.4,246.4
R004,VEH,T2_SD_VEH_,2026_06_21_merged.mat,OF1,3,4939,4939,246.9,246.9
R004,VEH,T2_SD_VEH_,2026_06_21_merged.mat,OF1,3,4942,4942,247.05,247.05
R004,VEH,T2_SD_VEH_,2026_06_21_merged.mat,OF1,1,4965,4965,248.20000000000002,248.20000000000002
R004,VEH,T2_SD_VEH_,2026_06_21_merged.mat,OF1,1,4966,4966,248.25,248.25
R004,VEH,T2_SD_VEH_,2026_06_21_merged.mat,OF1,1,4972,4972,248.55,248.55
R004,VEH,T2_SD_VEH_,2026_06_21_merged.mat,OF1,1,4973,4973,248.60000000000002,248.60000000000002
R004,VEH,T2_SD_VEH_,2026_06_21_merged.mat,OF1,1,4975,4975,248.70000000000002,248.70000000000002
R004,VEH,T2_SD_VEH_,2026_06_21_merged.mat,OF1,1,4980,4980,248.95000000000002,248.95000000000002
R004,VEH,T2_SD_VEH_,2026_06_21_merged.mat,OF1,3,5026,5026,251.25,251.25
R004,VEH,T2_SD_VEH_,2026_06_21_merged.mat,OF1,3,5027,5027,251.3,251.3
R004,VEH,T2_SD_VEH_,2026_06_21_merged.mat,OF1,3,5028,5028,251.35000000000002,251.35000000000002
R004,VEH,T2_SD_VEH_,2026_06_21_merged.mat,OF1,1,5053,5053,252.60000000000002,252.60000000000002
R004,VEH,T2_SD_VEH_,2026_06_21_merged.mat,OF1,4,5115,5115,255.70000000000002,255.70000000000002
R004,VEH,T2_SD_VEH_,2026_06_21_merged.mat,OF1,6,5121,5121,256.0,256.0
R004,VEH,T2_SD_VEH_,2026_06_21_merged.mat,OF1,6,5123,5123,256.1,256.1
R004,VEH,T2_SD_VEH_,2026_06_21_merged.mat,OF1,6,5124,5124,256.15000000000003,256.15000000000003
R004,VEH,T2_SD_VEH_,2026_06_21_merged.mat,OF1,6,5125,5125,256.2,256.2
R004,VEH,T2_SD_VEH_,2026_06_21_merged.mat,OF1,4,5132,5132,256.55,256.55
R004,VEH,T2_SD_VEH_,2026_06_21_merged.mat,OF1,4,5133,5133,256.6,256.6
R004,VEH,T2_SD_VEH_,2026_06_21_merged.mat,OF1,4,5134,5134,256.65000000000003,256.65000000000003
R004,VEH,T2_SD_VEH_,2026_06_21_merged.mat,OF1,4,5135,5135,256.7,256.7
R004,VEH,T2_SD_VEH_,2026_06_21_merged.mat,OF1,3,5218,5218,260.85,260.85
R004,VEH,T2_SD_VEH_,2026_06_21_merged.mat,OF1,5,5223,5223,261.1,261.1
R004,VEH,T2_SD_VEH_,2026_06_21_merged.mat,OF1,4,5264,5264,263.15000000000003,263.15000000000003
R004,VEH,T2_SD_VEH_,2026_06_21_merged.mat,OF1,3,5315,5315,265.7,265.7
R004,VEH,T2_SD_VEH_,2026_06_21_merged.mat,OF1,3,5317,5317,265.8,265.8
R004,VEH,T2_SD_VEH_,2026_06_21_merged.mat,OF1,3,5318,5318,265.85,265.85
R004,VEH,T2_SD_VEH_,2026_06_21_merged.mat,OF1,3,5340,5340,266.95,266.95
R004,VEH,T2_SD_VEH_,2026_06_21_merged.mat,OF1,3,5356,5356,267.75,267.75
R004,VEH,T2_SD_VEH_,2026_06_21_merged.mat,OF1,3,5357,5357,267.8,267.8
R004,VEH,T2_SD_VEH_,2026_06_21_merged.mat,OF1,3,5412,5412,270.55,270.55
R004,VEH,T2_SD_VEH_,2026_06_21_merged.mat,OF1,3,5414,5414,270.65000000000003,270.65000000000003
R004,VEH,T2_SD_VEH_,2026_06_21_merged.mat,OF1,5,5442,5442,272.05,272.05
R004,VEH,T2_SD_VEH_,2026_06_21_merged.mat,OF1,1,5454,5454,272.65000000000003,272.65000000000003
R004,VEH,T2_SD_VEH_,2026_06_21_merged.mat,OF1,4,5470,5470,273.45,273.45
R004,VEH,T2_SD_VEH_,2026_06_21_merged.mat,OF1,4,5471,5471,273.5,273.5
R004,VEH,T2_SD_VEH_,2026_06_21_merged.mat,OF1,5,5482,5482,274.05,274.05
R004,VEH,T2_SD_VEH_,2026_06_21_merged.mat,OF1,5,5484,5484,274.15000000000003,274.15000000000003
R004,VEH,T2_SD_VEH_,2026_06_21_merged.mat,OF1,3,5505,5505,275.2,275.2
R004,VEH,T2_SD_VEH_,2026_06_21_merged.mat,OF1,3,5506,5506,275.25,275.25
R004,VEH,T2_SD_VEH_,2026_06_21_merged.mat,OF1,3,5507,5507,275.3,275.3
R004,VEH,T2_SD_VEH_,2026_06_21_merged.mat,OF1,4,5529,5529,276.40000000000003,276.40000000000003
R004,VEH,T2_SD_VEH_,2026_06_21_merged.mat,OF1,4,5531,5531,276.5,276.5
R004,VEH,T2_SD_VEH_,2026_06_21_merged.mat,OF1,5,5560,5560,277.95,277.95
R004,VEH,T2_SD_VEH_,2026_06_21_merged.mat,OF1,2,5567,5567,278.3,278.3
R004,VEH,T2_SD_VEH_,2026_06_21_merged.mat,OF1,2,5570,5570,278.45,278.45
R004,VEH,T2_SD_VEH_,2026_06_21_merged.mat,OF1,2,5571,5571,278.5,278.5
R004,VEH,T2_SD_VEH_,2026_06_21_merged.mat,OF1,2,5572,5572,278.55,278.55
R004,VEH,T2_SD_VEH_,2026_06_21_merged.mat,OF1,2,5573,5573,278.6,278.6
R004,VEH,T2_SD_VEH_,2026_06_21_merged.mat,OF1,2,5574,5574,278.65000000000003,278.65000000000003
R004,VEH,T2_SD_VEH_,2026_06_21_merged.mat,OF1,2,5575,5575,278.7,278.7
R004,VEH,T2_SD_VEH_,2026_06_21_merged.mat,OF1,2,5576,5576,278.75,278.75
R004,VEH,T2_SD_VEH_,2026_06_21_merged.mat,OF1,3,5592,5592,279.55,279.55
R004,VEH,T2_SD_VEH_,2026_06_21_merged.mat,OF1,3,5642,5642,282.05,282.05
R004,VEH,T2_SD_VEH_,2026_06_21_merged.mat,OF1,3,5643,5643,282.1,282.1
R004,VEH,T2_SD_VEH_,2026_06_21_merged.mat,OF1,3,5644,5644,282.15000000000003,282.15000000000003
R004,VEH,T2_SD_VEH_,2026_06_21_merged.mat,OF1,3,5645,5645,282.2,282.2
R004,VEH,T2_SD_VEH_,2026_06_21_merged.mat,OF1,3,5646,5646,282.25,282.25
R004,VEH,T2_SD_VEH_,2026_06_21_merged.mat,OF1,4,5649,5649,282.40000000000003,282.40000000000003
R004,VEH,T2_SD_VEH_,2026_06_21_merged.mat,OF1,4,5650,5650,282.45,282.45
R004,VEH,T2_SD_VEH_,2026_06_21_merged.mat,OF1,4,5651,5651,282.5,282.5
R004,VEH,T2_SD_VEH_,2026_06_21_merged.mat,OF1,4,5652,5652,282.55,282.55
R004,VEH,T2_SD_VEH_,2026_06_21_merged.mat,OF1,4,5653,5653,282.6,282.6
R004,VEH,T2_SD_VEH_,2026_06_21_merged.mat,OF1,4,5654,5654,282.65000000000003,282.65000000000003
R004,VEH,T2_SD_VEH_,2026_06_21_merged.mat,OF1,3,5673,5673,283.6,283.6
R004,VEH,T2_SD_VEH_,2026_06_21_merged.mat,OF1,3,5674,5674,283.65000000000003,283.65000000000003
R004,VEH,T2_SD_VEH_,2026_06_21_merged.mat,OF1,3,5675,5675,283.7,283.7
R004,VEH,T2_SD_VEH_,2026_06_21_merged.mat,OF1,3,5676,5676,283.75,283.75
R004,VEH,T2_SD_VEH_,2026_06_21_merged.mat,OF1,3,5677,5677,283.8,283.8
R004,VEH,T2_SD_VEH_,2026_06_21_merged.mat,OF1,3,5726,5726,286.25,286.25
R004,VEH,T2_SD_VEH_,2026_06_21_merged.mat,OF1,3,5727,5727,286.3,286.3
R004,VEH,T2_SD_VEH_,2026_06_21_merged.mat,OF1,3,5728,5728,286.35,286.35
R004,VEH,T2_SD_VEH_,2026_06_21_merged.mat,OF1,4,5741,5741,287.0,287.0
R004,VEH,T2_SD_VEH_,2026_06_21_merged.mat,OF1,4,5742,5742,287.05,287.05
R004,VEH,T2_SD_VEH_,2026_06_21_merged.mat,OF1,1,5787,5787,289.3,289.3
R004,VEH,T2_SD_VEH_,2026_06_21_merged.mat,OF1,3,5852,5852,292.55,292.55
R004,VEH,T2_SD_VEH_,2026_06_21_merged.mat,OF1,3,5861,5861,293.0,293.0
R004,VEH,T2_SD_VEH_,2026_06_21_merged.mat,OF1,1,5870,5870,293.45,293.45
R004,VEH,T2_SD_VEH_,2026_06_21_merged.mat,OF1,3,5878,5878,293.85,293.85
R004,VEH,T2_SD_VEH_,2026_06_21_merged.mat,OF1,3,5879,5879,293.90000000000003,293.90000000000003
R004,VEH,T2_SD_VEH_,2026_06_21_merged.mat,OF1,3,5881,5881,294.0,294.0
R004,VEH,T2_SD_VEH_,2026_06_21_merged.mat,OF1,3,5882,5882,294.05,294.05
R004,VEH,T2_SD_VEH_,2026_06_21_merged.mat,OF1,3,5883,5883,294.1,294.1
R004,VEH,T2_SD_VEH_,2026_06_21_merged.mat,OF1,5,5884,5884,294.15000000000003,294.15000000000003
R004,VEH,T2_SD_VEH_,2026_06_21_merged.mat,OF1,5,5885,5885,294.2,294.2
R004,VEH,T2_SD_VEH_,2026_06_21_merged.mat,OF1,4,5896,5896,294.75,294.75
R004,VEH,T2_SD_VEH_,2026_06_21_merged.mat,OF1,3,5924,5924,296.15000000000003,296.15000000000003
R004,VEH,T2_SD_VEH_,2026_06_21_merged.mat,OF1,3,5925,5925,296.2,296.2
R004,VEH,T2_SD_VEH_,2026_06_21_merged.mat,OF1,6,5984,5984,299.15000000000003,299.15000000000003
R004,VEH,T2_SD_VEH_,2026_06_21_merged.mat,OF1,6,5985,5985,299.2,299.2
R004,VEH,T2_SD_VEH_,2026_06_21_merged.mat,OF1,6,5986,5986,299.25,299.25
R004,VEH,T2_SD_VEH_,2026_06_21_merged.mat,OF1,5,6143,6143,307.1,307.1
R004,VEH,T2_SD_VEH_,2026_06_21_merged.mat,OF1,1,6147,6147,307.3,307.3
R004,VEH,T2_SD_VEH_,2026_06_21_merged.mat,OF1,6,6148,6148,307.35,307.35
R004,VEH,T2_SD_VEH_,2026_06_21_merged.mat,OF1,6,6149,6149,307.40000000000003,307.40000000000003
R004,VEH,T2_SD_VEH_,2026_06_21_merged.mat,OF1,6,6150,6150,307.45000000000005,307.45000000000005
R004,VEH,T2_SD_VEH_,2026_06_21_merged.mat,OF1,6,6151,6151,307.5,307.5
R004,VEH,T2_SD_VEH_,2026_06_21_merged.mat,OF1,6,6152,6152,307.55,307.55
R004,VEH,T2_SD_VEH_,2026_06_21_merged.mat,OF1,6,6153,6153,307.6,307.6
R004,VEH,T2_SD_VEH_,2026_06_21_merged.mat,OF1,6,6154,6154,307.65000000000003,307.65000000000003
R004,VEH,T2_SD_VEH_,2026_06_21_merged.mat,OF1,3,6204,6204,310.15000000000003,310.15000000000003
R004,VEH,T2_SD_VEH_,2026_06_21_merged.mat,OF1,3,6205,6205,310.20000000000005,310.20000000000005
R004,VEH,T2_SD_VEH_,2026_06_21_merged.mat,OF1,1,6213,6213,310.6,310.6
R004,VEH,T2_SD_VEH_,2026_06_21_merged.mat,OF1,1,6214,6214,310.65000000000003,310.65000000000003
R004,VEH,T2_SD_VEH_,2026_06_21_merged.mat,OF1,3,6230,6230,311.45000000000005,311.45000000000005
R004,VEH,T2_SD_VEH_,2026_06_21_merged.mat,OF1,3,6233,6233,311.6,311.6
R004,VEH,T2_SD_VEH_,2026_06_21_merged.mat,OF1,3,6234,6234,311.65000000000003,311.65000000000003
R004,VEH,T2_SD_VEH_,2026_06_21_merged.mat,OF1,4,6305,6305,315.20000000000005,315.20000000000005
R004,VEH,T2_SD_VEH_,2026_06_21_merged.mat,OF1,4,6306,6306,315.25,315.25
R004,VEH,T2_SD_VEH_,2026_06_21_merged.mat,OF1,4,6325,6325,316.20000000000005,316.20000000000005
R004,VEH,T2_SD_VEH_,2026_06_21_merged.mat,OF1,4,6326,6326,316.25,316.25
R004,VEH,T2_SD_VEH_,2026_06_21_merged.mat,OF1,4,6327,6327,316.3,316.3
R004,VEH,T2_SD_VEH_,2026_06_21_merged.mat,OF1,4,6328,6328,316.35,316.35
R004,VEH,T2_SD_VEH_,2026_06_21_merged.mat,OF1,4,6331,6331,316.5,316.5
R004,VEH,T2_SD_VEH_,2026_06_21_merged.mat,OF1,3,6343,6343,317.1,317.1
R004,VEH,T2_SD_VEH_,2026_06_21_merged.mat,OF1,3,6344,6344,317.15000000000003,317.15000000000003
R004,VEH,T2_SD_VEH_,2026_06_21_merged.mat,OF1,1,6367,6367,318.3,318.3
R004,VEH,T2_SD_VEH_,2026_06_21_merged.mat,OF1,3,6369,6369,318.40000000000003,318.40000000000003
R004,VEH,T2_SD_VEH_,2026_06_21_merged.mat,OF1,3,6370,6370,318.45000000000005,318.45000000000005
R004,VEH,T2_SD_VEH_,2026_06_21_merged.mat,OF1,3,6372,6372,318.55,318.55
R004,VEH,T2_SD_VEH_,2026_06_21_merged.mat,OF1,3,6380,6380,318.95000000000005,318.95000000000005
R004,VEH,T2_SD_VEH_,2026_06_21_merged.mat,OF1,3,6381,6381,319.0,319.0
R004,VEH,T2_SD_VEH_,2026_06_21_merged.mat,OF1,3,6382,6382,319.05,319.05
R004,VEH,T2_SD_VEH_,2026_06_21_merged.mat,OF1,1,6396,6396,319.75,319.75
R004,VEH,T2_SD_VEH_,2026_06_21_merged.mat,OF1,1,6453,6453,322.6,322.6
R004,VEH,T2_SD_VEH_,2026_06_21_merged.mat,OF1,5,6549,6549,327.4000000000001,327.4000000000001
R004,VEH,T2_SD_VEH_,2026_06_21_merged.mat,OF1,2,6677,6677,333.80000000000007,333.80000000000007
R004,VEH,T2_SD_VEH_,2026_06_21_merged.mat,OF1,2,6678,6678,333.8500000000001,333.8500000000001
R004,VEH,T2_SD_VEH_,2026_06_21_merged.mat,OF1,4,6687,6687,334.30000000000007,334.30000000000007
R004,VEH,T2_SD_VEH_,2026_06_21_merged.mat,OF1,4,6688,6688,334.3500000000001,334.3500000000001
R004,VEH,T2_SD_VEH_,2026_06_21_merged.mat,OF1,3,6773,6773,338.6000000000001,338.6000000000001
R004,VEH,T2_SD_VEH_,2026_06_21_merged.mat,OF1,3,6774,6774,338.6500000000001,338.6500000000001
R004,VEH,T2_SD_VEH_,2026_06_21_merged.mat,OF1,3,6775,6775,338.70000000000005,338.70000000000005
R004,VEH,T2_SD_VEH_,2026_06_21_merged.mat,OF1,4,6792,6792,339.55000000000007,339.55000000000007
R004,VEH,T2_SD_VEH_,2026_06_21_merged.mat,OF1,3,6819,6819,340.9000000000001,340.9000000000001
R004,VEH,T2_SD_VEH_,2026_06_21_merged.mat,OF1,3,6820,6820,340.95000000000005,340.95000000000005
R004,VEH,T2_SD_VEH_,2026_06_21_merged.mat,OF1,3,6821,6821,341.00000000000006,341.00000000000006
R004,VEH,T2_SD_VEH_,2026_06_21_merged.mat,OF1,3,6865,6865,343.2000000000001,343.2000000000001
R004,VEH,T2_SD_VEH_,2026_06_21_merged.mat,OF1,1,6927,6927,346.30000000000007,346.30000000000007
R004,VEH,T2_SD_VEH_,2026_06_21_merged.mat,OF1,3,7021,7021,351.00000000000006,351.00000000000006
R004,VEH,T2_SD_VEH_,2026_06_21_merged.mat,OF1,3,7022,7022,351.05000000000007,351.05000000000007
R004,VEH,T2_SD_VEH_,2026_06_21_merged.mat,OF1,3,7023,7023,351.1000000000001,351.1000000000001
R004,VEH,T2_SD_VEH_,2026_06_21_merged.mat,OF1,3,7024,7024,351.1500000000001,351.1500000000001
R004,VEH,T2_SD_VEH_,2026_06_21_merged.mat,OF1,3,7025,7025,351.2000000000001,351.2000000000001
R004,VEH,T2_SD_VEH_,2026_06_21_merged.mat,OF1,5,7033,7033,351.6000000000001,351.6000000000001
R004,VEH,T2_SD_VEH_,2026_06_21_merged.mat,OF1,3,7103,7103,355.1000000000001,355.1000000000001
R004,VEH,T2_SD_VEH_,2026_06_21_merged.mat,OF1,3,7104,7104,355.1500000000001,355.1500000000001
R004,VEH,T2_SD_VEH_,2026_06_21_merged.mat,OF1,5,7109,7109,355.4000000000001,355.4000000000001
R004,VEH,T2_SD_VEH_,2026_06_21_merged.mat,OF1,5,7110,7110,355.4500000000001,355.4500000000001
R004,VEH,T2_SD_VEH_,2026_06_21_merged.mat,OF1,5,7111,7111,355.50000000000006,355.50000000000006
R004,VEH,T2_SD_VEH_,2026_06_21_merged.mat,OF1,5,7112,7112,355.55000000000007,355.55000000000007
R004,VEH,T2_SD_VEH_,2026_06_21_merged.mat,OF1,5,7113,7113,355.6000000000001,355.6000000000001
R004,VEH,T2_SD_VEH_,2026_06_21_merged.mat,OF1,5,7114,7114,355.6500000000001,355.6500000000001
R004,VEH,T2_SD_VEH_,2026_06_21_merged.mat,OF1,5,7115,7115,355.7000000000001,355.7000000000001
R004,VEH,T2_SD_VEH_,2026_06_21_merged.mat,OF1,3,7116,7116,355.75000000000006,355.75000000000006
R004,VEH,T2_SD_VEH_,2026_06_21_merged.mat,OF1,5,7119,7119,355.9000000000001,355.9000000000001
R004,VEH,T2_SD_VEH_,2026_06_21_merged.mat,OF1,5,7120,7120,355.9500000000001,355.9500000000001
R004,VEH,T2_SD_VEH_,2026_06_21_merged.mat,OF1,5,7121,7121,356.00000000000006,356.00000000000006
R004,VEH,T2_SD_VEH_,2026_06_21_merged.mat,OF1,5,7122,7122,356.05000000000007,356.05000000000007
R004,VEH,T2_SD_VEH_,2026_06_21_merged.mat,OF1,3,7195,7195,359.7000000000001,359.7000000000001
R004,VEH,T2_SD_VEH_,2026_06_21_merged.mat,OF1,3,7196,7196,359.75000000000006,359.75000000000006
R004,VEH,T2_SD_VEH_,2026_06_21_merged.mat,OF1,3,7197,7197,359.80000000000007,359.80000000000007
R004,VEH,T2_SD_VEH_,2026_06_21_merged.mat,OF1,3,7199,7199,359.9000000000001,359.9000000000001
R004,VEH,T2_SD_VEH_,2026_06_21_merged.mat,OF1,3,7266,7266,363.25000000000006,363.25000000000006
R004,VEH,T2_SD_VEH_,2026_06_21_merged.mat,OF1,3,7267,7267,363.30000000000007,363.30000000000007
R004,VEH,T2_SD_VEH_,2026_06_21_merged.mat,OF1,6,7288,7288,364.3500000000001,364.3500000000001
R004,VEH,T2_SD_VEH_,2026_06_21_merged.mat,OF1,6,7289,7289,364.4000000000001,364.4000000000001
R004,VEH,T2_SD_VEH_,2026_06_21_merged.mat,OF1,6,7290,7290,364.4500000000001,364.4500000000001
R004,VEH,T2_SD_VEH_,2026_06_21_merged.mat,OF1,6,7291,7291,364.50000000000006,364.50000000000006
R004,VEH,T2_SD_VEH_,2026_06_21_merged.mat,OF1,6,7296,7296,364.75000000000006,364.75000000000006
R004,VEH,T2_SD_VEH_,2026_06_21_merged.mat,OF1,3,7314,7314,365.6500000000001,365.6500000000001
R004,VEH,T2_SD_VEH_,2026_06_21_merged.mat,OF1,2,7339,7339,366.9000000000001,366.9000000000001
R004,VEH,T2_SD_VEH_,2026_06_21_merged.mat,OF1,3,7440,7440,371.9500000000001,371.9500000000001
R004,VEH,T2_SD_VEH_,2026_06_21_merged.mat,OF1,3,7441,7441,372.00000000000006,372.00000000000006
R004,VEH,T2_SD_VEH_,2026_06_21_merged.mat,OF1,3,7442,7442,372.05000000000007,372.05000000000007
R004,VEH,T2_SD_VEH_,2026_06_21_merged.mat,OF1,3,7445,7445,372.2000000000001,372.2000000000001
R004,VEH,T2_SD_VEH_,2026_06_21_merged.mat,OF1,2,7494,7494,374.6500000000001,374.6500000000001
R004,VEH,T2_SD_VEH_,2026_06_21_merged.mat,OF1,3,7516,7516,375.75000000000006,375.75000000000006
R004,VEH,T2_SD_VEH_,2026_06_21_merged.mat,OF1,3,7519,7519,375.9000000000001,375.9000000000001
R004,VEH,T2_SD_VEH_,2026_06_21_merged.mat,OF1,3,7560,7560,377.9500000000001,377.9500000000001
R004,VEH,T2_SD_VEH_,2026_06_21_merged.mat,OF1,3,7561,7561,378.00000000000006,378.00000000000006
R004,VEH,T2_SD_VEH_,2026_06_21_merged.mat,OF1,3,7562,7562,378.05000000000007,378.05000000000007
R004,VEH,T2_SD_VEH_,2026_06_21_merged.mat,OF1,3,7563,7563,378.1000000000001,378.1000000000001
R004,VEH,T2_SD_VEH_,2026_06_21_merged.mat,OF1,3,7564,7564,378.1500000000001,378.1500000000001
R004,VEH,T2_SD_VEH_,2026_06_21_merged.mat,OF1,3,7565,7565,378.2000000000001,378.2000000000001
R004,VEH,T2_SD_VEH_,2026_06_21_merged.mat,OF1,3,7566,7566,378.25000000000006,378.25000000000006
R004,VEH,T2_SD_VEH_,2026_06_21_merged.mat,OF1,4,7577,7577,378.80000000000007,378.80000000000007
R004,VEH,T2_SD_VEH_,2026_06_21_merged.mat,OF1,2,7589,7589,379.4000000000001,379.4000000000001
R004,VEH,T2_SD_VEH_,2026_06_21_merged.mat,OF1,2,7590,7590,379.4500000000001,379.4500000000001
R004,VEH,T2_SD_VEH_,2026_06_21_merged.mat,OF1,2,7591,7591,379.50000000000006,379.50000000000006
R004,VEH,T2_SD_VEH_,2026_06_21_merged.mat,OF1,2,7592,7592,379.55000000000007,379.55000000000007
R004,VEH,T2_SD_VEH_,2026_06_21_merged.mat,OF1,2,7593,7593,379.6000000000001,379.6000000000001
R004,VEH,T2_SD_VEH_,2026_06_21_merged.mat,OF1,2,7599,7599,379.9000000000001,379.9000000000001
R004,VEH,T2_SD_VEH_,2026_06_21_merged.mat,OF1,2,7609,7609,380.4000000000001,380.4000000000001
R004,VEH,T2_SD_VEH_,2026_06_21_merged.mat,OF1,2,7610,7610,380.4500000000001,380.4500000000001
R004,VEH,T2_SD_VEH_,2026_06_21_merged.mat,OF1,2,7611,7611,380.50000000000006,380.50000000000006
R004,VEH,T2_SD_VEH_,2026_06_21_merged.mat,OF1,2,7612,7612,380.55000000000007,380.55000000000007
R004,VEH,T2_SD_VEH_,2026_06_21_merged.mat,OF1,2,7614,7614,380.6500000000001,380.6500000000001
R004,VEH,T2_SD_VEH_,2026_06_21_merged.mat,OF1,2,7615,7615,380.7000000000001,380.7000000000001
R004,VEH,T2_SD_VEH_,2026_06_21_merged.mat,OF1,2,7616,7616,380.75000000000006,380.75000000000006
R004,VEH,T2_SD_VEH_,2026_06_21_merged.mat,OF1,2,7617,7617,380.80000000000007,380.80000000000007
R004,VEH,T2_SD_VEH_,2026_06_21_merged.mat,OF1,2,7618,7618,380.8500000000001,380.8500000000001
R004,VEH,T2_SD_VEH_,2026_06_21_merged.mat,OF1,3,7733,7733,386.6000000000001,386.6000000000001
R004,VEH,T2_SD_VEH_,2026_06_21_merged.mat,OF1,3,7734,7734,386.6500000000001,386.6500000000001
R004,VEH,T2_SD_VEH_,2026_06_21_merged.mat,OF1,3,7735,7735,386.7000000000001,386.7000000000001
R004,VEH,T2_SD_VEH_,2026_06_21_merged.mat,OF1,3,7736,7736,386.75000000000006,386.75000000000006
R004,VEH,T2_SD_VEH_,2026_06_21_merged.mat,OF1,3,7737,7737,386.80000000000007,386.80000000000007
R004,VEH,T2_SD_VEH_,2026_06_21_merged.mat,OF1,1,7766,7766,388.25000000000006,388.25000000000006
R004,VEH,T2_SD_VEH_,2026_06_21_merged.mat,OF1,1,7789,7789,389.4000000000001,389.4000000000001
R004,VEH,T2_SD_VEH_,2026_06_21_merged.mat,OF1,4,7906,7906,395.2500000000001,395.2500000000001
R004,VEH,T2_SD_VEH_,2026_06_21_merged.mat,OF1,4,7914,7914,395.6500000000001,395.6500000000001
R004,VEH,T2_SD_VEH_,2026_06_21_merged.mat,OF1,4,7915,7915,395.70000000000005,395.70000000000005
R004,VEH,T2_SD_VEH_,2026_06_21_merged.mat,OF1,4,7918,7918,395.8500000000001,395.8500000000001
R004,VEH,T2_SD_VEH_,2026_06_21_merged.mat,OF1,4,7954,7954,397.6500000000001,397.6500000000001
R004,VEH,T2_SD_VEH_,2026_06_21_merged.mat,OF1,4,7955,7955,397.70000000000005,397.70000000000005
R004,VEH,T2_SD_VEH_,2026_06_21_merged.mat,OF1,3,7956,7956,397.7500000000001,397.7500000000001
R004,VEH,T2_SD_VEH_,2026_06_21_merged.mat,OF1,3,7957,7957,397.80000000000007,397.80000000000007
R004,VEH,T2_SD_VEH_,2026_06_21_merged.mat,OF1,3,7960,7960,397.95000000000005,397.95000000000005
R004,VEH,T2_SD_VEH_,2026_06_21_merged.mat,OF1,3,8002,8002,400.05000000000007,400.05000000000007
R004,VEH,T2_SD_VEH_,2026_06_21_merged.mat,OF1,3,8003,8003,400.1000000000001,400.1000000000001
R004,VEH,T2_SD_VEH_,2026_06_21_merged.mat,OF1,3,8022,8022,401.05000000000007,401.05000000000007
R004,VEH,T2_SD_VEH_,2026_06_21_merged.mat,OF1,4,8088,8088,404.3500000000001,404.3500000000001
R004,VEH,T2_SD_VEH_,2026_06_21_merged.mat,OF1,4,8091,8091,404.5000000000001,404.5000000000001
R004,VEH,T2_SD_VEH_,2026_06_21_merged.mat,OF1,2,8235,8235,411.70000000000005,411.70000000000005
R004,VEH,T2_SD_VEH_,2026_06_21_merged.mat,OF1,4,8256,8256,412.7500000000001,412.7500000000001
R004,VEH,T2_SD_VEH_,2026_06_21_merged.mat,OF1,4,8257,8257,412.80000000000007,412.80000000000007
R004,VEH,T2_SD_VEH_,2026_06_21_merged.mat,OF1,6,8291,8291,414.5000000000001,414.5000000000001
R004,VEH,T2_SD_VEH_,2026_06_21_merged.mat,OF1,6,8292,8292,414.55000000000007,414.55000000000007
R004,VEH,T2_SD_VEH_,2026_06_21_merged.mat,OF1,6,8293,8293,414.6000000000001,414.6000000000001
R004,VEH,T2_SD_VEH_,2026_06_21_merged.mat,OF1,6,8298,8298,414.8500000000001,414.8500000000001
R004,VEH,T2_SD_VEH_,2026_06_21_merged.mat,OF1,6,8300,8300,414.95000000000005,414.95000000000005
R004,VEH,T2_SD_VEH_,2026_06_21_merged.mat,OF1,4,8306,8306,415.2500000000001,415.2500000000001
R004,VEH,T2_SD_VEH_,2026_06_21_merged.mat,OF1,4,8307,8307,415.30000000000007,415.30000000000007
R004,VEH,T2_SD_VEH_,2026_06_21_merged.mat,OF1,4,8308,8308,415.3500000000001,415.3500000000001
R004,VEH,T2_SD_VEH_,2026_06_21_merged.mat,OF1,4,8309,8309,415.4000000000001,415.4000000000001
R004,VEH,T2_SD_VEH_,2026_06_21_merged.mat,OF1,4,8310,8310,415.45000000000005,415.45000000000005
R004,VEH,T2_SD_VEH_,2026_06_21_merged.mat,OF1,4,8311,8311,415.5000000000001,415.5000000000001
R004,VEH,T2_SD_VEH_,2026_06_21_merged.mat,OF1,2,8334,8334,416.6500000000001,416.6500000000001
R004,VEH,T2_SD_VEH_,2026_06_21_merged.mat,OF1,3,8347,8347,417.30000000000007,417.30000000000007
R004,VEH,T2_SD_VEH_,2026_06_21_merged.mat,OF1,3,8348,8348,417.3500000000001,417.3500000000001
R004,VEH,T2_SD_VEH_,2026_06_21_merged.mat,OF1,3,8349,8349,417.4000000000001,417.4000000000001
R004,VEH,T2_SD_VEH_,2026_06_21_merged.mat,OF1,2,8371,8371,418.5000000000001,418.5000000000001
R004,VEH,T2_SD_VEH_,2026_06_21_merged.mat,OF1,2,8382,8382,419.05000000000007,419.05000000000007
R004,VEH,T2_SD_VEH_,2026_06_21_merged.mat,OF1,3,8486,8486,424.2500000000001,424.2500000000001
R004,VEH,T2_SD_VEH_,2026_06_21_merged.mat,OF1,3,8488,8488,424.3500000000001,424.3500000000001
R004,VEH,T2_SD_VEH_,2026_06_21_merged.mat,OF1,3,8489,8489,424.4000000000001,424.4000000000001
R004,VEH,T2_SD_VEH_,2026_06_21_merged.mat,OF1,3,8490,8490,424.45000000000005,424.45000000000005
R004,VEH,T2_SD_VEH_,2026_06_21_merged.mat,OF1,3,8491,8491,424.5000000000001,424.5000000000001
R004,VEH,T2_SD_VEH_,2026_06_21_merged.mat,OF1,1,8519,8519,425.9000000000001,425.9000000000001
R004,VEH,T2_SD_VEH_,2026_06_21_merged.mat,OF1,1,8521,8521,426.0000000000001,426.0000000000001
R004,VEH,T2_SD_VEH_,2026_06_21_merged.mat,OF1,3,8627,8627,431.30000000000007,431.30000000000007
R004,VEH,T2_SD_VEH_,2026_06_21_merged.mat,OF1,3,8628,8628,431.3500000000001,431.3500000000001
R004,VEH,T2_SD_VEH_,2026_06_21_merged.mat,OF1,3,8629,8629,431.4000000000001,431.4000000000001
R004,VEH,T2_SD_VEH_,2026_06_21_merged.mat,OF1,3,8630,8630,431.45000000000005,431.45000000000005
R004,VEH,T2_SD_VEH_,2026_06_21_merged.mat,OF1,3,8631,8631,431.5000000000001,431.5000000000001
R004,VEH,T2_SD_VEH_,2026_06_21_merged.mat,OF1,1,8633,8633,431.6000000000001,431.6000000000001
R004,VEH,T2_SD_VEH_,2026_06_21_merged.mat,OF1,1,8635,8635,431.70000000000005,431.70000000000005
R004,VEH,T2_SD_VEH_,2026_06_21_merged.mat,OF1,1,8637,8637,431.80000000000007,431.80000000000007
R004,VEH,T2_SD_VEH_,2026_06_21_merged.mat,OF1,1,8638,8638,431.8500000000001,431.8500000000001
R004,VEH,T2_SD_VEH_,2026_06_21_merged.mat,OF1,1,8639,8639,431.9000000000001,431.9000000000001
R004,VEH,T2_SD_VEH_,2026_06_21_merged.mat,OF1,1,8641,8641,432.0000000000001,432.0000000000001
R004,VEH,T2_SD_VEH_,2026_06_21_merged.mat,OF1,1,8650,8650,432.45000000000005,432.45000000000005
R004,VEH,T2_SD_VEH_,2026_06_21_merged.mat,OF1,1,8651,8651,432.5000000000001,432.5000000000001
R004,VEH,T2_SD_VEH_,2026_06_21_merged.mat,OF1,1,8652,8652,432.55000000000007,432.55000000000007
R004,VEH,T2_SD_VEH_,2026_06_21_merged.mat,OF1,1,8654,8654,432.6500000000001,432.6500000000001
R004,VEH,T2_SD_VEH_,2026_06_21_merged.mat,OF1,1,8655,8655,432.70000000000005,432.70000000000005
R004,VEH,T2_SD_VEH_,2026_06_21_merged.mat,OF1,5,8659,8659,432.9000000000001,432.9000000000001
R004,VEH,T2_SD_VEH_,2026_06_21_merged.mat,OF1,5,8660,8660,432.95000000000005,432.95000000000005
R004,VEH,T2_SD_VEH_,2026_06_21_merged.mat,OF1,5,8661,8661,433.0000000000001,433.0000000000001
R004,VEH,T2_SD_VEH_,2026_06_21_merged.mat,OF1,5,8662,8662,433.05000000000007,433.05000000000007
R004,VEH,T2_SD_VEH_,2026_06_21_merged.mat,OF1,5,8663,8663,433.1000000000001,433.1000000000001
R004,VEH,T2_SD_VEH_,2026_06_21_merged.mat,OF1,6,8689,8689,434.4000000000001,434.4000000000001
R004,VEH,T2_SD_VEH_,2026_06_21_merged.mat,OF1,6,8690,8690,434.45000000000005,434.45000000000005
R004,VEH,T2_SD_VEH_,2026_06_21_merged.mat,OF1,6,8691,8691,434.5000000000001,434.5000000000001
R004,VEH,T2_SD_VEH_,2026_06_21_merged.mat,OF1,6,8693,8693,434.6000000000001,434.6000000000001
R004,VEH,T2_SD_VEH_,2026_06_21_merged.mat,OF1,3,8734,8734,436.6500000000001,436.6500000000001
R004,VEH,T2_SD_VEH_,2026_06_21_merged.mat,OF1,1,8743,8743,437.1000000000001,437.1000000000001
R004,VEH,T2_SD_VEH_,2026_06_21_merged.mat,OF1,1,8753,8753,437.6000000000001,437.6000000000001
R004,VEH,T2_SD_VEH_,2026_06_21_merged.mat,OF1,1,8754,8754,437.6500000000001,437.6500000000001
R004,VEH,T2_SD_VEH_,2026_06_21_merged.mat,OF1,1,8809,8809,440.4000000000001,440.4000000000001
R004,VEH,T2_SD_VEH_,2026_06_21_merged.mat,OF1,3,8816,8816,440.7500000000001,440.7500000000001
R004,VEH,T2_SD_VEH_,2026_06_21_merged.mat,OF1,3,8817,8817,440.80000000000007,440.80000000000007
R004,VEH,T2_SD_VEH_,2026_06_21_merged.mat,OF1,3,8818,8818,440.8500000000001,440.8500000000001
R004,VEH,T2_SD_VEH_,2026_06_21_merged.mat,OF1,3,8819,8819,440.9000000000001,440.9000000000001
R004,VEH,T2_SD_VEH_,2026_06_21_merged.mat,OF1,5,8826,8826,441.2500000000001,441.2500000000001
R004,VEH,T2_SD_VEH_,2026_06_21_merged.mat,OF1,5,8828,8828,441.3500000000001,441.3500000000001
R004,VEH,T2_SD_VEH_,2026_06_21_merged.mat,OF1,3,8831,8831,441.5000000000001,441.5000000000001
R004,VEH,T2_SD_VEH_,2026_06_21_merged.mat,OF1,3,8832,8832,441.55000000000007,441.55000000000007
R004,VEH,T2_SD_VEH_,2026_06_21_merged.mat,OF1,1,8951,8951,447.5000000000001,447.5000000000001
R004,VEH,T2_SD_VEH_,2026_06_21_merged.mat,OF1,3,9044,9044,452.1500000000001,452.1500000000001
R004,VEH,T2_SD_VEH_,2026_06_21_merged.mat,OF1,3,9045,9045,452.20000000000005,452.20000000000005
R004,VEH,T2_SD_VEH_,2026_06_21_merged.mat,OF1,2,9125,9125,456.20000000000005,456.20000000000005
R004,VEH,T2_SD_VEH_,2026_06_21_merged.mat,OF1,2,9126,9126,456.2500000000001,456.2500000000001
R004,VEH,T2_SD_VEH_,2026_06_21_merged.mat,OF1,2,9134,9134,456.6500000000001,456.6500000000001
R004,VEH,T2_SD_VEH_,2026_06_21_merged.mat,OF1,2,9135,9135,456.70000000000005,456.70000000000005
R004,VEH,T2_SD_VEH_,2026_06_21_merged.mat,OF1,1,9151,9151,457.5000000000001,457.5000000000001
R004,VEH,T2_SD_VEH_,2026_06_21_merged.mat,OF1,5,9177,9177,458.80000000000007,458.80000000000007
R004,VEH,T2_SD_VEH_,2026_06_21_merged.mat,OF1,5,9178,9178,458.8500000000001,458.8500000000001
R004,VEH,T2_SD_VEH_,2026_06_21_merged.mat,OF1,6,9196,9196,459.7500000000001,459.7500000000001
R004,VEH,T2_SD_VEH_,2026_06_21_merged.mat,OF1,6,9197,9197,459.80000000000007,459.80000000000007
R004,VEH,T2_SD_VEH_,2026_06_21_merged.mat,OF1,6,9198,9198,459.8500000000001,459.8500000000001
R004,VEH,T2_SD_VEH_,2026_06_21_merged.mat,OF1,6,9199,9199,459.9000000000001,459.9000000000001
R004,VEH,T2_SD_VEH_,2026_06_21_merged.mat,OF1,3,9239,9239,461.9000000000001,461.9000000000001
R004,VEH,T2_SD_VEH_,2026_06_21_merged.mat,OF1,3,9256,9256,462.7500000000001,462.7500000000001
R004,VEH,T2_SD_VEH_,2026_06_21_merged.mat,OF1,5,9302,9302,465.05000000000007,465.05000000000007
R004,VEH,T2_SD_VEH_,2026_06_21_merged.mat,OF1,5,9304,9304,465.1500000000001,465.1500000000001
R004,VEH,T2_SD_VEH_,2026_06_21_merged.mat,OF1,6,9308,9308,465.3500000000001,465.3500000000001
R004,VEH,T2_SD_VEH_,2026_06_21_merged.mat,OF1,3,9309,9309,465.4000000000001,465.4000000000001
R004,VEH,T2_SD_VEH_,2026_06_21_merged.mat,OF1,3,9310,9310,465.45000000000005,465.45000000000005
R004,VEH,T2_SD_VEH_,2026_06_21_merged.mat,OF1,3,9399,9399,469.9000000000001,469.9000000000001
R004,VEH,T2_SD_VEH_,2026_06_21_merged.mat,OF1,3,9400,9400,469.95000000000005,469.95000000000005
R004,VEH,T2_SD_VEH_,2026_06_21_merged.mat,OF1,3,9401,9401,470.0000000000001,470.0000000000001
R004,VEH,T2_SD_VEH_,2026_06_21_merged.mat,OF1,3,9402,9402,470.05000000000007,470.05000000000007
R004,VEH,T2_SD_VEH_,2026_06_21_merged.mat,OF1,3,9403,9403,470.1000000000001,470.1000000000001
R004,VEH,T2_SD_VEH_,2026_06_21_merged.mat,OF1,3,9404,9404,470.1500000000001,470.1500000000001
R004,VEH,T2_SD_VEH_,2026_06_21_merged.mat,OF1,3,9426,9426,471.2500000000001,471.2500000000001
R004,VEH,T2_SD_VEH_,2026_06_21_merged.mat,OF1,5,9482,9482,474.05000000000007,474.05000000000007
R004,VEH,T2_SD_VEH_,2026_06_21_merged.mat,OF1,5,9484,9484,474.1500000000001,474.1500000000001
R004,VEH,T2_SD_VEH_,2026_06_21_merged.mat,OF1,3,9516,9516,475.7500000000001,475.7500000000001
R004,VEH,T2_SD_VEH_,2026_06_21_merged.mat,OF1,3,9517,9517,475.80000000000007,475.80000000000007
R004,VEH,T2_SD_VEH_,2026_06_21_merged.mat,OF1,2,9560,9560,477.95000000000005,477.95000000000005
R004,VEH,T2_SD_VEH_,2026_06_21_merged.mat,OF1,2,9561,9561,478.0000000000001,478.0000000000001
R004,VEH,T2_SD_VEH_,2026_06_21_merged.mat,OF1,2,9562,9562,478.05000000000007,478.05000000000007
R004,VEH,T2_SD_VEH_,2026_06_21_merged.mat,OF1,2,9563,9563,478.1000000000001,478.1000000000001
R004,VEH,T2_SD_VEH_,2026_06_21_merged.mat,OF1,3,9645,9645,482.20000000000005,482.20000000000005
R004,VEH,T2_SD_VEH_,2026_06_21_merged.mat,OF1,5,9650,9650,482.45000000000005,482.45000000000005
R004,VEH,T2_SD_VEH_,2026_06_21_merged.mat,OF1,5,9651,9651,482.5000000000001,482.5000000000001
R004,VEH,T2_SD_VEH_,2026_06_21_merged.mat,OF1,3,9736,9736,486.7500000000001,486.7500000000001
R004,VEH,T2_SD_VEH_,2026_06_21_merged.mat,OF1,3,9738,9738,486.8500000000001,486.8500000000001
R004,VEH,T2_SD_VEH_,2026_06_21_merged.mat,OF1,3,9739,9739,486.9000000000001,486.9000000000001
R004,VEH,T2_SD_VEH_,2026_06_21_merged.mat,OF1,3,9740,9740,486.95000000000005,486.95000000000005
R004,VEH,T2_SD_VEH_,2026_06_21_merged.mat,OF1,2,9797,9797,489.80000000000007,489.80000000000007
R004,VEH,T2_SD_VEH_,2026_06_21_merged.mat,OF1,3,9898,9898,494.8500000000001,494.8500000000001
R004,VEH,T2_SD_VEH_,2026_06_21_merged.mat,OF1,3,9899,9899,494.9000000000001,494.9000000000001
R004,VEH,T2_SD_VEH_,2026_06_21_merged.mat,OF1,3,9902,9902,495.05000000000007,495.05000000000007
R004,VEH,T2_SD_VEH_,2026_06_21_merged.mat,OF1,3,9945,9945,497.20000000000005,497.20000000000005
R004,VEH,T2_SD_VEH_,2026_06_21_merged.mat,OF1,3,9946,9946,497.2500000000001,497.2500000000001
R004,VEH,T2_SD_VEH_,2026_06_21_merged.mat,OF1,3,9947,9947,497.30000000000007,497.30000000000007
R004,VEH,T2_SD_VEH_,2026_06_21_merged.mat,OF1,3,9948,9948,497.3500000000001,497.3500000000001
R004,VEH,T2_SD_VEH_,2026_06_21_merged.mat,OF1,3,10019,10019,500.9000000000001,500.9000000000001
R004,VEH,T2_SD_VEH_,2026_06_21_merged.mat,OF1,3,10021,10021,501.0000000000001,501.0000000000001
R004,VEH,T2_SD_VEH_,2026_06_21_merged.mat,OF1,3,10022,10022,501.05000000000007,501.05000000000007
R004,VEH,T2_SD_VEH_,2026_06_21_merged.mat,OF1,6,10044,10044,502.1500000000001,502.1500000000001
R004,VEH,T2_SD_VEH_,2026_06_21_merged.mat,OF1,6,10045,10045,502.20000000000005,502.20000000000005
R004,VEH,T2_SD_VEH_,2026_06_21_merged.mat,OF1,6,10046,10046,502.2500000000001,502.2500000000001
R004,VEH,T2_SD_VEH_,2026_06_21_merged.mat,OF1,6,10047,10047,502.30000000000007,502.30000000000007
R004,VEH,T2_SD_VEH_,2026_06_21_merged.mat,OF1,6,10048,10048,502.3500000000001,502.3500000000001
R004,VEH,T2_SD_VEH_,2026_06_21_merged.mat,OF1,6,10049,10049,502.4000000000001,502.4000000000001
R004,VEH,T2_SD_VEH_,2026_06_21_merged.mat,OF1,6,10050,10050,502.45000000000005,502.45000000000005
R004,VEH,T2_SD_VEH_,2026_06_21_merged.mat,OF1,6,10051,10051,502.5000000000001,502.5000000000001
R004,VEH,T2_SD_VEH_,2026_06_21_merged.mat,OF1,6,10052,10052,502.55000000000007,502.55000000000007
R004,VEH,T2_SD_VEH_,2026_06_21_merged.mat,OF1,6,10053,10053,502.6000000000001,502.6000000000001
R004,VEH,T2_SD_VEH_,2026_06_21_merged.mat,OF1,3,10119,10119,505.9000000000001,505.9000000000001
R004,VEH,T2_SD_VEH_,2026_06_21_merged.mat,OF1,3,10120,10120,505.95000000000005,505.95000000000005
R004,VEH,T2_SD_VEH_,2026_06_21_merged.mat,OF1,3,10121,10121,506.0000000000001,506.0000000000001
R004,VEH,T2_SD_VEH_,2026_06_21_merged.mat,OF1,3,10134,10134,506.6500000000001,506.6500000000001
R004,VEH,T2_SD_VEH_,2026_06_21_merged.mat,OF1,5,10177,10177,508.80000000000007,508.80000000000007
R004,VEH,T2_SD_VEH_,2026_06_21_merged.mat,OF1,3,10181,10181,509.0000000000001,509.0000000000001
R004,VEH,T2_SD_VEH_,2026_06_21_merged.mat,OF1,3,10182,10182,509.05000000000007,509.05000000000007
R004,VEH,T2_SD_VEH_,2026_06_21_merged.mat,OF1,2,10257,10257,512.8000000000001,512.8000000000001
R004,VEH,T2_SD_VEH_,2026_06_21_merged.mat,OF1,3,10276,10276,513.7500000000001,513.7500000000001
R004,VEH,T2_SD_VEH_,2026_06_21_merged.mat,OF1,5,10333,10333,516.6000000000001,516.6000000000001
R004,VEH,T2_SD_VEH_,2026_06_21_merged.mat,OF1,5,10334,10334,516.6500000000001,516.6500000000001
R004,VEH,T2_SD_VEH_,2026_06_21_merged.mat,OF1,5,10335,10335,516.7,516.7
R004,VEH,T2_SD_VEH_,2026_06_21_merged.mat,OF1,2,10386,10386,519.2500000000001,519.2500000000001
R004,VEH,T2_SD_VEH_,2026_06_21_merged.mat,OF1,2,10387,10387,519.3000000000001,519.3000000000001
R004,VEH,T2_SD_VEH_,2026_06_21_merged.mat,OF1,2,10388,10388,519.3500000000001,519.3500000000001
R004,VEH,T2_SD_VEH_,2026_06_21_merged.mat,OF1,2,10389,10389,519.4000000000001,519.4000000000001
R004,VEH,T2_SD_VEH_,2026_06_21_merged.mat,OF1,2,10390,10390,519.45,519.45
R004,VEH,T2_SD_VEH_,2026_06_21_merged.mat,OF1,2,10396,10396,519.7500000000001,519.7500000000001
R004,VEH,T2_SD_VEH_,2026_06_21_merged.mat,OF1,2,10397,10397,519.8000000000001,519.8000000000001
R004,VEH,T2_SD_VEH_,2026_06_21_merged.mat,OF1,2,10398,10398,519.8500000000001,519.8500000000001
R004,VEH,T2_SD_VEH_,2026_06_21_merged.mat,OF1,2,10399,10399,519.9000000000001,519.9000000000001
R004,VEH,T2_SD_VEH_,2026_06_21_merged.mat,OF1,3,10405,10405,520.2,520.2
R004,VEH,T2_SD_VEH_,2026_06_21_merged.mat,OF1,4,10415,10415,520.7,520.7
R004,VEH,T2_SD_VEH_,2026_06_21_merged.mat,OF1,4,10418,10418,520.8500000000001,520.8500000000001
R004,VEH,T2_SD_VEH_,2026_06_21_merged.mat,OF1,3,10435,10435,521.7,521.7
R004,VEH,T2_SD_VEH_,2026_06_21_merged.mat,OF1,3,10436,10436,521.7500000000001,521.7500000000001
R004,VEH,T2_SD_VEH_,2026_06_21_merged.mat,OF1,3,10437,10437,521.8000000000001,521.8000000000001
R004,VEH,T2_SD_VEH_,2026_06_21_merged.mat,OF1,3,10439,10439,521.9000000000001,521.9000000000001
R004,VEH,T2_SD_VEH_,2026_06_21_merged.mat,OF1,3,10440,10440,521.95,521.95
R004,VEH,T2_SD_VEH_,2026_06_21_merged.mat,OF1,3,10441,10441,522.0000000000001,522.0000000000001
R004,VEH,T2_SD_VEH_,2026_06_21_merged.mat,OF1,3,10442,10442,522.0500000000001,522.0500000000001
R004,VEH,T2_SD_VEH_,2026_06_21_merged.mat,OF1,2,10454,10454,522.6500000000001,522.6500000000001
R004,VEH,T2_SD_VEH_,2026_06_21_merged.mat,OF1,2,10455,10455,522.7,522.7
R004,VEH,T2_SD_VEH_,2026_06_21_merged.mat,OF1,5,10507,10507,525.3000000000001,525.3000000000001
R004,VEH,T2_SD_VEH_,2026_06_21_merged.mat,OF1,1,10509,10509,525.4000000000001,525.4000000000001
R004,VEH,T2_SD_VEH_,2026_06_21_merged.mat,OF1,4,10565,10565,528.2,528.2
R004,VEH,T2_SD_VEH_,2026_06_21_merged.mat,OF1,4,10566,10566,528.2500000000001,528.2500000000001
R004,VEH,T2_SD_VEH_,2026_06_21_merged.mat,OF1,4,10567,10567,528.3000000000001,528.3000000000001
R004,VEH,T2_SD_VEH_,2026_06_21_merged.mat,OF1,4,10568,10568,528.3500000000001,528.3500000000001
R004,VEH,T2_SD_VEH_,2026_06_21_merged.mat,OF1,4,10569,10569,528.4000000000001,528.4000000000001
R004,VEH,T2_SD_VEH_,2026_06_21_merged.mat,OF1,4,10570,10570,528.45,528.45
R004,VEH,T2_SD_VEH_,2026_06_21_merged.mat,OF1,4,10571,10571,528.5000000000001,528.5000000000001
R004,VEH,T2_SD_VEH_,2026_06_21_merged.mat,OF1,4,10572,10572,528.5500000000001,528.5500000000001
R004,VEH,T2_SD_VEH_,2026_06_21_merged.mat,OF1,4,10576,10576,528.7500000000001,528.7500000000001
R004,VEH,T2_SD_VEH_,2026_06_21_merged.mat,OF1,4,10577,10577,528.8000000000001,528.8000000000001
R004,VEH,T2_SD_VEH_,2026_06_21_merged.mat,OF1,4,10578,10578,528.8500000000001,528.8500000000001
R004,VEH,T2_SD_VEH_,2026_06_21_merged.mat,OF1,5,10620,10620,530.95,530.95
R004,VEH,T2_SD_VEH_,2026_06_21_merged.mat,OF1,3,10665,10665,533.2,533.2
R004,VEH,T2_SD_VEH_,2026_06_21_merged.mat,OF1,3,10666,10666,533.2500000000001,533.2500000000001
R004,VEH,T2_SD_VEH_,2026_06_21_merged.mat,OF1,3,10667,10667,533.3000000000001,533.3000000000001
R004,VEH,T2_SD_VEH_,2026_06_21_merged.mat,OF1,4,10694,10694,534.6500000000001,534.6500000000001
R004,VEH,T2_SD_VEH_,2026_06_21_merged.mat,OF1,4,10695,10695,534.7,534.7
R004,VEH,T2_SD_VEH_,2026_06_21_merged.mat,OF1,4,10696,10696,534.7500000000001,534.7500000000001
R004,VEH,T2_SD_VEH_,2026_06_21_merged.mat,OF1,4,10697,10697,534.8000000000001,534.8000000000001
R004,VEH,T2_SD_VEH_,2026_06_21_merged.mat,OF1,3,10740,10740,536.95,536.95
R004,VEH,T2_SD_VEH_,2026_06_21_merged.mat,OF1,4,10775,10775,538.7,538.7
R004,VEH,T2_SD_VEH_,2026_06_21_merged.mat,OF1,4,10779,10779,538.9000000000001,538.9000000000001
R004,VEH,T2_SD_VEH_,2026_06_21_merged.mat,OF1,4,10793,10793,539.6000000000001,539.6000000000001
R004,VEH,T2_SD_VEH_,2026_06_21_merged.mat,OF1,4,10798,10798,539.8500000000001,539.8500000000001
R004,VEH,T2_SD_VEH_,2026_06_21_merged.mat,OF1,4,10808,10808,540.3500000000001,540.3500000000001
R004,VEH,T2_SD_VEH_,2026_06_21_merged.mat,OF1,5,10868,10868,543.3500000000001,543.3500000000001
R004,VEH,T2_SD_VEH_,2026_06_21_merged.mat,OF1,5,10869,10869,543.4000000000001,543.4000000000001
R004,VEH,T2_SD_VEH_,2026_06_21_merged.mat,OF1,5,10870,10870,543.45,543.45
R004,VEH,T2_SD_VEH_,2026_06_21_merged.mat,OF1,5,10871,10871,543.5000000000001,543.5000000000001
R004,VEH,T2_SD_VEH_,2026_06_21_merged.mat,OF1,5,10880,10880,543.95,543.95
R004,VEH,T2_SD_VEH_,2026_06_21_merged.mat,OF1,5,10881,10881,544.0000000000001,544.0000000000001
R004,VEH,T2_SD_VEH_,2026_06_21_merged.mat,OF1,5,10882,10882,544.0500000000001,544.0500000000001
R004,VEH,T2_SD_VEH_,2026_06_21_merged.mat,OF1,5,10885,10885,544.2,544.2
R004,VEH,T2_SD_VEH_,2026_06_21_merged.mat,OF1,5,10886,10886,544.2500000000001,544.2500000000001
R004,VEH,T2_SD_VEH_,2026_06_21_merged.mat,OF1,1,10919,10919,545.9000000000001,545.9000000000001
R004,VEH,T2_SD_VEH_,2026_06_21_merged.mat,OF1,3,10935,10935,546.7,546.7
R004,VEH,T2_SD_VEH_,2026_06_21_merged.mat,OF1,3,10939,10939,546.9000000000001,546.9000000000001
R004,VEH,T2_SD_VEH_,2026_06_21_merged.mat,OF1,3,10979,10979,548.9000000000001,548.9000000000001
R004,VEH,T2_SD_VEH_,2026_06_21_merged.mat,OF1,3,10982,10982,549.0500000000001,549.0500000000001
R004,VEH,T2_SD_VEH_,2026_06_21_merged.mat,OF1,5,11028,11028,551.3500000000001,551.3500000000001
R004,VEH,T2_SD_VEH_,2026_06_21_merged.mat,OF1,5,11066,11066,553.2500000000001,553.2500000000001
R004,VEH,T2_SD_VEH_,2026_06_21_merged.mat,OF1,5,11067,11067,553.3000000000001,553.3000000000001
R004,VEH,T2_SD_VEH_,2026_06_21_merged.mat,OF1,5,11105,11105,555.2,555.2
R004,VEH,T2_SD_VEH_,2026_06_21_merged.mat,OF1,5,11106,11106,555.2500000000001,555.2500000000001
R004,VEH,T2_SD_VEH_,2026_06_21_merged.mat,OF1,5,11107,11107,555.3000000000001,555.3000000000001
R004,VEH,T2_SD_VEH_,2026_06_21_merged.mat,OF1,2,11143,11143,557.1000000000001,557.1000000000001
R004,VEH,T2_SD_VEH_,2026_06_21_merged.mat,OF1,3,11146,11146,557.2500000000001,557.2500000000001
R004,VEH,T2_SD_VEH_,2026_06_21_merged.mat,OF1,3,11147,11147,557.3000000000001,557.3000000000001
R004,VEH,T2_SD_VEH_,2026_06_21_merged.mat,OF1,3,11148,11148,557.3500000000001,557.3500000000001
R004,VEH,T2_SD_VEH_,2026_06_21_merged.mat,OF1,3,11150,11150,557.45,557.45
R004,VEH,T2_SD_VEH_,2026_06_21_merged.mat,OF1,3,11151,11151,557.5000000000001,557.5000000000001
R004,VEH,T2_SD_VEH_,2026_06_21_merged.mat,OF1,4,11166,11166,558.2500000000001,558.2500000000001
R004,VEH,T2_SD_VEH_,2026_06_21_merged.mat,OF1,3,11263,11263,563.1000000000001,563.1000000000001
R004,VEH,T2_SD_VEH_,2026_06_21_merged.mat,OF1,3,11264,11264,563.1500000000001,563.1500000000001
R004,VEH,T2_SD_VEH_,2026_06_21_merged.mat,OF1,6,11359,11359,567.9000000000001,567.9000000000001
R004,VEH,T2_SD_VEH_,2026_06_21_merged.mat,OF1,2,11406,11406,570.2500000000001,570.2500000000001
R004,VEH,T2_SD_VEH_,2026_06_21_merged.mat,OF1,1,11447,11447,572.3000000000001,572.3000000000001
R004,VEH,T2_SD_VEH_,2026_06_21_merged.mat,OF1,5,11449,11449,572.4000000000001,572.4000000000001
R004,VEH,T2_SD_VEH_,2026_06_21_merged.mat,OF1,5,11451,11451,572.5000000000001,572.5000000000001
R004,VEH,T2_SD_VEH_,2026_06_21_merged.mat,OF1,6,11473,11473,573.6000000000001,573.6000000000001
R004,VEH,T2_SD_VEH_,2026_06_21_merged.mat,OF1,6,11474,11474,573.6500000000001,573.6500000000001
R004,VEH,T2_SD_VEH_,2026_06_21_merged.mat,OF1,6,11475,11475,573.7,573.7
R004,VEH,T2_SD_VEH_,2026_06_21_merged.mat,OF1,5,11479,11479,573.9000000000001,573.9000000000001
R004,VEH,T2_SD_VEH_,2026_06_21_merged.mat,OF1,5,11480,11480,573.95,573.95
R004,VEH,T2_SD_VEH_,2026_06_21_merged.mat,OF1,5,11481,11481,574.0000000000001,574.0000000000001
R004,VEH,T2_SD_VEH_,2026_06_21_merged.mat,OF1,5,11482,11482,574.0500000000001,574.0500000000001
R004,VEH,T2_SD_VEH_,2026_06_21_merged.mat,OF1,6,11536,11536,576.7500000000001,576.7500000000001
R004,VEH,T2_SD_VEH_,2026_06_21_merged.mat,OF1,6,11537,11537,576.8000000000001,576.8000000000001
R004,VEH,T2_SD_VEH_,2026_06_21_merged.mat,OF1,6,11538,11538,576.8500000000001,576.8500000000001
R004,VEH,T2_SD_VEH_,2026_06_21_merged.mat,OF1,6,11539,11539,576.9000000000001,576.9000000000001
R004,VEH,T2_SD_VEH_,2026_06_21_merged.mat,OF1,6,11540,11540,576.95,576.95
R004,VEH,T2_SD_VEH_,2026_06_21_merged.mat,OF1,6,11541,11541,577.0000000000001,577.0000000000001
R004,VEH,T2_SD_VEH_,2026_06_21_merged.mat,OF1,2,11601,11601,580.0000000000001,580.0000000000001
R004,VEH,T2_SD_VEH_,2026_06_21_merged.mat,OF1,2,11602,11602,580.0500000000001,580.0500000000001
R004,VEH,T2_SD_VEH_,2026_06_21_merged.mat,OF1,2,11603,11603,580.1000000000001,580.1000000000001
R004,VEH,T2_SD_VEH_,2026_06_21_merged.mat,OF1,2,11605,11605,580.2,580.2
R004,VEH,T2_SD_VEH_,2026_06_21_merged.mat,OF1,2,11613,11613,580.6000000000001,580.6000000000001
R004,VEH,T2_SD_VEH_,2026_06_21_merged.mat,OF1,3,11619,11619,580.9000000000001,580.9000000000001
R004,VEH,T2_SD_VEH_,2026_06_21_merged.mat,OF1,1,11657,11657,582.8000000000001,582.8000000000001
R004,VEH,T2_SD_VEH_,2026_06_21_merged.mat,OF1,3,11711,11711,585.5000000000001,585.5000000000001
R004,VEH,T2_SD_VEH_,2026_06_21_merged.mat,OF1,3,11712,11712,585.5500000000001,585.5500000000001
R004,VEH,T2_SD_VEH_,2026_06_21_merged.mat,OF1,3,11713,11713,585.6000000000001,585.6000000000001
R004,VEH,T2_SD_VEH_,2026_06_21_merged.mat,OF1,2,11757,11757,587.8000000000001,587.8000000000001
R004,VEH,T2_SD_VEH_,2026_06_21_merged.mat,OF1,2,11758,11758,587.8500000000001,587.8500000000001
R004,VEH,T2_SD_VEH_,2026_06_21_merged.mat,OF1,2,11760,11760,587.95,587.95
R004,VEH,T2_SD_VEH_,2026_06_21_merged.mat,OF1,1,11781,11781,589.0000000000001,589.0000000000001
R004,VEH,T2_SD_VEH_,2026_06_21_merged.mat,OF1,3,11790,11790,589.45,589.45
R004,VEH,T2_SD_VEH_,2026_06_21_merged.mat,OF1,3,11801,11801,590.0000000000001,590.0000000000001
R004,VEH,T2_SD_VEH_,2026_06_21_merged.mat,OF1,1,11806,11806,590.2500000000001,590.2500000000001
R004,VEH,T2_SD_VEH_,2026_06_21_merged.mat,OF1,1,11807,11807,590.3000000000001,590.3000000000001
R004,VEH,T2_SD_VEH_,2026_06_21_merged.mat,OF1,3,11975,11975,598.7,598.7
R004,VEH,T2_SD_VEH_,2026_06_21_merged.mat,OF1,3,11976,11976,598.7500000000001,598.7500000000001
R004,VEH,T2_SD_VEH_,2026_06_21_merged.mat,OF1,2,11984,11984,599.1500000000001,599.1500000000001
R004,VEH,T2_SD_VEH_,2026_06_21_merged.mat,OF1,4,11985,11985,599.2,599.2
R004,VEH,T2_SD_VEH_,2026_06_21_merged.mat,OF1,4,11986,11986,599.2500000000001,599.2500000000001
R004,VEH,T2_SD_VEH_,2026_06_21_merged.mat,OF1,4,11987,11987,599.3000000000001,599.3000000000001
R004,VEH,T2_SD_VEH_,2026_06_21_merged.mat,OF1,4,11988,11988,599.3500000000001,599.3500000000001
R004,VEH,T2_SD_VEH_,2026_06_21_merged.mat,OF1,4,11989,11989,599.4000000000001,599.4000000000001
R004,VEH,T2_SD_VEH_,2026_06_21_merged.mat,OF1,4,11990,11990,599.45,599.45
R004,VEH,T2_SD_VEH_,2026_06_21_merged.mat,OF1,4,11991,11991,599.5000000000001,599.5000000000001
R004,VEH,T2_SD_VEH_,2026_06_21_merged.mat,OF1,4,11995,11995,599.7,599.7
R004,VEH,T2_SD_VEH_,2026_06_21_merged.mat,OF1,4,11996,11996,599.7500000000001,599.7500000000001
R004,VEH,T2_SD_VEH_,2026_06_21_merged.mat,OF1,4,12000,12000,599.95,599.95
R004,VEH,T2_SD_VEH_,2026_06_21_merged.mat,OF1,4,12019,12019,600.9000000000001,600.9000000000001
R004,VEH,T2_SD_VEH_,2026_06_21_merged.mat,OF1,4,12021,12021,601.0000000000001,601.0000000000001
R004,VEH,T2_SD_VEH_,2026_06_21_merged.mat,OF1,3,12022,12022,601.0500000000001,601.0500000000001
R004,VEH,T2_SD_VEH_,2026_06_21_merged.mat,OF1,3,12023,12023,601.1000000000001,601.1000000000001
R004,VEH,T2_SD_VEH_,2026_06_21_merged.mat,OF1,3,12024,12024,601.1500000000001,601.1500000000001
R004,VEH,T2_SD_VEH_,2026_06_21_merged.mat,OF1,3,12025,12025,601.2,601.2
R004,VEH,T2_SD_VEH_,2026_06_21_merged.mat,OF1,3,12026,12026,601.2500000000001,601.2500000000001
R004,VEH,T2_SD_VEH_,2026_06_21_merged.mat,OF1,2,12035,12035,601.7,601.7
R004,VEH,T2_SD_VEH_,2026_06_21_merged.mat,OF1,2,12036,12036,601.7500000000001,601.7500000000001
R004,VEH,T2_SD_VEH_,2026_06_21_merged.mat,OF1,2,12037,12037,601.8000000000001,601.8000000000001
R004,VEH,T2_SD_VEH_,2026_06_21_merged.mat,OF1,2,12038,12038,601.8500000000001,601.8500000000001
R004,VEH,T2_SD_VEH_,2026_06_21_merged.mat,OF1,2,12054,12054,602.6500000000001,602.6500000000001
R004,VEH,T2_SD_VEH_,2026_06_21_merged.mat,OF1,3,12068,12068,603.3500000000001,603.3500000000001
R004,VEH,T2_SD_VEH_,2026_06_21_merged.mat,OF1,4,12069,12069,603.4000000000001,603.4000000000001
R004,VEH,T2_SD_VEH_,2026_06_21_merged.mat,OF1,4,12070,12070,603.45,603.45
R004,VEH,T2_SD_VEH_,2026_06_21_merged.mat,OF1,4,12071,12071,603.5000000000001,603.5000000000001
R004,VEH,T2_SD_VEH_,2026_06_21_merged.mat,OF1,4,12072,12072,603.5500000000001,603.5500000000001
R004,VEH,T2_SD_VEH_,2026_06_21_merged.mat,OF1,4,12073,12073,603.6000000000001,603.6000000000001
R004,VEH,T2_SD_VEH_,2026_06_21_merged.mat,OF1,4,12074,12074,603.6500000000001,603.6500000000001
R004,VEH,T2_SD_VEH_,2026_06_21_merged.mat,OF1,3,12103,12103,605.1000000000001,605.1000000000001
R004,VEH,T2_SD_VEH_,2026_06_21_merged.mat,OF1,5,12110,12110,605.45,605.45
R004,VEH,T2_SD_VEH_,2026_06_21_merged.mat,OF1,5,12111,12111,605.5000000000001,605.5000000000001
R004,VEH,T2_SD_VEH_,2026_06_21_merged.mat,OF1,5,12117,12117,605.8000000000001,605.8000000000001
R004,VEH,T2_SD_VEH_,2026_06_21_merged.mat,OF1,5,12118,12118,605.8500000000001,605.8500000000001
R004,VEH,T2_SD_VEH_,2026_06_21_merged.mat,OF1,2,12173,12173,608.6000000000001,608.6000000000001
R004,VEH,T2_SD_VEH_,2026_06_21_merged.mat,OF1,3,12179,12179,608.9000000000001,608.9000000000001
R004,VEH,T2_SD_VEH_,2026_06_21_merged.mat,OF1,3,12180,12180,608.95,608.95
R004,VEH,T2_SD_VEH_,2026_06_21_merged.mat,OF1,3,12181,12181,609.0000000000001,609.0000000000001
R004,VEH,T2_SD_VEH_,2026_06_21_merged.mat,OF1,3,12182,12182,609.0500000000001,609.0500000000001
R004,VEH,T2_SD_VEH_,2026_06_21_merged.mat,OF1,3,12183,12183,609.1000000000001,609.1000000000001
R004,VEH,T2_SD_VEH_,2026_06_21_merged.mat,OF1,6,12189,12189,609.4000000000001,609.4000000000001
R004,VEH,T2_SD_VEH_,2026_06_21_merged.mat,OF1,5,12194,12194,609.6500000000001,609.6500000000001
R004,VEH,T2_SD_VEH_,2026_06_21_merged.mat,OF1,5,12195,12195,609.7,609.7
R004,VEH,T2_SD_VEH_,2026_06_21_merged.mat,OF1,6,12204,12204,610.1500000000001,610.1500000000001
R004,VEH,T2_SD_VEH_,2026_06_21_merged.mat,OF1,6,12205,12205,610.2,610.2
R004,VEH,T2_SD_VEH_,2026_06_21_merged.mat,OF1,6,12206,12206,610.2500000000001,610.2500000000001
R004,VEH,T2_SD_VEH_,2026_06_21_merged.mat,OF1,3,12218,12218,610.8500000000001,610.8500000000001
R004,VEH,T2_SD_VEH_,2026_06_21_merged.mat,OF1,3,12219,12219,610.9000000000001,610.9000000000001
R004,VEH,T2_SD_VEH_,2026_06_21_merged.mat,OF1,4,12220,12220,610.95,610.95
R004,VEH,T2_SD_VEH_,2026_06_21_merged.mat,OF1,4,12221,12221,611.0000000000001,611.0000000000001
R004,VEH,T2_SD_VEH_,2026_06_21_merged.mat,OF1,4,12222,12222,611.0500000000001,611.0500000000001
R004,VEH,T2_SD_VEH_,2026_06_21_merged.mat,OF1,4,12223,12223,611.1000000000001,611.1000000000001
R004,VEH,T2_SD_VEH_,2026_06_21_merged.mat,OF1,4,12224,12224,611.1500000000001,611.1500000000001
R004,VEH,T2_SD_VEH_,2026_06_21_merged.mat,OF1,2,12225,12225,611.2,611.2
R004,VEH,T2_SD_VEH_,2026_06_21_merged.mat,OF1,2,12226,12226,611.2500000000001,611.2500000000001
R004,VEH,T2_SD_VEH_,2026_06_21_merged.mat,OF1,2,12228,12228,611.3500000000001,611.3500000000001
R004,VEH,T2_SD_VEH_,2026_06_21_merged.mat,OF1,3,12240,12240,611.95,611.95
R004,VEH,T2_SD_VEH_,2026_06_21_merged.mat,OF1,3,12241,12241,612.0000000000001,612.0000000000001
R004,VEH,T2_SD_VEH_,2026_06_21_merged.mat,OF1,6,12250,12250,612.45,612.45
R004,VEH,T2_SD_VEH_,2026_06_21_merged.mat,OF1,6,12252,12252,612.5500000000001,612.5500000000001
R004,VEH,T2_SD_VEH_,2026_06_21_merged.mat,OF1,6,12253,12253,612.6000000000001,612.6000000000001
R004,VEH,T2_SD_VEH_,2026_06_21_merged.mat,OF1,6,12254,12254,612.6500000000001,612.6500000000001
R004,VEH,T2_SD_VEH_,2026_06_21_merged.mat,OF1,6,12256,12256,612.7500000000001,612.7500000000001
R004,VEH,T2_SD_VEH_,2026_06_21_merged.mat,OF1,6,12257,12257,612.8000000000001,612.8000000000001
R004,VEH,T2_SD_VEH_,2026_06_21_merged.mat,OF1,3,12263,12263,613.1000000000001,613.1000000000001
R004,VEH,T2_SD_VEH_,2026_06_21_merged.mat,OF1,3,12264,12264,613.1500000000001,613.1500000000001
R004,VEH,T2_SD_VEH_,2026_06_21_merged.mat,OF1,3,12313,12313,615.6000000000001,615.6000000000001
R004,VEH,T2_SD_VEH_,2026_06_21_merged.mat,OF1,3,12376,12376,618.7500000000001,618.7500000000001
R004,VEH,T2_SD_VEH_,2026_06_21_merged.mat,OF1,3,12377,12377,618.8000000000001,618.8000000000001
R004,VEH,T2_SD_VEH_,2026_06_21_merged.mat,OF1,3,12379,12379,618.9000000000001,618.9000000000001
R004,VEH,T2_SD_VEH_,2026_06_21_merged.mat,OF1,3,12380,12380,618.95,618.95
R004,VEH,T2_SD_VEH_,2026_06_21_merged.mat,OF1,5,12394,12394,619.6500000000001,619.6500000000001
R004,VEH,T2_SD_VEH_,2026_06_21_merged.mat,OF1,5,12395,12395,619.7,619.7
R004,VEH,T2_SD_VEH_,2026_06_21_merged.mat,OF1,2,12409,12409,620.4000000000001,620.4000000000001
R004,VEH,T2_SD_VEH_,2026_06_21_merged.mat,OF1,2,12420,12420,620.95,620.95
R004,VEH,T2_SD_VEH_,2026_06_21_merged.mat,OF1,5,12455,12455,622.7,622.7
R004,VEH,T2_SD_VEH_,2026_06_21_merged.mat,OF1,1,12483,12483,624.1000000000001,624.1000000000001
R004,VEH,T2_SD_VEH_,2026_06_21_merged.mat,OF1,1,12486,12486,624.2500000000001,624.2500000000001
R004,VEH,T2_SD_VEH_,2026_06_21_merged.mat,OF1,1,12487,12487,624.3000000000001,624.3000000000001
R004,VEH,T2_SD_VEH_,2026_06_21_merged.mat,OF1,4,12517,12517,625.8000000000001,625.8000000000001
R004,VEH,T2_SD_VEH_,2026_06_21_merged.mat,OF1,4,12518,12518,625.8500000000001,625.8500000000001
R004,VEH,T2_SD_VEH_,2026_06_21_merged.mat,OF1,3,12526,12526,626.2500000000001,626.2500000000001
R004,VEH,T2_SD_VEH_,2026_06_21_merged.mat,OF1,3,12527,12527,626.3000000000001,626.3000000000001
R004,VEH,T2_SD_VEH_,2026_06_21_merged.mat,OF1,3,12529,12529,626.4000000000001,626.4000000000001
R004,VEH,T2_SD_VEH_,2026_06_21_merged.mat,OF1,3,12531,12531,626.5000000000001,626.5000000000001
R004,VEH,T2_SD_VEH_,2026_06_21_merged.mat,OF1,3,12658,12658,632.8500000000001,632.8500000000001
R004,VEH,T2_SD_VEH_,2026_06_21_merged.mat,OF1,2,12673,12673,633.6000000000001,633.6000000000001
R004,VEH,T2_SD_VEH_,2026_06_21_merged.mat,OF1,2,12674,12674,633.6500000000001,633.6500000000001
R004,VEH,T2_SD_VEH_,2026_06_21_merged.mat,OF1,2,12675,12675,633.7,633.7
R004,VEH,T2_SD_VEH_,2026_06_21_merged.mat,OF1,2,12676,12676,633.7500000000001,633.7500000000001
R004,VEH,T2_SD_VEH_,2026_06_21_merged.mat,OF1,2,12677,12677,633.8000000000001,633.8000000000001
R004,VEH,T2_SD_VEH_,2026_06_21_merged.mat,OF1,1,12694,12694,634.6500000000001,634.6500000000001
R004,VEH,T2_SD_VEH_,2026_06_21_merged.mat,OF1,3,12754,12754,637.6500000000001,637.6500000000001
R004,VEH,T2_SD_VEH_,2026_06_21_merged.mat,OF1,3,12755,12755,637.7,637.7
R004,VEH,T2_SD_VEH_,2026_06_21_merged.mat,OF1,3,12758,12758,637.8500000000001,637.8500000000001
R004,VEH,T2_SD_VEH_,2026_06_21_merged.mat,OF1,3,12882,12882,644.0500000000001,644.0500000000001
R004,VEH,T2_SD_VEH_,2026_06_21_merged.mat,OF1,3,12883,12883,644.1000000000001,644.1000000000001
R004,VEH,T2_SD_VEH_,2026_06_21_merged.mat,OF1,1,12901,12901,645.0000000000001,645.0000000000001
R004,VEH,T2_SD_VEH_,2026_06_21_merged.mat,OF1,5,12907,12907,645.3000000000001,645.3000000000001
R004,VEH,T2_SD_VEH_,2026_06_21_merged.mat,OF1,5,12908,12908,645.3500000000001,645.3500000000001
R004,VEH,T2_SD_VEH_,2026_06_21_merged.mat,OF1,5,12921,12921,646.0000000000001,646.0000000000001
R004,VEH,T2_SD_VEH_,2026_06_21_merged.mat,OF1,5,12922,12922,646.0500000000001,646.0500000000001
R004,VEH,T2_SD_VEH_,2026_06_21_merged.mat,OF1,5,12925,12925,646.2,646.2
R004,VEH,T2_SD_VEH_,2026_06_21_merged.mat,OF1,2,12945,12945,647.2,647.2
R004,VEH,T2_SD_VEH_,2026_06_21_merged.mat,OF1,2,12948,12948,647.3500000000001,647.3500000000001
R004,VEH,T2_SD_VEH_,2026_06_21_merged.mat,OF1,2,12958,12958,647.8500000000001,647.8500000000001
R004,VEH,T2_SD_VEH_,2026_06_21_merged.mat,OF1,2,12959,12959,647.9000000000001,647.9000000000001
R004,VEH,T2_SD_VEH_,2026_06_21_merged.mat,OF1,2,12960,12960,647.95,647.95
R004,VEH,T2_SD_VEH_,2026_06_21_merged.mat,OF1,2,12961,12961,648.0000000000001,648.0000000000001
R004,VEH,T2_SD_VEH_,2026_06_21_merged.mat,OF1,2,12967,12967,648.3000000000001,648.3000000000001
R004,VEH,T2_SD_VEH_,2026_06_21_merged.mat,OF1,2,12968,12968,648.3500000000001,648.3500000000001
R004,VEH,T2_SD_VEH_,2026_06_21_merged.mat,OF1,2,12970,12970,648.45,648.45
R004,VEH,T2_SD_VEH_,2026_06_21_merged.mat,OF1,2,12979,12979,648.9000000000001,648.9000000000001
R004,VEH,T2_SD_VEH_,2026_06_21_merged.mat,OF1,2,12980,12980,648.95,648.95
R004,VEH,T2_SD_VEH_,2026_06_21_merged.mat,OF1,2,12981,12981,649.0000000000001,649.0000000000001
R004,VEH,T2_SD_VEH_,2026_06_21_merged.mat,SAMPLE,3,13002,3,0.1,650.0500000000001
R004,VEH,T2_SD_VEH_,2026_06_21_merged.mat,SAMPLE,1,13022,23,1.1,651.0500000000001
R004,VEH,T2_SD_VEH_,2026_06_21_merged.mat,SAMPLE,1,13104,105,5.2,655.1500000000001
R004,VEH,T2_SD_VEH_,2026_06_21_merged.mat,SAMPLE,1,13105,106,5.25,655.2
R004,VEH,T2_SD_VEH_,2026_06_21_merged.mat,SAMPLE,1,13106,107,5.300000000000001,655.25
R004,VEH,T2_SD_VEH_,2026_06_21_merged.mat,SAMPLE,6,13116,117,5.800000000000001,655.75
R004,VEH,T2_SD_VEH_,2026_06_21_merged.mat,SAMPLE,6,13122,123,6.1000000000000005,656.0500000000001
R004,VEH,T2_SD_VEH_,2026_06_21_merged.mat,SAMPLE,6,13123,124,6.15,656.1
R004,VEH,T2_SD_VEH_,2026_06_21_merged.mat,SAMPLE,1,13133,134,6.65,656.6
R004,VEH,T2_SD_VEH_,2026_06_21_merged.mat,SAMPLE,3,13135,136,6.75,656.7
R004,VEH,T2_SD_VEH_,2026_06_21_merged.mat,SAMPLE,3,13137,138,6.8500000000000005,656.8000000000001
R004,VEH,T2_SD_VEH_,2026_06_21_merged.mat,SAMPLE,3,13139,140,6.95,656.9000000000001
R004,VEH,T2_SD_VEH_,2026_06_21_merged.mat,SAMPLE,1,13198,199,9.9,659.85
R004,VEH,T2_SD_VEH_,2026_06_21_merged.mat,SAMPLE,3,13231,232,11.55,661.5
R004,VEH,T2_SD_VEH_,2026_06_21_merged.mat,SAMPLE,3,13232,233,11.600000000000001,661.5500000000001
R004,VEH,T2_SD_VEH_,2026_06_21_merged.mat,SAMPLE,3,13242,243,12.100000000000001,662.0500000000001
R004,VEH,T2_SD_VEH_,2026_06_21_merged.mat,SAMPLE,2,13255,256,12.75,662.7
R004,VEH,T2_SD_VEH_,2026_06_21_merged.mat,SAMPLE,1,13314,315,15.700000000000001,665.6500000000001
R004,VEH,T2_SD_VEH_,2026_06_21_merged.mat,SAMPLE,3,13484,485,24.200000000000003,674.1500000000001
R004,VEH,T2_SD_VEH_,2026_06_21_merged.mat,SAMPLE,3,13485,486,24.25,674.2
R004,VEH,T2_SD_VEH_,2026_06_21_merged.mat,SAMPLE,2,13509,510,25.450000000000003,675.4000000000001
R004,VEH,T2_SD_VEH_,2026_06_21_merged.mat,SAMPLE,5,13526,527,26.3,676.25
R004,VEH,T2_SD_VEH_,2026_06_21_merged.mat,SAMPLE,5,13530,531,26.5,676.45
R004,VEH,T2_SD_VEH_,2026_06_21_merged.mat,SAMPLE,3,13658,659,32.9,682.85
R004,VEH,T2_SD_VEH_,2026_06_21_merged.mat,SAMPLE,1,13666,667,33.300000000000004,683.25
R004,VEH,T2_SD_VEH_,2026_06_21_merged.mat,SAMPLE,1,13667,668,33.35,683.3000000000001
R004,VEH,T2_SD_VEH_,2026_06_21_merged.mat,SAMPLE,1,13677,678,33.85,683.8000000000001
R004,VEH,T2_SD_VEH_,2026_06_21_merged.mat,SAMPLE,1,13678,679,33.9,683.85
R004,VEH,T2_SD_VEH_,2026_06_21_merged.mat,SAMPLE,1,13765,766,38.25,688.2
R004,VEH,T2_SD_VEH_,2026_06_21_merged.mat,SAMPLE,4,13847,848,42.35,692.3000000000001
R004,VEH,T2_SD_VEH_,2026_06_21_merged.mat,SAMPLE,4,13848,849,42.400000000000006,692.35
R004,VEH,T2_SD_VEH_,2026_06_21_merged.mat,SAMPLE,4,13850,851,42.5,692.45
R004,VEH,T2_SD_VEH_,2026_06_21_merged.mat,SAMPLE,4,13851,852,42.550000000000004,692.5
R004,VEH,T2_SD_VEH_,2026_06_21_merged.mat,SAMPLE,4,13852,853,42.6,692.5500000000001
R004,VEH,T2_SD_VEH_,2026_06_21_merged.mat,SAMPLE,2,13955,956,47.75,697.7
R004,VEH,T2_SD_VEH_,2026_06_21_merged.mat,SAMPLE,1,13992,993,49.6,699.5500000000001
R004,VEH,T2_SD_VEH_,2026_06_21_merged.mat,SAMPLE,3,14098,1099,54.900000000000006,704.85
R004,VEH,T2_SD_VEH_,2026_06_21_merged.mat,SAMPLE,3,14161,1162,58.050000000000004,708.0
R004,VEH,T2_SD_VEH_,2026_06_21_merged.mat,SAMPLE,3,14226,1227,61.300000000000004,711.25
R004,VEH,T2_SD_VEH_,2026_06_21_merged.mat,SAMPLE,6,14242,1243,62.1,712.0500000000001
R004,VEH,T2_SD_VEH_,2026_06_21_merged.mat,SAMPLE,6,14244,1245,62.2,712.1500000000001
R004,VEH,T2_SD_VEH_,2026_06_21_merged.mat,SAMPLE,6,14246,1247,62.300000000000004,712.25
R004,VEH,T2_SD_VEH_,2026_06_21_merged.mat,SAMPLE,6,14247,1248,62.35,712.3000000000001
R004,VEH,T2_SD_VEH_,2026_06_21_merged.mat,SAMPLE,6,14256,1257,62.800000000000004,712.75
R004,VEH,T2_SD_VEH_,2026_06_21_merged.mat,SAMPLE,6,14258,1259,62.900000000000006,712.85
R004,VEH,T2_SD_VEH_,2026_06_21_merged.mat,SAMPLE,1,14297,1298,64.85000000000001,714.8000000000001
R004,VEH,T2_SD_VEH_,2026_06_21_merged.mat,SAMPLE,1,14298,1299,64.9,714.85
R004,VEH,T2_SD_VEH_,2026_06_21_merged.mat,SAMPLE,6,14309,1310,65.45,715.4000000000001
R004,VEH,T2_SD_VEH_,2026_06_21_merged.mat,SAMPLE,5,14380,1381,69.0,718.95
R004,VEH,T2_SD_VEH_,2026_06_21_merged.mat,SAMPLE,3,14400,1401,70.0,719.95
R004,VEH,T2_SD_VEH_,2026_06_21_merged.mat,SAMPLE,3,14431,1432,71.55,721.5
R004,VEH,T2_SD_VEH_,2026_06_21_merged.mat,SAMPLE,3,14432,1433,71.60000000000001,721.5500000000001
R004,VEH,T2_SD_VEH_,2026_06_21_merged.mat,SAMPLE,3,14433,1434,71.65,721.6
R004,VEH,T2_SD_VEH_,2026_06_21_merged.mat,SAMPLE,4,14443,1444,72.15,722.1
R004,VEH,T2_SD_VEH_,2026_06_21_merged.mat,SAMPLE,4,14444,1445,72.2,722.1500000000001
R004,VEH,T2_SD_VEH_,2026_06_21_merged.mat,SAMPLE,3,14593,1594,79.65,729.6
R004,VEH,T2_SD_VEH_,2026_06_21_merged.mat,SAMPLE,3,14594,1595,79.7,729.6500000000001
R004,VEH,T2_SD_VEH_,2026_06_21_merged.mat,SAMPLE,3,14595,1596,79.75,729.7
R004,VEH,T2_SD_VEH_,2026_06_21_merged.mat,SAMPLE,5,14612,1613,80.60000000000001,730.5500000000001
R004,VEH,T2_SD_VEH_,2026_06_21_merged.mat,SAMPLE,2,14657,1658,82.85000000000001,732.8000000000001
R004,VEH,T2_SD_VEH_,2026_06_21_merged.mat,SAMPLE,3,14740,1741,87.0,736.95
R004,VEH,T2_SD_VEH_,2026_06_21_merged.mat,SAMPLE,3,14741,1742,87.05000000000001,737.0
R004,VEH,T2_SD_VEH_,2026_06_21_merged.mat,SAMPLE,3,14744,1745,87.2,737.1500000000001
R004,VEH,T2_SD_VEH_,2026_06_21_merged.mat,SAMPLE,6,14746,1747,87.30000000000001,737.25
R004,VEH,T2_SD_VEH_,2026_06_21_merged.mat,SAMPLE,6,14748,1749,87.4,737.35
R004,VEH,T2_SD_VEH_,2026_06_21_merged.mat,SAMPLE,6,14750,1751,87.5,737.45
R004,VEH,T2_SD_VEH_,2026_06_21_merged.mat,SAMPLE,6,14754,1755,87.7,737.6500000000001
R004,VEH,T2_SD_VEH_,2026_06_21_merged.mat,SAMPLE,6,14756,1757,87.80000000000001,737.75
R004,VEH,T2_SD_VEH_,2026_06_21_merged.mat,SAMPLE,6,14758,1759,87.9,737.85
R004,VEH,T2_SD_VEH_,2026_06_21_merged.mat,SAMPLE,6,14777,1778,88.85000000000001,738.8000000000001
R004,VEH,T2_SD_VEH_,2026_06_21_merged.mat,SAMPLE,6,14778,1779,88.9,738.85
R004,VEH,T2_SD_VEH_,2026_06_21_merged.mat,SAMPLE,6,14779,1780,88.95,738.9000000000001
R004,VEH,T2_SD_VEH_,2026_06_21_merged.mat,SAMPLE,6,14780,1781,89.0,738.95
R004,VEH,T2_SD_VEH_,2026_06_21_merged.mat,SAMPLE,6,14789,1790,89.45,739.4000000000001
R004,VEH,T2_SD_VEH_,2026_06_21_merged.mat,SAMPLE,6,14790,1791,89.5,739.45
R004,VEH,T2_SD_VEH_,2026_06_21_merged.mat,SAMPLE,6,14791,1792,89.55000000000001,739.5
R004,VEH,T2_SD_VEH_,2026_06_21_merged.mat,SAMPLE,4,14792,1793,89.60000000000001,739.5500000000001
R004,VEH,T2_SD_VEH_,2026_06_21_merged.mat,SAMPLE,4,14800,1801,90.0,739.95
R004,VEH,T2_SD_VEH_,2026_06_21_merged.mat,SAMPLE,4,14801,1802,90.05000000000001,740.0
R004,VEH,T2_SD_VEH_,2026_06_21_merged.mat,SAMPLE,4,14802,1803,90.10000000000001,740.0500000000001
R004,VEH,T2_SD_VEH_,2026_06_21_merged.mat,SAMPLE,4,14803,1804,90.15,740.1
R004,VEH,T2_SD_VEH_,2026_06_21_merged.mat,SAMPLE,1,14833,1834,91.65,741.6
R004,VEH,T2_SD_VEH_,2026_06_21_merged.mat,SAMPLE,1,14834,1835,91.7,741.6500000000001
R004,VEH,T2_SD_VEH_,2026_06_21_merged.mat,SAMPLE,1,14871,1872,93.55000000000001,743.5
R004,VEH,T2_SD_VEH_,2026_06_21_merged.mat,SAMPLE,2,14926,1927,96.30000000000001,746.25
R004,VEH,T2_SD_VEH_,2026_06_21_merged.mat,SAMPLE,2,14927,1928,96.35000000000001,746.3000000000001
R004,VEH,T2_SD_VEH_,2026_06_21_merged.mat,SAMPLE,6,14933,1934,96.65,746.6
R004,VEH,T2_SD_VEH_,2026_06_21_merged.mat,SAMPLE,6,14934,1935,96.7,746.6500000000001
R004,VEH,T2_SD_VEH_,2026_06_21_merged.mat,SAMPLE,6,14935,1936,96.75,746.7
R004,VEH,T2_SD_VEH_,2026_06_21_merged.mat,SAMPLE,1,14976,1977,98.80000000000001,748.75
R004,VEH,T2_SD_VEH_,2026_06_21_merged.mat,SAMPLE,1,15021,2022,101.05000000000001,751.0
R004,VEH,T2_SD_VEH_,2026_06_21_merged.mat,SAMPLE,3,15025,2026,101.25,751.2
R004,VEH,T2_SD_VEH_,2026_06_21_merged.mat,SAMPLE,6,15042,2043,102.10000000000001,752.0500000000001
R004,VEH,T2_SD_VEH_,2026_06_21_merged.mat,SAMPLE,6,15044,2045,102.2,752.1500000000001
R004,VEH,T2_SD_VEH_,2026_06_21_merged.mat,SAMPLE,6,15046,2047,102.30000000000001,752.25
R004,VEH,T2_SD_VEH_,2026_06_21_merged.mat,SAMPLE,6,15047,2048,102.35000000000001,752.3000000000001
R004,VEH,T2_SD_VEH_,2026_06_21_merged.mat,SAMPLE,1,15088,2089,104.4,754.35
R004,VEH,T2_SD_VEH_,2026_06_21_merged.mat,SAMPLE,4,15107,2108,105.35000000000001,755.3000000000001
R004,VEH,T2_SD_VEH_,2026_06_21_merged.mat,SAMPLE,4,15109,2110,105.45,755.4000000000001
R004,VEH,T2_SD_VEH_,2026_06_21_merged.mat,SAMPLE,3,15116,2117,105.80000000000001,755.75
R004,VEH,T2_SD_VEH_,2026_06_21_merged.mat,SAMPLE,3,15117,2118,105.85000000000001,755.8000000000001
R004,VEH,T2_SD_VEH_,2026_06_21_merged.mat,SAMPLE,3,15118,2119,105.9,755.85
R004,VEH,T2_SD_VEH_,2026_06_21_merged.mat,SAMPLE,1,15140,2141,107.0,756.95
R004,VEH,T2_SD_VEH_,2026_06_21_merged.mat,SAMPLE,3,15143,2144,107.15,757.1
R004,VEH,T2_SD_VEH_,2026_06_21_merged.mat,SAMPLE,3,15144,2145,107.2,757.1500000000001
R004,VEH,T2_SD_VEH_,2026_06_21_merged.mat,SAMPLE,3,15146,2147,107.30000000000001,757.25
R004,VEH,T2_SD_VEH_,2026_06_21_merged.mat,SAMPLE,3,15147,2148,107.35000000000001,757.3000000000001
R004,VEH,T2_SD_VEH_,2026_06_21_merged.mat,SAMPLE,4,15171,2172,108.55000000000001,758.5
R004,VEH,T2_SD_VEH_,2026_06_21_merged.mat,SAMPLE,4,15172,2173,108.60000000000001,758.5500000000001
R004,VEH,T2_SD_VEH_,2026_06_21_merged.mat,SAMPLE,4,15173,2174,108.65,758.6
R004,VEH,T2_SD_VEH_,2026_06_21_merged.mat,SAMPLE,4,15174,2175,108.7,758.6500000000001
R004,VEH,T2_SD_VEH_,2026_06_21_merged.mat,SAMPLE,4,15175,2176,108.75,758.7
R004,VEH,T2_SD_VEH_,2026_06_21_merged.mat,SAMPLE,4,15181,2182,109.05000000000001,759.0
R004,VEH,T2_SD_VEH_,2026_06_21_merged.mat,SAMPLE,4,15182,2183,109.10000000000001,759.0500000000001
R004,VEH,T2_SD_VEH_,2026_06_21_merged.mat,SAMPLE,4,15183,2184,109.15,759.1
R004,VEH,T2_SD_VEH_,2026_06_21_merged.mat,SAMPLE,4,15184,2185,109.2,759.1500000000001
R004,VEH,T2_SD_VEH_,2026_06_21_merged.mat,SAMPLE,3,15190,2191,109.5,759.45
R004,VEH,T2_SD_VEH_,2026_06_21_merged.mat,SAMPLE,4,15205,2206,110.25,760.2
R004,VEH,T2_SD_VEH_,2026_06_21_merged.mat,SAMPLE,2,15224,2225,111.2,761.1500000000001
R004,VEH,T2_SD_VEH_,2026_06_21_merged.mat,SAMPLE,2,15225,2226,111.25,761.2
R004,VEH,T2_SD_VEH_,2026_06_21_merged.mat,SAMPLE,2,15267,2268,113.35000000000001,763.3000000000001
R004,VEH,T2_SD_VEH_,2026_06_21_merged.mat,SAMPLE,6,15307,2308,115.35000000000001,765.3000000000001
R004,VEH,T2_SD_VEH_,2026_06_21_merged.mat,SAMPLE,6,15308,2309,115.4,765.35
R004,VEH,T2_SD_VEH_,2026_06_21_merged.mat,SAMPLE,1,15311,2312,115.55000000000001,765.5
R004,VEH,T2_SD_VEH_,2026_06_21_merged.mat,SAMPLE,3,15330,2331,116.5,766.45
R004,VEH,T2_SD_VEH_,2026_06_21_merged.mat,SAMPLE,3,15331,2332,116.55000000000001,766.5
R004,VEH,T2_SD_VEH_,2026_06_21_merged.mat,SAMPLE,3,15332,2333,116.60000000000001,766.5500000000001
R004,VEH,T2_SD_VEH_,2026_06_21_merged.mat,SAMPLE,3,15333,2334,116.65,766.6
R004,VEH,T2_SD_VEH_,2026_06_21_merged.mat,SAMPLE,3,15334,2335,116.7,766.6500000000001
R004,VEH,T2_SD_VEH_,2026_06_21_merged.mat,SAMPLE,3,15335,2336,116.75,766.7
R004,VEH,T2_SD_VEH_,2026_06_21_merged.mat,SAMPLE,3,15336,2337,116.80000000000001,766.75
R004,VEH,T2_SD_VEH_,2026_06_21_merged.mat,SAMPLE,3,15403,2404,120.15,770.1
R004,VEH,T2_SD_VEH_,2026_06_21_merged.mat,SAMPLE,3,15404,2405,120.2,770.1500000000001
R004,VEH,T2_SD_VEH_,2026_06_21_merged.mat,SAMPLE,3,15405,2406,120.25,770.2
R004,VEH,T2_SD_VEH_,2026_06_21_merged.mat,SAMPLE,3,15406,2407,120.30000000000001,770.25
R004,VEH,T2_SD_VEH_,2026_06_21_merged.mat,SAMPLE,3,15407,2408,120.35000000000001,770.3000000000001
R004,VEH,T2_SD_VEH_,2026_06_21_merged.mat,SAMPLE,3,15408,2409,120.4,770.35
R004,VEH,T2_SD_VEH_,2026_06_21_merged.mat,SAMPLE,3,15409,2410,120.45,770.4000000000001
R004,VEH,T2_SD_VEH_,2026_06_21_merged.mat,SAMPLE,3,15544,2545,127.2,777.1500000000001
R004,VEH,T2_SD_VEH_,2026_06_21_merged.mat,SAMPLE,5,15647,2648,132.35,782.3000000000001
R004,VEH,T2_SD_VEH_,2026_06_21_merged.mat,SAMPLE,5,15648,2649,132.4,782.35
R004,VEH,T2_SD_VEH_,2026_06_21_merged.mat,SAMPLE,5,15681,2682,134.05,784.0
R004,VEH,T2_SD_VEH_,2026_06_21_merged.mat,SAMPLE,4,15751,2752,137.55,787.5
R004,VEH,T2_SD_VEH_,2026_06_21_merged.mat,SAMPLE,5,15783,2784,139.15,789.1
R004,VEH,T2_SD_VEH_,2026_06_21_merged.mat,SAMPLE,5,15848,2849,142.4,792.35
R004,VEH,T2_SD_VEH_,2026_06_21_merged.mat,SAMPLE,5,15849,2850,142.45000000000002,792.4000000000001
R004,VEH,T2_SD_VEH_,2026_06_21_merged.mat,SAMPLE,2,15882,2883,144.1,794.0500000000001
R004,VEH,T2_SD_VEH_,2026_06_21_merged.mat,SAMPLE,6,15935,2936,146.75,796.7
R004,VEH,T2_SD_VEH_,2026_06_21_merged.mat,SAMPLE,3,16192,3193,159.60000000000002,809.5500000000001
R004,VEH,T2_SD_VEH_,2026_06_21_merged.mat,SAMPLE,3,16193,3194,159.65,809.6
R004,VEH,T2_SD_VEH_,2026_06_21_merged.mat,SAMPLE,3,16195,3196,159.75,809.7
R004,VEH,T2_SD_VEH_,2026_06_21_merged.mat,SAMPLE,5,16197,3198,159.85000000000002,809.8000000000001
R004,VEH,T2_SD_VEH_,2026_06_21_merged.mat,SAMPLE,5,16206,3207,160.3,810.25
R004,VEH,T2_SD_VEH_,2026_06_21_merged.mat,SAMPLE,4,16233,3234,161.65,811.6
R004,VEH,T2_SD_VEH_,2026_06_21_merged.mat,SAMPLE,4,16234,3235,161.70000000000002,811.6500000000001
R004,VEH,T2_SD_VEH_,2026_06_21_merged.mat,SAMPLE,6,16253,3254,162.65,812.6
R004,VEH,T2_SD_VEH_,2026_06_21_merged.mat,SAMPLE,5,16355,3356,167.75,817.7
R004,VEH,T2_SD_VEH_,2026_06_21_merged.mat,SAMPLE,5,16356,3357,167.8,817.75
R004,VEH,T2_SD_VEH_,2026_06_21_merged.mat,SAMPLE,6,16358,3359,167.9,817.85
R004,VEH,T2_SD_VEH_,2026_06_21_merged.mat,SAMPLE,6,16359,3360,167.95000000000002,817.9000000000001
R004,VEH,T2_SD_VEH_,2026_06_21_merged.mat,SAMPLE,5,16441,3442,172.05,822.0
R004,VEH,T2_SD_VEH_,2026_06_21_merged.mat,SAMPLE,6,16449,3450,172.45000000000002,822.4000000000001
R004,VEH,T2_SD_VEH_,2026_06_21_merged.mat,SAMPLE,6,16476,3477,173.8,823.75
R004,VEH,T2_SD_VEH_,2026_06_21_merged.mat,SAMPLE,6,16477,3478,173.85000000000002,823.8000000000001
R004,VEH,T2_SD_VEH_,2026_06_21_merged.mat,SAMPLE,6,16478,3479,173.9,823.85
R004,VEH,T2_SD_VEH_,2026_06_21_merged.mat,SAMPLE,5,16506,3507,175.3,825.25
R004,VEH,T2_SD_VEH_,2026_06_21_merged.mat,SAMPLE,6,16511,3512,175.55,825.5
R004,VEH,T2_SD_VEH_,2026_06_21_merged.mat,SAMPLE,6,16512,3513,175.60000000000002,825.5500000000001
R004,VEH,T2_SD_VEH_,2026_06_21_merged.mat,SAMPLE,6,16513,3514,175.65,825.6
R004,VEH,T2_SD_VEH_,2026_06_21_merged.mat,SAMPLE,6,16515,3516,175.75,825.7
R004,VEH,T2_SD_VEH_,2026_06_21_merged.mat,SAMPLE,3,16520,3521,176.0,825.95
R004,VEH,T2_SD_VEH_,2026_06_21_merged.mat,SAMPLE,3,16542,3543,177.10000000000002,827.0500000000001
R004,VEH,T2_SD_VEH_,2026_06_21_merged.mat,SAMPLE,2,16561,3562,178.05,828.0
R004,VEH,T2_SD_VEH_,2026_06_21_merged.mat,SAMPLE,2,16562,3563,178.10000000000002,828.0500000000001
R004,VEH,T2_SD_VEH_,2026_06_21_merged.mat,SAMPLE,2,16563,3564,178.15,828.1
R004,VEH,T2_SD_VEH_,2026_06_21_merged.mat,SAMPLE,5,16637,3638,181.85000000000002,831.8000000000001
R004,VEH,T2_SD_VEH_,2026_06_21_merged.mat,SAMPLE,5,16638,3639,181.9,831.85
R004,VEH,T2_SD_VEH_,2026_06_21_merged.mat,SAMPLE,3,16639,3640,181.95000000000002,831.9000000000001
R004,VEH,T2_SD_VEH_,2026_06_21_merged.mat,SAMPLE,3,16640,3641,182.0,831.95
R004,VEH,T2_SD_VEH_,2026_06_21_merged.mat,SAMPLE,3,16641,3642,182.05,832.0
R004,VEH,T2_SD_VEH_,2026_06_21_merged.mat,SAMPLE,3,16642,3643,182.10000000000002,832.0500000000001
R004,VEH,T2_SD_VEH_,2026_06_21_merged.mat,SAMPLE,2,16667,3668,183.35000000000002,833.3000000000001
R004,VEH,T2_SD_VEH_,2026_06_21_merged.mat,SAMPLE,3,16703,3704,185.15,835.1
R004,VEH,T2_SD_VEH_,2026_06_21_merged.mat,SAMPLE,2,16712,3713,185.60000000000002,835.5500000000001
R004,VEH,T2_SD_VEH_,2026_06_21_merged.mat,SAMPLE,2,16713,3714,185.65,835.6
R004,VEH,T2_SD_VEH_,2026_06_21_merged.mat,SAMPLE,5,16729,3730,186.45000000000002,836.4000000000001
R004,VEH,T2_SD_VEH_,2026_06_21_merged.mat,SAMPLE,5,16730,3731,186.5,836.45
R004,VEH,T2_SD_VEH_,2026_06_21_merged.mat,SAMPLE,4,16759,3760,187.95000000000002,837.9000000000001
R004,VEH,T2_SD_VEH_,2026_06_21_merged.mat,SAMPLE,4,16761,3762,188.05,838.0
R004,VEH,T2_SD_VEH_,2026_06_21_merged.mat,SAMPLE,1,16835,3836,191.75,841.7
R004,VEH,T2_SD_VEH_,2026_06_21_merged.mat,SAMPLE,1,16836,3837,191.8,841.75
R004,VEH,T2_SD_VEH_,2026_06_21_merged.mat,SAMPLE,4,16847,3848,192.35000000000002,842.3000000000001
R004,VEH,T2_SD_VEH_,2026_06_21_merged.mat,SAMPLE,5,16923,3924,196.15,846.1
R004,VEH,T2_SD_VEH_,2026_06_21_merged.mat,SAMPLE,5,16928,3929,196.4,846.35
R004,VEH,T2_SD_VEH_,2026_06_21_merged.mat,SAMPLE,3,16966,3967,198.3,848.25
R004,VEH,T2_SD_VEH_,2026_06_21_merged.mat,SAMPLE,3,16967,3968,198.35000000000002,848.3000000000001
R004,VEH,T2_SD_VEH_,2026_06_21_merged.mat,SAMPLE,1,16978,3979,198.9,848.85
R004,VEH,T2_SD_VEH_,2026_06_21_merged.mat,SAMPLE,1,16979,3980,198.95000000000002,848.9000000000001
R004,VEH,T2_SD_VEH_,2026_06_21_merged.mat,SAMPLE,1,16980,3981,199.0,848.95
R004,VEH,T2_SD_VEH_,2026_06_21_merged.mat,SAMPLE,1,16998,3999,199.9,849.85
R004,VEH,T2_SD_VEH_,2026_06_21_merged.mat,SAMPLE,6,17072,4073,203.60000000000002,853.5500000000001
R004,VEH,T2_SD_VEH_,2026_06_21_merged.mat,SAMPLE,5,17086,4087,204.3,854.25
R004,VEH,T2_SD_VEH_,2026_06_21_merged.mat,SAMPLE,5,17087,4088,204.35000000000002,854.3000000000001
R004,VEH,T2_SD_VEH_,2026_06_21_merged.mat,SAMPLE,6,17142,4143,207.10000000000002,857.0500000000001
R004,VEH,T2_SD_VEH_,2026_06_21_merged.mat,SAMPLE,6,17144,4145,207.20000000000002,857.1500000000001
R004,VEH,T2_SD_VEH_,2026_06_21_merged.mat,SAMPLE,6,17145,4146,207.25,857.2
R004,VEH,T2_SD_VEH_,2026_06_21_merged.mat,SAMPLE,6,17146,4147,207.3,857.25
R004,VEH,T2_SD_VEH_,2026_06_21_merged.mat,SAMPLE,6,17147,4148,207.35000000000002,857.3000000000001
R004,VEH,T2_SD_VEH_,2026_06_21_merged.mat,SAMPLE,6,17148,4149,207.4,857.35
R004,VEH,T2_SD_VEH_,2026_06_21_merged.mat,SAMPLE,6,17153,4154,207.65,857.6
R004,VEH,T2_SD_VEH_,2026_06_21_merged.mat,SAMPLE,6,17155,4156,207.75,857.7
R004,VEH,T2_SD_VEH_,2026_06_21_merged.mat,SAMPLE,3,17178,4179,208.9,858.85
R004,VEH,T2_SD_VEH_,2026_06_21_merged.mat,SAMPLE,3,17179,4180,208.95000000000002,858.9000000000001
R004,VEH,T2_SD_VEH_,2026_06_21_merged.mat,SAMPLE,3,17180,4181,209.0,858.95
R004,VEH,T2_SD_VEH_,2026_06_21_merged.mat,SAMPLE,3,17182,4183,209.10000000000002,859.0500000000001
R004,VEH,T2_SD_VEH_,2026_06_21_merged.mat,SAMPLE,5,17304,4305,215.20000000000002,865.1500000000001
R004,VEH,T2_SD_VEH_,2026_06_21_merged.mat,SAMPLE,5,17305,4306,215.25,865.2
R004,VEH,T2_SD_VEH_,2026_06_21_merged.mat,SAMPLE,3,17343,4344,217.15,867.1
R004,VEH,T2_SD_VEH_,2026_06_21_merged.mat,SAMPLE,2,17374,4375,218.70000000000002,868.6500000000001
R004,VEH,T2_SD_VEH_,2026_06_21_merged.mat,SAMPLE,5,17376,4377,218.8,868.75
R004,VEH,T2_SD_VEH_,2026_06_21_merged.mat,SAMPLE,5,17387,4388,219.35000000000002,869.3000000000001
R004,VEH,T2_SD_VEH_,2026_06_21_merged.mat,SAMPLE,5,17398,4399,219.9,869.85
R004,VEH,T2_SD_VEH_,2026_06_21_merged.mat,SAMPLE,5,17410,4411,220.5,870.45
R004,VEH,T2_SD_VEH_,2026_06_21_merged.mat,SAMPLE,3,17414,4415,220.70000000000002,870.6500000000001
R004,VEH,T2_SD_VEH_,2026_06_21_merged.mat,SAMPLE,3,17415,4416,220.75,870.7
R004,VEH,T2_SD_VEH_,2026_06_21_merged.mat,SAMPLE,3,17416,4417,220.8,870.75
R004,VEH,T2_SD_VEH_,2026_06_21_merged.mat,SAMPLE,3,17417,4418,220.85000000000002,870.8000000000001
R004,VEH,T2_SD_VEH_,2026_06_21_merged.mat,SAMPLE,5,17432,4433,221.60000000000002,871.5500000000001
R004,VEH,T2_SD_VEH_,2026_06_21_merged.mat,SAMPLE,2,17437,4438,221.85000000000002,871.8000000000001
R004,VEH,T2_SD_VEH_,2026_06_21_merged.mat,SAMPLE,2,17438,4439,221.9,871.85
R004,VEH,T2_SD_VEH_,2026_06_21_merged.mat,SAMPLE,5,17460,4461,223.0,872.95
R004,VEH,T2_SD_VEH_,2026_06_21_merged.mat,SAMPLE,5,17461,4462,223.05,873.0
R004,VEH,T2_SD_VEH_,2026_06_21_merged.mat,SAMPLE,3,17472,4473,223.60000000000002,873.5500000000001
R004,VEH,T2_SD_VEH_,2026_06_21_merged.mat,SAMPLE,3,17474,4475,223.70000000000002,873.6500000000001
R004,VEH,T2_SD_VEH_,2026_06_21_merged.mat,SAMPLE,3,17475,4476,223.75,873.7
R004,VEH,T2_SD_VEH_,2026_06_21_merged.mat,SAMPLE,5,17477,4478,223.85000000000002,873.8000000000001
R004,VEH,T2_SD_VEH_,2026_06_21_merged.mat,SAMPLE,3,17502,4503,225.10000000000002,875.0500000000001
R004,VEH,T2_SD_VEH_,2026_06_21_merged.mat,SAMPLE,3,17503,4504,225.15,875.1
R004,VEH,T2_SD_VEH_,2026_06_21_merged.mat,SAMPLE,3,17504,4505,225.20000000000002,875.1500000000001
R004,VEH,T2_SD_VEH_,2026_06_21_merged.mat,SAMPLE,6,17520,4521,226.0,875.95
R004,VEH,T2_SD_VEH_,2026_06_21_merged.mat,SAMPLE,5,17595,4596,229.75,879.7
R004,VEH,T2_SD_VEH_,2026_06_21_merged.mat,SAMPLE,5,17596,4597,229.8,879.75
R004,VEH,T2_SD_VEH_,2026_06_21_merged.mat,SAMPLE,1,17623,4624,231.15,881.1
R004,VEH,T2_SD_VEH_,2026_06_21_merged.mat,SAMPLE,1,17624,4625,231.20000000000002,881.1500000000001
R004,VEH,T2_SD_VEH_,2026_06_21_merged.mat,SAMPLE,1,17629,4630,231.45000000000002,881.4000000000001
R004,VEH,T2_SD_VEH_,2026_06_21_merged.mat,SAMPLE,1,17630,4631,231.5,881.45
R004,VEH,T2_SD_VEH_,2026_06_21_merged.mat,SAMPLE,1,17631,4632,231.55,881.5
R004,VEH,T2_SD_VEH_,2026_06_21_merged.mat,SAMPLE,1,17633,4634,231.65,881.6
R004,VEH,T2_SD_VEH_,2026_06_21_merged.mat,SAMPLE,1,17634,4635,231.70000000000002,881.6500000000001
R004,VEH,T2_SD_VEH_,2026_06_21_merged.mat,SAMPLE,1,17643,4644,232.15,882.1
R004,VEH,T2_SD_VEH_,2026_06_21_merged.mat,SAMPLE,1,17644,4645,232.20000000000002,882.1500000000001
R004,VEH,T2_SD_VEH_,2026_06_21_merged.mat,SAMPLE,1,17645,4646,232.25,882.2
R004,VEH,T2_SD_VEH_,2026_06_21_merged.mat,SAMPLE,1,17646,4647,232.3,882.25
R004,VEH,T2_SD_VEH_,2026_06_21_merged.mat,SAMPLE,1,17647,4648,232.35000000000002,882.3000000000001
R004,VEH,T2_SD_VEH_,2026_06_21_merged.mat,SAMPLE,3,17663,4664,233.15,883.1
R004,VEH,T2_SD_VEH_,2026_06_21_merged.mat,SAMPLE,3,17664,4665,233.20000000000002,883.1500000000001
R004,VEH,T2_SD_VEH_,2026_06_21_merged.mat,SAMPLE,3,17665,4666,233.25,883.2
R004,VEH,T2_SD_VEH_,2026_06_21_merged.mat,SAMPLE,3,17686,4687,234.3,884.25
R004,VEH,T2_SD_VEH_,2026_06_21_merged.mat,SAMPLE,2,17704,4705,235.20000000000002,885.1500000000001
R004,VEH,T2_SD_VEH_,2026_06_21_merged.mat,SAMPLE,2,17705,4706,235.25,885.2
R004,VEH,T2_SD_VEH_,2026_06_21_merged.mat,SAMPLE,2,17706,4707,235.3,885.25
R004,VEH,T2_SD_VEH_,2026_06_21_merged.mat,SAMPLE,2,17707,4708,235.35000000000002,885.3000000000001
R004,VEH,T2_SD_VEH_,2026_06_21_merged.mat,SAMPLE,6,17740,4741,237.0,886.95
R004,VEH,T2_SD_VEH_,2026_06_21_merged.mat,SAMPLE,2,17755,4756,237.75,887.7
R004,VEH,T2_SD_VEH_,2026_06_21_merged.mat,SAMPLE,2,17756,4757,237.8,887.75
R004,VEH,T2_SD_VEH_,2026_06_21_merged.mat,SAMPLE,1,17788,4789,239.4,889.35
R004,VEH,T2_SD_VEH_,2026_06_21_merged.mat,SAMPLE,3,17796,4797,239.8,889.75
R004,VEH,T2_SD_VEH_,2026_06_21_merged.mat,SAMPLE,3,17837,4838,241.85000000000002,891.8000000000001
R004,VEH,T2_SD_VEH_,2026_06_21_merged.mat,SAMPLE,3,17838,4839,241.9,891.85
R004,VEH,T2_SD_VEH_,2026_06_21_merged.mat,SAMPLE,3,17839,4840,241.95000000000002,891.9000000000001
R004,VEH,T2_SD_VEH_,2026_06_21_merged.mat,SAMPLE,6,17978,4979,248.9,898.85
R004,VEH,T2_SD_VEH_,2026_06_21_merged.mat,SAMPLE,6,17979,4980,248.95000000000002,898.9000000000001
R004,VEH,T2_SD_VEH_,2026_06_21_merged.mat,SAMPLE,5,18017,5018,250.85000000000002,900.8000000000001
R004,VEH,T2_SD_VEH_,2026_06_21_merged.mat,SAMPLE,5,18045,5046,252.25,902.2
R004,VEH,T2_SD_VEH_,2026_06_21_merged.mat,SAMPLE,5,18047,5048,252.35000000000002,902.3000000000001
R004,VEH,T2_SD_VEH_,2026_06_21_merged.mat,SAMPLE,3,18093,5094,254.65,904.6
R004,VEH,T2_SD_VEH_,2026_06_21_merged.mat,SAMPLE,3,18094,5095,254.70000000000002,904.6500000000001
R004,VEH,T2_SD_VEH_,2026_06_21_merged.mat,SAMPLE,4,18099,5100,254.95000000000002,904.9000000000001
R004,VEH,T2_SD_VEH_,2026_06_21_merged.mat,SAMPLE,4,18100,5101,255.0,904.95
R004,VEH,T2_SD_VEH_,2026_06_21_merged.mat,SAMPLE,4,18101,5102,255.05,905.0
R004,VEH,T2_SD_VEH_,2026_06_21_merged.mat,SAMPLE,4,18104,5105,255.20000000000002,905.1500000000001
R004,VEH,T2_SD_VEH_,2026_06_21_merged.mat,SAMPLE,5,18119,5120,255.95000000000002,905.9000000000001
R004,VEH,T2_SD_VEH_,2026_06_21_merged.mat,SAMPLE,2,18178,5179,258.90000000000003,908.8500000000001
R004,VEH,T2_SD_VEH_,2026_06_21_merged.mat,SAMPLE,2,18279,5280,263.95,913.9000000000001
R004,VEH,T2_SD_VEH_,2026_06_21_merged.mat,SAMPLE,2,18280,5281,264.0,913.95
R004,VEH,T2_SD_VEH_,2026_06_21_merged.mat,SAMPLE,2,18281,5282,264.05,914.0
R004,VEH,T2_SD_VEH_,2026_06_21_merged.mat,SAMPLE,2,18296,5297,264.8,914.75
R004,VEH,T2_SD_VEH_,2026_06_21_merged.mat,SAMPLE,3,18325,5326,266.25,916.2
R004,VEH,T2_SD_VEH_,2026_06_21_merged.mat,SAMPLE,5,18355,5356,267.75,917.7
R004,VEH,T2_SD_VEH_,2026_06_21_merged.mat,SAMPLE,4,18373,5374,268.65000000000003,918.6000000000001
R004,VEH,T2_SD_VEH_,2026_06_21_merged.mat,SAMPLE,4,18374,5375,268.7,918.6500000000001
R004,VEH,T2_SD_VEH_,2026_06_21_merged.mat,SAMPLE,4,18375,5376,268.75,918.7
R004,VEH,T2_SD_VEH_,2026_06_21_merged.mat,SAMPLE,4,18376,5377,268.8,918.75
R004,VEH,T2_SD_VEH_,2026_06_21_merged.mat,SAMPLE,5,18378,5379,268.90000000000003,918.8500000000001
R004,VEH,T2_SD_VEH_,2026_06_21_merged.mat,SAMPLE,5,18380,5381,269.0,918.95
R004,VEH,T2_SD_VEH_,2026_06_21_merged.mat,SAMPLE,1,18395,5396,269.75,919.7
R004,VEH,T2_SD_VEH_,2026_06_21_merged.mat,SAMPLE,3,18412,5413,270.6,920.5500000000001
R004,VEH,T2_SD_VEH_,2026_06_21_merged.mat,SAMPLE,6,18416,5417,270.8,920.75
R004,VEH,T2_SD_VEH_,2026_06_21_merged.mat,SAMPLE,6,18426,5427,271.3,921.25
R004,VEH,T2_SD_VEH_,2026_06_21_merged.mat,SAMPLE,6,18434,5435,271.7,921.6500000000001
R004,VEH,T2_SD_VEH_,2026_06_21_merged.mat,SAMPLE,5,18439,5440,271.95,921.9000000000001
R004,VEH,T2_SD_VEH_,2026_06_21_merged.mat,SAMPLE,5,18440,5441,272.0,921.95
R004,VEH,T2_SD_VEH_,2026_06_21_merged.mat,SAMPLE,5,18441,5442,272.05,922.0
R004,VEH,T2_SD_VEH_,2026_06_21_merged.mat,SAMPLE,1,18444,5445,272.2,922.1500000000001
R004,VEH,T2_SD_VEH_,2026_06_21_merged.mat,SAMPLE,1,18445,5446,272.25,922.2
R004,VEH,T2_SD_VEH_,2026_06_21_merged.mat,SAMPLE,4,18454,5455,272.7,922.6500000000001
R004,VEH,T2_SD_VEH_,2026_06_21_merged.mat,SAMPLE,3,18472,5473,273.6,923.5500000000001
R004,VEH,T2_SD_VEH_,2026_06_21_merged.mat,SAMPLE,3,18473,5474,273.65000000000003,923.6000000000001
R004,VEH,T2_SD_VEH_,2026_06_21_merged.mat,SAMPLE,3,18474,5475,273.7,923.6500000000001
R004,VEH,T2_SD_VEH_,2026_06_21_merged.mat,SAMPLE,3,18475,5476,273.75,923.7
R004,VEH,T2_SD_VEH_,2026_06_21_merged.mat,SAMPLE,3,18476,5477,273.8,923.75
R004,VEH,T2_SD_VEH_,2026_06_21_merged.mat,SAMPLE,3,18502,5503,275.1,925.0500000000001
R004,VEH,T2_SD_VEH_,2026_06_21_merged.mat,SAMPLE,3,18535,5536,276.75,926.7
R004,VEH,T2_SD_VEH_,2026_06_21_merged.mat,SAMPLE,1,18557,5558,277.85,927.8000000000001
R004,VEH,T2_SD_VEH_,2026_06_21_merged.mat,SAMPLE,5,18559,5560,277.95,927.9000000000001
R004,VEH,T2_SD_VEH_,2026_06_21_merged.mat,SAMPLE,3,18629,5630,281.45,931.4000000000001
R004,VEH,T2_SD_VEH_,2026_06_21_merged.mat,SAMPLE,3,18630,5631,281.5,931.45
R004,VEH,T2_SD_VEH_,2026_06_21_merged.mat,SAMPLE,3,18631,5632,281.55,931.5
R004,VEH,T2_SD_VEH_,2026_06_21_merged.mat,SAMPLE,4,18647,5648,282.35,932.3000000000001
R004,VEH,T2_SD_VEH_,2026_06_21_merged.mat,SAMPLE,4,18648,5649,282.40000000000003,932.3500000000001
R004,VEH,T2_SD_VEH_,2026_06_21_merged.mat,SAMPLE,4,18649,5650,282.45,932.4000000000001
R004,VEH,T2_SD_VEH_,2026_06_21_merged.mat,SAMPLE,4,18650,5651,282.5,932.45
R004,VEH,T2_SD_VEH_,2026_06_21_merged.mat,SAMPLE,4,18651,5652,282.55,932.5
R004,VEH,T2_SD_VEH_,2026_06_21_merged.mat,SAMPLE,4,18652,5653,282.6,932.5500000000001
R004,VEH,T2_SD_VEH_,2026_06_21_merged.mat,SAMPLE,4,18653,5654,282.65000000000003,932.6000000000001
R004,VEH,T2_SD_VEH_,2026_06_21_merged.mat,SAMPLE,1,18691,5692,284.55,934.5
R004,VEH,T2_SD_VEH_,2026_06_21_merged.mat,SAMPLE,3,18722,5723,286.1,936.0500000000001
R004,VEH,T2_SD_VEH_,2026_06_21_merged.mat,SAMPLE,3,18723,5724,286.15000000000003,936.1000000000001
R004,VEH,T2_SD_VEH_,2026_06_21_merged.mat,SAMPLE,2,18734,5735,286.7,936.6500000000001
R004,VEH,T2_SD_VEH_,2026_06_21_merged.mat,SAMPLE,2,18738,5739,286.90000000000003,936.8500000000001
R004,VEH,T2_SD_VEH_,2026_06_21_merged.mat,SAMPLE,2,18868,5869,293.40000000000003,943.3500000000001
R004,VEH,T2_SD_VEH_,2026_06_21_merged.mat,SAMPLE,2,18869,5870,293.45,943.4000000000001
R004,VEH,T2_SD_VEH_,2026_06_21_merged.mat,SAMPLE,3,18901,5902,295.05,945.0
R004,VEH,T2_SD_VEH_,2026_06_21_merged.mat,SAMPLE,4,18902,5903,295.1,945.0500000000001
R004,VEH,T2_SD_VEH_,2026_06_21_merged.mat,SAMPLE,4,18903,5904,295.15000000000003,945.1000000000001
R004,VEH,T2_SD_VEH_,2026_06_21_merged.mat,SAMPLE,4,18904,5905,295.2,945.1500000000001
R004,VEH,T2_SD_VEH_,2026_06_21_merged.mat,SAMPLE,4,18905,5906,295.25,945.2
R004,VEH,T2_SD_VEH_,2026_06_21_merged.mat,SAMPLE,4,18906,5907,295.3,945.25
R004,VEH,T2_SD_VEH_,2026_06_21_merged.mat,SAMPLE,4,18907,5908,295.35,945.3000000000001
R004,VEH,T2_SD_VEH_,2026_06_21_merged.mat,SAMPLE,3,18944,5945,297.2,947.1500000000001
R004,VEH,T2_SD_VEH_,2026_06_21_merged.mat,SAMPLE,3,18945,5946,297.25,947.2
R004,VEH,T2_SD_VEH_,2026_06_21_merged.mat,SAMPLE,3,18946,5947,297.3,947.25
R004,VEH,T2_SD_VEH_,2026_06_21_merged.mat,SAMPLE,3,18947,5948,297.35,947.3000000000001
R004,VEH,T2_SD_VEH_,2026_06_21_merged.mat,SAMPLE,3,18948,5949,297.40000000000003,947.3500000000001
R004,VEH,T2_SD_VEH_,2026_06_21_merged.mat,SAMPLE,5,19049,6050,302.45,952.4000000000001
R004,VEH,T2_SD_VEH_,2026_06_21_merged.mat,SAMPLE,5,19050,6051,302.5,952.45
R004,VEH,T2_SD_VEH_,2026_06_21_merged.mat,SAMPLE,5,19051,6052,302.55,952.5
R004,VEH,T2_SD_VEH_,2026_06_21_merged.mat,SAMPLE,1,19129,6130,306.45,956.4000000000001
R004,VEH,T2_SD_VEH_,2026_06_21_merged.mat,SAMPLE,1,19130,6131,306.5,956.45
R004,VEH,T2_SD_VEH_,2026_06_21_merged.mat,SAMPLE,3,19133,6134,306.65000000000003,956.6000000000001
R004,VEH,T2_SD_VEH_,2026_06_21_merged.mat,SAMPLE,3,19134,6135,306.7,956.6500000000001
R004,VEH,T2_SD_VEH_,2026_06_21_merged.mat,SAMPLE,3,19135,6136,306.75,956.7
R004,VEH,T2_SD_VEH_,2026_06_21_merged.mat,SAMPLE,3,19136,6137,306.8,956.75
R004,VEH,T2_SD_VEH_,2026_06_21_merged.mat,SAMPLE,2,19140,6141,307.0,956.95
R004,VEH,T2_SD_VEH_,2026_06_21_merged.mat,SAMPLE,4,19174,6175,308.70000000000005,958.6500000000001
R004,VEH,T2_SD_VEH_,2026_06_21_merged.mat,SAMPLE,4,19175,6176,308.75,958.7
R004,VEH,T2_SD_VEH_,2026_06_21_merged.mat,SAMPLE,4,19176,6177,308.8,958.75
R004,VEH,T2_SD_VEH_,2026_06_21_merged.mat,SAMPLE,4,19177,6178,308.85,958.8000000000001
R004,VEH,T2_SD_VEH_,2026_06_21_merged.mat,SAMPLE,4,19180,6181,309.0,958.95
R004,VEH,T2_SD_VEH_,2026_06_21_merged.mat,SAMPLE,4,19181,6182,309.05,959.0
R004,VEH,T2_SD_VEH_,2026_06_21_merged.mat,SAMPLE,4,19182,6183,309.1,959.0500000000001
R004,VEH,T2_SD_VEH_,2026_06_21_merged.mat,SAMPLE,4,19183,6184,309.15000000000003,959.1000000000001
R004,VEH,T2_SD_VEH_,2026_06_21_merged.mat,SAMPLE,4,19184,6185,309.20000000000005,959.1500000000001
R004,VEH,T2_SD_VEH_,2026_06_21_merged.mat,SAMPLE,3,19229,6230,311.45000000000005,961.4000000000001
R004,VEH,T2_SD_VEH_,2026_06_21_merged.mat,SAMPLE,3,19230,6231,311.5,961.45
R004,VEH,T2_SD_VEH_,2026_06_21_merged.mat,SAMPLE,1,19233,6234,311.65000000000003,961.6000000000001
R004,VEH,T2_SD_VEH_,2026_06_21_merged.mat,SAMPLE,1,19252,6253,312.6,962.5500000000001
R004,VEH,T2_SD_VEH_,2026_06_21_merged.mat,SAMPLE,1,19253,6254,312.65000000000003,962.6000000000001
R004,VEH,T2_SD_VEH_,2026_06_21_merged.mat,SAMPLE,1,19264,6265,313.20000000000005,963.1500000000001
R004,VEH,T2_SD_VEH_,2026_06_21_merged.mat,SAMPLE,1,19265,6266,313.25,963.2
R004,VEH,T2_SD_VEH_,2026_06_21_merged.mat,SAMPLE,3,19276,6277,313.8,963.75
R004,VEH,T2_SD_VEH_,2026_06_21_merged.mat,SAMPLE,3,19277,6278,313.85,963.8000000000001
R004,VEH,T2_SD_VEH_,2026_06_21_merged.mat,SAMPLE,3,19370,6371,318.5,968.45
R004,VEH,T2_SD_VEH_,2026_06_21_merged.mat,SAMPLE,3,19371,6372,318.55,968.5
R004,VEH,T2_SD_VEH_,2026_06_21_merged.mat,SAMPLE,3,19372,6373,318.6,968.5500000000001
R004,VEH,T2_SD_VEH_,2026_06_21_merged.mat,SAMPLE,3,19373,6374,318.65000000000003,968.6000000000001
R004,VEH,T2_SD_VEH_,2026_06_21_merged.mat,SAMPLE,1,19379,6380,318.95000000000005,968.9000000000001
R004,VEH,T2_SD_VEH_,2026_06_21_merged.mat,SAMPLE,1,19381,6382,319.05,969.0
R004,VEH,T2_SD_VEH_,2026_06_21_merged.mat,SAMPLE,1,19382,6383,319.1,969.0500000000001
R004,VEH,T2_SD_VEH_,2026_06_21_merged.mat,SAMPLE,1,19386,6387,319.3,969.25
R004,VEH,T2_SD_VEH_,2026_06_21_merged.mat,SAMPLE,1,19387,6388,319.35,969.3000000000001
R004,VEH,T2_SD_VEH_,2026_06_21_merged.mat,SAMPLE,3,19510,6511,325.50000000000006,975.45
R004,VEH,T2_SD_VEH_,2026_06_21_merged.mat,SAMPLE,3,19512,6513,325.6000000000001,975.5500000000002
R004,VEH,T2_SD_VEH_,2026_06_21_merged.mat,SAMPLE,1,19520,6521,326.00000000000006,975.95
R004,VEH,T2_SD_VEH_,2026_06_21_merged.mat,SAMPLE,3,19535,6536,326.75000000000006,976.7
R004,VEH,T2_SD_VEH_,2026_06_21_merged.mat,SAMPLE,3,19536,6537,326.80000000000007,976.7500000000001
R004,VEH,T2_SD_VEH_,2026_06_21_merged.mat,SAMPLE,3,19548,6549,327.4000000000001,977.3500000000001
R004,VEH,T2_SD_VEH_,2026_06_21_merged.mat,SAMPLE,4,19556,6557,327.80000000000007,977.7500000000001
R004,VEH,T2_SD_VEH_,2026_06_21_merged.mat,SAMPLE,4,19557,6558,327.8500000000001,977.8000000000002
R004,VEH,T2_SD_VEH_,2026_06_21_merged.mat,SAMPLE,4,19558,6559,327.9000000000001,977.8500000000001
R004,VEH,T2_SD_VEH_,2026_06_21_merged.mat,SAMPLE,4,19559,6560,327.95000000000005,977.9000000000001
R004,VEH,T2_SD_VEH_,2026_06_21_merged.mat,SAMPLE,4,19560,6561,328.00000000000006,977.95
R004,VEH,T2_SD_VEH_,2026_06_21_merged.mat,SAMPLE,2,19561,6562,328.05000000000007,978.0000000000001
R004,VEH,T2_SD_VEH_,2026_06_21_merged.mat,SAMPLE,3,19568,6569,328.4000000000001,978.3500000000001
R004,VEH,T2_SD_VEH_,2026_06_21_merged.mat,SAMPLE,3,19569,6570,328.45000000000005,978.4000000000001
R004,VEH,T2_SD_VEH_,2026_06_21_merged.mat,SAMPLE,3,19570,6571,328.50000000000006,978.45
R004,VEH,T2_SD_VEH_,2026_06_21_merged.mat,SAMPLE,2,19571,6572,328.55000000000007,978.5000000000001
R004,VEH,T2_SD_VEH_,2026_06_21_merged.mat,SAMPLE,2,19572,6573,328.6000000000001,978.5500000000002
R004,VEH,T2_SD_VEH_,2026_06_21_merged.mat,SAMPLE,2,19573,6574,328.6500000000001,978.6000000000001
R004,VEH,T2_SD_VEH_,2026_06_21_merged.mat,SAMPLE,2,19574,6575,328.70000000000005,978.6500000000001
R004,VEH,T2_SD_VEH_,2026_06_21_merged.mat,SAMPLE,3,19645,6646,332.25000000000006,982.2
R004,VEH,T2_SD_VEH_,2026_06_21_merged.mat,SAMPLE,3,19646,6647,332.30000000000007,982.2500000000001
R004,VEH,T2_SD_VEH_,2026_06_21_merged.mat,SAMPLE,3,19647,6648,332.3500000000001,982.3000000000002
R004,VEH,T2_SD_VEH_,2026_06_21_merged.mat,SAMPLE,1,19648,6649,332.4000000000001,982.3500000000001
R004,VEH,T2_SD_VEH_,2026_06_21_merged.mat,SAMPLE,4,19677,6678,333.8500000000001,983.8000000000002
R004,VEH,T2_SD_VEH_,2026_06_21_merged.mat,SAMPLE,4,19678,6679,333.9000000000001,983.8500000000001
R004,VEH,T2_SD_VEH_,2026_06_21_merged.mat,SAMPLE,4,19679,6680,333.95000000000005,983.9000000000001
R004,VEH,T2_SD_VEH_,2026_06_21_merged.mat,SAMPLE,4,19680,6681,334.00000000000006,983.95
R004,VEH,T2_SD_VEH_,2026_06_21_merged.mat,SAMPLE,4,19681,6682,334.05000000000007,984.0000000000001
R004,VEH,T2_SD_VEH_,2026_06_21_merged.mat,SAMPLE,4,19682,6683,334.1000000000001,984.0500000000002
R004,VEH,T2_SD_VEH_,2026_06_21_merged.mat,SAMPLE,6,19840,6841,342.00000000000006,991.95
R004,VEH,T2_SD_VEH_,2026_06_21_merged.mat,SAMPLE,6,19842,6843,342.1000000000001,992.0500000000002
R004,VEH,T2_SD_VEH_,2026_06_21_merged.mat,SAMPLE,2,19870,6871,343.50000000000006,993.45
R004,VEH,T2_SD_VEH_,2026_06_21_merged.mat,SAMPLE,3,19883,6884,344.1500000000001,994.1000000000001
R004,VEH,T2_SD_VEH_,2026_06_21_merged.mat,SAMPLE,6,20017,7018,350.8500000000001,1000.8000000000002
R004,VEH,T2_SD_VEH_,2026_06_21_merged.mat,SAMPLE,6,20018,7019,350.9000000000001,1000.8500000000001
R004,VEH,T2_SD_VEH_,2026_06_21_merged.mat,SAMPLE,3,20098,7099,354.9000000000001,1004.8500000000001
R004,VEH,T2_SD_VEH_,2026_06_21_merged.mat,SAMPLE,3,20099,7100,354.9500000000001,1004.9000000000001
R004,VEH,T2_SD_VEH_,2026_06_21_merged.mat,SAMPLE,3,20100,7101,355.00000000000006,1004.95
R004,VEH,T2_SD_VEH_,2026_06_21_merged.mat,SAMPLE,1,20107,7108,355.3500000000001,1005.3000000000002
R004,VEH,T2_SD_VEH_,2026_06_21_merged.mat,SAMPLE,1,20203,7204,360.1500000000001,1010.1000000000001
R004,VEH,T2_SD_VEH_,2026_06_21_merged.mat,SAMPLE,3,20212,7213,360.6000000000001,1010.5500000000002
R004,VEH,T2_SD_VEH_,2026_06_21_merged.mat,SAMPLE,4,20218,7219,360.9000000000001,1010.8500000000001
R004,VEH,T2_SD_VEH_,2026_06_21_merged.mat,SAMPLE,4,20219,7220,360.9500000000001,1010.9000000000001
R004,VEH,T2_SD_VEH_,2026_06_21_merged.mat,SAMPLE,4,20220,7221,361.00000000000006,1010.95
R004,VEH,T2_SD_VEH_,2026_06_21_merged.mat,SAMPLE,1,20239,7240,361.9500000000001,1011.9000000000001
R004,VEH,T2_SD_VEH_,2026_06_21_merged.mat,SAMPLE,1,20240,7241,362.00000000000006,1011.95
R004,VEH,T2_SD_VEH_,2026_06_21_merged.mat,SAMPLE,1,20248,7249,362.4000000000001,1012.3500000000001
R004,VEH,T2_SD_VEH_,2026_06_21_merged.mat,SAMPLE,1,20249,7250,362.4500000000001,1012.4000000000001
R004,VEH,T2_SD_VEH_,2026_06_21_merged.mat,SAMPLE,3,20285,7286,364.25000000000006,1014.2
R004,VEH,T2_SD_VEH_,2026_06_21_merged.mat,SAMPLE,3,20286,7287,364.30000000000007,1014.2500000000001
R004,VEH,T2_SD_VEH_,2026_06_21_merged.mat,SAMPLE,3,20289,7290,364.4500000000001,1014.4000000000001
R004,VEH,T2_SD_VEH_,2026_06_21_merged.mat,SAMPLE,3,20290,7291,364.50000000000006,1014.45
R004,VEH,T2_SD_VEH_,2026_06_21_merged.mat,SAMPLE,2,20356,7357,367.80000000000007,1017.7500000000001
R004,VEH,T2_SD_VEH_,2026_06_21_merged.mat,SAMPLE,2,20383,7384,369.1500000000001,1019.1000000000001
R004,VEH,T2_SD_VEH_,2026_06_21_merged.mat,SAMPLE,2,20392,7393,369.6000000000001,1019.5500000000002
R004,VEH,T2_SD_VEH_,2026_06_21_merged.mat,SAMPLE,1,20394,7395,369.7000000000001,1019.6500000000001
R004,VEH,T2_SD_VEH_,2026_06_21_merged.mat,SAMPLE,1,20864,7865,393.2000000000001,1043.15
R004,VEH,T2_SD_VEH_,2026_06_21_merged.mat,SAMPLE,3,20867,7868,393.3500000000001,1043.3000000000002
R004,VEH,T2_SD_VEH_,2026_06_21_merged.mat,SAMPLE,3,20868,7869,393.4000000000001,1043.3500000000001
R004,VEH,T2_SD_VEH_,2026_06_21_merged.mat,SAMPLE,3,20881,7882,394.05000000000007,1044.0
R004,VEH,T2_SD_VEH_,2026_06_21_merged.mat,SAMPLE,3,20882,7883,394.1000000000001,1044.0500000000002
R004,VEH,T2_SD_VEH_,2026_06_21_merged.mat,SAMPLE,1,21043,8044,402.1500000000001,1052.1000000000001
R004,VEH,T2_SD_VEH_,2026_06_21_merged.mat,SAMPLE,3,21142,8143,407.1000000000001,1057.0500000000002
R004,VEH,T2_SD_VEH_,2026_06_21_merged.mat,SAMPLE,3,21143,8144,407.1500000000001,1057.1000000000001
R004,VEH,T2_SD_VEH_,2026_06_21_merged.mat,SAMPLE,3,21144,8145,407.20000000000005,1057.15
R004,VEH,T2_SD_VEH_,2026_06_21_merged.mat,SAMPLE,3,21145,8146,407.2500000000001,1057.2000000000003
R004,VEH,T2_SD_VEH_,2026_06_21_merged.mat,SAMPLE,1,21174,8175,408.70000000000005,1058.65
R004,VEH,T2_SD_VEH_,2026_06_21_merged.mat,SAMPLE,1,21175,8176,408.7500000000001,1058.7000000000003
R004,VEH,T2_SD_VEH_,2026_06_21_merged.mat,SAMPLE,5,21189,8190,409.45000000000005,1059.4
R004,VEH,T2_SD_VEH_,2026_06_21_merged.mat,SAMPLE,2,21258,8259,412.9000000000001,1062.8500000000001
R004,VEH,T2_SD_VEH_,2026_06_21_merged.mat,SAMPLE,3,21294,8295,414.70000000000005,1064.65
R004,VEH,T2_SD_VEH_,2026_06_21_merged.mat,SAMPLE,3,21295,8296,414.7500000000001,1064.7000000000003
R004,VEH,T2_SD_VEH_,2026_06_21_merged.mat,SAMPLE,3,21296,8297,414.80000000000007,1064.75
R004,VEH,T2_SD_VEH_,2026_06_21_merged.mat,SAMPLE,1,21359,8360,417.95000000000005,1067.9
R004,VEH,T2_SD_VEH_,2026_06_21_merged.mat,SAMPLE,3,21367,8368,418.3500000000001,1068.3000000000002
R004,VEH,T2_SD_VEH_,2026_06_21_merged.mat,SAMPLE,2,21368,8369,418.4000000000001,1068.3500000000001
R004,VEH,T2_SD_VEH_,2026_06_21_merged.mat,SAMPLE,4,21396,8397,419.80000000000007,1069.75
R004,VEH,T2_SD_VEH_,2026_06_21_merged.mat,SAMPLE,4,21397,8398,419.8500000000001,1069.8000000000002
R004,VEH,T2_SD_VEH_,2026_06_21_merged.mat,SAMPLE,4,21398,8399,419.9000000000001,1069.8500000000001
R004,VEH,T2_SD_VEH_,2026_06_21_merged.mat,SAMPLE,4,21399,8400,419.95000000000005,1069.9
R004,VEH,T2_SD_VEH_,2026_06_21_merged.mat,SAMPLE,4,21400,8401,420.0000000000001,1069.9500000000003
R004,VEH,T2_SD_VEH_,2026_06_21_merged.mat,SAMPLE,3,21410,8411,420.5000000000001,1070.4500000000003
R004,VEH,T2_SD_VEH_,2026_06_21_merged.mat,SAMPLE,3,21411,8412,420.55000000000007,1070.5
R004,VEH,T2_SD_VEH_,2026_06_21_merged.mat,SAMPLE,3,21414,8415,420.70000000000005,1070.65
R004,VEH,T2_SD_VEH_,2026_06_21_merged.mat,SAMPLE,1,21466,8467,423.30000000000007,1073.25
R004,VEH,T2_SD_VEH_,2026_06_21_merged.mat,SAMPLE,3,21471,8472,423.55000000000007,1073.5
R004,VEH,T2_SD_VEH_,2026_06_21_merged.mat,SAMPLE,3,21473,8474,423.6500000000001,1073.6000000000001
R004,VEH,T2_SD_VEH_,2026_06_21_merged.mat,SAMPLE,3,21474,8475,423.70000000000005,1073.65
R004,VEH,T2_SD_VEH_,2026_06_21_merged.mat,SAMPLE,3,21475,8476,423.7500000000001,1073.7000000000003
R004,VEH,T2_SD_VEH_,2026_06_21_merged.mat,SAMPLE,3,21526,8527,426.30000000000007,1076.25
R004,VEH,T2_SD_VEH_,2026_06_21_merged.mat,SAMPLE,3,21527,8528,426.3500000000001,1076.3000000000002
R004,VEH,T2_SD_VEH_,2026_06_21_merged.mat,SAMPLE,3,21528,8529,426.4000000000001,1076.3500000000001
R004,VEH,T2_SD_VEH_,2026_06_21_merged.mat,SAMPLE,3,21586,8587,429.30000000000007,1079.25
R004,VEH,T2_SD_VEH_,2026_06_21_merged.mat,SAMPLE,3,21588,8589,429.4000000000001,1079.3500000000001
R004,VEH,T2_SD_VEH_,2026_06_21_merged.mat,SAMPLE,5,21606,8607,430.30000000000007,1080.25
R004,VEH,T2_SD_VEH_,2026_06_21_merged.mat,SAMPLE,3,21665,8666,433.2500000000001,1083.2000000000003
R004,VEH,T2_SD_VEH_,2026_06_21_merged.mat,SAMPLE,2,21688,8689,434.4000000000001,1084.3500000000001
R004,VEH,T2_SD_VEH_,2026_06_21_merged.mat,SAMPLE,1,21693,8694,434.6500000000001,1084.6000000000001
R004,VEH,T2_SD_VEH_,2026_06_21_merged.mat,SAMPLE,2,21697,8698,434.8500000000001,1084.8000000000002
R004,VEH,T2_SD_VEH_,2026_06_21_merged.mat,SAMPLE,2,21698,8699,434.9000000000001,1084.8500000000001
R004,VEH,T2_SD_VEH_,2026_06_21_merged.mat,SAMPLE,2,21699,8700,434.95000000000005,1084.9
R004,VEH,T2_SD_VEH_,2026_06_21_merged.mat,SAMPLE,3,21710,8711,435.5000000000001,1085.4500000000003
R004,VEH,T2_SD_VEH_,2026_06_21_merged.mat,SAMPLE,3,21711,8712,435.55000000000007,1085.5
R004,VEH,T2_SD_VEH_,2026_06_21_merged.mat,SAMPLE,3,21712,8713,435.6000000000001,1085.5500000000002
R004,VEH,T2_SD_VEH_,2026_06_21_merged.mat,SAMPLE,3,21713,8714,435.6500000000001,1085.6000000000001
R004,VEH,T2_SD_VEH_,2026_06_21_merged.mat,SAMPLE,4,21731,8732,436.55000000000007,1086.5
R004,VEH,T2_SD_VEH_,2026_06_21_merged.mat,SAMPLE,4,21732,8733,436.6000000000001,1086.5500000000002
R004,VEH,T2_SD_VEH_,2026_06_21_merged.mat,SAMPLE,5,21841,8842,442.05000000000007,1092.0
R004,VEH,T2_SD_VEH_,2026_06_21_merged.mat,SAMPLE,4,21982,8983,449.1000000000001,1099.0500000000002
R004,VEH,T2_SD_VEH_,2026_06_21_merged.mat,SAMPLE,4,21983,8984,449.1500000000001,1099.1000000000001
R004,VEH,T2_SD_VEH_,2026_06_21_merged.mat,SAMPLE,3,22074,9075,453.70000000000005,1103.65
R004,VEH,T2_SD_VEH_,2026_06_21_merged.mat,SAMPLE,3,22075,9076,453.7500000000001,1103.7000000000003
R004,VEH,T2_SD_VEH_,2026_06_21_merged.mat,SAMPLE,6,22102,9103,455.1000000000001,1105.0500000000002
R004,VEH,T2_SD_VEH_,2026_06_21_merged.mat,SAMPLE,6,22103,9104,455.1500000000001,1105.1000000000001
R004,VEH,T2_SD_VEH_,2026_06_21_merged.mat,SAMPLE,3,22115,9116,455.7500000000001,1105.7000000000003
R004,VEH,T2_SD_VEH_,2026_06_21_merged.mat,SAMPLE,3,22116,9117,455.80000000000007,1105.75
R004,VEH,T2_SD_VEH_,2026_06_21_merged.mat,SAMPLE,1,22177,9178,458.8500000000001,1108.8000000000002
R004,VEH,T2_SD_VEH_,2026_06_21_merged.mat,SAMPLE,1,22178,9179,458.9000000000001,1108.8500000000001
R004,VEH,T2_SD_VEH_,2026_06_21_merged.mat,SAMPLE,1,22179,9180,458.95000000000005,1108.9
R004,VEH,T2_SD_VEH_,2026_06_21_merged.mat,SAMPLE,6,22205,9206,460.2500000000001,1110.2000000000003
R004,VEH,T2_SD_VEH_,2026_06_21_merged.mat,SAMPLE,3,22301,9302,465.05000000000007,1115.0
R004,VEH,T2_SD_VEH_,2026_06_21_merged.mat,SAMPLE,3,22302,9303,465.1000000000001,1115.0500000000002
R004,VEH,T2_SD_VEH_,2026_06_21_merged.mat,SAMPLE,3,22303,9304,465.1500000000001,1115.1000000000001
R004,VEH,T2_SD_VEH_,2026_06_21_merged.mat,SAMPLE,3,22374,9375,468.70000000000005,1118.65
R004,VEH,T2_SD_VEH_,2026_06_21_merged.mat,SAMPLE,3,22378,9379,468.9000000000001,1118.8500000000001
R004,VEH,T2_SD_VEH_,2026_06_21_merged.mat,SAMPLE,6,22396,9397,469.80000000000007,1119.75
R004,VEH,T2_SD_VEH_,2026_06_21_merged.mat,SAMPLE,6,22397,9398,469.8500000000001,1119.8000000000002
R004,VEH,T2_SD_VEH_,2026_06_21_merged.mat,SAMPLE,1,22420,9421,471.0000000000001,1120.9500000000003
R004,VEH,T2_SD_VEH_,2026_06_21_merged.mat,SAMPLE,6,22444,9445,472.20000000000005,1122.15
R004,VEH,T2_SD_VEH_,2026_06_21_merged.mat,SAMPLE,6,22445,9446,472.2500000000001,1122.2000000000003
R004,VEH,T2_SD_VEH_,2026_06_21_merged.mat,SAMPLE,6,22446,9447,472.30000000000007,1122.25
R004,VEH,T2_SD_VEH_,2026_06_21_merged.mat,SAMPLE,6,22466,9467,473.30000000000007,1123.25
R004,VEH,T2_SD_VEH_,2026_06_21_merged.mat,SAMPLE,6,22467,9468,473.3500000000001,1123.3000000000002
R004,VEH,T2_SD_VEH_,2026_06_21_merged.mat,SAMPLE,6,22469,9470,473.45000000000005,1123.4
R004,VEH,T2_SD_VEH_,2026_06_21_merged.mat,SAMPLE,5,22478,9479,473.9000000000001,1123.8500000000001
R004,VEH,T2_SD_VEH_,2026_06_21_merged.mat,SAMPLE,5,22479,9480,473.95000000000005,1123.9
R004,VEH,T2_SD_VEH_,2026_06_21_merged.mat,SAMPLE,3,22489,9490,474.45000000000005,1124.4
R004,VEH,T2_SD_VEH_,2026_06_21_merged.mat,SAMPLE,3,22490,9491,474.5000000000001,1124.4500000000003
R004,VEH,T2_SD_VEH_,2026_06_21_merged.mat,SAMPLE,6,22542,9543,477.1000000000001,1127.0500000000002
R004,VEH,T2_SD_VEH_,2026_06_21_merged.mat,SAMPLE,6,22543,9544,477.1500000000001,1127.1000000000001
R004,VEH,T2_SD_VEH_,2026_06_21_merged.mat,SAMPLE,6,22544,9545,477.20000000000005,1127.15
R004,VEH,T2_SD_VEH_,2026_06_21_merged.mat,SAMPLE,6,22545,9546,477.2500000000001,1127.2000000000003
R004,VEH,T2_SD_VEH_,2026_06_21_merged.mat,SAMPLE,3,22573,9574,478.6500000000001,1128.6000000000001
R004,VEH,T2_SD_VEH_,2026_06_21_merged.mat,SAMPLE,3,22574,9575,478.70000000000005,1128.65
R004,VEH,T2_SD_VEH_,2026_06_21_merged.mat,SAMPLE,3,22575,9576,478.7500000000001,1128.7000000000003
R004,VEH,T2_SD_VEH_,2026_06_21_merged.mat,SAMPLE,4,22642,9643,482.1000000000001,1132.0500000000002
R004,VEH,T2_SD_VEH_,2026_06_21_merged.mat,SAMPLE,4,22643,9644,482.1500000000001,1132.1000000000001
R004,VEH,T2_SD_VEH_,2026_06_21_merged.mat,SAMPLE,3,22709,9710,485.45000000000005,1135.4
R004,VEH,T2_SD_VEH_,2026_06_21_merged.mat,SAMPLE,3,22710,9711,485.5000000000001,1135.4500000000003
R004,VEH,T2_SD_VEH_,2026_06_21_merged.mat,SAMPLE,2,22714,9715,485.70000000000005,1135.65
R004,VEH,T2_SD_VEH_,2026_06_21_merged.mat,SAMPLE,2,22715,9716,485.7500000000001,1135.7000000000003
R004,VEH,T2_SD_VEH_,2026_06_21_merged.mat,SAMPLE,2,22716,9717,485.80000000000007,1135.75
R004,VEH,T2_SD_VEH_,2026_06_21_merged.mat,SAMPLE,2,22717,9718,485.8500000000001,1135.8000000000002
R004,VEH,T2_SD_VEH_,2026_06_21_merged.mat,SAMPLE,2,22718,9719,485.9000000000001,1135.8500000000001
R004,VEH,T2_SD_VEH_,2026_06_21_merged.mat,SAMPLE,2,22720,9721,486.0000000000001,1135.9500000000003
R004,VEH,T2_SD_VEH_,2026_06_21_merged.mat,SAMPLE,2,22721,9722,486.05000000000007,1136.0
R004,VEH,T2_SD_VEH_,2026_06_21_merged.mat,SAMPLE,2,22722,9723,486.1000000000001,1136.0500000000002
R004,VEH,T2_SD_VEH_,2026_06_21_merged.mat,SAMPLE,5,22798,9799,489.9000000000001,1139.8500000000001
R004,VEH,T2_SD_VEH_,2026_06_21_merged.mat,SAMPLE,5,22799,9800,489.95000000000005,1139.9
R004,VEH,T2_SD_VEH_,2026_06_21_merged.mat,SAMPLE,5,22803,9804,490.1500000000001,1140.1000000000001
R004,VEH,T2_SD_VEH_,2026_06_21_merged.mat,SAMPLE,4,22864,9865,493.20000000000005,1143.15
R004,VEH,T2_SD_VEH_,2026_06_21_merged.mat,SAMPLE,4,22865,9866,493.2500000000001,1143.2000000000003
R004,VEH,T2_SD_VEH_,2026_06_21_merged.mat,SAMPLE,4,22866,9867,493.30000000000007,1143.25
R004,VEH,T2_SD_VEH_,2026_06_21_merged.mat,SAMPLE,4,22867,9868,493.3500000000001,1143.3000000000002
R004,VEH,T2_SD_VEH_,2026_06_21_merged.mat,SAMPLE,4,22868,9869,493.4000000000001,1143.3500000000001
R004,VEH,T2_SD_VEH_,2026_06_21_merged.mat,SAMPLE,4,22869,9870,493.45000000000005,1143.4
R004,VEH,T2_SD_VEH_,2026_06_21_merged.mat,SAMPLE,1,22923,9924,496.1500000000001,1146.1000000000001
R004,VEH,T2_SD_VEH_,2026_06_21_merged.mat,SAMPLE,1,22924,9925,496.20000000000005,1146.15
R004,VEH,T2_SD_VEH_,2026_06_21_merged.mat,SAMPLE,2,22928,9929,496.4000000000001,1146.3500000000001
R004,VEH,T2_SD_VEH_,2026_06_21_merged.mat,SAMPLE,6,22938,9939,496.9000000000001,1146.8500000000001
R004,VEH,T2_SD_VEH_,2026_06_21_merged.mat,SAMPLE,3,22944,9945,497.20000000000005,1147.15
R004,VEH,T2_SD_VEH_,2026_06_21_merged.mat,SAMPLE,3,22946,9947,497.30000000000007,1147.25
R004,VEH,T2_SD_VEH_,2026_06_21_merged.mat,SAMPLE,5,22950,9951,497.5000000000001,1147.4500000000003
R004,VEH,T2_SD_VEH_,2026_06_21_merged.mat,SAMPLE,3,22966,9967,498.30000000000007,1148.25
R004,VEH,T2_SD_VEH_,2026_06_21_merged.mat,SAMPLE,3,22967,9968,498.3500000000001,1148.3000000000002
R004,VEH,T2_SD_VEH_,2026_06_21_merged.mat,SAMPLE,3,23000,10001,500.0000000000001,1149.9500000000003
R004,VEH,T2_SD_VEH_,2026_06_21_merged.mat,SAMPLE,6,23006,10007,500.30000000000007,1150.25
R004,VEH,T2_SD_VEH_,2026_06_21_merged.mat,SAMPLE,3,23011,10012,500.55000000000007,1150.5
R004,VEH,T2_SD_VEH_,2026_06_21_merged.mat,SAMPLE,3,23012,10013,500.6000000000001,1150.5500000000002
R004,VEH,T2_SD_VEH_,2026_06_21_merged.mat,SAMPLE,3,23039,10040,501.95000000000005,1151.9
R004,VEH,T2_SD_VEH_,2026_06_21_merged.mat,SAMPLE,3,23040,10041,502.0000000000001,1151.9500000000003
R004,VEH,T2_SD_VEH_,2026_06_21_merged.mat,SAMPLE,3,23041,10042,502.05000000000007,1152.0
R004,VEH,T2_SD_VEH_,2026_06_21_merged.mat,SAMPLE,3,23042,10043,502.1000000000001,1152.0500000000002
R004,VEH,T2_SD_VEH_,2026_06_21_merged.mat,SAMPLE,1,23076,10077,503.80000000000007,1153.75
R004,VEH,T2_SD_VEH_,2026_06_21_merged.mat,SAMPLE,6,23089,10090,504.45000000000005,1154.4
R004,VEH,T2_SD_VEH_,2026_06_21_merged.mat,SAMPLE,4,23134,10135,506.70000000000005,1156.65
R004,VEH,T2_SD_VEH_,2026_06_21_merged.mat,SAMPLE,4,23135,10136,506.7500000000001,1156.7000000000003
R004,VEH,T2_SD_VEH_,2026_06_21_merged.mat,SAMPLE,4,23137,10138,506.8500000000001,1156.8000000000002
R004,VEH,T2_SD_VEH_,2026_06_21_merged.mat,SAMPLE,4,23138,10139,506.9000000000001,1156.8500000000001
R004,VEH,T2_SD_VEH_,2026_06_21_merged.mat,SAMPLE,4,23139,10140,506.95000000000005,1156.9
R004,VEH,T2_SD_VEH_,2026_06_21_merged.mat,SAMPLE,4,23140,10141,507.0000000000001,1156.9500000000003
R004,VEH,T2_SD_VEH_,2026_06_21_merged.mat,SAMPLE,4,23144,10145,507.20000000000005,1157.15
R004,VEH,T2_SD_VEH_,2026_06_21_merged.mat,SAMPLE,4,23145,10146,507.2500000000001,1157.2000000000003
R004,VEH,T2_SD_VEH_,2026_06_21_merged.mat,SAMPLE,4,23149,10150,507.45000000000005,1157.4
R004,VEH,T2_SD_VEH_,2026_06_21_merged.mat,SAMPLE,4,23150,10151,507.5000000000001,1157.4500000000003
R004,VEH,T2_SD_VEH_,2026_06_21_merged.mat,SAMPLE,4,23151,10152,507.55000000000007,1157.5
R004,VEH,T2_SD_VEH_,2026_06_21_merged.mat,SAMPLE,4,23152,10153,507.6000000000001,1157.5500000000002
R004,VEH,T2_SD_VEH_,2026_06_21_merged.mat,SAMPLE,3,23199,10200,509.95000000000005,1159.9
R004,VEH,T2_SD_VEH_,2026_06_21_merged.mat,SAMPLE,3,23201,10202,510.05000000000007,1160.0
R004,VEH,T2_SD_VEH_,2026_06_21_merged.mat,SAMPLE,3,23202,10203,510.1000000000001,1160.0500000000002
R004,VEH,T2_SD_VEH_,2026_06_21_merged.mat,SAMPLE,2,23211,10212,510.55000000000007,1160.5
R004,VEH,T2_SD_VEH_,2026_06_21_merged.mat,SAMPLE,3,23251,10252,512.5500000000001,1162.5
R004,VEH,T2_SD_VEH_,2026_06_21_merged.mat,SAMPLE,3,23252,10253,512.6000000000001,1162.5500000000002
R004,VEH,T2_SD_VEH_,2026_06_21_merged.mat,SAMPLE,3,23253,10254,512.6500000000001,1162.6000000000001
R004,VEH,T2_SD_VEH_,2026_06_21_merged.mat,SAMPLE,3,23254,10255,512.7,1162.65
R004,VEH,T2_SD_VEH_,2026_06_21_merged.mat,SAMPLE,3,23272,10273,513.6000000000001,1163.5500000000002
R004,VEH,T2_SD_VEH_,2026_06_21_merged.mat,SAMPLE,3,23273,10274,513.6500000000001,1163.6000000000001
R004,VEH,T2_SD_VEH_,2026_06_21_merged.mat,SAMPLE,2,23418,10419,520.9000000000001,1170.8500000000001
R004,VEH,T2_SD_VEH_,2026_06_21_merged.mat,SAMPLE,3,23437,10438,521.8500000000001,1171.8000000000002
R004,VEH,T2_SD_VEH_,2026_06_21_merged.mat,SAMPLE,3,23438,10439,521.9000000000001,1171.8500000000001
R004,VEH,T2_SD_VEH_,2026_06_21_merged.mat,SAMPLE,3,23439,10440,521.95,1171.9
R004,VEH,T2_SD_VEH_,2026_06_21_merged.mat,SAMPLE,6,23510,10511,525.5000000000001,1175.4500000000003
R004,VEH,T2_SD_VEH_,2026_06_21_merged.mat,SAMPLE,6,23511,10512,525.5500000000001,1175.5
R004,VEH,T2_SD_VEH_,2026_06_21_merged.mat,SAMPLE,6,23515,10516,525.7500000000001,1175.7000000000003
R004,VEH,T2_SD_VEH_,2026_06_21_merged.mat,SAMPLE,6,23516,10517,525.8000000000001,1175.75
R004,VEH,T2_SD_VEH_,2026_06_21_merged.mat,SAMPLE,6,23518,10519,525.9000000000001,1175.8500000000001
R004,VEH,T2_SD_VEH_,2026_06_21_merged.mat,SAMPLE,6,23519,10520,525.95,1175.9
R004,VEH,T2_SD_VEH_,2026_06_21_merged.mat,SAMPLE,3,23526,10527,526.3000000000001,1176.25
R004,VEH,T2_SD_VEH_,2026_06_21_merged.mat,SAMPLE,3,23527,10528,526.3500000000001,1176.3000000000002
R004,VEH,T2_SD_VEH_,2026_06_21_merged.mat,SAMPLE,3,23563,10564,528.1500000000001,1178.1000000000001
R004,VEH,T2_SD_VEH_,2026_06_21_merged.mat,SAMPLE,3,23564,10565,528.2,1178.15
R004,VEH,T2_SD_VEH_,2026_06_21_merged.mat,SAMPLE,3,23565,10566,528.2500000000001,1178.2000000000003
R004,VEH,T2_SD_VEH_,2026_06_21_merged.mat,SAMPLE,3,23566,10567,528.3000000000001,1178.25
R004,VEH,T2_SD_VEH_,2026_06_21_merged.mat,SAMPLE,2,23583,10584,529.1500000000001,1179.1000000000001
R004,VEH,T2_SD_VEH_,2026_06_21_merged.mat,SAMPLE,2,23584,10585,529.2,1179.15
R004,VEH,T2_SD_VEH_,2026_06_21_merged.mat,SAMPLE,2,23585,10586,529.2500000000001,1179.2000000000003
R004,VEH,T2_SD_VEH_,2026_06_21_merged.mat,SAMPLE,6,23653,10654,532.6500000000001,1182.6000000000001
R004,VEH,T2_SD_VEH_,2026_06_21_merged.mat,SAMPLE,6,23656,10657,532.8000000000001,1182.75
R004,VEH,T2_SD_VEH_,2026_06_21_merged.mat,SAMPLE,3,23664,10665,533.2,1183.15
R004,VEH,T2_SD_VEH_,2026_06_21_merged.mat,SAMPLE,3,23665,10666,533.2500000000001,1183.2000000000003
R004,VEH,T2_SD_VEH_,2026_06_21_merged.mat,SAMPLE,1,23676,10677,533.8000000000001,1183.75
R004,VEH,T2_SD_VEH_,2026_06_21_merged.mat,SAMPLE,2,23872,10873,543.6000000000001,1193.5500000000002
R004,VEH,T2_SD_VEH_,2026_06_21_merged.mat,SAMPLE,2,23873,10874,543.6500000000001,1193.6000000000001
R004,VEH,T2_SD_VEH_,2026_06_21_merged.mat,SAMPLE,2,23874,10875,543.7,1193.65
R004,VEH,T2_SD_VEH_,2026_06_21_merged.mat,SAMPLE,4,23949,10950,547.45,1197.4
R004,VEH,T2_SD_VEH_,2026_06_21_merged.mat,SAMPLE,1,24010,11011,550.5000000000001,1200.4500000000003
R004,VEH,T2_SD_VEH_,2026_06_21_merged.mat,SAMPLE,4,24072,11073,553.6000000000001,1203.5500000000002
R004,VEH,T2_SD_VEH_,2026_06_21_merged.mat,SAMPLE,4,24073,11074,553.6500000000001,1203.6000000000001
R004,VEH,T2_SD_VEH_,2026_06_21_merged.mat,SAMPLE,4,24074,11075,553.7,1203.65
R004,VEH,T2_SD_VEH_,2026_06_21_merged.mat,SAMPLE,4,24075,11076,553.7500000000001,1203.7000000000003
R004,VEH,T2_SD_VEH_,2026_06_21_merged.mat,SAMPLE,4,24076,11077,553.8000000000001,1203.75
R004,VEH,T2_SD_VEH_,2026_06_21_merged.mat,SAMPLE,2,24108,11109,555.4000000000001,1205.3500000000001
R004,VEH,T2_SD_VEH_,2026_06_21_merged.mat,SAMPLE,1,24154,11155,557.7,1207.65
R004,VEH,T2_SD_VEH_,2026_06_21_merged.mat,SAMPLE,1,24155,11156,557.7500000000001,1207.7000000000003
R004,VEH,T2_SD_VEH_,2026_06_21_merged.mat,SAMPLE,2,24157,11158,557.8500000000001,1207.8000000000002
R004,VEH,T2_SD_VEH_,2026_06_21_merged.mat,SAMPLE,3,24192,11193,559.6000000000001,1209.5500000000002
R004,VEH,T2_SD_VEH_,2026_06_21_merged.mat,SAMPLE,3,24193,11194,559.6500000000001,1209.6000000000001
R004,VEH,T2_SD_VEH_,2026_06_21_merged.mat,SAMPLE,3,24194,11195,559.7,1209.65
R004,VEH,T2_SD_VEH_,2026_06_21_merged.mat,SAMPLE,3,24195,11196,559.7500000000001,1209.7000000000003
R004,VEH,T2_SD_VEH_,2026_06_21_merged.mat,SAMPLE,6,24228,11229,561.4000000000001,1211.3500000000001
R004,VEH,T2_SD_VEH_,2026_06_21_merged.mat,SAMPLE,3,24275,11276,563.7500000000001,1213.7000000000003
R004,VEH,T2_SD_VEH_,2026_06_21_merged.mat,SAMPLE,3,24276,11277,563.8000000000001,1213.75
R004,VEH,T2_SD_VEH_,2026_06_21_merged.mat,SAMPLE,6,24292,11293,564.6000000000001,1214.5500000000002
R004,VEH,T2_SD_VEH_,2026_06_21_merged.mat,SAMPLE,2,24364,11365,568.2,1218.15
R004,VEH,T2_SD_VEH_,2026_06_21_merged.mat,SAMPLE,6,24367,11368,568.3500000000001,1218.3000000000002
R004,VEH,T2_SD_VEH_,2026_06_21_merged.mat,SAMPLE,6,24368,11369,568.4000000000001,1218.3500000000001
R004,VEH,T2_SD_VEH_,2026_06_21_merged.mat,SAMPLE,6,24369,11370,568.45,1218.4
R004,VEH,T2_SD_VEH_,2026_06_21_merged.mat,SAMPLE,6,24372,11373,568.6000000000001,1218.5500000000002
R004,VEH,T2_SD_VEH_,2026_06_21_merged.mat,SAMPLE,2,24388,11389,569.4000000000001,1219.3500000000001
R004,VEH,T2_SD_VEH_,2026_06_21_merged.mat,SAMPLE,1,24391,11392,569.5500000000001,1219.5
R004,VEH,T2_SD_VEH_,2026_06_21_merged.mat,SAMPLE,1,24392,11393,569.6000000000001,1219.5500000000002
R004,VEH,T2_SD_VEH_,2026_06_21_merged.mat,SAMPLE,1,24393,11394,569.6500000000001,1219.6000000000001
R004,VEH,T2_SD_VEH_,2026_06_21_merged.mat,SAMPLE,1,24394,11395,569.7,1219.65
R004,VEH,T2_SD_VEH_,2026_06_21_merged.mat,SAMPLE,1,24402,11403,570.1000000000001,1220.0500000000002
R004,VEH,T2_SD_VEH_,2026_06_21_merged.mat,SAMPLE,1,24403,11404,570.1500000000001,1220.1000000000001
R004,VEH,T2_SD_VEH_,2026_06_21_merged.mat,SAMPLE,1,24405,11406,570.2500000000001,1220.2000000000003
R004,VEH,T2_SD_VEH_,2026_06_21_merged.mat,SAMPLE,1,24406,11407,570.3000000000001,1220.25
R004,VEH,T2_SD_VEH_,2026_06_21_merged.mat,SAMPLE,3,24461,11462,573.0500000000001,1223.0
R004,VEH,T2_SD_VEH_,2026_06_21_merged.mat,SAMPLE,3,24462,11463,573.1000000000001,1223.0500000000002
R004,VEH,T2_SD_VEH_,2026_06_21_merged.mat,SAMPLE,6,24473,11474,573.6500000000001,1223.6000000000001
R004,VEH,T2_SD_VEH_,2026_06_21_merged.mat,SAMPLE,6,24507,11508,575.3500000000001,1225.3000000000002
R004,VEH,T2_SD_VEH_,2026_06_21_merged.mat,SAMPLE,2,24547,11548,577.3500000000001,1227.3000000000002
R004,VEH,T2_SD_VEH_,2026_06_21_merged.mat,SAMPLE,2,24548,11549,577.4000000000001,1227.3500000000001
R004,VEH,T2_SD_VEH_,2026_06_21_merged.mat,SAMPLE,2,24549,11550,577.45,1227.4
R004,VEH,T2_SD_VEH_,2026_06_21_merged.mat,SAMPLE,2,24550,11551,577.5000000000001,1227.4500000000003
R004,VEH,T2_SD_VEH_,2026_06_21_merged.mat,SAMPLE,2,24551,11552,577.5500000000001,1227.5
R004,VEH,T2_SD_VEH_,2026_06_21_merged.mat,SAMPLE,2,24552,11553,577.6000000000001,1227.5500000000002
R004,VEH,T2_SD_VEH_,2026_06_21_merged.mat,SAMPLE,2,24584,11585,579.2,1229.15
R004,VEH,T2_SD_VEH_,2026_06_21_merged.mat,SAMPLE,2,24594,11595,579.7,1229.65
R004,VEH,T2_SD_VEH_,2026_06_21_merged.mat,SAMPLE,2,24595,11596,579.7500000000001,1229.7000000000003
R004,VEH,T2_SD_VEH_,2026_06_21_merged.mat,SAMPLE,2,24596,11597,579.8000000000001,1229.75
R004,VEH,T2_SD_VEH_,2026_06_21_merged.mat,SAMPLE,2,24597,11598,579.8500000000001,1229.8000000000002
R004,VEH,T2_SD_VEH_,2026_06_21_merged.mat,SAMPLE,2,24598,11599,579.9000000000001,1229.8500000000001
R004,VEH,T2_SD_VEH_,2026_06_21_merged.mat,SAMPLE,2,24603,11604,580.1500000000001,1230.1000000000001
R004,VEH,T2_SD_VEH_,2026_06_21_merged.mat,SAMPLE,2,24605,11606,580.2500000000001,1230.2000000000003
R004,VEH,T2_SD_VEH_,2026_06_21_merged.mat,SAMPLE,2,24606,11607,580.3000000000001,1230.25
R004,VEH,T2_SD_VEH_,2026_06_21_merged.mat,SAMPLE,2,24607,11608,580.3500000000001,1230.3000000000002
R004,VEH,T2_SD_VEH_,2026_06_21_merged.mat,SAMPLE,2,24609,11610,580.45,1230.4
R004,VEH,T2_SD_VEH_,2026_06_21_merged.mat,SAMPLE,3,24836,11837,591.8000000000001,1241.75
R004,VEH,T2_SD_VEH_,2026_06_21_merged.mat,SAMPLE,3,24837,11838,591.8500000000001,1241.8000000000002
R004,VEH,T2_SD_VEH_,2026_06_21_merged.mat,SAMPLE,3,24952,11953,597.6000000000001,1247.5500000000002
R004,VEH,T2_SD_VEH_,2026_06_21_merged.mat,SAMPLE,3,24953,11954,597.6500000000001,1247.6000000000001
R004,VEH,T2_SD_VEH_,2026_06_21_merged.mat,SAMPLE,3,24954,11955,597.7,1247.65
R004,VEH,T2_SD_VEH_,2026_06_21_merged.mat,SAMPLE,2,24956,11957,597.8000000000001,1247.75
R004,VEH,T2_SD_VEH_,2026_06_21_merged.mat,SAMPLE,3,24982,11983,599.1000000000001,1249.0500000000002
R004,VEH,T2_SD_VEH_,2026_06_21_merged.mat,SAMPLE,3,24983,11984,599.1500000000001,1249.1000000000001
R004,VEH,T2_SD_VEH_,2026_06_21_merged.mat,SAMPLE,4,25010,12011,600.5000000000001,1250.4500000000003
R004,VEH,T2_SD_VEH_,2026_06_21_merged.mat,SAMPLE,4,25011,12012,600.5500000000001,1250.5
R004,VEH,T2_SD_VEH_,2026_06_21_merged.mat,SAMPLE,6,25175,12176,608.7500000000001,1258.7000000000003
R004,VEH,T2_SD_VEH_,2026_06_21_merged.mat,SAMPLE,6,25176,12177,608.8000000000001,1258.75
R004,VEH,T2_SD_VEH_,2026_06_21_merged.mat,SAMPLE,6,25177,12178,608.8500000000001,1258.8000000000002
R004,VEH,T2_SD_VEH_,2026_06_21_merged.mat,SAMPLE,3,25289,12290,614.45,1264.4
R004,VEH,T2_SD_VEH_,2026_06_21_merged.mat,SAMPLE,3,25300,12301,615.0000000000001,1264.9500000000003
R004,VEH,T2_SD_VEH_,2026_06_21_merged.mat,SAMPLE,3,25301,12302,615.0500000000001,1265.0
R004,VEH,T2_SD_VEH_,2026_06_21_merged.mat,SAMPLE,3,25302,12303,615.1000000000001,1265.0500000000002
R004,VEH,T2_SD_VEH_,2026_06_21_merged.mat,SAMPLE,3,25347,12348,617.3500000000001,1267.3000000000002
R004,VEH,T2_SD_VEH_,2026_06_21_merged.mat,SAMPLE,5,25373,12374,618.6500000000001,1268.6000000000001
R004,VEH,T2_SD_VEH_,2026_06_21_merged.mat,SAMPLE,3,25408,12409,620.4000000000001,1270.3500000000001
R004,VEH,T2_SD_VEH_,2026_06_21_merged.mat,SAMPLE,5,25414,12415,620.7,1270.65
R004,VEH,T2_SD_VEH_,2026_06_21_merged.mat,SAMPLE,4,25641,12642,632.0500000000001,1282.0
R004,VEH,T2_SD_VEH_,2026_06_21_merged.mat,SAMPLE,4,25642,12643,632.1000000000001,1282.0500000000002
R004,VEH,T2_SD_VEH_,2026_06_21_merged.mat,SAMPLE,4,25643,12644,632.1500000000001,1282.1000000000001
R004,VEH,T2_SD_VEH_,2026_06_21_merged.mat,SAMPLE,4,25644,12645,632.2,1282.15
R004,VEH,T2_SD_VEH_,2026_06_21_merged.mat,SAMPLE,4,25645,12646,632.2500000000001,1282.2000000000003
R004,VEH,T2_SD_VEH_,2026_06_21_merged.mat,SAMPLE,4,25647,12648,632.3500000000001,1282.3000000000002
R004,VEH,T2_SD_VEH_,2026_06_21_merged.mat,SAMPLE,4,25648,12649,632.4000000000001,1282.3500000000001
R004,VEH,T2_SD_VEH_,2026_06_21_merged.mat,SAMPLE,4,25649,12650,632.45,1282.4
R004,VEH,T2_SD_VEH_,2026_06_21_merged.mat,SAMPLE,4,25650,12651,632.5000000000001,1282.4500000000003
R004,VEH,T2_SD_VEH_,2026_06_21_merged.mat,SAMPLE,4,25651,12652,632.5500000000001,1282.5
R004,VEH,T2_SD_VEH_,2026_06_21_merged.mat,SAMPLE,4,25652,12653,632.6000000000001,1282.5500000000002
R004,VEH,T2_SD_VEH_,2026_06_21_merged.mat,SAMPLE,4,25653,12654,632.6500000000001,1282.6000000000001
R004,VEH,T2_SD_VEH_,2026_06_21_merged.mat,SAMPLE,4,25654,12655,632.7,1282.65
R004,VEH,T2_SD_VEH_,2026_06_21_merged.mat,SAMPLE,4,25655,12656,632.7500000000001,1282.7000000000003
R004,VEH,T2_SD_VEH_,2026_06_21_merged.mat,SAMPLE,4,25656,12657,632.8000000000001,1282.75
R004,VEH,T2_SD_VEH_,2026_06_21_merged.mat,SAMPLE,3,25670,12671,633.5000000000001,1283.4500000000003
R004,VEH,T2_SD_VEH_,2026_06_21_merged.mat,SAMPLE,1,25703,12704,635.1500000000001,1285.1000000000001
R004,VEH,T2_SD_VEH_,2026_06_21_merged.mat,SAMPLE,3,25709,12710,635.45,1285.4
R004,VEH,T2_SD_VEH_,2026_06_21_merged.mat,SAMPLE,3,25710,12711,635.5000000000001,1285.4500000000003
R004,VEH,T2_SD_VEH_,2026_06_21_merged.mat,SAMPLE,3,25713,12714,635.6500000000001,1285.6000000000001
R004,VEH,T2_SD_VEH_,2026_06_21_merged.mat,SAMPLE,3,25764,12765,638.2,1288.15
R004,VEH,T2_SD_VEH_,2026_06_21_merged.mat,SAMPLE,3,25765,12766,638.2500000000001,1288.2000000000003
R004,VEH,T2_SD_VEH_,2026_06_21_merged.mat,SAMPLE,3,25766,12767,638.3000000000001,1288.25
R004,VEH,T2_SD_VEH_,2026_06_21_merged.mat,SAMPLE,3,25767,12768,638.3500000000001,1288.3000000000002
R004,VEH,T2_SD_VEH_,2026_06_21_merged.mat,SAMPLE,1,25849,12850,642.45,1292.4
R004,VEH,T2_SD_VEH_,2026_06_21_merged.mat,SAMPLE,5,25878,12879,643.9000000000001,1293.8500000000001
R004,VEH,T2_SD_VEH_,2026_06_21_merged.mat,SAMPLE,4,25983,12984,649.1500000000001,1299.1000000000001
R004,VEH,T2_SD_VEH_,2026_06_21_merged.mat,SAMPLE,3,25984,12985,649.2,1299.15
R004,VEH,T2_SD_VEH_,2026_06_21_merged.mat,SAMPLE,3,25985,12986,649.2500000000001,1299.2000000000003
R004,VEH,T2_SD_VEH_,2026_06_21_merged.mat,SAMPLE,3,25998,12999,649.9000000000001,1299.8500000000001
R004,VEH,T2_SD_VEH_,2026_06_21_merged.mat,TEST,1,26045,47,2.3000000000000003,1302.2
R004,VEH,T2_SD_VEH_,2026_06_21_merged.mat,TEST,1,26050,52,2.5500000000000003,1302.45
R004,VEH,T2_SD_VEH_,2026_06_21_merged.mat,TEST,1,26051,53,2.6,1302.5
R004,VEH,T2_SD_VEH_,2026_06_21_merged.mat,TEST,1,26052,54,2.6500000000000004,1302.5500000000002
R004,VEH,T2_SD_VEH_,2026_06_21_merged.mat,TEST,1,26165,167,8.3,1308.2
R004,VEH,T2_SD_VEH_,2026_06_21_merged.mat,TEST,1,26166,168,8.35,1308.25
R004,VEH,T2_SD_VEH_,2026_06_21_merged.mat,TEST,3,26272,274,13.65,1313.5500000000002
R004,VEH,T2_SD_VEH_,2026_06_21_merged.mat,TEST,3,26273,275,13.700000000000001,1313.6000000000001
R004,VEH,T2_SD_VEH_,2026_06_21_merged.mat,TEST,4,26330,332,16.55,1316.45
R004,VEH,T2_SD_VEH_,2026_06_21_merged.mat,TEST,4,26331,333,16.6,1316.5
R004,VEH,T2_SD_VEH_,2026_06_21_merged.mat,TEST,4,26332,334,16.650000000000002,1316.5500000000002
R004,VEH,T2_SD_VEH_,2026_06_21_merged.mat,TEST,4,26335,337,16.8,1316.7
R004,VEH,T2_SD_VEH_,2026_06_21_merged.mat,TEST,4,26338,340,16.95,1316.8500000000001
R004,VEH,T2_SD_VEH_,2026_06_21_merged.mat,TEST,4,26339,341,17.0,1316.9
R004,VEH,T2_SD_VEH_,2026_06_21_merged.mat,TEST,4,26340,342,17.05,1316.95
R004,VEH,T2_SD_VEH_,2026_06_21_merged.mat,TEST,5,26342,344,17.150000000000002,1317.0500000000002
R004,VEH,T2_SD_VEH_,2026_06_21_merged.mat,TEST,5,26344,346,17.25,1317.15
R004,VEH,T2_SD_VEH_,2026_06_21_merged.mat,TEST,5,26345,347,17.3,1317.2
R004,VEH,T2_SD_VEH_,2026_06_21_merged.mat,TEST,5,26353,355,17.7,1317.6000000000001
R004,VEH,T2_SD_VEH_,2026_06_21_merged.mat,TEST,5,26354,356,17.75,1317.65
R004,VEH,T2_SD_VEH_,2026_06_21_merged.mat,TEST,5,26355,357,17.8,1317.7
R004,VEH,T2_SD_VEH_,2026_06_21_merged.mat,TEST,6,26447,449,22.400000000000002,1322.3000000000002
R004,VEH,T2_SD_VEH_,2026_06_21_merged.mat,TEST,6,26452,454,22.650000000000002,1322.5500000000002
R004,VEH,T2_SD_VEH_,2026_06_21_merged.mat,TEST,6,26453,455,22.700000000000003,1322.6000000000001
R004,VEH,T2_SD_VEH_,2026_06_21_merged.mat,TEST,3,26601,603,30.1,1330.0
R004,VEH,T2_SD_VEH_,2026_06_21_merged.mat,TEST,3,26602,604,30.150000000000002,1330.0500000000002
R004,VEH,T2_SD_VEH_,2026_06_21_merged.mat,TEST,3,26603,605,30.200000000000003,1330.1000000000001
R004,VEH,T2_SD_VEH_,2026_06_21_merged.mat,TEST,3,26606,608,30.35,1330.25
R004,VEH,T2_SD_VEH_,2026_06_21_merged.mat,TEST,1,26685,687,34.300000000000004,1334.2
R004,VEH,T2_SD_VEH_,2026_06_21_merged.mat,TEST,2,26744,746,37.25,1337.15
R004,VEH,T2_SD_VEH_,2026_06_21_merged.mat,TEST,2,26758,760,37.95,1337.8500000000001
R004,VEH,T2_SD_VEH_,2026_06_21_merged.mat,TEST,3,26795,797,39.800000000000004,1339.7
R004,VEH,T2_SD_VEH_,2026_06_21_merged.mat,TEST,2,26799,801,40.0,1339.9
R004,VEH,T2_SD_VEH_,2026_06_21_merged.mat,TEST,2,26802,804,40.150000000000006,1340.0500000000002
R004,VEH,T2_SD_VEH_,2026_06_21_merged.mat,TEST,3,26923,925,46.2,1346.1000000000001
R004,VEH,T2_SD_VEH_,2026_06_21_merged.mat,TEST,6,26955,957,47.800000000000004,1347.7
R004,VEH,T2_SD_VEH_,2026_06_21_merged.mat,TEST,6,26956,958,47.85,1347.75
R004,VEH,T2_SD_VEH_,2026_06_21_merged.mat,TEST,6,26957,959,47.900000000000006,1347.8000000000002
R004,VEH,T2_SD_VEH_,2026_06_21_merged.mat,TEST,6,26958,960,47.95,1347.8500000000001
R004,VEH,T2_SD_VEH_,2026_06_21_merged.mat,TEST,6,26959,961,48.0,1347.9
R004,VEH,T2_SD_VEH_,2026_06_21_merged.mat,TEST,2,26974,976,48.75,1348.65
R004,VEH,T2_SD_VEH_,2026_06_21_merged.mat,TEST,2,26975,977,48.800000000000004,1348.7
R004,VEH,T2_SD_VEH_,2026_06_21_merged.mat,TEST,5,27013,1015,50.7,1350.6000000000001
R004,VEH,T2_SD_VEH_,2026_06_21_merged.mat,TEST,5,27014,1016,50.75,1350.65
R004,VEH,T2_SD_VEH_,2026_06_21_merged.mat,TEST,5,27015,1017,50.800000000000004,1350.7
R004,VEH,T2_SD_VEH_,2026_06_21_merged.mat,TEST,5,27016,1018,50.85,1350.75
R004,VEH,T2_SD_VEH_,2026_06_21_merged.mat,TEST,5,27017,1019,50.900000000000006,1350.8000000000002
R004,VEH,T2_SD_VEH_,2026_06_21_merged.mat,TEST,1,27063,1065,53.2,1353.1000000000001
R004,VEH,T2_SD_VEH_,2026_06_21_merged.mat,TEST,1,27075,1077,53.800000000000004,1353.7
R004,VEH,T2_SD_VEH_,2026_06_21_merged.mat,TEST,1,27076,1078,53.85,1353.75
R004,VEH,T2_SD_VEH_,2026_06_21_merged.mat,TEST,1,27077,1079,53.900000000000006,1353.8000000000002
R004,VEH,T2_SD_VEH_,2026_06_21_merged.mat,TEST,1,27078,1080,53.95,1353.8500000000001
R004,VEH,T2_SD_VEH_,2026_06_21_merged.mat,TEST,1,27079,1081,54.0,1353.9
R004,VEH,T2_SD_VEH_,2026_06_21_merged.mat,TEST,1,27084,1086,54.25,1354.15
R004,VEH,T2_SD_VEH_,2026_06_21_merged.mat,TEST,1,27085,1087,54.300000000000004,1354.2
R004,VEH,T2_SD_VEH_,2026_06_21_merged.mat,TEST,1,27086,1088,54.35,1354.25
R004,VEH,T2_SD_VEH_,2026_06_21_merged.mat,TEST,1,27087,1089,54.400000000000006,1354.3000000000002
R004,VEH,T2_SD_VEH_,2026_06_21_merged.mat,TEST,2,27099,1101,55.0,1354.9
R004,VEH,T2_SD_VEH_,2026_06_21_merged.mat,TEST,3,27100,1102,55.050000000000004,1354.95
R004,VEH,T2_SD_VEH_,2026_06_21_merged.mat,TEST,3,27101,1103,55.1,1355.0
R004,VEH,T2_SD_VEH_,2026_06_21_merged.mat,TEST,3,27102,1104,55.150000000000006,1355.0500000000002
R004,VEH,T2_SD_VEH_,2026_06_21_merged.mat,TEST,3,27103,1105,55.2,1355.1000000000001
R004,VEH,T2_SD_VEH_,2026_06_21_merged.mat,TEST,6,27140,1142,57.050000000000004,1356.95
R004,VEH,T2_SD_VEH_,2026_06_21_merged.mat,TEST,6,27143,1145,57.2,1357.1000000000001
R004,VEH,T2_SD_VEH_,2026_06_21_merged.mat,TEST,6,27144,1146,57.25,1357.15
R004,VEH,T2_SD_VEH_,2026_06_21_merged.mat,TEST,6,27145,1147,57.300000000000004,1357.2
R004,VEH,T2_SD_VEH_,2026_06_21_merged.mat,TEST,6,27146,1148,57.35,1357.25
R004,VEH,T2_SD_VEH_,2026_06_21_merged.mat,TEST,6,27147,1149,57.400000000000006,1357.3000000000002
R004,VEH,T2_SD_VEH_,2026_06_21_merged.mat,TEST,6,27148,1150,57.45,1357.3500000000001
R004,VEH,T2_SD_VEH_,2026_06_21_merged.mat,TEST,6,27149,1151,57.5,1357.4
R004,VEH,T2_SD_VEH_,2026_06_21_merged.mat,TEST,2,27150,1152,57.550000000000004,1357.45
R004,VEH,T2_SD_VEH_,2026_06_21_merged.mat,TEST,2,27155,1157,57.800000000000004,1357.7
R004,VEH,T2_SD_VEH_,2026_06_21_merged.mat,TEST,2,27157,1159,57.900000000000006,1357.8000000000002
R004,VEH,T2_SD_VEH_,2026_06_21_merged.mat,TEST,2,27160,1162,58.050000000000004,1357.95
R004,VEH,T2_SD_VEH_,2026_06_21_merged.mat,TEST,6,27173,1175,58.7,1358.6000000000001
R004,VEH,T2_SD_VEH_,2026_06_21_merged.mat,TEST,3,27210,1212,60.550000000000004,1360.45
R004,VEH,T2_SD_VEH_,2026_06_21_merged.mat,TEST,3,27213,1215,60.7,1360.6000000000001
R004,VEH,T2_SD_VEH_,2026_06_21_merged.mat,TEST,2,27238,1240,61.95,1361.8500000000001
R004,VEH,T2_SD_VEH_,2026_06_21_merged.mat,TEST,2,27241,1243,62.1,1362.0
R004,VEH,T2_SD_VEH_,2026_06_21_merged.mat,TEST,2,27242,1244,62.150000000000006,1362.0500000000002
R004,VEH,T2_SD_VEH_,2026_06_21_merged.mat,TEST,2,27243,1245,62.2,1362.1000000000001
R004,VEH,T2_SD_VEH_,2026_06_21_merged.mat,TEST,2,27244,1246,62.25,1362.15
R004,VEH,T2_SD_VEH_,2026_06_21_merged.mat,TEST,2,27245,1247,62.300000000000004,1362.2
R004,VEH,T2_SD_VEH_,2026_06_21_merged.mat,TEST,3,27313,1315,65.7,1365.6000000000001
R004,VEH,T2_SD_VEH_,2026_06_21_merged.mat,TEST,2,27314,1316,65.75,1365.65
R004,VEH,T2_SD_VEH_,2026_06_21_merged.mat,TEST,2,27315,1317,65.8,1365.7
R004,VEH,T2_SD_VEH_,2026_06_21_merged.mat,TEST,2,27316,1318,65.85000000000001,1365.75
R004,VEH,T2_SD_VEH_,2026_06_21_merged.mat,TEST,3,27324,1326,66.25,1366.15
R004,VEH,T2_SD_VEH_,2026_06_21_merged.mat,TEST,3,27337,1339,66.9,1366.8000000000002
R004,VEH,T2_SD_VEH_,2026_06_21_merged.mat,TEST,3,27338,1340,66.95,1366.8500000000001
R004,VEH,T2_SD_VEH_,2026_06_21_merged.mat,TEST,1,27349,1351,67.5,1367.4
R004,VEH,T2_SD_VEH_,2026_06_21_merged.mat,TEST,4,27350,1352,67.55,1367.45
R004,VEH,T2_SD_VEH_,2026_06_21_merged.mat,TEST,4,27386,1388,69.35000000000001,1369.25
R004,VEH,T2_SD_VEH_,2026_06_21_merged.mat,TEST,4,27388,1390,69.45,1369.3500000000001
R004,VEH,T2_SD_VEH_,2026_06_21_merged.mat,TEST,4,27389,1391,69.5,1369.4
R004,VEH,T2_SD_VEH_,2026_06_21_merged.mat,TEST,5,27521,1523,76.10000000000001,1376.0
R004,VEH,T2_SD_VEH_,2026_06_21_merged.mat,TEST,5,27522,1524,76.15,1376.0500000000002
R004,VEH,T2_SD_VEH_,2026_06_21_merged.mat,TEST,5,27523,1525,76.2,1376.1000000000001
R004,VEH,T2_SD_VEH_,2026_06_21_merged.mat,TEST,4,27557,1559,77.9,1377.8000000000002
R004,VEH,T2_SD_VEH_,2026_06_21_merged.mat,TEST,4,27561,1563,78.10000000000001,1378.0
R004,VEH,T2_SD_VEH_,2026_06_21_merged.mat,TEST,4,27563,1565,78.2,1378.1000000000001
R004,VEH,T2_SD_VEH_,2026_06_21_merged.mat,TEST,3,27587,1589,79.4,1379.3000000000002
R004,VEH,T2_SD_VEH_,2026_06_21_merged.mat,TEST,4,27588,1590,79.45,1379.3500000000001
R004,VEH,T2_SD_VEH_,2026_06_21_merged.mat,TEST,4,27592,1594,79.65,1379.5500000000002
R004,VEH,T2_SD_VEH_,2026_06_21_merged.mat,TEST,5,27602,1604,80.15,1380.0500000000002
R004,VEH,T2_SD_VEH_,2026_06_21_merged.mat,TEST,4,27733,1735,86.7,1386.6000000000001
R004,VEH,T2_SD_VEH_,2026_06_21_merged.mat,TEST,4,27735,1737,86.80000000000001,1386.7
R004,VEH,T2_SD_VEH_,2026_06_21_merged.mat,TEST,4,27739,1741,87.0,1386.9
R004,VEH,T2_SD_VEH_,2026_06_21_merged.mat,TEST,6,27797,1799,89.9,1389.8000000000002
R004,VEH,T2_SD_VEH_,2026_06_21_merged.mat,TEST,6,27802,1804,90.15,1390.0500000000002
R004,VEH,T2_SD_VEH_,2026_06_21_merged.mat,TEST,6,27803,1805,90.2,1390.1000000000001
R004,VEH,T2_SD_VEH_,2026_06_21_merged.mat,TEST,6,27804,1806,90.25,1390.15
R004,VEH,T2_SD_VEH_,2026_06_21_merged.mat,TEST,6,27805,1807,90.30000000000001,1390.2
R004,VEH,T2_SD_VEH_,2026_06_21_merged.mat,TEST,6,27920,1922,96.05000000000001,1395.95
R004,VEH,T2_SD_VEH_,2026_06_21_merged.mat,TEST,6,27921,1923,96.10000000000001,1396.0
R004,VEH,T2_SD_VEH_,2026_06_21_merged.mat,TEST,2,27929,1931,96.5,1396.4
R004,VEH,T2_SD_VEH_,2026_06_21_merged.mat,TEST,2,28012,2014,100.65,1400.5500000000002
R004,VEH,T2_SD_VEH_,2026_06_21_merged.mat,TEST,2,28014,2016,100.75,1400.65
R004,VEH,T2_SD_VEH_,2026_06_21_merged.mat,TEST,2,28017,2019,100.9,1400.8000000000002
R004,VEH,T2_SD_VEH_,2026_06_21_merged.mat,TEST,6,28021,2023,101.10000000000001,1401.0
R004,VEH,T2_SD_VEH_,2026_06_21_merged.mat,TEST,3,28138,2140,106.95,1406.8500000000001
R004,VEH,T2_SD_VEH_,2026_06_21_merged.mat,TEST,3,28211,2213,110.60000000000001,1410.5
R004,VEH,T2_SD_VEH_,2026_06_21_merged.mat,TEST,3,28316,2318,115.85000000000001,1415.75
R004,VEH,T2_SD_VEH_,2026_06_21_merged.mat,TEST,3,28318,2320,115.95,1415.8500000000001
R004,VEH,T2_SD_VEH_,2026_06_21_merged.mat,TEST,3,28319,2321,116.0,1415.9
R004,VEH,T2_SD_VEH_,2026_06_21_merged.mat,TEST,3,28320,2322,116.05000000000001,1415.95
R004,VEH,T2_SD_VEH_,2026_06_21_merged.mat,TEST,4,28386,2388,119.35000000000001,1419.25
R004,VEH,T2_SD_VEH_,2026_06_21_merged.mat,TEST,4,28387,2389,119.4,1419.3000000000002
R004,VEH,T2_SD_VEH_,2026_06_21_merged.mat,TEST,4,28388,2390,119.45,1419.3500000000001
R004,VEH,T2_SD_VEH_,2026_06_21_merged.mat,TEST,4,28389,2391,119.5,1419.4
R004,VEH,T2_SD_VEH_,2026_06_21_merged.mat,TEST,4,28390,2392,119.55000000000001,1419.45
R004,VEH,T2_SD_VEH_,2026_06_21_merged.mat,TEST,4,28391,2393,119.60000000000001,1419.5
R004,VEH,T2_SD_VEH_,2026_06_21_merged.mat,TEST,5,28393,2395,119.7,1419.6000000000001
R004,VEH,T2_SD_VEH_,2026_06_21_merged.mat,TEST,5,28410,2412,120.55000000000001,1420.45
R004,VEH,T2_SD_VEH_,2026_06_21_merged.mat,TEST,5,28411,2413,120.60000000000001,1420.5
R004,VEH,T2_SD_VEH_,2026_06_21_merged.mat,TEST,5,28415,2417,120.80000000000001,1420.7
R004,VEH,T2_SD_VEH_,2026_06_21_merged.mat,TEST,4,28484,2486,124.25,1424.15
R004,VEH,T2_SD_VEH_,2026_06_21_merged.mat,TEST,5,28485,2487,124.30000000000001,1424.2
R004,VEH,T2_SD_VEH_,2026_06_21_merged.mat,TEST,2,28521,2523,126.10000000000001,1426.0
R004,VEH,T2_SD_VEH_,2026_06_21_merged.mat,TEST,2,28530,2532,126.55000000000001,1426.45
R004,VEH,T2_SD_VEH_,2026_06_21_merged.mat,TEST,2,28531,2533,126.60000000000001,1426.5
R004,VEH,T2_SD_VEH_,2026_06_21_merged.mat,TEST,2,28532,2534,126.65,1426.5500000000002
R004,VEH,T2_SD_VEH_,2026_06_21_merged.mat,TEST,1,28600,2602,130.05,1429.95
R004,VEH,T2_SD_VEH_,2026_06_21_merged.mat,TEST,1,28601,2603,130.1,1430.0
R004,VEH,T2_SD_VEH_,2026_06_21_merged.mat,TEST,1,28602,2604,130.15,1430.0500000000002
R004,VEH,T2_SD_VEH_,2026_06_21_merged.mat,TEST,3,28701,2703,135.1,1435.0
R004,VEH,T2_SD_VEH_,2026_06_21_merged.mat,TEST,5,28744,2746,137.25,1437.15
R004,VEH,T2_SD_VEH_,2026_06_21_merged.mat,TEST,6,28760,2762,138.05,1437.95
R004,VEH,T2_SD_VEH_,2026_06_21_merged.mat,TEST,6,28761,2763,138.1,1438.0
R004,VEH,T2_SD_VEH_,2026_06_21_merged.mat,TEST,5,28877,2879,143.9,1443.8000000000002
R004,VEH,T2_SD_VEH_,2026_06_21_merged.mat,TEST,3,28931,2933,146.6,1446.5
R004,VEH,T2_SD_VEH_,2026_06_21_merged.mat,TEST,3,28932,2934,146.65,1446.5500000000002
R004,VEH,T2_SD_VEH_,2026_06_21_merged.mat,TEST,4,28936,2938,146.85,1446.75
R004,VEH,T2_SD_VEH_,2026_06_21_merged.mat,TEST,5,29013,3015,150.70000000000002,1450.6000000000001
R004,VEH,T2_SD_VEH_,2026_06_21_merged.mat,TEST,1,29020,3022,151.05,1450.95
R004,VEH,T2_SD_VEH_,2026_06_21_merged.mat,TEST,4,29021,3023,151.1,1451.0
R004,VEH,T2_SD_VEH_,2026_06_21_merged.mat,TEST,4,29022,3024,151.15,1451.0500000000002
R004,VEH,T2_SD_VEH_,2026_06_21_merged.mat,TEST,1,29055,3057,152.8,1452.7
R004,VEH,T2_SD_VEH_,2026_06_21_merged.mat,TEST,3,29072,3074,153.65,1453.5500000000002
R004,VEH,T2_SD_VEH_,2026_06_21_merged.mat,TEST,3,29073,3075,153.70000000000002,1453.6000000000001
R004,VEH,T2_SD_VEH_,2026_06_21_merged.mat,TEST,3,29075,3077,153.8,1453.7
R004,VEH,T2_SD_VEH_,2026_06_21_merged.mat,TEST,3,29146,3148,157.35000000000002,1457.25
R004,VEH,T2_SD_VEH_,2026_06_21_merged.mat,TEST,5,29159,3161,158.0,1457.9
R004,VEH,T2_SD_VEH_,2026_06_21_merged.mat,TEST,2,29199,3201,160.0,1459.9
R004,VEH,T2_SD_VEH_,2026_06_21_merged.mat,TEST,2,29200,3202,160.05,1459.95
R004,VEH,T2_SD_VEH_,2026_06_21_merged.mat,TEST,2,29201,3203,160.10000000000002,1460.0
R004,VEH,T2_SD_VEH_,2026_06_21_merged.mat,TEST,2,29223,3225,161.20000000000002,1461.1000000000001
R004,VEH,T2_SD_VEH_,2026_06_21_merged.mat,TEST,2,29224,3226,161.25,1461.15
R004,VEH,T2_SD_VEH_,2026_06_21_merged.mat,TEST,5,29254,3256,162.75,1462.65
R004,VEH,T2_SD_VEH_,2026_06_21_merged.mat,TEST,2,29256,3258,162.85000000000002,1462.75
R004,VEH,T2_SD_VEH_,2026_06_21_merged.mat,TEST,3,29307,3309,165.4,1465.3000000000002
R004,VEH,T2_SD_VEH_,2026_06_21_merged.mat,TEST,3,29308,3310,165.45000000000002,1465.3500000000001
R004,VEH,T2_SD_VEH_,2026_06_21_merged.mat,TEST,3,29311,3313,165.60000000000002,1465.5
R004,VEH,T2_SD_VEH_,2026_06_21_merged.mat,TEST,5,29313,3315,165.70000000000002,1465.6000000000001
R004,VEH,T2_SD_VEH_,2026_06_21_merged.mat,TEST,3,29330,3332,166.55,1466.45
R004,VEH,T2_SD_VEH_,2026_06_21_merged.mat,TEST,1,29337,3339,166.9,1466.8000000000002
R004,VEH,T2_SD_VEH_,2026_06_21_merged.mat,TEST,1,29379,3381,169.0,1468.9
R004,VEH,T2_SD_VEH_,2026_06_21_merged.mat,TEST,5,29426,3428,171.35000000000002,1471.25
R004,VEH,T2_SD_VEH_,2026_06_21_merged.mat,TEST,5,29427,3429,171.4,1471.3000000000002
R004,VEH,T2_SD_VEH_,2026_06_21_merged.mat,TEST,5,29428,3430,171.45000000000002,1471.3500000000001
R004,VEH,T2_SD_VEH_,2026_06_21_merged.mat,TEST,6,29430,3432,171.55,1471.45
R004,VEH,T2_SD_VEH_,2026_06_21_merged.mat,TEST,6,29431,3433,171.60000000000002,1471.5
R004,VEH,T2_SD_VEH_,2026_06_21_merged.mat,TEST,6,29438,3440,171.95000000000002,1471.8500000000001
R004,VEH,T2_SD_VEH_,2026_06_21_merged.mat,TEST,6,29439,3441,172.0,1471.9
R004,VEH,T2_SD_VEH_,2026_06_21_merged.mat,TEST,6,29440,3442,172.05,1471.95
R004,VEH,T2_SD_VEH_,2026_06_21_merged.mat,TEST,2,29517,3519,175.9,1475.8000000000002
R004,VEH,T2_SD_VEH_,2026_06_21_merged.mat,TEST,5,29587,3589,179.4,1479.3000000000002
R004,VEH,T2_SD_VEH_,2026_06_21_merged.mat,TEST,5,29626,3628,181.35000000000002,1481.25
R004,VEH,T2_SD_VEH_,2026_06_21_merged.mat,TEST,5,29627,3629,181.4,1481.3000000000002
R004,VEH,T2_SD_VEH_,2026_06_21_merged.mat,TEST,5,29628,3630,181.45000000000002,1481.3500000000001
R004,VEH,T2_SD_VEH_,2026_06_21_merged.mat,TEST,2,29666,3668,183.35000000000002,1483.25
R004,VEH,T2_SD_VEH_,2026_06_21_merged.mat,TEST,2,29667,3669,183.4,1483.3000000000002
R004,VEH,T2_SD_VEH_,2026_06_21_merged.mat,TEST,4,29795,3797,189.8,1489.7
R004,VEH,T2_SD_VEH_,2026_06_21_merged.mat,TEST,4,29802,3804,190.15,1490.0500000000002
R004,VEH,T2_SD_VEH_,2026_06_21_merged.mat,TEST,4,29803,3805,190.20000000000002,1490.1000000000001
R004,VEH,T2_SD_VEH_,2026_06_21_merged.mat,TEST,4,29804,3806,190.25,1490.15
R004,VEH,T2_SD_VEH_,2026_06_21_merged.mat,TEST,4,29806,3808,190.35000000000002,1490.25
R004,VEH,T2_SD_VEH_,2026_06_21_merged.mat,TEST,4,29807,3809,190.4,1490.3000000000002
R004,VEH,T2_SD_VEH_,2026_06_21_merged.mat,TEST,4,29808,3810,190.45000000000002,1490.3500000000001
R004,VEH,T2_SD_VEH_,2026_06_21_merged.mat,TEST,4,29812,3814,190.65,1490.5500000000002
R004,VEH,T2_SD_VEH_,2026_06_21_merged.mat,TEST,4,29813,3815,190.70000000000002,1490.6000000000001
R004,VEH,T2_SD_VEH_,2026_06_21_merged.mat,TEST,1,29827,3829,191.4,1491.3000000000002
R004,VEH,T2_SD_VEH_,2026_06_21_merged.mat,TEST,4,29882,3884,194.15,1494.0500000000002
R004,VEH,T2_SD_VEH_,2026_06_21_merged.mat,TEST,4,29883,3885,194.20000000000002,1494.1000000000001
R004,VEH,T2_SD_VEH_,2026_06_21_merged.mat,TEST,4,29884,3886,194.25,1494.15
R004,VEH,T2_SD_VEH_,2026_06_21_merged.mat,TEST,1,29899,3901,195.0,1494.9
R004,VEH,T2_SD_VEH_,2026_06_21_merged.mat,TEST,3,29922,3924,196.15,1496.0500000000002
R004,VEH,T2_SD_VEH_,2026_06_21_merged.mat,TEST,6,29930,3932,196.55,1496.45
R004,VEH,T2_SD_VEH_,2026_06_21_merged.mat,TEST,6,29931,3933,196.60000000000002,1496.5
R004,VEH,T2_SD_VEH_,2026_06_21_merged.mat,TEST,6,29932,3934,196.65,1496.5500000000002
R004,VEH,T2_SD_VEH_,2026_06_21_merged.mat,TEST,1,29974,3976,198.75,1498.65
R004,VEH,T2_SD_VEH_,2026_06_21_merged.mat,TEST,1,29976,3978,198.85000000000002,1498.75
R004,VEH,T2_SD_VEH_,2026_06_21_merged.mat,TEST,5,30041,4043,202.10000000000002,1502.0
R004,VEH,T2_SD_VEH_,2026_06_21_merged.mat,TEST,5,30051,4053,202.60000000000002,1502.5
R004,VEH,T2_SD_VEH_,2026_06_21_merged.mat,TEST,5,30052,4054,202.65,1502.5500000000002
R004,VEH,T2_SD_VEH_,2026_06_21_merged.mat,TEST,5,30141,4143,207.10000000000002,1507.0
R004,VEH,T2_SD_VEH_,2026_06_21_merged.mat,TEST,1,30227,4229,211.4,1511.3000000000002
R004,VEH,T2_SD_VEH_,2026_06_21_merged.mat,TEST,1,30228,4230,211.45000000000002,1511.3500000000001
R004,VEH,T2_SD_VEH_,2026_06_21_merged.mat,TEST,2,30249,4251,212.5,1512.4
R004,VEH,T2_SD_VEH_,2026_06_21_merged.mat,TEST,2,30250,4252,212.55,1512.45
R004,VEH,T2_SD_VEH_,2026_06_21_merged.mat,TEST,2,30273,4275,213.70000000000002,1513.6000000000001
R004,VEH,T2_SD_VEH_,2026_06_21_merged.mat,TEST,2,30274,4276,213.75,1513.65
R004,VEH,T2_SD_VEH_,2026_06_21_merged.mat,TEST,2,30275,4277,213.8,1513.7
R004,VEH,T2_SD_VEH_,2026_06_21_merged.mat,TEST,3,30302,4304,215.15,1515.0500000000002
R004,VEH,T2_SD_VEH_,2026_06_21_merged.mat,TEST,3,30304,4306,215.25,1515.15
R004,VEH,T2_SD_VEH_,2026_06_21_merged.mat,TEST,3,30305,4307,215.3,1515.2
R004,VEH,T2_SD_VEH_,2026_06_21_merged.mat,TEST,1,30316,4318,215.85000000000002,1515.75
R004,VEH,T2_SD_VEH_,2026_06_21_merged.mat,TEST,6,30319,4321,216.0,1515.9
R004,VEH,T2_SD_VEH_,2026_06_21_merged.mat,TEST,6,30320,4322,216.05,1515.95
R004,VEH,T2_SD_VEH_,2026_06_21_merged.mat,TEST,1,30324,4326,216.25,1516.15
R004,VEH,T2_SD_VEH_,2026_06_21_merged.mat,TEST,3,30397,4399,219.9,1519.8000000000002
R004,VEH,T2_SD_VEH_,2026_06_21_merged.mat,TEST,3,30398,4400,219.95000000000002,1519.8500000000001
R004,VEH,T2_SD_VEH_,2026_06_21_merged.mat,TEST,2,30431,4433,221.60000000000002,1521.5
R004,VEH,T2_SD_VEH_,2026_06_21_merged.mat,TEST,2,30432,4434,221.65,1521.5500000000002
R004,VEH,T2_SD_VEH_,2026_06_21_merged.mat,TEST,2,30433,4435,221.70000000000002,1521.6000000000001
R004,VEH,T2_SD_VEH_,2026_06_21_merged.mat,TEST,1,30434,4436,221.75,1521.65
R004,VEH,T2_SD_VEH_,2026_06_21_merged.mat,TEST,5,30484,4486,224.25,1524.15
R004,VEH,T2_SD_VEH_,2026_06_21_merged.mat,TEST,5,30489,4491,224.5,1524.4
R004,VEH,T2_SD_VEH_,2026_06_21_merged.mat,TEST,3,30491,4493,224.60000000000002,1524.5
R004,VEH,T2_SD_VEH_,2026_06_21_merged.mat,TEST,3,30492,4494,224.65,1524.5500000000002
R004,VEH,T2_SD_VEH_,2026_06_21_merged.mat,TEST,3,30493,4495,224.70000000000002,1524.6000000000001
R004,VEH,T2_SD_VEH_,2026_06_21_merged.mat,TEST,3,30494,4496,224.75,1524.65
R004,VEH,T2_SD_VEH_,2026_06_21_merged.mat,TEST,3,30522,4524,226.15,1526.0500000000002
R004,VEH,T2_SD_VEH_,2026_06_21_merged.mat,TEST,3,30523,4525,226.20000000000002,1526.1000000000001
R004,VEH,T2_SD_VEH_,2026_06_21_merged.mat,TEST,3,30524,4526,226.25,1526.15
R004,VEH,T2_SD_VEH_,2026_06_21_merged.mat,TEST,3,30525,4527,226.3,1526.2
R004,VEH,T2_SD_VEH_,2026_06_21_merged.mat,TEST,5,30550,4552,227.55,1527.45
R004,VEH,T2_SD_VEH_,2026_06_21_merged.mat,TEST,3,30611,4613,230.60000000000002,1530.5
R004,VEH,T2_SD_VEH_,2026_06_21_merged.mat,TEST,2,30626,4628,231.35000000000002,1531.25
R004,VEH,T2_SD_VEH_,2026_06_21_merged.mat,TEST,3,30661,4663,233.10000000000002,1533.0
R004,VEH,T2_SD_VEH_,2026_06_21_merged.mat,TEST,2,30663,4665,233.20000000000002,1533.1000000000001
R004,VEH,T2_SD_VEH_,2026_06_21_merged.mat,TEST,2,30696,4698,234.85000000000002,1534.75
R004,VEH,T2_SD_VEH_,2026_06_21_merged.mat,TEST,4,30706,4708,235.35000000000002,1535.25
R004,VEH,T2_SD_VEH_,2026_06_21_merged.mat,TEST,2,30741,4743,237.10000000000002,1537.0
R004,VEH,T2_SD_VEH_,2026_06_21_merged.mat,TEST,2,30742,4744,237.15,1537.0500000000002
R004,VEH,T2_SD_VEH_,2026_06_21_merged.mat,TEST,5,30796,4798,239.85000000000002,1539.75
R004,VEH,T2_SD_VEH_,2026_06_21_merged.mat,TEST,5,30797,4799,239.9,1539.8000000000002
R004,VEH,T2_SD_VEH_,2026_06_21_merged.mat,TEST,3,30834,4836,241.75,1541.65
R004,VEH,T2_SD_VEH_,2026_06_21_merged.mat,TEST,5,30846,4848,242.35000000000002,1542.25
R004,VEH,T2_SD_VEH_,2026_06_21_merged.mat,TEST,4,30851,4853,242.60000000000002,1542.5
R004,VEH,T2_SD_VEH_,2026_06_21_merged.mat,TEST,5,30859,4861,243.0,1542.9
R004,VEH,T2_SD_VEH_,2026_06_21_merged.mat,TEST,3,30861,4863,243.10000000000002,1543.0
R004,VEH,T2_SD_VEH_,2026_06_21_merged.mat,TEST,2,30894,4896,244.75,1544.65
R004,VEH,T2_SD_VEH_,2026_06_21_merged.mat,TEST,5,30896,4898,244.85000000000002,1544.75
R004,VEH,T2_SD_VEH_,2026_06_21_merged.mat,TEST,2,30903,4905,245.20000000000002,1545.1000000000001
R004,VEH,T2_SD_VEH_,2026_06_21_merged.mat,TEST,2,30904,4906,245.25,1545.15
R004,VEH,T2_SD_VEH_,2026_06_21_merged.mat,TEST,2,30905,4907,245.3,1545.2
R004,VEH,T2_SD_VEH_,2026_06_21_merged.mat,TEST,2,30906,4908,245.35000000000002,1545.25
R004,VEH,T2_SD_VEH_,2026_06_21_merged.mat,TEST,2,30913,4915,245.70000000000002,1545.6000000000001
R004,VEH,T2_SD_VEH_,2026_06_21_merged.mat,TEST,2,30914,4916,245.75,1545.65
R004,VEH,T2_SD_VEH_,2026_06_21_merged.mat,TEST,2,30915,4917,245.8,1545.7
R004,VEH,T2_SD_VEH_,2026_06_21_merged.mat,TEST,2,30938,4940,246.95000000000002,1546.8500000000001
R004,VEH,T2_SD_VEH_,2026_06_21_merged.mat,TEST,6,30968,4970,248.45000000000002,1548.3500000000001
R004,VEH,T2_SD_VEH_,2026_06_21_merged.mat,TEST,2,30984,4986,249.25,1549.15
R004,VEH,T2_SD_VEH_,2026_06_21_merged.mat,TEST,2,30985,4987,249.3,1549.2
R004,VEH,T2_SD_VEH_,2026_06_21_merged.mat,TEST,5,30992,4994,249.65,1549.5500000000002
R004,VEH,T2_SD_VEH_,2026_06_21_merged.mat,TEST,5,30994,4996,249.75,1549.65
R004,VEH,T2_SD_VEH_,2026_06_21_merged.mat,TEST,5,30995,4997,249.8,1549.7
R004,VEH,T2_SD_VEH_,2026_06_21_merged.mat,TEST,5,30996,4998,249.85000000000002,1549.75
R004,VEH,T2_SD_VEH_,2026_06_21_merged.mat,TEST,3,31027,5029,251.4,1551.3000000000002
R004,VEH,T2_SD_VEH_,2026_06_21_merged.mat,TEST,3,31028,5030,251.45000000000002,1551.3500000000001
R004,VEH,T2_SD_VEH_,2026_06_21_merged.mat,TEST,6,31039,5041,252.0,1551.9
R004,VEH,T2_SD_VEH_,2026_06_21_merged.mat,TEST,6,31054,5056,252.75,1552.65
R004,VEH,T2_SD_VEH_,2026_06_21_merged.mat,TEST,6,31055,5057,252.8,1552.7
R004,VEH,T2_SD_VEH_,2026_06_21_merged.mat,TEST,6,31056,5058,252.85000000000002,1552.75
R004,VEH,T2_SD_VEH_,2026_06_21_merged.mat,TEST,3,31068,5070,253.45000000000002,1553.3500000000001
R004,VEH,T2_SD_VEH_,2026_06_21_merged.mat,TEST,5,31119,5121,256.0,1555.9
R004,VEH,T2_SD_VEH_,2026_06_21_merged.mat,TEST,5,31121,5123,256.1,1556.0
R004,VEH,T2_SD_VEH_,2026_06_21_merged.mat,TEST,5,31123,5125,256.2,1556.1000000000001
R004,VEH,T2_SD_VEH_,2026_06_21_merged.mat,TEST,5,31124,5126,256.25,1556.15
R004,VEH,T2_SD_VEH_,2026_06_21_merged.mat,TEST,5,31125,5127,256.3,1556.2
R004,VEH,T2_SD_VEH_,2026_06_21_merged.mat,TEST,5,31126,5128,256.35,1556.25
R004,VEH,T2_SD_VEH_,2026_06_21_merged.mat,TEST,5,31127,5129,256.40000000000003,1556.3000000000002
R004,VEH,T2_SD_VEH_,2026_06_21_merged.mat,TEST,2,31129,5131,256.5,1556.4
R004,VEH,T2_SD_VEH_,2026_06_21_merged.mat,TEST,2,31130,5132,256.55,1556.45
R004,VEH,T2_SD_VEH_,2026_06_21_merged.mat,TEST,5,31136,5138,256.85,1556.75
R004,VEH,T2_SD_VEH_,2026_06_21_merged.mat,TEST,5,31137,5139,256.90000000000003,1556.8000000000002
R004,VEH,T2_SD_VEH_,2026_06_21_merged.mat,TEST,5,31138,5140,256.95,1556.8500000000001
R004,VEH,T2_SD_VEH_,2026_06_21_merged.mat,TEST,5,31139,5141,257.0,1556.9
R004,VEH,T2_SD_VEH_,2026_06_21_merged.mat,TEST,2,31155,5157,257.8,1557.7
R004,VEH,T2_SD_VEH_,2026_06_21_merged.mat,TEST,2,31157,5159,257.90000000000003,1557.8000000000002
R004,VEH,T2_SD_VEH_,2026_06_21_merged.mat,TEST,6,31182,5184,259.15000000000003,1559.0500000000002
R004,VEH,T2_SD_VEH_,2026_06_21_merged.mat,TEST,6,31183,5185,259.2,1559.1000000000001
R004,VEH,T2_SD_VEH_,2026_06_21_merged.mat,TEST,2,31222,5224,261.15000000000003,1561.0500000000002
R004,VEH,T2_SD_VEH_,2026_06_21_merged.mat,TEST,5,31297,5299,264.90000000000003,1564.8000000000002
R004,VEH,T2_SD_VEH_,2026_06_21_merged.mat,TEST,5,31360,5362,268.05,1567.95
R004,VEH,T2_SD_VEH_,2026_06_21_merged.mat,TEST,5,31400,5402,270.05,1569.95
R004,VEH,T2_SD_VEH_,2026_06_21_merged.mat,TEST,4,31412,5414,270.65000000000003,1570.5500000000002
R004,VEH,T2_SD_VEH_,2026_06_21_merged.mat,TEST,2,31415,5417,270.8,1570.7
R004,VEH,T2_SD_VEH_,2026_06_21_merged.mat,TEST,2,31427,5429,271.40000000000003,1571.3000000000002
R004,VEH,T2_SD_VEH_,2026_06_21_merged.mat,TEST,3,31428,5430,271.45,1571.3500000000001
R004,VEH,T2_SD_VEH_,2026_06_21_merged.mat,TEST,3,31429,5431,271.5,1571.4
R004,VEH,T2_SD_VEH_,2026_06_21_merged.mat,TEST,3,31430,5432,271.55,1571.45
R004,VEH,T2_SD_VEH_,2026_06_21_merged.mat,TEST,3,31431,5433,271.6,1571.5
R004,VEH,T2_SD_VEH_,2026_06_21_merged.mat,TEST,3,31432,5434,271.65000000000003,1571.5500000000002
R004,VEH,T2_SD_VEH_,2026_06_21_merged.mat,TEST,3,31433,5435,271.7,1571.6000000000001
R004,VEH,T2_SD_VEH_,2026_06_21_merged.mat,TEST,4,31442,5444,272.15000000000003,1572.0500000000002
R004,VEH,T2_SD_VEH_,2026_06_21_merged.mat,TEST,4,31443,5445,272.2,1572.1000000000001
R004,VEH,T2_SD_VEH_,2026_06_21_merged.mat,TEST,4,31444,5446,272.25,1572.15
R004,VEH,T2_SD_VEH_,2026_06_21_merged.mat,TEST,4,31463,5465,273.2,1573.1000000000001
R004,VEH,T2_SD_VEH_,2026_06_21_merged.mat,TEST,4,31464,5466,273.25,1573.15
R004,VEH,T2_SD_VEH_,2026_06_21_merged.mat,TEST,4,31465,5467,273.3,1573.2
R004,VEH,T2_SD_VEH_,2026_06_21_merged.mat,TEST,3,31503,5505,275.2,1575.1000000000001
R004,VEH,T2_SD_VEH_,2026_06_21_merged.mat,TEST,2,31507,5509,275.40000000000003,1575.3000000000002
R004,VEH,T2_SD_VEH_,2026_06_21_merged.mat,TEST,5,31520,5522,276.05,1575.95
R004,VEH,T2_SD_VEH_,2026_06_21_merged.mat,TEST,4,31575,5577,278.8,1578.7
R004,VEH,T2_SD_VEH_,2026_06_21_merged.mat,TEST,1,31579,5581,279.0,1578.9
R004,VEH,T2_SD_VEH_,2026_06_21_merged.mat,TEST,1,31580,5582,279.05,1578.95
R004,VEH,T2_SD_VEH_,2026_06_21_merged.mat,TEST,3,31585,5587,279.3,1579.2
R004,VEH,T2_SD_VEH_,2026_06_21_merged.mat,TEST,3,31586,5588,279.35,1579.25
R004,VEH,T2_SD_VEH_,2026_06_21_merged.mat,TEST,3,31587,5589,279.40000000000003,1579.3000000000002
R004,VEH,T2_SD_VEH_,2026_06_21_merged.mat,TEST,1,31638,5640,281.95,1581.8500000000001
R004,VEH,T2_SD_VEH_,2026_06_21_merged.mat,TEST,1,31639,5641,282.0,1581.9
R004,VEH,T2_SD_VEH_,2026_06_21_merged.mat,TEST,3,31905,5907,295.3,1595.2
R004,VEH,T2_SD_VEH_,2026_06_21_merged.mat,TEST,3,31906,5908,295.35,1595.25
R004,VEH,T2_SD_VEH_,2026_06_21_merged.mat,TEST,3,31907,5909,295.40000000000003,1595.3000000000002
R004,VEH,T2_SD_VEH_,2026_06_21_merged.mat,TEST,5,31913,5915,295.7,1595.6000000000001
R004,VEH,T2_SD_VEH_,2026_06_21_merged.mat,TEST,3,31918,5920,295.95,1595.8500000000001
R004,VEH,T2_SD_VEH_,2026_06_21_merged.mat,TEST,3,31919,5921,296.0,1595.9
R004,VEH,T2_SD_VEH_,2026_06_21_merged.mat,TEST,3,31946,5948,297.35,1597.25
R004,VEH,T2_SD_VEH_,2026_06_21_merged.mat,TEST,3,31948,5950,297.45,1597.3500000000001
R004,VEH,T2_SD_VEH_,2026_06_21_merged.mat,TEST,5,31967,5969,298.40000000000003,1598.3000000000002
R004,VEH,T2_SD_VEH_,2026_06_21_merged.mat,TEST,5,31968,5970,298.45,1598.3500000000001
R004,VEH,T2_SD_VEH_,2026_06_21_merged.mat,TEST,5,31970,5972,298.55,1598.45
R004,VEH,T2_SD_VEH_,2026_06_21_merged.mat,TEST,3,31995,5997,299.8,1599.7
R004,VEH,T2_SD_VEH_,2026_06_21_merged.mat,TEST,3,31996,5998,299.85,1599.75
R004,VEH,T2_SD_VEH_,2026_06_21_merged.mat,TEST,6,32060,6062,303.05,1602.95
R004,VEH,T2_SD_VEH_,2026_06_21_merged.mat,TEST,6,32061,6063,303.1,1603.0
R004,VEH,T2_SD_VEH_,2026_06_21_merged.mat,TEST,6,32062,6064,303.15000000000003,1603.0500000000002
R004,VEH,T2_SD_VEH_,2026_06_21_merged.mat,TEST,6,32063,6065,303.2,1603.1000000000001
R004,VEH,T2_SD_VEH_,2026_06_21_merged.mat,TEST,6,32064,6066,303.25,1603.15
R004,VEH,T2_SD_VEH_,2026_06_21_merged.mat,TEST,6,32065,6067,303.3,1603.2
R004,VEH,T2_SD_VEH_,2026_06_21_merged.mat,TEST,6,32066,6068,303.35,1603.25
R004,VEH,T2_SD_VEH_,2026_06_21_merged.mat,TEST,6,32067,6069,303.40000000000003,1603.3000000000002
R004,VEH,T2_SD_VEH_,2026_06_21_merged.mat,TEST,6,32069,6071,303.5,1603.4
R004,VEH,T2_SD_VEH_,2026_06_21_merged.mat,TEST,6,32070,6072,303.55,1603.45
R004,VEH,T2_SD_VEH_,2026_06_21_merged.mat,TEST,5,32107,6109,305.40000000000003,1605.3000000000002
R004,VEH,T2_SD_VEH_,2026_06_21_merged.mat,TEST,2,32125,6127,306.3,1606.2
R004,VEH,T2_SD_VEH_,2026_06_21_merged.mat,TEST,2,32126,6128,306.35,1606.25
R004,VEH,T2_SD_VEH_,2026_06_21_merged.mat,TEST,5,32128,6130,306.45,1606.3500000000001
R004,VEH,T2_SD_VEH_,2026_06_21_merged.mat,TEST,2,32136,6138,306.85,1606.75
R004,VEH,T2_SD_VEH_,2026_06_21_merged.mat,TEST,2,32137,6139,306.90000000000003,1606.8000000000002
R004,VEH,T2_SD_VEH_,2026_06_21_merged.mat,TEST,2,32138,6140,306.95,1606.8500000000001
R004,VEH,T2_SD_VEH_,2026_06_21_merged.mat,TEST,2,32139,6141,307.0,1606.9
R004,VEH,T2_SD_VEH_,2026_06_21_merged.mat,TEST,2,32140,6142,307.05,1606.95
R004,VEH,T2_SD_VEH_,2026_06_21_merged.mat,TEST,2,32149,6151,307.5,1607.4
R004,VEH,T2_SD_VEH_,2026_06_21_merged.mat,TEST,2,32150,6152,307.55,1607.45
R004,VEH,T2_SD_VEH_,2026_06_21_merged.mat,TEST,2,32151,6153,307.6,1607.5
R004,VEH,T2_SD_VEH_,2026_06_21_merged.mat,TEST,2,32152,6154,307.65000000000003,1607.5500000000002
R004,VEH,T2_SD_VEH_,2026_06_21_merged.mat,TEST,2,32153,6155,307.70000000000005,1607.6000000000001
R004,VEH,T2_SD_VEH_,2026_06_21_merged.mat,TEST,2,32154,6156,307.75,1607.65
R004,VEH,T2_SD_VEH_,2026_06_21_merged.mat,TEST,2,32155,6157,307.8,1607.7
R004,VEH,T2_SD_VEH_,2026_06_21_merged.mat,TEST,3,32180,6182,309.05,1608.95
R004,VEH,T2_SD_VEH_,2026_06_21_merged.mat,TEST,3,32226,6228,311.35,1611.25
R004,VEH,T2_SD_VEH_,2026_06_21_merged.mat,TEST,3,32228,6230,311.45000000000005,1611.3500000000001
R004,VEH,T2_SD_VEH_,2026_06_21_merged.mat,TEST,3,32229,6231,311.5,1611.4
R004,VEH,T2_SD_VEH_,2026_06_21_merged.mat,TEST,3,32237,6239,311.90000000000003,1611.8000000000002
R004,VEH,T2_SD_VEH_,2026_06_21_merged.mat,TEST,3,32238,6240,311.95000000000005,1611.8500000000001
R004,VEH,T2_SD_VEH_,2026_06_21_merged.mat,TEST,5,32242,6244,312.15000000000003,1612.0500000000002
R004,VEH,T2_SD_VEH_,2026_06_21_merged.mat,TEST,5,32243,6245,312.20000000000005,1612.1000000000001
R004,VEH,T2_SD_VEH_,2026_06_21_merged.mat,TEST,5,32244,6246,312.25,1612.15
R004,VEH,T2_SD_VEH_,2026_06_21_merged.mat,TEST,5,32252,6254,312.65000000000003,1612.5500000000002
R004,VEH,T2_SD_VEH_,2026_06_21_merged.mat,TEST,5,32253,6255,312.70000000000005,1612.6000000000001
R004,VEH,T2_SD_VEH_,2026_06_21_merged.mat,TEST,4,32259,6261,313.0,1612.9
R004,VEH,T2_SD_VEH_,2026_06_21_merged.mat,TEST,4,32260,6262,313.05,1612.95
R004,VEH,T2_SD_VEH_,2026_06_21_merged.mat,TEST,4,32261,6263,313.1,1613.0
R004,VEH,T2_SD_VEH_,2026_06_21_merged.mat,TEST,4,32262,6264,313.15000000000003,1613.0500000000002
R004,VEH,T2_SD_VEH_,2026_06_21_merged.mat,TEST,4,32263,6265,313.20000000000005,1613.1000000000001
R004,VEH,T2_SD_VEH_,2026_06_21_merged.mat,TEST,3,32273,6275,313.70000000000005,1613.6000000000001
R004,VEH,T2_SD_VEH_,2026_06_21_merged.mat,TEST,3,32274,6276,313.75,1613.65
R004,VEH,T2_SD_VEH_,2026_06_21_merged.mat,TEST,3,32276,6278,313.85,1613.75
R004,VEH,T2_SD_VEH_,2026_06_21_merged.mat,TEST,6,32286,6288,314.35,1614.25
R004,VEH,T2_SD_VEH_,2026_06_21_merged.mat,TEST,6,32300,6302,315.05,1614.95
R004,VEH,T2_SD_VEH_,2026_06_21_merged.mat,TEST,6,32301,6303,315.1,1615.0
R004,VEH,T2_SD_VEH_,2026_06_21_merged.mat,TEST,3,32312,6314,315.65000000000003,1615.5500000000002
R004,VEH,T2_SD_VEH_,2026_06_21_merged.mat,TEST,3,32313,6315,315.70000000000005,1615.6000000000001
R004,VEH,T2_SD_VEH_,2026_06_21_merged.mat,TEST,3,32315,6317,315.8,1615.7
R004,VEH,T2_SD_VEH_,2026_06_21_merged.mat,TEST,1,32397,6399,319.90000000000003,1619.8000000000002
R004,VEH,T2_SD_VEH_,2026_06_21_merged.mat,TEST,3,32399,6401,320.0,1619.9
R004,VEH,T2_SD_VEH_,2026_06_21_merged.mat,TEST,3,32400,6402,320.05,1619.95
R004,VEH,T2_SD_VEH_,2026_06_21_merged.mat,TEST,1,32522,6524,326.15,1626.0500000000002
R004,VEH,T2_SD_VEH_,2026_06_21_merged.mat,TEST,1,32523,6525,326.2,1626.1000000000001
R004,VEH,T2_SD_VEH_,2026_06_21_merged.mat,TEST,1,32524,6526,326.25,1626.15
R004,VEH,T2_SD_VEH_,2026_06_21_merged.mat,TEST,5,32536,6538,326.85,1626.75
R004,VEH,T2_SD_VEH_,2026_06_21_merged.mat,TEST,1,32539,6541,327.0,1626.9
R004,VEH,T2_SD_VEH_,2026_06_21_merged.mat,TEST,1,32540,6542,327.05,1626.95
R004,VEH,T2_SD_VEH_,2026_06_21_merged.mat,TEST,2,32550,6552,327.55,1627.45
R004,VEH,T2_SD_VEH_,2026_06_21_merged.mat,TEST,2,32552,6554,327.65,1627.5500000000002
R004,VEH,T2_SD_VEH_,2026_06_21_merged.mat,TEST,2,32562,6564,328.15,1628.0500000000002
R004,VEH,T2_SD_VEH_,2026_06_21_merged.mat,TEST,2,32563,6565,328.2,1628.1000000000001
R004,VEH,T2_SD_VEH_,2026_06_21_merged.mat,TEST,2,32564,6566,328.25,1628.15
R004,VEH,T2_SD_VEH_,2026_06_21_merged.mat,TEST,2,32568,6570,328.45,1628.3500000000001
R004,VEH,T2_SD_VEH_,2026_06_21_merged.mat,TEST,1,32577,6579,328.9,1628.8000000000002
R004,VEH,T2_SD_VEH_,2026_06_21_merged.mat,TEST,5,32633,6635,331.7,1631.6000000000001
R004,VEH,T2_SD_VEH_,2026_06_21_merged.mat,TEST,5,32634,6636,331.75,1631.65
R004,VEH,T2_SD_VEH_,2026_06_21_merged.mat,TEST,5,32669,6671,333.5,1633.4
R004,VEH,T2_SD_VEH_,2026_06_21_merged.mat,TEST,5,32670,6672,333.55,1633.45
R004,VEH,T2_SD_VEH_,2026_06_21_merged.mat,TEST,5,32736,6738,336.85,1636.75
R004,VEH,T2_SD_VEH_,2026_06_21_merged.mat,TEST,2,32753,6755,337.7,1637.6000000000001
R004,VEH,T2_SD_VEH_,2026_06_21_merged.mat,TEST,5,32778,6780,338.95,1638.8500000000001
R004,VEH,T2_SD_VEH_,2026_06_21_merged.mat,TEST,5,32779,6781,339.0,1638.9
R004,VEH,T2_SD_VEH_,2026_06_21_merged.mat,TEST,3,32800,6802,340.05,1639.95
R004,VEH,T2_SD_VEH_,2026_06_21_merged.mat,TEST,5,32819,6821,341.0,1640.9
R004,VEH,T2_SD_VEH_,2026_06_21_merged.mat,TEST,5,32820,6822,341.05,1640.95
R004,VEH,T2_SD_VEH_,2026_06_21_merged.mat,TEST,5,32821,6823,341.1,1641.0
R004,VEH,T2_SD_VEH_,2026_06_21_merged.mat,TEST,3,32846,6848,342.35,1642.25
R004,VEH,T2_SD_VEH_,2026_06_21_merged.mat,TEST,3,32847,6849,342.4,1642.3000000000002
R004,VEH,T2_SD_VEH_,2026_06_21_merged.mat,TEST,6,32855,6857,342.8,1642.7
R004,VEH,T2_SD_VEH_,2026_06_21_merged.mat,TEST,6,32859,6861,343.0,1642.9
R004,VEH,T2_SD_VEH_,2026_06_21_merged.mat,TEST,3,32957,6959,347.90000000000003,1647.8000000000002
R004,VEH,T2_SD_VEH_,2026_06_21_merged.mat,TEST,3,32958,6960,347.95,1647.8500000000001
R004,VEH,T2_SD_VEH_,2026_06_21_merged.mat,TEST,3,32959,6961,348.0,1647.9
R004,VEH,T2_SD_VEH_,2026_06_21_merged.mat,TEST,2,32961,6963,348.1,1648.0
R004,VEH,T2_SD_VEH_,2026_06_21_merged.mat,TEST,2,32990,6992,349.55,1649.45
R004,VEH,T2_SD_VEH_,2026_06_21_merged.mat,TEST,1,33094,7096,354.75,1654.65
R004,VEH,T2_SD_VEH_,2026_06_21_merged.mat,TEST,5,33101,7103,355.1,1655.0
R004,VEH,T2_SD_VEH_,2026_06_21_merged.mat,TEST,2,33111,7113,355.6,1655.5
R004,VEH,T2_SD_VEH_,2026_06_21_merged.mat,TEST,2,33112,7114,355.65000000000003,1655.5500000000002
R004,VEH,T2_SD_VEH_,2026_06_21_merged.mat,TEST,2,33113,7115,355.7,1655.6000000000001
R004,VEH,T2_SD_VEH_,2026_06_21_merged.mat,TEST,2,33114,7116,355.75,1655.65
R004,VEH,T2_SD_VEH_,2026_06_21_merged.mat,TEST,2,33131,7133,356.6,1656.5
R004,VEH,T2_SD_VEH_,2026_06_21_merged.mat,TEST,2,33132,7134,356.65000000000003,1656.5500000000002
R004,VEH,T2_SD_VEH_,2026_06_21_merged.mat,TEST,3,33141,7143,357.1,1657.0
R004,VEH,T2_SD_VEH_,2026_06_21_merged.mat,TEST,3,33142,7144,357.15000000000003,1657.0500000000002
R004,VEH,T2_SD_VEH_,2026_06_21_merged.mat,TEST,3,33143,7145,357.2,1657.1000000000001
R004,VEH,T2_SD_VEH_,2026_06_21_merged.mat,TEST,3,33146,7148,357.35,1657.25
R004,VEH,T2_SD_VEH_,2026_06_21_merged.mat,TEST,5,33158,7160,357.95,1657.8500000000001
R004,VEH,T2_SD_VEH_,2026_06_21_merged.mat,TEST,5,33159,7161,358.0,1657.9
R004,VEH,T2_SD_VEH_,2026_06_21_merged.mat,TEST,2,33181,7183,359.1,1659.0
R004,VEH,T2_SD_VEH_,2026_06_21_merged.mat,TEST,5,33191,7193,359.6,1659.5
R004,VEH,T2_SD_VEH_,2026_06_21_merged.mat,TEST,3,33192,7194,359.65000000000003,1659.5500000000002
R004,VEH,T2_SD_VEH_,2026_06_21_merged.mat,TEST,3,33193,7195,359.7,1659.6000000000001
R004,VEH,T2_SD_VEH_,2026_06_21_merged.mat,TEST,3,33194,7196,359.75,1659.65
R004,VEH,T2_SD_VEH_,2026_06_21_merged.mat,TEST,3,33195,7197,359.8,1659.7
R004,VEH,T2_SD_VEH_,2026_06_21_merged.mat,TEST,2,33223,7225,361.2,1661.1000000000001
R004,VEH,T2_SD_VEH_,2026_06_21_merged.mat,TEST,2,33225,7227,361.3,1661.2
R004,VEH,T2_SD_VEH_,2026_06_21_merged.mat,TEST,1,33249,7251,362.5,1662.4
R004,VEH,T2_SD_VEH_,2026_06_21_merged.mat,TEST,3,33258,7260,362.95,1662.8500000000001
R004,VEH,T2_SD_VEH_,2026_06_21_merged.mat,TEST,3,33259,7261,363.0,1662.9
R004,VEH,T2_SD_VEH_,2026_06_21_merged.mat,TEST,3,33260,7262,363.05,1662.95
R004,VEH,T2_SD_VEH_,2026_06_21_merged.mat,TEST,2,33390,7392,369.55,1669.45
R004,VEH,T2_SD_VEH_,2026_06_21_merged.mat,TEST,2,33391,7393,369.6,1669.5
R004,VEH,T2_SD_VEH_,2026_06_21_merged.mat,TEST,2,33392,7394,369.65000000000003,1669.5500000000002
R004,VEH,T2_SD_VEH_,2026_06_21_merged.mat,TEST,3,33514,7516,375.75,1675.65
R004,VEH,T2_SD_VEH_,2026_06_21_merged.mat,TEST,3,33515,7517,375.8,1675.7
R004,VEH,T2_SD_VEH_,2026_06_21_merged.mat,TEST,3,33516,7518,375.85,1675.75
R004,VEH,T2_SD_VEH_,2026_06_21_merged.mat,TEST,3,33517,7519,375.90000000000003,1675.8000000000002
R004,VEH,T2_SD_VEH_,2026_06_21_merged.mat,TEST,3,33518,7520,375.95,1675.8500000000001
R004,VEH,T2_SD_VEH_,2026_06_21_merged.mat,TEST,6,33522,7524,376.15000000000003,1676.0500000000002
R004,VEH,T2_SD_VEH_,2026_06_21_merged.mat,TEST,6,33523,7525,376.2,1676.1000000000001
R004,VEH,T2_SD_VEH_,2026_06_21_merged.mat,TEST,6,33528,7530,376.45,1676.3500000000001
R004,VEH,T2_SD_VEH_,2026_06_21_merged.mat,TEST,5,33573,7575,378.7,1678.6000000000001
R004,VEH,T2_SD_VEH_,2026_06_21_merged.mat,TEST,5,33577,7579,378.90000000000003,1678.8000000000002
R004,VEH,T2_SD_VEH_,2026_06_21_merged.mat,TEST,5,33578,7580,378.95,1678.8500000000001
R004,VEH,T2_SD_VEH_,2026_06_21_merged.mat,TEST,5,33579,7581,379.0,1678.9
R004,VEH,T2_SD_VEH_,2026_06_21_merged.mat,TEST,5,33580,7582,379.05,1678.95
R004,VEH,T2_SD_VEH_,2026_06_21_merged.mat,TEST,5,33581,7583,379.1,1679.0
R004,VEH,T2_SD_VEH_,2026_06_21_merged.mat,TEST,5,33586,7588,379.35,1679.25
R004,VEH,T2_SD_VEH_,2026_06_21_merged.mat,TEST,3,33588,7590,379.45,1679.3500000000001
R004,VEH,T2_SD_VEH_,2026_06_21_merged.mat,TEST,3,33589,7591,379.5,1679.4
R004,VEH,T2_SD_VEH_,2026_06_21_merged.mat,TEST,3,33591,7593,379.6,1679.5
R004,VEH,T2_SD_VEH_,2026_06_21_merged.mat,TEST,2,33639,7641,382.0,1681.9
R004,VEH,T2_SD_VEH_,2026_06_21_merged.mat,TEST,2,33640,7642,382.05,1681.95
R004,VEH,T2_SD_VEH_,2026_06_21_merged.mat,TEST,2,33641,7643,382.1,1682.0
R004,VEH,T2_SD_VEH_,2026_06_21_merged.mat,TEST,2,33643,7645,382.2,1682.1000000000001
R004,VEH,T2_SD_VEH_,2026_06_21_merged.mat,TEST,2,33645,7647,382.3,1682.2
R004,VEH,T2_SD_VEH_,2026_06_21_merged.mat,TEST,2,33646,7648,382.35,1682.25
R004,VEH,T2_SD_VEH_,2026_06_21_merged.mat,TEST,2,33647,7649,382.40000000000003,1682.3000000000002
R004,VEH,T2_SD_VEH_,2026_06_21_merged.mat,TEST,2,33648,7650,382.45,1682.3500000000001
R004,VEH,T2_SD_VEH_,2026_06_21_merged.mat,TEST,2,33691,7693,384.6,1684.5
R004,VEH,T2_SD_VEH_,2026_06_21_merged.mat,TEST,3,33764,7766,388.25,1688.15
R004,VEH,T2_SD_VEH_,2026_06_21_merged.mat,TEST,3,33802,7804,390.15000000000003,1690.0500000000002
R004,VEH,T2_SD_VEH_,2026_06_21_merged.mat,TEST,3,33804,7806,390.25,1690.15
R004,VEH,T2_SD_VEH_,2026_06_21_merged.mat,TEST,3,33858,7860,392.95,1692.8500000000001
R004,VEH,T2_SD_VEH_,2026_06_21_merged.mat,TEST,5,33911,7913,395.6,1695.5
R004,VEH,T2_SD_VEH_,2026_06_21_merged.mat,TEST,3,33930,7932,396.55,1696.45
R004,VEH,T2_SD_VEH_,2026_06_21_merged.mat,TEST,3,33931,7933,396.6,1696.5
R004,VEH,T2_SD_VEH_,2026_06_21_merged.mat,TEST,3,33974,7976,398.75,1698.65
R004,VEH,T2_SD_VEH_,2026_06_21_merged.mat,TEST,3,33975,7977,398.8,1698.7
R004,VEH,T2_SD_VEH_,2026_06_21_merged.mat,TEST,2,33986,7988,399.35,1699.25
R004,VEH,T2_SD_VEH_,2026_06_21_merged.mat,TEST,3,34015,8017,400.8,1700.7
R004,VEH,T2_SD_VEH_,2026_06_21_merged.mat,TEST,2,34028,8030,401.45000000000005,1701.3500000000001
R004,VEH,T2_SD_VEH_,2026_06_21_merged.mat,TEST,5,34070,8072,403.55,1703.45
R004,VEH,T2_SD_VEH_,2026_06_21_merged.mat,TEST,5,34072,8074,403.65,1703.5500000000002
R004,VEH,T2_SD_VEH_,2026_06_21_merged.mat,TEST,4,34084,8086,404.25,1704.15
R004,VEH,T2_SD_VEH_,2026_06_21_merged.mat,TEST,4,34085,8087,404.3,1704.2
R004,VEH,T2_SD_VEH_,2026_06_21_merged.mat,TEST,4,34086,8088,404.35,1704.25
R004,VEH,T2_SD_VEH_,2026_06_21_merged.mat,TEST,4,34087,8089,404.4,1704.3000000000002
R004,VEH,T2_SD_VEH_,2026_06_21_merged.mat,TEST,4,34088,8090,404.45000000000005,1704.3500000000001
R004,VEH,T2_SD_VEH_,2026_06_21_merged.mat,TEST,4,34089,8091,404.5,1704.4
R004,VEH,T2_SD_VEH_,2026_06_21_merged.mat,TEST,4,34090,8092,404.55,1704.45
R004,VEH,T2_SD_VEH_,2026_06_21_merged.mat,TEST,6,34092,8094,404.65,1704.5500000000002
R004,VEH,T2_SD_VEH_,2026_06_21_merged.mat,TEST,3,34124,8126,406.25,1706.15
R004,VEH,T2_SD_VEH_,2026_06_21_merged.mat,TEST,3,34125,8127,406.3,1706.2
R004,VEH,T2_SD_VEH_,2026_06_21_merged.mat,TEST,3,34128,8130,406.45000000000005,1706.3500000000001
R004,VEH,T2_SD_VEH_,2026_06_21_merged.mat,TEST,3,34129,8131,406.5,1706.4
R004,VEH,T2_SD_VEH_,2026_06_21_merged.mat,TEST,4,34134,8136,406.75,1706.65
R004,VEH,T2_SD_VEH_,2026_06_21_merged.mat,TEST,4,34135,8137,406.8,1706.7
R004,VEH,T2_SD_VEH_,2026_06_21_merged.mat,TEST,4,34136,8138,406.85,1706.75
R004,VEH,T2_SD_VEH_,2026_06_21_merged.mat,TEST,4,34137,8139,406.9,1706.8000000000002
R004,VEH,T2_SD_VEH_,2026_06_21_merged.mat,TEST,4,34142,8144,407.15,1707.0500000000002
R004,VEH,T2_SD_VEH_,2026_06_21_merged.mat,TEST,4,34143,8145,407.20000000000005,1707.1000000000001
R004,VEH,T2_SD_VEH_,2026_06_21_merged.mat,TEST,4,34144,8146,407.25,1707.15
R004,VEH,T2_SD_VEH_,2026_06_21_merged.mat,TEST,3,34145,8147,407.3,1707.2
R004,VEH,T2_SD_VEH_,2026_06_21_merged.mat,TEST,3,34146,8148,407.35,1707.25
R004,VEH,T2_SD_VEH_,2026_06_21_merged.mat,TEST,6,34197,8199,409.9,1709.8000000000002
R004,VEH,T2_SD_VEH_,2026_06_21_merged.mat,TEST,3,34248,8250,412.45000000000005,1712.3500000000001
R004,VEH,T2_SD_VEH_,2026_06_21_merged.mat,TEST,3,34249,8251,412.5,1712.4
R004,VEH,T2_SD_VEH_,2026_06_21_merged.mat,TEST,3,34250,8252,412.55,1712.45
R004,VEH,T2_SD_VEH_,2026_06_21_merged.mat,TEST,3,34251,8253,412.6,1712.5
R004,VEH,T2_SD_VEH_,2026_06_21_merged.mat,TEST,3,34307,8309,415.4,1715.3000000000002
R004,VEH,T2_SD_VEH_,2026_06_21_merged.mat,TEST,3,34308,8310,415.45000000000005,1715.3500000000001
R004,VEH,T2_SD_VEH_,2026_06_21_merged.mat,TEST,5,34324,8326,416.25,1716.15
R004,VEH,T2_SD_VEH_,2026_06_21_merged.mat,TEST,5,34325,8327,416.3,1716.2
R004,VEH,T2_SD_VEH_,2026_06_21_merged.mat,TEST,6,34337,8339,416.9,1716.8000000000002
R004,VEH,T2_SD_VEH_,2026_06_21_merged.mat,TEST,6,34385,8387,419.3,1719.2
R004,VEH,T2_SD_VEH_,2026_06_21_merged.mat,TEST,5,34432,8434,421.65,1721.5500000000002
R004,VEH,T2_SD_VEH_,2026_06_21_merged.mat,TEST,5,34433,8435,421.70000000000005,1721.6000000000001
R004,VEH,T2_SD_VEH_,2026_06_21_merged.mat,TEST,5,34435,8437,421.8,1721.7
R004,VEH,T2_SD_VEH_,2026_06_21_merged.mat,TEST,5,34436,8438,421.85,1721.75
R004,VEH,T2_SD_VEH_,2026_06_21_merged.mat,TEST,5,34437,8439,421.9,1721.8000000000002
R004,VEH,T2_SD_VEH_,2026_06_21_merged.mat,TEST,5,34438,8440,421.95000000000005,1721.8500000000001
R004,VEH,T2_SD_VEH_,2026_06_21_merged.mat,TEST,5,34439,8441,422.0,1721.9
R004,VEH,T2_SD_VEH_,2026_06_21_merged.mat,TEST,5,34440,8442,422.05,1721.95
R004,VEH,T2_SD_VEH_,2026_06_21_merged.mat,TEST,5,34441,8443,422.1,1722.0
R004,VEH,T2_SD_VEH_,2026_06_21_merged.mat,TEST,2,34449,8451,422.5,1722.4
R004,VEH,T2_SD_VEH_,2026_06_21_merged.mat,TEST,4,34519,8521,426.0,1725.9
R004,VEH,T2_SD_VEH_,2026_06_21_merged.mat,TEST,3,34534,8536,426.75,1726.65
R004,VEH,T2_SD_VEH_,2026_06_21_merged.mat,TEST,6,34570,8572,428.55,1728.45
R004,VEH,T2_SD_VEH_,2026_06_21_merged.mat,TEST,6,34571,8573,428.6,1728.5
R004,VEH,T2_SD_VEH_,2026_06_21_merged.mat,TEST,2,34609,8611,430.5,1730.4
R004,VEH,T2_SD_VEH_,2026_06_21_merged.mat,TEST,2,34610,8612,430.55,1730.45
R004,VEH,T2_SD_VEH_,2026_06_21_merged.mat,TEST,1,34738,8740,436.95000000000005,1736.8500000000001
R004,VEH,T2_SD_VEH_,2026_06_21_merged.mat,TEST,1,34739,8741,437.0,1736.9
R004,VEH,T2_SD_VEH_,2026_06_21_merged.mat,TEST,1,34740,8742,437.05,1736.95
R004,VEH,T2_SD_VEH_,2026_06_21_merged.mat,TEST,2,34806,8808,440.35,1740.25
R004,VEH,T2_SD_VEH_,2026_06_21_merged.mat,TEST,5,34827,8829,441.4,1741.3000000000002
R004,VEH,T2_SD_VEH_,2026_06_21_merged.mat,TEST,5,34828,8830,441.45000000000005,1741.3500000000001
R004,VEH,T2_SD_VEH_,2026_06_21_merged.mat,TEST,5,34829,8831,441.5,1741.4
R004,VEH,T2_SD_VEH_,2026_06_21_merged.mat,TEST,1,34831,8833,441.6,1741.5
R004,VEH,T2_SD_VEH_,2026_06_21_merged.mat,TEST,3,34853,8855,442.70000000000005,1742.6000000000001
R004,VEH,T2_SD_VEH_,2026_06_21_merged.mat,TEST,6,34863,8865,443.20000000000005,1743.1000000000001
R004,VEH,T2_SD_VEH_,2026_06_21_merged.mat,TEST,6,34864,8866,443.25,1743.15
R004,VEH,T2_SD_VEH_,2026_06_21_merged.mat,TEST,6,34865,8867,443.3,1743.2
R004,VEH,T2_SD_VEH_,2026_06_21_merged.mat,TEST,6,34866,8868,443.35,1743.25
R004,VEH,T2_SD_VEH_,2026_06_21_merged.mat,TEST,4,34890,8892,444.55,1744.45
R004,VEH,T2_SD_VEH_,2026_06_21_merged.mat,TEST,4,34891,8893,444.6,1744.5
R004,VEH,T2_SD_VEH_,2026_06_21_merged.mat,TEST,3,34912,8914,445.65,1745.5500000000002
R004,VEH,T2_SD_VEH_,2026_06_21_merged.mat,TEST,5,34934,8936,446.75,1746.65
R004,VEH,T2_SD_VEH_,2026_06_21_merged.mat,TEST,3,35042,9044,452.15,1752.0500000000002
R004,VEH,T2_SD_VEH_,2026_06_21_merged.mat,TEST,3,35043,9045,452.20000000000005,1752.1000000000001
R004,VEH,T2_SD_VEH_,2026_06_21_merged.mat,TEST,3,35044,9046,452.25,1752.15
R004,VEH,T2_SD_VEH_,2026_06_21_merged.mat,TEST,3,35045,9047,452.3,1752.2
R004,VEH,T2_SD_VEH_,2026_06_21_merged.mat,TEST,2,35064,9066,453.25,1753.15
R004,VEH,T2_SD_VEH_,2026_06_21_merged.mat,TEST,5,35152,9154,457.65,1757.5500000000002
R004,VEH,T2_SD_VEH_,2026_06_21_merged.mat,TEST,5,35238,9240,461.95000000000005,1761.8500000000001
R004,VEH,T2_SD_VEH_,2026_06_21_merged.mat,TEST,3,35293,9295,464.70000000000005,1764.6000000000001
R004,VEH,T2_SD_VEH_,2026_06_21_merged.mat,TEST,3,35297,9299,464.9,1764.8000000000002
R004,VEH,T2_SD_VEH_,2026_06_21_merged.mat,TEST,3,35300,9302,465.05,1764.95
R004,VEH,T2_SD_VEH_,2026_06_21_merged.mat,TEST,3,35301,9303,465.1,1765.0
R004,VEH,T2_SD_VEH_,2026_06_21_merged.mat,TEST,3,35302,9304,465.15,1765.0500000000002
R004,VEH,T2_SD_VEH_,2026_06_21_merged.mat,TEST,1,35343,9345,467.20000000000005,1767.1000000000001
R004,VEH,T2_SD_VEH_,2026_06_21_merged.mat,TEST,1,35353,9355,467.70000000000005,1767.6000000000001
R004,VEH,T2_SD_VEH_,2026_06_21_merged.mat,TEST,1,35356,9358,467.85,1767.75
R004,VEH,T2_SD_VEH_,2026_06_21_merged.mat,TEST,1,35357,9359,467.9,1767.8000000000002
R004,VEH,T2_SD_VEH_,2026_06_21_merged.mat,TEST,1,35366,9368,468.35,1768.25
R004,VEH,T2_SD_VEH_,2026_06_21_merged.mat,TEST,3,35368,9370,468.45000000000005,1768.3500000000001
R004,VEH,T2_SD_VEH_,2026_06_21_merged.mat,TEST,3,35371,9373,468.6,1768.5
R004,VEH,T2_SD_VEH_,2026_06_21_merged.mat,TEST,3,35372,9374,468.65,1768.5500000000002
R004,VEH,T2_SD_VEH_,2026_06_21_merged.mat,TEST,3,35374,9376,468.75,1768.65
R004,VEH,T2_SD_VEH_,2026_06_21_merged.mat,TEST,1,35421,9423,471.1,1771.0
R004,VEH,T2_SD_VEH_,2026_06_21_merged.mat,TEST,5,35438,9440,471.95000000000005,1771.8500000000001
R004,VEH,T2_SD_VEH_,2026_06_21_merged.mat,TEST,3,35445,9447,472.3,1772.2
R004,VEH,T2_SD_VEH_,2026_06_21_merged.mat,TEST,5,35448,9450,472.45000000000005,1772.3500000000001
R004,VEH,T2_SD_VEH_,2026_06_21_merged.mat,TEST,5,35449,9451,472.5,1772.4
R004,VEH,T2_SD_VEH_,2026_06_21_merged.mat,TEST,2,35458,9460,472.95000000000005,1772.8500000000001
R004,VEH,T2_SD_VEH_,2026_06_21_merged.mat,TEST,2,35459,9461,473.0,1772.9
R004,VEH,T2_SD_VEH_,2026_06_21_merged.mat,TEST,2,35460,9462,473.05,1772.95
R004,VEH,T2_SD_VEH_,2026_06_21_merged.mat,TEST,2,35461,9463,473.1,1773.0
R004,VEH,T2_SD_VEH_,2026_06_21_merged.mat,TEST,2,35462,9464,473.15,1773.0500000000002
R004,VEH,T2_SD_VEH_,2026_06_21_merged.mat,TEST,2,35463,9465,473.20000000000005,1773.1000000000001
R004,VEH,T2_SD_VEH_,2026_06_21_merged.mat,TEST,2,35464,9466,473.25,1773.15
R004,VEH,T2_SD_VEH_,2026_06_21_merged.mat,TEST,2,35471,9473,473.6,1773.5
R004,VEH,T2_SD_VEH_,2026_06_21_merged.mat,TEST,1,35545,9547,477.3,1777.2
R004,VEH,T2_SD_VEH_,2026_06_21_merged.mat,TEST,1,35597,9599,479.9,1779.8000000000002
R004,VEH,T2_SD_VEH_,2026_06_21_merged.mat,TEST,3,35671,9673,483.6,1783.5
R004,VEH,T2_SD_VEH_,2026_06_21_merged.mat,TEST,3,35672,9674,483.65,1783.5500000000002
R004,VEH,T2_SD_VEH_,2026_06_21_merged.mat,TEST,3,35674,9676,483.75,1783.65
R004,VEH,T2_SD_VEH_,2026_06_21_merged.mat,TEST,3,35732,9734,486.65,1786.5500000000002
R004,VEH,T2_SD_VEH_,2026_06_21_merged.mat,TEST,3,35733,9735,486.70000000000005,1786.6000000000001
R004,VEH,T2_SD_VEH_,2026_06_21_merged.mat,TEST,2,35822,9824,491.15,1791.0500000000002
R004,VEH,T2_SD_VEH_,2026_06_21_merged.mat,TEST,2,35823,9825,491.20000000000005,1791.1000000000001
R004,VEH,T2_SD_VEH_,2026_06_21_merged.mat,TEST,2,35824,9826,491.25,1791.15
R004,VEH,T2_SD_VEH_,2026_06_21_merged.mat,TEST,3,35841,9843,492.1,1792.0
R004,VEH,T2_SD_VEH_,2026_06_21_merged.mat,TEST,2,35882,9884,494.15,1794.0500000000002
R004,VEH,T2_SD_VEH_,2026_06_21_merged.mat,TEST,3,35944,9946,497.25,1797.15
R004,VEH,T2_SD_VEH_,2026_06_21_merged.mat,TEST,3,35945,9947,497.3,1797.2
R004,VEH,T2_SD_VEH_,2026_06_21_merged.mat,TEST,3,35946,9948,497.35,1797.25
R004,VEH,T2_SD_VEH_,2026_06_21_merged.mat,TEST,3,35947,9949,497.4,1797.3000000000002
R004,VEH,T2_SD_VEH_,2026_06_21_merged.mat,TEST,3,35948,9950,497.45000000000005,1797.3500000000001
R004,VEH,T2_SD_VEH_,2026_06_21_merged.mat,TEST,4,35972,9974,498.65,1798.5500000000002
R004,VEH,T2_SD_VEH_,2026_06_21_merged.mat,TEST,4,35973,9975,498.70000000000005,1798.6000000000001
R004,VEH,T2_SD_VEH_,2026_06_21_merged.mat,TEST,4,35974,9976,498.75,1798.65
R004,VEH,T2_SD_VEH_,2026_06_21_merged.mat,TEST,4,35976,9978,498.85,1798.75
R004,VEH,T2_SD_VEH_,2026_06_21_merged.mat,TEST,3,36009,10011,500.5,1800.4
R004,VEH,T2_SD_VEH_,2026_06_21_merged.mat,TEST,3,36010,10012,500.55,1800.45
R004,VEH,T2_SD_VEH_,2026_06_21_merged.mat,TEST,3,36011,10013,500.6,1800.5
R004,VEH,T2_SD_VEH_,2026_06_21_merged.mat,TEST,5,36097,10099,504.9,1804.8000000000002
R004,VEH,T2_SD_VEH_,2026_06_21_merged.mat,TEST,3,36123,10125,506.20000000000005,1806.1000000000001
R004,VEH,T2_SD_VEH_,2026_06_21_merged.mat,TEST,3,36124,10126,506.25,1806.15
R004,VEH,T2_SD_VEH_,2026_06_21_merged.mat,TEST,3,36125,10127,506.3,1806.2
R004,VEH,T2_SD_VEH_,2026_06_21_merged.mat,TEST,6,36145,10147,507.3,1807.2
R004,VEH,T2_SD_VEH_,2026_06_21_merged.mat,TEST,1,36167,10169,508.4,1808.3000000000002
R004,VEH,T2_SD_VEH_,2026_06_21_merged.mat,TEST,5,36190,10192,509.55,1809.45
R004,VEH,T2_SD_VEH_,2026_06_21_merged.mat,TEST,5,36191,10193,509.6,1809.5
R004,VEH,T2_SD_VEH_,2026_06_21_merged.mat,TEST,2,36380,10382,519.05,1818.95
R004,VEH,T2_SD_VEH_,2026_06_21_merged.mat,TEST,2,36381,10383,519.1,1819.0
R004,VEH,T2_SD_VEH_,2026_06_21_merged.mat,TEST,2,36396,10398,519.85,1819.75
R004,VEH,T2_SD_VEH_,2026_06_21_merged.mat,TEST,3,36438,10440,521.95,1821.8500000000001
R004,VEH,T2_SD_VEH_,2026_06_21_merged.mat,TEST,3,36439,10441,522.0,1821.9
R004,VEH,T2_SD_VEH_,2026_06_21_merged.mat,TEST,3,36440,10442,522.05,1821.95
R004,VEH,T2_SD_VEH_,2026_06_21_merged.mat,TEST,2,36459,10461,523.0,1822.9
R004,VEH,T2_SD_VEH_,2026_06_21_merged.mat,TEST,2,36460,10462,523.05,1822.95
R004,VEH,T2_SD_VEH_,2026_06_21_merged.mat,TEST,3,36500,10502,525.05,1824.95
R004,VEH,T2_SD_VEH_,2026_06_21_merged.mat,TEST,3,36504,10506,525.25,1825.15
R004,VEH,T2_SD_VEH_,2026_06_21_merged.mat,TEST,4,36506,10508,525.35,1825.25
R004,VEH,T2_SD_VEH_,2026_06_21_merged.mat,TEST,4,36507,10509,525.4,1825.3000000000002
R004,VEH,T2_SD_VEH_,2026_06_21_merged.mat,TEST,4,36508,10510,525.45,1825.3500000000001
R004,VEH,T2_SD_VEH_,2026_06_21_merged.mat,TEST,4,36509,10511,525.5,1825.4
R004,VEH,T2_SD_VEH_,2026_06_21_merged.mat,TEST,4,36510,10512,525.55,1825.45
R004,VEH,T2_SD_VEH_,2026_06_21_merged.mat,TEST,4,36515,10517,525.8,1825.7
R004,VEH,T2_SD_VEH_,2026_06_21_merged.mat,TEST,3,36617,10619,530.9,1830.8000000000002
R004,VEH,T2_SD_VEH_,2026_06_21_merged.mat,TEST,5,36623,10625,531.2,1831.1000000000001
R004,VEH,T2_SD_VEH_,2026_06_21_merged.mat,TEST,2,36633,10635,531.7,1831.6000000000001
R004,VEH,T2_SD_VEH_,2026_06_21_merged.mat,TEST,2,36634,10636,531.75,1831.65
R004,VEH,T2_SD_VEH_,2026_06_21_merged.mat,TEST,2,36635,10637,531.8,1831.7
R004,VEH,T2_SD_VEH_,2026_06_21_merged.mat,TEST,3,36664,10666,533.25,1833.15
R004,VEH,T2_SD_VEH_,2026_06_21_merged.mat,TEST,2,36712,10714,535.65,1835.5500000000002
R004,VEH,T2_SD_VEH_,2026_06_21_merged.mat,TEST,3,36765,10767,538.3,1838.2
R004,VEH,T2_SD_VEH_,2026_06_21_merged.mat,TEST,3,36766,10768,538.35,1838.25
R004,VEH,T2_SD_VEH_,2026_06_21_merged.mat,TEST,6,36784,10786,539.25,1839.15
R004,VEH,T2_SD_VEH_,2026_06_21_merged.mat,TEST,6,36785,10787,539.3,1839.2
R004,VEH,T2_SD_VEH_,2026_06_21_merged.mat,TEST,3,36789,10791,539.5,1839.4
R004,VEH,T2_SD_VEH_,2026_06_21_merged.mat,TEST,3,36790,10792,539.55,1839.45
R004,VEH,T2_SD_VEH_,2026_06_21_merged.mat,TEST,3,36791,10793,539.6,1839.5
R004,VEH,T2_SD_VEH_,2026_06_21_merged.mat,TEST,3,36792,10794,539.65,1839.5500000000002
R004,VEH,T2_SD_VEH_,2026_06_21_merged.mat,TEST,6,36795,10797,539.8,1839.7
R004,VEH,T2_SD_VEH_,2026_06_21_merged.mat,TEST,5,36818,10820,540.95,1840.8500000000001
R004,VEH,T2_SD_VEH_,2026_06_21_merged.mat,TEST,5,36819,10821,541.0,1840.9
R004,VEH,T2_SD_VEH_,2026_06_21_merged.mat,TEST,5,36866,10868,543.35,1843.25
R004,VEH,T2_SD_VEH_,2026_06_21_merged.mat,TEST,5,36867,10869,543.4,1843.3000000000002
R004,VEH,T2_SD_VEH_,2026_06_21_merged.mat,TEST,5,36877,10879,543.9,1843.8000000000002
R004,VEH,T2_SD_VEH_,2026_06_21_merged.mat,TEST,5,36878,10880,543.95,1843.8500000000001
R004,VEH,T2_SD_VEH_,2026_06_21_merged.mat,TEST,5,36879,10881,544.0,1843.9
R004,VEH,T2_SD_VEH_,2026_06_21_merged.mat,TEST,2,36889,10891,544.5,1844.4
R004,VEH,T2_SD_VEH_,2026_06_21_merged.mat,TEST,2,36890,10892,544.55,1844.45
R004,VEH,T2_SD_VEH_,2026_06_21_merged.mat,TEST,4,36906,10908,545.35,1845.25
R004,VEH,T2_SD_VEH_,2026_06_21_merged.mat,TEST,4,36907,10909,545.4,1845.3000000000002
R004,VEH,T2_SD_VEH_,2026_06_21_merged.mat,TEST,1,36917,10919,545.9,1845.8000000000002
R004,VEH,T2_SD_VEH_,2026_06_21_merged.mat,TEST,1,36918,10920,545.95,1845.8500000000001
R004,VEH,T2_SD_VEH_,2026_06_21_merged.mat,TEST,3,36920,10922,546.05,1845.95
R004,VEH,T2_SD_VEH_,2026_06_21_merged.mat,TEST,3,36921,10923,546.1,1846.0
R004,VEH,T2_SD_VEH_,2026_06_21_merged.mat,TEST,4,36999,11001,550.0,1849.9
R004,VEH,T2_SD_VEH_,2026_06_21_merged.mat,TEST,4,37000,11002,550.05,1849.95
R004,VEH,T2_SD_VEH_,2026_06_21_merged.mat,TEST,4,37002,11004,550.15,1850.0500000000002
R004,VEH,T2_SD_VEH_,2026_06_21_merged.mat,TEST,3,37004,11006,550.25,1850.15
R004,VEH,T2_SD_VEH_,2026_06_21_merged.mat,TEST,3,37005,11007,550.3,1850.2
R004,VEH,T2_SD_VEH_,2026_06_21_merged.mat,TEST,4,37014,11016,550.75,1850.65
R004,VEH,T2_SD_VEH_,2026_06_21_merged.mat,TEST,4,37015,11017,550.8,1850.7
R004,VEH,T2_SD_VEH_,2026_06_21_merged.mat,TEST,4,37016,11018,550.85,1850.75
R004,VEH,T2_SD_VEH_,2026_06_21_merged.mat,TEST,4,37018,11020,550.95,1850.8500000000001
R004,VEH,T2_SD_VEH_,2026_06_21_merged.mat,TEST,4,37019,11021,551.0,1850.9
R004,VEH,T2_SD_VEH_,2026_06_21_merged.mat,TEST,4,37020,11022,551.05,1850.95
R004,VEH,T2_SD_VEH_,2026_06_21_merged.mat,TEST,2,37026,11028,551.35,1851.25
R004,VEH,T2_SD_VEH_,2026_06_21_merged.mat,TEST,2,37034,11036,551.75,1851.65
R004,VEH,T2_SD_VEH_,2026_06_21_merged.mat,TEST,2,37035,11037,551.8,1851.7
R004,VEH,T2_SD_VEH_,2026_06_21_merged.mat,TEST,2,37036,11038,551.85,1851.75
R004,VEH,T2_SD_VEH_,2026_06_21_merged.mat,TEST,4,37072,11074,553.65,1853.5500000000002
R004,VEH,T2_SD_VEH_,2026_06_21_merged.mat,TEST,4,37073,11075,553.7,1853.6000000000001
R004,VEH,T2_SD_VEH_,2026_06_21_merged.mat,TEST,4,37074,11076,553.75,1853.65
R004,VEH,T2_SD_VEH_,2026_06_21_merged.mat,TEST,4,37075,11077,553.8,1853.7
R004,VEH,T2_SD_VEH_,2026_06_21_merged.mat,TEST,4,37076,11078,553.85,1853.75
R004,VEH,T2_SD_VEH_,2026_06_21_merged.mat,TEST,4,37077,11079,553.9,1853.8000000000002
R004,VEH,T2_SD_VEH_,2026_06_21_merged.mat,TEST,4,37078,11080,553.95,1853.8500000000001
R004,VEH,T2_SD_VEH_,2026_06_21_merged.mat,TEST,4,37080,11082,554.05,1853.95
R004,VEH,T2_SD_VEH_,2026_06_21_merged.mat,TEST,2,37122,11124,556.15,1856.0500000000002
R004,VEH,T2_SD_VEH_,2026_06_21_merged.mat,TEST,1,37159,11161,558.0,1857.9
R004,VEH,T2_SD_VEH_,2026_06_21_merged.mat,TEST,4,37217,11219,560.9,1860.8000000000002
R004,VEH,T2_SD_VEH_,2026_06_21_merged.mat,TEST,4,37219,11221,561.0,1860.9
R004,VEH,T2_SD_VEH_,2026_06_21_merged.mat,TEST,3,37389,11391,569.5,1869.4
R004,VEH,T2_SD_VEH_,2026_06_21_merged.mat,TEST,3,37390,11392,569.55,1869.45
R004,VEH,T2_SD_VEH_,2026_06_21_merged.mat,TEST,3,37391,11393,569.6,1869.5
R004,VEH,T2_SD_VEH_,2026_06_21_merged.mat,TEST,5,37400,11402,570.05,1869.95
R004,VEH,T2_SD_VEH_,2026_06_21_merged.mat,TEST,5,37408,11410,570.45,1870.3500000000001
R004,VEH,T2_SD_VEH_,2026_06_21_merged.mat,TEST,4,37459,11461,573.0,1872.9
R004,VEH,T2_SD_VEH_,2026_06_21_merged.mat,TEST,5,37503,11505,575.2,1875.1000000000001
R004,VEH,T2_SD_VEH_,2026_06_21_merged.mat,TEST,2,37515,11517,575.8000000000001,1875.7000000000003
R004,VEH,T2_SD_VEH_,2026_06_21_merged.mat,TEST,4,37587,11589,579.4,1879.3000000000002
R004,VEH,T2_SD_VEH_,2026_06_21_merged.mat,TEST,3,37604,11606,580.25,1880.15
R004,VEH,T2_SD_VEH_,2026_06_21_merged.mat,TEST,2,37691,11693,584.6,1884.5
R004,VEH,T2_SD_VEH_,2026_06_21_merged.mat,TEST,2,37694,11696,584.75,1884.65
R004,VEH,T2_SD_VEH_,2026_06_21_merged.mat,TEST,2,37695,11697,584.8000000000001,1884.7000000000003
R004,VEH,T2_SD_VEH_,2026_06_21_merged.mat,TEST,2,37705,11707,585.3000000000001,1885.2000000000003
R004,VEH,T2_SD_VEH_,2026_06_21_merged.mat,TEST,2,37759,11761,588.0,1887.9
R004,VEH,T2_SD_VEH_,2026_06_21_merged.mat,TEST,2,37760,11762,588.0500000000001,1887.9500000000003
R004,VEH,T2_SD_VEH_,2026_06_21_merged.mat,TEST,2,37765,11767,588.3000000000001,1888.2000000000003
R004,VEH,T2_SD_VEH_,2026_06_21_merged.mat,TEST,2,37766,11768,588.35,1888.25
R004,VEH,T2_SD_VEH_,2026_06_21_merged.mat,TEST,2,37771,11773,588.6,1888.5
R004,VEH,T2_SD_VEH_,2026_06_21_merged.mat,TEST,2,37772,11774,588.65,1888.5500000000002
R004,VEH,T2_SD_VEH_,2026_06_21_merged.mat,TEST,2,37841,11843,592.1,1892.0
R004,VEH,T2_SD_VEH_,2026_06_21_merged.mat,TEST,2,37842,11844,592.15,1892.0500000000002
R004,VEH,T2_SD_VEH_,2026_06_21_merged.mat,TEST,2,37843,11845,592.2,1892.1000000000001
R004,VEH,T2_SD_VEH_,2026_06_21_merged.mat,TEST,6,37873,11875,593.7,1893.6000000000001
R004,VEH,T2_SD_VEH_,2026_06_21_merged.mat,TEST,6,37876,11878,593.85,1893.75
R004,VEH,T2_SD_VEH_,2026_06_21_merged.mat,TEST,6,37877,11879,593.9,1893.8000000000002
R004,VEH,T2_SD_VEH_,2026_06_21_merged.mat,TEST,6,37878,11880,593.95,1893.8500000000001
R004,VEH,T2_SD_VEH_,2026_06_21_merged.mat,TEST,6,37879,11881,594.0,1893.9
R004,VEH,T2_SD_VEH_,2026_06_21_merged.mat,TEST,1,37880,11882,594.0500000000001,1893.9500000000003
R004,VEH,T2_SD_VEH_,2026_06_21_merged.mat,TEST,3,37887,11889,594.4,1894.3000000000002
R004,VEH,T2_SD_VEH_,2026_06_21_merged.mat,TEST,3,37888,11890,594.45,1894.3500000000001
R004,VEH,T2_SD_VEH_,2026_06_21_merged.mat,TEST,5,37913,11915,595.7,1895.6000000000001
R004,VEH,T2_SD_VEH_,2026_06_21_merged.mat,TEST,5,37914,11916,595.75,1895.65
R004,VEH,T2_SD_VEH_,2026_06_21_merged.mat,TEST,5,37916,11918,595.85,1895.75
R004,VEH,T2_SD_VEH_,2026_06_21_merged.mat,TEST,5,37917,11919,595.9,1895.8000000000002
R004,VEH,T2_SD_VEH_,2026_06_21_merged.mat,TEST,1,37960,11962,598.0500000000001,1897.9500000000003
R004,VEH,T2_SD_VEH_,2026_06_21_merged.mat,TEST,1,37961,11963,598.1,1898.0
R004,VEH,T2_SD_VEH_,2026_06_21_merged.mat,TEST,1,37962,11964,598.15,1898.0500000000002
R004,VEH,T2_SD_VEH_,2026_06_21_merged.mat,TEST,1,37963,11965,598.2,1898.1000000000001
R004,VEH,T2_SD_VEH_,2026_06_21_merged.mat,TEST,5,38029,12031,601.5,1901.4
R004,VEH,T2_SD_VEH_,2026_06_21_merged.mat,TEST,5,38030,12032,601.5500000000001,1901.4500000000003
R004,VEH,T2_SD_VEH_,2026_06_21_merged.mat,TEST,3,38072,12074,603.65,1903.5500000000002
R004,VEH,T2_SD_VEH_,2026_06_21_merged.mat,TEST,3,38073,12075,603.7,1903.6000000000001
R004,VEH,T2_SD_VEH_,2026_06_21_merged.mat,TEST,3,38118,12120,605.95,1905.8500000000001
R004,VEH,T2_SD_VEH_,2026_06_21_merged.mat,TEST,3,38119,12121,606.0,1905.9
R004,VEH,T2_SD_VEH_,2026_06_21_merged.mat,TEST,3,38139,12141,607.0,1906.9
R004,VEH,T2_SD_VEH_,2026_06_21_merged.mat,TEST,3,38140,12142,607.0500000000001,1906.9500000000003
R004,VEH,T2_SD_VEH_,2026_06_21_merged.mat,TEST,3,38152,12154,607.65,1907.5500000000002
R004,VEH,T2_SD_VEH_,2026_06_21_merged.mat,TEST,5,38160,12162,608.0500000000001,1907.9500000000003
R004,VEH,T2_SD_VEH_,2026_06_21_merged.mat,TEST,3,38244,12246,612.25,1912.15
R004,VEH,T2_SD_VEH_,2026_06_21_merged.mat,TEST,3,38245,12247,612.3000000000001,1912.2000000000003
R004,VEH,T2_SD_VEH_,2026_06_21_merged.mat,TEST,2,38247,12249,612.4,1912.3000000000002
R004,VEH,T2_SD_VEH_,2026_06_21_merged.mat,TEST,2,38248,12250,612.45,1912.3500000000001
R004,VEH,T2_SD_VEH_,2026_06_21_merged.mat,TEST,2,38253,12255,612.7,1912.6000000000001
R004,VEH,T2_SD_VEH_,2026_06_21_merged.mat,TEST,2,38254,12256,612.75,1912.65
R004,VEH,T2_SD_VEH_,2026_06_21_merged.mat,TEST,2,38255,12257,612.8000000000001,1912.7000000000003
R004,VEH,T2_SD_VEH_,2026_06_21_merged.mat,TEST,2,38256,12258,612.85,1912.75
R004,VEH,T2_SD_VEH_,2026_06_21_merged.mat,TEST,2,38276,12278,613.85,1913.75
R004,VEH,T2_SD_VEH_,2026_06_21_merged.mat,TEST,2,38277,12279,613.9,1913.8000000000002
R004,VEH,T2_SD_VEH_,2026_06_21_merged.mat,TEST,2,38278,12280,613.95,1913.8500000000001
R004,VEH,T2_SD_VEH_,2026_06_21_merged.mat,TEST,2,38426,12428,621.35,1921.25
R004,VEH,T2_SD_VEH_,2026_06_21_merged.mat,TEST,3,38612,12614,630.65,1930.5500000000002
R004,VEH,T2_SD_VEH_,2026_06_21_merged.mat,TEST,3,38613,12615,630.7,1930.6000000000001
R004,VEH,T2_SD_VEH_,2026_06_21_merged.mat,TEST,3,38614,12616,630.75,1930.65
R004,VEH,T2_SD_VEH_,2026_06_21_merged.mat,TEST,3,38615,12617,630.8000000000001,1930.7000000000003
R004,VEH,T2_SD_VEH_,2026_06_21_merged.mat,TEST,3,38616,12618,630.85,1930.75
R004,VEH,T2_SD_VEH_,2026_06_21_merged.mat,TEST,2,38694,12696,634.75,1934.65
R004,VEH,T2_SD_VEH_,2026_06_21_merged.mat,TEST,3,38700,12702,635.0500000000001,1934.9500000000003
R004,VEH,T2_SD_VEH_,2026_06_21_merged.mat,TEST,3,38701,12703,635.1,1935.0
R004,VEH,T2_SD_VEH_,2026_06_21_merged.mat,TEST,3,38702,12704,635.15,1935.0500000000002
R004,VEH,T2_SD_VEH_,2026_06_21_merged.mat,TEST,4,38716,12718,635.85,1935.75
R004,VEH,T2_SD_VEH_,2026_06_21_merged.mat,TEST,5,38740,12742,637.0500000000001,1936.9500000000003
R004,VEH,T2_SD_VEH_,2026_06_21_merged.mat,TEST,5,38741,12743,637.1,1937.0
R004,VEH,T2_SD_VEH_,2026_06_21_merged.mat,TEST,3,38748,12750,637.45,1937.3500000000001
R004,VEH,T2_SD_VEH_,2026_06_21_merged.mat,TEST,3,38749,12751,637.5,1937.4
R004,VEH,T2_SD_VEH_,2026_06_21_merged.mat,TEST,5,38862,12864,643.15,1943.0500000000002
R004,VEH,T2_SD_VEH_,2026_06_21_merged.mat,TEST,5,38863,12865,643.2,1943.1000000000001
R004,VEH,T2_SD_VEH_,2026_06_21_merged.mat,TEST,5,38864,12866,643.25,1943.15
R004,VEH,T2_SD_VEH_,2026_06_21_merged.mat,TEST,5,38865,12867,643.3000000000001,1943.2000000000003
R004,VEH,T2_SD_VEH_,2026_06_21_merged.mat,TEST,5,38867,12869,643.4,1943.3000000000002
R004,VEH,T2_SD_VEH_,2026_06_21_merged.mat,TEST,5,38868,12870,643.45,1943.3500000000001
R004,VEH,T2_SD_VEH_,2026_06_21_merged.mat,TEST,5,38881,12883,644.1,1944.0
R004,VEH,T2_SD_VEH_,2026_06_21_merged.mat,TEST,4,38964,12966,648.25,1948.15
R004,VEH,T2_SD_VEH_,2026_06_21_merged.mat,TEST,4,38965,12967,648.3000000000001,1948.2000000000003
R004,VEH,T2_SD_VEH_,2026_06_21_merged.mat,OF2,4,39047,51,2.5,1952.3000000000002
R004,VEH,T2_SD_VEH_,2026_06_21_merged.mat,OF2,4,39048,52,2.5500000000000003,1952.3500000000001
R004,VEH,T2_SD_VEH_,2026_06_21_merged.mat,OF2,4,39049,53,2.6,1952.4
R004,VEH,T2_SD_VEH_,2026_06_21_merged.mat,OF2,4,39050,54,2.6500000000000004,1952.4500000000003
R004,VEH,T2_SD_VEH_,2026_06_21_merged.mat,OF2,4,39051,55,2.7,1952.5000000000002
R004,VEH,T2_SD_VEH_,2026_06_21_merged.mat,OF2,4,39052,56,2.75,1952.5500000000002
R004,VEH,T2_SD_VEH_,2026_06_21_merged.mat,OF2,3,39069,73,3.6,1953.4
R004,VEH,T2_SD_VEH_,2026_06_21_merged.mat,OF2,3,39070,74,3.6500000000000004,1953.4500000000003
R004,VEH,T2_SD_VEH_,2026_06_21_merged.mat,OF2,3,39071,75,3.7,1953.5000000000002
R004,VEH,T2_SD_VEH_,2026_06_21_merged.mat,OF2,1,39073,77,3.8000000000000003,1953.6000000000001
R004,VEH,T2_SD_VEH_,2026_06_21_merged.mat,OF2,3,39087,91,4.5,1954.3000000000002
R004,VEH,T2_SD_VEH_,2026_06_21_merged.mat,OF2,3,39090,94,4.65,1954.4500000000003
R004,VEH,T2_SD_VEH_,2026_06_21_merged.mat,OF2,3,39091,95,4.7,1954.5000000000002
R004,VEH,T2_SD_VEH_,2026_06_21_merged.mat,OF2,3,39092,96,4.75,1954.5500000000002
R004,VEH,T2_SD_VEH_,2026_06_21_merged.mat,OF2,6,39110,114,5.65,1955.4500000000003
R004,VEH,T2_SD_VEH_,2026_06_21_merged.mat,OF2,6,39114,118,5.8500000000000005,1955.65
R004,VEH,T2_SD_VEH_,2026_06_21_merged.mat,OF2,6,39119,123,6.1000000000000005,1955.9
R004,VEH,T2_SD_VEH_,2026_06_21_merged.mat,OF2,6,39120,124,6.15,1955.9500000000003
R004,VEH,T2_SD_VEH_,2026_06_21_merged.mat,OF2,6,39121,125,6.2,1956.0000000000002
R004,VEH,T2_SD_VEH_,2026_06_21_merged.mat,OF2,2,39214,218,10.850000000000001,1960.65
R004,VEH,T2_SD_VEH_,2026_06_21_merged.mat,OF2,2,39215,219,10.9,1960.7000000000003
R004,VEH,T2_SD_VEH_,2026_06_21_merged.mat,OF2,2,39216,220,10.950000000000001,1960.7500000000002
R004,VEH,T2_SD_VEH_,2026_06_21_merged.mat,OF2,3,39259,263,13.100000000000001,1962.9
R004,VEH,T2_SD_VEH_,2026_06_21_merged.mat,OF2,3,39260,264,13.15,1962.9500000000003
R004,VEH,T2_SD_VEH_,2026_06_21_merged.mat,OF2,2,39334,338,16.85,1966.65
R004,VEH,T2_SD_VEH_,2026_06_21_merged.mat,OF2,4,39411,415,20.700000000000003,1970.5000000000002
R004,VEH,T2_SD_VEH_,2026_06_21_merged.mat,OF2,4,39412,416,20.75,1970.5500000000002
R004,VEH,T2_SD_VEH_,2026_06_21_merged.mat,OF2,4,39414,418,20.85,1970.65
R004,VEH,T2_SD_VEH_,2026_06_21_merged.mat,OF2,6,39440,444,22.150000000000002,1971.9500000000003
R004,VEH,T2_SD_VEH_,2026_06_21_merged.mat,OF2,1,39470,474,23.650000000000002,1973.4500000000003
R004,VEH,T2_SD_VEH_,2026_06_21_merged.mat,OF2,6,39499,503,25.1,1974.9
R004,VEH,T2_SD_VEH_,2026_06_21_merged.mat,OF2,6,39502,506,25.25,1975.0500000000002
R004,VEH,T2_SD_VEH_,2026_06_21_merged.mat,OF2,6,39504,508,25.35,1975.15
R004,VEH,T2_SD_VEH_,2026_06_21_merged.mat,OF2,6,39506,510,25.450000000000003,1975.2500000000002
R004,VEH,T2_SD_VEH_,2026_06_21_merged.mat,OF2,1,39513,517,25.8,1975.6000000000001
R004,VEH,T2_SD_VEH_,2026_06_21_merged.mat,OF2,1,39514,518,25.85,1975.65
R004,VEH,T2_SD_VEH_,2026_06_21_merged.mat,OF2,6,39523,527,26.3,1976.1000000000001
R004,VEH,T2_SD_VEH_,2026_06_21_merged.mat,OF2,4,39541,545,27.200000000000003,1977.0000000000002
R004,VEH,T2_SD_VEH_,2026_06_21_merged.mat,OF2,4,39542,546,27.25,1977.0500000000002
R004,VEH,T2_SD_VEH_,2026_06_21_merged.mat,OF2,4,39543,547,27.3,1977.1000000000001
R004,VEH,T2_SD_VEH_,2026_06_21_merged.mat,OF2,3,39545,549,27.400000000000002,1977.2000000000003
R004,VEH,T2_SD_VEH_,2026_06_21_merged.mat,OF2,3,39546,550,27.450000000000003,1977.2500000000002
R004,VEH,T2_SD_VEH_,2026_06_21_merged.mat,OF2,3,39548,552,27.55,1977.3500000000001
R004,VEH,T2_SD_VEH_,2026_06_21_merged.mat,OF2,3,39551,555,27.700000000000003,1977.5000000000002
R004,VEH,T2_SD_VEH_,2026_06_21_merged.mat,OF2,4,39571,575,28.700000000000003,1978.5000000000002
R004,VEH,T2_SD_VEH_,2026_06_21_merged.mat,OF2,1,39592,596,29.75,1979.5500000000002
R004,VEH,T2_SD_VEH_,2026_06_21_merged.mat,OF2,1,39593,597,29.8,1979.6000000000001
R004,VEH,T2_SD_VEH_,2026_06_21_merged.mat,OF2,3,39612,616,30.75,1980.5500000000002
R004,VEH,T2_SD_VEH_,2026_06_21_merged.mat,OF2,1,39868,872,43.550000000000004,1993.3500000000001
R004,VEH,T2_SD_VEH_,2026_06_21_merged.mat,OF2,4,39905,909,45.400000000000006,1995.2000000000003
R004,VEH,T2_SD_VEH_,2026_06_21_merged.mat,OF2,4,39906,910,45.45,1995.2500000000002
R004,VEH,T2_SD_VEH_,2026_06_21_merged.mat,OF2,3,39907,911,45.5,1995.3000000000002
R004,VEH,T2_SD_VEH_,2026_06_21_merged.mat,OF2,3,39909,913,45.6,1995.4
R004,VEH,T2_SD_VEH_,2026_06_21_merged.mat,OF2,5,39922,926,46.25,1996.0500000000002
R004,VEH,T2_SD_VEH_,2026_06_21_merged.mat,OF2,5,39923,927,46.300000000000004,1996.1000000000001
R004,VEH,T2_SD_VEH_,2026_06_21_merged.mat,OF2,6,40022,1026,51.25,2001.0500000000002
R004,VEH,T2_SD_VEH_,2026_06_21_merged.mat,OF2,6,40024,1028,51.35,2001.15
R004,VEH,T2_SD_VEH_,2026_06_21_merged.mat,OF2,2,40033,1037,51.800000000000004,2001.6000000000001
R004,VEH,T2_SD_VEH_,2026_06_21_merged.mat,OF2,2,40034,1038,51.85,2001.65
R004,VEH,T2_SD_VEH_,2026_06_21_merged.mat,OF2,2,40035,1039,51.900000000000006,2001.7000000000003
R004,VEH,T2_SD_VEH_,2026_06_21_merged.mat,OF2,2,40036,1040,51.95,2001.7500000000002
R004,VEH,T2_SD_VEH_,2026_06_21_merged.mat,OF2,4,40039,1043,52.1,2001.9
R004,VEH,T2_SD_VEH_,2026_06_21_merged.mat,OF2,4,40040,1044,52.150000000000006,2001.9500000000003
R004,VEH,T2_SD_VEH_,2026_06_21_merged.mat,OF2,4,40041,1045,52.2,2002.0000000000002
R004,VEH,T2_SD_VEH_,2026_06_21_merged.mat,OF2,1,40051,1055,52.7,2002.5000000000002
R004,VEH,T2_SD_VEH_,2026_06_21_merged.mat,OF2,1,40052,1056,52.75,2002.5500000000002
R004,VEH,T2_SD_VEH_,2026_06_21_merged.mat,OF2,2,40088,1092,54.550000000000004,2004.3500000000001
R004,VEH,T2_SD_VEH_,2026_06_21_merged.mat,OF2,2,40256,1260,62.95,2012.7500000000002
R004,VEH,T2_SD_VEH_,2026_06_21_merged.mat,OF2,2,40257,1261,63.0,2012.8000000000002
R004,VEH,T2_SD_VEH_,2026_06_21_merged.mat,OF2,3,40303,1307,65.3,2015.1000000000001
R004,VEH,T2_SD_VEH_,2026_06_21_merged.mat,OF2,3,40421,1425,71.2,2021.0000000000002
R004,VEH,T2_SD_VEH_,2026_06_21_merged.mat,OF2,6,40513,1517,75.8,2025.6000000000001
R004,VEH,T2_SD_VEH_,2026_06_21_merged.mat,OF2,5,40591,1595,79.7,2029.5000000000002
R004,VEH,T2_SD_VEH_,2026_06_21_merged.mat,OF2,5,40592,1596,79.75,2029.5500000000002
R004,VEH,T2_SD_VEH_,2026_06_21_merged.mat,OF2,2,40622,1626,81.25,2031.0500000000002
R004,VEH,T2_SD_VEH_,2026_06_21_merged.mat,OF2,2,40633,1637,81.80000000000001,2031.6000000000001
R004,VEH,T2_SD_VEH_,2026_06_21_merged.mat,OF2,1,40692,1696,84.75,2034.5500000000002
R004,VEH,T2_SD_VEH_,2026_06_21_merged.mat,OF2,1,40693,1697,84.80000000000001,2034.6000000000001
R004,VEH,T2_SD_VEH_,2026_06_21_merged.mat,OF2,1,40737,1741,87.0,2036.8000000000002
R004,VEH,T2_SD_VEH_,2026_06_21_merged.mat,OF2,2,40826,1830,91.45,2041.2500000000002
R004,VEH,T2_SD_VEH_,2026_06_21_merged.mat,OF2,2,40827,1831,91.5,2041.3000000000002
R004,VEH,T2_SD_VEH_,2026_06_21_merged.mat,OF2,2,40830,1834,91.65,2041.4500000000003
R004,VEH,T2_SD_VEH_,2026_06_21_merged.mat,OF2,5,40861,1865,93.2,2043.0000000000002
R004,VEH,T2_SD_VEH_,2026_06_21_merged.mat,OF2,5,40862,1866,93.25,2043.0500000000002
R004,VEH,T2_SD_VEH_,2026_06_21_merged.mat,OF2,5,40865,1869,93.4,2043.2000000000003
R004,VEH,T2_SD_VEH_,2026_06_21_merged.mat,OF2,5,40868,1872,93.55000000000001,2043.3500000000001
R004,VEH,T2_SD_VEH_,2026_06_21_merged.mat,OF2,5,40869,1873,93.60000000000001,2043.4
R004,VEH,T2_SD_VEH_,2026_06_21_merged.mat,OF2,4,40920,1924,96.15,2045.9500000000003
R004,VEH,T2_SD_VEH_,2026_06_21_merged.mat,OF2,2,40922,1926,96.25,2046.0500000000002
R004,VEH,T2_SD_VEH_,2026_06_21_merged.mat,OF2,2,40941,1945,97.2,2047.0000000000002
R004,VEH,T2_SD_VEH_,2026_06_21_merged.mat,OF2,3,41054,2058,102.85000000000001,2052.65
R004,VEH,T2_SD_VEH_,2026_06_21_merged.mat,OF2,4,41083,2087,104.30000000000001,2054.1000000000004
R004,VEH,T2_SD_VEH_,2026_06_21_merged.mat,OF2,4,41084,2088,104.35000000000001,2054.15
R004,VEH,T2_SD_VEH_,2026_06_21_merged.mat,OF2,4,41159,2163,108.10000000000001,2057.9
R004,VEH,T2_SD_VEH_,2026_06_21_merged.mat,OF2,3,41207,2211,110.5,2060.3
R004,VEH,T2_SD_VEH_,2026_06_21_merged.mat,OF2,3,41208,2212,110.55000000000001,2060.3500000000004
R004,VEH,T2_SD_VEH_,2026_06_21_merged.mat,OF2,3,41209,2213,110.60000000000001,2060.4
R004,VEH,T2_SD_VEH_,2026_06_21_merged.mat,OF2,2,41328,2332,116.55000000000001,2066.3500000000004
R004,VEH,T2_SD_VEH_,2026_06_21_merged.mat,OF2,2,41380,2384,119.15,2068.9500000000003
R004,VEH,T2_SD_VEH_,2026_06_21_merged.mat,OF2,6,41471,2475,123.7,2073.5
R004,VEH,T2_SD_VEH_,2026_06_21_merged.mat,OF2,6,41472,2476,123.75,2073.55
R004,VEH,T2_SD_VEH_,2026_06_21_merged.mat,OF2,6,41480,2484,124.15,2073.9500000000003
R004,VEH,T2_SD_VEH_,2026_06_21_merged.mat,OF2,6,41600,2604,130.15,2079.9500000000003
R004,VEH,T2_SD_VEH_,2026_06_21_merged.mat,OF2,6,41605,2609,130.4,2080.2000000000003
R004,VEH,T2_SD_VEH_,2026_06_21_merged.mat,OF2,6,41606,2610,130.45000000000002,2080.25
R004,VEH,T2_SD_VEH_,2026_06_21_merged.mat,OF2,6,41607,2611,130.5,2080.3
R004,VEH,T2_SD_VEH_,2026_06_21_merged.mat,OF2,6,41609,2613,130.6,2080.4
R004,VEH,T2_SD_VEH_,2026_06_21_merged.mat,OF2,6,41610,2614,130.65,2080.4500000000003
R004,VEH,T2_SD_VEH_,2026_06_21_merged.mat,OF2,5,41656,2660,132.95000000000002,2082.75
R004,VEH,T2_SD_VEH_,2026_06_21_merged.mat,OF2,1,41672,2676,133.75,2083.55
R004,VEH,T2_SD_VEH_,2026_06_21_merged.mat,OF2,1,41693,2697,134.8,2084.6000000000004
R004,VEH,T2_SD_VEH_,2026_06_21_merged.mat,OF2,1,41694,2698,134.85,2084.65
R004,VEH,T2_SD_VEH_,2026_06_21_merged.mat,OF2,1,41706,2710,135.45000000000002,2085.25
R004,VEH,T2_SD_VEH_,2026_06_21_merged.mat,OF2,1,41728,2732,136.55,2086.3500000000004
R004,VEH,T2_SD_VEH_,2026_06_21_merged.mat,OF2,3,41839,2843,142.1,2091.9
R004,VEH,T2_SD_VEH_,2026_06_21_merged.mat,OF2,2,41864,2868,143.35,2093.15
R004,VEH,T2_SD_VEH_,2026_06_21_merged.mat,OF2,2,41865,2869,143.4,2093.2000000000003
R004,VEH,T2_SD_VEH_,2026_06_21_merged.mat,OF2,2,41866,2870,143.45000000000002,2093.25
R004,VEH,T2_SD_VEH_,2026_06_21_merged.mat,OF2,2,41867,2871,143.5,2093.3
R004,VEH,T2_SD_VEH_,2026_06_21_merged.mat,OF2,2,41868,2872,143.55,2093.3500000000004
R004,VEH,T2_SD_VEH_,2026_06_21_merged.mat,OF2,2,41869,2873,143.6,2093.4
R004,VEH,T2_SD_VEH_,2026_06_21_merged.mat,OF2,3,41906,2910,145.45000000000002,2095.25
R004,VEH,T2_SD_VEH_,2026_06_21_merged.mat,OF2,3,41907,2911,145.5,2095.3
R004,VEH,T2_SD_VEH_,2026_06_21_merged.mat,OF2,3,41908,2912,145.55,2095.3500000000004
R004,VEH,T2_SD_VEH_,2026_06_21_merged.mat,OF2,3,41909,2913,145.6,2095.4
R004,VEH,T2_SD_VEH_,2026_06_21_merged.mat,OF2,3,41910,2914,145.65,2095.4500000000003
R004,VEH,T2_SD_VEH_,2026_06_21_merged.mat,OF2,3,41911,2915,145.70000000000002,2095.5
R004,VEH,T2_SD_VEH_,2026_06_21_merged.mat,OF2,2,41938,2942,147.05,2096.8500000000004
R004,VEH,T2_SD_VEH_,2026_06_21_merged.mat,OF2,1,41966,2970,148.45000000000002,2098.25
R004,VEH,T2_SD_VEH_,2026_06_21_merged.mat,OF2,1,42063,3067,153.3,2103.1000000000004
R004,VEH,T2_SD_VEH_,2026_06_21_merged.mat,OF2,1,42096,3100,154.95000000000002,2104.75
R004,VEH,T2_SD_VEH_,2026_06_21_merged.mat,OF2,1,42097,3101,155.0,2104.8
R004,VEH,T2_SD_VEH_,2026_06_21_merged.mat,OF2,3,42108,3112,155.55,2105.3500000000004
R004,VEH,T2_SD_VEH_,2026_06_21_merged.mat,OF2,3,42110,3114,155.65,2105.4500000000003
R004,VEH,T2_SD_VEH_,2026_06_21_merged.mat,OF2,2,42125,3129,156.4,2106.2000000000003
R004,VEH,T2_SD_VEH_,2026_06_21_merged.mat,OF2,2,42126,3130,156.45000000000002,2106.25
R004,VEH,T2_SD_VEH_,2026_06_21_merged.mat,OF2,2,42127,3131,156.5,2106.3
R004,VEH,T2_SD_VEH_,2026_06_21_merged.mat,OF2,2,42130,3134,156.65,2106.4500000000003
R004,VEH,T2_SD_VEH_,2026_06_21_merged.mat,OF2,1,42143,3147,157.3,2107.1000000000004
R004,VEH,T2_SD_VEH_,2026_06_21_merged.mat,OF2,1,42160,3164,158.15,2107.9500000000003
R004,VEH,T2_SD_VEH_,2026_06_21_merged.mat,OF2,6,42200,3204,160.15,2109.9500000000003
R004,VEH,T2_SD_VEH_,2026_06_21_merged.mat,OF2,3,42214,3218,160.85000000000002,2110.65
R004,VEH,T2_SD_VEH_,2026_06_21_merged.mat,OF2,3,42215,3219,160.9,2110.7000000000003
R004,VEH,T2_SD_VEH_,2026_06_21_merged.mat,OF2,6,42271,3275,163.70000000000002,2113.5
R004,VEH,T2_SD_VEH_,2026_06_21_merged.mat,OF2,6,42272,3276,163.75,2113.55
R004,VEH,T2_SD_VEH_,2026_06_21_merged.mat,OF2,4,42288,3292,164.55,2114.3500000000004
R004,VEH,T2_SD_VEH_,2026_06_21_merged.mat,OF2,4,42289,3293,164.60000000000002,2114.4
R004,VEH,T2_SD_VEH_,2026_06_21_merged.mat,OF2,1,42361,3365,168.20000000000002,2118.0
R004,VEH,T2_SD_VEH_,2026_06_21_merged.mat,OF2,1,42363,3367,168.3,2118.1000000000004
R004,VEH,T2_SD_VEH_,2026_06_21_merged.mat,OF2,4,42383,3387,169.3,2119.1000000000004
R004,VEH,T2_SD_VEH_,2026_06_21_merged.mat,OF2,4,42384,3388,169.35000000000002,2119.15
R004,VEH,T2_SD_VEH_,2026_06_21_merged.mat,OF2,2,42437,3441,172.0,2121.8
R004,VEH,T2_SD_VEH_,2026_06_21_merged.mat,OF2,3,42585,3589,179.4,2129.2000000000003
R004,VEH,T2_SD_VEH_,2026_06_21_merged.mat,OF2,3,42586,3590,179.45000000000002,2129.25
R004,VEH,T2_SD_VEH_,2026_06_21_merged.mat,OF2,3,42587,3591,179.5,2129.3
R004,VEH,T2_SD_VEH_,2026_06_21_merged.mat,OF2,1,42595,3599,179.9,2129.7000000000003
R004,VEH,T2_SD_VEH_,2026_06_21_merged.mat,OF2,4,42642,3646,182.25,2132.05
R004,VEH,T2_SD_VEH_,2026_06_21_merged.mat,OF2,4,42645,3649,182.4,2132.2000000000003
R004,VEH,T2_SD_VEH_,2026_06_21_merged.mat,OF2,3,42674,3678,183.85000000000002,2133.65
R004,VEH,T2_SD_VEH_,2026_06_21_merged.mat,OF2,3,42675,3679,183.9,2133.7000000000003
R004,VEH,T2_SD_VEH_,2026_06_21_merged.mat,OF2,3,42676,3680,183.95000000000002,2133.75
R004,VEH,T2_SD_VEH_,2026_06_21_merged.mat,OF2,4,42760,3764,188.15,2137.9500000000003
R004,VEH,T2_SD_VEH_,2026_06_21_merged.mat,OF2,1,42794,3798,189.85000000000002,2139.65
R004,VEH,T2_SD_VEH_,2026_06_21_merged.mat,OF2,5,42830,3834,191.65,2141.4500000000003
R004,VEH,T2_SD_VEH_,2026_06_21_merged.mat,OF2,5,42831,3835,191.70000000000002,2141.5
R004,VEH,T2_SD_VEH_,2026_06_21_merged.mat,OF2,5,42832,3836,191.75,2141.55
R004,VEH,T2_SD_VEH_,2026_06_21_merged.mat,OF2,2,42859,3863,193.10000000000002,2142.9
R004,VEH,T2_SD_VEH_,2026_06_21_merged.mat,OF2,1,42871,3875,193.70000000000002,2143.5
R004,VEH,T2_SD_VEH_,2026_06_21_merged.mat,OF2,1,42874,3878,193.85000000000002,2143.65
R004,VEH,T2_SD_VEH_,2026_06_21_merged.mat,OF2,1,42919,3923,196.10000000000002,2145.9
R004,VEH,T2_SD_VEH_,2026_06_21_merged.mat,OF2,1,42920,3924,196.15,2145.9500000000003
R004,VEH,T2_SD_VEH_,2026_06_21_merged.mat,OF2,3,42939,3943,197.10000000000002,2146.9
R004,VEH,T2_SD_VEH_,2026_06_21_merged.mat,OF2,4,43049,4053,202.60000000000002,2152.4
R004,VEH,T2_SD_VEH_,2026_06_21_merged.mat,OF2,4,43050,4054,202.65,2152.4500000000003
R004,VEH,T2_SD_VEH_,2026_06_21_merged.mat,OF2,4,43051,4055,202.70000000000002,2152.5
R004,VEH,T2_SD_VEH_,2026_06_21_merged.mat,OF2,3,43071,4075,203.70000000000002,2153.5
R004,VEH,T2_SD_VEH_,2026_06_21_merged.mat,OF2,3,43072,4076,203.75,2153.55
R004,VEH,T2_SD_VEH_,2026_06_21_merged.mat,OF2,1,43084,4088,204.35000000000002,2154.15
R004,VEH,T2_SD_VEH_,2026_06_21_merged.mat,OF2,3,43143,4147,207.3,2157.1000000000004
R004,VEH,T2_SD_VEH_,2026_06_21_merged.mat,OF2,3,43144,4148,207.35000000000002,2157.15
R004,VEH,T2_SD_VEH_,2026_06_21_merged.mat,OF2,3,43145,4149,207.4,2157.2000000000003
R004,VEH,T2_SD_VEH_,2026_06_21_merged.mat,OF2,3,43214,4218,210.85000000000002,2160.65
R004,VEH,T2_SD_VEH_,2026_06_21_merged.mat,OF2,3,43215,4219,210.9,2160.7000000000003
R004,VEH,T2_SD_VEH_,2026_06_21_merged.mat,OF2,3,43216,4220,210.95000000000002,2160.75
R004,VEH,T2_SD_VEH_,2026_06_21_merged.mat,OF2,3,43217,4221,211.0,2160.8
R004,VEH,T2_SD_VEH_,2026_06_21_merged.mat,OF2,3,43254,4258,212.85000000000002,2162.65
R004,VEH,T2_SD_VEH_,2026_06_21_merged.mat,OF2,3,43256,4260,212.95000000000002,2162.75
R004,VEH,T2_SD_VEH_,2026_06_21_merged.mat,OF2,3,43257,4261,213.0,2162.8
R004,VEH,T2_SD_VEH_,2026_06_21_merged.mat,OF2,3,43258,4262,213.05,2162.8500000000004
R004,VEH,T2_SD_VEH_,2026_06_21_merged.mat,OF2,2,43344,4348,217.35000000000002,2167.15
R004,VEH,T2_SD_VEH_,2026_06_21_merged.mat,OF2,6,43345,4349,217.4,2167.2000000000003
R004,VEH,T2_SD_VEH_,2026_06_21_merged.mat,OF2,6,43424,4428,221.35000000000002,2171.15
R004,VEH,T2_SD_VEH_,2026_06_21_merged.mat,OF2,5,43457,4461,223.0,2172.8
R004,VEH,T2_SD_VEH_,2026_06_21_merged.mat,OF2,3,43499,4503,225.10000000000002,2174.9
R004,VEH,T2_SD_VEH_,2026_06_21_merged.mat,OF2,3,43500,4504,225.15,2174.9500000000003
R004,VEH,T2_SD_VEH_,2026_06_21_merged.mat,OF2,3,43501,4505,225.20000000000002,2175.0
R004,VEH,T2_SD_VEH_,2026_06_21_merged.mat,OF2,5,43504,4508,225.35000000000002,2175.15
R004,VEH,T2_SD_VEH_,2026_06_21_merged.mat,OF2,5,43515,4519,225.9,2175.7000000000003
R004,VEH,T2_SD_VEH_,2026_06_21_merged.mat,OF2,4,43548,4552,227.55,2177.3500000000004
R004,VEH,T2_SD_VEH_,2026_06_21_merged.mat,OF2,1,43552,4556,227.75,2177.55
R004,VEH,T2_SD_VEH_,2026_06_21_merged.mat,OF2,1,43553,4557,227.8,2177.6000000000004
R004,VEH,T2_SD_VEH_,2026_06_21_merged.mat,OF2,2,43609,4613,230.60000000000002,2180.4
R004,VEH,T2_SD_VEH_,2026_06_21_merged.mat,OF2,1,43643,4647,232.3,2182.1000000000004
R004,VEH,T2_SD_VEH_,2026_06_21_merged.mat,OF2,3,43663,4667,233.3,2183.1000000000004
R004,VEH,T2_SD_VEH_,2026_06_21_merged.mat,OF2,6,43679,4683,234.10000000000002,2183.9
R004,VEH,T2_SD_VEH_,2026_06_21_merged.mat,OF2,3,43696,4700,234.95000000000002,2184.75
R004,VEH,T2_SD_VEH_,2026_06_21_merged.mat,OF2,6,43750,4754,237.65,2187.4500000000003
R004,VEH,T2_SD_VEH_,2026_06_21_merged.mat,OF2,6,43751,4755,237.70000000000002,2187.5
R004,VEH,T2_SD_VEH_,2026_06_21_merged.mat,OF2,6,43752,4756,237.75,2187.55
R004,VEH,T2_SD_VEH_,2026_06_21_merged.mat,OF2,6,43753,4757,237.8,2187.6000000000004
R004,VEH,T2_SD_VEH_,2026_06_21_merged.mat,OF2,6,43756,4760,237.95000000000002,2187.75
R004,VEH,T2_SD_VEH_,2026_06_21_merged.mat,OF2,6,43762,4766,238.25,2188.05
R004,VEH,T2_SD_VEH_,2026_06_21_merged.mat,OF2,6,43763,4767,238.3,2188.1000000000004
R004,VEH,T2_SD_VEH_,2026_06_21_merged.mat,OF2,1,43772,4776,238.75,2188.55
R004,VEH,T2_SD_VEH_,2026_06_21_merged.mat,OF2,3,43825,4829,241.4,2191.2000000000003
R004,VEH,T2_SD_VEH_,2026_06_21_merged.mat,OF2,2,43877,4881,244.0,2193.8
R004,VEH,T2_SD_VEH_,2026_06_21_merged.mat,OF2,2,43878,4882,244.05,2193.8500000000004
R004,VEH,T2_SD_VEH_,2026_06_21_merged.mat,OF2,2,43879,4883,244.10000000000002,2193.9
R004,VEH,T2_SD_VEH_,2026_06_21_merged.mat,OF2,1,43888,4892,244.55,2194.3500000000004
R004,VEH,T2_SD_VEH_,2026_06_21_merged.mat,OF2,5,43893,4897,244.8,2194.6000000000004
R004,VEH,T2_SD_VEH_,2026_06_21_merged.mat,OF2,3,43906,4910,245.45000000000002,2195.25
R004,VEH,T2_SD_VEH_,2026_06_21_merged.mat,OF2,3,43907,4911,245.5,2195.3
R004,VEH,T2_SD_VEH_,2026_06_21_merged.mat,OF2,3,43908,4912,245.55,2195.3500000000004
R004,VEH,T2_SD_VEH_,2026_06_21_merged.mat,OF2,2,43932,4936,246.75,2196.55
R004,VEH,T2_SD_VEH_,2026_06_21_merged.mat,OF2,2,43936,4940,246.95000000000002,2196.75
R004,VEH,T2_SD_VEH_,2026_06_21_merged.mat,OF2,2,43943,4947,247.3,2197.1000000000004
R004,VEH,T2_SD_VEH_,2026_06_21_merged.mat,OF2,2,43944,4948,247.35000000000002,2197.15
R004,VEH,T2_SD_VEH_,2026_06_21_merged.mat,OF2,2,43945,4949,247.4,2197.2000000000003
R004,VEH,T2_SD_VEH_,2026_06_21_merged.mat,OF2,3,43974,4978,248.85000000000002,2198.65
R004,VEH,T2_SD_VEH_,2026_06_21_merged.mat,OF2,5,43997,5001,250.0,2199.8
R004,VEH,T2_SD_VEH_,2026_06_21_merged.mat,OF2,1,44007,5011,250.5,2200.3
R004,VEH,T2_SD_VEH_,2026_06_21_merged.mat,OF2,5,44064,5068,253.35000000000002,2203.15
R004,VEH,T2_SD_VEH_,2026_06_21_merged.mat,OF2,1,44159,5163,258.1,2207.9
R004,VEH,T2_SD_VEH_,2026_06_21_merged.mat,OF2,1,44160,5164,258.15000000000003,2207.9500000000003
R004,VEH,T2_SD_VEH_,2026_06_21_merged.mat,OF2,1,44226,5230,261.45,2211.25
R004,VEH,T2_SD_VEH_,2026_06_21_merged.mat,OF2,5,44242,5246,262.25,2212.05
R004,VEH,T2_SD_VEH_,2026_06_21_merged.mat,OF2,5,44244,5248,262.35,2212.15
R004,VEH,T2_SD_VEH_,2026_06_21_merged.mat,OF2,6,44288,5292,264.55,2214.3500000000004
R004,VEH,T2_SD_VEH_,2026_06_21_merged.mat,OF2,6,44289,5293,264.6,2214.4
R004,VEH,T2_SD_VEH_,2026_06_21_merged.mat,OF2,6,44290,5294,264.65000000000003,2214.4500000000003
R004,VEH,T2_SD_VEH_,2026_06_21_merged.mat,OF2,6,44291,5295,264.7,2214.5
R004,VEH,T2_SD_VEH_,2026_06_21_merged.mat,OF2,6,44292,5296,264.75,2214.55
R004,VEH,T2_SD_VEH_,2026_06_21_merged.mat,OF2,6,44293,5297,264.8,2214.6000000000004
R004,VEH,T2_SD_VEH_,2026_06_21_merged.mat,OF2,2,44307,5311,265.5,2215.3
R004,VEH,T2_SD_VEH_,2026_06_21_merged.mat,OF2,5,44312,5316,265.75,2215.55
R004,VEH,T2_SD_VEH_,2026_06_21_merged.mat,OF2,2,44327,5331,266.5,2216.3
R004,VEH,T2_SD_VEH_,2026_06_21_merged.mat,OF2,2,44333,5337,266.8,2216.6000000000004
R004,VEH,T2_SD_VEH_,2026_06_21_merged.mat,OF2,2,44334,5338,266.85,2216.65
R004,VEH,T2_SD_VEH_,2026_06_21_merged.mat,OF2,2,44335,5339,266.90000000000003,2216.7000000000003
R004,VEH,T2_SD_VEH_,2026_06_21_merged.mat,OF2,2,44348,5352,267.55,2217.3500000000004
R004,VEH,T2_SD_VEH_,2026_06_21_merged.mat,OF2,2,44349,5353,267.6,2217.4
R004,VEH,T2_SD_VEH_,2026_06_21_merged.mat,OF2,2,44350,5354,267.65000000000003,2217.4500000000003
R004,VEH,T2_SD_VEH_,2026_06_21_merged.mat,OF2,1,44353,5357,267.8,2217.6000000000004
R004,VEH,T2_SD_VEH_,2026_06_21_merged.mat,OF2,5,44360,5364,268.15000000000003,2217.9500000000003
R004,VEH,T2_SD_VEH_,2026_06_21_merged.mat,OF2,5,44396,5400,269.95,2219.75
R004,VEH,T2_SD_VEH_,2026_06_21_merged.mat,OF2,5,44397,5401,270.0,2219.8
R004,VEH,T2_SD_VEH_,2026_06_21_merged.mat,OF2,2,44399,5403,270.1,2219.9
R004,VEH,T2_SD_VEH_,2026_06_21_merged.mat,OF2,2,44410,5414,270.65000000000003,2220.4500000000003
R004,VEH,T2_SD_VEH_,2026_06_21_merged.mat,OF2,2,44429,5433,271.6,2221.4
R004,VEH,T2_SD_VEH_,2026_06_21_merged.mat,OF2,5,44434,5438,271.85,2221.65
R004,VEH,T2_SD_VEH_,2026_06_21_merged.mat,OF2,5,44435,5439,271.90000000000003,2221.7000000000003
R004,VEH,T2_SD_VEH_,2026_06_21_merged.mat,OF2,5,44436,5440,271.95,2221.75
R004,VEH,T2_SD_VEH_,2026_06_21_merged.mat,OF2,5,44487,5491,274.5,2224.3
R004,VEH,T2_SD_VEH_,2026_06_21_merged.mat,OF2,1,44490,5494,274.65000000000003,2224.4500000000003
R004,VEH,T2_SD_VEH_,2026_06_21_merged.mat,OF2,1,44503,5507,275.3,2225.1000000000004
R004,VEH,T2_SD_VEH_,2026_06_21_merged.mat,OF2,3,44506,5510,275.45,2225.25
R004,VEH,T2_SD_VEH_,2026_06_21_merged.mat,OF2,3,44507,5511,275.5,2225.3
R004,VEH,T2_SD_VEH_,2026_06_21_merged.mat,OF2,3,44508,5512,275.55,2225.3500000000004
R004,VEH,T2_SD_VEH_,2026_06_21_merged.mat,OF2,2,44524,5528,276.35,2226.15
R004,VEH,T2_SD_VEH_,2026_06_21_merged.mat,OF2,2,44536,5540,276.95,2226.75
R004,VEH,T2_SD_VEH_,2026_06_21_merged.mat,OF2,1,44539,5543,277.1,2226.9
R004,VEH,T2_SD_VEH_,2026_06_21_merged.mat,OF2,1,44541,5545,277.2,2227.0
R004,VEH,T2_SD_VEH_,2026_06_21_merged.mat,OF2,3,44562,5566,278.25,2228.05
R004,VEH,T2_SD_VEH_,2026_06_21_merged.mat,OF2,3,44595,5599,279.90000000000003,2229.7000000000003
R004,VEH,T2_SD_VEH_,2026_06_21_merged.mat,OF2,3,44599,5603,280.1,2229.9
R004,VEH,T2_SD_VEH_,2026_06_21_merged.mat,OF2,3,44600,5604,280.15000000000003,2229.9500000000003
R004,VEH,T2_SD_VEH_,2026_06_21_merged.mat,OF2,4,44610,5614,280.65000000000003,2230.4500000000003
R004,VEH,T2_SD_VEH_,2026_06_21_merged.mat,OF2,4,44611,5615,280.7,2230.5
R004,VEH,T2_SD_VEH_,2026_06_21_merged.mat,OF2,4,44612,5616,280.75,2230.55
R004,VEH,T2_SD_VEH_,2026_06_21_merged.mat,OF2,4,44613,5617,280.8,2230.6000000000004
R004,VEH,T2_SD_VEH_,2026_06_21_merged.mat,OF2,4,44614,5618,280.85,2230.65
R004,VEH,T2_SD_VEH_,2026_06_21_merged.mat,OF2,3,44619,5623,281.1,2230.9
R004,VEH,T2_SD_VEH_,2026_06_21_merged.mat,OF2,3,44629,5633,281.6,2231.4
R004,VEH,T2_SD_VEH_,2026_06_21_merged.mat,OF2,3,44630,5634,281.65000000000003,2231.4500000000003
R004,VEH,T2_SD_VEH_,2026_06_21_merged.mat,OF2,1,44653,5657,282.8,2232.6000000000004
R004,VEH,T2_SD_VEH_,2026_06_21_merged.mat,OF2,3,44682,5686,284.25,2234.05
R004,VEH,T2_SD_VEH_,2026_06_21_merged.mat,OF2,3,44684,5688,284.35,2234.15
R004,VEH,T2_SD_VEH_,2026_06_21_merged.mat,OF2,3,44686,5690,284.45,2234.25
R004,VEH,T2_SD_VEH_,2026_06_21_merged.mat,OF2,6,44687,5691,284.5,2234.3
R004,VEH,T2_SD_VEH_,2026_06_21_merged.mat,OF2,6,44688,5692,284.55,2234.3500000000004
R004,VEH,T2_SD_VEH_,2026_06_21_merged.mat,OF2,5,44697,5701,285.0,2234.8
R004,VEH,T2_SD_VEH_,2026_06_21_merged.mat,OF2,4,44772,5776,288.75,2238.55
R004,VEH,T2_SD_VEH_,2026_06_21_merged.mat,OF2,4,44776,5780,288.95,2238.75
R004,VEH,T2_SD_VEH_,2026_06_21_merged.mat,OF2,5,44800,5804,290.15000000000003,2239.9500000000003
R004,VEH,T2_SD_VEH_,2026_06_21_merged.mat,OF2,5,44822,5826,291.25,2241.05
R004,VEH,T2_SD_VEH_,2026_06_21_merged.mat,OF2,5,44825,5829,291.40000000000003,2241.2000000000003
R004,VEH,T2_SD_VEH_,2026_06_21_merged.mat,OF2,3,44828,5832,291.55,2241.3500000000004
R004,VEH,T2_SD_VEH_,2026_06_21_merged.mat,OF2,1,44837,5841,292.0,2241.8
R004,VEH,T2_SD_VEH_,2026_06_21_merged.mat,OF2,2,44839,5843,292.1,2241.9
R004,VEH,T2_SD_VEH_,2026_06_21_merged.mat,OF2,2,44841,5845,292.2,2242.0
R004,VEH,T2_SD_VEH_,2026_06_21_merged.mat,OF2,4,44890,5894,294.65000000000003,2244.4500000000003
R004,VEH,T2_SD_VEH_,2026_06_21_merged.mat,OF2,4,44891,5895,294.7,2244.5
R004,VEH,T2_SD_VEH_,2026_06_21_merged.mat,OF2,4,44892,5896,294.75,2244.55
R004,VEH,T2_SD_VEH_,2026_06_21_merged.mat,OF2,4,44893,5897,294.8,2244.6000000000004
R004,VEH,T2_SD_VEH_,2026_06_21_merged.mat,OF2,1,44899,5903,295.1,2244.9
R004,VEH,T2_SD_VEH_,2026_06_21_merged.mat,OF2,1,44900,5904,295.15000000000003,2244.9500000000003
R004,VEH,T2_SD_VEH_,2026_06_21_merged.mat,OF2,3,44975,5979,298.90000000000003,2248.7000000000003
R004,VEH,T2_SD_VEH_,2026_06_21_merged.mat,OF2,3,44976,5980,298.95,2248.75
R004,VEH,T2_SD_VEH_,2026_06_21_merged.mat,OF2,2,44983,5987,299.3,2249.1000000000004
R004,VEH,T2_SD_VEH_,2026_06_21_merged.mat,OF2,5,45014,6018,300.85,2250.65
R004,VEH,T2_SD_VEH_,2026_06_21_merged.mat,OF2,3,45030,6034,301.65000000000003,2251.4500000000003
R004,VEH,T2_SD_VEH_,2026_06_21_merged.mat,OF2,5,45046,6050,302.45,2252.25
R004,VEH,T2_SD_VEH_,2026_06_21_merged.mat,OF2,1,45080,6084,304.15000000000003,2253.9500000000003
R004,VEH,T2_SD_VEH_,2026_06_21_merged.mat,OF2,1,45081,6085,304.2,2254.0
R004,VEH,T2_SD_VEH_,2026_06_21_merged.mat,OF2,1,45082,6086,304.25,2254.05
R004,VEH,T2_SD_VEH_,2026_06_21_merged.mat,OF2,5,45095,6099,304.90000000000003,2254.7000000000003
R004,VEH,T2_SD_VEH_,2026_06_21_merged.mat,OF2,2,45131,6135,306.7,2256.5
R004,VEH,T2_SD_VEH_,2026_06_21_merged.mat,OF2,2,45132,6136,306.75,2256.55
R004,VEH,T2_SD_VEH_,2026_06_21_merged.mat,OF2,1,45136,6140,306.95,2256.75
R004,VEH,T2_SD_VEH_,2026_06_21_merged.mat,OF2,3,45140,6144,307.15000000000003,2256.9500000000003
R004,VEH,T2_SD_VEH_,2026_06_21_merged.mat,OF2,3,45141,6145,307.20000000000005,2257.0
R004,VEH,T2_SD_VEH_,2026_06_21_merged.mat,OF2,3,45142,6146,307.25,2257.05
R004,VEH,T2_SD_VEH_,2026_06_21_merged.mat,OF2,3,45143,6147,307.3,2257.1000000000004
R004,VEH,T2_SD_VEH_,2026_06_21_merged.mat,OF2,5,45161,6165,308.20000000000005,2258.0
R004,VEH,T2_SD_VEH_,2026_06_21_merged.mat,OF2,5,45162,6166,308.25,2258.05
R004,VEH,T2_SD_VEH_,2026_06_21_merged.mat,OF2,2,45171,6175,308.70000000000005,2258.5
R004,VEH,T2_SD_VEH_,2026_06_21_merged.mat,OF2,5,45176,6180,308.95000000000005,2258.75
R004,VEH,T2_SD_VEH_,2026_06_21_merged.mat,OF2,5,45197,6201,310.0,2259.8
R004,VEH,T2_SD_VEH_,2026_06_21_merged.mat,OF2,2,45203,6207,310.3,2260.1000000000004
R004,VEH,T2_SD_VEH_,2026_06_21_merged.mat,OF2,2,45204,6208,310.35,2260.15
R004,VEH,T2_SD_VEH_,2026_06_21_merged.mat,OF2,5,45216,6220,310.95000000000005,2260.75
R004,VEH,T2_SD_VEH_,2026_06_21_merged.mat,OF2,5,45217,6221,311.0,2260.8
R004,VEH,T2_SD_VEH_,2026_06_21_merged.mat,OF2,5,45222,6226,311.25,2261.05
R004,VEH,T2_SD_VEH_,2026_06_21_merged.mat,OF2,6,45228,6232,311.55,2261.3500000000004
R004,VEH,T2_SD_VEH_,2026_06_21_merged.mat,OF2,4,45233,6237,311.8,2261.6000000000004
R004,VEH,T2_SD_VEH_,2026_06_21_merged.mat,OF2,4,45243,6247,312.3,2262.1000000000004
R004,VEH,T2_SD_VEH_,2026_06_21_merged.mat,OF2,4,45244,6248,312.35,2262.15
R004,VEH,T2_SD_VEH_,2026_06_21_merged.mat,OF2,4,45245,6249,312.40000000000003,2262.2000000000003
R004,VEH,T2_SD_VEH_,2026_06_21_merged.mat,OF2,4,45246,6250,312.45000000000005,2262.25
R004,VEH,T2_SD_VEH_,2026_06_21_merged.mat,OF2,2,45310,6314,315.65000000000003,2265.4500000000003
R004,VEH,T2_SD_VEH_,2026_06_21_merged.mat,OF2,5,45343,6347,317.3,2267.1000000000004
R004,VEH,T2_SD_VEH_,2026_06_21_merged.mat,OF2,5,45344,6348,317.35,2267.15
R004,VEH,T2_SD_VEH_,2026_06_21_merged.mat,OF2,6,45350,6354,317.65000000000003,2267.4500000000003
R004,VEH,T2_SD_VEH_,2026_06_21_merged.mat,OF2,1,45357,6361,318.0,2267.8
R004,VEH,T2_SD_VEH_,2026_06_21_merged.mat,OF2,1,45358,6362,318.05,2267.8500000000004
R004,VEH,T2_SD_VEH_,2026_06_21_merged.mat,OF2,1,45360,6364,318.15000000000003,2267.9500000000003
R004,VEH,T2_SD_VEH_,2026_06_21_merged.mat,OF2,1,45382,6386,319.25,2269.05
R004,VEH,T2_SD_VEH_,2026_06_21_merged.mat,OF2,2,45410,6414,320.65000000000003,2270.4500000000003
R004,VEH,T2_SD_VEH_,2026_06_21_merged.mat,OF2,3,45422,6426,321.25,2271.05
R004,VEH,T2_SD_VEH_,2026_06_21_merged.mat,OF2,3,45423,6427,321.3,2271.1000000000004
R004,VEH,T2_SD_VEH_,2026_06_21_merged.mat,OF2,1,45441,6445,322.20000000000005,2272.0
R004,VEH,T2_SD_VEH_,2026_06_21_merged.mat,OF2,1,45443,6447,322.3,2272.1000000000004
R004,VEH,T2_SD_VEH_,2026_06_21_merged.mat,OF2,1,45469,6473,323.6,2273.4
R004,VEH,T2_SD_VEH_,2026_06_21_merged.mat,OF2,2,45471,6475,323.70000000000005,2273.5
R004,VEH,T2_SD_VEH_,2026_06_21_merged.mat,OF2,2,45475,6479,323.90000000000003,2273.7000000000003
R004,VEH,T2_SD_VEH_,2026_06_21_merged.mat,OF2,2,45476,6480,323.95000000000005,2273.75
R004,VEH,T2_SD_VEH_,2026_06_21_merged.mat,OF2,5,45477,6481,324.0,2273.8
R004,VEH,T2_SD_VEH_,2026_06_21_merged.mat,OF2,5,45478,6482,324.05,2273.8500000000004
R004,VEH,T2_SD_VEH_,2026_06_21_merged.mat,OF2,2,45519,6523,326.1,2275.9
R004,VEH,T2_SD_VEH_,2026_06_21_merged.mat,OF2,1,45563,6567,328.3,2278.1000000000004
R004,VEH,T2_SD_VEH_,2026_06_21_merged.mat,OF2,1,45572,6576,328.75,2278.55
R004,VEH,T2_SD_VEH_,2026_06_21_merged.mat,OF2,6,45576,6580,328.95,2278.75
R004,VEH,T2_SD_VEH_,2026_06_21_merged.mat,OF2,6,45579,6583,329.1,2278.9
R004,VEH,T2_SD_VEH_,2026_06_21_merged.mat,OF2,6,45580,6584,329.15,2278.9500000000003
R004,VEH,T2_SD_VEH_,2026_06_21_merged.mat,OF2,6,45581,6585,329.2,2279.0
R004,VEH,T2_SD_VEH_,2026_06_21_merged.mat,OF2,2,45641,6645,332.2,2282.0
R004,VEH,T2_SD_VEH_,2026_06_21_merged.mat,OF2,2,45670,6674,333.65,2283.4500000000003
R004,VEH,T2_SD_VEH_,2026_06_21_merged.mat,OF2,2,45671,6675,333.7,2283.5
R004,VEH,T2_SD_VEH_,2026_06_21_merged.mat,OF2,4,45694,6698,334.85,2284.65
R004,VEH,T2_SD_VEH_,2026_06_21_merged.mat,OF2,4,45695,6699,334.9,2284.7000000000003
R004,VEH,T2_SD_VEH_,2026_06_21_merged.mat,OF2,3,45701,6705,335.2,2285.0
R004,VEH,T2_SD_VEH_,2026_06_21_merged.mat,OF2,2,45756,6760,337.95,2287.75
R004,VEH,T2_SD_VEH_,2026_06_21_merged.mat,OF2,1,45785,6789,339.4,2289.2000000000003
R004,VEH,T2_SD_VEH_,2026_06_21_merged.mat,OF2,2,45826,6830,341.45,2291.25
R004,VEH,T2_SD_VEH_,2026_06_21_merged.mat,OF2,2,45894,6898,344.85,2294.65
R004,VEH,T2_SD_VEH_,2026_06_21_merged.mat,OF2,2,45897,6901,345.0,2294.8
R004,VEH,T2_SD_VEH_,2026_06_21_merged.mat,OF2,3,45907,6911,345.5,2295.3
R004,VEH,T2_SD_VEH_,2026_06_21_merged.mat,OF2,1,45941,6945,347.2,2297.0
R004,VEH,T2_SD_VEH_,2026_06_21_merged.mat,OF2,1,45942,6946,347.25,2297.05
R004,VEH,T2_SD_VEH_,2026_06_21_merged.mat,OF2,1,46049,7053,352.6,2302.4
R004,VEH,T2_SD_VEH_,2026_06_21_merged.mat,OF2,1,46050,7054,352.65000000000003,2302.4500000000003
R004,VEH,T2_SD_VEH_,2026_06_21_merged.mat,OF2,3,46061,7065,353.2,2303.0
R004,VEH,T2_SD_VEH_,2026_06_21_merged.mat,OF2,1,46114,7118,355.85,2305.65
R004,VEH,T2_SD_VEH_,2026_06_21_merged.mat,OF2,2,46126,7130,356.45,2306.25
R004,VEH,T2_SD_VEH_,2026_06_21_merged.mat,OF2,2,46127,7131,356.5,2306.3
R004,VEH,T2_SD_VEH_,2026_06_21_merged.mat,OF2,4,46133,7137,356.8,2306.6000000000004
R004,VEH,T2_SD_VEH_,2026_06_21_merged.mat,OF2,4,46134,7138,356.85,2306.65
R004,VEH,T2_SD_VEH_,2026_06_21_merged.mat,OF2,2,46140,7144,357.15000000000003,2306.9500000000003
R004,VEH,T2_SD_VEH_,2026_06_21_merged.mat,OF2,2,46141,7145,357.2,2307.0
R004,VEH,T2_SD_VEH_,2026_06_21_merged.mat,OF2,2,46214,7218,360.85,2310.65
R004,VEH,T2_SD_VEH_,2026_06_21_merged.mat,OF2,5,46230,7234,361.65000000000003,2311.4500000000003
R004,VEH,T2_SD_VEH_,2026_06_21_merged.mat,OF2,5,46231,7235,361.7,2311.5
R004,VEH,T2_SD_VEH_,2026_06_21_merged.mat,OF2,2,46238,7242,362.05,2311.8500000000004
R004,VEH,T2_SD_VEH_,2026_06_21_merged.mat,OF2,1,46256,7260,362.95,2312.75
R004,VEH,T2_SD_VEH_,2026_06_21_merged.mat,OF2,1,46271,7275,363.7,2313.5
R004,VEH,T2_SD_VEH_,2026_06_21_merged.mat,OF2,1,46288,7292,364.55,2314.3500000000004
R004,VEH,T2_SD_VEH_,2026_06_21_merged.mat,OF2,2,46307,7311,365.5,2315.3
R004,VEH,T2_SD_VEH_,2026_06_21_merged.mat,OF2,2,46308,7312,365.55,2315.3500000000004
R004,VEH,T2_SD_VEH_,2026_06_21_merged.mat,OF2,2,46309,7313,365.6,2315.4
R004,VEH,T2_SD_VEH_,2026_06_21_merged.mat,OF2,2,46321,7325,366.2,2316.0
R004,VEH,T2_SD_VEH_,2026_06_21_merged.mat,OF2,2,46343,7347,367.3,2317.1000000000004
R004,VEH,T2_SD_VEH_,2026_06_21_merged.mat,OF2,2,46344,7348,367.35,2317.15
R004,VEH,T2_SD_VEH_,2026_06_21_merged.mat,OF2,2,46345,7349,367.40000000000003,2317.2000000000003
R004,VEH,T2_SD_VEH_,2026_06_21_merged.mat,OF2,2,46354,7358,367.85,2317.65
R004,VEH,T2_SD_VEH_,2026_06_21_merged.mat,OF2,2,46355,7359,367.90000000000003,2317.7000000000003
R004,VEH,T2_SD_VEH_,2026_06_21_merged.mat,OF2,2,46356,7360,367.95,2317.75
R004,VEH,T2_SD_VEH_,2026_06_21_merged.mat,OF2,2,46396,7400,369.95,2319.75
R004,VEH,T2_SD_VEH_,2026_06_21_merged.mat,OF2,2,46397,7401,370.0,2319.8
R004,VEH,T2_SD_VEH_,2026_06_21_merged.mat,OF2,2,46428,7432,371.55,2321.3500000000004
R004,VEH,T2_SD_VEH_,2026_06_21_merged.mat,OF2,2,46429,7433,371.6,2321.4
R004,VEH,T2_SD_VEH_,2026_06_21_merged.mat,OF2,2,46430,7434,371.65000000000003,2321.4500000000003
R004,VEH,T2_SD_VEH_,2026_06_21_merged.mat,OF2,2,46431,7435,371.7,2321.5
R004,VEH,T2_SD_VEH_,2026_06_21_merged.mat,OF2,2,46468,7472,373.55,2323.3500000000004
R004,VEH,T2_SD_VEH_,2026_06_21_merged.mat,OF2,1,46527,7531,376.5,2326.3
R004,VEH,T2_SD_VEH_,2026_06_21_merged.mat,OF2,2,46546,7550,377.45,2327.25
R004,VEH,T2_SD_VEH_,2026_06_21_merged.mat,OF2,1,46591,7595,379.7,2329.5
R004,VEH,T2_SD_VEH_,2026_06_21_merged.mat,OF2,1,46592,7596,379.75,2329.55
R004,VEH,T2_SD_VEH_,2026_06_21_merged.mat,OF2,1,46615,7619,380.90000000000003,2330.7000000000003
R004,VEH,T2_SD_VEH_,2026_06_21_merged.mat,OF2,2,46626,7630,381.45,2331.25
R004,VEH,T2_SD_VEH_,2026_06_21_merged.mat,OF2,2,46628,7632,381.55,2331.3500000000004
R004,VEH,T2_SD_VEH_,2026_06_21_merged.mat,OF2,2,46629,7633,381.6,2331.4
R004,VEH,T2_SD_VEH_,2026_06_21_merged.mat,OF2,2,46630,7634,381.65000000000003,2331.4500000000003
R004,VEH,T2_SD_VEH_,2026_06_21_merged.mat,OF2,1,46650,7654,382.65000000000003,2332.4500000000003
R004,VEH,T2_SD_VEH_,2026_06_21_merged.mat,OF2,3,46665,7669,383.40000000000003,2333.2000000000003
R004,VEH,T2_SD_VEH_,2026_06_21_merged.mat,OF2,3,46666,7670,383.45,2333.25
R004,VEH,T2_SD_VEH_,2026_06_21_merged.mat,OF2,3,46667,7671,383.5,2333.3
R004,VEH,T2_SD_VEH_,2026_06_21_merged.mat,OF2,3,46669,7673,383.6,2333.4
R004,VEH,T2_SD_VEH_,2026_06_21_merged.mat,OF2,5,46672,7676,383.75,2333.55
R004,VEH,T2_SD_VEH_,2026_06_21_merged.mat,OF2,5,46682,7686,384.25,2334.05
R004,VEH,T2_SD_VEH_,2026_06_21_merged.mat,OF2,1,46689,7693,384.6,2334.4
R004,VEH,T2_SD_VEH_,2026_06_21_merged.mat,OF2,1,46690,7694,384.65000000000003,2334.4500000000003
R004,VEH,T2_SD_VEH_,2026_06_21_merged.mat,OF2,3,46729,7733,386.6,2336.4
R004,VEH,T2_SD_VEH_,2026_06_21_merged.mat,OF2,3,46730,7734,386.65000000000003,2336.4500000000003
R004,VEH,T2_SD_VEH_,2026_06_21_merged.mat,OF2,3,46731,7735,386.7,2336.5
R004,VEH,T2_SD_VEH_,2026_06_21_merged.mat,OF2,3,46732,7736,386.75,2336.55
R004,VEH,T2_SD_VEH_,2026_06_21_merged.mat,OF2,1,46745,7749,387.40000000000003,2337.2000000000003
R004,VEH,T2_SD_VEH_,2026_06_21_merged.mat,OF2,4,46780,7784,389.15000000000003,2338.9500000000003
R004,VEH,T2_SD_VEH_,2026_06_21_merged.mat,OF2,4,46781,7785,389.2,2339.0
R004,VEH,T2_SD_VEH_,2026_06_21_merged.mat,OF2,4,46782,7786,389.25,2339.05
R004,VEH,T2_SD_VEH_,2026_06_21_merged.mat,OF2,4,46783,7787,389.3,2339.1000000000004
R004,VEH,T2_SD_VEH_,2026_06_21_merged.mat,OF2,3,46790,7794,389.65000000000003,2339.4500000000003
R004,VEH,T2_SD_VEH_,2026_06_21_merged.mat,OF2,3,46792,7796,389.75,2339.55
R004,VEH,T2_SD_VEH_,2026_06_21_merged.mat,OF2,3,46793,7797,389.8,2339.6000000000004
R004,VEH,T2_SD_VEH_,2026_06_21_merged.mat,OF2,3,46794,7798,389.85,2339.65
R004,VEH,T2_SD_VEH_,2026_06_21_merged.mat,OF2,4,46849,7853,392.6,2342.4
R004,VEH,T2_SD_VEH_,2026_06_21_merged.mat,OF2,4,46850,7854,392.65000000000003,2342.4500000000003
R004,VEH,T2_SD_VEH_,2026_06_21_merged.mat,OF2,4,46851,7855,392.7,2342.5
R004,VEH,T2_SD_VEH_,2026_06_21_merged.mat,OF2,4,46852,7856,392.75,2342.55
R004,VEH,T2_SD_VEH_,2026_06_21_merged.mat,OF2,4,46853,7857,392.8,2342.6000000000004
R004,VEH,T2_SD_VEH_,2026_06_21_merged.mat,OF2,3,46855,7859,392.90000000000003,2342.7000000000003
R004,VEH,T2_SD_VEH_,2026_06_21_merged.mat,OF2,3,46857,7861,393.0,2342.8
R004,VEH,T2_SD_VEH_,2026_06_21_merged.mat,OF2,1,46873,7877,393.8,2343.6000000000004
R004,VEH,T2_SD_VEH_,2026_06_21_merged.mat,OF2,1,46892,7896,394.75,2344.55
R004,VEH,T2_SD_VEH_,2026_06_21_merged.mat,OF2,5,46944,7948,397.35,2347.15
R004,VEH,T2_SD_VEH_,2026_06_21_merged.mat,OF2,1,46962,7966,398.25,2348.05
R004,VEH,T2_SD_VEH_,2026_06_21_merged.mat,OF2,1,46963,7967,398.3,2348.1000000000004
R004,VEH,T2_SD_VEH_,2026_06_21_merged.mat,OF2,5,46967,7971,398.5,2348.3
R004,VEH,T2_SD_VEH_,2026_06_21_merged.mat,OF2,5,46968,7972,398.55,2348.3500000000004
R004,VEH,T2_SD_VEH_,2026_06_21_merged.mat,OF2,3,46978,7982,399.05,2348.8500000000004
R004,VEH,T2_SD_VEH_,2026_06_21_merged.mat,OF2,3,47004,8008,400.35,2350.15
R004,VEH,T2_SD_VEH_,2026_06_21_merged.mat,OF2,3,47005,8009,400.4,2350.2000000000003
R004,VEH,T2_SD_VEH_,2026_06_21_merged.mat,OF2,1,47006,8010,400.45000000000005,2350.25
R004,VEH,T2_SD_VEH_,2026_06_21_merged.mat,OF2,1,47007,8011,400.5,2350.3
R004,VEH,T2_SD_VEH_,2026_06_21_merged.mat,OF2,1,47033,8037,401.8,2351.6000000000004
R004,VEH,T2_SD_VEH_,2026_06_21_merged.mat,OF2,1,47061,8065,403.20000000000005,2353.0
R004,VEH,T2_SD_VEH_,2026_06_21_merged.mat,OF2,6,47100,8104,405.15,2354.9500000000003
R004,VEH,T2_SD_VEH_,2026_06_21_merged.mat,OF2,2,47105,8109,405.4,2355.2000000000003
R004,VEH,T2_SD_VEH_,2026_06_21_merged.mat,OF2,2,47113,8117,405.8,2355.6000000000004
R004,VEH,T2_SD_VEH_,2026_06_21_merged.mat,OF2,2,47115,8119,405.9,2355.7000000000003
R004,VEH,T2_SD_VEH_,2026_06_21_merged.mat,OF2,2,47116,8120,405.95000000000005,2355.75
R004,VEH,T2_SD_VEH_,2026_06_21_merged.mat,OF2,2,47146,8150,407.45000000000005,2357.25
R004,VEH,T2_SD_VEH_,2026_06_21_merged.mat,OF2,1,47157,8161,408.0,2357.8
R004,VEH,T2_SD_VEH_,2026_06_21_merged.mat,OF2,1,47170,8174,408.65,2358.4500000000003
R004,VEH,T2_SD_VEH_,2026_06_21_merged.mat,OF2,2,47190,8194,409.65,2359.4500000000003
R004,VEH,T2_SD_VEH_,2026_06_21_merged.mat,OF2,1,47199,8203,410.1,2359.9
R004,VEH,T2_SD_VEH_,2026_06_21_merged.mat,OF2,6,47211,8215,410.70000000000005,2360.5
R004,VEH,T2_SD_VEH_,2026_06_21_merged.mat,OF2,1,47222,8226,411.25,2361.05
R004,VEH,T2_SD_VEH_,2026_06_21_merged.mat,OF2,1,47223,8227,411.3,2361.1000000000004
R004,VEH,T2_SD_VEH_,2026_06_21_merged.mat,OF2,5,47242,8246,412.25,2362.05
R004,VEH,T2_SD_VEH_,2026_06_21_merged.mat,OF2,3,47258,8262,413.05,2362.8500000000004
R004,VEH,T2_SD_VEH_,2026_06_21_merged.mat,OF2,3,47259,8263,413.1,2362.9
R004,VEH,T2_SD_VEH_,2026_06_21_merged.mat,OF2,3,47261,8265,413.20000000000005,2363.0
R004,VEH,T2_SD_VEH_,2026_06_21_merged.mat,OF2,4,47444,8448,422.35,2372.15
R004,VEH,T2_SD_VEH_,2026_06_21_merged.mat,OF2,4,47445,8449,422.4,2372.2000000000003
R004,VEH,T2_SD_VEH_,2026_06_21_merged.mat,OF2,5,47470,8474,423.65,2373.4500000000003
R004,VEH,T2_SD_VEH_,2026_06_21_merged.mat,OF2,5,47472,8476,423.75,2373.55
R004,VEH,T2_SD_VEH_,2026_06_21_merged.mat,OF2,1,47492,8496,424.75,2374.55
R004,VEH,T2_SD_VEH_,2026_06_21_merged.mat,OF2,1,47500,8504,425.15,2374.9500000000003
R004,VEH,T2_SD_VEH_,2026_06_21_merged.mat,OF2,1,47502,8506,425.25,2375.05
R004,VEH,T2_SD_VEH_,2026_06_21_merged.mat,OF2,2,47514,8518,425.85,2375.65
R004,VEH,T2_SD_VEH_,2026_06_21_merged.mat,OF2,2,47515,8519,425.9,2375.7000000000003
R004,VEH,T2_SD_VEH_,2026_06_21_merged.mat,OF2,5,47516,8520,425.95000000000005,2375.75
R004,VEH,T2_SD_VEH_,2026_06_21_merged.mat,OF2,5,47540,8544,427.15,2376.9500000000003
R004,VEH,T2_SD_VEH_,2026_06_21_merged.mat,OF2,5,47541,8545,427.20000000000005,2377.0
R004,VEH,T2_SD_VEH_,2026_06_21_merged.mat,OF2,5,47542,8546,427.25,2377.05
R004,VEH,T2_SD_VEH_,2026_06_21_merged.mat,OF2,5,47580,8584,429.15,2378.9500000000003
R004,VEH,T2_SD_VEH_,2026_06_21_merged.mat,OF2,5,47600,8604,430.15,2379.9500000000003
R004,VEH,T2_SD_VEH_,2026_06_21_merged.mat,OF2,1,47605,8609,430.4,2380.2000000000003
R004,VEH,T2_SD_VEH_,2026_06_21_merged.mat,OF2,2,47636,8640,431.95000000000005,2381.75
R004,VEH,T2_SD_VEH_,2026_06_21_merged.mat,OF2,2,47637,8641,432.0,2381.8
R004,VEH,T2_SD_VEH_,2026_06_21_merged.mat,OF2,2,47638,8642,432.05,2381.8500000000004
R004,VEH,T2_SD_VEH_,2026_06_21_merged.mat,OF2,4,47642,8646,432.25,2382.05
R004,VEH,T2_SD_VEH_,2026_06_21_merged.mat,OF2,4,47643,8647,432.3,2382.1000000000004
R004,VEH,T2_SD_VEH_,2026_06_21_merged.mat,OF2,4,47644,8648,432.35,2382.15
R004,VEH,T2_SD_VEH_,2026_06_21_merged.mat,OF2,4,47646,8650,432.45000000000005,2382.25
R004,VEH,T2_SD_VEH_,2026_06_21_merged.mat,OF2,5,47668,8672,433.55,2383.3500000000004
R004,VEH,T2_SD_VEH_,2026_06_21_merged.mat,OF2,2,47669,8673,433.6,2383.4
R004,VEH,T2_SD_VEH_,2026_06_21_merged.mat,OF2,1,47680,8684,434.15,2383.9500000000003
R004,VEH,T2_SD_VEH_,2026_06_21_merged.mat,OF2,5,47723,8727,436.3,2386.1000000000004
R004,VEH,T2_SD_VEH_,2026_06_21_merged.mat,OF2,4,47733,8737,436.8,2386.6000000000004
R004,VEH,T2_SD_VEH_,2026_06_21_merged.mat,OF2,4,47735,8739,436.9,2386.7000000000003
R004,VEH,T2_SD_VEH_,2026_06_21_merged.mat,OF2,4,47736,8740,436.95000000000005,2386.75
R004,VEH,T2_SD_VEH_,2026_06_21_merged.mat,OF2,1,47767,8771,438.5,2388.3
R004,VEH,T2_SD_VEH_,2026_06_21_merged.mat,OF2,1,47768,8772,438.55,2388.3500000000004
R004,VEH,T2_SD_VEH_,2026_06_21_merged.mat,OF2,3,47792,8796,439.75,2389.55
R004,VEH,T2_SD_VEH_,2026_06_21_merged.mat,OF2,3,47793,8797,439.8,2389.6000000000004
R004,VEH,T2_SD_VEH_,2026_06_21_merged.mat,OF2,3,47794,8798,439.85,2389.65
R004,VEH,T2_SD_VEH_,2026_06_21_merged.mat,OF2,2,47821,8825,441.20000000000005,2391.0
R004,VEH,T2_SD_VEH_,2026_06_21_merged.mat,OF2,2,47822,8826,441.25,2391.05
R004,VEH,T2_SD_VEH_,2026_06_21_merged.mat,OF2,2,47823,8827,441.3,2391.1000000000004
R004,VEH,T2_SD_VEH_,2026_06_21_merged.mat,OF2,2,47824,8828,441.35,2391.15
R004,VEH,T2_SD_VEH_,2026_06_21_merged.mat,OF2,3,47884,8888,444.35,2394.15
R004,VEH,T2_SD_VEH_,2026_06_21_merged.mat,OF2,3,47889,8893,444.6,2394.4
R004,VEH,T2_SD_VEH_,2026_06_21_merged.mat,OF2,3,47890,8894,444.65,2394.4500000000003
R004,VEH,T2_SD_VEH_,2026_06_21_merged.mat,OF2,3,47891,8895,444.70000000000005,2394.5
R004,VEH,T2_SD_VEH_,2026_06_21_merged.mat,OF2,1,47895,8899,444.9,2394.7000000000003
R004,VEH,T2_SD_VEH_,2026_06_21_merged.mat,OF2,1,47897,8901,445.0,2394.8
R004,VEH,T2_SD_VEH_,2026_06_21_merged.mat,OF2,3,47911,8915,445.70000000000005,2395.5
R004,VEH,T2_SD_VEH_,2026_06_21_merged.mat,OF2,3,47912,8916,445.75,2395.55
R004,VEH,T2_SD_VEH_,2026_06_21_merged.mat,OF2,3,47914,8918,445.85,2395.65
R004,VEH,T2_SD_VEH_,2026_06_21_merged.mat,OF2,3,47915,8919,445.9,2395.7000000000003
R004,VEH,T2_SD_VEH_,2026_06_21_merged.mat,OF2,1,47928,8932,446.55,2396.3500000000004
R004,VEH,T2_SD_VEH_,2026_06_21_merged.mat,OF2,1,47941,8945,447.20000000000005,2397.0
R004,VEH,T2_SD_VEH_,2026_06_21_merged.mat,OF2,1,47942,8946,447.25,2397.05
R004,VEH,T2_SD_VEH_,2026_06_21_merged.mat,OF2,5,48048,9052,452.55,2402.3500000000004
R004,VEH,T2_SD_VEH_,2026_06_21_merged.mat,OF2,3,48056,9060,452.95000000000005,2402.75
R004,VEH,T2_SD_VEH_,2026_06_21_merged.mat,OF2,1,48080,9084,454.15,2403.9500000000003
R004,VEH,T2_SD_VEH_,2026_06_21_merged.mat,OF2,1,48081,9085,454.20000000000005,2404.0
R004,VEH,T2_SD_VEH_,2026_06_21_merged.mat,OF2,1,48091,9095,454.70000000000005,2404.5
R004,VEH,T2_SD_VEH_,2026_06_21_merged.mat,OF2,5,48094,9098,454.85,2404.65
R004,VEH,T2_SD_VEH_,2026_06_21_merged.mat,OF2,2,48096,9100,454.95000000000005,2404.75
R004,VEH,T2_SD_VEH_,2026_06_21_merged.mat,OF2,5,48130,9134,456.65,2406.4500000000003
R004,VEH,T2_SD_VEH_,2026_06_21_merged.mat,OF2,4,48141,9145,457.20000000000005,2407.0
R004,VEH,T2_SD_VEH_,2026_06_21_merged.mat,OF2,4,48146,9150,457.45000000000005,2407.25
R004,VEH,T2_SD_VEH_,2026_06_21_merged.mat,OF2,4,48148,9152,457.55,2407.3500000000004
R004,VEH,T2_SD_VEH_,2026_06_21_merged.mat,OF2,1,48153,9157,457.8,2407.6000000000004
R004,VEH,T2_SD_VEH_,2026_06_21_merged.mat,OF2,1,48167,9171,458.5,2408.3
R004,VEH,T2_SD_VEH_,2026_06_21_merged.mat,OF2,1,48190,9194,459.65,2409.4500000000003
R004,VEH,T2_SD_VEH_,2026_06_21_merged.mat,OF2,2,48217,9221,461.0,2410.8
R004,VEH,T2_SD_VEH_,2026_06_21_merged.mat,OF2,2,48218,9222,461.05,2410.8500000000004
R004,VEH,T2_SD_VEH_,2026_06_21_merged.mat,OF2,2,48219,9223,461.1,2410.9
R004,VEH,T2_SD_VEH_,2026_06_21_merged.mat,OF2,2,48220,9224,461.15,2410.9500000000003
R004,VEH,T2_SD_VEH_,2026_06_21_merged.mat,OF2,2,48248,9252,462.55,2412.3500000000004
R004,VEH,T2_SD_VEH_,2026_06_21_merged.mat,OF2,1,48255,9259,462.9,2412.7000000000003
R004,VEH,T2_SD_VEH_,2026_06_21_merged.mat,OF2,2,48329,9333,466.6,2416.4
R004,VEH,T2_SD_VEH_,2026_06_21_merged.mat,OF2,5,48331,9335,466.70000000000005,2416.5
R004,VEH,T2_SD_VEH_,2026_06_21_merged.mat,OF2,2,48341,9345,467.20000000000005,2417.0
R004,VEH,T2_SD_VEH_,2026_06_21_merged.mat,OF2,5,48353,9357,467.8,2417.6000000000004
R004,VEH,T2_SD_VEH_,2026_06_21_merged.mat,OF2,1,48367,9371,468.5,2418.3
R004,VEH,T2_SD_VEH_,2026_06_21_merged.mat,OF2,5,48391,9395,469.70000000000005,2419.5
R004,VEH,T2_SD_VEH_,2026_06_21_merged.mat,OF2,1,48392,9396,469.75,2419.55
R004,VEH,T2_SD_VEH_,2026_06_21_merged.mat,OF2,5,48406,9410,470.45000000000005,2420.25
R004,VEH,T2_SD_VEH_,2026_06_21_merged.mat,OF2,3,48414,9418,470.85,2420.65
R004,VEH,T2_SD_VEH_,2026_06_21_merged.mat,OF2,3,48415,9419,470.9,2420.7000000000003
R004,VEH,T2_SD_VEH_,2026_06_21_merged.mat,OF2,3,48416,9420,470.95000000000005,2420.75
R004,VEH,T2_SD_VEH_,2026_06_21_merged.mat,OF2,1,48431,9435,471.70000000000005,2421.5
R004,VEH,T2_SD_VEH_,2026_06_21_merged.mat,OF2,1,48462,9466,473.25,2423.05
R004,VEH,T2_SD_VEH_,2026_06_21_merged.mat,OF2,2,48476,9480,473.95000000000005,2423.75
R004,VEH,T2_SD_VEH_,2026_06_21_merged.mat,OF2,2,48477,9481,474.0,2423.8
R004,VEH,T2_SD_VEH_,2026_06_21_merged.mat,OF2,2,48478,9482,474.05,2423.8500000000004
R004,VEH,T2_SD_VEH_,2026_06_21_merged.mat,OF2,3,48488,9492,474.55,2424.3500000000004
R004,VEH,T2_SD_VEH_,2026_06_21_merged.mat,OF2,3,48490,9494,474.65,2424.4500000000003
R004,VEH,T2_SD_VEH_,2026_06_21_merged.mat,OF2,3,48491,9495,474.70000000000005,2424.5
R004,VEH,T2_SD_VEH_,2026_06_21_merged.mat,OF2,2,48559,9563,478.1,2427.9
R004,VEH,T2_SD_VEH_,2026_06_21_merged.mat,OF2,2,48579,9583,479.1,2428.9
R004,VEH,T2_SD_VEH_,2026_06_21_merged.mat,OF2,2,48581,9585,479.20000000000005,2429.0
R004,VEH,T2_SD_VEH_,2026_06_21_merged.mat,OF2,1,48587,9591,479.5,2429.3
R004,VEH,T2_SD_VEH_,2026_06_21_merged.mat,OF2,2,48590,9594,479.65,2429.4500000000003
R004,VEH,T2_SD_VEH_,2026_06_21_merged.mat,OF2,2,48614,9618,480.85,2430.65
R004,VEH,T2_SD_VEH_,2026_06_21_merged.mat,OF2,2,48619,9623,481.1,2430.9
R004,VEH,T2_SD_VEH_,2026_06_21_merged.mat,OF2,5,48645,9649,482.4,2432.2000000000003
R004,VEH,T2_SD_VEH_,2026_06_21_merged.mat,OF2,5,48683,9687,484.3,2434.1000000000004
R004,VEH,T2_SD_VEH_,2026_06_21_merged.mat,OF2,5,48684,9688,484.35,2434.15
R004,VEH,T2_SD_VEH_,2026_06_21_merged.mat,OF2,5,48685,9689,484.4,2434.2000000000003
R004,VEH,T2_SD_VEH_,2026_06_21_merged.mat,OF2,5,48686,9690,484.45000000000005,2434.25
R004,VEH,T2_SD_VEH_,2026_06_21_merged.mat,OF2,2,48693,9697,484.8,2434.6000000000004
R004,VEH,T2_SD_VEH_,2026_06_21_merged.mat,OF2,1,48730,9734,486.65,2436.4500000000003
R004,VEH,T2_SD_VEH_,2026_06_21_merged.mat,OF2,6,48772,9776,488.75,2438.55
R004,VEH,T2_SD_VEH_,2026_06_21_merged.mat,OF2,1,48804,9808,490.35,2440.15
R004,VEH,T2_SD_VEH_,2026_06_21_merged.mat,OF2,2,48805,9809,490.4,2440.2000000000003
R004,VEH,T2_SD_VEH_,2026_06_21_merged.mat,OF2,2,48806,9810,490.45000000000005,2440.25
R004,VEH,T2_SD_VEH_,2026_06_21_merged.mat,OF2,1,48841,9845,492.20000000000005,2442.0
R004,VEH,T2_SD_VEH_,2026_06_21_merged.mat,OF2,1,48842,9846,492.25,2442.05
R004,VEH,T2_SD_VEH_,2026_06_21_merged.mat,OF2,1,48843,9847,492.3,2442.1000000000004
R004,VEH,T2_SD_VEH_,2026_06_21_merged.mat,OF2,1,48853,9857,492.8,2442.6000000000004
R004,VEH,T2_SD_VEH_,2026_06_21_merged.mat,OF2,5,48868,9872,493.55,2443.3500000000004
R004,VEH,T2_SD_VEH_,2026_06_21_merged.mat,OF2,3,48869,9873,493.6,2443.4
R004,VEH,T2_SD_VEH_,2026_06_21_merged.mat,OF2,3,48870,9874,493.65,2443.4500000000003
R004,VEH,T2_SD_VEH_,2026_06_21_merged.mat,OF2,3,48871,9875,493.70000000000005,2443.5
R004,VEH,T2_SD_VEH_,2026_06_21_merged.mat,OF2,3,48872,9876,493.75,2443.55
R004,VEH,T2_SD_VEH_,2026_06_21_merged.mat,OF2,3,48873,9877,493.8,2443.6000000000004
R004,VEH,T2_SD_VEH_,2026_06_21_merged.mat,OF2,2,48879,9883,494.1,2443.9
R004,VEH,T2_SD_VEH_,2026_06_21_merged.mat,OF2,2,48880,9884,494.15,2443.9500000000003
R004,VEH,T2_SD_VEH_,2026_06_21_merged.mat,OF2,2,48881,9885,494.20000000000005,2444.0
R004,VEH,T2_SD_VEH_,2026_06_21_merged.mat,OF2,2,48929,9933,496.6,2446.4
R004,VEH,T2_SD_VEH_,2026_06_21_merged.mat,OF2,3,48949,9953,497.6,2447.4
R004,VEH,T2_SD_VEH_,2026_06_21_merged.mat,OF2,3,48950,9954,497.65,2447.4500000000003
R004,VEH,T2_SD_VEH_,2026_06_21_merged.mat,OF2,3,48951,9955,497.70000000000005,2447.5
R004,VEH,T2_SD_VEH_,2026_06_21_merged.mat,OF2,3,48952,9956,497.75,2447.55
R004,VEH,T2_SD_VEH_,2026_06_21_merged.mat,OF2,3,48953,9957,497.8,2447.6000000000004
R004,VEH,T2_SD_VEH_,2026_06_21_merged.mat,OF2,4,48973,9977,498.8,2448.6000000000004
R004,VEH,T2_SD_VEH_,2026_06_21_merged.mat,OF2,1,48979,9983,499.1,2448.9
R004,VEH,T2_SD_VEH_,2026_06_21_merged.mat,OF2,1,48980,9984,499.15,2448.9500000000003
R004,VEH,T2_SD_VEH_,2026_06_21_merged.mat,OF2,5,48982,9986,499.25,2449.05
R004,VEH,T2_SD_VEH_,2026_06_21_merged.mat,OF2,1,49013,10017,500.8,2450.6000000000004
R004,VEH,T2_SD_VEH_,2026_06_21_merged.mat,OF2,4,49046,10050,502.45000000000005,2452.25
R004,VEH,T2_SD_VEH_,2026_06_21_merged.mat,OF2,4,49047,10051,502.5,2452.3
R004,VEH,T2_SD_VEH_,2026_06_21_merged.mat,OF2,1,49104,10108,505.35,2455.15
R004,VEH,T2_SD_VEH_,2026_06_21_merged.mat,OF2,3,49109,10113,505.6,2455.4
R004,VEH,T2_SD_VEH_,2026_06_21_merged.mat,OF2,5,49185,10189,509.4,2459.2000000000003
R004,VEH,T2_SD_VEH_,2026_06_21_merged.mat,OF2,2,49202,10206,510.25,2460.05
R004,VEH,T2_SD_VEH_,2026_06_21_merged.mat,OF2,2,49203,10207,510.3,2460.1000000000004
R004,VEH,T2_SD_VEH_,2026_06_21_merged.mat,OF2,2,49207,10211,510.5,2460.3
R004,VEH,T2_SD_VEH_,2026_06_21_merged.mat,OF2,2,49209,10213,510.6,2460.4
R004,VEH,T2_SD_VEH_,2026_06_21_merged.mat,OF2,2,49211,10215,510.70000000000005,2460.5
R004,VEH,T2_SD_VEH_,2026_06_21_merged.mat,OF2,2,49214,10218,510.85,2460.65
R004,VEH,T2_SD_VEH_,2026_06_21_merged.mat,OF2,2,49215,10219,510.9,2460.7000000000003
R004,VEH,T2_SD_VEH_,2026_06_21_merged.mat,OF2,2,49216,10220,510.95000000000005,2460.75
R004,VEH,T2_SD_VEH_,2026_06_21_merged.mat,OF2,2,49217,10221,511.0,2460.8
R004,VEH,T2_SD_VEH_,2026_06_21_merged.mat,OF2,2,49218,10222,511.05,2460.8500000000004
R004,VEH,T2_SD_VEH_,2026_06_21_merged.mat,OF2,2,49219,10223,511.1,2460.9
R004,VEH,T2_SD_VEH_,2026_06_21_merged.mat,OF2,6,49240,10244,512.15,2461.9500000000003
R004,VEH,T2_SD_VEH_,2026_06_21_merged.mat,OF2,6,49241,10245,512.2,2462.0
R004,VEH,T2_SD_VEH_,2026_06_21_merged.mat,OF2,6,49242,10246,512.25,2462.05
R004,VEH,T2_SD_VEH_,2026_06_21_merged.mat,OF2,1,49266,10270,513.45,2463.25
R004,VEH,T2_SD_VEH_,2026_06_21_merged.mat,OF2,6,49304,10308,515.35,2465.15
R004,VEH,T2_SD_VEH_,2026_06_21_merged.mat,OF2,6,49305,10309,515.4,2465.2000000000003
R004,VEH,T2_SD_VEH_,2026_06_21_merged.mat,OF2,1,49342,10346,517.25,2467.05
R004,VEH,T2_SD_VEH_,2026_06_21_merged.mat,OF2,1,49360,10364,518.15,2467.9500000000003
R004,VEH,T2_SD_VEH_,2026_06_21_merged.mat,OF2,2,49371,10375,518.7,2468.5
R004,VEH,T2_SD_VEH_,2026_06_21_merged.mat,OF2,1,49383,10387,519.3,2469.1000000000004
R004,VEH,T2_SD_VEH_,2026_06_21_merged.mat,OF2,1,49411,10415,520.7,2470.5
R004,VEH,T2_SD_VEH_,2026_06_21_merged.mat,OF2,1,49412,10416,520.75,2470.55
R004,VEH,T2_SD_VEH_,2026_06_21_merged.mat,OF2,1,49413,10417,520.8,2470.6000000000004
R004,VEH,T2_SD_VEH_,2026_06_21_merged.mat,OF2,2,49415,10419,520.9,2470.7000000000003
R004,VEH,T2_SD_VEH_,2026_06_21_merged.mat,OF2,4,49418,10422,521.05,2470.8500000000004
R004,VEH,T2_SD_VEH_,2026_06_21_merged.mat,OF2,3,49430,10434,521.65,2471.4500000000003
R004,VEH,T2_SD_VEH_,2026_06_21_merged.mat,OF2,2,49447,10451,522.5,2472.3
R004,VEH,T2_SD_VEH_,2026_06_21_merged.mat,OF2,1,49499,10503,525.1,2474.9
R004,VEH,T2_SD_VEH_,2026_06_21_merged.mat,OF2,1,49517,10521,526.0,2475.8
R004,VEH,T2_SD_VEH_,2026_06_21_merged.mat,OF2,1,49518,10522,526.05,2475.8500000000004
R004,VEH,T2_SD_VEH_,2026_06_21_merged.mat,OF2,1,49540,10544,527.15,2476.9500000000003
R004,VEH,T2_SD_VEH_,2026_06_21_merged.mat,OF2,1,49541,10545,527.2,2477.0
R004,VEH,T2_SD_VEH_,2026_06_21_merged.mat,OF2,1,49550,10554,527.65,2477.4500000000003
R004,VEH,T2_SD_VEH_,2026_06_21_merged.mat,OF2,5,49565,10569,528.4,2478.2000000000003
R004,VEH,T2_SD_VEH_,2026_06_21_merged.mat,OF2,2,49571,10575,528.7,2478.5
R004,VEH,T2_SD_VEH_,2026_06_21_merged.mat,OF2,2,49572,10576,528.75,2478.55
R004,VEH,T2_SD_VEH_,2026_06_21_merged.mat,OF2,1,49623,10627,531.3,2481.1000000000004
R004,VEH,T2_SD_VEH_,2026_06_21_merged.mat,OF2,2,49625,10629,531.4,2481.2000000000003
R004,VEH,T2_SD_VEH_,2026_06_21_merged.mat,OF2,6,49645,10649,532.4,2482.2000000000003
R004,VEH,T2_SD_VEH_,2026_06_21_merged.mat,OF2,2,49658,10662,533.05,2482.8500000000004
R004,VEH,T2_SD_VEH_,2026_06_21_merged.mat,OF2,2,49660,10664,533.15,2482.9500000000003
R004,VEH,T2_SD_VEH_,2026_06_21_merged.mat,OF2,5,49662,10666,533.25,2483.05
R004,VEH,T2_SD_VEH_,2026_06_21_merged.mat,OF2,2,49673,10677,533.8,2483.6000000000004
R004,VEH,T2_SD_VEH_,2026_06_21_merged.mat,OF2,3,49684,10688,534.35,2484.15
R004,VEH,T2_SD_VEH_,2026_06_21_merged.mat,OF2,3,49685,10689,534.4,2484.2000000000003
R004,VEH,T2_SD_VEH_,2026_06_21_merged.mat,OF2,3,49686,10690,534.45,2484.25
R004,VEH,T2_SD_VEH_,2026_06_21_merged.mat,OF2,3,49687,10691,534.5,2484.3
R004,VEH,T2_SD_VEH_,2026_06_21_merged.mat,OF2,3,49688,10692,534.55,2484.3500000000004
R004,VEH,T2_SD_VEH_,2026_06_21_merged.mat,OF2,2,49696,10700,534.95,2484.75
R004,VEH,T2_SD_VEH_,2026_06_21_merged.mat,OF2,4,49760,10764,538.15,2487.9500000000003
R004,VEH,T2_SD_VEH_,2026_06_21_merged.mat,OF2,4,49761,10765,538.2,2488.0
R004,VEH,T2_SD_VEH_,2026_06_21_merged.mat,OF2,4,49762,10766,538.25,2488.05
R004,VEH,T2_SD_VEH_,2026_06_21_merged.mat,OF2,2,49769,10773,538.6,2488.4
R004,VEH,T2_SD_VEH_,2026_06_21_merged.mat,OF2,1,49810,10814,540.65,2490.4500000000003
R004,VEH,T2_SD_VEH_,2026_06_21_merged.mat,OF2,1,49832,10836,541.75,2491.55
R004,VEH,T2_SD_VEH_,2026_06_21_merged.mat,OF2,5,49837,10841,542.0,2491.8
R004,VEH,T2_SD_VEH_,2026_06_21_merged.mat,OF2,2,49867,10871,543.5,2493.3
R004,VEH,T2_SD_VEH_,2026_06_21_merged.mat,OF2,2,49868,10872,543.55,2493.3500000000004
R004,VEH,T2_SD_VEH_,2026_06_21_merged.mat,OF2,2,49869,10873,543.6,2493.4
R004,VEH,T2_SD_VEH_,2026_06_21_merged.mat,OF2,2,49870,10874,543.65,2493.4500000000003
R004,VEH,T2_SD_VEH_,2026_06_21_merged.mat,OF2,1,49913,10917,545.8,2495.6000000000004
R004,VEH,T2_SD_VEH_,2026_06_21_merged.mat,OF2,1,49938,10942,547.05,2496.8500000000004
R004,VEH,T2_SD_VEH_,2026_06_21_merged.mat,OF2,1,49939,10943,547.1,2496.9
R004,VEH,T2_SD_VEH_,2026_06_21_merged.mat,OF2,1,49989,10993,549.6,2499.4
R004,VEH,T2_SD_VEH_,2026_06_21_merged.mat,OF2,1,49991,10995,549.7,2499.5
R004,VEH,T2_SD_VEH_,2026_06_21_merged.mat,OF2,1,50032,11036,551.75,2501.55
R004,VEH,T2_SD_VEH_,2026_06_21_merged.mat,OF2,1,50033,11037,551.8,2501.6000000000004
R004,VEH,T2_SD_VEH_,2026_06_21_merged.mat,OF2,5,50036,11040,551.95,2501.75
R004,VEH,T2_SD_VEH_,2026_06_21_merged.mat,OF2,1,50045,11049,552.4,2502.2000000000003
R004,VEH,T2_SD_VEH_,2026_06_21_merged.mat,OF2,1,50066,11070,553.45,2503.25
R004,VEH,T2_SD_VEH_,2026_06_21_merged.mat,OF2,2,50105,11109,555.4,2505.2000000000003
R004,VEH,T2_SD_VEH_,2026_06_21_merged.mat,OF2,3,50129,11133,556.6,2506.4
R004,VEH,T2_SD_VEH_,2026_06_21_merged.mat,OF2,3,50130,11134,556.65,2506.4500000000003
R004,VEH,T2_SD_VEH_,2026_06_21_merged.mat,OF2,3,50131,11135,556.7,2506.5
R004,VEH,T2_SD_VEH_,2026_06_21_merged.mat,OF2,3,50132,11136,556.75,2506.55
R004,VEH,T2_SD_VEH_,2026_06_21_merged.mat,OF2,1,50141,11145,557.2,2507.0
R004,VEH,T2_SD_VEH_,2026_06_21_merged.mat,OF2,1,50142,11146,557.25,2507.05
R004,VEH,T2_SD_VEH_,2026_06_21_merged.mat,OF2,1,50144,11148,557.35,2507.15
R004,VEH,T2_SD_VEH_,2026_06_21_merged.mat,OF2,1,50258,11262,563.05,2512.8500000000004
R004,VEH,T2_SD_VEH_,2026_06_21_merged.mat,OF2,3,50271,11275,563.7,2513.5
R004,VEH,T2_SD_VEH_,2026_06_21_merged.mat,OF2,3,50272,11276,563.75,2513.55
R004,VEH,T2_SD_VEH_,2026_06_21_merged.mat,OF2,3,50274,11278,563.85,2513.65
R004,VEH,T2_SD_VEH_,2026_06_21_merged.mat,OF2,3,50314,11318,565.85,2515.65
R004,VEH,T2_SD_VEH_,2026_06_21_merged.mat,OF2,1,50323,11327,566.3,2516.1000000000004
R004,VEH,T2_SD_VEH_,2026_06_21_merged.mat,OF2,2,50389,11393,569.6,2519.4
R004,VEH,T2_SD_VEH_,2026_06_21_merged.mat,OF2,2,50390,11394,569.65,2519.4500000000003
R004,VEH,T2_SD_VEH_,2026_06_21_merged.mat,OF2,1,50397,11401,570.0,2519.8
R004,VEH,T2_SD_VEH_,2026_06_21_merged.mat,OF2,1,50407,11411,570.5,2520.3
R004,VEH,T2_SD_VEH_,2026_06_21_merged.mat,OF2,1,50408,11412,570.55,2520.3500000000004
R004,VEH,T2_SD_VEH_,2026_06_21_merged.mat,OF2,1,50409,11413,570.6,2520.4
R004,VEH,T2_SD_VEH_,2026_06_21_merged.mat,OF2,1,50410,11414,570.65,2520.4500000000003
R004,VEH,T2_SD_VEH_,2026_06_21_merged.mat,OF2,1,50411,11415,570.7,2520.5
R004,VEH,T2_SD_VEH_,2026_06_21_merged.mat,OF2,1,50412,11416,570.75,2520.55
R004,VEH,T2_SD_VEH_,2026_06_21_merged.mat,OF2,1,50441,11445,572.2,2522.0
R004,VEH,T2_SD_VEH_,2026_06_21_merged.mat,OF2,6,50445,11449,572.4,2522.2000000000003
R004,VEH,T2_SD_VEH_,2026_06_21_merged.mat,OF2,6,50451,11455,572.7,2522.5
R004,VEH,T2_SD_VEH_,2026_06_21_merged.mat,OF2,1,50455,11459,572.9,2522.7000000000003
R004,VEH,T2_SD_VEH_,2026_06_21_merged.mat,OF2,3,50468,11472,573.5500000000001,2523.3500000000004
R004,VEH,T2_SD_VEH_,2026_06_21_merged.mat,OF2,3,50473,11477,573.8000000000001,2523.6000000000004
R004,VEH,T2_SD_VEH_,2026_06_21_merged.mat,OF2,3,50475,11479,573.9,2523.7000000000003
R004,VEH,T2_SD_VEH_,2026_06_21_merged.mat,OF2,3,50476,11480,573.95,2523.75
R004,VEH,T2_SD_VEH_,2026_06_21_merged.mat,OF2,3,50479,11483,574.1,2523.9
R004,VEH,T2_SD_VEH_,2026_06_21_merged.mat,OF2,1,50512,11516,575.75,2525.55
R004,VEH,T2_SD_VEH_,2026_06_21_merged.mat,OF2,1,50537,11541,577.0,2526.8
R004,VEH,T2_SD_VEH_,2026_06_21_merged.mat,OF2,1,50567,11571,578.5,2528.3
R004,VEH,T2_SD_VEH_,2026_06_21_merged.mat,OF2,1,50585,11589,579.4,2529.2000000000003
R004,VEH,T2_SD_VEH_,2026_06_21_merged.mat,OF2,1,50586,11590,579.45,2529.25
R004,VEH,T2_SD_VEH_,2026_06_21_merged.mat,OF2,3,50587,11591,579.5,2529.3
R004,VEH,T2_SD_VEH_,2026_06_21_merged.mat,OF2,3,50588,11592,579.5500000000001,2529.3500000000004
R004,VEH,T2_SD_VEH_,2026_06_21_merged.mat,OF2,3,50589,11593,579.6,2529.4
R004,VEH,T2_SD_VEH_,2026_06_21_merged.mat,OF2,3,50591,11595,579.7,2529.5
R004,VEH,T2_SD_VEH_,2026_06_21_merged.mat,OF2,4,50601,11605,580.2,2530.0
R004,VEH,T2_SD_VEH_,2026_06_21_merged.mat,OF2,4,50604,11608,580.35,2530.15
R004,VEH,T2_SD_VEH_,2026_06_21_merged.mat,OF2,4,50605,11609,580.4,2530.2000000000003
R004,VEH,T2_SD_VEH_,2026_06_21_merged.mat,OF2,1,50647,11651,582.5,2532.3
R004,VEH,T2_SD_VEH_,2026_06_21_merged.mat,OF2,1,50648,11652,582.5500000000001,2532.3500000000004
R004,VEH,T2_SD_VEH_,2026_06_21_merged.mat,OF2,3,50657,11661,583.0,2532.8
R004,VEH,T2_SD_VEH_,2026_06_21_merged.mat,OF2,3,50658,11662,583.0500000000001,2532.8500000000004
R004,VEH,T2_SD_VEH_,2026_06_21_merged.mat,OF2,1,50671,11675,583.7,2533.5
R004,VEH,T2_SD_VEH_,2026_06_21_merged.mat,OF2,6,50674,11678,583.85,2533.65
R004,VEH,T2_SD_VEH_,2026_06_21_merged.mat,OF2,6,50675,11679,583.9,2533.7000000000003
R004,VEH,T2_SD_VEH_,2026_06_21_merged.mat,OF2,6,50676,11680,583.95,2533.75
R004,VEH,T2_SD_VEH_,2026_06_21_merged.mat,OF2,6,50677,11681,584.0,2533.8
R004,VEH,T2_SD_VEH_,2026_06_21_merged.mat,OF2,6,50678,11682,584.0500000000001,2533.8500000000004
R004,VEH,T2_SD_VEH_,2026_06_21_merged.mat,OF2,6,50679,11683,584.1,2533.9
R004,VEH,T2_SD_VEH_,2026_06_21_merged.mat,OF2,1,50687,11691,584.5,2534.3
R004,VEH,T2_SD_VEH_,2026_06_21_merged.mat,OF2,3,50716,11720,585.95,2535.75
R004,VEH,T2_SD_VEH_,2026_06_21_merged.mat,OF2,3,50717,11721,586.0,2535.8
R004,VEH,T2_SD_VEH_,2026_06_21_merged.mat,OF2,1,50719,11723,586.1,2535.9
R004,VEH,T2_SD_VEH_,2026_06_21_merged.mat,OF2,1,50720,11724,586.15,2535.9500000000003
R004,VEH,T2_SD_VEH_,2026_06_21_merged.mat,OF2,1,50723,11727,586.3000000000001,2536.1000000000004
R004,VEH,T2_SD_VEH_,2026_06_21_merged.mat,OF2,3,50756,11760,587.95,2537.75
R004,VEH,T2_SD_VEH_,2026_06_21_merged.mat,OF2,3,50757,11761,588.0,2537.8
R004,VEH,T2_SD_VEH_,2026_06_21_merged.mat,OF2,3,50769,11773,588.6,2538.4
R004,VEH,T2_SD_VEH_,2026_06_21_merged.mat,OF2,1,50788,11792,589.5500000000001,2539.3500000000004
R004,VEH,T2_SD_VEH_,2026_06_21_merged.mat,OF2,1,50789,11793,589.6,2539.4
R004,VEH,T2_SD_VEH_,2026_06_21_merged.mat,OF2,2,50811,11815,590.7,2540.5
R004,VEH,T2_SD_VEH_,2026_06_21_merged.mat,OF2,2,50812,11816,590.75,2540.55
R004,VEH,T2_SD_VEH_,2026_06_21_merged.mat,OF2,2,50823,11827,591.3000000000001,2541.1000000000004
R004,VEH,T2_SD_VEH_,2026_06_21_merged.mat,OF2,2,50824,11828,591.35,2541.15
R004,VEH,T2_SD_VEH_,2026_06_21_merged.mat,OF2,2,50825,11829,591.4,2541.2000000000003
R004,VEH,T2_SD_VEH_,2026_06_21_merged.mat,OF2,1,50834,11838,591.85,2541.65
R004,VEH,T2_SD_VEH_,2026_06_21_merged.mat,OF2,2,50837,11841,592.0,2541.8
R004,VEH,T2_SD_VEH_,2026_06_21_merged.mat,OF2,2,50859,11863,593.1,2542.9
R004,VEH,T2_SD_VEH_,2026_06_21_merged.mat,OF2,2,50860,11864,593.15,2542.9500000000003
R004,VEH,T2_SD_VEH_,2026_06_21_merged.mat,OF2,2,50876,11880,593.95,2543.75
R004,VEH,T2_SD_VEH_,2026_06_21_merged.mat,OF2,6,50949,11953,597.6,2547.4
R004,VEH,T2_SD_VEH_,2026_06_21_merged.mat,OF2,1,51045,12049,602.4,2552.2000000000003
R004,VEH,T2_SD_VEH_,2026_06_21_merged.mat,OF2,2,51057,12061,603.0,2552.8
R004,VEH,T2_SD_VEH_,2026_06_21_merged.mat,OF2,2,51068,12072,603.5500000000001,2553.3500000000004
R004,VEH,T2_SD_VEH_,2026_06_21_merged.mat,OF2,6,51096,12100,604.95,2554.75
R004,VEH,T2_SD_VEH_,2026_06_21_merged.mat,OF2,6,51097,12101,605.0,2554.8
R004,VEH,T2_SD_VEH_,2026_06_21_merged.mat,OF2,6,51098,12102,605.0500000000001,2554.8500000000004
R004,VEH,T2_SD_VEH_,2026_06_21_merged.mat,OF2,6,51099,12103,605.1,2554.9
R004,VEH,T2_SD_VEH_,2026_06_21_merged.mat,OF2,6,51100,12104,605.15,2554.9500000000003
R004,VEH,T2_SD_VEH_,2026_06_21_merged.mat,OF2,6,51101,12105,605.2,2555.0
R004,VEH,T2_SD_VEH_,2026_06_21_merged.mat,OF2,6,51102,12106,605.25,2555.05
R004,VEH,T2_SD_VEH_,2026_06_21_merged.mat,OF2,6,51103,12107,605.3000000000001,2555.1000000000004
R004,VEH,T2_SD_VEH_,2026_06_21_merged.mat,OF2,6,51105,12109,605.4,2555.2000000000003
R004,VEH,T2_SD_VEH_,2026_06_21_merged.mat,OF2,5,51117,12121,606.0,2555.8
R004,VEH,T2_SD_VEH_,2026_06_21_merged.mat,OF2,1,51150,12154,607.65,2557.4500000000003
R004,VEH,T2_SD_VEH_,2026_06_21_merged.mat,OF2,1,51151,12155,607.7,2557.5
R004,VEH,T2_SD_VEH_,2026_06_21_merged.mat,OF2,1,51152,12156,607.75,2557.55
R004,VEH,T2_SD_VEH_,2026_06_21_merged.mat,OF2,1,51164,12168,608.35,2558.15
R004,VEH,T2_SD_VEH_,2026_06_21_merged.mat,OF2,1,51190,12194,609.65,2559.4500000000003
R004,VEH,T2_SD_VEH_,2026_06_21_merged.mat,OF2,3,51208,12212,610.5500000000001,2560.3500000000004
R004,VEH,T2_SD_VEH_,2026_06_21_merged.mat,OF2,3,51209,12213,610.6,2560.4
R004,VEH,T2_SD_VEH_,2026_06_21_merged.mat,OF2,3,51210,12214,610.65,2560.4500000000003
R004,VEH,T2_SD_VEH_,2026_06_21_merged.mat,OF2,3,51211,12215,610.7,2560.5
R004,VEH,T2_SD_VEH_,2026_06_21_merged.mat,OF2,4,51229,12233,611.6,2561.4
R004,VEH,T2_SD_VEH_,2026_06_21_merged.mat,OF2,4,51230,12234,611.65,2561.4500000000003
R004,VEH,T2_SD_VEH_,2026_06_21_merged.mat,OF2,4,51231,12235,611.7,2561.5
R004,VEH,T2_SD_VEH_,2026_06_21_merged.mat,OF2,1,51302,12306,615.25,2565.05
R004,VEH,T2_SD_VEH_,2026_06_21_merged.mat,OF2,2,51325,12329,616.4,2566.2000000000003
R004,VEH,T2_SD_VEH_,2026_06_21_merged.mat,OF2,2,51405,12409,620.4,2570.2000000000003
R004,VEH,T2_SD_VEH_,2026_06_21_merged.mat,OF2,1,51408,12412,620.5500000000001,2570.3500000000004
R004,VEH,T2_SD_VEH_,2026_06_21_merged.mat,OF2,3,51412,12416,620.75,2570.55
R004,VEH,T2_SD_VEH_,2026_06_21_merged.mat,OF2,3,51413,12417,620.8000000000001,2570.6000000000004
R004,VEH,T2_SD_VEH_,2026_06_21_merged.mat,OF2,3,51414,12418,620.85,2570.65
R004,VEH,T2_SD_VEH_,2026_06_21_merged.mat,OF2,1,51424,12428,621.35,2571.15
R004,VEH,T2_SD_VEH_,2026_06_21_merged.mat,OF2,1,51425,12429,621.4,2571.2000000000003
R004,VEH,T2_SD_VEH_,2026_06_21_merged.mat,OF2,5,51449,12453,622.6,2572.4
R004,VEH,T2_SD_VEH_,2026_06_21_merged.mat,OF2,5,51450,12454,622.65,2572.4500000000003
R004,VEH,T2_SD_VEH_,2026_06_21_merged.mat,OF2,5,51451,12455,622.7,2572.5
R004,VEH,T2_SD_VEH_,2026_06_21_merged.mat,OF2,5,51452,12456,622.75,2572.55
R004,VEH,T2_SD_VEH_,2026_06_21_merged.mat,OF2,5,51453,12457,622.8000000000001,2572.6000000000004
R004,VEH,T2_SD_VEH_,2026_06_21_merged.mat,OF2,1,51475,12479,623.9,2573.7000000000003
R004,VEH,T2_SD_VEH_,2026_06_21_merged.mat,OF2,2,51565,12569,628.4,2578.2000000000003
R004,VEH,T2_SD_VEH_,2026_06_21_merged.mat,OF2,2,51566,12570,628.45,2578.25
R004,VEH,T2_SD_VEH_,2026_06_21_merged.mat,OF2,2,51567,12571,628.5,2578.3
R004,VEH,T2_SD_VEH_,2026_06_21_merged.mat,OF2,3,51591,12595,629.7,2579.5
R004,VEH,T2_SD_VEH_,2026_06_21_merged.mat,OF2,4,51662,12666,633.25,2583.05
R004,VEH,T2_SD_VEH_,2026_06_21_merged.mat,OF2,4,51663,12667,633.3000000000001,2583.1000000000004
R004,VEH,T2_SD_VEH_,2026_06_21_merged.mat,OF2,4,51664,12668,633.35,2583.15
R004,VEH,T2_SD_VEH_,2026_06_21_merged.mat,OF2,4,51665,12669,633.4,2583.2000000000003
R004,VEH,T2_SD_VEH_,2026_06_21_merged.mat,OF2,1,51670,12674,633.65,2583.4500000000003
R004,VEH,T2_SD_VEH_,2026_06_21_merged.mat,OF2,1,51693,12697,634.8000000000001,2584.6000000000004
R004,VEH,T2_SD_VEH_,2026_06_21_merged.mat,OF2,4,51716,12720,635.95,2585.75
R004,VEH,T2_SD_VEH_,2026_06_21_merged.mat,OF2,4,51717,12721,636.0,2585.8
R004,VEH,T2_SD_VEH_,2026_06_21_merged.mat,OF2,4,51721,12725,636.2,2586.0
R004,VEH,T2_SD_VEH_,2026_06_21_merged.mat,OF2,4,51729,12733,636.6,2586.4
R004,VEH,T2_SD_VEH_,2026_06_21_merged.mat,OF2,3,51735,12739,636.9,2586.7000000000003
R004,VEH,T2_SD_VEH_,2026_06_21_merged.mat,OF2,3,51736,12740,636.95,2586.75
R004,VEH,T2_SD_VEH_,2026_06_21_merged.mat,OF2,3,51737,12741,637.0,2586.8
R004,VEH,T2_SD_VEH_,2026_06_21_merged.mat,OF2,1,51745,12749,637.4,2587.2000000000003
R004,VEH,T2_SD_VEH_,2026_06_21_merged.mat,OF2,5,51757,12761,638.0,2587.8
R004,VEH,T2_SD_VEH_,2026_06_21_merged.mat,OF2,2,51760,12764,638.15,2587.9500000000003
R004,VEH,T2_SD_VEH_,2026_06_21_merged.mat,OF2,2,51762,12766,638.25,2588.05
R004,VEH,T2_SD_VEH_,2026_06_21_merged.mat,OF2,2,51763,12767,638.3000000000001,2588.1000000000004
R004,VEH,T2_SD_VEH_,2026_06_21_merged.mat,OF2,2,51764,12768,638.35,2588.15
R004,VEH,T2_SD_VEH_,2026_06_21_merged.mat,OF2,4,51800,12804,640.15,2589.9500000000003
R004,VEH,T2_SD_VEH_,2026_06_21_merged.mat,OF2,3,51821,12825,641.2,2591.0
R004,VEH,T2_SD_VEH_,2026_06_21_merged.mat,OF2,3,51822,12826,641.25,2591.05
R004,VEH,T2_SD_VEH_,2026_06_21_merged.mat,OF2,3,51823,12827,641.3000000000001,2591.1000000000004
R004,VEH,T2_SD_VEH_,2026_06_21_merged.mat,OF2,3,51824,12828,641.35,2591.15
R004,VEH,T2_SD_VEH_,2026_06_21_merged.mat,OF2,3,51848,12852,642.5500000000001,2592.3500000000004
R004,VEH,T2_SD_VEH_,2026_06_21_merged.mat,OF2,1,51854,12858,642.85,2592.65
R004,VEH,T2_SD_VEH_,2026_06_21_merged.mat,OF2,1,51944,12948,647.35,2597.15
R004,VEH,T2_SD_VEH_,2026_06_21_merged.mat,OF2,1,51946,12950,647.45,2597.25
R004,VEH,T2_SD_VEH_,2026_06_21_merged.mat,OF2,1,51960,12964,648.15,2597.9500000000003
