animal,treatment,day_name,session,phase,factor,global_frame_1based,local_frame_1based,time_s,day_elapsed_s
R006,CNO,T2_SD_CNO,2026_06_22_merged.mat,OF1,1,16,16,0.75,0.75
R006,CNO,T2_SD_CNO,2026_06_22_merged.mat,OF1,1,17,17,0.8,0.8
R006,CNO,T2_SD_CNO,2026_06_22_merged.mat,OF1,1,18,18,0.8500000000000001,0.8500000000000001
R006,CNO,T2_SD_CNO,2026_06_22_merged.mat,OF1,1,19,19,0.9,0.9
R006,CNO,T2_SD_CNO,2026_06_22_merged.mat,OF1,2,127,127,6.300000000000001,6.300000000000001
R006,CNO,T2_SD_CNO,2026_06_22_merged.mat,OF1,2,128,128,6.3500000000000005,6.3500000000000005
R006,CNO,T2_SD_CNO,2026_06_22_merged.mat,OF1,1,202,202,10.05,10.05
R006,CNO,T2_SD_CNO,2026_06_22_merged.mat,OF1,1,204,204,10.15,10.15
R006,CNO,T2_SD_CNO,2026_06_22_merged.mat,OF1,1,218,218,10.850000000000001,10.850000000000001
R006,CNO,T2_SD_CNO,2026_06_22_merged.mat,OF1,1,219,219,10.9,10.9
R006,CNO,T2_SD_CNO,2026_06_22_merged.mat,OF1,1,235,235,11.700000000000001,11.700000000000001
R006,CNO,T2_SD_CNO,2026_06_22_merged.mat,OF1,1,236,236,11.75,11.75
R006,CNO,T2_SD_CNO,2026_06_22_merged.mat,OF1,1,237,237,11.8,11.8
R006,CNO,T2_SD_CNO,2026_06_22_merged.mat,OF1,1,238,238,11.850000000000001,11.850000000000001
R006,CNO,T2_SD_CNO,2026_06_22_merged.mat,OF1,1,255,255,12.700000000000001,12.700000000000001
R006,CNO,T2_SD_CNO,2026_06_22_merged.mat,OF1,1,256,256,12.75,12.75
R006,CNO,T2_SD_CNO,2026_06_22_merged.mat,OF1,1,257,257,12.8,12.8
R006,CNO,T2_SD_CNO,2026_06_22_merged.mat,OF1,1,258,258,12.850000000000001,12.850000000000001
R006,CNO,T2_SD_CNO,2026_06_22_merged.mat,OF1,1,259,259,12.9,12.9
R006,CNO,T2_SD_CNO,2026_06_22_merged.mat,OF1,1,260,260,12.950000000000001,12.950000000000001
R006,CNO,T2_SD_CNO,2026_06_22_merged.mat,OF1,1,261,261,13.0,13.0
R006,CNO,T2_SD_CNO,2026_06_22_merged.mat,OF1,1,277,277,13.8,13.8
R006,CNO,T2_SD_CNO,2026_06_22_merged.mat,OF1,1,278,278,13.850000000000001,13.850000000000001
R006,CNO,T2_SD_CNO,2026_06_22_merged.mat,OF1,1,279,279,13.9,13.9
R006,CNO,T2_SD_CNO,2026_06_22_merged.mat,OF1,1,280,280,13.950000000000001,13.950000000000001
R006,CNO,T2_SD_CNO,2026_06_22_merged.mat,OF1,1,316,316,15.75,15.75
R006,CNO,T2_SD_CNO,2026_06_22_merged.mat,OF1,1,317,317,15.8,15.8
R006,CNO,T2_SD_CNO,2026_06_22_merged.mat,OF1,1,318,318,15.850000000000001,15.850000000000001
R006,CNO,T2_SD_CNO,2026_06_22_merged.mat,OF1,1,331,331,16.5,16.5
R006,CNO,T2_SD_CNO,2026_06_22_merged.mat,OF1,1,332,332,16.55,16.55
R006,CNO,T2_SD_CNO,2026_06_22_merged.mat,OF1,1,370,370,18.45,18.45
R006,CNO,T2_SD_CNO,2026_06_22_merged.mat,OF1,1,371,371,18.5,18.5
R006,CNO,T2_SD_CNO,2026_06_22_merged.mat,OF1,1,372,372,18.55,18.55
R006,CNO,T2_SD_CNO,2026_06_22_merged.mat,OF1,1,373,373,18.6,18.6
R006,CNO,T2_SD_CNO,2026_06_22_merged.mat,OF1,1,374,374,18.650000000000002,18.650000000000002
R006,CNO,T2_SD_CNO,2026_06_22_merged.mat,OF1,1,397,397,19.8,19.8
R006,CNO,T2_SD_CNO,2026_06_22_merged.mat,OF1,1,398,398,19.85,19.85
R006,CNO,T2_SD_CNO,2026_06_22_merged.mat,OF1,1,420,420,20.950000000000003,20.950000000000003
R006,CNO,T2_SD_CNO,2026_06_22_merged.mat,OF1,1,421,421,21.0,21.0
R006,CNO,T2_SD_CNO,2026_06_22_merged.mat,OF1,1,440,440,21.950000000000003,21.950000000000003
R006,CNO,T2_SD_CNO,2026_06_22_merged.mat,OF1,1,441,441,22.0,22.0
R006,CNO,T2_SD_CNO,2026_06_22_merged.mat,OF1,1,442,442,22.05,22.05
R006,CNO,T2_SD_CNO,2026_06_22_merged.mat,OF1,1,443,443,22.1,22.1
R006,CNO,T2_SD_CNO,2026_06_22_merged.mat,OF1,1,444,444,22.150000000000002,22.150000000000002
R006,CNO,T2_SD_CNO,2026_06_22_merged.mat,OF1,1,479,479,23.900000000000002,23.900000000000002
R006,CNO,T2_SD_CNO,2026_06_22_merged.mat,OF1,1,480,480,23.950000000000003,23.950000000000003
R006,CNO,T2_SD_CNO,2026_06_22_merged.mat,OF1,1,481,481,24.0,24.0
R006,CNO,T2_SD_CNO,2026_06_22_merged.mat,OF1,1,482,482,24.05,24.05
R006,CNO,T2_SD_CNO,2026_06_22_merged.mat,OF1,1,483,483,24.1,24.1
R006,CNO,T2_SD_CNO,2026_06_22_merged.mat,OF1,1,532,532,26.55,26.55
R006,CNO,T2_SD_CNO,2026_06_22_merged.mat,OF1,1,533,533,26.6,26.6
R006,CNO,T2_SD_CNO,2026_06_22_merged.mat,OF1,1,534,534,26.650000000000002,26.650000000000002
R006,CNO,T2_SD_CNO,2026_06_22_merged.mat,OF1,1,535,535,26.700000000000003,26.700000000000003
R006,CNO,T2_SD_CNO,2026_06_22_merged.mat,OF1,1,536,536,26.75,26.75
R006,CNO,T2_SD_CNO,2026_06_22_merged.mat,OF1,1,537,537,26.8,26.8
R006,CNO,T2_SD_CNO,2026_06_22_merged.mat,OF1,1,582,582,29.05,29.05
R006,CNO,T2_SD_CNO,2026_06_22_merged.mat,OF1,1,676,676,33.75,33.75
R006,CNO,T2_SD_CNO,2026_06_22_merged.mat,OF1,1,677,677,33.800000000000004,33.800000000000004
R006,CNO,T2_SD_CNO,2026_06_22_merged.mat,OF1,1,678,678,33.85,33.85
R006,CNO,T2_SD_CNO,2026_06_22_merged.mat,OF1,1,679,679,33.9,33.9
R006,CNO,T2_SD_CNO,2026_06_22_merged.mat,OF1,1,680,680,33.95,33.95
R006,CNO,T2_SD_CNO,2026_06_22_merged.mat,OF1,1,786,786,39.25,39.25
R006,CNO,T2_SD_CNO,2026_06_22_merged.mat,OF1,1,787,787,39.300000000000004,39.300000000000004
R006,CNO,T2_SD_CNO,2026_06_22_merged.mat,OF1,1,788,788,39.35,39.35
R006,CNO,T2_SD_CNO,2026_06_22_merged.mat,OF1,1,818,818,40.85,40.85
R006,CNO,T2_SD_CNO,2026_06_22_merged.mat,OF1,1,819,819,40.900000000000006,40.900000000000006
R006,CNO,T2_SD_CNO,2026_06_22_merged.mat,OF1,1,820,820,40.95,40.95
R006,CNO,T2_SD_CNO,2026_06_22_merged.mat,OF1,1,881,881,44.0,44.0
R006,CNO,T2_SD_CNO,2026_06_22_merged.mat,OF1,1,906,906,45.25,45.25
R006,CNO,T2_SD_CNO,2026_06_22_merged.mat,OF1,1,907,907,45.300000000000004,45.300000000000004
R006,CNO,T2_SD_CNO,2026_06_22_merged.mat,OF1,1,908,908,45.35,45.35
R006,CNO,T2_SD_CNO,2026_06_22_merged.mat,OF1,1,921,921,46.0,46.0
R006,CNO,T2_SD_CNO,2026_06_22_merged.mat,OF1,1,922,922,46.050000000000004,46.050000000000004
R006,CNO,T2_SD_CNO,2026_06_22_merged.mat,OF1,1,923,923,46.1,46.1
R006,CNO,T2_SD_CNO,2026_06_22_merged.mat,OF1,1,1161,1161,58.0,58.0
R006,CNO,T2_SD_CNO,2026_06_22_merged.mat,OF1,1,1234,1234,61.650000000000006,61.650000000000006
R006,CNO,T2_SD_CNO,2026_06_22_merged.mat,OF1,1,1235,1235,61.7,61.7
R006,CNO,T2_SD_CNO,2026_06_22_merged.mat,OF1,1,1266,1266,63.25,63.25
R006,CNO,T2_SD_CNO,2026_06_22_merged.mat,OF1,1,1276,1276,63.75,63.75
R006,CNO,T2_SD_CNO,2026_06_22_merged.mat,OF1,1,1277,1277,63.800000000000004,63.800000000000004
R006,CNO,T2_SD_CNO,2026_06_22_merged.mat,OF1,1,1278,1278,63.85,63.85
R006,CNO,T2_SD_CNO,2026_06_22_merged.mat,OF1,1,1279,1279,63.900000000000006,63.900000000000006
R006,CNO,T2_SD_CNO,2026_06_22_merged.mat,OF1,1,1301,1301,65.0,65.0
R006,CNO,T2_SD_CNO,2026_06_22_merged.mat,OF1,1,1329,1329,66.4,66.4
R006,CNO,T2_SD_CNO,2026_06_22_merged.mat,OF1,1,1330,1330,66.45,66.45
R006,CNO,T2_SD_CNO,2026_06_22_merged.mat,OF1,1,1331,1331,66.5,66.5
R006,CNO,T2_SD_CNO,2026_06_22_merged.mat,OF1,1,1332,1332,66.55,66.55
R006,CNO,T2_SD_CNO,2026_06_22_merged.mat,OF1,1,1337,1337,66.8,66.8
R006,CNO,T2_SD_CNO,2026_06_22_merged.mat,OF1,2,1375,1375,68.7,68.7
R006,CNO,T2_SD_CNO,2026_06_22_merged.mat,OF1,2,1376,1376,68.75,68.75
R006,CNO,T2_SD_CNO,2026_06_22_merged.mat,OF1,2,1377,1377,68.8,68.8
R006,CNO,T2_SD_CNO,2026_06_22_merged.mat,OF1,2,1378,1378,68.85000000000001,68.85000000000001
R006,CNO,T2_SD_CNO,2026_06_22_merged.mat,OF1,2,1379,1379,68.9,68.9
R006,CNO,T2_SD_CNO,2026_06_22_merged.mat,OF1,2,1380,1380,68.95,68.95
R006,CNO,T2_SD_CNO,2026_06_22_merged.mat,OF1,2,1413,1413,70.60000000000001,70.60000000000001
R006,CNO,T2_SD_CNO,2026_06_22_merged.mat,OF1,2,1414,1414,70.65,70.65
R006,CNO,T2_SD_CNO,2026_06_22_merged.mat,OF1,2,1415,1415,70.7,70.7
R006,CNO,T2_SD_CNO,2026_06_22_merged.mat,OF1,2,1416,1416,70.75,70.75
R006,CNO,T2_SD_CNO,2026_06_22_merged.mat,OF1,2,1417,1417,70.8,70.8
R006,CNO,T2_SD_CNO,2026_06_22_merged.mat,OF1,2,1418,1418,70.85000000000001,70.85000000000001
R006,CNO,T2_SD_CNO,2026_06_22_merged.mat,OF1,1,1551,1551,77.5,77.5
R006,CNO,T2_SD_CNO,2026_06_22_merged.mat,OF1,1,1552,1552,77.55000000000001,77.55000000000001
R006,CNO,T2_SD_CNO,2026_06_22_merged.mat,OF1,1,1553,1553,77.60000000000001,77.60000000000001
R006,CNO,T2_SD_CNO,2026_06_22_merged.mat,OF1,2,1572,1572,78.55000000000001,78.55000000000001
R006,CNO,T2_SD_CNO,2026_06_22_merged.mat,OF1,2,1622,1622,81.05000000000001,81.05000000000001
R006,CNO,T2_SD_CNO,2026_06_22_merged.mat,OF1,2,1623,1623,81.10000000000001,81.10000000000001
R006,CNO,T2_SD_CNO,2026_06_22_merged.mat,OF1,2,1624,1624,81.15,81.15
R006,CNO,T2_SD_CNO,2026_06_22_merged.mat,OF1,2,1625,1625,81.2,81.2
R006,CNO,T2_SD_CNO,2026_06_22_merged.mat,OF1,2,1626,1626,81.25,81.25
R006,CNO,T2_SD_CNO,2026_06_22_merged.mat,OF1,1,1664,1664,83.15,83.15
R006,CNO,T2_SD_CNO,2026_06_22_merged.mat,OF1,1,1665,1665,83.2,83.2
R006,CNO,T2_SD_CNO,2026_06_22_merged.mat,OF1,2,1673,1673,83.60000000000001,83.60000000000001
R006,CNO,T2_SD_CNO,2026_06_22_merged.mat,OF1,2,1674,1674,83.65,83.65
R006,CNO,T2_SD_CNO,2026_06_22_merged.mat,OF1,2,1675,1675,83.7,83.7
R006,CNO,T2_SD_CNO,2026_06_22_merged.mat,OF1,1,1686,1686,84.25,84.25
R006,CNO,T2_SD_CNO,2026_06_22_merged.mat,OF1,1,1687,1687,84.30000000000001,84.30000000000001
R006,CNO,T2_SD_CNO,2026_06_22_merged.mat,OF1,1,1688,1688,84.35000000000001,84.35000000000001
R006,CNO,T2_SD_CNO,2026_06_22_merged.mat,OF1,1,1689,1689,84.4,84.4
R006,CNO,T2_SD_CNO,2026_06_22_merged.mat,OF1,1,1698,1698,84.85000000000001,84.85000000000001
R006,CNO,T2_SD_CNO,2026_06_22_merged.mat,OF1,1,1717,1717,85.80000000000001,85.80000000000001
R006,CNO,T2_SD_CNO,2026_06_22_merged.mat,OF1,1,1718,1718,85.85000000000001,85.85000000000001
R006,CNO,T2_SD_CNO,2026_06_22_merged.mat,OF1,1,1719,1719,85.9,85.9
R006,CNO,T2_SD_CNO,2026_06_22_merged.mat,OF1,1,1742,1742,87.05000000000001,87.05000000000001
R006,CNO,T2_SD_CNO,2026_06_22_merged.mat,OF1,1,1743,1743,87.10000000000001,87.10000000000001
R006,CNO,T2_SD_CNO,2026_06_22_merged.mat,OF1,1,1793,1793,89.60000000000001,89.60000000000001
R006,CNO,T2_SD_CNO,2026_06_22_merged.mat,OF1,1,1794,1794,89.65,89.65
R006,CNO,T2_SD_CNO,2026_06_22_merged.mat,OF1,1,1795,1795,89.7,89.7
R006,CNO,T2_SD_CNO,2026_06_22_merged.mat,OF1,1,1880,1880,93.95,93.95
R006,CNO,T2_SD_CNO,2026_06_22_merged.mat,OF1,1,1881,1881,94.0,94.0
R006,CNO,T2_SD_CNO,2026_06_22_merged.mat,OF1,1,1882,1882,94.05000000000001,94.05000000000001
R006,CNO,T2_SD_CNO,2026_06_22_merged.mat,OF1,1,1883,1883,94.10000000000001,94.10000000000001
R006,CNO,T2_SD_CNO,2026_06_22_merged.mat,OF1,1,1893,1893,94.60000000000001,94.60000000000001
R006,CNO,T2_SD_CNO,2026_06_22_merged.mat,OF1,1,1894,1894,94.65,94.65
R006,CNO,T2_SD_CNO,2026_06_22_merged.mat,OF1,1,1895,1895,94.7,94.7
R006,CNO,T2_SD_CNO,2026_06_22_merged.mat,OF1,1,1896,1896,94.75,94.75
R006,CNO,T2_SD_CNO,2026_06_22_merged.mat,OF1,1,1906,1906,95.25,95.25
R006,CNO,T2_SD_CNO,2026_06_22_merged.mat,OF1,1,1907,1907,95.30000000000001,95.30000000000001
R006,CNO,T2_SD_CNO,2026_06_22_merged.mat,OF1,1,1908,1908,95.35000000000001,95.35000000000001
R006,CNO,T2_SD_CNO,2026_06_22_merged.mat,OF1,1,1909,1909,95.4,95.4
R006,CNO,T2_SD_CNO,2026_06_22_merged.mat,OF1,1,1917,1917,95.80000000000001,95.80000000000001
R006,CNO,T2_SD_CNO,2026_06_22_merged.mat,OF1,1,1918,1918,95.85000000000001,95.85000000000001
R006,CNO,T2_SD_CNO,2026_06_22_merged.mat,OF1,1,1926,1926,96.25,96.25
R006,CNO,T2_SD_CNO,2026_06_22_merged.mat,OF1,1,1927,1927,96.30000000000001,96.30000000000001
R006,CNO,T2_SD_CNO,2026_06_22_merged.mat,OF1,1,1928,1928,96.35000000000001,96.35000000000001
R006,CNO,T2_SD_CNO,2026_06_22_merged.mat,OF1,1,1929,1929,96.4,96.4
R006,CNO,T2_SD_CNO,2026_06_22_merged.mat,OF1,1,1930,1930,96.45,96.45
R006,CNO,T2_SD_CNO,2026_06_22_merged.mat,OF1,1,1939,1939,96.9,96.9
R006,CNO,T2_SD_CNO,2026_06_22_merged.mat,OF1,1,1940,1940,96.95,96.95
R006,CNO,T2_SD_CNO,2026_06_22_merged.mat,OF1,1,1941,1941,97.0,97.0
R006,CNO,T2_SD_CNO,2026_06_22_merged.mat,OF1,1,1942,1942,97.05000000000001,97.05000000000001
R006,CNO,T2_SD_CNO,2026_06_22_merged.mat,OF1,1,1949,1949,97.4,97.4
R006,CNO,T2_SD_CNO,2026_06_22_merged.mat,OF1,1,1950,1950,97.45,97.45
R006,CNO,T2_SD_CNO,2026_06_22_merged.mat,OF1,1,1951,1951,97.5,97.5
R006,CNO,T2_SD_CNO,2026_06_22_merged.mat,OF1,1,1952,1952,97.55000000000001,97.55000000000001
R006,CNO,T2_SD_CNO,2026_06_22_merged.mat,OF1,1,1976,1976,98.75,98.75
R006,CNO,T2_SD_CNO,2026_06_22_merged.mat,OF1,1,1977,1977,98.80000000000001,98.80000000000001
R006,CNO,T2_SD_CNO,2026_06_22_merged.mat,OF1,1,1978,1978,98.85000000000001,98.85000000000001
R006,CNO,T2_SD_CNO,2026_06_22_merged.mat,OF1,1,1979,1979,98.9,98.9
R006,CNO,T2_SD_CNO,2026_06_22_merged.mat,OF1,1,1990,1990,99.45,99.45
R006,CNO,T2_SD_CNO,2026_06_22_merged.mat,OF1,1,1991,1991,99.5,99.5
R006,CNO,T2_SD_CNO,2026_06_22_merged.mat,OF1,1,1992,1992,99.55000000000001,99.55000000000001
R006,CNO,T2_SD_CNO,2026_06_22_merged.mat,OF1,1,2030,2030,101.45,101.45
R006,CNO,T2_SD_CNO,2026_06_22_merged.mat,OF1,1,2031,2031,101.5,101.5
R006,CNO,T2_SD_CNO,2026_06_22_merged.mat,OF1,1,2032,2032,101.55000000000001,101.55000000000001
R006,CNO,T2_SD_CNO,2026_06_22_merged.mat,OF1,1,2053,2053,102.60000000000001,102.60000000000001
R006,CNO,T2_SD_CNO,2026_06_22_merged.mat,OF1,1,2054,2054,102.65,102.65
R006,CNO,T2_SD_CNO,2026_06_22_merged.mat,OF1,1,2055,2055,102.7,102.7
R006,CNO,T2_SD_CNO,2026_06_22_merged.mat,OF1,1,2056,2056,102.75,102.75
R006,CNO,T2_SD_CNO,2026_06_22_merged.mat,OF1,1,2057,2057,102.80000000000001,102.80000000000001
R006,CNO,T2_SD_CNO,2026_06_22_merged.mat,OF1,1,2058,2058,102.85000000000001,102.85000000000001
R006,CNO,T2_SD_CNO,2026_06_22_merged.mat,OF1,1,2073,2073,103.60000000000001,103.60000000000001
R006,CNO,T2_SD_CNO,2026_06_22_merged.mat,OF1,1,2074,2074,103.65,103.65
R006,CNO,T2_SD_CNO,2026_06_22_merged.mat,OF1,1,2088,2088,104.35000000000001,104.35000000000001
R006,CNO,T2_SD_CNO,2026_06_22_merged.mat,OF1,1,2089,2089,104.4,104.4
R006,CNO,T2_SD_CNO,2026_06_22_merged.mat,OF1,1,2090,2090,104.45,104.45
R006,CNO,T2_SD_CNO,2026_06_22_merged.mat,OF1,2,2209,2209,110.4,110.4
R006,CNO,T2_SD_CNO,2026_06_22_merged.mat,OF1,2,2210,2210,110.45,110.45
R006,CNO,T2_SD_CNO,2026_06_22_merged.mat,OF1,2,2211,2211,110.5,110.5
R006,CNO,T2_SD_CNO,2026_06_22_merged.mat,OF1,1,2217,2217,110.80000000000001,110.80000000000001
R006,CNO,T2_SD_CNO,2026_06_22_merged.mat,OF1,1,2218,2218,110.85000000000001,110.85000000000001
R006,CNO,T2_SD_CNO,2026_06_22_merged.mat,OF1,1,2219,2219,110.9,110.9
R006,CNO,T2_SD_CNO,2026_06_22_merged.mat,OF1,2,2224,2224,111.15,111.15
R006,CNO,T2_SD_CNO,2026_06_22_merged.mat,OF1,2,2247,2247,112.30000000000001,112.30000000000001
R006,CNO,T2_SD_CNO,2026_06_22_merged.mat,OF1,2,2248,2248,112.35000000000001,112.35000000000001
R006,CNO,T2_SD_CNO,2026_06_22_merged.mat,OF1,2,2249,2249,112.4,112.4
R006,CNO,T2_SD_CNO,2026_06_22_merged.mat,OF1,2,2250,2250,112.45,112.45
R006,CNO,T2_SD_CNO,2026_06_22_merged.mat,OF1,2,2251,2251,112.5,112.5
R006,CNO,T2_SD_CNO,2026_06_22_merged.mat,OF1,1,2276,2276,113.75,113.75
R006,CNO,T2_SD_CNO,2026_06_22_merged.mat,OF1,1,2280,2280,113.95,113.95
R006,CNO,T2_SD_CNO,2026_06_22_merged.mat,OF1,2,2294,2294,114.65,114.65
R006,CNO,T2_SD_CNO,2026_06_22_merged.mat,OF1,2,2295,2295,114.7,114.7
R006,CNO,T2_SD_CNO,2026_06_22_merged.mat,OF1,2,2296,2296,114.75,114.75
R006,CNO,T2_SD_CNO,2026_06_22_merged.mat,OF1,2,2304,2304,115.15,115.15
R006,CNO,T2_SD_CNO,2026_06_22_merged.mat,OF1,2,2305,2305,115.2,115.2
R006,CNO,T2_SD_CNO,2026_06_22_merged.mat,OF1,2,2306,2306,115.25,115.25
R006,CNO,T2_SD_CNO,2026_06_22_merged.mat,OF1,2,2307,2307,115.30000000000001,115.30000000000001
R006,CNO,T2_SD_CNO,2026_06_22_merged.mat,OF1,1,2346,2346,117.25,117.25
R006,CNO,T2_SD_CNO,2026_06_22_merged.mat,OF1,1,2347,2347,117.30000000000001,117.30000000000001
R006,CNO,T2_SD_CNO,2026_06_22_merged.mat,OF1,1,2348,2348,117.35000000000001,117.35000000000001
R006,CNO,T2_SD_CNO,2026_06_22_merged.mat,OF1,1,2349,2349,117.4,117.4
R006,CNO,T2_SD_CNO,2026_06_22_merged.mat,OF1,1,2350,2350,117.45,117.45
R006,CNO,T2_SD_CNO,2026_06_22_merged.mat,OF1,1,2351,2351,117.5,117.5
R006,CNO,T2_SD_CNO,2026_06_22_merged.mat,OF1,1,2361,2361,118.0,118.0
R006,CNO,T2_SD_CNO,2026_06_22_merged.mat,OF1,1,2362,2362,118.05000000000001,118.05000000000001
R006,CNO,T2_SD_CNO,2026_06_22_merged.mat,OF1,1,2363,2363,118.10000000000001,118.10000000000001
R006,CNO,T2_SD_CNO,2026_06_22_merged.mat,OF1,1,2364,2364,118.15,118.15
R006,CNO,T2_SD_CNO,2026_06_22_merged.mat,OF1,1,2365,2365,118.2,118.2
R006,CNO,T2_SD_CNO,2026_06_22_merged.mat,OF1,1,2373,2373,118.60000000000001,118.60000000000001
R006,CNO,T2_SD_CNO,2026_06_22_merged.mat,OF1,1,2374,2374,118.65,118.65
R006,CNO,T2_SD_CNO,2026_06_22_merged.mat,OF1,1,2379,2379,118.9,118.9
R006,CNO,T2_SD_CNO,2026_06_22_merged.mat,OF1,1,2380,2380,118.95,118.95
R006,CNO,T2_SD_CNO,2026_06_22_merged.mat,OF1,1,2381,2381,119.0,119.0
R006,CNO,T2_SD_CNO,2026_06_22_merged.mat,OF1,1,2382,2382,119.05000000000001,119.05000000000001
R006,CNO,T2_SD_CNO,2026_06_22_merged.mat,OF1,1,2383,2383,119.10000000000001,119.10000000000001
R006,CNO,T2_SD_CNO,2026_06_22_merged.mat,OF1,1,2384,2384,119.15,119.15
R006,CNO,T2_SD_CNO,2026_06_22_merged.mat,OF1,1,2385,2385,119.2,119.2
R006,CNO,T2_SD_CNO,2026_06_22_merged.mat,OF1,1,2386,2386,119.25,119.25
R006,CNO,T2_SD_CNO,2026_06_22_merged.mat,OF1,1,2400,2400,119.95,119.95
R006,CNO,T2_SD_CNO,2026_06_22_merged.mat,OF1,1,2401,2401,120.0,120.0
R006,CNO,T2_SD_CNO,2026_06_22_merged.mat,OF1,1,2402,2402,120.05000000000001,120.05000000000001
R006,CNO,T2_SD_CNO,2026_06_22_merged.mat,OF1,1,2403,2403,120.10000000000001,120.10000000000001
R006,CNO,T2_SD_CNO,2026_06_22_merged.mat,OF1,1,2410,2410,120.45,120.45
R006,CNO,T2_SD_CNO,2026_06_22_merged.mat,OF1,1,2411,2411,120.5,120.5
R006,CNO,T2_SD_CNO,2026_06_22_merged.mat,OF1,1,2412,2412,120.55000000000001,120.55000000000001
R006,CNO,T2_SD_CNO,2026_06_22_merged.mat,OF1,1,2413,2413,120.60000000000001,120.60000000000001
R006,CNO,T2_SD_CNO,2026_06_22_merged.mat,OF1,1,2414,2414,120.65,120.65
R006,CNO,T2_SD_CNO,2026_06_22_merged.mat,OF1,1,2415,2415,120.7,120.7
R006,CNO,T2_SD_CNO,2026_06_22_merged.mat,OF1,1,2416,2416,120.75,120.75
R006,CNO,T2_SD_CNO,2026_06_22_merged.mat,OF1,1,2431,2431,121.5,121.5
R006,CNO,T2_SD_CNO,2026_06_22_merged.mat,OF1,1,2432,2432,121.55000000000001,121.55000000000001
R006,CNO,T2_SD_CNO,2026_06_22_merged.mat,OF1,1,2433,2433,121.60000000000001,121.60000000000001
R006,CNO,T2_SD_CNO,2026_06_22_merged.mat,OF1,1,2434,2434,121.65,121.65
R006,CNO,T2_SD_CNO,2026_06_22_merged.mat,OF1,1,2435,2435,121.7,121.7
R006,CNO,T2_SD_CNO,2026_06_22_merged.mat,OF1,1,2436,2436,121.75,121.75
R006,CNO,T2_SD_CNO,2026_06_22_merged.mat,OF1,1,2445,2445,122.2,122.2
R006,CNO,T2_SD_CNO,2026_06_22_merged.mat,OF1,1,2446,2446,122.25,122.25
R006,CNO,T2_SD_CNO,2026_06_22_merged.mat,OF1,1,2456,2456,122.75,122.75
R006,CNO,T2_SD_CNO,2026_06_22_merged.mat,OF1,1,2457,2457,122.80000000000001,122.80000000000001
R006,CNO,T2_SD_CNO,2026_06_22_merged.mat,OF1,1,2458,2458,122.85000000000001,122.85000000000001
R006,CNO,T2_SD_CNO,2026_06_22_merged.mat,OF1,1,2459,2459,122.9,122.9
R006,CNO,T2_SD_CNO,2026_06_22_merged.mat,OF1,1,2460,2460,122.95,122.95
R006,CNO,T2_SD_CNO,2026_06_22_merged.mat,OF1,1,2461,2461,123.0,123.0
R006,CNO,T2_SD_CNO,2026_06_22_merged.mat,OF1,1,2468,2468,123.35000000000001,123.35000000000001
R006,CNO,T2_SD_CNO,2026_06_22_merged.mat,OF1,1,2472,2472,123.55000000000001,123.55000000000001
R006,CNO,T2_SD_CNO,2026_06_22_merged.mat,OF1,2,2494,2494,124.65,124.65
R006,CNO,T2_SD_CNO,2026_06_22_merged.mat,OF1,1,2524,2524,126.15,126.15
R006,CNO,T2_SD_CNO,2026_06_22_merged.mat,OF1,1,2525,2525,126.2,126.2
R006,CNO,T2_SD_CNO,2026_06_22_merged.mat,OF1,1,2526,2526,126.25,126.25
R006,CNO,T2_SD_CNO,2026_06_22_merged.mat,OF1,1,2527,2527,126.30000000000001,126.30000000000001
R006,CNO,T2_SD_CNO,2026_06_22_merged.mat,OF1,1,2528,2528,126.35000000000001,126.35000000000001
R006,CNO,T2_SD_CNO,2026_06_22_merged.mat,OF1,1,2537,2537,126.80000000000001,126.80000000000001
R006,CNO,T2_SD_CNO,2026_06_22_merged.mat,OF1,1,2538,2538,126.85000000000001,126.85000000000001
R006,CNO,T2_SD_CNO,2026_06_22_merged.mat,OF1,1,2539,2539,126.9,126.9
R006,CNO,T2_SD_CNO,2026_06_22_merged.mat,OF1,1,2540,2540,126.95,126.95
R006,CNO,T2_SD_CNO,2026_06_22_merged.mat,OF1,1,2558,2558,127.85000000000001,127.85000000000001
R006,CNO,T2_SD_CNO,2026_06_22_merged.mat,OF1,1,2559,2559,127.9,127.9
R006,CNO,T2_SD_CNO,2026_06_22_merged.mat,OF1,1,2569,2569,128.4,128.4
R006,CNO,T2_SD_CNO,2026_06_22_merged.mat,OF1,1,2570,2570,128.45000000000002,128.45000000000002
R006,CNO,T2_SD_CNO,2026_06_22_merged.mat,OF1,1,2571,2571,128.5,128.5
R006,CNO,T2_SD_CNO,2026_06_22_merged.mat,OF1,1,2572,2572,128.55,128.55
R006,CNO,T2_SD_CNO,2026_06_22_merged.mat,OF1,1,2573,2573,128.6,128.6
R006,CNO,T2_SD_CNO,2026_06_22_merged.mat,OF1,1,2574,2574,128.65,128.65
R006,CNO,T2_SD_CNO,2026_06_22_merged.mat,OF1,1,2581,2581,129.0,129.0
R006,CNO,T2_SD_CNO,2026_06_22_merged.mat,OF1,1,2582,2582,129.05,129.05
R006,CNO,T2_SD_CNO,2026_06_22_merged.mat,OF1,1,2583,2583,129.1,129.1
R006,CNO,T2_SD_CNO,2026_06_22_merged.mat,OF1,2,2674,2674,133.65,133.65
R006,CNO,T2_SD_CNO,2026_06_22_merged.mat,OF1,2,2683,2683,134.1,134.1
R006,CNO,T2_SD_CNO,2026_06_22_merged.mat,OF1,2,2684,2684,134.15,134.15
R006,CNO,T2_SD_CNO,2026_06_22_merged.mat,OF1,2,2685,2685,134.20000000000002,134.20000000000002
R006,CNO,T2_SD_CNO,2026_06_22_merged.mat,OF1,2,2686,2686,134.25,134.25
R006,CNO,T2_SD_CNO,2026_06_22_merged.mat,OF1,2,2687,2687,134.3,134.3
R006,CNO,T2_SD_CNO,2026_06_22_merged.mat,OF1,2,2692,2692,134.55,134.55
R006,CNO,T2_SD_CNO,2026_06_22_merged.mat,OF1,2,2694,2694,134.65,134.65
R006,CNO,T2_SD_CNO,2026_06_22_merged.mat,OF1,2,2695,2695,134.70000000000002,134.70000000000002
R006,CNO,T2_SD_CNO,2026_06_22_merged.mat,OF1,2,2696,2696,134.75,134.75
R006,CNO,T2_SD_CNO,2026_06_22_merged.mat,OF1,2,2697,2697,134.8,134.8
R006,CNO,T2_SD_CNO,2026_06_22_merged.mat,OF1,2,2710,2710,135.45000000000002,135.45000000000002
R006,CNO,T2_SD_CNO,2026_06_22_merged.mat,OF1,2,2711,2711,135.5,135.5
R006,CNO,T2_SD_CNO,2026_06_22_merged.mat,OF1,1,2725,2725,136.20000000000002,136.20000000000002
R006,CNO,T2_SD_CNO,2026_06_22_merged.mat,OF1,1,2733,2733,136.6,136.6
R006,CNO,T2_SD_CNO,2026_06_22_merged.mat,OF1,1,2734,2734,136.65,136.65
R006,CNO,T2_SD_CNO,2026_06_22_merged.mat,OF1,1,2751,2751,137.5,137.5
R006,CNO,T2_SD_CNO,2026_06_22_merged.mat,OF1,1,2752,2752,137.55,137.55
R006,CNO,T2_SD_CNO,2026_06_22_merged.mat,OF1,1,2753,2753,137.6,137.6
R006,CNO,T2_SD_CNO,2026_06_22_merged.mat,OF1,1,2754,2754,137.65,137.65
R006,CNO,T2_SD_CNO,2026_06_22_merged.mat,OF1,1,2766,2766,138.25,138.25
R006,CNO,T2_SD_CNO,2026_06_22_merged.mat,OF1,1,2767,2767,138.3,138.3
R006,CNO,T2_SD_CNO,2026_06_22_merged.mat,OF1,1,2768,2768,138.35,138.35
R006,CNO,T2_SD_CNO,2026_06_22_merged.mat,OF1,1,2799,2799,139.9,139.9
R006,CNO,T2_SD_CNO,2026_06_22_merged.mat,OF1,1,2800,2800,139.95000000000002,139.95000000000002
R006,CNO,T2_SD_CNO,2026_06_22_merged.mat,OF1,1,2801,2801,140.0,140.0
R006,CNO,T2_SD_CNO,2026_06_22_merged.mat,OF1,1,2802,2802,140.05,140.05
R006,CNO,T2_SD_CNO,2026_06_22_merged.mat,OF1,1,2803,2803,140.1,140.1
R006,CNO,T2_SD_CNO,2026_06_22_merged.mat,OF1,1,2811,2811,140.5,140.5
R006,CNO,T2_SD_CNO,2026_06_22_merged.mat,OF1,1,2812,2812,140.55,140.55
R006,CNO,T2_SD_CNO,2026_06_22_merged.mat,OF1,1,2825,2825,141.20000000000002,141.20000000000002
R006,CNO,T2_SD_CNO,2026_06_22_merged.mat,OF1,1,2826,2826,141.25,141.25
R006,CNO,T2_SD_CNO,2026_06_22_merged.mat,OF1,1,2855,2855,142.70000000000002,142.70000000000002
R006,CNO,T2_SD_CNO,2026_06_22_merged.mat,OF1,1,2856,2856,142.75,142.75
R006,CNO,T2_SD_CNO,2026_06_22_merged.mat,OF1,1,2857,2857,142.8,142.8
R006,CNO,T2_SD_CNO,2026_06_22_merged.mat,OF1,1,2913,2913,145.6,145.6
R006,CNO,T2_SD_CNO,2026_06_22_merged.mat,OF1,1,2914,2914,145.65,145.65
R006,CNO,T2_SD_CNO,2026_06_22_merged.mat,OF1,1,2915,2915,145.70000000000002,145.70000000000002
R006,CNO,T2_SD_CNO,2026_06_22_merged.mat,OF1,1,2928,2928,146.35,146.35
R006,CNO,T2_SD_CNO,2026_06_22_merged.mat,OF1,1,2929,2929,146.4,146.4
R006,CNO,T2_SD_CNO,2026_06_22_merged.mat,OF1,1,2951,2951,147.5,147.5
R006,CNO,T2_SD_CNO,2026_06_22_merged.mat,OF1,1,2952,2952,147.55,147.55
R006,CNO,T2_SD_CNO,2026_06_22_merged.mat,OF1,1,2953,2953,147.6,147.6
R006,CNO,T2_SD_CNO,2026_06_22_merged.mat,OF1,1,2954,2954,147.65,147.65
R006,CNO,T2_SD_CNO,2026_06_22_merged.mat,OF1,1,2955,2955,147.70000000000002,147.70000000000002
R006,CNO,T2_SD_CNO,2026_06_22_merged.mat,OF1,1,2977,2977,148.8,148.8
R006,CNO,T2_SD_CNO,2026_06_22_merged.mat,OF1,1,2978,2978,148.85,148.85
R006,CNO,T2_SD_CNO,2026_06_22_merged.mat,OF1,1,2979,2979,148.9,148.9
R006,CNO,T2_SD_CNO,2026_06_22_merged.mat,OF1,1,3008,3008,150.35,150.35
R006,CNO,T2_SD_CNO,2026_06_22_merged.mat,OF1,1,3009,3009,150.4,150.4
R006,CNO,T2_SD_CNO,2026_06_22_merged.mat,OF1,1,3046,3046,152.25,152.25
R006,CNO,T2_SD_CNO,2026_06_22_merged.mat,OF1,1,3047,3047,152.3,152.3
R006,CNO,T2_SD_CNO,2026_06_22_merged.mat,OF1,1,3075,3075,153.70000000000002,153.70000000000002
R006,CNO,T2_SD_CNO,2026_06_22_merged.mat,OF1,1,3077,3077,153.8,153.8
R006,CNO,T2_SD_CNO,2026_06_22_merged.mat,OF1,1,3078,3078,153.85000000000002,153.85000000000002
R006,CNO,T2_SD_CNO,2026_06_22_merged.mat,OF1,1,3079,3079,153.9,153.9
R006,CNO,T2_SD_CNO,2026_06_22_merged.mat,OF1,1,3080,3080,153.95000000000002,153.95000000000002
R006,CNO,T2_SD_CNO,2026_06_22_merged.mat,OF1,1,3081,3081,154.0,154.0
R006,CNO,T2_SD_CNO,2026_06_22_merged.mat,OF1,1,3082,3082,154.05,154.05
R006,CNO,T2_SD_CNO,2026_06_22_merged.mat,OF1,1,3083,3083,154.10000000000002,154.10000000000002
R006,CNO,T2_SD_CNO,2026_06_22_merged.mat,OF1,1,3084,3084,154.15,154.15
R006,CNO,T2_SD_CNO,2026_06_22_merged.mat,OF1,1,3085,3085,154.20000000000002,154.20000000000002
R006,CNO,T2_SD_CNO,2026_06_22_merged.mat,OF1,1,3103,3103,155.10000000000002,155.10000000000002
R006,CNO,T2_SD_CNO,2026_06_22_merged.mat,OF1,1,3165,3165,158.20000000000002,158.20000000000002
R006,CNO,T2_SD_CNO,2026_06_22_merged.mat,OF1,1,3166,3166,158.25,158.25
R006,CNO,T2_SD_CNO,2026_06_22_merged.mat,OF1,1,3167,3167,158.3,158.3
R006,CNO,T2_SD_CNO,2026_06_22_merged.mat,OF1,1,3206,3206,160.25,160.25
R006,CNO,T2_SD_CNO,2026_06_22_merged.mat,OF1,1,3207,3207,160.3,160.3
R006,CNO,T2_SD_CNO,2026_06_22_merged.mat,OF1,1,3208,3208,160.35000000000002,160.35000000000002
R006,CNO,T2_SD_CNO,2026_06_22_merged.mat,OF1,1,3209,3209,160.4,160.4
R006,CNO,T2_SD_CNO,2026_06_22_merged.mat,OF1,1,3222,3222,161.05,161.05
R006,CNO,T2_SD_CNO,2026_06_22_merged.mat,OF1,1,3238,3238,161.85000000000002,161.85000000000002
R006,CNO,T2_SD_CNO,2026_06_22_merged.mat,OF1,1,3239,3239,161.9,161.9
R006,CNO,T2_SD_CNO,2026_06_22_merged.mat,OF1,1,3240,3240,161.95000000000002,161.95000000000002
R006,CNO,T2_SD_CNO,2026_06_22_merged.mat,OF1,1,3241,3241,162.0,162.0
R006,CNO,T2_SD_CNO,2026_06_22_merged.mat,OF1,1,3242,3242,162.05,162.05
R006,CNO,T2_SD_CNO,2026_06_22_merged.mat,OF1,1,3283,3283,164.10000000000002,164.10000000000002
R006,CNO,T2_SD_CNO,2026_06_22_merged.mat,OF1,1,3284,3284,164.15,164.15
R006,CNO,T2_SD_CNO,2026_06_22_merged.mat,OF1,1,3285,3285,164.20000000000002,164.20000000000002
R006,CNO,T2_SD_CNO,2026_06_22_merged.mat,OF1,2,3307,3307,165.3,165.3
R006,CNO,T2_SD_CNO,2026_06_22_merged.mat,OF1,1,3320,3320,165.95000000000002,165.95000000000002
R006,CNO,T2_SD_CNO,2026_06_22_merged.mat,OF1,1,3321,3321,166.0,166.0
R006,CNO,T2_SD_CNO,2026_06_22_merged.mat,OF1,1,3322,3322,166.05,166.05
R006,CNO,T2_SD_CNO,2026_06_22_merged.mat,OF1,1,3405,3405,170.20000000000002,170.20000000000002
R006,CNO,T2_SD_CNO,2026_06_22_merged.mat,OF1,1,3406,3406,170.25,170.25
R006,CNO,T2_SD_CNO,2026_06_22_merged.mat,OF1,1,3407,3407,170.3,170.3
R006,CNO,T2_SD_CNO,2026_06_22_merged.mat,OF1,1,3408,3408,170.35000000000002,170.35000000000002
R006,CNO,T2_SD_CNO,2026_06_22_merged.mat,OF1,1,3409,3409,170.4,170.4
R006,CNO,T2_SD_CNO,2026_06_22_merged.mat,OF1,1,3432,3432,171.55,171.55
R006,CNO,T2_SD_CNO,2026_06_22_merged.mat,OF1,1,3433,3433,171.60000000000002,171.60000000000002
R006,CNO,T2_SD_CNO,2026_06_22_merged.mat,OF1,1,3434,3434,171.65,171.65
R006,CNO,T2_SD_CNO,2026_06_22_merged.mat,OF1,1,3435,3435,171.70000000000002,171.70000000000002
R006,CNO,T2_SD_CNO,2026_06_22_merged.mat,OF1,1,3462,3462,173.05,173.05
R006,CNO,T2_SD_CNO,2026_06_22_merged.mat,OF1,1,3463,3463,173.10000000000002,173.10000000000002
R006,CNO,T2_SD_CNO,2026_06_22_merged.mat,OF1,1,3464,3464,173.15,173.15
R006,CNO,T2_SD_CNO,2026_06_22_merged.mat,OF1,1,3465,3465,173.20000000000002,173.20000000000002
R006,CNO,T2_SD_CNO,2026_06_22_merged.mat,OF1,1,3475,3475,173.70000000000002,173.70000000000002
R006,CNO,T2_SD_CNO,2026_06_22_merged.mat,OF1,1,3476,3476,173.75,173.75
R006,CNO,T2_SD_CNO,2026_06_22_merged.mat,OF1,1,3526,3526,176.25,176.25
R006,CNO,T2_SD_CNO,2026_06_22_merged.mat,OF1,1,3527,3527,176.3,176.3
R006,CNO,T2_SD_CNO,2026_06_22_merged.mat,OF1,1,3545,3545,177.20000000000002,177.20000000000002
R006,CNO,T2_SD_CNO,2026_06_22_merged.mat,OF1,1,3546,3546,177.25,177.25
R006,CNO,T2_SD_CNO,2026_06_22_merged.mat,OF1,1,3547,3547,177.3,177.3
R006,CNO,T2_SD_CNO,2026_06_22_merged.mat,OF1,1,3559,3559,177.9,177.9
R006,CNO,T2_SD_CNO,2026_06_22_merged.mat,OF1,1,3560,3560,177.95000000000002,177.95000000000002
R006,CNO,T2_SD_CNO,2026_06_22_merged.mat,OF1,1,3573,3573,178.60000000000002,178.60000000000002
R006,CNO,T2_SD_CNO,2026_06_22_merged.mat,OF1,1,3574,3574,178.65,178.65
R006,CNO,T2_SD_CNO,2026_06_22_merged.mat,OF1,1,3575,3575,178.70000000000002,178.70000000000002
R006,CNO,T2_SD_CNO,2026_06_22_merged.mat,OF1,1,3576,3576,178.75,178.75
R006,CNO,T2_SD_CNO,2026_06_22_merged.mat,OF1,2,3590,3590,179.45000000000002,179.45000000000002
R006,CNO,T2_SD_CNO,2026_06_22_merged.mat,OF1,1,3676,3676,183.75,183.75
R006,CNO,T2_SD_CNO,2026_06_22_merged.mat,OF1,1,3677,3677,183.8,183.8
R006,CNO,T2_SD_CNO,2026_06_22_merged.mat,OF1,1,3678,3678,183.85000000000002,183.85000000000002
R006,CNO,T2_SD_CNO,2026_06_22_merged.mat,OF1,1,3679,3679,183.9,183.9
R006,CNO,T2_SD_CNO,2026_06_22_merged.mat,OF1,1,3680,3680,183.95000000000002,183.95000000000002
R006,CNO,T2_SD_CNO,2026_06_22_merged.mat,OF1,2,3697,3697,184.8,184.8
R006,CNO,T2_SD_CNO,2026_06_22_merged.mat,OF1,1,3720,3720,185.95000000000002,185.95000000000002
R006,CNO,T2_SD_CNO,2026_06_22_merged.mat,OF1,1,3721,3721,186.0,186.0
R006,CNO,T2_SD_CNO,2026_06_22_merged.mat,OF1,1,3722,3722,186.05,186.05
R006,CNO,T2_SD_CNO,2026_06_22_merged.mat,OF1,1,3723,3723,186.10000000000002,186.10000000000002
R006,CNO,T2_SD_CNO,2026_06_22_merged.mat,OF1,1,3724,3724,186.15,186.15
R006,CNO,T2_SD_CNO,2026_06_22_merged.mat,OF1,1,3730,3730,186.45000000000002,186.45000000000002
R006,CNO,T2_SD_CNO,2026_06_22_merged.mat,OF1,1,3731,3731,186.5,186.5
R006,CNO,T2_SD_CNO,2026_06_22_merged.mat,OF1,2,3759,3759,187.9,187.9
R006,CNO,T2_SD_CNO,2026_06_22_merged.mat,OF1,2,3760,3760,187.95000000000002,187.95000000000002
R006,CNO,T2_SD_CNO,2026_06_22_merged.mat,OF1,1,3787,3787,189.3,189.3
R006,CNO,T2_SD_CNO,2026_06_22_merged.mat,OF1,1,3788,3788,189.35000000000002,189.35000000000002
R006,CNO,T2_SD_CNO,2026_06_22_merged.mat,OF1,2,3797,3797,189.8,189.8
R006,CNO,T2_SD_CNO,2026_06_22_merged.mat,OF1,2,3798,3798,189.85000000000002,189.85000000000002
R006,CNO,T2_SD_CNO,2026_06_22_merged.mat,OF1,1,3828,3828,191.35000000000002,191.35000000000002
R006,CNO,T2_SD_CNO,2026_06_22_merged.mat,OF1,1,3829,3829,191.4,191.4
R006,CNO,T2_SD_CNO,2026_06_22_merged.mat,OF1,1,3907,3907,195.3,195.3
R006,CNO,T2_SD_CNO,2026_06_22_merged.mat,OF1,1,3908,3908,195.35000000000002,195.35000000000002
R006,CNO,T2_SD_CNO,2026_06_22_merged.mat,OF1,1,3909,3909,195.4,195.4
R006,CNO,T2_SD_CNO,2026_06_22_merged.mat,OF1,1,3910,3910,195.45000000000002,195.45000000000002
R006,CNO,T2_SD_CNO,2026_06_22_merged.mat,OF1,1,3945,3945,197.20000000000002,197.20000000000002
R006,CNO,T2_SD_CNO,2026_06_22_merged.mat,OF1,1,3946,3946,197.25,197.25
R006,CNO,T2_SD_CNO,2026_06_22_merged.mat,OF1,1,3947,3947,197.3,197.3
R006,CNO,T2_SD_CNO,2026_06_22_merged.mat,OF1,1,3965,3965,198.20000000000002,198.20000000000002
R006,CNO,T2_SD_CNO,2026_06_22_merged.mat,OF1,1,3966,3966,198.25,198.25
R006,CNO,T2_SD_CNO,2026_06_22_merged.mat,OF1,1,4006,4006,200.25,200.25
R006,CNO,T2_SD_CNO,2026_06_22_merged.mat,OF1,1,4007,4007,200.3,200.3
R006,CNO,T2_SD_CNO,2026_06_22_merged.mat,OF1,1,4008,4008,200.35000000000002,200.35000000000002
R006,CNO,T2_SD_CNO,2026_06_22_merged.mat,OF1,1,4009,4009,200.4,200.4
R006,CNO,T2_SD_CNO,2026_06_22_merged.mat,OF1,2,4020,4020,200.95000000000002,200.95000000000002
R006,CNO,T2_SD_CNO,2026_06_22_merged.mat,OF1,2,4021,4021,201.0,201.0
R006,CNO,T2_SD_CNO,2026_06_22_merged.mat,OF1,2,4022,4022,201.05,201.05
R006,CNO,T2_SD_CNO,2026_06_22_merged.mat,OF1,2,4023,4023,201.10000000000002,201.10000000000002
R006,CNO,T2_SD_CNO,2026_06_22_merged.mat,OF1,2,4040,4040,201.95000000000002,201.95000000000002
R006,CNO,T2_SD_CNO,2026_06_22_merged.mat,OF1,2,4065,4065,203.20000000000002,203.20000000000002
R006,CNO,T2_SD_CNO,2026_06_22_merged.mat,OF1,2,4066,4066,203.25,203.25
R006,CNO,T2_SD_CNO,2026_06_22_merged.mat,OF1,2,4067,4067,203.3,203.3
R006,CNO,T2_SD_CNO,2026_06_22_merged.mat,OF1,2,4068,4068,203.35000000000002,203.35000000000002
R006,CNO,T2_SD_CNO,2026_06_22_merged.mat,OF1,2,4069,4069,203.4,203.4
R006,CNO,T2_SD_CNO,2026_06_22_merged.mat,OF1,2,4087,4087,204.3,204.3
R006,CNO,T2_SD_CNO,2026_06_22_merged.mat,OF1,2,4088,4088,204.35000000000002,204.35000000000002
R006,CNO,T2_SD_CNO,2026_06_22_merged.mat,OF1,2,4089,4089,204.4,204.4
R006,CNO,T2_SD_CNO,2026_06_22_merged.mat,OF1,2,4090,4090,204.45000000000002,204.45000000000002
R006,CNO,T2_SD_CNO,2026_06_22_merged.mat,OF1,2,4091,4091,204.5,204.5
R006,CNO,T2_SD_CNO,2026_06_22_merged.mat,OF1,2,4095,4095,204.70000000000002,204.70000000000002
R006,CNO,T2_SD_CNO,2026_06_22_merged.mat,OF1,2,4096,4096,204.75,204.75
R006,CNO,T2_SD_CNO,2026_06_22_merged.mat,OF1,2,4097,4097,204.8,204.8
R006,CNO,T2_SD_CNO,2026_06_22_merged.mat,OF1,2,4108,4108,205.35000000000002,205.35000000000002
R006,CNO,T2_SD_CNO,2026_06_22_merged.mat,OF1,2,4109,4109,205.4,205.4
R006,CNO,T2_SD_CNO,2026_06_22_merged.mat,OF1,2,4110,4110,205.45000000000002,205.45000000000002
R006,CNO,T2_SD_CNO,2026_06_22_merged.mat,OF1,1,4116,4116,205.75,205.75
R006,CNO,T2_SD_CNO,2026_06_22_merged.mat,OF1,1,4117,4117,205.8,205.8
R006,CNO,T2_SD_CNO,2026_06_22_merged.mat,OF1,1,4118,4118,205.85000000000002,205.85000000000002
R006,CNO,T2_SD_CNO,2026_06_22_merged.mat,OF1,1,4119,4119,205.9,205.9
R006,CNO,T2_SD_CNO,2026_06_22_merged.mat,OF1,1,4138,4138,206.85000000000002,206.85000000000002
R006,CNO,T2_SD_CNO,2026_06_22_merged.mat,OF1,1,4139,4139,206.9,206.9
R006,CNO,T2_SD_CNO,2026_06_22_merged.mat,OF1,1,4140,4140,206.95000000000002,206.95000000000002
R006,CNO,T2_SD_CNO,2026_06_22_merged.mat,OF1,1,4193,4193,209.60000000000002,209.60000000000002
R006,CNO,T2_SD_CNO,2026_06_22_merged.mat,OF1,1,4194,4194,209.65,209.65
R006,CNO,T2_SD_CNO,2026_06_22_merged.mat,OF1,1,4195,4195,209.70000000000002,209.70000000000002
R006,CNO,T2_SD_CNO,2026_06_22_merged.mat,OF1,2,4210,4210,210.45000000000002,210.45000000000002
R006,CNO,T2_SD_CNO,2026_06_22_merged.mat,OF1,2,4211,4211,210.5,210.5
R006,CNO,T2_SD_CNO,2026_06_22_merged.mat,OF1,2,4212,4212,210.55,210.55
R006,CNO,T2_SD_CNO,2026_06_22_merged.mat,OF1,2,4213,4213,210.60000000000002,210.60000000000002
R006,CNO,T2_SD_CNO,2026_06_22_merged.mat,OF1,2,4214,4214,210.65,210.65
R006,CNO,T2_SD_CNO,2026_06_22_merged.mat,OF1,2,4215,4215,210.70000000000002,210.70000000000002
R006,CNO,T2_SD_CNO,2026_06_22_merged.mat,OF1,2,4224,4224,211.15,211.15
R006,CNO,T2_SD_CNO,2026_06_22_merged.mat,OF1,2,4225,4225,211.20000000000002,211.20000000000002
R006,CNO,T2_SD_CNO,2026_06_22_merged.mat,OF1,2,4226,4226,211.25,211.25
R006,CNO,T2_SD_CNO,2026_06_22_merged.mat,OF1,2,4253,4253,212.60000000000002,212.60000000000002
R006,CNO,T2_SD_CNO,2026_06_22_merged.mat,OF1,2,4254,4254,212.65,212.65
R006,CNO,T2_SD_CNO,2026_06_22_merged.mat,OF1,2,4255,4255,212.70000000000002,212.70000000000002
R006,CNO,T2_SD_CNO,2026_06_22_merged.mat,OF1,1,4263,4263,213.10000000000002,213.10000000000002
R006,CNO,T2_SD_CNO,2026_06_22_merged.mat,OF1,1,4264,4264,213.15,213.15
R006,CNO,T2_SD_CNO,2026_06_22_merged.mat,OF1,1,4265,4265,213.20000000000002,213.20000000000002
R006,CNO,T2_SD_CNO,2026_06_22_merged.mat,OF1,2,4274,4274,213.65,213.65
R006,CNO,T2_SD_CNO,2026_06_22_merged.mat,OF1,2,4275,4275,213.70000000000002,213.70000000000002
R006,CNO,T2_SD_CNO,2026_06_22_merged.mat,OF1,2,4276,4276,213.75,213.75
R006,CNO,T2_SD_CNO,2026_06_22_merged.mat,OF1,2,4306,4306,215.25,215.25
R006,CNO,T2_SD_CNO,2026_06_22_merged.mat,OF1,2,4307,4307,215.3,215.3
R006,CNO,T2_SD_CNO,2026_06_22_merged.mat,OF1,2,4308,4308,215.35000000000002,215.35000000000002
R006,CNO,T2_SD_CNO,2026_06_22_merged.mat,OF1,2,4309,4309,215.4,215.4
R006,CNO,T2_SD_CNO,2026_06_22_merged.mat,OF1,1,4323,4323,216.10000000000002,216.10000000000002
R006,CNO,T2_SD_CNO,2026_06_22_merged.mat,OF1,1,4324,4324,216.15,216.15
R006,CNO,T2_SD_CNO,2026_06_22_merged.mat,OF1,2,4332,4332,216.55,216.55
R006,CNO,T2_SD_CNO,2026_06_22_merged.mat,OF1,2,4333,4333,216.60000000000002,216.60000000000002
R006,CNO,T2_SD_CNO,2026_06_22_merged.mat,OF1,2,4334,4334,216.65,216.65
R006,CNO,T2_SD_CNO,2026_06_22_merged.mat,OF1,2,4335,4335,216.70000000000002,216.70000000000002
R006,CNO,T2_SD_CNO,2026_06_22_merged.mat,OF1,1,4346,4346,217.25,217.25
R006,CNO,T2_SD_CNO,2026_06_22_merged.mat,OF1,2,4355,4355,217.70000000000002,217.70000000000002
R006,CNO,T2_SD_CNO,2026_06_22_merged.mat,OF1,2,4356,4356,217.75,217.75
R006,CNO,T2_SD_CNO,2026_06_22_merged.mat,OF1,2,4357,4357,217.8,217.8
R006,CNO,T2_SD_CNO,2026_06_22_merged.mat,OF1,2,4358,4358,217.85000000000002,217.85000000000002
R006,CNO,T2_SD_CNO,2026_06_22_merged.mat,OF1,2,4359,4359,217.9,217.9
R006,CNO,T2_SD_CNO,2026_06_22_merged.mat,OF1,2,4360,4360,217.95000000000002,217.95000000000002
R006,CNO,T2_SD_CNO,2026_06_22_merged.mat,OF1,1,4380,4380,218.95000000000002,218.95000000000002
R006,CNO,T2_SD_CNO,2026_06_22_merged.mat,OF1,1,4381,4381,219.0,219.0
R006,CNO,T2_SD_CNO,2026_06_22_merged.mat,OF1,1,4382,4382,219.05,219.05
R006,CNO,T2_SD_CNO,2026_06_22_merged.mat,OF1,2,4393,4393,219.60000000000002,219.60000000000002
R006,CNO,T2_SD_CNO,2026_06_22_merged.mat,OF1,2,4406,4406,220.25,220.25
R006,CNO,T2_SD_CNO,2026_06_22_merged.mat,OF1,2,4407,4407,220.3,220.3
R006,CNO,T2_SD_CNO,2026_06_22_merged.mat,OF1,2,4408,4408,220.35000000000002,220.35000000000002
R006,CNO,T2_SD_CNO,2026_06_22_merged.mat,OF1,2,4409,4409,220.4,220.4
R006,CNO,T2_SD_CNO,2026_06_22_merged.mat,OF1,2,4417,4417,220.8,220.8
R006,CNO,T2_SD_CNO,2026_06_22_merged.mat,OF1,2,4418,4418,220.85000000000002,220.85000000000002
R006,CNO,T2_SD_CNO,2026_06_22_merged.mat,OF1,2,4419,4419,220.9,220.9
R006,CNO,T2_SD_CNO,2026_06_22_merged.mat,OF1,1,4436,4436,221.75,221.75
R006,CNO,T2_SD_CNO,2026_06_22_merged.mat,OF1,1,4437,4437,221.8,221.8
R006,CNO,T2_SD_CNO,2026_06_22_merged.mat,OF1,1,4447,4447,222.3,222.3
R006,CNO,T2_SD_CNO,2026_06_22_merged.mat,OF1,1,4448,4448,222.35000000000002,222.35000000000002
R006,CNO,T2_SD_CNO,2026_06_22_merged.mat,OF1,2,4469,4469,223.4,223.4
R006,CNO,T2_SD_CNO,2026_06_22_merged.mat,OF1,2,4470,4470,223.45000000000002,223.45000000000002
R006,CNO,T2_SD_CNO,2026_06_22_merged.mat,OF1,2,4471,4471,223.5,223.5
R006,CNO,T2_SD_CNO,2026_06_22_merged.mat,OF1,2,4480,4480,223.95000000000002,223.95000000000002
R006,CNO,T2_SD_CNO,2026_06_22_merged.mat,OF1,2,4481,4481,224.0,224.0
R006,CNO,T2_SD_CNO,2026_06_22_merged.mat,OF1,2,4482,4482,224.05,224.05
R006,CNO,T2_SD_CNO,2026_06_22_merged.mat,OF1,2,4483,4483,224.10000000000002,224.10000000000002
R006,CNO,T2_SD_CNO,2026_06_22_merged.mat,OF1,2,4484,4484,224.15,224.15
R006,CNO,T2_SD_CNO,2026_06_22_merged.mat,OF1,2,4485,4485,224.20000000000002,224.20000000000002
R006,CNO,T2_SD_CNO,2026_06_22_merged.mat,OF1,2,4493,4493,224.60000000000002,224.60000000000002
R006,CNO,T2_SD_CNO,2026_06_22_merged.mat,OF1,2,4495,4495,224.70000000000002,224.70000000000002
R006,CNO,T2_SD_CNO,2026_06_22_merged.mat,OF1,2,4497,4497,224.8,224.8
R006,CNO,T2_SD_CNO,2026_06_22_merged.mat,OF1,1,4504,4504,225.15,225.15
R006,CNO,T2_SD_CNO,2026_06_22_merged.mat,OF1,1,4505,4505,225.20000000000002,225.20000000000002
R006,CNO,T2_SD_CNO,2026_06_22_merged.mat,OF1,1,4506,4506,225.25,225.25
R006,CNO,T2_SD_CNO,2026_06_22_merged.mat,OF1,1,4507,4507,225.3,225.3
R006,CNO,T2_SD_CNO,2026_06_22_merged.mat,OF1,1,4508,4508,225.35000000000002,225.35000000000002
R006,CNO,T2_SD_CNO,2026_06_22_merged.mat,OF1,1,4536,4536,226.75,226.75
R006,CNO,T2_SD_CNO,2026_06_22_merged.mat,OF1,2,4597,4597,229.8,229.8
R006,CNO,T2_SD_CNO,2026_06_22_merged.mat,OF1,2,4598,4598,229.85000000000002,229.85000000000002
R006,CNO,T2_SD_CNO,2026_06_22_merged.mat,OF1,2,4599,4599,229.9,229.9
R006,CNO,T2_SD_CNO,2026_06_22_merged.mat,OF1,2,4600,4600,229.95000000000002,229.95000000000002
R006,CNO,T2_SD_CNO,2026_06_22_merged.mat,OF1,2,4610,4610,230.45000000000002,230.45000000000002
R006,CNO,T2_SD_CNO,2026_06_22_merged.mat,OF1,2,4611,4611,230.5,230.5
R006,CNO,T2_SD_CNO,2026_06_22_merged.mat,OF1,2,4612,4612,230.55,230.55
R006,CNO,T2_SD_CNO,2026_06_22_merged.mat,OF1,2,4613,4613,230.60000000000002,230.60000000000002
R006,CNO,T2_SD_CNO,2026_06_22_merged.mat,OF1,2,4614,4614,230.65,230.65
R006,CNO,T2_SD_CNO,2026_06_22_merged.mat,OF1,2,4629,4629,231.4,231.4
R006,CNO,T2_SD_CNO,2026_06_22_merged.mat,OF1,2,4630,4630,231.45000000000002,231.45000000000002
R006,CNO,T2_SD_CNO,2026_06_22_merged.mat,OF1,2,4631,4631,231.5,231.5
R006,CNO,T2_SD_CNO,2026_06_22_merged.mat,OF1,2,4632,4632,231.55,231.55
R006,CNO,T2_SD_CNO,2026_06_22_merged.mat,OF1,2,4640,4640,231.95000000000002,231.95000000000002
R006,CNO,T2_SD_CNO,2026_06_22_merged.mat,OF1,2,4641,4641,232.0,232.0
R006,CNO,T2_SD_CNO,2026_06_22_merged.mat,OF1,2,4642,4642,232.05,232.05
R006,CNO,T2_SD_CNO,2026_06_22_merged.mat,OF1,2,4643,4643,232.10000000000002,232.10000000000002
R006,CNO,T2_SD_CNO,2026_06_22_merged.mat,OF1,1,4660,4660,232.95000000000002,232.95000000000002
R006,CNO,T2_SD_CNO,2026_06_22_merged.mat,OF1,1,4661,4661,233.0,233.0
R006,CNO,T2_SD_CNO,2026_06_22_merged.mat,OF1,1,4662,4662,233.05,233.05
R006,CNO,T2_SD_CNO,2026_06_22_merged.mat,OF1,1,4663,4663,233.10000000000002,233.10000000000002
R006,CNO,T2_SD_CNO,2026_06_22_merged.mat,OF1,1,4664,4664,233.15,233.15
R006,CNO,T2_SD_CNO,2026_06_22_merged.mat,OF1,1,4676,4676,233.75,233.75
R006,CNO,T2_SD_CNO,2026_06_22_merged.mat,OF1,1,4677,4677,233.8,233.8
R006,CNO,T2_SD_CNO,2026_06_22_merged.mat,OF1,1,4678,4678,233.85000000000002,233.85000000000002
R006,CNO,T2_SD_CNO,2026_06_22_merged.mat,OF1,2,4728,4728,236.35000000000002,236.35000000000002
R006,CNO,T2_SD_CNO,2026_06_22_merged.mat,OF1,2,4729,4729,236.4,236.4
R006,CNO,T2_SD_CNO,2026_06_22_merged.mat,OF1,1,4737,4737,236.8,236.8
R006,CNO,T2_SD_CNO,2026_06_22_merged.mat,OF1,1,4738,4738,236.85000000000002,236.85000000000002
R006,CNO,T2_SD_CNO,2026_06_22_merged.mat,OF1,2,4782,4782,239.05,239.05
R006,CNO,T2_SD_CNO,2026_06_22_merged.mat,OF1,2,4783,4783,239.10000000000002,239.10000000000002
R006,CNO,T2_SD_CNO,2026_06_22_merged.mat,OF1,2,4784,4784,239.15,239.15
R006,CNO,T2_SD_CNO,2026_06_22_merged.mat,OF1,2,4785,4785,239.20000000000002,239.20000000000002
R006,CNO,T2_SD_CNO,2026_06_22_merged.mat,OF1,1,4816,4816,240.75,240.75
R006,CNO,T2_SD_CNO,2026_06_22_merged.mat,OF1,1,4817,4817,240.8,240.8
R006,CNO,T2_SD_CNO,2026_06_22_merged.mat,OF1,1,4818,4818,240.85000000000002,240.85000000000002
R006,CNO,T2_SD_CNO,2026_06_22_merged.mat,OF1,1,4819,4819,240.9,240.9
R006,CNO,T2_SD_CNO,2026_06_22_merged.mat,OF1,1,4820,4820,240.95000000000002,240.95000000000002
R006,CNO,T2_SD_CNO,2026_06_22_merged.mat,OF1,1,4821,4821,241.0,241.0
R006,CNO,T2_SD_CNO,2026_06_22_merged.mat,OF1,2,4891,4891,244.5,244.5
R006,CNO,T2_SD_CNO,2026_06_22_merged.mat,OF1,2,4892,4892,244.55,244.55
R006,CNO,T2_SD_CNO,2026_06_22_merged.mat,OF1,2,4893,4893,244.60000000000002,244.60000000000002
R006,CNO,T2_SD_CNO,2026_06_22_merged.mat,OF1,2,4894,4894,244.65,244.65
R006,CNO,T2_SD_CNO,2026_06_22_merged.mat,OF1,2,4895,4895,244.70000000000002,244.70000000000002
R006,CNO,T2_SD_CNO,2026_06_22_merged.mat,OF1,1,4910,4910,245.45000000000002,245.45000000000002
R006,CNO,T2_SD_CNO,2026_06_22_merged.mat,OF1,1,4911,4911,245.5,245.5
R006,CNO,T2_SD_CNO,2026_06_22_merged.mat,OF1,1,4912,4912,245.55,245.55
R006,CNO,T2_SD_CNO,2026_06_22_merged.mat,OF1,2,4931,4931,246.5,246.5
R006,CNO,T2_SD_CNO,2026_06_22_merged.mat,OF1,2,4932,4932,246.55,246.55
R006,CNO,T2_SD_CNO,2026_06_22_merged.mat,OF1,2,4933,4933,246.60000000000002,246.60000000000002
R006,CNO,T2_SD_CNO,2026_06_22_merged.mat,OF1,2,4934,4934,246.65,246.65
R006,CNO,T2_SD_CNO,2026_06_22_merged.mat,OF1,2,4952,4952,247.55,247.55
R006,CNO,T2_SD_CNO,2026_06_22_merged.mat,OF1,2,4953,4953,247.60000000000002,247.60000000000002
R006,CNO,T2_SD_CNO,2026_06_22_merged.mat,OF1,1,4969,4969,248.4,248.4
R006,CNO,T2_SD_CNO,2026_06_22_merged.mat,OF1,1,4970,4970,248.45000000000002,248.45000000000002
R006,CNO,T2_SD_CNO,2026_06_22_merged.mat,OF1,1,4971,4971,248.5,248.5
R006,CNO,T2_SD_CNO,2026_06_22_merged.mat,OF1,1,4972,4972,248.55,248.55
R006,CNO,T2_SD_CNO,2026_06_22_merged.mat,OF1,1,4973,4973,248.60000000000002,248.60000000000002
R006,CNO,T2_SD_CNO,2026_06_22_merged.mat,OF1,1,4974,4974,248.65,248.65
R006,CNO,T2_SD_CNO,2026_06_22_merged.mat,OF1,2,5037,5037,251.8,251.8
R006,CNO,T2_SD_CNO,2026_06_22_merged.mat,OF1,2,5038,5038,251.85000000000002,251.85000000000002
R006,CNO,T2_SD_CNO,2026_06_22_merged.mat,OF1,2,5041,5041,252.0,252.0
R006,CNO,T2_SD_CNO,2026_06_22_merged.mat,OF1,2,5042,5042,252.05,252.05
R006,CNO,T2_SD_CNO,2026_06_22_merged.mat,OF1,2,5043,5043,252.10000000000002,252.10000000000002
R006,CNO,T2_SD_CNO,2026_06_22_merged.mat,OF1,2,5044,5044,252.15,252.15
R006,CNO,T2_SD_CNO,2026_06_22_merged.mat,OF1,2,5045,5045,252.20000000000002,252.20000000000002
R006,CNO,T2_SD_CNO,2026_06_22_merged.mat,OF1,2,5055,5055,252.70000000000002,252.70000000000002
R006,CNO,T2_SD_CNO,2026_06_22_merged.mat,OF1,2,5056,5056,252.75,252.75
R006,CNO,T2_SD_CNO,2026_06_22_merged.mat,OF1,2,5057,5057,252.8,252.8
R006,CNO,T2_SD_CNO,2026_06_22_merged.mat,OF1,2,5058,5058,252.85000000000002,252.85000000000002
R006,CNO,T2_SD_CNO,2026_06_22_merged.mat,OF1,2,5088,5088,254.35000000000002,254.35000000000002
R006,CNO,T2_SD_CNO,2026_06_22_merged.mat,OF1,2,5089,5089,254.4,254.4
R006,CNO,T2_SD_CNO,2026_06_22_merged.mat,OF1,2,5099,5099,254.9,254.9
R006,CNO,T2_SD_CNO,2026_06_22_merged.mat,OF1,2,5100,5100,254.95000000000002,254.95000000000002
R006,CNO,T2_SD_CNO,2026_06_22_merged.mat,OF1,2,5101,5101,255.0,255.0
R006,CNO,T2_SD_CNO,2026_06_22_merged.mat,OF1,1,5115,5115,255.70000000000002,255.70000000000002
R006,CNO,T2_SD_CNO,2026_06_22_merged.mat,OF1,1,5116,5116,255.75,255.75
R006,CNO,T2_SD_CNO,2026_06_22_merged.mat,OF1,1,5117,5117,255.8,255.8
R006,CNO,T2_SD_CNO,2026_06_22_merged.mat,OF1,1,5118,5118,255.85000000000002,255.85000000000002
R006,CNO,T2_SD_CNO,2026_06_22_merged.mat,OF1,2,5125,5125,256.2,256.2
R006,CNO,T2_SD_CNO,2026_06_22_merged.mat,OF1,2,5126,5126,256.25,256.25
R006,CNO,T2_SD_CNO,2026_06_22_merged.mat,OF1,2,5127,5127,256.3,256.3
R006,CNO,T2_SD_CNO,2026_06_22_merged.mat,OF1,1,5175,5175,258.7,258.7
R006,CNO,T2_SD_CNO,2026_06_22_merged.mat,OF1,1,5176,5176,258.75,258.75
R006,CNO,T2_SD_CNO,2026_06_22_merged.mat,OF1,2,5184,5184,259.15000000000003,259.15000000000003
R006,CNO,T2_SD_CNO,2026_06_22_merged.mat,OF1,2,5185,5185,259.2,259.2
R006,CNO,T2_SD_CNO,2026_06_22_merged.mat,OF1,1,5195,5195,259.7,259.7
R006,CNO,T2_SD_CNO,2026_06_22_merged.mat,OF1,1,5196,5196,259.75,259.75
R006,CNO,T2_SD_CNO,2026_06_22_merged.mat,OF1,1,5197,5197,259.8,259.8
R006,CNO,T2_SD_CNO,2026_06_22_merged.mat,OF1,2,5244,5244,262.15000000000003,262.15000000000003
R006,CNO,T2_SD_CNO,2026_06_22_merged.mat,OF1,2,5245,5245,262.2,262.2
R006,CNO,T2_SD_CNO,2026_06_22_merged.mat,OF1,2,5246,5246,262.25,262.25
R006,CNO,T2_SD_CNO,2026_06_22_merged.mat,OF1,2,5247,5247,262.3,262.3
R006,CNO,T2_SD_CNO,2026_06_22_merged.mat,OF1,2,5248,5248,262.35,262.35
R006,CNO,T2_SD_CNO,2026_06_22_merged.mat,OF1,2,5249,5249,262.40000000000003,262.40000000000003
R006,CNO,T2_SD_CNO,2026_06_22_merged.mat,OF1,2,5250,5250,262.45,262.45
R006,CNO,T2_SD_CNO,2026_06_22_merged.mat,OF1,2,5261,5261,263.0,263.0
R006,CNO,T2_SD_CNO,2026_06_22_merged.mat,OF1,2,5262,5262,263.05,263.05
R006,CNO,T2_SD_CNO,2026_06_22_merged.mat,OF1,2,5288,5288,264.35,264.35
R006,CNO,T2_SD_CNO,2026_06_22_merged.mat,OF1,2,5289,5289,264.40000000000003,264.40000000000003
R006,CNO,T2_SD_CNO,2026_06_22_merged.mat,OF1,2,5290,5290,264.45,264.45
R006,CNO,T2_SD_CNO,2026_06_22_merged.mat,OF1,2,5291,5291,264.5,264.5
R006,CNO,T2_SD_CNO,2026_06_22_merged.mat,OF1,2,5292,5292,264.55,264.55
R006,CNO,T2_SD_CNO,2026_06_22_merged.mat,OF1,2,5293,5293,264.6,264.6
R006,CNO,T2_SD_CNO,2026_06_22_merged.mat,OF1,2,5300,5300,264.95,264.95
R006,CNO,T2_SD_CNO,2026_06_22_merged.mat,OF1,2,5301,5301,265.0,265.0
R006,CNO,T2_SD_CNO,2026_06_22_merged.mat,OF1,2,5302,5302,265.05,265.05
R006,CNO,T2_SD_CNO,2026_06_22_merged.mat,OF1,2,5318,5318,265.85,265.85
R006,CNO,T2_SD_CNO,2026_06_22_merged.mat,OF1,2,5319,5319,265.90000000000003,265.90000000000003
R006,CNO,T2_SD_CNO,2026_06_22_merged.mat,OF1,2,5320,5320,265.95,265.95
R006,CNO,T2_SD_CNO,2026_06_22_merged.mat,OF1,2,5321,5321,266.0,266.0
R006,CNO,T2_SD_CNO,2026_06_22_merged.mat,OF1,2,5333,5333,266.6,266.6
R006,CNO,T2_SD_CNO,2026_06_22_merged.mat,OF1,2,5334,5334,266.65000000000003,266.65000000000003
R006,CNO,T2_SD_CNO,2026_06_22_merged.mat,OF1,2,5335,5335,266.7,266.7
R006,CNO,T2_SD_CNO,2026_06_22_merged.mat,OF1,2,5344,5344,267.15000000000003,267.15000000000003
R006,CNO,T2_SD_CNO,2026_06_22_merged.mat,OF1,2,5345,5345,267.2,267.2
R006,CNO,T2_SD_CNO,2026_06_22_merged.mat,OF1,2,5366,5366,268.25,268.25
R006,CNO,T2_SD_CNO,2026_06_22_merged.mat,OF1,2,5367,5367,268.3,268.3
R006,CNO,T2_SD_CNO,2026_06_22_merged.mat,OF1,2,5368,5368,268.35,268.35
R006,CNO,T2_SD_CNO,2026_06_22_merged.mat,OF1,2,5370,5370,268.45,268.45
R006,CNO,T2_SD_CNO,2026_06_22_merged.mat,OF1,2,5410,5410,270.45,270.45
R006,CNO,T2_SD_CNO,2026_06_22_merged.mat,OF1,1,5417,5417,270.8,270.8
R006,CNO,T2_SD_CNO,2026_06_22_merged.mat,OF1,1,5418,5418,270.85,270.85
R006,CNO,T2_SD_CNO,2026_06_22_merged.mat,OF1,2,5425,5425,271.2,271.2
R006,CNO,T2_SD_CNO,2026_06_22_merged.mat,OF1,2,5438,5438,271.85,271.85
R006,CNO,T2_SD_CNO,2026_06_22_merged.mat,OF1,2,5439,5439,271.90000000000003,271.90000000000003
R006,CNO,T2_SD_CNO,2026_06_22_merged.mat,OF1,2,5440,5440,271.95,271.95
R006,CNO,T2_SD_CNO,2026_06_22_merged.mat,OF1,2,5441,5441,272.0,272.0
R006,CNO,T2_SD_CNO,2026_06_22_merged.mat,OF1,2,5442,5442,272.05,272.05
R006,CNO,T2_SD_CNO,2026_06_22_merged.mat,OF1,2,5443,5443,272.1,272.1
R006,CNO,T2_SD_CNO,2026_06_22_merged.mat,OF1,2,5444,5444,272.15000000000003,272.15000000000003
R006,CNO,T2_SD_CNO,2026_06_22_merged.mat,OF1,2,5454,5454,272.65000000000003,272.65000000000003
R006,CNO,T2_SD_CNO,2026_06_22_merged.mat,OF1,2,5474,5474,273.65000000000003,273.65000000000003
R006,CNO,T2_SD_CNO,2026_06_22_merged.mat,OF1,2,5475,5475,273.7,273.7
R006,CNO,T2_SD_CNO,2026_06_22_merged.mat,OF1,2,5476,5476,273.75,273.75
R006,CNO,T2_SD_CNO,2026_06_22_merged.mat,OF1,2,5496,5496,274.75,274.75
R006,CNO,T2_SD_CNO,2026_06_22_merged.mat,OF1,1,5513,5513,275.6,275.6
R006,CNO,T2_SD_CNO,2026_06_22_merged.mat,OF1,1,5514,5514,275.65000000000003,275.65000000000003
R006,CNO,T2_SD_CNO,2026_06_22_merged.mat,OF1,1,5515,5515,275.7,275.7
R006,CNO,T2_SD_CNO,2026_06_22_merged.mat,OF1,1,5516,5516,275.75,275.75
R006,CNO,T2_SD_CNO,2026_06_22_merged.mat,OF1,2,5538,5538,276.85,276.85
R006,CNO,T2_SD_CNO,2026_06_22_merged.mat,OF1,2,5539,5539,276.90000000000003,276.90000000000003
R006,CNO,T2_SD_CNO,2026_06_22_merged.mat,OF1,2,5540,5540,276.95,276.95
R006,CNO,T2_SD_CNO,2026_06_22_merged.mat,OF1,2,5563,5563,278.1,278.1
R006,CNO,T2_SD_CNO,2026_06_22_merged.mat,OF1,2,5565,5565,278.2,278.2
R006,CNO,T2_SD_CNO,2026_06_22_merged.mat,OF1,2,5566,5566,278.25,278.25
R006,CNO,T2_SD_CNO,2026_06_22_merged.mat,OF1,2,5567,5567,278.3,278.3
R006,CNO,T2_SD_CNO,2026_06_22_merged.mat,OF1,2,5568,5568,278.35,278.35
R006,CNO,T2_SD_CNO,2026_06_22_merged.mat,OF1,2,5569,5569,278.40000000000003,278.40000000000003
R006,CNO,T2_SD_CNO,2026_06_22_merged.mat,OF1,2,5586,5586,279.25,279.25
R006,CNO,T2_SD_CNO,2026_06_22_merged.mat,OF1,2,5587,5587,279.3,279.3
R006,CNO,T2_SD_CNO,2026_06_22_merged.mat,OF1,2,5588,5588,279.35,279.35
R006,CNO,T2_SD_CNO,2026_06_22_merged.mat,OF1,1,5593,5593,279.6,279.6
R006,CNO,T2_SD_CNO,2026_06_22_merged.mat,OF1,2,5602,5602,280.05,280.05
R006,CNO,T2_SD_CNO,2026_06_22_merged.mat,OF1,1,5621,5621,281.0,281.0
R006,CNO,T2_SD_CNO,2026_06_22_merged.mat,OF1,1,5622,5622,281.05,281.05
R006,CNO,T2_SD_CNO,2026_06_22_merged.mat,OF1,2,5631,5631,281.5,281.5
R006,CNO,T2_SD_CNO,2026_06_22_merged.mat,OF1,2,5632,5632,281.55,281.55
R006,CNO,T2_SD_CNO,2026_06_22_merged.mat,OF1,2,5633,5633,281.6,281.6
R006,CNO,T2_SD_CNO,2026_06_22_merged.mat,OF1,2,5634,5634,281.65000000000003,281.65000000000003
R006,CNO,T2_SD_CNO,2026_06_22_merged.mat,OF1,2,5635,5635,281.7,281.7
R006,CNO,T2_SD_CNO,2026_06_22_merged.mat,OF1,2,5636,5636,281.75,281.75
R006,CNO,T2_SD_CNO,2026_06_22_merged.mat,OF1,2,5637,5637,281.8,281.8
R006,CNO,T2_SD_CNO,2026_06_22_merged.mat,OF1,1,5652,5652,282.55,282.55
R006,CNO,T2_SD_CNO,2026_06_22_merged.mat,OF1,1,5653,5653,282.6,282.6
R006,CNO,T2_SD_CNO,2026_06_22_merged.mat,OF1,1,5654,5654,282.65000000000003,282.65000000000003
R006,CNO,T2_SD_CNO,2026_06_22_merged.mat,OF1,1,5655,5655,282.7,282.7
R006,CNO,T2_SD_CNO,2026_06_22_merged.mat,OF1,1,5690,5690,284.45,284.45
R006,CNO,T2_SD_CNO,2026_06_22_merged.mat,OF1,1,5691,5691,284.5,284.5
R006,CNO,T2_SD_CNO,2026_06_22_merged.mat,OF1,1,5699,5699,284.90000000000003,284.90000000000003
R006,CNO,T2_SD_CNO,2026_06_22_merged.mat,OF1,2,5716,5716,285.75,285.75
R006,CNO,T2_SD_CNO,2026_06_22_merged.mat,OF1,1,5741,5741,287.0,287.0
R006,CNO,T2_SD_CNO,2026_06_22_merged.mat,OF1,1,5742,5742,287.05,287.05
R006,CNO,T2_SD_CNO,2026_06_22_merged.mat,OF1,1,5743,5743,287.1,287.1
R006,CNO,T2_SD_CNO,2026_06_22_merged.mat,OF1,1,5744,5744,287.15000000000003,287.15000000000003
R006,CNO,T2_SD_CNO,2026_06_22_merged.mat,OF1,2,5783,5783,289.1,289.1
R006,CNO,T2_SD_CNO,2026_06_22_merged.mat,OF1,2,5784,5784,289.15000000000003,289.15000000000003
R006,CNO,T2_SD_CNO,2026_06_22_merged.mat,OF1,2,5785,5785,289.2,289.2
R006,CNO,T2_SD_CNO,2026_06_22_merged.mat,OF1,2,5786,5786,289.25,289.25
R006,CNO,T2_SD_CNO,2026_06_22_merged.mat,OF1,2,5787,5787,289.3,289.3
R006,CNO,T2_SD_CNO,2026_06_22_merged.mat,OF1,2,5788,5788,289.35,289.35
R006,CNO,T2_SD_CNO,2026_06_22_merged.mat,OF1,2,5789,5789,289.40000000000003,289.40000000000003
R006,CNO,T2_SD_CNO,2026_06_22_merged.mat,OF1,2,5790,5790,289.45,289.45
R006,CNO,T2_SD_CNO,2026_06_22_merged.mat,OF1,2,5791,5791,289.5,289.5
R006,CNO,T2_SD_CNO,2026_06_22_merged.mat,OF1,2,5804,5804,290.15000000000003,290.15000000000003
R006,CNO,T2_SD_CNO,2026_06_22_merged.mat,OF1,2,5829,5829,291.40000000000003,291.40000000000003
R006,CNO,T2_SD_CNO,2026_06_22_merged.mat,OF1,2,5851,5851,292.5,292.5
R006,CNO,T2_SD_CNO,2026_06_22_merged.mat,OF1,1,5878,5878,293.85,293.85
R006,CNO,T2_SD_CNO,2026_06_22_merged.mat,OF1,2,5905,5905,295.2,295.2
R006,CNO,T2_SD_CNO,2026_06_22_merged.mat,OF1,2,5906,5906,295.25,295.25
R006,CNO,T2_SD_CNO,2026_06_22_merged.mat,OF1,2,5907,5907,295.3,295.3
R006,CNO,T2_SD_CNO,2026_06_22_merged.mat,OF1,2,5915,5915,295.7,295.7
R006,CNO,T2_SD_CNO,2026_06_22_merged.mat,OF1,2,5916,5916,295.75,295.75
R006,CNO,T2_SD_CNO,2026_06_22_merged.mat,OF1,2,5917,5917,295.8,295.8
R006,CNO,T2_SD_CNO,2026_06_22_merged.mat,OF1,1,5939,5939,296.90000000000003,296.90000000000003
R006,CNO,T2_SD_CNO,2026_06_22_merged.mat,OF1,2,5946,5946,297.25,297.25
R006,CNO,T2_SD_CNO,2026_06_22_merged.mat,OF1,2,5999,5999,299.90000000000003,299.90000000000003
R006,CNO,T2_SD_CNO,2026_06_22_merged.mat,OF1,2,6000,6000,299.95,299.95
R006,CNO,T2_SD_CNO,2026_06_22_merged.mat,OF1,1,6007,6007,300.3,300.3
R006,CNO,T2_SD_CNO,2026_06_22_merged.mat,OF1,1,6008,6008,300.35,300.35
R006,CNO,T2_SD_CNO,2026_06_22_merged.mat,OF1,2,6025,6025,301.2,301.2
R006,CNO,T2_SD_CNO,2026_06_22_merged.mat,OF1,2,6026,6026,301.25,301.25
R006,CNO,T2_SD_CNO,2026_06_22_merged.mat,OF1,2,6027,6027,301.3,301.3
R006,CNO,T2_SD_CNO,2026_06_22_merged.mat,OF1,2,6028,6028,301.35,301.35
R006,CNO,T2_SD_CNO,2026_06_22_merged.mat,OF1,2,6029,6029,301.40000000000003,301.40000000000003
R006,CNO,T2_SD_CNO,2026_06_22_merged.mat,OF1,2,6030,6030,301.45,301.45
R006,CNO,T2_SD_CNO,2026_06_22_merged.mat,OF1,1,6052,6052,302.55,302.55
R006,CNO,T2_SD_CNO,2026_06_22_merged.mat,OF1,1,6053,6053,302.6,302.6
R006,CNO,T2_SD_CNO,2026_06_22_merged.mat,OF1,1,6054,6054,302.65000000000003,302.65000000000003
R006,CNO,T2_SD_CNO,2026_06_22_merged.mat,OF1,1,6055,6055,302.7,302.7
R006,CNO,T2_SD_CNO,2026_06_22_merged.mat,OF1,1,6056,6056,302.75,302.75
R006,CNO,T2_SD_CNO,2026_06_22_merged.mat,OF1,1,6116,6116,305.75,305.75
R006,CNO,T2_SD_CNO,2026_06_22_merged.mat,OF1,2,6148,6148,307.35,307.35
R006,CNO,T2_SD_CNO,2026_06_22_merged.mat,OF1,2,6149,6149,307.40000000000003,307.40000000000003
R006,CNO,T2_SD_CNO,2026_06_22_merged.mat,OF1,2,6150,6150,307.45000000000005,307.45000000000005
R006,CNO,T2_SD_CNO,2026_06_22_merged.mat,OF1,2,6249,6249,312.40000000000003,312.40000000000003
R006,CNO,T2_SD_CNO,2026_06_22_merged.mat,OF1,2,6250,6250,312.45000000000005,312.45000000000005
R006,CNO,T2_SD_CNO,2026_06_22_merged.mat,OF1,2,6251,6251,312.5,312.5
R006,CNO,T2_SD_CNO,2026_06_22_merged.mat,OF1,2,6252,6252,312.55,312.55
R006,CNO,T2_SD_CNO,2026_06_22_merged.mat,OF1,2,6275,6275,313.70000000000005,313.70000000000005
R006,CNO,T2_SD_CNO,2026_06_22_merged.mat,OF1,2,6276,6276,313.75,313.75
R006,CNO,T2_SD_CNO,2026_06_22_merged.mat,OF1,2,6277,6277,313.8,313.8
R006,CNO,T2_SD_CNO,2026_06_22_merged.mat,OF1,2,6289,6289,314.40000000000003,314.40000000000003
R006,CNO,T2_SD_CNO,2026_06_22_merged.mat,OF1,2,6290,6290,314.45000000000005,314.45000000000005
R006,CNO,T2_SD_CNO,2026_06_22_merged.mat,OF1,2,6291,6291,314.5,314.5
R006,CNO,T2_SD_CNO,2026_06_22_merged.mat,OF1,1,6339,6339,316.90000000000003,316.90000000000003
R006,CNO,T2_SD_CNO,2026_06_22_merged.mat,OF1,1,6382,6382,319.05,319.05
R006,CNO,T2_SD_CNO,2026_06_22_merged.mat,OF1,1,6383,6383,319.1,319.1
R006,CNO,T2_SD_CNO,2026_06_22_merged.mat,OF1,1,6385,6385,319.20000000000005,319.20000000000005
R006,CNO,T2_SD_CNO,2026_06_22_merged.mat,OF1,1,6386,6386,319.25,319.25
R006,CNO,T2_SD_CNO,2026_06_22_merged.mat,OF1,1,6387,6387,319.3,319.3
R006,CNO,T2_SD_CNO,2026_06_22_merged.mat,OF1,1,6388,6388,319.35,319.35
R006,CNO,T2_SD_CNO,2026_06_22_merged.mat,OF1,1,6389,6389,319.40000000000003,319.40000000000003
R006,CNO,T2_SD_CNO,2026_06_22_merged.mat,OF1,1,6390,6390,319.45000000000005,319.45000000000005
R006,CNO,T2_SD_CNO,2026_06_22_merged.mat,OF1,1,6403,6403,320.1,320.1
R006,CNO,T2_SD_CNO,2026_06_22_merged.mat,OF1,1,6404,6404,320.15000000000003,320.15000000000003
R006,CNO,T2_SD_CNO,2026_06_22_merged.mat,OF1,1,6405,6405,320.20000000000005,320.20000000000005
R006,CNO,T2_SD_CNO,2026_06_22_merged.mat,OF1,1,6406,6406,320.25,320.25
R006,CNO,T2_SD_CNO,2026_06_22_merged.mat,OF1,1,6409,6409,320.40000000000003,320.40000000000003
R006,CNO,T2_SD_CNO,2026_06_22_merged.mat,OF1,2,6440,6440,321.95000000000005,321.95000000000005
R006,CNO,T2_SD_CNO,2026_06_22_merged.mat,OF1,2,6441,6441,322.0,322.0
R006,CNO,T2_SD_CNO,2026_06_22_merged.mat,OF1,2,6442,6442,322.05,322.05
R006,CNO,T2_SD_CNO,2026_06_22_merged.mat,OF1,2,6443,6443,322.1,322.1
R006,CNO,T2_SD_CNO,2026_06_22_merged.mat,OF1,2,6444,6444,322.15000000000003,322.15000000000003
R006,CNO,T2_SD_CNO,2026_06_22_merged.mat,OF1,2,6454,6454,322.65000000000003,322.65000000000003
R006,CNO,T2_SD_CNO,2026_06_22_merged.mat,OF1,2,6455,6455,322.70000000000005,322.70000000000005
R006,CNO,T2_SD_CNO,2026_06_22_merged.mat,OF1,2,6456,6456,322.75,322.75
R006,CNO,T2_SD_CNO,2026_06_22_merged.mat,OF1,2,6466,6466,323.25,323.25
R006,CNO,T2_SD_CNO,2026_06_22_merged.mat,OF1,1,6474,6474,323.65000000000003,323.65000000000003
R006,CNO,T2_SD_CNO,2026_06_22_merged.mat,OF1,1,6475,6475,323.70000000000005,323.70000000000005
R006,CNO,T2_SD_CNO,2026_06_22_merged.mat,OF1,1,6487,6487,324.3,324.3
R006,CNO,T2_SD_CNO,2026_06_22_merged.mat,OF1,1,6488,6488,324.35,324.35
R006,CNO,T2_SD_CNO,2026_06_22_merged.mat,OF1,1,6489,6489,324.40000000000003,324.40000000000003
R006,CNO,T2_SD_CNO,2026_06_22_merged.mat,OF1,1,6490,6490,324.45000000000005,324.45000000000005
R006,CNO,T2_SD_CNO,2026_06_22_merged.mat,OF1,1,6499,6499,324.90000000000003,324.90000000000003
R006,CNO,T2_SD_CNO,2026_06_22_merged.mat,OF1,1,6503,6503,325.1000000000001,325.1000000000001
R006,CNO,T2_SD_CNO,2026_06_22_merged.mat,OF1,2,6548,6548,327.3500000000001,327.3500000000001
R006,CNO,T2_SD_CNO,2026_06_22_merged.mat,OF1,2,6549,6549,327.4000000000001,327.4000000000001
R006,CNO,T2_SD_CNO,2026_06_22_merged.mat,OF1,2,6550,6550,327.45000000000005,327.45000000000005
R006,CNO,T2_SD_CNO,2026_06_22_merged.mat,OF1,1,6557,6557,327.80000000000007,327.80000000000007
R006,CNO,T2_SD_CNO,2026_06_22_merged.mat,OF1,1,6568,6568,328.3500000000001,328.3500000000001
R006,CNO,T2_SD_CNO,2026_06_22_merged.mat,OF1,1,6569,6569,328.4000000000001,328.4000000000001
R006,CNO,T2_SD_CNO,2026_06_22_merged.mat,OF1,1,6570,6570,328.45000000000005,328.45000000000005
R006,CNO,T2_SD_CNO,2026_06_22_merged.mat,OF1,1,6571,6571,328.50000000000006,328.50000000000006
R006,CNO,T2_SD_CNO,2026_06_22_merged.mat,OF1,1,6572,6572,328.55000000000007,328.55000000000007
R006,CNO,T2_SD_CNO,2026_06_22_merged.mat,OF1,1,6583,6583,329.1000000000001,329.1000000000001
R006,CNO,T2_SD_CNO,2026_06_22_merged.mat,OF1,1,6584,6584,329.1500000000001,329.1500000000001
R006,CNO,T2_SD_CNO,2026_06_22_merged.mat,OF1,1,6594,6594,329.6500000000001,329.6500000000001
R006,CNO,T2_SD_CNO,2026_06_22_merged.mat,OF1,1,6605,6605,330.20000000000005,330.20000000000005
R006,CNO,T2_SD_CNO,2026_06_22_merged.mat,OF1,1,6647,6647,332.30000000000007,332.30000000000007
R006,CNO,T2_SD_CNO,2026_06_22_merged.mat,OF1,1,6648,6648,332.3500000000001,332.3500000000001
R006,CNO,T2_SD_CNO,2026_06_22_merged.mat,OF1,1,6671,6671,333.50000000000006,333.50000000000006
R006,CNO,T2_SD_CNO,2026_06_22_merged.mat,OF1,1,6672,6672,333.55000000000007,333.55000000000007
R006,CNO,T2_SD_CNO,2026_06_22_merged.mat,OF1,1,6673,6673,333.6000000000001,333.6000000000001
R006,CNO,T2_SD_CNO,2026_06_22_merged.mat,OF1,1,6674,6674,333.6500000000001,333.6500000000001
R006,CNO,T2_SD_CNO,2026_06_22_merged.mat,OF1,1,6675,6675,333.70000000000005,333.70000000000005
R006,CNO,T2_SD_CNO,2026_06_22_merged.mat,OF1,1,6695,6695,334.70000000000005,334.70000000000005
R006,CNO,T2_SD_CNO,2026_06_22_merged.mat,OF1,1,6696,6696,334.75000000000006,334.75000000000006
R006,CNO,T2_SD_CNO,2026_06_22_merged.mat,OF1,1,6697,6697,334.80000000000007,334.80000000000007
R006,CNO,T2_SD_CNO,2026_06_22_merged.mat,OF1,1,6728,6728,336.3500000000001,336.3500000000001
R006,CNO,T2_SD_CNO,2026_06_22_merged.mat,OF1,1,6737,6737,336.80000000000007,336.80000000000007
R006,CNO,T2_SD_CNO,2026_06_22_merged.mat,OF1,1,6793,6793,339.6000000000001,339.6000000000001
R006,CNO,T2_SD_CNO,2026_06_22_merged.mat,OF1,1,6809,6809,340.4000000000001,340.4000000000001
R006,CNO,T2_SD_CNO,2026_06_22_merged.mat,OF1,1,6810,6810,340.45000000000005,340.45000000000005
R006,CNO,T2_SD_CNO,2026_06_22_merged.mat,OF1,1,6811,6811,340.50000000000006,340.50000000000006
R006,CNO,T2_SD_CNO,2026_06_22_merged.mat,OF1,1,6819,6819,340.9000000000001,340.9000000000001
R006,CNO,T2_SD_CNO,2026_06_22_merged.mat,OF1,1,6820,6820,340.95000000000005,340.95000000000005
R006,CNO,T2_SD_CNO,2026_06_22_merged.mat,OF1,1,6821,6821,341.00000000000006,341.00000000000006
R006,CNO,T2_SD_CNO,2026_06_22_merged.mat,OF1,1,6822,6822,341.05000000000007,341.05000000000007
R006,CNO,T2_SD_CNO,2026_06_22_merged.mat,OF1,1,6823,6823,341.1000000000001,341.1000000000001
R006,CNO,T2_SD_CNO,2026_06_22_merged.mat,OF1,1,6853,6853,342.6000000000001,342.6000000000001
R006,CNO,T2_SD_CNO,2026_06_22_merged.mat,OF1,1,6854,6854,342.6500000000001,342.6500000000001
R006,CNO,T2_SD_CNO,2026_06_22_merged.mat,OF1,1,6855,6855,342.70000000000005,342.70000000000005
R006,CNO,T2_SD_CNO,2026_06_22_merged.mat,OF1,1,6856,6856,342.75000000000006,342.75000000000006
R006,CNO,T2_SD_CNO,2026_06_22_merged.mat,OF1,1,6857,6857,342.80000000000007,342.80000000000007
R006,CNO,T2_SD_CNO,2026_06_22_merged.mat,OF1,1,6858,6858,342.8500000000001,342.8500000000001
R006,CNO,T2_SD_CNO,2026_06_22_merged.mat,OF1,1,6903,6903,345.1000000000001,345.1000000000001
R006,CNO,T2_SD_CNO,2026_06_22_merged.mat,OF1,1,6917,6917,345.80000000000007,345.80000000000007
R006,CNO,T2_SD_CNO,2026_06_22_merged.mat,OF1,1,6963,6963,348.1000000000001,348.1000000000001
R006,CNO,T2_SD_CNO,2026_06_22_merged.mat,OF1,1,6964,6964,348.1500000000001,348.1500000000001
R006,CNO,T2_SD_CNO,2026_06_22_merged.mat,OF1,2,7014,7014,350.6500000000001,350.6500000000001
R006,CNO,T2_SD_CNO,2026_06_22_merged.mat,OF1,2,7015,7015,350.7000000000001,350.7000000000001
R006,CNO,T2_SD_CNO,2026_06_22_merged.mat,OF1,1,7023,7023,351.1000000000001,351.1000000000001
R006,CNO,T2_SD_CNO,2026_06_22_merged.mat,OF1,1,7024,7024,351.1500000000001,351.1500000000001
R006,CNO,T2_SD_CNO,2026_06_22_merged.mat,OF1,1,7025,7025,351.2000000000001,351.2000000000001
R006,CNO,T2_SD_CNO,2026_06_22_merged.mat,OF1,1,7026,7026,351.25000000000006,351.25000000000006
R006,CNO,T2_SD_CNO,2026_06_22_merged.mat,OF1,1,7027,7027,351.30000000000007,351.30000000000007
R006,CNO,T2_SD_CNO,2026_06_22_merged.mat,OF1,1,7028,7028,351.3500000000001,351.3500000000001
R006,CNO,T2_SD_CNO,2026_06_22_merged.mat,OF1,1,7029,7029,351.4000000000001,351.4000000000001
R006,CNO,T2_SD_CNO,2026_06_22_merged.mat,OF1,1,7039,7039,351.9000000000001,351.9000000000001
R006,CNO,T2_SD_CNO,2026_06_22_merged.mat,OF1,1,7040,7040,351.9500000000001,351.9500000000001
R006,CNO,T2_SD_CNO,2026_06_22_merged.mat,OF1,2,7063,7063,353.1000000000001,353.1000000000001
R006,CNO,T2_SD_CNO,2026_06_22_merged.mat,OF1,2,7064,7064,353.1500000000001,353.1500000000001
R006,CNO,T2_SD_CNO,2026_06_22_merged.mat,OF1,1,7070,7070,353.4500000000001,353.4500000000001
R006,CNO,T2_SD_CNO,2026_06_22_merged.mat,OF1,1,7081,7081,354.00000000000006,354.00000000000006
R006,CNO,T2_SD_CNO,2026_06_22_merged.mat,OF1,1,7082,7082,354.05000000000007,354.05000000000007
R006,CNO,T2_SD_CNO,2026_06_22_merged.mat,OF1,1,7083,7083,354.1000000000001,354.1000000000001
R006,CNO,T2_SD_CNO,2026_06_22_merged.mat,OF1,1,7084,7084,354.1500000000001,354.1500000000001
R006,CNO,T2_SD_CNO,2026_06_22_merged.mat,OF1,2,7097,7097,354.80000000000007,354.80000000000007
R006,CNO,T2_SD_CNO,2026_06_22_merged.mat,OF1,1,7104,7104,355.1500000000001,355.1500000000001
R006,CNO,T2_SD_CNO,2026_06_22_merged.mat,OF1,1,7129,7129,356.4000000000001,356.4000000000001
R006,CNO,T2_SD_CNO,2026_06_22_merged.mat,OF1,1,7130,7130,356.4500000000001,356.4500000000001
R006,CNO,T2_SD_CNO,2026_06_22_merged.mat,OF1,2,7138,7138,356.8500000000001,356.8500000000001
R006,CNO,T2_SD_CNO,2026_06_22_merged.mat,OF1,2,7139,7139,356.9000000000001,356.9000000000001
R006,CNO,T2_SD_CNO,2026_06_22_merged.mat,OF1,1,7209,7209,360.4000000000001,360.4000000000001
R006,CNO,T2_SD_CNO,2026_06_22_merged.mat,OF1,1,7221,7221,361.00000000000006,361.00000000000006
R006,CNO,T2_SD_CNO,2026_06_22_merged.mat,OF1,1,7222,7222,361.05000000000007,361.05000000000007
R006,CNO,T2_SD_CNO,2026_06_22_merged.mat,OF1,1,7265,7265,363.2000000000001,363.2000000000001
R006,CNO,T2_SD_CNO,2026_06_22_merged.mat,OF1,1,7277,7277,363.80000000000007,363.80000000000007
R006,CNO,T2_SD_CNO,2026_06_22_merged.mat,OF1,1,7278,7278,363.8500000000001,363.8500000000001
R006,CNO,T2_SD_CNO,2026_06_22_merged.mat,OF1,1,7279,7279,363.9000000000001,363.9000000000001
R006,CNO,T2_SD_CNO,2026_06_22_merged.mat,OF1,2,7295,7295,364.7000000000001,364.7000000000001
R006,CNO,T2_SD_CNO,2026_06_22_merged.mat,OF1,2,7296,7296,364.75000000000006,364.75000000000006
R006,CNO,T2_SD_CNO,2026_06_22_merged.mat,OF1,2,7307,7307,365.30000000000007,365.30000000000007
R006,CNO,T2_SD_CNO,2026_06_22_merged.mat,OF1,2,7342,7342,367.05000000000007,367.05000000000007
R006,CNO,T2_SD_CNO,2026_06_22_merged.mat,OF1,2,7343,7343,367.1000000000001,367.1000000000001
R006,CNO,T2_SD_CNO,2026_06_22_merged.mat,OF1,2,7344,7344,367.1500000000001,367.1500000000001
R006,CNO,T2_SD_CNO,2026_06_22_merged.mat,OF1,2,7345,7345,367.2000000000001,367.2000000000001
R006,CNO,T2_SD_CNO,2026_06_22_merged.mat,OF1,2,7358,7358,367.8500000000001,367.8500000000001
R006,CNO,T2_SD_CNO,2026_06_22_merged.mat,OF1,2,7359,7359,367.9000000000001,367.9000000000001
R006,CNO,T2_SD_CNO,2026_06_22_merged.mat,OF1,2,7360,7360,367.9500000000001,367.9500000000001
R006,CNO,T2_SD_CNO,2026_06_22_merged.mat,OF1,2,7361,7361,368.00000000000006,368.00000000000006
R006,CNO,T2_SD_CNO,2026_06_22_merged.mat,OF1,2,7373,7373,368.6000000000001,368.6000000000001
R006,CNO,T2_SD_CNO,2026_06_22_merged.mat,OF1,2,7374,7374,368.6500000000001,368.6500000000001
R006,CNO,T2_SD_CNO,2026_06_22_merged.mat,OF1,2,7382,7382,369.05000000000007,369.05000000000007
R006,CNO,T2_SD_CNO,2026_06_22_merged.mat,OF1,2,7383,7383,369.1000000000001,369.1000000000001
R006,CNO,T2_SD_CNO,2026_06_22_merged.mat,OF1,2,7384,7384,369.1500000000001,369.1500000000001
R006,CNO,T2_SD_CNO,2026_06_22_merged.mat,OF1,2,7385,7385,369.2000000000001,369.2000000000001
R006,CNO,T2_SD_CNO,2026_06_22_merged.mat,OF1,1,7395,7395,369.7000000000001,369.7000000000001
R006,CNO,T2_SD_CNO,2026_06_22_merged.mat,OF1,1,7396,7396,369.75000000000006,369.75000000000006
R006,CNO,T2_SD_CNO,2026_06_22_merged.mat,OF1,1,7397,7397,369.80000000000007,369.80000000000007
R006,CNO,T2_SD_CNO,2026_06_22_merged.mat,OF1,1,7398,7398,369.8500000000001,369.8500000000001
R006,CNO,T2_SD_CNO,2026_06_22_merged.mat,OF1,1,7399,7399,369.9000000000001,369.9000000000001
R006,CNO,T2_SD_CNO,2026_06_22_merged.mat,OF1,1,7400,7400,369.9500000000001,369.9500000000001
R006,CNO,T2_SD_CNO,2026_06_22_merged.mat,OF1,1,7401,7401,370.00000000000006,370.00000000000006
R006,CNO,T2_SD_CNO,2026_06_22_merged.mat,OF1,2,7466,7466,373.25000000000006,373.25000000000006
R006,CNO,T2_SD_CNO,2026_06_22_merged.mat,OF1,2,7479,7479,373.9000000000001,373.9000000000001
R006,CNO,T2_SD_CNO,2026_06_22_merged.mat,OF1,2,7480,7480,373.9500000000001,373.9500000000001
R006,CNO,T2_SD_CNO,2026_06_22_merged.mat,OF1,2,7481,7481,374.00000000000006,374.00000000000006
R006,CNO,T2_SD_CNO,2026_06_22_merged.mat,OF1,2,7482,7482,374.05000000000007,374.05000000000007
R006,CNO,T2_SD_CNO,2026_06_22_merged.mat,OF1,1,7506,7506,375.25000000000006,375.25000000000006
R006,CNO,T2_SD_CNO,2026_06_22_merged.mat,OF1,1,7507,7507,375.30000000000007,375.30000000000007
R006,CNO,T2_SD_CNO,2026_06_22_merged.mat,OF1,1,7508,7508,375.3500000000001,375.3500000000001
R006,CNO,T2_SD_CNO,2026_06_22_merged.mat,OF1,1,7509,7509,375.4000000000001,375.4000000000001
R006,CNO,T2_SD_CNO,2026_06_22_merged.mat,OF1,1,7547,7547,377.30000000000007,377.30000000000007
R006,CNO,T2_SD_CNO,2026_06_22_merged.mat,OF1,1,7548,7548,377.3500000000001,377.3500000000001
R006,CNO,T2_SD_CNO,2026_06_22_merged.mat,OF1,2,7562,7562,378.05000000000007,378.05000000000007
R006,CNO,T2_SD_CNO,2026_06_22_merged.mat,OF1,2,7563,7563,378.1000000000001,378.1000000000001
R006,CNO,T2_SD_CNO,2026_06_22_merged.mat,OF1,2,7564,7564,378.1500000000001,378.1500000000001
R006,CNO,T2_SD_CNO,2026_06_22_merged.mat,OF1,2,7565,7565,378.2000000000001,378.2000000000001
R006,CNO,T2_SD_CNO,2026_06_22_merged.mat,OF1,2,7581,7581,379.00000000000006,379.00000000000006
R006,CNO,T2_SD_CNO,2026_06_22_merged.mat,OF1,2,7626,7626,381.25000000000006,381.25000000000006
R006,CNO,T2_SD_CNO,2026_06_22_merged.mat,OF1,1,7636,7636,381.75000000000006,381.75000000000006
R006,CNO,T2_SD_CNO,2026_06_22_merged.mat,OF1,2,7648,7648,382.3500000000001,382.3500000000001
R006,CNO,T2_SD_CNO,2026_06_22_merged.mat,OF1,2,7649,7649,382.4000000000001,382.4000000000001
R006,CNO,T2_SD_CNO,2026_06_22_merged.mat,OF1,2,7650,7650,382.4500000000001,382.4500000000001
R006,CNO,T2_SD_CNO,2026_06_22_merged.mat,OF1,2,7651,7651,382.50000000000006,382.50000000000006
R006,CNO,T2_SD_CNO,2026_06_22_merged.mat,OF1,2,7663,7663,383.1000000000001,383.1000000000001
R006,CNO,T2_SD_CNO,2026_06_22_merged.mat,OF1,2,7692,7692,384.55000000000007,384.55000000000007
R006,CNO,T2_SD_CNO,2026_06_22_merged.mat,OF1,2,7693,7693,384.6000000000001,384.6000000000001
R006,CNO,T2_SD_CNO,2026_06_22_merged.mat,OF1,2,7694,7694,384.6500000000001,384.6500000000001
R006,CNO,T2_SD_CNO,2026_06_22_merged.mat,OF1,2,7695,7695,384.7000000000001,384.7000000000001
R006,CNO,T2_SD_CNO,2026_06_22_merged.mat,OF1,2,7696,7696,384.75000000000006,384.75000000000006
R006,CNO,T2_SD_CNO,2026_06_22_merged.mat,OF1,1,7702,7702,385.05000000000007,385.05000000000007
R006,CNO,T2_SD_CNO,2026_06_22_merged.mat,OF1,2,7743,7743,387.1000000000001,387.1000000000001
R006,CNO,T2_SD_CNO,2026_06_22_merged.mat,OF1,2,7744,7744,387.1500000000001,387.1500000000001
R006,CNO,T2_SD_CNO,2026_06_22_merged.mat,OF1,2,7745,7745,387.2000000000001,387.2000000000001
R006,CNO,T2_SD_CNO,2026_06_22_merged.mat,OF1,2,7746,7746,387.25000000000006,387.25000000000006
R006,CNO,T2_SD_CNO,2026_06_22_merged.mat,OF1,2,7747,7747,387.30000000000007,387.30000000000007
R006,CNO,T2_SD_CNO,2026_06_22_merged.mat,OF1,2,7748,7748,387.3500000000001,387.3500000000001
R006,CNO,T2_SD_CNO,2026_06_22_merged.mat,OF1,2,7785,7785,389.2000000000001,389.2000000000001
R006,CNO,T2_SD_CNO,2026_06_22_merged.mat,OF1,1,7794,7794,389.6500000000001,389.6500000000001
R006,CNO,T2_SD_CNO,2026_06_22_merged.mat,OF1,1,7795,7795,389.7000000000001,389.7000000000001
R006,CNO,T2_SD_CNO,2026_06_22_merged.mat,OF1,1,7796,7796,389.75000000000006,389.75000000000006
R006,CNO,T2_SD_CNO,2026_06_22_merged.mat,OF1,1,7797,7797,389.80000000000007,389.80000000000007
R006,CNO,T2_SD_CNO,2026_06_22_merged.mat,OF1,1,7798,7798,389.8500000000001,389.8500000000001
R006,CNO,T2_SD_CNO,2026_06_22_merged.mat,OF1,1,7799,7799,389.9000000000001,389.9000000000001
R006,CNO,T2_SD_CNO,2026_06_22_merged.mat,OF1,2,7855,7855,392.7000000000001,392.7000000000001
R006,CNO,T2_SD_CNO,2026_06_22_merged.mat,OF1,2,7856,7856,392.75000000000006,392.75000000000006
R006,CNO,T2_SD_CNO,2026_06_22_merged.mat,OF1,2,7857,7857,392.80000000000007,392.80000000000007
R006,CNO,T2_SD_CNO,2026_06_22_merged.mat,OF1,2,7858,7858,392.8500000000001,392.8500000000001
R006,CNO,T2_SD_CNO,2026_06_22_merged.mat,OF1,2,7859,7859,392.9000000000001,392.9000000000001
R006,CNO,T2_SD_CNO,2026_06_22_merged.mat,OF1,2,7860,7860,392.9500000000001,392.9500000000001
R006,CNO,T2_SD_CNO,2026_06_22_merged.mat,OF1,1,7871,7871,393.50000000000006,393.50000000000006
R006,CNO,T2_SD_CNO,2026_06_22_merged.mat,OF1,1,7872,7872,393.55000000000007,393.55000000000007
R006,CNO,T2_SD_CNO,2026_06_22_merged.mat,OF1,1,7873,7873,393.6000000000001,393.6000000000001
R006,CNO,T2_SD_CNO,2026_06_22_merged.mat,OF1,2,7889,7889,394.4000000000001,394.4000000000001
R006,CNO,T2_SD_CNO,2026_06_22_merged.mat,OF1,2,7912,7912,395.55000000000007,395.55000000000007
R006,CNO,T2_SD_CNO,2026_06_22_merged.mat,OF1,2,7929,7929,396.4000000000001,396.4000000000001
R006,CNO,T2_SD_CNO,2026_06_22_merged.mat,OF1,2,7930,7930,396.45000000000005,396.45000000000005
R006,CNO,T2_SD_CNO,2026_06_22_merged.mat,OF1,2,7942,7942,397.05000000000007,397.05000000000007
R006,CNO,T2_SD_CNO,2026_06_22_merged.mat,OF1,2,7950,7950,397.45000000000005,397.45000000000005
R006,CNO,T2_SD_CNO,2026_06_22_merged.mat,OF1,2,7954,7954,397.6500000000001,397.6500000000001
R006,CNO,T2_SD_CNO,2026_06_22_merged.mat,OF1,2,7955,7955,397.70000000000005,397.70000000000005
R006,CNO,T2_SD_CNO,2026_06_22_merged.mat,OF1,2,7956,7956,397.7500000000001,397.7500000000001
R006,CNO,T2_SD_CNO,2026_06_22_merged.mat,OF1,2,7957,7957,397.80000000000007,397.80000000000007
R006,CNO,T2_SD_CNO,2026_06_22_merged.mat,OF1,2,7958,7958,397.8500000000001,397.8500000000001
R006,CNO,T2_SD_CNO,2026_06_22_merged.mat,OF1,2,7959,7959,397.9000000000001,397.9000000000001
R006,CNO,T2_SD_CNO,2026_06_22_merged.mat,OF1,2,7960,7960,397.95000000000005,397.95000000000005
R006,CNO,T2_SD_CNO,2026_06_22_merged.mat,OF1,2,7982,7982,399.05000000000007,399.05000000000007
R006,CNO,T2_SD_CNO,2026_06_22_merged.mat,OF1,2,7983,7983,399.1000000000001,399.1000000000001
R006,CNO,T2_SD_CNO,2026_06_22_merged.mat,OF1,2,7984,7984,399.1500000000001,399.1500000000001
R006,CNO,T2_SD_CNO,2026_06_22_merged.mat,OF1,2,7985,7985,399.20000000000005,399.20000000000005
R006,CNO,T2_SD_CNO,2026_06_22_merged.mat,OF1,1,7992,7992,399.55000000000007,399.55000000000007
R006,CNO,T2_SD_CNO,2026_06_22_merged.mat,OF1,1,7993,7993,399.6000000000001,399.6000000000001
R006,CNO,T2_SD_CNO,2026_06_22_merged.mat,OF1,2,8001,8001,400.0000000000001,400.0000000000001
R006,CNO,T2_SD_CNO,2026_06_22_merged.mat,OF1,2,8017,8017,400.80000000000007,400.80000000000007
R006,CNO,T2_SD_CNO,2026_06_22_merged.mat,OF1,2,8018,8018,400.8500000000001,400.8500000000001
R006,CNO,T2_SD_CNO,2026_06_22_merged.mat,OF1,2,8019,8019,400.9000000000001,400.9000000000001
R006,CNO,T2_SD_CNO,2026_06_22_merged.mat,OF1,2,8020,8020,400.95000000000005,400.95000000000005
R006,CNO,T2_SD_CNO,2026_06_22_merged.mat,OF1,1,8040,8040,401.95000000000005,401.95000000000005
R006,CNO,T2_SD_CNO,2026_06_22_merged.mat,OF1,1,8041,8041,402.0000000000001,402.0000000000001
R006,CNO,T2_SD_CNO,2026_06_22_merged.mat,OF1,1,8042,8042,402.05000000000007,402.05000000000007
R006,CNO,T2_SD_CNO,2026_06_22_merged.mat,OF1,2,8098,8098,404.8500000000001,404.8500000000001
R006,CNO,T2_SD_CNO,2026_06_22_merged.mat,OF1,2,8099,8099,404.9000000000001,404.9000000000001
R006,CNO,T2_SD_CNO,2026_06_22_merged.mat,OF1,2,8113,8113,405.6000000000001,405.6000000000001
R006,CNO,T2_SD_CNO,2026_06_22_merged.mat,OF1,2,8114,8114,405.6500000000001,405.6500000000001
R006,CNO,T2_SD_CNO,2026_06_22_merged.mat,OF1,2,8119,8119,405.9000000000001,405.9000000000001
R006,CNO,T2_SD_CNO,2026_06_22_merged.mat,OF1,2,8120,8120,405.95000000000005,405.95000000000005
R006,CNO,T2_SD_CNO,2026_06_22_merged.mat,OF1,2,8121,8121,406.0000000000001,406.0000000000001
R006,CNO,T2_SD_CNO,2026_06_22_merged.mat,OF1,1,8136,8136,406.7500000000001,406.7500000000001
R006,CNO,T2_SD_CNO,2026_06_22_merged.mat,OF1,1,8137,8137,406.80000000000007,406.80000000000007
R006,CNO,T2_SD_CNO,2026_06_22_merged.mat,OF1,2,8151,8151,407.5000000000001,407.5000000000001
R006,CNO,T2_SD_CNO,2026_06_22_merged.mat,OF1,2,8152,8152,407.55000000000007,407.55000000000007
R006,CNO,T2_SD_CNO,2026_06_22_merged.mat,OF1,2,8153,8153,407.6000000000001,407.6000000000001
R006,CNO,T2_SD_CNO,2026_06_22_merged.mat,OF1,2,8162,8162,408.05000000000007,408.05000000000007
R006,CNO,T2_SD_CNO,2026_06_22_merged.mat,OF1,2,8163,8163,408.1000000000001,408.1000000000001
R006,CNO,T2_SD_CNO,2026_06_22_merged.mat,OF1,2,8164,8164,408.1500000000001,408.1500000000001
R006,CNO,T2_SD_CNO,2026_06_22_merged.mat,OF1,2,8165,8165,408.20000000000005,408.20000000000005
R006,CNO,T2_SD_CNO,2026_06_22_merged.mat,OF1,1,8179,8179,408.9000000000001,408.9000000000001
R006,CNO,T2_SD_CNO,2026_06_22_merged.mat,OF1,1,8180,8180,408.95000000000005,408.95000000000005
R006,CNO,T2_SD_CNO,2026_06_22_merged.mat,OF1,2,8206,8206,410.2500000000001,410.2500000000001
R006,CNO,T2_SD_CNO,2026_06_22_merged.mat,OF1,2,8207,8207,410.30000000000007,410.30000000000007
R006,CNO,T2_SD_CNO,2026_06_22_merged.mat,OF1,2,8208,8208,410.3500000000001,410.3500000000001
R006,CNO,T2_SD_CNO,2026_06_22_merged.mat,OF1,2,8209,8209,410.4000000000001,410.4000000000001
R006,CNO,T2_SD_CNO,2026_06_22_merged.mat,OF1,2,8217,8217,410.80000000000007,410.80000000000007
R006,CNO,T2_SD_CNO,2026_06_22_merged.mat,OF1,2,8218,8218,410.8500000000001,410.8500000000001
R006,CNO,T2_SD_CNO,2026_06_22_merged.mat,OF1,2,8219,8219,410.9000000000001,410.9000000000001
R006,CNO,T2_SD_CNO,2026_06_22_merged.mat,OF1,2,8220,8220,410.95000000000005,410.95000000000005
R006,CNO,T2_SD_CNO,2026_06_22_merged.mat,OF1,2,8240,8240,411.95000000000005,411.95000000000005
R006,CNO,T2_SD_CNO,2026_06_22_merged.mat,OF1,2,8241,8241,412.0000000000001,412.0000000000001
R006,CNO,T2_SD_CNO,2026_06_22_merged.mat,OF1,2,8254,8254,412.6500000000001,412.6500000000001
R006,CNO,T2_SD_CNO,2026_06_22_merged.mat,OF1,2,8255,8255,412.70000000000005,412.70000000000005
R006,CNO,T2_SD_CNO,2026_06_22_merged.mat,OF1,2,8256,8256,412.7500000000001,412.7500000000001
R006,CNO,T2_SD_CNO,2026_06_22_merged.mat,OF1,1,8282,8282,414.05000000000007,414.05000000000007
R006,CNO,T2_SD_CNO,2026_06_22_merged.mat,OF1,1,8283,8283,414.1000000000001,414.1000000000001
R006,CNO,T2_SD_CNO,2026_06_22_merged.mat,OF1,1,8284,8284,414.1500000000001,414.1500000000001
R006,CNO,T2_SD_CNO,2026_06_22_merged.mat,OF1,1,8285,8285,414.20000000000005,414.20000000000005
R006,CNO,T2_SD_CNO,2026_06_22_merged.mat,OF1,1,8286,8286,414.2500000000001,414.2500000000001
R006,CNO,T2_SD_CNO,2026_06_22_merged.mat,OF1,1,8287,8287,414.30000000000007,414.30000000000007
R006,CNO,T2_SD_CNO,2026_06_22_merged.mat,OF1,1,8310,8310,415.45000000000005,415.45000000000005
R006,CNO,T2_SD_CNO,2026_06_22_merged.mat,OF1,1,8311,8311,415.5000000000001,415.5000000000001
R006,CNO,T2_SD_CNO,2026_06_22_merged.mat,OF1,1,8312,8312,415.55000000000007,415.55000000000007
R006,CNO,T2_SD_CNO,2026_06_22_merged.mat,OF1,1,8313,8313,415.6000000000001,415.6000000000001
R006,CNO,T2_SD_CNO,2026_06_22_merged.mat,OF1,1,8371,8371,418.5000000000001,418.5000000000001
R006,CNO,T2_SD_CNO,2026_06_22_merged.mat,OF1,1,8372,8372,418.55000000000007,418.55000000000007
R006,CNO,T2_SD_CNO,2026_06_22_merged.mat,OF1,1,8373,8373,418.6000000000001,418.6000000000001
R006,CNO,T2_SD_CNO,2026_06_22_merged.mat,OF1,2,8414,8414,420.6500000000001,420.6500000000001
R006,CNO,T2_SD_CNO,2026_06_22_merged.mat,OF1,2,8424,8424,421.1500000000001,421.1500000000001
R006,CNO,T2_SD_CNO,2026_06_22_merged.mat,OF1,2,8425,8425,421.20000000000005,421.20000000000005
R006,CNO,T2_SD_CNO,2026_06_22_merged.mat,OF1,2,8426,8426,421.2500000000001,421.2500000000001
R006,CNO,T2_SD_CNO,2026_06_22_merged.mat,OF1,2,8427,8427,421.30000000000007,421.30000000000007
R006,CNO,T2_SD_CNO,2026_06_22_merged.mat,OF1,2,8443,8443,422.1000000000001,422.1000000000001
R006,CNO,T2_SD_CNO,2026_06_22_merged.mat,OF1,2,8444,8444,422.1500000000001,422.1500000000001
R006,CNO,T2_SD_CNO,2026_06_22_merged.mat,OF1,2,8445,8445,422.20000000000005,422.20000000000005
R006,CNO,T2_SD_CNO,2026_06_22_merged.mat,OF1,1,8454,8454,422.6500000000001,422.6500000000001
R006,CNO,T2_SD_CNO,2026_06_22_merged.mat,OF1,2,8469,8469,423.4000000000001,423.4000000000001
R006,CNO,T2_SD_CNO,2026_06_22_merged.mat,OF1,1,8485,8485,424.20000000000005,424.20000000000005
R006,CNO,T2_SD_CNO,2026_06_22_merged.mat,OF1,1,8486,8486,424.2500000000001,424.2500000000001
R006,CNO,T2_SD_CNO,2026_06_22_merged.mat,OF1,1,8487,8487,424.30000000000007,424.30000000000007
R006,CNO,T2_SD_CNO,2026_06_22_merged.mat,OF1,1,8488,8488,424.3500000000001,424.3500000000001
R006,CNO,T2_SD_CNO,2026_06_22_merged.mat,OF1,1,8507,8507,425.30000000000007,425.30000000000007
R006,CNO,T2_SD_CNO,2026_06_22_merged.mat,OF1,1,8532,8532,426.55000000000007,426.55000000000007
R006,CNO,T2_SD_CNO,2026_06_22_merged.mat,OF1,2,8538,8538,426.8500000000001,426.8500000000001
R006,CNO,T2_SD_CNO,2026_06_22_merged.mat,OF1,2,8546,8546,427.2500000000001,427.2500000000001
R006,CNO,T2_SD_CNO,2026_06_22_merged.mat,OF1,2,8547,8547,427.30000000000007,427.30000000000007
R006,CNO,T2_SD_CNO,2026_06_22_merged.mat,OF1,2,8548,8548,427.3500000000001,427.3500000000001
R006,CNO,T2_SD_CNO,2026_06_22_merged.mat,OF1,2,8549,8549,427.4000000000001,427.4000000000001
R006,CNO,T2_SD_CNO,2026_06_22_merged.mat,OF1,2,8550,8550,427.45000000000005,427.45000000000005
R006,CNO,T2_SD_CNO,2026_06_22_merged.mat,OF1,2,8551,8551,427.5000000000001,427.5000000000001
R006,CNO,T2_SD_CNO,2026_06_22_merged.mat,OF1,2,8558,8558,427.8500000000001,427.8500000000001
R006,CNO,T2_SD_CNO,2026_06_22_merged.mat,OF1,2,8559,8559,427.9000000000001,427.9000000000001
R006,CNO,T2_SD_CNO,2026_06_22_merged.mat,OF1,2,8560,8560,427.95000000000005,427.95000000000005
R006,CNO,T2_SD_CNO,2026_06_22_merged.mat,OF1,1,8583,8583,429.1000000000001,429.1000000000001
R006,CNO,T2_SD_CNO,2026_06_22_merged.mat,OF1,1,8584,8584,429.1500000000001,429.1500000000001
R006,CNO,T2_SD_CNO,2026_06_22_merged.mat,OF1,1,8585,8585,429.20000000000005,429.20000000000005
R006,CNO,T2_SD_CNO,2026_06_22_merged.mat,OF1,1,8586,8586,429.2500000000001,429.2500000000001
R006,CNO,T2_SD_CNO,2026_06_22_merged.mat,OF1,1,8587,8587,429.30000000000007,429.30000000000007
R006,CNO,T2_SD_CNO,2026_06_22_merged.mat,OF1,2,8610,8610,430.45000000000005,430.45000000000005
R006,CNO,T2_SD_CNO,2026_06_22_merged.mat,OF1,2,8611,8611,430.5000000000001,430.5000000000001
R006,CNO,T2_SD_CNO,2026_06_22_merged.mat,OF1,2,8612,8612,430.55000000000007,430.55000000000007
R006,CNO,T2_SD_CNO,2026_06_22_merged.mat,OF1,2,8613,8613,430.6000000000001,430.6000000000001
R006,CNO,T2_SD_CNO,2026_06_22_merged.mat,OF1,2,8614,8614,430.6500000000001,430.6500000000001
R006,CNO,T2_SD_CNO,2026_06_22_merged.mat,OF1,2,8616,8616,430.7500000000001,430.7500000000001
R006,CNO,T2_SD_CNO,2026_06_22_merged.mat,OF1,2,8617,8617,430.80000000000007,430.80000000000007
R006,CNO,T2_SD_CNO,2026_06_22_merged.mat,OF1,2,8668,8668,433.3500000000001,433.3500000000001
R006,CNO,T2_SD_CNO,2026_06_22_merged.mat,OF1,2,8669,8669,433.4000000000001,433.4000000000001
R006,CNO,T2_SD_CNO,2026_06_22_merged.mat,OF1,2,8670,8670,433.45000000000005,433.45000000000005
R006,CNO,T2_SD_CNO,2026_06_22_merged.mat,OF1,2,8683,8683,434.1000000000001,434.1000000000001
R006,CNO,T2_SD_CNO,2026_06_22_merged.mat,OF1,2,8684,8684,434.1500000000001,434.1500000000001
R006,CNO,T2_SD_CNO,2026_06_22_merged.mat,OF1,2,8709,8709,435.4000000000001,435.4000000000001
R006,CNO,T2_SD_CNO,2026_06_22_merged.mat,OF1,2,8710,8710,435.45000000000005,435.45000000000005
R006,CNO,T2_SD_CNO,2026_06_22_merged.mat,OF1,2,8711,8711,435.5000000000001,435.5000000000001
R006,CNO,T2_SD_CNO,2026_06_22_merged.mat,OF1,2,8712,8712,435.55000000000007,435.55000000000007
R006,CNO,T2_SD_CNO,2026_06_22_merged.mat,OF1,2,8719,8719,435.9000000000001,435.9000000000001
R006,CNO,T2_SD_CNO,2026_06_22_merged.mat,OF1,2,8720,8720,435.95000000000005,435.95000000000005
R006,CNO,T2_SD_CNO,2026_06_22_merged.mat,OF1,2,8890,8890,444.45000000000005,444.45000000000005
R006,CNO,T2_SD_CNO,2026_06_22_merged.mat,OF1,2,8891,8891,444.5000000000001,444.5000000000001
R006,CNO,T2_SD_CNO,2026_06_22_merged.mat,OF1,2,8892,8892,444.55000000000007,444.55000000000007
R006,CNO,T2_SD_CNO,2026_06_22_merged.mat,OF1,2,8893,8893,444.6000000000001,444.6000000000001
R006,CNO,T2_SD_CNO,2026_06_22_merged.mat,OF1,2,8894,8894,444.6500000000001,444.6500000000001
R006,CNO,T2_SD_CNO,2026_06_22_merged.mat,OF1,2,8895,8895,444.70000000000005,444.70000000000005
R006,CNO,T2_SD_CNO,2026_06_22_merged.mat,OF1,2,8896,8896,444.7500000000001,444.7500000000001
R006,CNO,T2_SD_CNO,2026_06_22_merged.mat,OF1,2,8924,8924,446.1500000000001,446.1500000000001
R006,CNO,T2_SD_CNO,2026_06_22_merged.mat,OF1,2,8925,8925,446.20000000000005,446.20000000000005
R006,CNO,T2_SD_CNO,2026_06_22_merged.mat,OF1,2,8926,8926,446.2500000000001,446.2500000000001
R006,CNO,T2_SD_CNO,2026_06_22_merged.mat,OF1,2,8927,8927,446.30000000000007,446.30000000000007
R006,CNO,T2_SD_CNO,2026_06_22_merged.mat,OF1,2,8928,8928,446.3500000000001,446.3500000000001
R006,CNO,T2_SD_CNO,2026_06_22_merged.mat,OF1,2,8929,8929,446.4000000000001,446.4000000000001
R006,CNO,T2_SD_CNO,2026_06_22_merged.mat,OF1,2,8930,8930,446.45000000000005,446.45000000000005
R006,CNO,T2_SD_CNO,2026_06_22_merged.mat,OF1,2,8931,8931,446.5000000000001,446.5000000000001
R006,CNO,T2_SD_CNO,2026_06_22_merged.mat,OF1,2,8932,8932,446.55000000000007,446.55000000000007
R006,CNO,T2_SD_CNO,2026_06_22_merged.mat,OF1,2,8938,8938,446.8500000000001,446.8500000000001
R006,CNO,T2_SD_CNO,2026_06_22_merged.mat,OF1,2,8939,8939,446.9000000000001,446.9000000000001
R006,CNO,T2_SD_CNO,2026_06_22_merged.mat,OF1,2,8940,8940,446.95000000000005,446.95000000000005
R006,CNO,T2_SD_CNO,2026_06_22_merged.mat,OF1,2,8941,8941,447.0000000000001,447.0000000000001
R006,CNO,T2_SD_CNO,2026_06_22_merged.mat,OF1,2,8942,8942,447.05000000000007,447.05000000000007
R006,CNO,T2_SD_CNO,2026_06_22_merged.mat,OF1,2,8954,8954,447.6500000000001,447.6500000000001
R006,CNO,T2_SD_CNO,2026_06_22_merged.mat,OF1,2,8955,8955,447.70000000000005,447.70000000000005
R006,CNO,T2_SD_CNO,2026_06_22_merged.mat,OF1,1,8978,8978,448.8500000000001,448.8500000000001
R006,CNO,T2_SD_CNO,2026_06_22_merged.mat,OF1,1,8979,8979,448.9000000000001,448.9000000000001
R006,CNO,T2_SD_CNO,2026_06_22_merged.mat,OF1,1,8980,8980,448.95000000000005,448.95000000000005
R006,CNO,T2_SD_CNO,2026_06_22_merged.mat,OF1,2,8996,8996,449.7500000000001,449.7500000000001
R006,CNO,T2_SD_CNO,2026_06_22_merged.mat,OF1,2,9003,9003,450.1000000000001,450.1000000000001
R006,CNO,T2_SD_CNO,2026_06_22_merged.mat,OF1,2,9004,9004,450.1500000000001,450.1500000000001
R006,CNO,T2_SD_CNO,2026_06_22_merged.mat,OF1,2,9005,9005,450.20000000000005,450.20000000000005
R006,CNO,T2_SD_CNO,2026_06_22_merged.mat,OF1,2,9006,9006,450.2500000000001,450.2500000000001
R006,CNO,T2_SD_CNO,2026_06_22_merged.mat,OF1,2,9007,9007,450.30000000000007,450.30000000000007
R006,CNO,T2_SD_CNO,2026_06_22_merged.mat,OF1,2,9008,9008,450.3500000000001,450.3500000000001
R006,CNO,T2_SD_CNO,2026_06_22_merged.mat,OF1,1,9049,9049,452.4000000000001,452.4000000000001
R006,CNO,T2_SD_CNO,2026_06_22_merged.mat,OF1,1,9050,9050,452.45000000000005,452.45000000000005
R006,CNO,T2_SD_CNO,2026_06_22_merged.mat,OF1,1,9051,9051,452.5000000000001,452.5000000000001
R006,CNO,T2_SD_CNO,2026_06_22_merged.mat,OF1,1,9052,9052,452.55000000000007,452.55000000000007
R006,CNO,T2_SD_CNO,2026_06_22_merged.mat,OF1,1,9053,9053,452.6000000000001,452.6000000000001
R006,CNO,T2_SD_CNO,2026_06_22_merged.mat,OF1,1,9054,9054,452.6500000000001,452.6500000000001
R006,CNO,T2_SD_CNO,2026_06_22_merged.mat,OF1,2,9079,9079,453.9000000000001,453.9000000000001
R006,CNO,T2_SD_CNO,2026_06_22_merged.mat,OF1,2,9080,9080,453.95000000000005,453.95000000000005
R006,CNO,T2_SD_CNO,2026_06_22_merged.mat,OF1,2,9081,9081,454.0000000000001,454.0000000000001
R006,CNO,T2_SD_CNO,2026_06_22_merged.mat,OF1,2,9082,9082,454.05000000000007,454.05000000000007
R006,CNO,T2_SD_CNO,2026_06_22_merged.mat,OF1,2,9083,9083,454.1000000000001,454.1000000000001
R006,CNO,T2_SD_CNO,2026_06_22_merged.mat,OF1,2,9084,9084,454.1500000000001,454.1500000000001
R006,CNO,T2_SD_CNO,2026_06_22_merged.mat,OF1,2,9094,9094,454.6500000000001,454.6500000000001
R006,CNO,T2_SD_CNO,2026_06_22_merged.mat,OF1,2,9095,9095,454.70000000000005,454.70000000000005
R006,CNO,T2_SD_CNO,2026_06_22_merged.mat,OF1,2,9096,9096,454.7500000000001,454.7500000000001
R006,CNO,T2_SD_CNO,2026_06_22_merged.mat,OF1,2,9106,9106,455.2500000000001,455.2500000000001
R006,CNO,T2_SD_CNO,2026_06_22_merged.mat,OF1,2,9107,9107,455.30000000000007,455.30000000000007
R006,CNO,T2_SD_CNO,2026_06_22_merged.mat,OF1,1,9142,9142,457.05000000000007,457.05000000000007
R006,CNO,T2_SD_CNO,2026_06_22_merged.mat,OF1,1,9143,9143,457.1000000000001,457.1000000000001
R006,CNO,T2_SD_CNO,2026_06_22_merged.mat,OF1,2,9200,9200,459.95000000000005,459.95000000000005
R006,CNO,T2_SD_CNO,2026_06_22_merged.mat,OF1,2,9201,9201,460.0000000000001,460.0000000000001
R006,CNO,T2_SD_CNO,2026_06_22_merged.mat,OF1,2,9202,9202,460.05000000000007,460.05000000000007
R006,CNO,T2_SD_CNO,2026_06_22_merged.mat,OF1,2,9203,9203,460.1000000000001,460.1000000000001
R006,CNO,T2_SD_CNO,2026_06_22_merged.mat,OF1,2,9204,9204,460.1500000000001,460.1500000000001
R006,CNO,T2_SD_CNO,2026_06_22_merged.mat,OF1,2,9216,9216,460.7500000000001,460.7500000000001
R006,CNO,T2_SD_CNO,2026_06_22_merged.mat,OF1,2,9224,9224,461.1500000000001,461.1500000000001
R006,CNO,T2_SD_CNO,2026_06_22_merged.mat,OF1,2,9225,9225,461.20000000000005,461.20000000000005
R006,CNO,T2_SD_CNO,2026_06_22_merged.mat,OF1,2,9226,9226,461.2500000000001,461.2500000000001
R006,CNO,T2_SD_CNO,2026_06_22_merged.mat,OF1,2,9227,9227,461.30000000000007,461.30000000000007
R006,CNO,T2_SD_CNO,2026_06_22_merged.mat,OF1,2,9238,9238,461.8500000000001,461.8500000000001
R006,CNO,T2_SD_CNO,2026_06_22_merged.mat,OF1,2,9260,9260,462.95000000000005,462.95000000000005
R006,CNO,T2_SD_CNO,2026_06_22_merged.mat,OF1,2,9264,9264,463.1500000000001,463.1500000000001
R006,CNO,T2_SD_CNO,2026_06_22_merged.mat,OF1,2,9266,9266,463.2500000000001,463.2500000000001
R006,CNO,T2_SD_CNO,2026_06_22_merged.mat,OF1,2,9268,9268,463.3500000000001,463.3500000000001
R006,CNO,T2_SD_CNO,2026_06_22_merged.mat,OF1,2,9269,9269,463.4000000000001,463.4000000000001
R006,CNO,T2_SD_CNO,2026_06_22_merged.mat,OF1,2,9270,9270,463.45000000000005,463.45000000000005
R006,CNO,T2_SD_CNO,2026_06_22_merged.mat,OF1,2,9277,9277,463.80000000000007,463.80000000000007
R006,CNO,T2_SD_CNO,2026_06_22_merged.mat,OF1,2,9278,9278,463.8500000000001,463.8500000000001
R006,CNO,T2_SD_CNO,2026_06_22_merged.mat,OF1,2,9279,9279,463.9000000000001,463.9000000000001
R006,CNO,T2_SD_CNO,2026_06_22_merged.mat,OF1,2,9291,9291,464.5000000000001,464.5000000000001
R006,CNO,T2_SD_CNO,2026_06_22_merged.mat,OF1,2,9292,9292,464.55000000000007,464.55000000000007
R006,CNO,T2_SD_CNO,2026_06_22_merged.mat,OF1,2,9293,9293,464.6000000000001,464.6000000000001
R006,CNO,T2_SD_CNO,2026_06_22_merged.mat,OF1,2,9294,9294,464.6500000000001,464.6500000000001
R006,CNO,T2_SD_CNO,2026_06_22_merged.mat,OF1,2,9295,9295,464.70000000000005,464.70000000000005
R006,CNO,T2_SD_CNO,2026_06_22_merged.mat,OF1,2,9296,9296,464.7500000000001,464.7500000000001
R006,CNO,T2_SD_CNO,2026_06_22_merged.mat,OF1,2,9297,9297,464.80000000000007,464.80000000000007
R006,CNO,T2_SD_CNO,2026_06_22_merged.mat,OF1,2,9336,9336,466.7500000000001,466.7500000000001
R006,CNO,T2_SD_CNO,2026_06_22_merged.mat,OF1,2,9337,9337,466.80000000000007,466.80000000000007
R006,CNO,T2_SD_CNO,2026_06_22_merged.mat,OF1,2,9338,9338,466.8500000000001,466.8500000000001
R006,CNO,T2_SD_CNO,2026_06_22_merged.mat,OF1,2,9339,9339,466.9000000000001,466.9000000000001
R006,CNO,T2_SD_CNO,2026_06_22_merged.mat,OF1,2,9340,9340,466.95000000000005,466.95000000000005
R006,CNO,T2_SD_CNO,2026_06_22_merged.mat,OF1,2,9341,9341,467.0000000000001,467.0000000000001
R006,CNO,T2_SD_CNO,2026_06_22_merged.mat,OF1,2,9349,9349,467.4000000000001,467.4000000000001
R006,CNO,T2_SD_CNO,2026_06_22_merged.mat,OF1,2,9350,9350,467.45000000000005,467.45000000000005
R006,CNO,T2_SD_CNO,2026_06_22_merged.mat,OF1,2,9351,9351,467.5000000000001,467.5000000000001
R006,CNO,T2_SD_CNO,2026_06_22_merged.mat,OF1,2,9352,9352,467.55000000000007,467.55000000000007
R006,CNO,T2_SD_CNO,2026_06_22_merged.mat,OF1,2,9353,9353,467.6000000000001,467.6000000000001
R006,CNO,T2_SD_CNO,2026_06_22_merged.mat,OF1,1,9364,9364,468.1500000000001,468.1500000000001
R006,CNO,T2_SD_CNO,2026_06_22_merged.mat,OF1,1,9365,9365,468.20000000000005,468.20000000000005
R006,CNO,T2_SD_CNO,2026_06_22_merged.mat,OF1,2,9383,9383,469.1000000000001,469.1000000000001
R006,CNO,T2_SD_CNO,2026_06_22_merged.mat,OF1,2,9384,9384,469.1500000000001,469.1500000000001
R006,CNO,T2_SD_CNO,2026_06_22_merged.mat,OF1,2,9386,9386,469.2500000000001,469.2500000000001
R006,CNO,T2_SD_CNO,2026_06_22_merged.mat,OF1,2,9420,9420,470.95000000000005,470.95000000000005
R006,CNO,T2_SD_CNO,2026_06_22_merged.mat,OF1,2,9421,9421,471.0000000000001,471.0000000000001
R006,CNO,T2_SD_CNO,2026_06_22_merged.mat,OF1,2,9438,9438,471.8500000000001,471.8500000000001
R006,CNO,T2_SD_CNO,2026_06_22_merged.mat,OF1,2,9439,9439,471.9000000000001,471.9000000000001
R006,CNO,T2_SD_CNO,2026_06_22_merged.mat,OF1,2,9440,9440,471.95000000000005,471.95000000000005
R006,CNO,T2_SD_CNO,2026_06_22_merged.mat,OF1,2,9441,9441,472.0000000000001,472.0000000000001
R006,CNO,T2_SD_CNO,2026_06_22_merged.mat,OF1,2,9442,9442,472.05000000000007,472.05000000000007
R006,CNO,T2_SD_CNO,2026_06_22_merged.mat,OF1,2,9510,9510,475.45000000000005,475.45000000000005
R006,CNO,T2_SD_CNO,2026_06_22_merged.mat,OF1,2,9511,9511,475.5000000000001,475.5000000000001
R006,CNO,T2_SD_CNO,2026_06_22_merged.mat,OF1,1,9539,9539,476.9000000000001,476.9000000000001
R006,CNO,T2_SD_CNO,2026_06_22_merged.mat,OF1,1,9578,9578,478.8500000000001,478.8500000000001
R006,CNO,T2_SD_CNO,2026_06_22_merged.mat,OF1,1,9579,9579,478.9000000000001,478.9000000000001
R006,CNO,T2_SD_CNO,2026_06_22_merged.mat,OF1,1,9591,9591,479.5000000000001,479.5000000000001
R006,CNO,T2_SD_CNO,2026_06_22_merged.mat,OF1,2,9608,9608,480.3500000000001,480.3500000000001
R006,CNO,T2_SD_CNO,2026_06_22_merged.mat,OF1,2,9609,9609,480.4000000000001,480.4000000000001
R006,CNO,T2_SD_CNO,2026_06_22_merged.mat,OF1,2,9610,9610,480.45000000000005,480.45000000000005
R006,CNO,T2_SD_CNO,2026_06_22_merged.mat,OF1,2,9621,9621,481.0000000000001,481.0000000000001
R006,CNO,T2_SD_CNO,2026_06_22_merged.mat,OF1,2,9622,9622,481.05000000000007,481.05000000000007
R006,CNO,T2_SD_CNO,2026_06_22_merged.mat,OF1,2,9623,9623,481.1000000000001,481.1000000000001
R006,CNO,T2_SD_CNO,2026_06_22_merged.mat,OF1,1,9641,9641,482.0000000000001,482.0000000000001
R006,CNO,T2_SD_CNO,2026_06_22_merged.mat,OF1,2,9649,9649,482.4000000000001,482.4000000000001
R006,CNO,T2_SD_CNO,2026_06_22_merged.mat,OF1,2,9650,9650,482.45000000000005,482.45000000000005
R006,CNO,T2_SD_CNO,2026_06_22_merged.mat,OF1,2,9651,9651,482.5000000000001,482.5000000000001
R006,CNO,T2_SD_CNO,2026_06_22_merged.mat,OF1,2,9652,9652,482.55000000000007,482.55000000000007
R006,CNO,T2_SD_CNO,2026_06_22_merged.mat,OF1,2,9653,9653,482.6000000000001,482.6000000000001
R006,CNO,T2_SD_CNO,2026_06_22_merged.mat,OF1,2,9654,9654,482.6500000000001,482.6500000000001
R006,CNO,T2_SD_CNO,2026_06_22_merged.mat,OF1,2,9670,9670,483.45000000000005,483.45000000000005
R006,CNO,T2_SD_CNO,2026_06_22_merged.mat,OF1,2,9671,9671,483.5000000000001,483.5000000000001
R006,CNO,T2_SD_CNO,2026_06_22_merged.mat,OF1,2,9672,9672,483.55000000000007,483.55000000000007
R006,CNO,T2_SD_CNO,2026_06_22_merged.mat,OF1,2,9673,9673,483.6000000000001,483.6000000000001
R006,CNO,T2_SD_CNO,2026_06_22_merged.mat,OF1,2,9674,9674,483.6500000000001,483.6500000000001
R006,CNO,T2_SD_CNO,2026_06_22_merged.mat,OF1,2,9692,9692,484.55000000000007,484.55000000000007
R006,CNO,T2_SD_CNO,2026_06_22_merged.mat,OF1,2,9693,9693,484.6000000000001,484.6000000000001
R006,CNO,T2_SD_CNO,2026_06_22_merged.mat,OF1,2,9694,9694,484.6500000000001,484.6500000000001
R006,CNO,T2_SD_CNO,2026_06_22_merged.mat,OF1,2,9695,9695,484.70000000000005,484.70000000000005
R006,CNO,T2_SD_CNO,2026_06_22_merged.mat,OF1,2,9696,9696,484.7500000000001,484.7500000000001
R006,CNO,T2_SD_CNO,2026_06_22_merged.mat,OF1,2,9697,9697,484.80000000000007,484.80000000000007
R006,CNO,T2_SD_CNO,2026_06_22_merged.mat,OF1,2,9698,9698,484.8500000000001,484.8500000000001
R006,CNO,T2_SD_CNO,2026_06_22_merged.mat,OF1,1,9716,9716,485.7500000000001,485.7500000000001
R006,CNO,T2_SD_CNO,2026_06_22_merged.mat,OF1,2,9731,9731,486.5000000000001,486.5000000000001
R006,CNO,T2_SD_CNO,2026_06_22_merged.mat,OF1,2,9742,9742,487.05000000000007,487.05000000000007
R006,CNO,T2_SD_CNO,2026_06_22_merged.mat,OF1,2,9743,9743,487.1000000000001,487.1000000000001
R006,CNO,T2_SD_CNO,2026_06_22_merged.mat,OF1,2,9744,9744,487.1500000000001,487.1500000000001
R006,CNO,T2_SD_CNO,2026_06_22_merged.mat,OF1,2,9745,9745,487.20000000000005,487.20000000000005
R006,CNO,T2_SD_CNO,2026_06_22_merged.mat,OF1,2,9753,9753,487.6000000000001,487.6000000000001
R006,CNO,T2_SD_CNO,2026_06_22_merged.mat,OF1,2,9754,9754,487.6500000000001,487.6500000000001
R006,CNO,T2_SD_CNO,2026_06_22_merged.mat,OF1,2,9755,9755,487.70000000000005,487.70000000000005
R006,CNO,T2_SD_CNO,2026_06_22_merged.mat,OF1,2,9756,9756,487.7500000000001,487.7500000000001
R006,CNO,T2_SD_CNO,2026_06_22_merged.mat,OF1,2,9783,9783,489.1000000000001,489.1000000000001
R006,CNO,T2_SD_CNO,2026_06_22_merged.mat,OF1,2,9784,9784,489.1500000000001,489.1500000000001
R006,CNO,T2_SD_CNO,2026_06_22_merged.mat,OF1,2,9785,9785,489.20000000000005,489.20000000000005
R006,CNO,T2_SD_CNO,2026_06_22_merged.mat,OF1,2,9786,9786,489.2500000000001,489.2500000000001
R006,CNO,T2_SD_CNO,2026_06_22_merged.mat,OF1,2,9818,9818,490.8500000000001,490.8500000000001
R006,CNO,T2_SD_CNO,2026_06_22_merged.mat,OF1,2,9828,9828,491.3500000000001,491.3500000000001
R006,CNO,T2_SD_CNO,2026_06_22_merged.mat,OF1,2,9829,9829,491.4000000000001,491.4000000000001
R006,CNO,T2_SD_CNO,2026_06_22_merged.mat,OF1,2,9830,9830,491.45000000000005,491.45000000000005
R006,CNO,T2_SD_CNO,2026_06_22_merged.mat,OF1,2,9865,9865,493.20000000000005,493.20000000000005
R006,CNO,T2_SD_CNO,2026_06_22_merged.mat,OF1,2,9866,9866,493.2500000000001,493.2500000000001
R006,CNO,T2_SD_CNO,2026_06_22_merged.mat,OF1,2,9867,9867,493.30000000000007,493.30000000000007
R006,CNO,T2_SD_CNO,2026_06_22_merged.mat,OF1,2,9907,9907,495.30000000000007,495.30000000000007
R006,CNO,T2_SD_CNO,2026_06_22_merged.mat,OF1,2,9926,9926,496.2500000000001,496.2500000000001
R006,CNO,T2_SD_CNO,2026_06_22_merged.mat,OF1,2,9927,9927,496.30000000000007,496.30000000000007
R006,CNO,T2_SD_CNO,2026_06_22_merged.mat,OF1,2,9928,9928,496.3500000000001,496.3500000000001
R006,CNO,T2_SD_CNO,2026_06_22_merged.mat,OF1,2,9929,9929,496.4000000000001,496.4000000000001
R006,CNO,T2_SD_CNO,2026_06_22_merged.mat,OF1,2,9930,9930,496.45000000000005,496.45000000000005
R006,CNO,T2_SD_CNO,2026_06_22_merged.mat,OF1,2,9949,9949,497.4000000000001,497.4000000000001
R006,CNO,T2_SD_CNO,2026_06_22_merged.mat,OF1,2,9960,9960,497.95000000000005,497.95000000000005
R006,CNO,T2_SD_CNO,2026_06_22_merged.mat,OF1,2,9961,9961,498.0000000000001,498.0000000000001
R006,CNO,T2_SD_CNO,2026_06_22_merged.mat,OF1,2,9981,9981,499.0000000000001,499.0000000000001
R006,CNO,T2_SD_CNO,2026_06_22_merged.mat,OF1,2,9982,9982,499.05000000000007,499.05000000000007
R006,CNO,T2_SD_CNO,2026_06_22_merged.mat,OF1,2,9991,9991,499.5000000000001,499.5000000000001
R006,CNO,T2_SD_CNO,2026_06_22_merged.mat,OF1,1,10018,10018,500.8500000000001,500.8500000000001
R006,CNO,T2_SD_CNO,2026_06_22_merged.mat,OF1,1,10019,10019,500.9000000000001,500.9000000000001
R006,CNO,T2_SD_CNO,2026_06_22_merged.mat,OF1,1,10020,10020,500.95000000000005,500.95000000000005
R006,CNO,T2_SD_CNO,2026_06_22_merged.mat,OF1,1,10021,10021,501.0000000000001,501.0000000000001
R006,CNO,T2_SD_CNO,2026_06_22_merged.mat,OF1,2,10071,10071,503.5000000000001,503.5000000000001
R006,CNO,T2_SD_CNO,2026_06_22_merged.mat,OF1,2,10072,10072,503.55000000000007,503.55000000000007
R006,CNO,T2_SD_CNO,2026_06_22_merged.mat,OF1,2,10080,10080,503.95000000000005,503.95000000000005
R006,CNO,T2_SD_CNO,2026_06_22_merged.mat,OF1,2,10081,10081,504.0000000000001,504.0000000000001
R006,CNO,T2_SD_CNO,2026_06_22_merged.mat,OF1,2,10082,10082,504.05000000000007,504.05000000000007
R006,CNO,T2_SD_CNO,2026_06_22_merged.mat,OF1,2,10083,10083,504.1000000000001,504.1000000000001
R006,CNO,T2_SD_CNO,2026_06_22_merged.mat,OF1,2,10084,10084,504.1500000000001,504.1500000000001
R006,CNO,T2_SD_CNO,2026_06_22_merged.mat,OF1,2,10161,10161,508.0000000000001,508.0000000000001
R006,CNO,T2_SD_CNO,2026_06_22_merged.mat,OF1,2,10162,10162,508.05000000000007,508.05000000000007
R006,CNO,T2_SD_CNO,2026_06_22_merged.mat,OF1,2,10163,10163,508.1000000000001,508.1000000000001
R006,CNO,T2_SD_CNO,2026_06_22_merged.mat,OF1,2,10164,10164,508.1500000000001,508.1500000000001
R006,CNO,T2_SD_CNO,2026_06_22_merged.mat,OF1,2,10219,10219,510.9000000000001,510.9000000000001
R006,CNO,T2_SD_CNO,2026_06_22_merged.mat,OF1,2,10220,10220,510.95000000000005,510.95000000000005
R006,CNO,T2_SD_CNO,2026_06_22_merged.mat,OF1,2,10221,10221,511.0000000000001,511.0000000000001
R006,CNO,T2_SD_CNO,2026_06_22_merged.mat,OF1,2,10222,10222,511.05000000000007,511.05000000000007
R006,CNO,T2_SD_CNO,2026_06_22_merged.mat,OF1,2,10223,10223,511.1000000000001,511.1000000000001
R006,CNO,T2_SD_CNO,2026_06_22_merged.mat,OF1,2,10226,10226,511.2500000000001,511.2500000000001
R006,CNO,T2_SD_CNO,2026_06_22_merged.mat,OF1,2,10227,10227,511.30000000000007,511.30000000000007
R006,CNO,T2_SD_CNO,2026_06_22_merged.mat,OF1,2,10232,10232,511.55000000000007,511.55000000000007
R006,CNO,T2_SD_CNO,2026_06_22_merged.mat,OF1,2,10233,10233,511.6000000000001,511.6000000000001
R006,CNO,T2_SD_CNO,2026_06_22_merged.mat,OF1,2,10234,10234,511.6500000000001,511.6500000000001
R006,CNO,T2_SD_CNO,2026_06_22_merged.mat,OF1,2,10258,10258,512.8500000000001,512.8500000000001
R006,CNO,T2_SD_CNO,2026_06_22_merged.mat,OF1,2,10274,10274,513.6500000000001,513.6500000000001
R006,CNO,T2_SD_CNO,2026_06_22_merged.mat,OF1,1,10277,10277,513.8000000000001,513.8000000000001
R006,CNO,T2_SD_CNO,2026_06_22_merged.mat,OF1,1,10278,10278,513.8500000000001,513.8500000000001
R006,CNO,T2_SD_CNO,2026_06_22_merged.mat,OF1,1,10279,10279,513.9000000000001,513.9000000000001
R006,CNO,T2_SD_CNO,2026_06_22_merged.mat,OF1,2,10311,10311,515.5000000000001,515.5000000000001
R006,CNO,T2_SD_CNO,2026_06_22_merged.mat,OF1,2,10312,10312,515.5500000000001,515.5500000000001
R006,CNO,T2_SD_CNO,2026_06_22_merged.mat,OF1,2,10313,10313,515.6000000000001,515.6000000000001
R006,CNO,T2_SD_CNO,2026_06_22_merged.mat,OF1,2,10337,10337,516.8000000000001,516.8000000000001
R006,CNO,T2_SD_CNO,2026_06_22_merged.mat,OF1,1,10347,10347,517.3000000000001,517.3000000000001
R006,CNO,T2_SD_CNO,2026_06_22_merged.mat,OF1,1,10348,10348,517.3500000000001,517.3500000000001
R006,CNO,T2_SD_CNO,2026_06_22_merged.mat,OF1,2,10357,10357,517.8000000000001,517.8000000000001
R006,CNO,T2_SD_CNO,2026_06_22_merged.mat,OF1,2,10437,10437,521.8000000000001,521.8000000000001
R006,CNO,T2_SD_CNO,2026_06_22_merged.mat,OF1,2,10438,10438,521.8500000000001,521.8500000000001
R006,CNO,T2_SD_CNO,2026_06_22_merged.mat,OF1,2,10439,10439,521.9000000000001,521.9000000000001
R006,CNO,T2_SD_CNO,2026_06_22_merged.mat,OF1,2,10440,10440,521.95,521.95
R006,CNO,T2_SD_CNO,2026_06_22_merged.mat,OF1,2,10441,10441,522.0000000000001,522.0000000000001
R006,CNO,T2_SD_CNO,2026_06_22_merged.mat,OF1,2,10457,10457,522.8000000000001,522.8000000000001
R006,CNO,T2_SD_CNO,2026_06_22_merged.mat,OF1,2,10458,10458,522.8500000000001,522.8500000000001
R006,CNO,T2_SD_CNO,2026_06_22_merged.mat,OF1,2,10459,10459,522.9000000000001,522.9000000000001
R006,CNO,T2_SD_CNO,2026_06_22_merged.mat,OF1,2,10460,10460,522.95,522.95
R006,CNO,T2_SD_CNO,2026_06_22_merged.mat,OF1,2,10461,10461,523.0000000000001,523.0000000000001
R006,CNO,T2_SD_CNO,2026_06_22_merged.mat,OF1,2,10462,10462,523.0500000000001,523.0500000000001
R006,CNO,T2_SD_CNO,2026_06_22_merged.mat,OF1,2,10463,10463,523.1000000000001,523.1000000000001
R006,CNO,T2_SD_CNO,2026_06_22_merged.mat,OF1,2,10500,10500,524.95,524.95
R006,CNO,T2_SD_CNO,2026_06_22_merged.mat,OF1,2,10501,10501,525.0000000000001,525.0000000000001
R006,CNO,T2_SD_CNO,2026_06_22_merged.mat,OF1,2,10502,10502,525.0500000000001,525.0500000000001
R006,CNO,T2_SD_CNO,2026_06_22_merged.mat,OF1,2,10509,10509,525.4000000000001,525.4000000000001
R006,CNO,T2_SD_CNO,2026_06_22_merged.mat,OF1,2,10510,10510,525.45,525.45
R006,CNO,T2_SD_CNO,2026_06_22_merged.mat,OF1,2,10511,10511,525.5000000000001,525.5000000000001
R006,CNO,T2_SD_CNO,2026_06_22_merged.mat,OF1,2,10520,10520,525.95,525.95
R006,CNO,T2_SD_CNO,2026_06_22_merged.mat,OF1,2,10521,10521,526.0000000000001,526.0000000000001
R006,CNO,T2_SD_CNO,2026_06_22_merged.mat,OF1,2,10522,10522,526.0500000000001,526.0500000000001
R006,CNO,T2_SD_CNO,2026_06_22_merged.mat,OF1,2,10558,10558,527.8500000000001,527.8500000000001
R006,CNO,T2_SD_CNO,2026_06_22_merged.mat,OF1,2,10559,10559,527.9000000000001,527.9000000000001
R006,CNO,T2_SD_CNO,2026_06_22_merged.mat,OF1,2,10560,10560,527.95,527.95
R006,CNO,T2_SD_CNO,2026_06_22_merged.mat,OF1,2,10561,10561,528.0000000000001,528.0000000000001
R006,CNO,T2_SD_CNO,2026_06_22_merged.mat,OF1,2,10562,10562,528.0500000000001,528.0500000000001
R006,CNO,T2_SD_CNO,2026_06_22_merged.mat,OF1,2,10584,10584,529.1500000000001,529.1500000000001
R006,CNO,T2_SD_CNO,2026_06_22_merged.mat,OF1,2,10585,10585,529.2,529.2
R006,CNO,T2_SD_CNO,2026_06_22_merged.mat,OF1,2,10586,10586,529.2500000000001,529.2500000000001
R006,CNO,T2_SD_CNO,2026_06_22_merged.mat,OF1,2,10587,10587,529.3000000000001,529.3000000000001
R006,CNO,T2_SD_CNO,2026_06_22_merged.mat,OF1,2,10588,10588,529.3500000000001,529.3500000000001
R006,CNO,T2_SD_CNO,2026_06_22_merged.mat,OF1,2,10589,10589,529.4000000000001,529.4000000000001
R006,CNO,T2_SD_CNO,2026_06_22_merged.mat,OF1,2,10602,10602,530.0500000000001,530.0500000000001
R006,CNO,T2_SD_CNO,2026_06_22_merged.mat,OF1,2,10728,10728,536.3500000000001,536.3500000000001
R006,CNO,T2_SD_CNO,2026_06_22_merged.mat,OF1,2,10729,10729,536.4000000000001,536.4000000000001
R006,CNO,T2_SD_CNO,2026_06_22_merged.mat,OF1,2,10742,10742,537.0500000000001,537.0500000000001
R006,CNO,T2_SD_CNO,2026_06_22_merged.mat,OF1,2,10743,10743,537.1000000000001,537.1000000000001
R006,CNO,T2_SD_CNO,2026_06_22_merged.mat,OF1,2,10825,10825,541.2,541.2
R006,CNO,T2_SD_CNO,2026_06_22_merged.mat,OF1,2,10826,10826,541.2500000000001,541.2500000000001
R006,CNO,T2_SD_CNO,2026_06_22_merged.mat,OF1,2,10827,10827,541.3000000000001,541.3000000000001
R006,CNO,T2_SD_CNO,2026_06_22_merged.mat,OF1,2,10828,10828,541.3500000000001,541.3500000000001
R006,CNO,T2_SD_CNO,2026_06_22_merged.mat,OF1,2,10829,10829,541.4000000000001,541.4000000000001
R006,CNO,T2_SD_CNO,2026_06_22_merged.mat,OF1,2,10854,10854,542.6500000000001,542.6500000000001
R006,CNO,T2_SD_CNO,2026_06_22_merged.mat,OF1,2,10855,10855,542.7,542.7
R006,CNO,T2_SD_CNO,2026_06_22_merged.mat,OF1,2,10856,10856,542.7500000000001,542.7500000000001
R006,CNO,T2_SD_CNO,2026_06_22_merged.mat,OF1,2,10857,10857,542.8000000000001,542.8000000000001
R006,CNO,T2_SD_CNO,2026_06_22_merged.mat,OF1,2,10877,10877,543.8000000000001,543.8000000000001
R006,CNO,T2_SD_CNO,2026_06_22_merged.mat,OF1,2,10878,10878,543.8500000000001,543.8500000000001
R006,CNO,T2_SD_CNO,2026_06_22_merged.mat,OF1,2,10896,10896,544.7500000000001,544.7500000000001
R006,CNO,T2_SD_CNO,2026_06_22_merged.mat,OF1,2,10897,10897,544.8000000000001,544.8000000000001
R006,CNO,T2_SD_CNO,2026_06_22_merged.mat,OF1,2,10908,10908,545.3500000000001,545.3500000000001
R006,CNO,T2_SD_CNO,2026_06_22_merged.mat,OF1,2,10909,10909,545.4000000000001,545.4000000000001
R006,CNO,T2_SD_CNO,2026_06_22_merged.mat,OF1,2,10924,10924,546.1500000000001,546.1500000000001
R006,CNO,T2_SD_CNO,2026_06_22_merged.mat,OF1,2,10925,10925,546.2,546.2
R006,CNO,T2_SD_CNO,2026_06_22_merged.mat,OF1,2,10926,10926,546.2500000000001,546.2500000000001
R006,CNO,T2_SD_CNO,2026_06_22_merged.mat,OF1,2,10927,10927,546.3000000000001,546.3000000000001
R006,CNO,T2_SD_CNO,2026_06_22_merged.mat,OF1,2,10928,10928,546.3500000000001,546.3500000000001
R006,CNO,T2_SD_CNO,2026_06_22_merged.mat,OF1,2,10929,10929,546.4000000000001,546.4000000000001
R006,CNO,T2_SD_CNO,2026_06_22_merged.mat,OF1,2,10930,10930,546.45,546.45
R006,CNO,T2_SD_CNO,2026_06_22_merged.mat,OF1,2,10945,10945,547.2,547.2
R006,CNO,T2_SD_CNO,2026_06_22_merged.mat,OF1,2,10946,10946,547.2500000000001,547.2500000000001
R006,CNO,T2_SD_CNO,2026_06_22_merged.mat,OF1,2,10947,10947,547.3000000000001,547.3000000000001
R006,CNO,T2_SD_CNO,2026_06_22_merged.mat,OF1,2,10948,10948,547.3500000000001,547.3500000000001
R006,CNO,T2_SD_CNO,2026_06_22_merged.mat,OF1,2,10949,10949,547.4000000000001,547.4000000000001
R006,CNO,T2_SD_CNO,2026_06_22_merged.mat,OF1,2,10950,10950,547.45,547.45
R006,CNO,T2_SD_CNO,2026_06_22_merged.mat,OF1,2,11009,11009,550.4000000000001,550.4000000000001
R006,CNO,T2_SD_CNO,2026_06_22_merged.mat,OF1,2,11010,11010,550.45,550.45
R006,CNO,T2_SD_CNO,2026_06_22_merged.mat,OF1,2,11011,11011,550.5000000000001,550.5000000000001
R006,CNO,T2_SD_CNO,2026_06_22_merged.mat,OF1,2,11012,11012,550.5500000000001,550.5500000000001
R006,CNO,T2_SD_CNO,2026_06_22_merged.mat,OF1,2,11013,11013,550.6000000000001,550.6000000000001
R006,CNO,T2_SD_CNO,2026_06_22_merged.mat,OF1,2,11014,11014,550.6500000000001,550.6500000000001
R006,CNO,T2_SD_CNO,2026_06_22_merged.mat,OF1,2,11015,11015,550.7,550.7
R006,CNO,T2_SD_CNO,2026_06_22_merged.mat,OF1,2,11016,11016,550.7500000000001,550.7500000000001
R006,CNO,T2_SD_CNO,2026_06_22_merged.mat,OF1,2,11017,11017,550.8000000000001,550.8000000000001
R006,CNO,T2_SD_CNO,2026_06_22_merged.mat,OF1,2,11018,11018,550.8500000000001,550.8500000000001
R006,CNO,T2_SD_CNO,2026_06_22_merged.mat,OF1,2,11019,11019,550.9000000000001,550.9000000000001
R006,CNO,T2_SD_CNO,2026_06_22_merged.mat,OF1,2,11020,11020,550.95,550.95
R006,CNO,T2_SD_CNO,2026_06_22_merged.mat,OF1,2,11021,11021,551.0000000000001,551.0000000000001
R006,CNO,T2_SD_CNO,2026_06_22_merged.mat,OF1,2,11022,11022,551.0500000000001,551.0500000000001
R006,CNO,T2_SD_CNO,2026_06_22_merged.mat,OF1,2,11023,11023,551.1000000000001,551.1000000000001
R006,CNO,T2_SD_CNO,2026_06_22_merged.mat,OF1,2,11031,11031,551.5000000000001,551.5000000000001
R006,CNO,T2_SD_CNO,2026_06_22_merged.mat,OF1,2,11032,11032,551.5500000000001,551.5500000000001
R006,CNO,T2_SD_CNO,2026_06_22_merged.mat,OF1,2,11033,11033,551.6000000000001,551.6000000000001
R006,CNO,T2_SD_CNO,2026_06_22_merged.mat,OF1,2,11058,11058,552.8500000000001,552.8500000000001
R006,CNO,T2_SD_CNO,2026_06_22_merged.mat,OF1,2,11059,11059,552.9000000000001,552.9000000000001
R006,CNO,T2_SD_CNO,2026_06_22_merged.mat,OF1,2,11060,11060,552.95,552.95
R006,CNO,T2_SD_CNO,2026_06_22_merged.mat,OF1,2,11061,11061,553.0000000000001,553.0000000000001
R006,CNO,T2_SD_CNO,2026_06_22_merged.mat,OF1,2,11079,11079,553.9000000000001,553.9000000000001
R006,CNO,T2_SD_CNO,2026_06_22_merged.mat,OF1,1,11087,11087,554.3000000000001,554.3000000000001
R006,CNO,T2_SD_CNO,2026_06_22_merged.mat,OF1,1,11088,11088,554.3500000000001,554.3500000000001
R006,CNO,T2_SD_CNO,2026_06_22_merged.mat,OF1,2,11096,11096,554.7500000000001,554.7500000000001
R006,CNO,T2_SD_CNO,2026_06_22_merged.mat,OF1,2,11097,11097,554.8000000000001,554.8000000000001
R006,CNO,T2_SD_CNO,2026_06_22_merged.mat,OF1,2,11177,11177,558.8000000000001,558.8000000000001
R006,CNO,T2_SD_CNO,2026_06_22_merged.mat,OF1,2,11178,11178,558.8500000000001,558.8500000000001
R006,CNO,T2_SD_CNO,2026_06_22_merged.mat,OF1,2,11179,11179,558.9000000000001,558.9000000000001
R006,CNO,T2_SD_CNO,2026_06_22_merged.mat,OF1,2,11191,11191,559.5000000000001,559.5000000000001
R006,CNO,T2_SD_CNO,2026_06_22_merged.mat,OF1,2,11210,11210,560.45,560.45
R006,CNO,T2_SD_CNO,2026_06_22_merged.mat,OF1,2,11211,11211,560.5000000000001,560.5000000000001
R006,CNO,T2_SD_CNO,2026_06_22_merged.mat,OF1,2,11212,11212,560.5500000000001,560.5500000000001
R006,CNO,T2_SD_CNO,2026_06_22_merged.mat,OF1,2,11213,11213,560.6000000000001,560.6000000000001
R006,CNO,T2_SD_CNO,2026_06_22_merged.mat,OF1,2,11269,11269,563.4000000000001,563.4000000000001
R006,CNO,T2_SD_CNO,2026_06_22_merged.mat,OF1,2,11270,11270,563.45,563.45
R006,CNO,T2_SD_CNO,2026_06_22_merged.mat,OF1,2,11271,11271,563.5000000000001,563.5000000000001
R006,CNO,T2_SD_CNO,2026_06_22_merged.mat,OF1,2,11272,11272,563.5500000000001,563.5500000000001
R006,CNO,T2_SD_CNO,2026_06_22_merged.mat,OF1,2,11273,11273,563.6000000000001,563.6000000000001
R006,CNO,T2_SD_CNO,2026_06_22_merged.mat,OF1,2,11274,11274,563.6500000000001,563.6500000000001
R006,CNO,T2_SD_CNO,2026_06_22_merged.mat,OF1,2,11275,11275,563.7,563.7
R006,CNO,T2_SD_CNO,2026_06_22_merged.mat,OF1,2,11276,11276,563.7500000000001,563.7500000000001
R006,CNO,T2_SD_CNO,2026_06_22_merged.mat,OF1,2,11277,11277,563.8000000000001,563.8000000000001
R006,CNO,T2_SD_CNO,2026_06_22_merged.mat,OF1,2,11278,11278,563.8500000000001,563.8500000000001
R006,CNO,T2_SD_CNO,2026_06_22_merged.mat,OF1,2,11279,11279,563.9000000000001,563.9000000000001
R006,CNO,T2_SD_CNO,2026_06_22_merged.mat,OF1,2,11280,11280,563.95,563.95
R006,CNO,T2_SD_CNO,2026_06_22_merged.mat,OF1,2,11281,11281,564.0000000000001,564.0000000000001
R006,CNO,T2_SD_CNO,2026_06_22_merged.mat,OF1,2,11282,11282,564.0500000000001,564.0500000000001
R006,CNO,T2_SD_CNO,2026_06_22_merged.mat,OF1,2,11283,11283,564.1000000000001,564.1000000000001
R006,CNO,T2_SD_CNO,2026_06_22_merged.mat,OF1,2,11284,11284,564.1500000000001,564.1500000000001
R006,CNO,T2_SD_CNO,2026_06_22_merged.mat,OF1,2,11285,11285,564.2,564.2
R006,CNO,T2_SD_CNO,2026_06_22_merged.mat,OF1,2,11286,11286,564.2500000000001,564.2500000000001
R006,CNO,T2_SD_CNO,2026_06_22_merged.mat,OF1,1,11336,11336,566.7500000000001,566.7500000000001
R006,CNO,T2_SD_CNO,2026_06_22_merged.mat,OF1,1,11337,11337,566.8000000000001,566.8000000000001
R006,CNO,T2_SD_CNO,2026_06_22_merged.mat,OF1,1,11338,11338,566.8500000000001,566.8500000000001
R006,CNO,T2_SD_CNO,2026_06_22_merged.mat,OF1,1,11339,11339,566.9000000000001,566.9000000000001
R006,CNO,T2_SD_CNO,2026_06_22_merged.mat,OF1,1,11340,11340,566.95,566.95
R006,CNO,T2_SD_CNO,2026_06_22_merged.mat,OF1,1,11341,11341,567.0000000000001,567.0000000000001
R006,CNO,T2_SD_CNO,2026_06_22_merged.mat,OF1,2,11428,11428,571.3500000000001,571.3500000000001
R006,CNO,T2_SD_CNO,2026_06_22_merged.mat,OF1,2,11429,11429,571.4000000000001,571.4000000000001
R006,CNO,T2_SD_CNO,2026_06_22_merged.mat,OF1,2,11430,11430,571.45,571.45
R006,CNO,T2_SD_CNO,2026_06_22_merged.mat,OF1,2,11431,11431,571.5000000000001,571.5000000000001
R006,CNO,T2_SD_CNO,2026_06_22_merged.mat,OF1,2,11432,11432,571.5500000000001,571.5500000000001
R006,CNO,T2_SD_CNO,2026_06_22_merged.mat,OF1,2,11433,11433,571.6000000000001,571.6000000000001
R006,CNO,T2_SD_CNO,2026_06_22_merged.mat,OF1,2,11434,11434,571.6500000000001,571.6500000000001
R006,CNO,T2_SD_CNO,2026_06_22_merged.mat,OF1,2,11435,11435,571.7,571.7
R006,CNO,T2_SD_CNO,2026_06_22_merged.mat,OF1,2,11458,11458,572.8500000000001,572.8500000000001
R006,CNO,T2_SD_CNO,2026_06_22_merged.mat,OF1,2,11459,11459,572.9000000000001,572.9000000000001
R006,CNO,T2_SD_CNO,2026_06_22_merged.mat,OF1,2,11460,11460,572.95,572.95
R006,CNO,T2_SD_CNO,2026_06_22_merged.mat,OF1,2,11461,11461,573.0000000000001,573.0000000000001
R006,CNO,T2_SD_CNO,2026_06_22_merged.mat,OF1,2,11462,11462,573.0500000000001,573.0500000000001
R006,CNO,T2_SD_CNO,2026_06_22_merged.mat,OF1,2,11463,11463,573.1000000000001,573.1000000000001
R006,CNO,T2_SD_CNO,2026_06_22_merged.mat,OF1,2,11464,11464,573.1500000000001,573.1500000000001
R006,CNO,T2_SD_CNO,2026_06_22_merged.mat,OF1,2,11521,11521,576.0000000000001,576.0000000000001
R006,CNO,T2_SD_CNO,2026_06_22_merged.mat,OF1,2,11522,11522,576.0500000000001,576.0500000000001
R006,CNO,T2_SD_CNO,2026_06_22_merged.mat,OF1,2,11523,11523,576.1000000000001,576.1000000000001
R006,CNO,T2_SD_CNO,2026_06_22_merged.mat,OF1,2,11524,11524,576.1500000000001,576.1500000000001
R006,CNO,T2_SD_CNO,2026_06_22_merged.mat,OF1,2,11525,11525,576.2,576.2
R006,CNO,T2_SD_CNO,2026_06_22_merged.mat,OF1,2,11526,11526,576.2500000000001,576.2500000000001
R006,CNO,T2_SD_CNO,2026_06_22_merged.mat,OF1,2,11536,11536,576.7500000000001,576.7500000000001
R006,CNO,T2_SD_CNO,2026_06_22_merged.mat,OF1,2,11537,11537,576.8000000000001,576.8000000000001
R006,CNO,T2_SD_CNO,2026_06_22_merged.mat,OF1,2,11538,11538,576.8500000000001,576.8500000000001
R006,CNO,T2_SD_CNO,2026_06_22_merged.mat,OF1,2,11539,11539,576.9000000000001,576.9000000000001
R006,CNO,T2_SD_CNO,2026_06_22_merged.mat,OF1,2,11540,11540,576.95,576.95
R006,CNO,T2_SD_CNO,2026_06_22_merged.mat,OF1,2,11541,11541,577.0000000000001,577.0000000000001
R006,CNO,T2_SD_CNO,2026_06_22_merged.mat,OF1,2,11542,11542,577.0500000000001,577.0500000000001
R006,CNO,T2_SD_CNO,2026_06_22_merged.mat,OF1,2,11550,11550,577.45,577.45
R006,CNO,T2_SD_CNO,2026_06_22_merged.mat,OF1,2,11597,11597,579.8000000000001,579.8000000000001
R006,CNO,T2_SD_CNO,2026_06_22_merged.mat,OF1,2,11598,11598,579.8500000000001,579.8500000000001
R006,CNO,T2_SD_CNO,2026_06_22_merged.mat,OF1,2,11599,11599,579.9000000000001,579.9000000000001
R006,CNO,T2_SD_CNO,2026_06_22_merged.mat,OF1,2,11600,11600,579.95,579.95
R006,CNO,T2_SD_CNO,2026_06_22_merged.mat,OF1,2,11601,11601,580.0000000000001,580.0000000000001
R006,CNO,T2_SD_CNO,2026_06_22_merged.mat,OF1,2,11602,11602,580.0500000000001,580.0500000000001
R006,CNO,T2_SD_CNO,2026_06_22_merged.mat,OF1,2,11610,11610,580.45,580.45
R006,CNO,T2_SD_CNO,2026_06_22_merged.mat,OF1,2,11611,11611,580.5000000000001,580.5000000000001
R006,CNO,T2_SD_CNO,2026_06_22_merged.mat,OF1,2,11612,11612,580.5500000000001,580.5500000000001
R006,CNO,T2_SD_CNO,2026_06_22_merged.mat,OF1,2,11613,11613,580.6000000000001,580.6000000000001
R006,CNO,T2_SD_CNO,2026_06_22_merged.mat,OF1,2,11623,11623,581.1000000000001,581.1000000000001
R006,CNO,T2_SD_CNO,2026_06_22_merged.mat,OF1,2,11655,11655,582.7,582.7
R006,CNO,T2_SD_CNO,2026_06_22_merged.mat,OF1,2,11656,11656,582.7500000000001,582.7500000000001
R006,CNO,T2_SD_CNO,2026_06_22_merged.mat,OF1,2,11657,11657,582.8000000000001,582.8000000000001
R006,CNO,T2_SD_CNO,2026_06_22_merged.mat,OF1,2,11658,11658,582.8500000000001,582.8500000000001
R006,CNO,T2_SD_CNO,2026_06_22_merged.mat,OF1,2,11674,11674,583.6500000000001,583.6500000000001
R006,CNO,T2_SD_CNO,2026_06_22_merged.mat,OF1,2,11675,11675,583.7,583.7
R006,CNO,T2_SD_CNO,2026_06_22_merged.mat,OF1,2,11676,11676,583.7500000000001,583.7500000000001
R006,CNO,T2_SD_CNO,2026_06_22_merged.mat,OF1,2,11677,11677,583.8000000000001,583.8000000000001
R006,CNO,T2_SD_CNO,2026_06_22_merged.mat,OF1,2,11678,11678,583.8500000000001,583.8500000000001
R006,CNO,T2_SD_CNO,2026_06_22_merged.mat,OF1,2,11679,11679,583.9000000000001,583.9000000000001
R006,CNO,T2_SD_CNO,2026_06_22_merged.mat,OF1,2,11690,11690,584.45,584.45
R006,CNO,T2_SD_CNO,2026_06_22_merged.mat,OF1,2,11691,11691,584.5000000000001,584.5000000000001
R006,CNO,T2_SD_CNO,2026_06_22_merged.mat,OF1,2,11692,11692,584.5500000000001,584.5500000000001
R006,CNO,T2_SD_CNO,2026_06_22_merged.mat,OF1,2,11693,11693,584.6000000000001,584.6000000000001
R006,CNO,T2_SD_CNO,2026_06_22_merged.mat,OF1,1,11711,11711,585.5000000000001,585.5000000000001
R006,CNO,T2_SD_CNO,2026_06_22_merged.mat,OF1,1,11712,11712,585.5500000000001,585.5500000000001
R006,CNO,T2_SD_CNO,2026_06_22_merged.mat,OF1,1,11713,11713,585.6000000000001,585.6000000000001
R006,CNO,T2_SD_CNO,2026_06_22_merged.mat,OF1,1,11714,11714,585.6500000000001,585.6500000000001
R006,CNO,T2_SD_CNO,2026_06_22_merged.mat,OF1,1,11715,11715,585.7,585.7
R006,CNO,T2_SD_CNO,2026_06_22_merged.mat,OF1,1,11716,11716,585.7500000000001,585.7500000000001
R006,CNO,T2_SD_CNO,2026_06_22_merged.mat,OF1,1,11717,11717,585.8000000000001,585.8000000000001
R006,CNO,T2_SD_CNO,2026_06_22_merged.mat,OF1,2,11787,11787,589.3000000000001,589.3000000000001
R006,CNO,T2_SD_CNO,2026_06_22_merged.mat,OF1,2,11788,11788,589.3500000000001,589.3500000000001
R006,CNO,T2_SD_CNO,2026_06_22_merged.mat,OF1,2,11789,11789,589.4000000000001,589.4000000000001
R006,CNO,T2_SD_CNO,2026_06_22_merged.mat,OF1,2,11790,11790,589.45,589.45
R006,CNO,T2_SD_CNO,2026_06_22_merged.mat,OF1,2,11791,11791,589.5000000000001,589.5000000000001
R006,CNO,T2_SD_CNO,2026_06_22_merged.mat,OF1,2,11792,11792,589.5500000000001,589.5500000000001
R006,CNO,T2_SD_CNO,2026_06_22_merged.mat,OF1,2,11811,11811,590.5000000000001,590.5000000000001
R006,CNO,T2_SD_CNO,2026_06_22_merged.mat,OF1,2,11812,11812,590.5500000000001,590.5500000000001
R006,CNO,T2_SD_CNO,2026_06_22_merged.mat,OF1,2,11813,11813,590.6000000000001,590.6000000000001
R006,CNO,T2_SD_CNO,2026_06_22_merged.mat,OF1,2,11814,11814,590.6500000000001,590.6500000000001
R006,CNO,T2_SD_CNO,2026_06_22_merged.mat,OF1,2,11825,11825,591.2,591.2
R006,CNO,T2_SD_CNO,2026_06_22_merged.mat,OF1,2,11826,11826,591.2500000000001,591.2500000000001
R006,CNO,T2_SD_CNO,2026_06_22_merged.mat,OF1,2,11827,11827,591.3000000000001,591.3000000000001
R006,CNO,T2_SD_CNO,2026_06_22_merged.mat,OF1,2,11828,11828,591.3500000000001,591.3500000000001
R006,CNO,T2_SD_CNO,2026_06_22_merged.mat,OF1,2,11829,11829,591.4000000000001,591.4000000000001
R006,CNO,T2_SD_CNO,2026_06_22_merged.mat,OF1,2,11830,11830,591.45,591.45
R006,CNO,T2_SD_CNO,2026_06_22_merged.mat,OF1,2,11831,11831,591.5000000000001,591.5000000000001
R006,CNO,T2_SD_CNO,2026_06_22_merged.mat,OF1,2,11832,11832,591.5500000000001,591.5500000000001
R006,CNO,T2_SD_CNO,2026_06_22_merged.mat,OF1,2,11833,11833,591.6000000000001,591.6000000000001
R006,CNO,T2_SD_CNO,2026_06_22_merged.mat,OF1,2,11848,11848,592.3500000000001,592.3500000000001
R006,CNO,T2_SD_CNO,2026_06_22_merged.mat,OF1,2,11849,11849,592.4000000000001,592.4000000000001
R006,CNO,T2_SD_CNO,2026_06_22_merged.mat,OF1,2,11850,11850,592.45,592.45
R006,CNO,T2_SD_CNO,2026_06_22_merged.mat,OF1,2,11851,11851,592.5000000000001,592.5000000000001
R006,CNO,T2_SD_CNO,2026_06_22_merged.mat,OF1,2,11852,11852,592.5500000000001,592.5500000000001
R006,CNO,T2_SD_CNO,2026_06_22_merged.mat,OF1,2,11858,11858,592.8500000000001,592.8500000000001
R006,CNO,T2_SD_CNO,2026_06_22_merged.mat,OF1,2,11859,11859,592.9000000000001,592.9000000000001
R006,CNO,T2_SD_CNO,2026_06_22_merged.mat,OF1,2,11860,11860,592.95,592.95
R006,CNO,T2_SD_CNO,2026_06_22_merged.mat,OF1,2,11861,11861,593.0000000000001,593.0000000000001
R006,CNO,T2_SD_CNO,2026_06_22_merged.mat,OF1,2,11862,11862,593.0500000000001,593.0500000000001
R006,CNO,T2_SD_CNO,2026_06_22_merged.mat,OF1,2,11863,11863,593.1000000000001,593.1000000000001
R006,CNO,T2_SD_CNO,2026_06_22_merged.mat,OF1,2,11892,11892,594.5500000000001,594.5500000000001
R006,CNO,T2_SD_CNO,2026_06_22_merged.mat,OF1,2,11893,11893,594.6000000000001,594.6000000000001
R006,CNO,T2_SD_CNO,2026_06_22_merged.mat,OF1,2,11894,11894,594.6500000000001,594.6500000000001
R006,CNO,T2_SD_CNO,2026_06_22_merged.mat,OF1,2,11895,11895,594.7,594.7
R006,CNO,T2_SD_CNO,2026_06_22_merged.mat,OF1,2,11896,11896,594.7500000000001,594.7500000000001
R006,CNO,T2_SD_CNO,2026_06_22_merged.mat,OF1,2,11897,11897,594.8000000000001,594.8000000000001
R006,CNO,T2_SD_CNO,2026_06_22_merged.mat,OF1,2,11905,11905,595.2,595.2
R006,CNO,T2_SD_CNO,2026_06_22_merged.mat,OF1,2,11906,11906,595.2500000000001,595.2500000000001
R006,CNO,T2_SD_CNO,2026_06_22_merged.mat,OF1,2,11957,11957,597.8000000000001,597.8000000000001
R006,CNO,T2_SD_CNO,2026_06_22_merged.mat,OF1,2,11960,11960,597.95,597.95
R006,CNO,T2_SD_CNO,2026_06_22_merged.mat,OF1,2,11961,11961,598.0000000000001,598.0000000000001
R006,CNO,T2_SD_CNO,2026_06_22_merged.mat,OF1,2,11962,11962,598.0500000000001,598.0500000000001
R006,CNO,T2_SD_CNO,2026_06_22_merged.mat,OF1,2,11963,11963,598.1000000000001,598.1000000000001
R006,CNO,T2_SD_CNO,2026_06_22_merged.mat,OF1,2,11964,11964,598.1500000000001,598.1500000000001
R006,CNO,T2_SD_CNO,2026_06_22_merged.mat,OF1,2,11965,11965,598.2,598.2
R006,CNO,T2_SD_CNO,2026_06_22_merged.mat,OF1,2,11966,11966,598.2500000000001,598.2500000000001
R006,CNO,T2_SD_CNO,2026_06_22_merged.mat,OF1,2,11967,11967,598.3000000000001,598.3000000000001
R006,CNO,T2_SD_CNO,2026_06_22_merged.mat,OF1,2,11968,11968,598.3500000000001,598.3500000000001
R006,CNO,T2_SD_CNO,2026_06_22_merged.mat,OF1,2,11987,11987,599.3000000000001,599.3000000000001
R006,CNO,T2_SD_CNO,2026_06_22_merged.mat,OF1,2,11988,11988,599.3500000000001,599.3500000000001
R006,CNO,T2_SD_CNO,2026_06_22_merged.mat,OF1,2,11989,11989,599.4000000000001,599.4000000000001
R006,CNO,T2_SD_CNO,2026_06_22_merged.mat,OF1,2,11990,11990,599.45,599.45
R006,CNO,T2_SD_CNO,2026_06_22_merged.mat,OF1,2,11991,11991,599.5000000000001,599.5000000000001
R006,CNO,T2_SD_CNO,2026_06_22_merged.mat,OF1,2,11992,11992,599.5500000000001,599.5500000000001
R006,CNO,T2_SD_CNO,2026_06_22_merged.mat,OF1,2,12013,12013,600.6000000000001,600.6000000000001
R006,CNO,T2_SD_CNO,2026_06_22_merged.mat,OF1,2,12014,12014,600.6500000000001,600.6500000000001
R006,CNO,T2_SD_CNO,2026_06_22_merged.mat,OF1,2,12026,12026,601.2500000000001,601.2500000000001
R006,CNO,T2_SD_CNO,2026_06_22_merged.mat,OF1,2,12027,12027,601.3000000000001,601.3000000000001
R006,CNO,T2_SD_CNO,2026_06_22_merged.mat,OF1,2,12028,12028,601.3500000000001,601.3500000000001
R006,CNO,T2_SD_CNO,2026_06_22_merged.mat,OF1,2,12029,12029,601.4000000000001,601.4000000000001
R006,CNO,T2_SD_CNO,2026_06_22_merged.mat,OF1,2,12036,12036,601.7500000000001,601.7500000000001
R006,CNO,T2_SD_CNO,2026_06_22_merged.mat,OF1,2,12037,12037,601.8000000000001,601.8000000000001
R006,CNO,T2_SD_CNO,2026_06_22_merged.mat,OF1,2,12038,12038,601.8500000000001,601.8500000000001
R006,CNO,T2_SD_CNO,2026_06_22_merged.mat,OF1,2,12039,12039,601.9000000000001,601.9000000000001
R006,CNO,T2_SD_CNO,2026_06_22_merged.mat,OF1,2,12060,12060,602.95,602.95
R006,CNO,T2_SD_CNO,2026_06_22_merged.mat,OF1,2,12061,12061,603.0000000000001,603.0000000000001
R006,CNO,T2_SD_CNO,2026_06_22_merged.mat,OF1,2,12062,12062,603.0500000000001,603.0500000000001
R006,CNO,T2_SD_CNO,2026_06_22_merged.mat,OF1,2,12067,12067,603.3000000000001,603.3000000000001
R006,CNO,T2_SD_CNO,2026_06_22_merged.mat,OF1,2,12068,12068,603.3500000000001,603.3500000000001
R006,CNO,T2_SD_CNO,2026_06_22_merged.mat,OF1,2,12069,12069,603.4000000000001,603.4000000000001
R006,CNO,T2_SD_CNO,2026_06_22_merged.mat,OF1,2,12070,12070,603.45,603.45
R006,CNO,T2_SD_CNO,2026_06_22_merged.mat,OF1,2,12071,12071,603.5000000000001,603.5000000000001
R006,CNO,T2_SD_CNO,2026_06_22_merged.mat,OF1,2,12072,12072,603.5500000000001,603.5500000000001
R006,CNO,T2_SD_CNO,2026_06_22_merged.mat,OF1,2,12157,12157,607.8000000000001,607.8000000000001
R006,CNO,T2_SD_CNO,2026_06_22_merged.mat,OF1,2,12158,12158,607.8500000000001,607.8500000000001
R006,CNO,T2_SD_CNO,2026_06_22_merged.mat,OF1,2,12168,12168,608.3500000000001,608.3500000000001
R006,CNO,T2_SD_CNO,2026_06_22_merged.mat,OF1,2,12169,12169,608.4000000000001,608.4000000000001
R006,CNO,T2_SD_CNO,2026_06_22_merged.mat,OF1,2,12170,12170,608.45,608.45
R006,CNO,T2_SD_CNO,2026_06_22_merged.mat,OF1,2,12171,12171,608.5000000000001,608.5000000000001
R006,CNO,T2_SD_CNO,2026_06_22_merged.mat,OF1,2,12172,12172,608.5500000000001,608.5500000000001
R006,CNO,T2_SD_CNO,2026_06_22_merged.mat,OF1,2,12173,12173,608.6000000000001,608.6000000000001
R006,CNO,T2_SD_CNO,2026_06_22_merged.mat,OF1,2,12174,12174,608.6500000000001,608.6500000000001
R006,CNO,T2_SD_CNO,2026_06_22_merged.mat,OF1,2,12175,12175,608.7,608.7
R006,CNO,T2_SD_CNO,2026_06_22_merged.mat,OF1,2,12176,12176,608.7500000000001,608.7500000000001
R006,CNO,T2_SD_CNO,2026_06_22_merged.mat,OF1,2,12177,12177,608.8000000000001,608.8000000000001
R006,CNO,T2_SD_CNO,2026_06_22_merged.mat,OF1,2,12178,12178,608.8500000000001,608.8500000000001
R006,CNO,T2_SD_CNO,2026_06_22_merged.mat,OF1,2,12183,12183,609.1000000000001,609.1000000000001
R006,CNO,T2_SD_CNO,2026_06_22_merged.mat,OF1,2,12184,12184,609.1500000000001,609.1500000000001
R006,CNO,T2_SD_CNO,2026_06_22_merged.mat,OF1,2,12185,12185,609.2,609.2
R006,CNO,T2_SD_CNO,2026_06_22_merged.mat,OF1,2,12199,12199,609.9000000000001,609.9000000000001
R006,CNO,T2_SD_CNO,2026_06_22_merged.mat,OF1,2,12200,12200,609.95,609.95
R006,CNO,T2_SD_CNO,2026_06_22_merged.mat,OF1,2,12235,12235,611.7,611.7
R006,CNO,T2_SD_CNO,2026_06_22_merged.mat,OF1,2,12236,12236,611.7500000000001,611.7500000000001
R006,CNO,T2_SD_CNO,2026_06_22_merged.mat,OF1,2,12237,12237,611.8000000000001,611.8000000000001
R006,CNO,T2_SD_CNO,2026_06_22_merged.mat,OF1,2,12238,12238,611.8500000000001,611.8500000000001
R006,CNO,T2_SD_CNO,2026_06_22_merged.mat,OF1,2,12239,12239,611.9000000000001,611.9000000000001
R006,CNO,T2_SD_CNO,2026_06_22_merged.mat,OF1,1,12255,12255,612.7,612.7
R006,CNO,T2_SD_CNO,2026_06_22_merged.mat,OF1,1,12256,12256,612.7500000000001,612.7500000000001
R006,CNO,T2_SD_CNO,2026_06_22_merged.mat,OF1,2,12270,12270,613.45,613.45
R006,CNO,T2_SD_CNO,2026_06_22_merged.mat,OF1,2,12271,12271,613.5000000000001,613.5000000000001
R006,CNO,T2_SD_CNO,2026_06_22_merged.mat,OF1,2,12272,12272,613.5500000000001,613.5500000000001
R006,CNO,T2_SD_CNO,2026_06_22_merged.mat,OF1,2,12273,12273,613.6000000000001,613.6000000000001
R006,CNO,T2_SD_CNO,2026_06_22_merged.mat,OF1,2,12274,12274,613.6500000000001,613.6500000000001
R006,CNO,T2_SD_CNO,2026_06_22_merged.mat,OF1,1,12293,12293,614.6000000000001,614.6000000000001
R006,CNO,T2_SD_CNO,2026_06_22_merged.mat,OF1,1,12294,12294,614.6500000000001,614.6500000000001
R006,CNO,T2_SD_CNO,2026_06_22_merged.mat,OF1,1,12295,12295,614.7,614.7
R006,CNO,T2_SD_CNO,2026_06_22_merged.mat,OF1,1,12296,12296,614.7500000000001,614.7500000000001
R006,CNO,T2_SD_CNO,2026_06_22_merged.mat,OF1,2,12313,12313,615.6000000000001,615.6000000000001
R006,CNO,T2_SD_CNO,2026_06_22_merged.mat,OF1,2,12360,12360,617.95,617.95
R006,CNO,T2_SD_CNO,2026_06_22_merged.mat,OF1,1,12367,12367,618.3000000000001,618.3000000000001
R006,CNO,T2_SD_CNO,2026_06_22_merged.mat,OF1,1,12368,12368,618.3500000000001,618.3500000000001
R006,CNO,T2_SD_CNO,2026_06_22_merged.mat,OF1,1,12369,12369,618.4000000000001,618.4000000000001
R006,CNO,T2_SD_CNO,2026_06_22_merged.mat,OF1,2,12391,12391,619.5000000000001,619.5000000000001
R006,CNO,T2_SD_CNO,2026_06_22_merged.mat,OF1,2,12392,12392,619.5500000000001,619.5500000000001
R006,CNO,T2_SD_CNO,2026_06_22_merged.mat,OF1,2,12393,12393,619.6000000000001,619.6000000000001
R006,CNO,T2_SD_CNO,2026_06_22_merged.mat,OF1,2,12394,12394,619.6500000000001,619.6500000000001
R006,CNO,T2_SD_CNO,2026_06_22_merged.mat,OF1,2,12395,12395,619.7,619.7
R006,CNO,T2_SD_CNO,2026_06_22_merged.mat,OF1,2,12396,12396,619.7500000000001,619.7500000000001
R006,CNO,T2_SD_CNO,2026_06_22_merged.mat,OF1,2,12405,12405,620.2,620.2
R006,CNO,T2_SD_CNO,2026_06_22_merged.mat,OF1,2,12406,12406,620.2500000000001,620.2500000000001
R006,CNO,T2_SD_CNO,2026_06_22_merged.mat,OF1,2,12407,12407,620.3000000000001,620.3000000000001
R006,CNO,T2_SD_CNO,2026_06_22_merged.mat,OF1,2,12408,12408,620.3500000000001,620.3500000000001
R006,CNO,T2_SD_CNO,2026_06_22_merged.mat,OF1,2,12409,12409,620.4000000000001,620.4000000000001
R006,CNO,T2_SD_CNO,2026_06_22_merged.mat,OF1,2,12410,12410,620.45,620.45
R006,CNO,T2_SD_CNO,2026_06_22_merged.mat,OF1,2,12411,12411,620.5000000000001,620.5000000000001
R006,CNO,T2_SD_CNO,2026_06_22_merged.mat,OF1,1,12432,12432,621.5500000000001,621.5500000000001
R006,CNO,T2_SD_CNO,2026_06_22_merged.mat,OF1,1,12433,12433,621.6000000000001,621.6000000000001
R006,CNO,T2_SD_CNO,2026_06_22_merged.mat,OF1,1,12476,12476,623.7500000000001,623.7500000000001
R006,CNO,T2_SD_CNO,2026_06_22_merged.mat,OF1,1,12477,12477,623.8000000000001,623.8000000000001
R006,CNO,T2_SD_CNO,2026_06_22_merged.mat,OF1,2,12490,12490,624.45,624.45
R006,CNO,T2_SD_CNO,2026_06_22_merged.mat,OF1,2,12491,12491,624.5000000000001,624.5000000000001
R006,CNO,T2_SD_CNO,2026_06_22_merged.mat,OF1,2,12492,12492,624.5500000000001,624.5500000000001
R006,CNO,T2_SD_CNO,2026_06_22_merged.mat,OF1,2,12493,12493,624.6000000000001,624.6000000000001
R006,CNO,T2_SD_CNO,2026_06_22_merged.mat,OF1,2,12494,12494,624.6500000000001,624.6500000000001
R006,CNO,T2_SD_CNO,2026_06_22_merged.mat,OF1,2,12495,12495,624.7,624.7
R006,CNO,T2_SD_CNO,2026_06_22_merged.mat,OF1,2,12496,12496,624.7500000000001,624.7500000000001
R006,CNO,T2_SD_CNO,2026_06_22_merged.mat,OF1,2,12520,12520,625.95,625.95
R006,CNO,T2_SD_CNO,2026_06_22_merged.mat,OF1,2,12521,12521,626.0000000000001,626.0000000000001
R006,CNO,T2_SD_CNO,2026_06_22_merged.mat,OF1,2,12522,12522,626.0500000000001,626.0500000000001
R006,CNO,T2_SD_CNO,2026_06_22_merged.mat,OF1,2,12523,12523,626.1000000000001,626.1000000000001
R006,CNO,T2_SD_CNO,2026_06_22_merged.mat,OF1,2,12524,12524,626.1500000000001,626.1500000000001
R006,CNO,T2_SD_CNO,2026_06_22_merged.mat,OF1,2,12525,12525,626.2,626.2
R006,CNO,T2_SD_CNO,2026_06_22_merged.mat,OF1,2,12526,12526,626.2500000000001,626.2500000000001
R006,CNO,T2_SD_CNO,2026_06_22_merged.mat,OF1,2,12527,12527,626.3000000000001,626.3000000000001
R006,CNO,T2_SD_CNO,2026_06_22_merged.mat,OF1,2,12538,12538,626.8500000000001,626.8500000000001
R006,CNO,T2_SD_CNO,2026_06_22_merged.mat,OF1,2,12539,12539,626.9000000000001,626.9000000000001
R006,CNO,T2_SD_CNO,2026_06_22_merged.mat,OF1,2,12540,12540,626.95,626.95
R006,CNO,T2_SD_CNO,2026_06_22_merged.mat,OF1,2,12541,12541,627.0000000000001,627.0000000000001
R006,CNO,T2_SD_CNO,2026_06_22_merged.mat,OF1,2,12542,12542,627.0500000000001,627.0500000000001
R006,CNO,T2_SD_CNO,2026_06_22_merged.mat,OF1,2,12568,12568,628.3500000000001,628.3500000000001
R006,CNO,T2_SD_CNO,2026_06_22_merged.mat,OF1,2,12569,12569,628.4000000000001,628.4000000000001
R006,CNO,T2_SD_CNO,2026_06_22_merged.mat,OF1,2,12570,12570,628.45,628.45
R006,CNO,T2_SD_CNO,2026_06_22_merged.mat,OF1,2,12571,12571,628.5000000000001,628.5000000000001
R006,CNO,T2_SD_CNO,2026_06_22_merged.mat,OF1,2,12572,12572,628.5500000000001,628.5500000000001
R006,CNO,T2_SD_CNO,2026_06_22_merged.mat,OF1,2,12573,12573,628.6000000000001,628.6000000000001
R006,CNO,T2_SD_CNO,2026_06_22_merged.mat,OF1,2,12574,12574,628.6500000000001,628.6500000000001
R006,CNO,T2_SD_CNO,2026_06_22_merged.mat,OF1,2,12575,12575,628.7,628.7
R006,CNO,T2_SD_CNO,2026_06_22_merged.mat,OF1,2,12576,12576,628.7500000000001,628.7500000000001
R006,CNO,T2_SD_CNO,2026_06_22_merged.mat,OF1,2,12577,12577,628.8000000000001,628.8000000000001
R006,CNO,T2_SD_CNO,2026_06_22_merged.mat,OF1,2,12602,12602,630.0500000000001,630.0500000000001
R006,CNO,T2_SD_CNO,2026_06_22_merged.mat,OF1,2,12603,12603,630.1000000000001,630.1000000000001
R006,CNO,T2_SD_CNO,2026_06_22_merged.mat,OF1,2,12604,12604,630.1500000000001,630.1500000000001
R006,CNO,T2_SD_CNO,2026_06_22_merged.mat,OF1,2,12605,12605,630.2,630.2
R006,CNO,T2_SD_CNO,2026_06_22_merged.mat,OF1,1,12621,12621,631.0000000000001,631.0000000000001
R006,CNO,T2_SD_CNO,2026_06_22_merged.mat,OF1,1,12622,12622,631.0500000000001,631.0500000000001
R006,CNO,T2_SD_CNO,2026_06_22_merged.mat,OF1,1,12623,12623,631.1000000000001,631.1000000000001
R006,CNO,T2_SD_CNO,2026_06_22_merged.mat,OF1,2,12635,12635,631.7,631.7
R006,CNO,T2_SD_CNO,2026_06_22_merged.mat,OF1,2,12636,12636,631.7500000000001,631.7500000000001
R006,CNO,T2_SD_CNO,2026_06_22_merged.mat,OF1,2,12637,12637,631.8000000000001,631.8000000000001
R006,CNO,T2_SD_CNO,2026_06_22_merged.mat,OF1,2,12638,12638,631.8500000000001,631.8500000000001
R006,CNO,T2_SD_CNO,2026_06_22_merged.mat,OF1,2,12639,12639,631.9000000000001,631.9000000000001
R006,CNO,T2_SD_CNO,2026_06_22_merged.mat,OF1,2,12640,12640,631.95,631.95
R006,CNO,T2_SD_CNO,2026_06_22_merged.mat,OF1,2,12648,12648,632.3500000000001,632.3500000000001
R006,CNO,T2_SD_CNO,2026_06_22_merged.mat,OF1,2,12649,12649,632.4000000000001,632.4000000000001
R006,CNO,T2_SD_CNO,2026_06_22_merged.mat,OF1,2,12650,12650,632.45,632.45
R006,CNO,T2_SD_CNO,2026_06_22_merged.mat,OF1,2,12651,12651,632.5000000000001,632.5000000000001
R006,CNO,T2_SD_CNO,2026_06_22_merged.mat,OF1,2,12652,12652,632.5500000000001,632.5500000000001
R006,CNO,T2_SD_CNO,2026_06_22_merged.mat,OF1,2,12696,12696,634.7500000000001,634.7500000000001
R006,CNO,T2_SD_CNO,2026_06_22_merged.mat,OF1,2,12697,12697,634.8000000000001,634.8000000000001
R006,CNO,T2_SD_CNO,2026_06_22_merged.mat,OF1,2,12728,12728,636.3500000000001,636.3500000000001
R006,CNO,T2_SD_CNO,2026_06_22_merged.mat,OF1,2,12729,12729,636.4000000000001,636.4000000000001
R006,CNO,T2_SD_CNO,2026_06_22_merged.mat,OF1,2,12765,12765,638.2,638.2
R006,CNO,T2_SD_CNO,2026_06_22_merged.mat,OF1,2,12766,12766,638.2500000000001,638.2500000000001
R006,CNO,T2_SD_CNO,2026_06_22_merged.mat,OF1,2,12767,12767,638.3000000000001,638.3000000000001
R006,CNO,T2_SD_CNO,2026_06_22_merged.mat,OF1,2,12768,12768,638.3500000000001,638.3500000000001
R006,CNO,T2_SD_CNO,2026_06_22_merged.mat,OF1,2,12769,12769,638.4000000000001,638.4000000000001
R006,CNO,T2_SD_CNO,2026_06_22_merged.mat,OF1,2,12780,12780,638.95,638.95
R006,CNO,T2_SD_CNO,2026_06_22_merged.mat,OF1,2,12817,12817,640.8000000000001,640.8000000000001
R006,CNO,T2_SD_CNO,2026_06_22_merged.mat,OF1,2,12818,12818,640.8500000000001,640.8500000000001
R006,CNO,T2_SD_CNO,2026_06_22_merged.mat,OF1,2,12819,12819,640.9000000000001,640.9000000000001
R006,CNO,T2_SD_CNO,2026_06_22_merged.mat,OF1,2,12820,12820,640.95,640.95
R006,CNO,T2_SD_CNO,2026_06_22_merged.mat,OF1,2,12821,12821,641.0000000000001,641.0000000000001
R006,CNO,T2_SD_CNO,2026_06_22_merged.mat,OF1,2,12848,12848,642.3500000000001,642.3500000000001
R006,CNO,T2_SD_CNO,2026_06_22_merged.mat,OF1,2,12849,12849,642.4000000000001,642.4000000000001
R006,CNO,T2_SD_CNO,2026_06_22_merged.mat,OF1,2,12850,12850,642.45,642.45
R006,CNO,T2_SD_CNO,2026_06_22_merged.mat,OF1,2,12851,12851,642.5000000000001,642.5000000000001
R006,CNO,T2_SD_CNO,2026_06_22_merged.mat,OF1,2,12852,12852,642.5500000000001,642.5500000000001
R006,CNO,T2_SD_CNO,2026_06_22_merged.mat,OF1,2,12853,12853,642.6000000000001,642.6000000000001
R006,CNO,T2_SD_CNO,2026_06_22_merged.mat,OF1,2,12860,12860,642.95,642.95
R006,CNO,T2_SD_CNO,2026_06_22_merged.mat,OF1,2,12861,12861,643.0000000000001,643.0000000000001
R006,CNO,T2_SD_CNO,2026_06_22_merged.mat,OF1,2,12862,12862,643.0500000000001,643.0500000000001
R006,CNO,T2_SD_CNO,2026_06_22_merged.mat,OF1,2,12863,12863,643.1000000000001,643.1000000000001
R006,CNO,T2_SD_CNO,2026_06_22_merged.mat,OF1,2,12864,12864,643.1500000000001,643.1500000000001
R006,CNO,T2_SD_CNO,2026_06_22_merged.mat,OF1,2,12916,12916,645.7500000000001,645.7500000000001
R006,CNO,T2_SD_CNO,2026_06_22_merged.mat,OF1,2,12917,12917,645.8000000000001,645.8000000000001
R006,CNO,T2_SD_CNO,2026_06_22_merged.mat,OF1,2,12918,12918,645.8500000000001,645.8500000000001
R006,CNO,T2_SD_CNO,2026_06_22_merged.mat,OF1,2,12924,12924,646.1500000000001,646.1500000000001
R006,CNO,T2_SD_CNO,2026_06_22_merged.mat,OF1,2,12925,12925,646.2,646.2
R006,CNO,T2_SD_CNO,2026_06_22_merged.mat,OF1,2,12926,12926,646.2500000000001,646.2500000000001
R006,CNO,T2_SD_CNO,2026_06_22_merged.mat,OF1,2,12927,12927,646.3000000000001,646.3000000000001
R006,CNO,T2_SD_CNO,2026_06_22_merged.mat,OF1,2,12949,12949,647.4000000000001,647.4000000000001
R006,CNO,T2_SD_CNO,2026_06_22_merged.mat,OF1,2,12950,12950,647.45,647.45
R006,CNO,T2_SD_CNO,2026_06_22_merged.mat,OF1,2,12951,12951,647.5000000000001,647.5000000000001
R006,CNO,T2_SD_CNO,2026_06_22_merged.mat,OF1,2,12952,12952,647.5500000000001,647.5500000000001
R006,CNO,T2_SD_CNO,2026_06_22_merged.mat,OF1,2,12956,12956,647.7500000000001,647.7500000000001
R006,CNO,T2_SD_CNO,2026_06_22_merged.mat,OF1,2,12957,12957,647.8000000000001,647.8000000000001
R006,CNO,T2_SD_CNO,2026_06_22_merged.mat,OF1,2,12972,12972,648.5500000000001,648.5500000000001
R006,CNO,T2_SD_CNO,2026_06_22_merged.mat,OF1,2,12973,12973,648.6000000000001,648.6000000000001
R006,CNO,T2_SD_CNO,2026_06_22_merged.mat,OF1,2,12974,12974,648.6500000000001,648.6500000000001
R006,CNO,T2_SD_CNO,2026_06_22_merged.mat,OF1,2,12975,12975,648.7,648.7
R006,CNO,T2_SD_CNO,2026_06_22_merged.mat,OF1,2,12982,12982,649.0500000000001,649.0500000000001
R006,CNO,T2_SD_CNO,2026_06_22_merged.mat,OF1,2,12983,12983,649.1000000000001,649.1000000000001
R006,CNO,T2_SD_CNO,2026_06_22_merged.mat,OF1,2,12984,12984,649.1500000000001,649.1500000000001
R006,CNO,T2_SD_CNO,2026_06_22_merged.mat,OF1,2,12985,12985,649.2,649.2
R006,CNO,T2_SD_CNO,2026_06_22_merged.mat,OF1,2,12986,12986,649.2500000000001,649.2500000000001
R006,CNO,T2_SD_CNO,2026_06_22_merged.mat,OF1,2,12987,12987,649.3000000000001,649.3000000000001
R006,CNO,T2_SD_CNO,2026_06_22_merged.mat,SAMPLE,2,13002,3,0.1,650.0500000000001
R006,CNO,T2_SD_CNO,2026_06_22_merged.mat,SAMPLE,2,13003,4,0.15000000000000002,650.1
R006,CNO,T2_SD_CNO,2026_06_22_merged.mat,SAMPLE,2,13004,5,0.2,650.1500000000001
R006,CNO,T2_SD_CNO,2026_06_22_merged.mat,SAMPLE,2,13016,17,0.8,650.75
R006,CNO,T2_SD_CNO,2026_06_22_merged.mat,SAMPLE,2,13017,18,0.8500000000000001,650.8000000000001
R006,CNO,T2_SD_CNO,2026_06_22_merged.mat,SAMPLE,1,13057,58,2.85,652.8000000000001
R006,CNO,T2_SD_CNO,2026_06_22_merged.mat,SAMPLE,1,13058,59,2.9000000000000004,652.85
R006,CNO,T2_SD_CNO,2026_06_22_merged.mat,SAMPLE,1,13059,60,2.95,652.9000000000001
R006,CNO,T2_SD_CNO,2026_06_22_merged.mat,SAMPLE,1,13075,76,3.75,653.7
R006,CNO,T2_SD_CNO,2026_06_22_merged.mat,SAMPLE,1,13076,77,3.8000000000000003,653.75
R006,CNO,T2_SD_CNO,2026_06_22_merged.mat,SAMPLE,1,13077,78,3.85,653.8000000000001
R006,CNO,T2_SD_CNO,2026_06_22_merged.mat,SAMPLE,1,13078,79,3.9000000000000004,653.85
R006,CNO,T2_SD_CNO,2026_06_22_merged.mat,SAMPLE,1,13079,80,3.95,653.9000000000001
R006,CNO,T2_SD_CNO,2026_06_22_merged.mat,SAMPLE,2,13085,86,4.25,654.2
R006,CNO,T2_SD_CNO,2026_06_22_merged.mat,SAMPLE,1,13098,99,4.9,654.85
R006,CNO,T2_SD_CNO,2026_06_22_merged.mat,SAMPLE,1,13099,100,4.95,654.9000000000001
R006,CNO,T2_SD_CNO,2026_06_22_merged.mat,SAMPLE,1,13100,101,5.0,654.95
R006,CNO,T2_SD_CNO,2026_06_22_merged.mat,SAMPLE,2,13106,107,5.300000000000001,655.25
R006,CNO,T2_SD_CNO,2026_06_22_merged.mat,SAMPLE,2,13107,108,5.3500000000000005,655.3000000000001
R006,CNO,T2_SD_CNO,2026_06_22_merged.mat,SAMPLE,2,13108,109,5.4,655.35
R006,CNO,T2_SD_CNO,2026_06_22_merged.mat,SAMPLE,2,13109,110,5.45,655.4000000000001
R006,CNO,T2_SD_CNO,2026_06_22_merged.mat,SAMPLE,1,13169,170,8.450000000000001,658.4000000000001
R006,CNO,T2_SD_CNO,2026_06_22_merged.mat,SAMPLE,2,13233,234,11.65,661.6
R006,CNO,T2_SD_CNO,2026_06_22_merged.mat,SAMPLE,2,13234,235,11.700000000000001,661.6500000000001
R006,CNO,T2_SD_CNO,2026_06_22_merged.mat,SAMPLE,2,13240,241,12.0,661.95
R006,CNO,T2_SD_CNO,2026_06_22_merged.mat,SAMPLE,2,13241,242,12.05,662.0
R006,CNO,T2_SD_CNO,2026_06_22_merged.mat,SAMPLE,2,13242,243,12.100000000000001,662.0500000000001
R006,CNO,T2_SD_CNO,2026_06_22_merged.mat,SAMPLE,2,13243,244,12.15,662.1
R006,CNO,T2_SD_CNO,2026_06_22_merged.mat,SAMPLE,2,13244,245,12.200000000000001,662.1500000000001
R006,CNO,T2_SD_CNO,2026_06_22_merged.mat,SAMPLE,2,13245,246,12.25,662.2
R006,CNO,T2_SD_CNO,2026_06_22_merged.mat,SAMPLE,2,13246,247,12.3,662.25
R006,CNO,T2_SD_CNO,2026_06_22_merged.mat,SAMPLE,2,13247,248,12.350000000000001,662.3000000000001
R006,CNO,T2_SD_CNO,2026_06_22_merged.mat,SAMPLE,2,13255,256,12.75,662.7
R006,CNO,T2_SD_CNO,2026_06_22_merged.mat,SAMPLE,2,13256,257,12.8,662.75
R006,CNO,T2_SD_CNO,2026_06_22_merged.mat,SAMPLE,2,13258,259,12.9,662.85
R006,CNO,T2_SD_CNO,2026_06_22_merged.mat,SAMPLE,2,13280,281,14.0,663.95
R006,CNO,T2_SD_CNO,2026_06_22_merged.mat,SAMPLE,2,13281,282,14.05,664.0
R006,CNO,T2_SD_CNO,2026_06_22_merged.mat,SAMPLE,2,13282,283,14.100000000000001,664.0500000000001
R006,CNO,T2_SD_CNO,2026_06_22_merged.mat,SAMPLE,2,13283,284,14.15,664.1
R006,CNO,T2_SD_CNO,2026_06_22_merged.mat,SAMPLE,2,13284,285,14.200000000000001,664.1500000000001
R006,CNO,T2_SD_CNO,2026_06_22_merged.mat,SAMPLE,2,13285,286,14.25,664.2
R006,CNO,T2_SD_CNO,2026_06_22_merged.mat,SAMPLE,1,13303,304,15.15,665.1
R006,CNO,T2_SD_CNO,2026_06_22_merged.mat,SAMPLE,1,13304,305,15.200000000000001,665.1500000000001
R006,CNO,T2_SD_CNO,2026_06_22_merged.mat,SAMPLE,1,13305,306,15.25,665.2
R006,CNO,T2_SD_CNO,2026_06_22_merged.mat,SAMPLE,2,13327,328,16.35,666.3000000000001
R006,CNO,T2_SD_CNO,2026_06_22_merged.mat,SAMPLE,2,13328,329,16.400000000000002,666.35
R006,CNO,T2_SD_CNO,2026_06_22_merged.mat,SAMPLE,2,13329,330,16.45,666.4000000000001
R006,CNO,T2_SD_CNO,2026_06_22_merged.mat,SAMPLE,2,13330,331,16.5,666.45
R006,CNO,T2_SD_CNO,2026_06_22_merged.mat,SAMPLE,2,13331,332,16.55,666.5
R006,CNO,T2_SD_CNO,2026_06_22_merged.mat,SAMPLE,2,13332,333,16.6,666.5500000000001
R006,CNO,T2_SD_CNO,2026_06_22_merged.mat,SAMPLE,1,13343,344,17.150000000000002,667.1
R006,CNO,T2_SD_CNO,2026_06_22_merged.mat,SAMPLE,1,13344,345,17.2,667.1500000000001
R006,CNO,T2_SD_CNO,2026_06_22_merged.mat,SAMPLE,1,13345,346,17.25,667.2
R006,CNO,T2_SD_CNO,2026_06_22_merged.mat,SAMPLE,1,13346,347,17.3,667.25
R006,CNO,T2_SD_CNO,2026_06_22_merged.mat,SAMPLE,1,13347,348,17.35,667.3000000000001
R006,CNO,T2_SD_CNO,2026_06_22_merged.mat,SAMPLE,1,13348,349,17.400000000000002,667.35
R006,CNO,T2_SD_CNO,2026_06_22_merged.mat,SAMPLE,1,13356,357,17.8,667.75
R006,CNO,T2_SD_CNO,2026_06_22_merged.mat,SAMPLE,1,13357,358,17.85,667.8000000000001
R006,CNO,T2_SD_CNO,2026_06_22_merged.mat,SAMPLE,1,13366,367,18.3,668.25
R006,CNO,T2_SD_CNO,2026_06_22_merged.mat,SAMPLE,1,13367,368,18.35,668.3000000000001
R006,CNO,T2_SD_CNO,2026_06_22_merged.mat,SAMPLE,1,13368,369,18.400000000000002,668.35
R006,CNO,T2_SD_CNO,2026_06_22_merged.mat,SAMPLE,1,13369,370,18.45,668.4000000000001
R006,CNO,T2_SD_CNO,2026_06_22_merged.mat,SAMPLE,1,13377,378,18.85,668.8000000000001
R006,CNO,T2_SD_CNO,2026_06_22_merged.mat,SAMPLE,1,13399,400,19.950000000000003,669.9000000000001
R006,CNO,T2_SD_CNO,2026_06_22_merged.mat,SAMPLE,1,13400,401,20.0,669.95
R006,CNO,T2_SD_CNO,2026_06_22_merged.mat,SAMPLE,1,13401,402,20.05,670.0
R006,CNO,T2_SD_CNO,2026_06_22_merged.mat,SAMPLE,1,13402,403,20.1,670.0500000000001
R006,CNO,T2_SD_CNO,2026_06_22_merged.mat,SAMPLE,1,13403,404,20.150000000000002,670.1
R006,CNO,T2_SD_CNO,2026_06_22_merged.mat,SAMPLE,1,13404,405,20.200000000000003,670.1500000000001
R006,CNO,T2_SD_CNO,2026_06_22_merged.mat,SAMPLE,1,13405,406,20.25,670.2
R006,CNO,T2_SD_CNO,2026_06_22_merged.mat,SAMPLE,1,13406,407,20.3,670.25
R006,CNO,T2_SD_CNO,2026_06_22_merged.mat,SAMPLE,1,13407,408,20.35,670.3000000000001
R006,CNO,T2_SD_CNO,2026_06_22_merged.mat,SAMPLE,1,13410,411,20.5,670.45
R006,CNO,T2_SD_CNO,2026_06_22_merged.mat,SAMPLE,1,13411,412,20.55,670.5
R006,CNO,T2_SD_CNO,2026_06_22_merged.mat,SAMPLE,1,13412,413,20.6,670.5500000000001
R006,CNO,T2_SD_CNO,2026_06_22_merged.mat,SAMPLE,1,13413,414,20.650000000000002,670.6
R006,CNO,T2_SD_CNO,2026_06_22_merged.mat,SAMPLE,1,13433,434,21.650000000000002,671.6
R006,CNO,T2_SD_CNO,2026_06_22_merged.mat,SAMPLE,1,13434,435,21.700000000000003,671.6500000000001
R006,CNO,T2_SD_CNO,2026_06_22_merged.mat,SAMPLE,1,13435,436,21.75,671.7
R006,CNO,T2_SD_CNO,2026_06_22_merged.mat,SAMPLE,1,13436,437,21.8,671.75
R006,CNO,T2_SD_CNO,2026_06_22_merged.mat,SAMPLE,1,13445,446,22.25,672.2
R006,CNO,T2_SD_CNO,2026_06_22_merged.mat,SAMPLE,1,13446,447,22.3,672.25
R006,CNO,T2_SD_CNO,2026_06_22_merged.mat,SAMPLE,1,13447,448,22.35,672.3000000000001
R006,CNO,T2_SD_CNO,2026_06_22_merged.mat,SAMPLE,1,13448,449,22.400000000000002,672.35
R006,CNO,T2_SD_CNO,2026_06_22_merged.mat,SAMPLE,1,13449,450,22.450000000000003,672.4000000000001
R006,CNO,T2_SD_CNO,2026_06_22_merged.mat,SAMPLE,1,13450,451,22.5,672.45
R006,CNO,T2_SD_CNO,2026_06_22_merged.mat,SAMPLE,1,13470,471,23.5,673.45
R006,CNO,T2_SD_CNO,2026_06_22_merged.mat,SAMPLE,1,13471,472,23.55,673.5
R006,CNO,T2_SD_CNO,2026_06_22_merged.mat,SAMPLE,1,13472,473,23.6,673.5500000000001
R006,CNO,T2_SD_CNO,2026_06_22_merged.mat,SAMPLE,1,13484,485,24.200000000000003,674.1500000000001
R006,CNO,T2_SD_CNO,2026_06_22_merged.mat,SAMPLE,1,13485,486,24.25,674.2
R006,CNO,T2_SD_CNO,2026_06_22_merged.mat,SAMPLE,1,13486,487,24.3,674.25
R006,CNO,T2_SD_CNO,2026_06_22_merged.mat,SAMPLE,1,13487,488,24.35,674.3000000000001
R006,CNO,T2_SD_CNO,2026_06_22_merged.mat,SAMPLE,1,13488,489,24.400000000000002,674.35
R006,CNO,T2_SD_CNO,2026_06_22_merged.mat,SAMPLE,1,13489,490,24.450000000000003,674.4000000000001
R006,CNO,T2_SD_CNO,2026_06_22_merged.mat,SAMPLE,1,13495,496,24.75,674.7
R006,CNO,T2_SD_CNO,2026_06_22_merged.mat,SAMPLE,1,13515,516,25.75,675.7
R006,CNO,T2_SD_CNO,2026_06_22_merged.mat,SAMPLE,1,13516,517,25.8,675.75
R006,CNO,T2_SD_CNO,2026_06_22_merged.mat,SAMPLE,1,13517,518,25.85,675.8000000000001
R006,CNO,T2_SD_CNO,2026_06_22_merged.mat,SAMPLE,1,13518,519,25.900000000000002,675.85
R006,CNO,T2_SD_CNO,2026_06_22_merged.mat,SAMPLE,1,13519,520,25.950000000000003,675.9000000000001
R006,CNO,T2_SD_CNO,2026_06_22_merged.mat,SAMPLE,1,13520,521,26.0,675.95
R006,CNO,T2_SD_CNO,2026_06_22_merged.mat,SAMPLE,2,13541,542,27.05,677.0
R006,CNO,T2_SD_CNO,2026_06_22_merged.mat,SAMPLE,1,13548,549,27.400000000000002,677.35
R006,CNO,T2_SD_CNO,2026_06_22_merged.mat,SAMPLE,1,13549,550,27.450000000000003,677.4000000000001
R006,CNO,T2_SD_CNO,2026_06_22_merged.mat,SAMPLE,1,13550,551,27.5,677.45
R006,CNO,T2_SD_CNO,2026_06_22_merged.mat,SAMPLE,1,13551,552,27.55,677.5
R006,CNO,T2_SD_CNO,2026_06_22_merged.mat,SAMPLE,1,13552,553,27.6,677.5500000000001
R006,CNO,T2_SD_CNO,2026_06_22_merged.mat,SAMPLE,1,13571,572,28.55,678.5
R006,CNO,T2_SD_CNO,2026_06_22_merged.mat,SAMPLE,1,13572,573,28.6,678.5500000000001
R006,CNO,T2_SD_CNO,2026_06_22_merged.mat,SAMPLE,1,13573,574,28.650000000000002,678.6
R006,CNO,T2_SD_CNO,2026_06_22_merged.mat,SAMPLE,1,13582,583,29.1,679.0500000000001
R006,CNO,T2_SD_CNO,2026_06_22_merged.mat,SAMPLE,1,13583,584,29.150000000000002,679.1
R006,CNO,T2_SD_CNO,2026_06_22_merged.mat,SAMPLE,1,13584,585,29.200000000000003,679.1500000000001
R006,CNO,T2_SD_CNO,2026_06_22_merged.mat,SAMPLE,1,13612,613,30.6,680.5500000000001
R006,CNO,T2_SD_CNO,2026_06_22_merged.mat,SAMPLE,1,13613,614,30.650000000000002,680.6
R006,CNO,T2_SD_CNO,2026_06_22_merged.mat,SAMPLE,1,13630,631,31.5,681.45
R006,CNO,T2_SD_CNO,2026_06_22_merged.mat,SAMPLE,1,13631,632,31.55,681.5
R006,CNO,T2_SD_CNO,2026_06_22_merged.mat,SAMPLE,1,13632,633,31.6,681.5500000000001
R006,CNO,T2_SD_CNO,2026_06_22_merged.mat,SAMPLE,1,13633,634,31.650000000000002,681.6
R006,CNO,T2_SD_CNO,2026_06_22_merged.mat,SAMPLE,1,13634,635,31.700000000000003,681.6500000000001
R006,CNO,T2_SD_CNO,2026_06_22_merged.mat,SAMPLE,1,13642,643,32.1,682.0500000000001
R006,CNO,T2_SD_CNO,2026_06_22_merged.mat,SAMPLE,1,13643,644,32.15,682.1
R006,CNO,T2_SD_CNO,2026_06_22_merged.mat,SAMPLE,1,13644,645,32.2,682.1500000000001
R006,CNO,T2_SD_CNO,2026_06_22_merged.mat,SAMPLE,1,13645,646,32.25,682.2
R006,CNO,T2_SD_CNO,2026_06_22_merged.mat,SAMPLE,1,13671,672,33.550000000000004,683.5
R006,CNO,T2_SD_CNO,2026_06_22_merged.mat,SAMPLE,1,13672,673,33.6,683.5500000000001
R006,CNO,T2_SD_CNO,2026_06_22_merged.mat,SAMPLE,1,13673,674,33.65,683.6
R006,CNO,T2_SD_CNO,2026_06_22_merged.mat,SAMPLE,1,13674,675,33.7,683.6500000000001
R006,CNO,T2_SD_CNO,2026_06_22_merged.mat,SAMPLE,1,13684,685,34.2,684.1500000000001
R006,CNO,T2_SD_CNO,2026_06_22_merged.mat,SAMPLE,1,13691,692,34.550000000000004,684.5
R006,CNO,T2_SD_CNO,2026_06_22_merged.mat,SAMPLE,1,13692,693,34.6,684.5500000000001
R006,CNO,T2_SD_CNO,2026_06_22_merged.mat,SAMPLE,1,13693,694,34.65,684.6
R006,CNO,T2_SD_CNO,2026_06_22_merged.mat,SAMPLE,1,13694,695,34.7,684.6500000000001
R006,CNO,T2_SD_CNO,2026_06_22_merged.mat,SAMPLE,1,13695,696,34.75,684.7
R006,CNO,T2_SD_CNO,2026_06_22_merged.mat,SAMPLE,1,13696,697,34.800000000000004,684.75
R006,CNO,T2_SD_CNO,2026_06_22_merged.mat,SAMPLE,1,13697,698,34.85,684.8000000000001
R006,CNO,T2_SD_CNO,2026_06_22_merged.mat,SAMPLE,2,13729,730,36.45,686.4000000000001
R006,CNO,T2_SD_CNO,2026_06_22_merged.mat,SAMPLE,2,13730,731,36.5,686.45
R006,CNO,T2_SD_CNO,2026_06_22_merged.mat,SAMPLE,1,13740,741,37.0,686.95
R006,CNO,T2_SD_CNO,2026_06_22_merged.mat,SAMPLE,1,13748,749,37.4,687.35
R006,CNO,T2_SD_CNO,2026_06_22_merged.mat,SAMPLE,1,13749,750,37.45,687.4000000000001
R006,CNO,T2_SD_CNO,2026_06_22_merged.mat,SAMPLE,1,13750,751,37.5,687.45
R006,CNO,T2_SD_CNO,2026_06_22_merged.mat,SAMPLE,1,13751,752,37.550000000000004,687.5
R006,CNO,T2_SD_CNO,2026_06_22_merged.mat,SAMPLE,1,13752,753,37.6,687.5500000000001
R006,CNO,T2_SD_CNO,2026_06_22_merged.mat,SAMPLE,1,13769,770,38.45,688.4000000000001
R006,CNO,T2_SD_CNO,2026_06_22_merged.mat,SAMPLE,1,13770,771,38.5,688.45
R006,CNO,T2_SD_CNO,2026_06_22_merged.mat,SAMPLE,1,13771,772,38.550000000000004,688.5
R006,CNO,T2_SD_CNO,2026_06_22_merged.mat,SAMPLE,1,13772,773,38.6,688.5500000000001
R006,CNO,T2_SD_CNO,2026_06_22_merged.mat,SAMPLE,1,13788,789,39.400000000000006,689.35
R006,CNO,T2_SD_CNO,2026_06_22_merged.mat,SAMPLE,1,13789,790,39.45,689.4000000000001
R006,CNO,T2_SD_CNO,2026_06_22_merged.mat,SAMPLE,1,13790,791,39.5,689.45
R006,CNO,T2_SD_CNO,2026_06_22_merged.mat,SAMPLE,1,13791,792,39.550000000000004,689.5
R006,CNO,T2_SD_CNO,2026_06_22_merged.mat,SAMPLE,1,13811,812,40.550000000000004,690.5
R006,CNO,T2_SD_CNO,2026_06_22_merged.mat,SAMPLE,1,13812,813,40.6,690.5500000000001
R006,CNO,T2_SD_CNO,2026_06_22_merged.mat,SAMPLE,1,13824,825,41.2,691.1500000000001
R006,CNO,T2_SD_CNO,2026_06_22_merged.mat,SAMPLE,1,13825,826,41.25,691.2
R006,CNO,T2_SD_CNO,2026_06_22_merged.mat,SAMPLE,1,13829,830,41.45,691.4000000000001
R006,CNO,T2_SD_CNO,2026_06_22_merged.mat,SAMPLE,1,13830,831,41.5,691.45
R006,CNO,T2_SD_CNO,2026_06_22_merged.mat,SAMPLE,1,13832,833,41.6,691.5500000000001
R006,CNO,T2_SD_CNO,2026_06_22_merged.mat,SAMPLE,1,13833,834,41.650000000000006,691.6
R006,CNO,T2_SD_CNO,2026_06_22_merged.mat,SAMPLE,1,13834,835,41.7,691.6500000000001
R006,CNO,T2_SD_CNO,2026_06_22_merged.mat,SAMPLE,1,13835,836,41.75,691.7
R006,CNO,T2_SD_CNO,2026_06_22_merged.mat,SAMPLE,1,13844,845,42.2,692.1500000000001
R006,CNO,T2_SD_CNO,2026_06_22_merged.mat,SAMPLE,1,13845,846,42.25,692.2
R006,CNO,T2_SD_CNO,2026_06_22_merged.mat,SAMPLE,1,13846,847,42.300000000000004,692.25
R006,CNO,T2_SD_CNO,2026_06_22_merged.mat,SAMPLE,1,13847,848,42.35,692.3000000000001
R006,CNO,T2_SD_CNO,2026_06_22_merged.mat,SAMPLE,1,13854,855,42.7,692.6500000000001
R006,CNO,T2_SD_CNO,2026_06_22_merged.mat,SAMPLE,1,13855,856,42.75,692.7
R006,CNO,T2_SD_CNO,2026_06_22_merged.mat,SAMPLE,1,13888,889,44.400000000000006,694.35
R006,CNO,T2_SD_CNO,2026_06_22_merged.mat,SAMPLE,1,13889,890,44.45,694.4000000000001
R006,CNO,T2_SD_CNO,2026_06_22_merged.mat,SAMPLE,1,13890,891,44.5,694.45
R006,CNO,T2_SD_CNO,2026_06_22_merged.mat,SAMPLE,1,13891,892,44.550000000000004,694.5
R006,CNO,T2_SD_CNO,2026_06_22_merged.mat,SAMPLE,2,13907,908,45.35,695.3000000000001
R006,CNO,T2_SD_CNO,2026_06_22_merged.mat,SAMPLE,1,13925,926,46.25,696.2
R006,CNO,T2_SD_CNO,2026_06_22_merged.mat,SAMPLE,1,13926,927,46.300000000000004,696.25
R006,CNO,T2_SD_CNO,2026_06_22_merged.mat,SAMPLE,1,13927,928,46.35,696.3000000000001
R006,CNO,T2_SD_CNO,2026_06_22_merged.mat,SAMPLE,1,13928,929,46.400000000000006,696.35
R006,CNO,T2_SD_CNO,2026_06_22_merged.mat,SAMPLE,1,13981,982,49.050000000000004,699.0
R006,CNO,T2_SD_CNO,2026_06_22_merged.mat,SAMPLE,1,13982,983,49.1,699.0500000000001
R006,CNO,T2_SD_CNO,2026_06_22_merged.mat,SAMPLE,1,13983,984,49.150000000000006,699.1
R006,CNO,T2_SD_CNO,2026_06_22_merged.mat,SAMPLE,1,14015,1016,50.75,700.7
R006,CNO,T2_SD_CNO,2026_06_22_merged.mat,SAMPLE,1,14016,1017,50.800000000000004,700.75
R006,CNO,T2_SD_CNO,2026_06_22_merged.mat,SAMPLE,1,14017,1018,50.85,700.8000000000001
R006,CNO,T2_SD_CNO,2026_06_22_merged.mat,SAMPLE,1,14031,1032,51.550000000000004,701.5
R006,CNO,T2_SD_CNO,2026_06_22_merged.mat,SAMPLE,1,14032,1033,51.6,701.5500000000001
R006,CNO,T2_SD_CNO,2026_06_22_merged.mat,SAMPLE,1,14033,1034,51.650000000000006,701.6
R006,CNO,T2_SD_CNO,2026_06_22_merged.mat,SAMPLE,1,14034,1035,51.7,701.6500000000001
R006,CNO,T2_SD_CNO,2026_06_22_merged.mat,SAMPLE,1,14035,1036,51.75,701.7
R006,CNO,T2_SD_CNO,2026_06_22_merged.mat,SAMPLE,1,14036,1037,51.800000000000004,701.75
R006,CNO,T2_SD_CNO,2026_06_22_merged.mat,SAMPLE,1,14037,1038,51.85,701.8000000000001
R006,CNO,T2_SD_CNO,2026_06_22_merged.mat,SAMPLE,1,14038,1039,51.900000000000006,701.85
R006,CNO,T2_SD_CNO,2026_06_22_merged.mat,SAMPLE,1,14052,1053,52.6,702.5500000000001
R006,CNO,T2_SD_CNO,2026_06_22_merged.mat,SAMPLE,1,14053,1054,52.650000000000006,702.6
R006,CNO,T2_SD_CNO,2026_06_22_merged.mat,SAMPLE,1,14054,1055,52.7,702.6500000000001
R006,CNO,T2_SD_CNO,2026_06_22_merged.mat,SAMPLE,1,14055,1056,52.75,702.7
R006,CNO,T2_SD_CNO,2026_06_22_merged.mat,SAMPLE,1,14056,1057,52.800000000000004,702.75
R006,CNO,T2_SD_CNO,2026_06_22_merged.mat,SAMPLE,1,14057,1058,52.85,702.8000000000001
R006,CNO,T2_SD_CNO,2026_06_22_merged.mat,SAMPLE,1,14058,1059,52.900000000000006,702.85
R006,CNO,T2_SD_CNO,2026_06_22_merged.mat,SAMPLE,1,14098,1099,54.900000000000006,704.85
R006,CNO,T2_SD_CNO,2026_06_22_merged.mat,SAMPLE,1,14099,1100,54.95,704.9000000000001
R006,CNO,T2_SD_CNO,2026_06_22_merged.mat,SAMPLE,1,14100,1101,55.0,704.95
R006,CNO,T2_SD_CNO,2026_06_22_merged.mat,SAMPLE,1,14101,1102,55.050000000000004,705.0
R006,CNO,T2_SD_CNO,2026_06_22_merged.mat,SAMPLE,1,14102,1103,55.1,705.0500000000001
R006,CNO,T2_SD_CNO,2026_06_22_merged.mat,SAMPLE,1,14103,1104,55.150000000000006,705.1
R006,CNO,T2_SD_CNO,2026_06_22_merged.mat,SAMPLE,1,14109,1110,55.45,705.4000000000001
R006,CNO,T2_SD_CNO,2026_06_22_merged.mat,SAMPLE,1,14110,1111,55.5,705.45
R006,CNO,T2_SD_CNO,2026_06_22_merged.mat,SAMPLE,1,14111,1112,55.550000000000004,705.5
R006,CNO,T2_SD_CNO,2026_06_22_merged.mat,SAMPLE,1,14130,1131,56.5,706.45
R006,CNO,T2_SD_CNO,2026_06_22_merged.mat,SAMPLE,1,14131,1132,56.550000000000004,706.5
R006,CNO,T2_SD_CNO,2026_06_22_merged.mat,SAMPLE,1,14132,1133,56.6,706.5500000000001
R006,CNO,T2_SD_CNO,2026_06_22_merged.mat,SAMPLE,1,14133,1134,56.650000000000006,706.6
R006,CNO,T2_SD_CNO,2026_06_22_merged.mat,SAMPLE,1,14134,1135,56.7,706.6500000000001
R006,CNO,T2_SD_CNO,2026_06_22_merged.mat,SAMPLE,1,14136,1137,56.800000000000004,706.75
R006,CNO,T2_SD_CNO,2026_06_22_merged.mat,SAMPLE,1,14181,1182,59.050000000000004,709.0
R006,CNO,T2_SD_CNO,2026_06_22_merged.mat,SAMPLE,1,14182,1183,59.1,709.0500000000001
R006,CNO,T2_SD_CNO,2026_06_22_merged.mat,SAMPLE,1,14183,1184,59.150000000000006,709.1
R006,CNO,T2_SD_CNO,2026_06_22_merged.mat,SAMPLE,1,14198,1199,59.900000000000006,709.85
R006,CNO,T2_SD_CNO,2026_06_22_merged.mat,SAMPLE,1,14199,1200,59.95,709.9000000000001
R006,CNO,T2_SD_CNO,2026_06_22_merged.mat,SAMPLE,1,14200,1201,60.0,709.95
R006,CNO,T2_SD_CNO,2026_06_22_merged.mat,SAMPLE,1,14201,1202,60.050000000000004,710.0
R006,CNO,T2_SD_CNO,2026_06_22_merged.mat,SAMPLE,2,14207,1208,60.35,710.3000000000001
R006,CNO,T2_SD_CNO,2026_06_22_merged.mat,SAMPLE,2,14208,1209,60.400000000000006,710.35
R006,CNO,T2_SD_CNO,2026_06_22_merged.mat,SAMPLE,2,14209,1210,60.45,710.4000000000001
R006,CNO,T2_SD_CNO,2026_06_22_merged.mat,SAMPLE,1,14224,1225,61.2,711.1500000000001
R006,CNO,T2_SD_CNO,2026_06_22_merged.mat,SAMPLE,1,14225,1226,61.25,711.2
R006,CNO,T2_SD_CNO,2026_06_22_merged.mat,SAMPLE,1,14235,1236,61.75,711.7
R006,CNO,T2_SD_CNO,2026_06_22_merged.mat,SAMPLE,1,14236,1237,61.800000000000004,711.75
R006,CNO,T2_SD_CNO,2026_06_22_merged.mat,SAMPLE,1,14237,1238,61.85,711.8000000000001
R006,CNO,T2_SD_CNO,2026_06_22_merged.mat,SAMPLE,1,14245,1246,62.25,712.2
R006,CNO,T2_SD_CNO,2026_06_22_merged.mat,SAMPLE,1,14246,1247,62.300000000000004,712.25
R006,CNO,T2_SD_CNO,2026_06_22_merged.mat,SAMPLE,1,14247,1248,62.35,712.3000000000001
R006,CNO,T2_SD_CNO,2026_06_22_merged.mat,SAMPLE,1,14248,1249,62.400000000000006,712.35
R006,CNO,T2_SD_CNO,2026_06_22_merged.mat,SAMPLE,1,14249,1250,62.45,712.4000000000001
R006,CNO,T2_SD_CNO,2026_06_22_merged.mat,SAMPLE,1,14261,1262,63.050000000000004,713.0
R006,CNO,T2_SD_CNO,2026_06_22_merged.mat,SAMPLE,2,14277,1278,63.85,713.8000000000001
R006,CNO,T2_SD_CNO,2026_06_22_merged.mat,SAMPLE,2,14278,1279,63.900000000000006,713.85
R006,CNO,T2_SD_CNO,2026_06_22_merged.mat,SAMPLE,2,14279,1280,63.95,713.9000000000001
R006,CNO,T2_SD_CNO,2026_06_22_merged.mat,SAMPLE,2,14280,1281,64.0,713.95
R006,CNO,T2_SD_CNO,2026_06_22_merged.mat,SAMPLE,1,14293,1294,64.65,714.6
R006,CNO,T2_SD_CNO,2026_06_22_merged.mat,SAMPLE,1,14294,1295,64.7,714.6500000000001
R006,CNO,T2_SD_CNO,2026_06_22_merged.mat,SAMPLE,1,14295,1296,64.75,714.7
R006,CNO,T2_SD_CNO,2026_06_22_merged.mat,SAMPLE,1,14304,1305,65.2,715.1500000000001
R006,CNO,T2_SD_CNO,2026_06_22_merged.mat,SAMPLE,1,14305,1306,65.25,715.2
R006,CNO,T2_SD_CNO,2026_06_22_merged.mat,SAMPLE,2,14311,1312,65.55,715.5
R006,CNO,T2_SD_CNO,2026_06_22_merged.mat,SAMPLE,1,14324,1325,66.2,716.1500000000001
R006,CNO,T2_SD_CNO,2026_06_22_merged.mat,SAMPLE,1,14325,1326,66.25,716.2
R006,CNO,T2_SD_CNO,2026_06_22_merged.mat,SAMPLE,1,14326,1327,66.3,716.25
R006,CNO,T2_SD_CNO,2026_06_22_merged.mat,SAMPLE,1,14335,1336,66.75,716.7
R006,CNO,T2_SD_CNO,2026_06_22_merged.mat,SAMPLE,1,14336,1337,66.8,716.75
R006,CNO,T2_SD_CNO,2026_06_22_merged.mat,SAMPLE,1,14337,1338,66.85000000000001,716.8000000000001
R006,CNO,T2_SD_CNO,2026_06_22_merged.mat,SAMPLE,1,14338,1339,66.9,716.85
R006,CNO,T2_SD_CNO,2026_06_22_merged.mat,SAMPLE,1,14347,1348,67.35000000000001,717.3000000000001
R006,CNO,T2_SD_CNO,2026_06_22_merged.mat,SAMPLE,1,14371,1372,68.55,718.5
R006,CNO,T2_SD_CNO,2026_06_22_merged.mat,SAMPLE,1,14372,1373,68.60000000000001,718.5500000000001
R006,CNO,T2_SD_CNO,2026_06_22_merged.mat,SAMPLE,1,14373,1374,68.65,718.6
R006,CNO,T2_SD_CNO,2026_06_22_merged.mat,SAMPLE,1,14374,1375,68.7,718.6500000000001
R006,CNO,T2_SD_CNO,2026_06_22_merged.mat,SAMPLE,1,14376,1377,68.8,718.75
R006,CNO,T2_SD_CNO,2026_06_22_merged.mat,SAMPLE,1,14394,1395,69.7,719.6500000000001
R006,CNO,T2_SD_CNO,2026_06_22_merged.mat,SAMPLE,1,14395,1396,69.75,719.7
R006,CNO,T2_SD_CNO,2026_06_22_merged.mat,SAMPLE,1,14396,1397,69.8,719.75
R006,CNO,T2_SD_CNO,2026_06_22_merged.mat,SAMPLE,1,14397,1398,69.85000000000001,719.8000000000001
R006,CNO,T2_SD_CNO,2026_06_22_merged.mat,SAMPLE,1,14406,1407,70.3,720.25
R006,CNO,T2_SD_CNO,2026_06_22_merged.mat,SAMPLE,1,14407,1408,70.35000000000001,720.3000000000001
R006,CNO,T2_SD_CNO,2026_06_22_merged.mat,SAMPLE,1,14408,1409,70.4,720.35
R006,CNO,T2_SD_CNO,2026_06_22_merged.mat,SAMPLE,1,14409,1410,70.45,720.4000000000001
R006,CNO,T2_SD_CNO,2026_06_22_merged.mat,SAMPLE,1,14410,1411,70.5,720.45
R006,CNO,T2_SD_CNO,2026_06_22_merged.mat,SAMPLE,1,14411,1412,70.55,720.5
R006,CNO,T2_SD_CNO,2026_06_22_merged.mat,SAMPLE,1,14417,1418,70.85000000000001,720.8000000000001
R006,CNO,T2_SD_CNO,2026_06_22_merged.mat,SAMPLE,1,14427,1428,71.35000000000001,721.3000000000001
R006,CNO,T2_SD_CNO,2026_06_22_merged.mat,SAMPLE,1,14428,1429,71.4,721.35
R006,CNO,T2_SD_CNO,2026_06_22_merged.mat,SAMPLE,1,14429,1430,71.45,721.4000000000001
R006,CNO,T2_SD_CNO,2026_06_22_merged.mat,SAMPLE,1,14430,1431,71.5,721.45
R006,CNO,T2_SD_CNO,2026_06_22_merged.mat,SAMPLE,1,14431,1432,71.55,721.5
R006,CNO,T2_SD_CNO,2026_06_22_merged.mat,SAMPLE,1,14432,1433,71.60000000000001,721.5500000000001
R006,CNO,T2_SD_CNO,2026_06_22_merged.mat,SAMPLE,1,14506,1507,75.3,725.25
R006,CNO,T2_SD_CNO,2026_06_22_merged.mat,SAMPLE,1,14507,1508,75.35000000000001,725.3000000000001
R006,CNO,T2_SD_CNO,2026_06_22_merged.mat,SAMPLE,1,14508,1509,75.4,725.35
R006,CNO,T2_SD_CNO,2026_06_22_merged.mat,SAMPLE,1,14509,1510,75.45,725.4000000000001
R006,CNO,T2_SD_CNO,2026_06_22_merged.mat,SAMPLE,1,14510,1511,75.5,725.45
R006,CNO,T2_SD_CNO,2026_06_22_merged.mat,SAMPLE,1,14511,1512,75.55,725.5
R006,CNO,T2_SD_CNO,2026_06_22_merged.mat,SAMPLE,1,14512,1513,75.60000000000001,725.5500000000001
R006,CNO,T2_SD_CNO,2026_06_22_merged.mat,SAMPLE,1,14513,1514,75.65,725.6
R006,CNO,T2_SD_CNO,2026_06_22_merged.mat,SAMPLE,1,14518,1519,75.9,725.85
R006,CNO,T2_SD_CNO,2026_06_22_merged.mat,SAMPLE,1,14519,1520,75.95,725.9000000000001
R006,CNO,T2_SD_CNO,2026_06_22_merged.mat,SAMPLE,1,14520,1521,76.0,725.95
R006,CNO,T2_SD_CNO,2026_06_22_merged.mat,SAMPLE,1,14521,1522,76.05,726.0
R006,CNO,T2_SD_CNO,2026_06_22_merged.mat,SAMPLE,1,14522,1523,76.10000000000001,726.0500000000001
R006,CNO,T2_SD_CNO,2026_06_22_merged.mat,SAMPLE,1,14523,1524,76.15,726.1
R006,CNO,T2_SD_CNO,2026_06_22_merged.mat,SAMPLE,1,14524,1525,76.2,726.1500000000001
R006,CNO,T2_SD_CNO,2026_06_22_merged.mat,SAMPLE,1,14525,1526,76.25,726.2
R006,CNO,T2_SD_CNO,2026_06_22_merged.mat,SAMPLE,1,14544,1545,77.2,727.1500000000001
R006,CNO,T2_SD_CNO,2026_06_22_merged.mat,SAMPLE,2,14557,1558,77.85000000000001,727.8000000000001
R006,CNO,T2_SD_CNO,2026_06_22_merged.mat,SAMPLE,2,14558,1559,77.9,727.85
R006,CNO,T2_SD_CNO,2026_06_22_merged.mat,SAMPLE,2,14559,1560,77.95,727.9000000000001
R006,CNO,T2_SD_CNO,2026_06_22_merged.mat,SAMPLE,1,14573,1574,78.65,728.6
R006,CNO,T2_SD_CNO,2026_06_22_merged.mat,SAMPLE,1,14574,1575,78.7,728.6500000000001
R006,CNO,T2_SD_CNO,2026_06_22_merged.mat,SAMPLE,1,14575,1576,78.75,728.7
R006,CNO,T2_SD_CNO,2026_06_22_merged.mat,SAMPLE,1,14576,1577,78.80000000000001,728.75
R006,CNO,T2_SD_CNO,2026_06_22_merged.mat,SAMPLE,1,14588,1589,79.4,729.35
R006,CNO,T2_SD_CNO,2026_06_22_merged.mat,SAMPLE,1,14589,1590,79.45,729.4000000000001
R006,CNO,T2_SD_CNO,2026_06_22_merged.mat,SAMPLE,1,14590,1591,79.5,729.45
R006,CNO,T2_SD_CNO,2026_06_22_merged.mat,SAMPLE,1,14591,1592,79.55000000000001,729.5
R006,CNO,T2_SD_CNO,2026_06_22_merged.mat,SAMPLE,1,14592,1593,79.60000000000001,729.5500000000001
R006,CNO,T2_SD_CNO,2026_06_22_merged.mat,SAMPLE,1,14593,1594,79.65,729.6
R006,CNO,T2_SD_CNO,2026_06_22_merged.mat,SAMPLE,1,14594,1595,79.7,729.6500000000001
R006,CNO,T2_SD_CNO,2026_06_22_merged.mat,SAMPLE,1,14595,1596,79.75,729.7
R006,CNO,T2_SD_CNO,2026_06_22_merged.mat,SAMPLE,1,14596,1597,79.80000000000001,729.75
R006,CNO,T2_SD_CNO,2026_06_22_merged.mat,SAMPLE,2,14612,1613,80.60000000000001,730.5500000000001
R006,CNO,T2_SD_CNO,2026_06_22_merged.mat,SAMPLE,2,14613,1614,80.65,730.6
R006,CNO,T2_SD_CNO,2026_06_22_merged.mat,SAMPLE,1,14619,1620,80.95,730.9000000000001
R006,CNO,T2_SD_CNO,2026_06_22_merged.mat,SAMPLE,1,14620,1621,81.0,730.95
R006,CNO,T2_SD_CNO,2026_06_22_merged.mat,SAMPLE,1,14621,1622,81.05000000000001,731.0
R006,CNO,T2_SD_CNO,2026_06_22_merged.mat,SAMPLE,2,14638,1639,81.9,731.85
R006,CNO,T2_SD_CNO,2026_06_22_merged.mat,SAMPLE,2,14639,1640,81.95,731.9000000000001
R006,CNO,T2_SD_CNO,2026_06_22_merged.mat,SAMPLE,2,14675,1676,83.75,733.7
R006,CNO,T2_SD_CNO,2026_06_22_merged.mat,SAMPLE,1,14691,1692,84.55000000000001,734.5
R006,CNO,T2_SD_CNO,2026_06_22_merged.mat,SAMPLE,1,14692,1693,84.60000000000001,734.5500000000001
R006,CNO,T2_SD_CNO,2026_06_22_merged.mat,SAMPLE,1,14693,1694,84.65,734.6
R006,CNO,T2_SD_CNO,2026_06_22_merged.mat,SAMPLE,1,14698,1699,84.9,734.85
R006,CNO,T2_SD_CNO,2026_06_22_merged.mat,SAMPLE,1,14728,1729,86.4,736.35
R006,CNO,T2_SD_CNO,2026_06_22_merged.mat,SAMPLE,1,14729,1730,86.45,736.4000000000001
R006,CNO,T2_SD_CNO,2026_06_22_merged.mat,SAMPLE,1,14730,1731,86.5,736.45
R006,CNO,T2_SD_CNO,2026_06_22_merged.mat,SAMPLE,1,14731,1732,86.55000000000001,736.5
R006,CNO,T2_SD_CNO,2026_06_22_merged.mat,SAMPLE,1,14732,1733,86.60000000000001,736.5500000000001
R006,CNO,T2_SD_CNO,2026_06_22_merged.mat,SAMPLE,1,14733,1734,86.65,736.6
R006,CNO,T2_SD_CNO,2026_06_22_merged.mat,SAMPLE,2,14758,1759,87.9,737.85
R006,CNO,T2_SD_CNO,2026_06_22_merged.mat,SAMPLE,2,14759,1760,87.95,737.9000000000001
R006,CNO,T2_SD_CNO,2026_06_22_merged.mat,SAMPLE,2,14760,1761,88.0,737.95
R006,CNO,T2_SD_CNO,2026_06_22_merged.mat,SAMPLE,1,14784,1785,89.2,739.1500000000001
R006,CNO,T2_SD_CNO,2026_06_22_merged.mat,SAMPLE,1,14785,1786,89.25,739.2
R006,CNO,T2_SD_CNO,2026_06_22_merged.mat,SAMPLE,1,14786,1787,89.30000000000001,739.25
R006,CNO,T2_SD_CNO,2026_06_22_merged.mat,SAMPLE,1,14787,1788,89.35000000000001,739.3000000000001
R006,CNO,T2_SD_CNO,2026_06_22_merged.mat,SAMPLE,1,14800,1801,90.0,739.95
R006,CNO,T2_SD_CNO,2026_06_22_merged.mat,SAMPLE,1,14801,1802,90.05000000000001,740.0
R006,CNO,T2_SD_CNO,2026_06_22_merged.mat,SAMPLE,1,14802,1803,90.10000000000001,740.0500000000001
R006,CNO,T2_SD_CNO,2026_06_22_merged.mat,SAMPLE,1,14803,1804,90.15,740.1
R006,CNO,T2_SD_CNO,2026_06_22_merged.mat,SAMPLE,1,14804,1805,90.2,740.1500000000001
R006,CNO,T2_SD_CNO,2026_06_22_merged.mat,SAMPLE,1,14805,1806,90.25,740.2
R006,CNO,T2_SD_CNO,2026_06_22_merged.mat,SAMPLE,1,14818,1819,90.9,740.85
R006,CNO,T2_SD_CNO,2026_06_22_merged.mat,SAMPLE,1,14819,1820,90.95,740.9000000000001
R006,CNO,T2_SD_CNO,2026_06_22_merged.mat,SAMPLE,1,14820,1821,91.0,740.95
R006,CNO,T2_SD_CNO,2026_06_22_merged.mat,SAMPLE,1,14821,1822,91.05000000000001,741.0
R006,CNO,T2_SD_CNO,2026_06_22_merged.mat,SAMPLE,1,14822,1823,91.10000000000001,741.0500000000001
R006,CNO,T2_SD_CNO,2026_06_22_merged.mat,SAMPLE,1,14845,1846,92.25,742.2
R006,CNO,T2_SD_CNO,2026_06_22_merged.mat,SAMPLE,1,14846,1847,92.30000000000001,742.25
R006,CNO,T2_SD_CNO,2026_06_22_merged.mat,SAMPLE,2,14866,1867,93.30000000000001,743.25
R006,CNO,T2_SD_CNO,2026_06_22_merged.mat,SAMPLE,2,14867,1868,93.35000000000001,743.3000000000001
R006,CNO,T2_SD_CNO,2026_06_22_merged.mat,SAMPLE,2,14868,1869,93.4,743.35
R006,CNO,T2_SD_CNO,2026_06_22_merged.mat,SAMPLE,2,14869,1870,93.45,743.4000000000001
R006,CNO,T2_SD_CNO,2026_06_22_merged.mat,SAMPLE,2,14870,1871,93.5,743.45
R006,CNO,T2_SD_CNO,2026_06_22_merged.mat,SAMPLE,1,14890,1891,94.5,744.45
R006,CNO,T2_SD_CNO,2026_06_22_merged.mat,SAMPLE,1,14891,1892,94.55000000000001,744.5
R006,CNO,T2_SD_CNO,2026_06_22_merged.mat,SAMPLE,1,14892,1893,94.60000000000001,744.5500000000001
R006,CNO,T2_SD_CNO,2026_06_22_merged.mat,SAMPLE,1,14893,1894,94.65,744.6
R006,CNO,T2_SD_CNO,2026_06_22_merged.mat,SAMPLE,1,14894,1895,94.7,744.6500000000001
R006,CNO,T2_SD_CNO,2026_06_22_merged.mat,SAMPLE,1,14895,1896,94.75,744.7
R006,CNO,T2_SD_CNO,2026_06_22_merged.mat,SAMPLE,1,14904,1905,95.2,745.1500000000001
R006,CNO,T2_SD_CNO,2026_06_22_merged.mat,SAMPLE,1,14905,1906,95.25,745.2
R006,CNO,T2_SD_CNO,2026_06_22_merged.mat,SAMPLE,1,14906,1907,95.30000000000001,745.25
R006,CNO,T2_SD_CNO,2026_06_22_merged.mat,SAMPLE,2,14922,1923,96.10000000000001,746.0500000000001
R006,CNO,T2_SD_CNO,2026_06_22_merged.mat,SAMPLE,1,14928,1929,96.4,746.35
R006,CNO,T2_SD_CNO,2026_06_22_merged.mat,SAMPLE,2,14935,1936,96.75,746.7
R006,CNO,T2_SD_CNO,2026_06_22_merged.mat,SAMPLE,2,14936,1937,96.80000000000001,746.75
R006,CNO,T2_SD_CNO,2026_06_22_merged.mat,SAMPLE,2,14937,1938,96.85000000000001,746.8000000000001
R006,CNO,T2_SD_CNO,2026_06_22_merged.mat,SAMPLE,1,14951,1952,97.55000000000001,747.5
R006,CNO,T2_SD_CNO,2026_06_22_merged.mat,SAMPLE,1,14952,1953,97.60000000000001,747.5500000000001
R006,CNO,T2_SD_CNO,2026_06_22_merged.mat,SAMPLE,1,14953,1954,97.65,747.6
R006,CNO,T2_SD_CNO,2026_06_22_merged.mat,SAMPLE,1,14954,1955,97.7,747.6500000000001
R006,CNO,T2_SD_CNO,2026_06_22_merged.mat,SAMPLE,1,14955,1956,97.75,747.7
R006,CNO,T2_SD_CNO,2026_06_22_merged.mat,SAMPLE,1,14956,1957,97.80000000000001,747.75
R006,CNO,T2_SD_CNO,2026_06_22_merged.mat,SAMPLE,1,14957,1958,97.85000000000001,747.8000000000001
R006,CNO,T2_SD_CNO,2026_06_22_merged.mat,SAMPLE,1,14958,1959,97.9,747.85
R006,CNO,T2_SD_CNO,2026_06_22_merged.mat,SAMPLE,1,14959,1960,97.95,747.9000000000001
R006,CNO,T2_SD_CNO,2026_06_22_merged.mat,SAMPLE,1,14960,1961,98.0,747.95
R006,CNO,T2_SD_CNO,2026_06_22_merged.mat,SAMPLE,1,14974,1975,98.7,748.6500000000001
R006,CNO,T2_SD_CNO,2026_06_22_merged.mat,SAMPLE,1,14975,1976,98.75,748.7
R006,CNO,T2_SD_CNO,2026_06_22_merged.mat,SAMPLE,1,14976,1977,98.80000000000001,748.75
R006,CNO,T2_SD_CNO,2026_06_22_merged.mat,SAMPLE,1,14977,1978,98.85000000000001,748.8000000000001
R006,CNO,T2_SD_CNO,2026_06_22_merged.mat,SAMPLE,1,14978,1979,98.9,748.85
R006,CNO,T2_SD_CNO,2026_06_22_merged.mat,SAMPLE,1,14989,1990,99.45,749.4000000000001
R006,CNO,T2_SD_CNO,2026_06_22_merged.mat,SAMPLE,1,14990,1991,99.5,749.45
R006,CNO,T2_SD_CNO,2026_06_22_merged.mat,SAMPLE,1,14991,1992,99.55000000000001,749.5
R006,CNO,T2_SD_CNO,2026_06_22_merged.mat,SAMPLE,1,14992,1993,99.60000000000001,749.5500000000001
R006,CNO,T2_SD_CNO,2026_06_22_merged.mat,SAMPLE,1,14993,1994,99.65,749.6
R006,CNO,T2_SD_CNO,2026_06_22_merged.mat,SAMPLE,1,14994,1995,99.7,749.6500000000001
R006,CNO,T2_SD_CNO,2026_06_22_merged.mat,SAMPLE,1,15000,2001,100.0,749.95
R006,CNO,T2_SD_CNO,2026_06_22_merged.mat,SAMPLE,1,15001,2002,100.05000000000001,750.0
R006,CNO,T2_SD_CNO,2026_06_22_merged.mat,SAMPLE,1,15002,2003,100.10000000000001,750.0500000000001
R006,CNO,T2_SD_CNO,2026_06_22_merged.mat,SAMPLE,1,15003,2004,100.15,750.1
R006,CNO,T2_SD_CNO,2026_06_22_merged.mat,SAMPLE,1,15004,2005,100.2,750.1500000000001
R006,CNO,T2_SD_CNO,2026_06_22_merged.mat,SAMPLE,1,15012,2013,100.60000000000001,750.5500000000001
R006,CNO,T2_SD_CNO,2026_06_22_merged.mat,SAMPLE,1,15013,2014,100.65,750.6
R006,CNO,T2_SD_CNO,2026_06_22_merged.mat,SAMPLE,1,15014,2015,100.7,750.6500000000001
R006,CNO,T2_SD_CNO,2026_06_22_merged.mat,SAMPLE,1,15015,2016,100.75,750.7
R006,CNO,T2_SD_CNO,2026_06_22_merged.mat,SAMPLE,1,15016,2017,100.80000000000001,750.75
R006,CNO,T2_SD_CNO,2026_06_22_merged.mat,SAMPLE,1,15035,2036,101.75,751.7
R006,CNO,T2_SD_CNO,2026_06_22_merged.mat,SAMPLE,1,15037,2038,101.85000000000001,751.8000000000001
R006,CNO,T2_SD_CNO,2026_06_22_merged.mat,SAMPLE,1,15054,2055,102.7,752.6500000000001
R006,CNO,T2_SD_CNO,2026_06_22_merged.mat,SAMPLE,1,15055,2056,102.75,752.7
R006,CNO,T2_SD_CNO,2026_06_22_merged.mat,SAMPLE,1,15056,2057,102.80000000000001,752.75
R006,CNO,T2_SD_CNO,2026_06_22_merged.mat,SAMPLE,1,15057,2058,102.85000000000001,752.8000000000001
R006,CNO,T2_SD_CNO,2026_06_22_merged.mat,SAMPLE,1,15071,2072,103.55000000000001,753.5
R006,CNO,T2_SD_CNO,2026_06_22_merged.mat,SAMPLE,1,15096,2097,104.80000000000001,754.75
R006,CNO,T2_SD_CNO,2026_06_22_merged.mat,SAMPLE,1,15097,2098,104.85000000000001,754.8000000000001
R006,CNO,T2_SD_CNO,2026_06_22_merged.mat,SAMPLE,1,15098,2099,104.9,754.85
R006,CNO,T2_SD_CNO,2026_06_22_merged.mat,SAMPLE,1,15099,2100,104.95,754.9000000000001
R006,CNO,T2_SD_CNO,2026_06_22_merged.mat,SAMPLE,1,15100,2101,105.0,754.95
R006,CNO,T2_SD_CNO,2026_06_22_merged.mat,SAMPLE,1,15110,2111,105.5,755.45
R006,CNO,T2_SD_CNO,2026_06_22_merged.mat,SAMPLE,1,15111,2112,105.55000000000001,755.5
R006,CNO,T2_SD_CNO,2026_06_22_merged.mat,SAMPLE,1,15112,2113,105.60000000000001,755.5500000000001
R006,CNO,T2_SD_CNO,2026_06_22_merged.mat,SAMPLE,1,15113,2114,105.65,755.6
R006,CNO,T2_SD_CNO,2026_06_22_merged.mat,SAMPLE,1,15114,2115,105.7,755.6500000000001
R006,CNO,T2_SD_CNO,2026_06_22_merged.mat,SAMPLE,1,15115,2116,105.75,755.7
R006,CNO,T2_SD_CNO,2026_06_22_merged.mat,SAMPLE,1,15122,2123,106.10000000000001,756.0500000000001
R006,CNO,T2_SD_CNO,2026_06_22_merged.mat,SAMPLE,1,15123,2124,106.15,756.1
R006,CNO,T2_SD_CNO,2026_06_22_merged.mat,SAMPLE,1,15124,2125,106.2,756.1500000000001
R006,CNO,T2_SD_CNO,2026_06_22_merged.mat,SAMPLE,1,15125,2126,106.25,756.2
R006,CNO,T2_SD_CNO,2026_06_22_merged.mat,SAMPLE,1,15126,2127,106.30000000000001,756.25
R006,CNO,T2_SD_CNO,2026_06_22_merged.mat,SAMPLE,1,15127,2128,106.35000000000001,756.3000000000001
R006,CNO,T2_SD_CNO,2026_06_22_merged.mat,SAMPLE,1,15128,2129,106.4,756.35
R006,CNO,T2_SD_CNO,2026_06_22_merged.mat,SAMPLE,1,15136,2137,106.80000000000001,756.75
R006,CNO,T2_SD_CNO,2026_06_22_merged.mat,SAMPLE,1,15137,2138,106.85000000000001,756.8000000000001
R006,CNO,T2_SD_CNO,2026_06_22_merged.mat,SAMPLE,1,15138,2139,106.9,756.85
R006,CNO,T2_SD_CNO,2026_06_22_merged.mat,SAMPLE,1,15139,2140,106.95,756.9000000000001
R006,CNO,T2_SD_CNO,2026_06_22_merged.mat,SAMPLE,1,15140,2141,107.0,756.95
R006,CNO,T2_SD_CNO,2026_06_22_merged.mat,SAMPLE,1,15141,2142,107.05000000000001,757.0
R006,CNO,T2_SD_CNO,2026_06_22_merged.mat,SAMPLE,1,15142,2143,107.10000000000001,757.0500000000001
R006,CNO,T2_SD_CNO,2026_06_22_merged.mat,SAMPLE,1,15143,2144,107.15,757.1
R006,CNO,T2_SD_CNO,2026_06_22_merged.mat,SAMPLE,1,15144,2145,107.2,757.1500000000001
R006,CNO,T2_SD_CNO,2026_06_22_merged.mat,SAMPLE,1,15145,2146,107.25,757.2
R006,CNO,T2_SD_CNO,2026_06_22_merged.mat,SAMPLE,1,15146,2147,107.30000000000001,757.25
R006,CNO,T2_SD_CNO,2026_06_22_merged.mat,SAMPLE,1,15147,2148,107.35000000000001,757.3000000000001
R006,CNO,T2_SD_CNO,2026_06_22_merged.mat,SAMPLE,1,15148,2149,107.4,757.35
R006,CNO,T2_SD_CNO,2026_06_22_merged.mat,SAMPLE,1,15149,2150,107.45,757.4000000000001
R006,CNO,T2_SD_CNO,2026_06_22_merged.mat,SAMPLE,1,15153,2154,107.65,757.6
R006,CNO,T2_SD_CNO,2026_06_22_merged.mat,SAMPLE,1,15155,2156,107.75,757.7
R006,CNO,T2_SD_CNO,2026_06_22_merged.mat,SAMPLE,1,15161,2162,108.05000000000001,758.0
R006,CNO,T2_SD_CNO,2026_06_22_merged.mat,SAMPLE,1,15162,2163,108.10000000000001,758.0500000000001
R006,CNO,T2_SD_CNO,2026_06_22_merged.mat,SAMPLE,1,15163,2164,108.15,758.1
R006,CNO,T2_SD_CNO,2026_06_22_merged.mat,SAMPLE,1,15164,2165,108.2,758.1500000000001
R006,CNO,T2_SD_CNO,2026_06_22_merged.mat,SAMPLE,1,15165,2166,108.25,758.2
R006,CNO,T2_SD_CNO,2026_06_22_merged.mat,SAMPLE,1,15166,2167,108.30000000000001,758.25
R006,CNO,T2_SD_CNO,2026_06_22_merged.mat,SAMPLE,1,15167,2168,108.35000000000001,758.3000000000001
R006,CNO,T2_SD_CNO,2026_06_22_merged.mat,SAMPLE,1,15170,2171,108.5,758.45
R006,CNO,T2_SD_CNO,2026_06_22_merged.mat,SAMPLE,1,15171,2172,108.55000000000001,758.5
R006,CNO,T2_SD_CNO,2026_06_22_merged.mat,SAMPLE,1,15172,2173,108.60000000000001,758.5500000000001
R006,CNO,T2_SD_CNO,2026_06_22_merged.mat,SAMPLE,1,15173,2174,108.65,758.6
R006,CNO,T2_SD_CNO,2026_06_22_merged.mat,SAMPLE,1,15175,2176,108.75,758.7
R006,CNO,T2_SD_CNO,2026_06_22_merged.mat,SAMPLE,1,15176,2177,108.80000000000001,758.75
R006,CNO,T2_SD_CNO,2026_06_22_merged.mat,SAMPLE,1,15177,2178,108.85000000000001,758.8000000000001
R006,CNO,T2_SD_CNO,2026_06_22_merged.mat,SAMPLE,1,15178,2179,108.9,758.85
R006,CNO,T2_SD_CNO,2026_06_22_merged.mat,SAMPLE,1,15179,2180,108.95,758.9000000000001
R006,CNO,T2_SD_CNO,2026_06_22_merged.mat,SAMPLE,1,15180,2181,109.0,758.95
R006,CNO,T2_SD_CNO,2026_06_22_merged.mat,SAMPLE,1,15181,2182,109.05000000000001,759.0
R006,CNO,T2_SD_CNO,2026_06_22_merged.mat,SAMPLE,1,15182,2183,109.10000000000001,759.0500000000001
R006,CNO,T2_SD_CNO,2026_06_22_merged.mat,SAMPLE,1,15183,2184,109.15,759.1
R006,CNO,T2_SD_CNO,2026_06_22_merged.mat,SAMPLE,1,15184,2185,109.2,759.1500000000001
R006,CNO,T2_SD_CNO,2026_06_22_merged.mat,SAMPLE,1,15185,2186,109.25,759.2
R006,CNO,T2_SD_CNO,2026_06_22_merged.mat,SAMPLE,1,15186,2187,109.30000000000001,759.25
R006,CNO,T2_SD_CNO,2026_06_22_merged.mat,SAMPLE,1,15187,2188,109.35000000000001,759.3000000000001
R006,CNO,T2_SD_CNO,2026_06_22_merged.mat,SAMPLE,1,15188,2189,109.4,759.35
R006,CNO,T2_SD_CNO,2026_06_22_merged.mat,SAMPLE,1,15189,2190,109.45,759.4000000000001
R006,CNO,T2_SD_CNO,2026_06_22_merged.mat,SAMPLE,1,15190,2191,109.5,759.45
R006,CNO,T2_SD_CNO,2026_06_22_merged.mat,SAMPLE,1,15191,2192,109.55000000000001,759.5
R006,CNO,T2_SD_CNO,2026_06_22_merged.mat,SAMPLE,1,15192,2193,109.60000000000001,759.5500000000001
R006,CNO,T2_SD_CNO,2026_06_22_merged.mat,SAMPLE,1,15193,2194,109.65,759.6
R006,CNO,T2_SD_CNO,2026_06_22_merged.mat,SAMPLE,1,15194,2195,109.7,759.6500000000001
R006,CNO,T2_SD_CNO,2026_06_22_merged.mat,SAMPLE,1,15195,2196,109.75,759.7
R006,CNO,T2_SD_CNO,2026_06_22_merged.mat,SAMPLE,1,15196,2197,109.80000000000001,759.75
R006,CNO,T2_SD_CNO,2026_06_22_merged.mat,SAMPLE,1,15197,2198,109.85000000000001,759.8000000000001
R006,CNO,T2_SD_CNO,2026_06_22_merged.mat,SAMPLE,1,15198,2199,109.9,759.85
R006,CNO,T2_SD_CNO,2026_06_22_merged.mat,SAMPLE,1,15199,2200,109.95,759.9000000000001
R006,CNO,T2_SD_CNO,2026_06_22_merged.mat,SAMPLE,1,15202,2203,110.10000000000001,760.0500000000001
R006,CNO,T2_SD_CNO,2026_06_22_merged.mat,SAMPLE,1,15203,2204,110.15,760.1
R006,CNO,T2_SD_CNO,2026_06_22_merged.mat,SAMPLE,1,15204,2205,110.2,760.1500000000001
R006,CNO,T2_SD_CNO,2026_06_22_merged.mat,SAMPLE,1,15205,2206,110.25,760.2
R006,CNO,T2_SD_CNO,2026_06_22_merged.mat,SAMPLE,1,15206,2207,110.30000000000001,760.25
R006,CNO,T2_SD_CNO,2026_06_22_merged.mat,SAMPLE,1,15207,2208,110.35000000000001,760.3000000000001
R006,CNO,T2_SD_CNO,2026_06_22_merged.mat,SAMPLE,1,15209,2210,110.45,760.4000000000001
R006,CNO,T2_SD_CNO,2026_06_22_merged.mat,SAMPLE,1,15213,2214,110.65,760.6
R006,CNO,T2_SD_CNO,2026_06_22_merged.mat,SAMPLE,1,15214,2215,110.7,760.6500000000001
R006,CNO,T2_SD_CNO,2026_06_22_merged.mat,SAMPLE,1,15215,2216,110.75,760.7
R006,CNO,T2_SD_CNO,2026_06_22_merged.mat,SAMPLE,1,15216,2217,110.80000000000001,760.75
R006,CNO,T2_SD_CNO,2026_06_22_merged.mat,SAMPLE,1,15217,2218,110.85000000000001,760.8000000000001
R006,CNO,T2_SD_CNO,2026_06_22_merged.mat,SAMPLE,1,15218,2219,110.9,760.85
R006,CNO,T2_SD_CNO,2026_06_22_merged.mat,SAMPLE,1,15219,2220,110.95,760.9000000000001
R006,CNO,T2_SD_CNO,2026_06_22_merged.mat,SAMPLE,1,15220,2221,111.0,760.95
R006,CNO,T2_SD_CNO,2026_06_22_merged.mat,SAMPLE,1,15225,2226,111.25,761.2
R006,CNO,T2_SD_CNO,2026_06_22_merged.mat,SAMPLE,1,15226,2227,111.30000000000001,761.25
R006,CNO,T2_SD_CNO,2026_06_22_merged.mat,SAMPLE,1,15227,2228,111.35000000000001,761.3000000000001
R006,CNO,T2_SD_CNO,2026_06_22_merged.mat,SAMPLE,1,15228,2229,111.4,761.35
R006,CNO,T2_SD_CNO,2026_06_22_merged.mat,SAMPLE,1,15240,2241,112.0,761.95
R006,CNO,T2_SD_CNO,2026_06_22_merged.mat,SAMPLE,1,15243,2244,112.15,762.1
R006,CNO,T2_SD_CNO,2026_06_22_merged.mat,SAMPLE,1,15258,2259,112.9,762.85
R006,CNO,T2_SD_CNO,2026_06_22_merged.mat,SAMPLE,1,15259,2260,112.95,762.9000000000001
R006,CNO,T2_SD_CNO,2026_06_22_merged.mat,SAMPLE,1,15260,2261,113.0,762.95
R006,CNO,T2_SD_CNO,2026_06_22_merged.mat,SAMPLE,1,15261,2262,113.05000000000001,763.0
R006,CNO,T2_SD_CNO,2026_06_22_merged.mat,SAMPLE,1,15262,2263,113.10000000000001,763.0500000000001
R006,CNO,T2_SD_CNO,2026_06_22_merged.mat,SAMPLE,1,15263,2264,113.15,763.1
R006,CNO,T2_SD_CNO,2026_06_22_merged.mat,SAMPLE,1,15264,2265,113.2,763.1500000000001
R006,CNO,T2_SD_CNO,2026_06_22_merged.mat,SAMPLE,1,15273,2274,113.65,763.6
R006,CNO,T2_SD_CNO,2026_06_22_merged.mat,SAMPLE,1,15274,2275,113.7,763.6500000000001
R006,CNO,T2_SD_CNO,2026_06_22_merged.mat,SAMPLE,1,15275,2276,113.75,763.7
R006,CNO,T2_SD_CNO,2026_06_22_merged.mat,SAMPLE,1,15276,2277,113.80000000000001,763.75
R006,CNO,T2_SD_CNO,2026_06_22_merged.mat,SAMPLE,1,15286,2287,114.30000000000001,764.25
R006,CNO,T2_SD_CNO,2026_06_22_merged.mat,SAMPLE,1,15287,2288,114.35000000000001,764.3000000000001
R006,CNO,T2_SD_CNO,2026_06_22_merged.mat,SAMPLE,1,15288,2289,114.4,764.35
R006,CNO,T2_SD_CNO,2026_06_22_merged.mat,SAMPLE,1,15289,2290,114.45,764.4000000000001
R006,CNO,T2_SD_CNO,2026_06_22_merged.mat,SAMPLE,1,15290,2291,114.5,764.45
R006,CNO,T2_SD_CNO,2026_06_22_merged.mat,SAMPLE,1,15301,2302,115.05000000000001,765.0
R006,CNO,T2_SD_CNO,2026_06_22_merged.mat,SAMPLE,1,15308,2309,115.4,765.35
R006,CNO,T2_SD_CNO,2026_06_22_merged.mat,SAMPLE,1,15309,2310,115.45,765.4000000000001
R006,CNO,T2_SD_CNO,2026_06_22_merged.mat,SAMPLE,1,15310,2311,115.5,765.45
R006,CNO,T2_SD_CNO,2026_06_22_merged.mat,SAMPLE,1,15311,2312,115.55000000000001,765.5
R006,CNO,T2_SD_CNO,2026_06_22_merged.mat,SAMPLE,1,15312,2313,115.60000000000001,765.5500000000001
R006,CNO,T2_SD_CNO,2026_06_22_merged.mat,SAMPLE,1,15327,2328,116.35000000000001,766.3000000000001
R006,CNO,T2_SD_CNO,2026_06_22_merged.mat,SAMPLE,1,15328,2329,116.4,766.35
R006,CNO,T2_SD_CNO,2026_06_22_merged.mat,SAMPLE,1,15329,2330,116.45,766.4000000000001
R006,CNO,T2_SD_CNO,2026_06_22_merged.mat,SAMPLE,1,15330,2331,116.5,766.45
R006,CNO,T2_SD_CNO,2026_06_22_merged.mat,SAMPLE,1,15331,2332,116.55000000000001,766.5
R006,CNO,T2_SD_CNO,2026_06_22_merged.mat,SAMPLE,1,15332,2333,116.60000000000001,766.5500000000001
R006,CNO,T2_SD_CNO,2026_06_22_merged.mat,SAMPLE,1,15341,2342,117.05000000000001,767.0
R006,CNO,T2_SD_CNO,2026_06_22_merged.mat,SAMPLE,1,15342,2343,117.10000000000001,767.0500000000001
R006,CNO,T2_SD_CNO,2026_06_22_merged.mat,SAMPLE,1,15343,2344,117.15,767.1
R006,CNO,T2_SD_CNO,2026_06_22_merged.mat,SAMPLE,1,15344,2345,117.2,767.1500000000001
R006,CNO,T2_SD_CNO,2026_06_22_merged.mat,SAMPLE,2,15351,2352,117.55000000000001,767.5
R006,CNO,T2_SD_CNO,2026_06_22_merged.mat,SAMPLE,2,15352,2353,117.60000000000001,767.5500000000001
R006,CNO,T2_SD_CNO,2026_06_22_merged.mat,SAMPLE,2,15361,2362,118.05000000000001,768.0
R006,CNO,T2_SD_CNO,2026_06_22_merged.mat,SAMPLE,2,15362,2363,118.10000000000001,768.0500000000001
R006,CNO,T2_SD_CNO,2026_06_22_merged.mat,SAMPLE,2,15363,2364,118.15,768.1
R006,CNO,T2_SD_CNO,2026_06_22_merged.mat,SAMPLE,2,15364,2365,118.2,768.1500000000001
R006,CNO,T2_SD_CNO,2026_06_22_merged.mat,SAMPLE,1,15379,2380,118.95,768.9000000000001
R006,CNO,T2_SD_CNO,2026_06_22_merged.mat,SAMPLE,1,15380,2381,119.0,768.95
R006,CNO,T2_SD_CNO,2026_06_22_merged.mat,SAMPLE,2,15413,2414,120.65,770.6
R006,CNO,T2_SD_CNO,2026_06_22_merged.mat,SAMPLE,1,15434,2435,121.7,771.6500000000001
R006,CNO,T2_SD_CNO,2026_06_22_merged.mat,SAMPLE,1,15435,2436,121.75,771.7
R006,CNO,T2_SD_CNO,2026_06_22_merged.mat,SAMPLE,1,15436,2437,121.80000000000001,771.75
R006,CNO,T2_SD_CNO,2026_06_22_merged.mat,SAMPLE,1,15437,2438,121.85000000000001,771.8000000000001
R006,CNO,T2_SD_CNO,2026_06_22_merged.mat,SAMPLE,1,15438,2439,121.9,771.85
R006,CNO,T2_SD_CNO,2026_06_22_merged.mat,SAMPLE,1,15455,2456,122.75,772.7
R006,CNO,T2_SD_CNO,2026_06_22_merged.mat,SAMPLE,1,15456,2457,122.80000000000001,772.75
R006,CNO,T2_SD_CNO,2026_06_22_merged.mat,SAMPLE,1,15457,2458,122.85000000000001,772.8000000000001
R006,CNO,T2_SD_CNO,2026_06_22_merged.mat,SAMPLE,2,15463,2464,123.15,773.1
R006,CNO,T2_SD_CNO,2026_06_22_merged.mat,SAMPLE,2,15464,2465,123.2,773.1500000000001
R006,CNO,T2_SD_CNO,2026_06_22_merged.mat,SAMPLE,2,15465,2466,123.25,773.2
R006,CNO,T2_SD_CNO,2026_06_22_merged.mat,SAMPLE,1,15488,2489,124.4,774.35
R006,CNO,T2_SD_CNO,2026_06_22_merged.mat,SAMPLE,1,15489,2490,124.45,774.4000000000001
R006,CNO,T2_SD_CNO,2026_06_22_merged.mat,SAMPLE,1,15490,2491,124.5,774.45
R006,CNO,T2_SD_CNO,2026_06_22_merged.mat,SAMPLE,1,15491,2492,124.55000000000001,774.5
R006,CNO,T2_SD_CNO,2026_06_22_merged.mat,SAMPLE,1,15501,2502,125.05000000000001,775.0
R006,CNO,T2_SD_CNO,2026_06_22_merged.mat,SAMPLE,1,15502,2503,125.10000000000001,775.0500000000001
R006,CNO,T2_SD_CNO,2026_06_22_merged.mat,SAMPLE,1,15503,2504,125.15,775.1
R006,CNO,T2_SD_CNO,2026_06_22_merged.mat,SAMPLE,1,15504,2505,125.2,775.1500000000001
R006,CNO,T2_SD_CNO,2026_06_22_merged.mat,SAMPLE,1,15505,2506,125.25,775.2
R006,CNO,T2_SD_CNO,2026_06_22_merged.mat,SAMPLE,1,15512,2513,125.60000000000001,775.5500000000001
R006,CNO,T2_SD_CNO,2026_06_22_merged.mat,SAMPLE,1,15513,2514,125.65,775.6
R006,CNO,T2_SD_CNO,2026_06_22_merged.mat,SAMPLE,2,15536,2537,126.80000000000001,776.75
R006,CNO,T2_SD_CNO,2026_06_22_merged.mat,SAMPLE,2,15537,2538,126.85000000000001,776.8000000000001
R006,CNO,T2_SD_CNO,2026_06_22_merged.mat,SAMPLE,1,15542,2543,127.10000000000001,777.0500000000001
R006,CNO,T2_SD_CNO,2026_06_22_merged.mat,SAMPLE,1,15543,2544,127.15,777.1
R006,CNO,T2_SD_CNO,2026_06_22_merged.mat,SAMPLE,1,15544,2545,127.2,777.1500000000001
R006,CNO,T2_SD_CNO,2026_06_22_merged.mat,SAMPLE,1,15545,2546,127.25,777.2
R006,CNO,T2_SD_CNO,2026_06_22_merged.mat,SAMPLE,1,15546,2547,127.30000000000001,777.25
R006,CNO,T2_SD_CNO,2026_06_22_merged.mat,SAMPLE,1,15565,2566,128.25,778.2
R006,CNO,T2_SD_CNO,2026_06_22_merged.mat,SAMPLE,1,15566,2567,128.3,778.25
R006,CNO,T2_SD_CNO,2026_06_22_merged.mat,SAMPLE,1,15567,2568,128.35,778.3000000000001
R006,CNO,T2_SD_CNO,2026_06_22_merged.mat,SAMPLE,1,15575,2576,128.75,778.7
R006,CNO,T2_SD_CNO,2026_06_22_merged.mat,SAMPLE,1,15576,2577,128.8,778.75
R006,CNO,T2_SD_CNO,2026_06_22_merged.mat,SAMPLE,1,15577,2578,128.85,778.8000000000001
R006,CNO,T2_SD_CNO,2026_06_22_merged.mat,SAMPLE,1,15578,2579,128.9,778.85
R006,CNO,T2_SD_CNO,2026_06_22_merged.mat,SAMPLE,1,15579,2580,128.95000000000002,778.9000000000001
R006,CNO,T2_SD_CNO,2026_06_22_merged.mat,SAMPLE,2,15595,2596,129.75,779.7
R006,CNO,T2_SD_CNO,2026_06_22_merged.mat,SAMPLE,1,15609,2610,130.45000000000002,780.4000000000001
R006,CNO,T2_SD_CNO,2026_06_22_merged.mat,SAMPLE,1,15610,2611,130.5,780.45
R006,CNO,T2_SD_CNO,2026_06_22_merged.mat,SAMPLE,1,15611,2612,130.55,780.5
R006,CNO,T2_SD_CNO,2026_06_22_merged.mat,SAMPLE,1,15612,2613,130.6,780.5500000000001
R006,CNO,T2_SD_CNO,2026_06_22_merged.mat,SAMPLE,1,15622,2623,131.1,781.0500000000001
R006,CNO,T2_SD_CNO,2026_06_22_merged.mat,SAMPLE,1,15623,2624,131.15,781.1
R006,CNO,T2_SD_CNO,2026_06_22_merged.mat,SAMPLE,1,15624,2625,131.20000000000002,781.1500000000001
R006,CNO,T2_SD_CNO,2026_06_22_merged.mat,SAMPLE,1,15625,2626,131.25,781.2
R006,CNO,T2_SD_CNO,2026_06_22_merged.mat,SAMPLE,1,15633,2634,131.65,781.6
R006,CNO,T2_SD_CNO,2026_06_22_merged.mat,SAMPLE,1,15642,2643,132.1,782.0500000000001
R006,CNO,T2_SD_CNO,2026_06_22_merged.mat,SAMPLE,1,15643,2644,132.15,782.1
R006,CNO,T2_SD_CNO,2026_06_22_merged.mat,SAMPLE,1,15644,2645,132.20000000000002,782.1500000000001
R006,CNO,T2_SD_CNO,2026_06_22_merged.mat,SAMPLE,1,15653,2654,132.65,782.6
R006,CNO,T2_SD_CNO,2026_06_22_merged.mat,SAMPLE,1,15654,2655,132.70000000000002,782.6500000000001
R006,CNO,T2_SD_CNO,2026_06_22_merged.mat,SAMPLE,1,15655,2656,132.75,782.7
R006,CNO,T2_SD_CNO,2026_06_22_merged.mat,SAMPLE,1,15656,2657,132.8,782.75
R006,CNO,T2_SD_CNO,2026_06_22_merged.mat,SAMPLE,1,15663,2664,133.15,783.1
R006,CNO,T2_SD_CNO,2026_06_22_merged.mat,SAMPLE,1,15664,2665,133.20000000000002,783.1500000000001
R006,CNO,T2_SD_CNO,2026_06_22_merged.mat,SAMPLE,1,15665,2666,133.25,783.2
R006,CNO,T2_SD_CNO,2026_06_22_merged.mat,SAMPLE,1,15666,2667,133.3,783.25
R006,CNO,T2_SD_CNO,2026_06_22_merged.mat,SAMPLE,1,15667,2668,133.35,783.3000000000001
R006,CNO,T2_SD_CNO,2026_06_22_merged.mat,SAMPLE,1,15668,2669,133.4,783.35
R006,CNO,T2_SD_CNO,2026_06_22_merged.mat,SAMPLE,1,15669,2670,133.45000000000002,783.4000000000001
R006,CNO,T2_SD_CNO,2026_06_22_merged.mat,SAMPLE,1,15676,2677,133.8,783.75
R006,CNO,T2_SD_CNO,2026_06_22_merged.mat,SAMPLE,1,15677,2678,133.85,783.8000000000001
R006,CNO,T2_SD_CNO,2026_06_22_merged.mat,SAMPLE,1,15678,2679,133.9,783.85
R006,CNO,T2_SD_CNO,2026_06_22_merged.mat,SAMPLE,1,15688,2689,134.4,784.35
R006,CNO,T2_SD_CNO,2026_06_22_merged.mat,SAMPLE,1,15718,2719,135.9,785.85
R006,CNO,T2_SD_CNO,2026_06_22_merged.mat,SAMPLE,1,15719,2720,135.95000000000002,785.9000000000001
R006,CNO,T2_SD_CNO,2026_06_22_merged.mat,SAMPLE,1,15720,2721,136.0,785.95
R006,CNO,T2_SD_CNO,2026_06_22_merged.mat,SAMPLE,1,15721,2722,136.05,786.0
R006,CNO,T2_SD_CNO,2026_06_22_merged.mat,SAMPLE,1,15728,2729,136.4,786.35
R006,CNO,T2_SD_CNO,2026_06_22_merged.mat,SAMPLE,1,15729,2730,136.45000000000002,786.4000000000001
R006,CNO,T2_SD_CNO,2026_06_22_merged.mat,SAMPLE,1,15730,2731,136.5,786.45
R006,CNO,T2_SD_CNO,2026_06_22_merged.mat,SAMPLE,1,15731,2732,136.55,786.5
R006,CNO,T2_SD_CNO,2026_06_22_merged.mat,SAMPLE,1,15732,2733,136.6,786.5500000000001
R006,CNO,T2_SD_CNO,2026_06_22_merged.mat,SAMPLE,1,15782,2783,139.1,789.0500000000001
R006,CNO,T2_SD_CNO,2026_06_22_merged.mat,SAMPLE,1,15783,2784,139.15,789.1
R006,CNO,T2_SD_CNO,2026_06_22_merged.mat,SAMPLE,1,15784,2785,139.20000000000002,789.1500000000001
R006,CNO,T2_SD_CNO,2026_06_22_merged.mat,SAMPLE,1,15785,2786,139.25,789.2
R006,CNO,T2_SD_CNO,2026_06_22_merged.mat,SAMPLE,1,15803,2804,140.15,790.1
R006,CNO,T2_SD_CNO,2026_06_22_merged.mat,SAMPLE,1,15804,2805,140.20000000000002,790.1500000000001
R006,CNO,T2_SD_CNO,2026_06_22_merged.mat,SAMPLE,1,15805,2806,140.25,790.2
R006,CNO,T2_SD_CNO,2026_06_22_merged.mat,SAMPLE,1,15833,2834,141.65,791.6
R006,CNO,T2_SD_CNO,2026_06_22_merged.mat,SAMPLE,1,15834,2835,141.70000000000002,791.6500000000001
R006,CNO,T2_SD_CNO,2026_06_22_merged.mat,SAMPLE,2,15850,2851,142.5,792.45
R006,CNO,T2_SD_CNO,2026_06_22_merged.mat,SAMPLE,2,15851,2852,142.55,792.5
R006,CNO,T2_SD_CNO,2026_06_22_merged.mat,SAMPLE,2,15852,2853,142.6,792.5500000000001
R006,CNO,T2_SD_CNO,2026_06_22_merged.mat,SAMPLE,2,15853,2854,142.65,792.6
R006,CNO,T2_SD_CNO,2026_06_22_merged.mat,SAMPLE,2,15866,2867,143.3,793.25
R006,CNO,T2_SD_CNO,2026_06_22_merged.mat,SAMPLE,2,15867,2868,143.35,793.3000000000001
R006,CNO,T2_SD_CNO,2026_06_22_merged.mat,SAMPLE,1,15893,2894,144.65,794.6
R006,CNO,T2_SD_CNO,2026_06_22_merged.mat,SAMPLE,1,15894,2895,144.70000000000002,794.6500000000001
R006,CNO,T2_SD_CNO,2026_06_22_merged.mat,SAMPLE,1,15895,2896,144.75,794.7
R006,CNO,T2_SD_CNO,2026_06_22_merged.mat,SAMPLE,1,15896,2897,144.8,794.75
R006,CNO,T2_SD_CNO,2026_06_22_merged.mat,SAMPLE,1,15897,2898,144.85,794.8000000000001
R006,CNO,T2_SD_CNO,2026_06_22_merged.mat,SAMPLE,1,15898,2899,144.9,794.85
R006,CNO,T2_SD_CNO,2026_06_22_merged.mat,SAMPLE,2,15939,2940,146.95000000000002,796.9000000000001
R006,CNO,T2_SD_CNO,2026_06_22_merged.mat,SAMPLE,2,15940,2941,147.0,796.95
R006,CNO,T2_SD_CNO,2026_06_22_merged.mat,SAMPLE,2,15941,2942,147.05,797.0
R006,CNO,T2_SD_CNO,2026_06_22_merged.mat,SAMPLE,2,15942,2943,147.1,797.0500000000001
R006,CNO,T2_SD_CNO,2026_06_22_merged.mat,SAMPLE,1,15949,2950,147.45000000000002,797.4000000000001
R006,CNO,T2_SD_CNO,2026_06_22_merged.mat,SAMPLE,1,15956,2957,147.8,797.75
R006,CNO,T2_SD_CNO,2026_06_22_merged.mat,SAMPLE,1,15957,2958,147.85,797.8000000000001
R006,CNO,T2_SD_CNO,2026_06_22_merged.mat,SAMPLE,1,15958,2959,147.9,797.85
R006,CNO,T2_SD_CNO,2026_06_22_merged.mat,SAMPLE,1,15959,2960,147.95000000000002,797.9000000000001
R006,CNO,T2_SD_CNO,2026_06_22_merged.mat,SAMPLE,1,15960,2961,148.0,797.95
R006,CNO,T2_SD_CNO,2026_06_22_merged.mat,SAMPLE,1,15996,2997,149.8,799.75
R006,CNO,T2_SD_CNO,2026_06_22_merged.mat,SAMPLE,1,15997,2998,149.85,799.8000000000001
R006,CNO,T2_SD_CNO,2026_06_22_merged.mat,SAMPLE,1,15998,2999,149.9,799.85
R006,CNO,T2_SD_CNO,2026_06_22_merged.mat,SAMPLE,1,15999,3000,149.95000000000002,799.9000000000001
R006,CNO,T2_SD_CNO,2026_06_22_merged.mat,SAMPLE,1,16000,3001,150.0,799.95
R006,CNO,T2_SD_CNO,2026_06_22_merged.mat,SAMPLE,1,16021,3022,151.05,801.0
R006,CNO,T2_SD_CNO,2026_06_22_merged.mat,SAMPLE,1,16022,3023,151.1,801.0500000000001
R006,CNO,T2_SD_CNO,2026_06_22_merged.mat,SAMPLE,2,16040,3041,152.0,801.95
R006,CNO,T2_SD_CNO,2026_06_22_merged.mat,SAMPLE,1,16070,3071,153.5,803.45
R006,CNO,T2_SD_CNO,2026_06_22_merged.mat,SAMPLE,1,16071,3072,153.55,803.5
R006,CNO,T2_SD_CNO,2026_06_22_merged.mat,SAMPLE,1,16072,3073,153.60000000000002,803.5500000000001
R006,CNO,T2_SD_CNO,2026_06_22_merged.mat,SAMPLE,1,16079,3080,153.95000000000002,803.9000000000001
R006,CNO,T2_SD_CNO,2026_06_22_merged.mat,SAMPLE,1,16080,3081,154.0,803.95
R006,CNO,T2_SD_CNO,2026_06_22_merged.mat,SAMPLE,1,16081,3082,154.05,804.0
R006,CNO,T2_SD_CNO,2026_06_22_merged.mat,SAMPLE,1,16082,3083,154.10000000000002,804.0500000000001
R006,CNO,T2_SD_CNO,2026_06_22_merged.mat,SAMPLE,2,16089,3090,154.45000000000002,804.4000000000001
R006,CNO,T2_SD_CNO,2026_06_22_merged.mat,SAMPLE,2,16090,3091,154.5,804.45
R006,CNO,T2_SD_CNO,2026_06_22_merged.mat,SAMPLE,2,16091,3092,154.55,804.5
R006,CNO,T2_SD_CNO,2026_06_22_merged.mat,SAMPLE,2,16122,3123,156.10000000000002,806.0500000000001
R006,CNO,T2_SD_CNO,2026_06_22_merged.mat,SAMPLE,2,16123,3124,156.15,806.1
R006,CNO,T2_SD_CNO,2026_06_22_merged.mat,SAMPLE,2,16124,3125,156.20000000000002,806.1500000000001
R006,CNO,T2_SD_CNO,2026_06_22_merged.mat,SAMPLE,2,16125,3126,156.25,806.2
R006,CNO,T2_SD_CNO,2026_06_22_merged.mat,SAMPLE,2,16126,3127,156.3,806.25
R006,CNO,T2_SD_CNO,2026_06_22_merged.mat,SAMPLE,2,16156,3157,157.8,807.75
R006,CNO,T2_SD_CNO,2026_06_22_merged.mat,SAMPLE,2,16157,3158,157.85000000000002,807.8000000000001
R006,CNO,T2_SD_CNO,2026_06_22_merged.mat,SAMPLE,2,16158,3159,157.9,807.85
R006,CNO,T2_SD_CNO,2026_06_22_merged.mat,SAMPLE,2,16159,3160,157.95000000000002,807.9000000000001
R006,CNO,T2_SD_CNO,2026_06_22_merged.mat,SAMPLE,2,16160,3161,158.0,807.95
R006,CNO,T2_SD_CNO,2026_06_22_merged.mat,SAMPLE,2,16169,3170,158.45000000000002,808.4000000000001
R006,CNO,T2_SD_CNO,2026_06_22_merged.mat,SAMPLE,2,16170,3171,158.5,808.45
R006,CNO,T2_SD_CNO,2026_06_22_merged.mat,SAMPLE,2,16171,3172,158.55,808.5
R006,CNO,T2_SD_CNO,2026_06_22_merged.mat,SAMPLE,2,16177,3178,158.85000000000002,808.8000000000001
R006,CNO,T2_SD_CNO,2026_06_22_merged.mat,SAMPLE,2,16178,3179,158.9,808.85
R006,CNO,T2_SD_CNO,2026_06_22_merged.mat,SAMPLE,2,16179,3180,158.95000000000002,808.9000000000001
R006,CNO,T2_SD_CNO,2026_06_22_merged.mat,SAMPLE,2,16180,3181,159.0,808.95
R006,CNO,T2_SD_CNO,2026_06_22_merged.mat,SAMPLE,2,16181,3182,159.05,809.0
R006,CNO,T2_SD_CNO,2026_06_22_merged.mat,SAMPLE,2,16182,3183,159.10000000000002,809.0500000000001
R006,CNO,T2_SD_CNO,2026_06_22_merged.mat,SAMPLE,2,16188,3189,159.4,809.35
R006,CNO,T2_SD_CNO,2026_06_22_merged.mat,SAMPLE,2,16189,3190,159.45000000000002,809.4000000000001
R006,CNO,T2_SD_CNO,2026_06_22_merged.mat,SAMPLE,2,16190,3191,159.5,809.45
R006,CNO,T2_SD_CNO,2026_06_22_merged.mat,SAMPLE,2,16198,3199,159.9,809.85
R006,CNO,T2_SD_CNO,2026_06_22_merged.mat,SAMPLE,2,16210,3211,160.5,810.45
R006,CNO,T2_SD_CNO,2026_06_22_merged.mat,SAMPLE,1,16216,3217,160.8,810.75
R006,CNO,T2_SD_CNO,2026_06_22_merged.mat,SAMPLE,1,16217,3218,160.85000000000002,810.8000000000001
R006,CNO,T2_SD_CNO,2026_06_22_merged.mat,SAMPLE,1,16218,3219,160.9,810.85
R006,CNO,T2_SD_CNO,2026_06_22_merged.mat,SAMPLE,1,16219,3220,160.95000000000002,810.9000000000001
R006,CNO,T2_SD_CNO,2026_06_22_merged.mat,SAMPLE,1,16220,3221,161.0,810.95
R006,CNO,T2_SD_CNO,2026_06_22_merged.mat,SAMPLE,1,16229,3230,161.45000000000002,811.4000000000001
R006,CNO,T2_SD_CNO,2026_06_22_merged.mat,SAMPLE,1,16230,3231,161.5,811.45
R006,CNO,T2_SD_CNO,2026_06_22_merged.mat,SAMPLE,1,16243,3244,162.15,812.1
R006,CNO,T2_SD_CNO,2026_06_22_merged.mat,SAMPLE,1,16251,3252,162.55,812.5
R006,CNO,T2_SD_CNO,2026_06_22_merged.mat,SAMPLE,1,16252,3253,162.60000000000002,812.5500000000001
R006,CNO,T2_SD_CNO,2026_06_22_merged.mat,SAMPLE,1,16253,3254,162.65,812.6
R006,CNO,T2_SD_CNO,2026_06_22_merged.mat,SAMPLE,1,16254,3255,162.70000000000002,812.6500000000001
R006,CNO,T2_SD_CNO,2026_06_22_merged.mat,SAMPLE,1,16255,3256,162.75,812.7
R006,CNO,T2_SD_CNO,2026_06_22_merged.mat,SAMPLE,1,16264,3265,163.20000000000002,813.1500000000001
R006,CNO,T2_SD_CNO,2026_06_22_merged.mat,SAMPLE,1,16265,3266,163.25,813.2
R006,CNO,T2_SD_CNO,2026_06_22_merged.mat,SAMPLE,1,16266,3267,163.3,813.25
R006,CNO,T2_SD_CNO,2026_06_22_merged.mat,SAMPLE,1,16267,3268,163.35000000000002,813.3000000000001
R006,CNO,T2_SD_CNO,2026_06_22_merged.mat,SAMPLE,1,16271,3272,163.55,813.5
R006,CNO,T2_SD_CNO,2026_06_22_merged.mat,SAMPLE,2,16292,3293,164.60000000000002,814.5500000000001
R006,CNO,T2_SD_CNO,2026_06_22_merged.mat,SAMPLE,2,16293,3294,164.65,814.6
R006,CNO,T2_SD_CNO,2026_06_22_merged.mat,SAMPLE,2,16294,3295,164.70000000000002,814.6500000000001
R006,CNO,T2_SD_CNO,2026_06_22_merged.mat,SAMPLE,1,16302,3303,165.10000000000002,815.0500000000001
R006,CNO,T2_SD_CNO,2026_06_22_merged.mat,SAMPLE,1,16334,3335,166.70000000000002,816.6500000000001
R006,CNO,T2_SD_CNO,2026_06_22_merged.mat,SAMPLE,1,16335,3336,166.75,816.7
R006,CNO,T2_SD_CNO,2026_06_22_merged.mat,SAMPLE,1,16336,3337,166.8,816.75
R006,CNO,T2_SD_CNO,2026_06_22_merged.mat,SAMPLE,1,16337,3338,166.85000000000002,816.8000000000001
R006,CNO,T2_SD_CNO,2026_06_22_merged.mat,SAMPLE,2,16342,3343,167.10000000000002,817.0500000000001
R006,CNO,T2_SD_CNO,2026_06_22_merged.mat,SAMPLE,2,16343,3344,167.15,817.1
R006,CNO,T2_SD_CNO,2026_06_22_merged.mat,SAMPLE,1,16353,3354,167.65,817.6
R006,CNO,T2_SD_CNO,2026_06_22_merged.mat,SAMPLE,1,16354,3355,167.70000000000002,817.6500000000001
R006,CNO,T2_SD_CNO,2026_06_22_merged.mat,SAMPLE,1,16355,3356,167.75,817.7
R006,CNO,T2_SD_CNO,2026_06_22_merged.mat,SAMPLE,1,16356,3357,167.8,817.75
R006,CNO,T2_SD_CNO,2026_06_22_merged.mat,SAMPLE,1,16357,3358,167.85000000000002,817.8000000000001
R006,CNO,T2_SD_CNO,2026_06_22_merged.mat,SAMPLE,1,16358,3359,167.9,817.85
R006,CNO,T2_SD_CNO,2026_06_22_merged.mat,SAMPLE,1,16359,3360,167.95000000000002,817.9000000000001
R006,CNO,T2_SD_CNO,2026_06_22_merged.mat,SAMPLE,1,16382,3383,169.10000000000002,819.0500000000001
R006,CNO,T2_SD_CNO,2026_06_22_merged.mat,SAMPLE,1,16383,3384,169.15,819.1
R006,CNO,T2_SD_CNO,2026_06_22_merged.mat,SAMPLE,1,16384,3385,169.20000000000002,819.1500000000001
R006,CNO,T2_SD_CNO,2026_06_22_merged.mat,SAMPLE,1,16385,3386,169.25,819.2
R006,CNO,T2_SD_CNO,2026_06_22_merged.mat,SAMPLE,1,16416,3417,170.8,820.75
R006,CNO,T2_SD_CNO,2026_06_22_merged.mat,SAMPLE,1,16417,3418,170.85000000000002,820.8000000000001
R006,CNO,T2_SD_CNO,2026_06_22_merged.mat,SAMPLE,1,16418,3419,170.9,820.85
R006,CNO,T2_SD_CNO,2026_06_22_merged.mat,SAMPLE,2,16423,3424,171.15,821.1
R006,CNO,T2_SD_CNO,2026_06_22_merged.mat,SAMPLE,2,16424,3425,171.20000000000002,821.1500000000001
R006,CNO,T2_SD_CNO,2026_06_22_merged.mat,SAMPLE,1,16456,3457,172.8,822.75
R006,CNO,T2_SD_CNO,2026_06_22_merged.mat,SAMPLE,1,16457,3458,172.85000000000002,822.8000000000001
R006,CNO,T2_SD_CNO,2026_06_22_merged.mat,SAMPLE,1,16458,3459,172.9,822.85
R006,CNO,T2_SD_CNO,2026_06_22_merged.mat,SAMPLE,1,16460,3461,173.0,822.95
R006,CNO,T2_SD_CNO,2026_06_22_merged.mat,SAMPLE,1,16461,3462,173.05,823.0
R006,CNO,T2_SD_CNO,2026_06_22_merged.mat,SAMPLE,1,16462,3463,173.10000000000002,823.0500000000001
R006,CNO,T2_SD_CNO,2026_06_22_merged.mat,SAMPLE,1,16463,3464,173.15,823.1
R006,CNO,T2_SD_CNO,2026_06_22_merged.mat,SAMPLE,1,16464,3465,173.20000000000002,823.1500000000001
R006,CNO,T2_SD_CNO,2026_06_22_merged.mat,SAMPLE,1,16475,3476,173.75,823.7
R006,CNO,T2_SD_CNO,2026_06_22_merged.mat,SAMPLE,1,16476,3477,173.8,823.75
R006,CNO,T2_SD_CNO,2026_06_22_merged.mat,SAMPLE,2,16492,3493,174.60000000000002,824.5500000000001
R006,CNO,T2_SD_CNO,2026_06_22_merged.mat,SAMPLE,2,16493,3494,174.65,824.6
R006,CNO,T2_SD_CNO,2026_06_22_merged.mat,SAMPLE,2,16494,3495,174.70000000000002,824.6500000000001
R006,CNO,T2_SD_CNO,2026_06_22_merged.mat,SAMPLE,1,16504,3505,175.20000000000002,825.1500000000001
R006,CNO,T2_SD_CNO,2026_06_22_merged.mat,SAMPLE,1,16505,3506,175.25,825.2
R006,CNO,T2_SD_CNO,2026_06_22_merged.mat,SAMPLE,1,16506,3507,175.3,825.25
R006,CNO,T2_SD_CNO,2026_06_22_merged.mat,SAMPLE,1,16507,3508,175.35000000000002,825.3000000000001
R006,CNO,T2_SD_CNO,2026_06_22_merged.mat,SAMPLE,1,16530,3531,176.5,826.45
R006,CNO,T2_SD_CNO,2026_06_22_merged.mat,SAMPLE,1,16531,3532,176.55,826.5
R006,CNO,T2_SD_CNO,2026_06_22_merged.mat,SAMPLE,1,16532,3533,176.60000000000002,826.5500000000001
R006,CNO,T2_SD_CNO,2026_06_22_merged.mat,SAMPLE,1,16533,3534,176.65,826.6
R006,CNO,T2_SD_CNO,2026_06_22_merged.mat,SAMPLE,1,16534,3535,176.70000000000002,826.6500000000001
R006,CNO,T2_SD_CNO,2026_06_22_merged.mat,SAMPLE,1,16535,3536,176.75,826.7
R006,CNO,T2_SD_CNO,2026_06_22_merged.mat,SAMPLE,1,16536,3537,176.8,826.75
R006,CNO,T2_SD_CNO,2026_06_22_merged.mat,SAMPLE,1,16537,3538,176.85000000000002,826.8000000000001
R006,CNO,T2_SD_CNO,2026_06_22_merged.mat,SAMPLE,1,16549,3550,177.45000000000002,827.4000000000001
R006,CNO,T2_SD_CNO,2026_06_22_merged.mat,SAMPLE,1,16550,3551,177.5,827.45
R006,CNO,T2_SD_CNO,2026_06_22_merged.mat,SAMPLE,1,16551,3552,177.55,827.5
R006,CNO,T2_SD_CNO,2026_06_22_merged.mat,SAMPLE,1,16558,3559,177.9,827.85
R006,CNO,T2_SD_CNO,2026_06_22_merged.mat,SAMPLE,1,16559,3560,177.95000000000002,827.9000000000001
R006,CNO,T2_SD_CNO,2026_06_22_merged.mat,SAMPLE,1,16560,3561,178.0,827.95
R006,CNO,T2_SD_CNO,2026_06_22_merged.mat,SAMPLE,1,16561,3562,178.05,828.0
R006,CNO,T2_SD_CNO,2026_06_22_merged.mat,SAMPLE,1,16562,3563,178.10000000000002,828.0500000000001
R006,CNO,T2_SD_CNO,2026_06_22_merged.mat,SAMPLE,1,16563,3564,178.15,828.1
R006,CNO,T2_SD_CNO,2026_06_22_merged.mat,SAMPLE,1,16597,3598,179.85000000000002,829.8000000000001
R006,CNO,T2_SD_CNO,2026_06_22_merged.mat,SAMPLE,1,16598,3599,179.9,829.85
R006,CNO,T2_SD_CNO,2026_06_22_merged.mat,SAMPLE,2,16608,3609,180.4,830.35
R006,CNO,T2_SD_CNO,2026_06_22_merged.mat,SAMPLE,2,16609,3610,180.45000000000002,830.4000000000001
R006,CNO,T2_SD_CNO,2026_06_22_merged.mat,SAMPLE,1,16625,3626,181.25,831.2
R006,CNO,T2_SD_CNO,2026_06_22_merged.mat,SAMPLE,1,16626,3627,181.3,831.25
R006,CNO,T2_SD_CNO,2026_06_22_merged.mat,SAMPLE,1,16627,3628,181.35000000000002,831.3000000000001
R006,CNO,T2_SD_CNO,2026_06_22_merged.mat,SAMPLE,1,16628,3629,181.4,831.35
R006,CNO,T2_SD_CNO,2026_06_22_merged.mat,SAMPLE,1,16629,3630,181.45000000000002,831.4000000000001
R006,CNO,T2_SD_CNO,2026_06_22_merged.mat,SAMPLE,1,16630,3631,181.5,831.45
R006,CNO,T2_SD_CNO,2026_06_22_merged.mat,SAMPLE,1,16631,3632,181.55,831.5
R006,CNO,T2_SD_CNO,2026_06_22_merged.mat,SAMPLE,1,16632,3633,181.60000000000002,831.5500000000001
R006,CNO,T2_SD_CNO,2026_06_22_merged.mat,SAMPLE,2,16644,3645,182.20000000000002,832.1500000000001
R006,CNO,T2_SD_CNO,2026_06_22_merged.mat,SAMPLE,2,16654,3655,182.70000000000002,832.6500000000001
R006,CNO,T2_SD_CNO,2026_06_22_merged.mat,SAMPLE,1,16660,3661,183.0,832.95
R006,CNO,T2_SD_CNO,2026_06_22_merged.mat,SAMPLE,1,16661,3662,183.05,833.0
R006,CNO,T2_SD_CNO,2026_06_22_merged.mat,SAMPLE,1,16662,3663,183.10000000000002,833.0500000000001
R006,CNO,T2_SD_CNO,2026_06_22_merged.mat,SAMPLE,1,16663,3664,183.15,833.1
R006,CNO,T2_SD_CNO,2026_06_22_merged.mat,SAMPLE,1,16664,3665,183.20000000000002,833.1500000000001
R006,CNO,T2_SD_CNO,2026_06_22_merged.mat,SAMPLE,1,16675,3676,183.75,833.7
R006,CNO,T2_SD_CNO,2026_06_22_merged.mat,SAMPLE,1,16677,3678,183.85000000000002,833.8000000000001
R006,CNO,T2_SD_CNO,2026_06_22_merged.mat,SAMPLE,1,16678,3679,183.9,833.85
R006,CNO,T2_SD_CNO,2026_06_22_merged.mat,SAMPLE,1,16679,3680,183.95000000000002,833.9000000000001
R006,CNO,T2_SD_CNO,2026_06_22_merged.mat,SAMPLE,1,16702,3703,185.10000000000002,835.0500000000001
R006,CNO,T2_SD_CNO,2026_06_22_merged.mat,SAMPLE,1,16703,3704,185.15,835.1
R006,CNO,T2_SD_CNO,2026_06_22_merged.mat,SAMPLE,1,16704,3705,185.20000000000002,835.1500000000001
R006,CNO,T2_SD_CNO,2026_06_22_merged.mat,SAMPLE,1,16705,3706,185.25,835.2
R006,CNO,T2_SD_CNO,2026_06_22_merged.mat,SAMPLE,1,16706,3707,185.3,835.25
R006,CNO,T2_SD_CNO,2026_06_22_merged.mat,SAMPLE,1,16722,3723,186.10000000000002,836.0500000000001
R006,CNO,T2_SD_CNO,2026_06_22_merged.mat,SAMPLE,1,16723,3724,186.15,836.1
R006,CNO,T2_SD_CNO,2026_06_22_merged.mat,SAMPLE,1,16724,3725,186.20000000000002,836.1500000000001
R006,CNO,T2_SD_CNO,2026_06_22_merged.mat,SAMPLE,1,16725,3726,186.25,836.2
R006,CNO,T2_SD_CNO,2026_06_22_merged.mat,SAMPLE,1,16726,3727,186.3,836.25
R006,CNO,T2_SD_CNO,2026_06_22_merged.mat,SAMPLE,1,16727,3728,186.35000000000002,836.3000000000001
R006,CNO,T2_SD_CNO,2026_06_22_merged.mat,SAMPLE,1,16728,3729,186.4,836.35
R006,CNO,T2_SD_CNO,2026_06_22_merged.mat,SAMPLE,1,16766,3767,188.3,838.25
R006,CNO,T2_SD_CNO,2026_06_22_merged.mat,SAMPLE,1,16767,3768,188.35000000000002,838.3000000000001
R006,CNO,T2_SD_CNO,2026_06_22_merged.mat,SAMPLE,1,16768,3769,188.4,838.35
R006,CNO,T2_SD_CNO,2026_06_22_merged.mat,SAMPLE,1,16769,3770,188.45000000000002,838.4000000000001
R006,CNO,T2_SD_CNO,2026_06_22_merged.mat,SAMPLE,1,16770,3771,188.5,838.45
R006,CNO,T2_SD_CNO,2026_06_22_merged.mat,SAMPLE,1,16771,3772,188.55,838.5
R006,CNO,T2_SD_CNO,2026_06_22_merged.mat,SAMPLE,1,16772,3773,188.60000000000002,838.5500000000001
R006,CNO,T2_SD_CNO,2026_06_22_merged.mat,SAMPLE,2,16790,3791,189.5,839.45
R006,CNO,T2_SD_CNO,2026_06_22_merged.mat,SAMPLE,1,16810,3811,190.5,840.45
R006,CNO,T2_SD_CNO,2026_06_22_merged.mat,SAMPLE,1,16811,3812,190.55,840.5
R006,CNO,T2_SD_CNO,2026_06_22_merged.mat,SAMPLE,1,16812,3813,190.60000000000002,840.5500000000001
R006,CNO,T2_SD_CNO,2026_06_22_merged.mat,SAMPLE,1,16813,3814,190.65,840.6
R006,CNO,T2_SD_CNO,2026_06_22_merged.mat,SAMPLE,1,16831,3832,191.55,841.5
R006,CNO,T2_SD_CNO,2026_06_22_merged.mat,SAMPLE,1,16832,3833,191.60000000000002,841.5500000000001
R006,CNO,T2_SD_CNO,2026_06_22_merged.mat,SAMPLE,1,16833,3834,191.65,841.6
R006,CNO,T2_SD_CNO,2026_06_22_merged.mat,SAMPLE,1,16834,3835,191.70000000000002,841.6500000000001
R006,CNO,T2_SD_CNO,2026_06_22_merged.mat,SAMPLE,1,16843,3844,192.15,842.1
R006,CNO,T2_SD_CNO,2026_06_22_merged.mat,SAMPLE,1,16844,3845,192.20000000000002,842.1500000000001
R006,CNO,T2_SD_CNO,2026_06_22_merged.mat,SAMPLE,1,16854,3855,192.70000000000002,842.6500000000001
R006,CNO,T2_SD_CNO,2026_06_22_merged.mat,SAMPLE,1,16855,3856,192.75,842.7
R006,CNO,T2_SD_CNO,2026_06_22_merged.mat,SAMPLE,1,16856,3857,192.8,842.75
R006,CNO,T2_SD_CNO,2026_06_22_merged.mat,SAMPLE,1,16857,3858,192.85000000000002,842.8000000000001
R006,CNO,T2_SD_CNO,2026_06_22_merged.mat,SAMPLE,1,16858,3859,192.9,842.85
R006,CNO,T2_SD_CNO,2026_06_22_merged.mat,SAMPLE,1,16930,3931,196.5,846.45
R006,CNO,T2_SD_CNO,2026_06_22_merged.mat,SAMPLE,1,16931,3932,196.55,846.5
R006,CNO,T2_SD_CNO,2026_06_22_merged.mat,SAMPLE,1,16932,3933,196.60000000000002,846.5500000000001
R006,CNO,T2_SD_CNO,2026_06_22_merged.mat,SAMPLE,1,16933,3934,196.65,846.6
R006,CNO,T2_SD_CNO,2026_06_22_merged.mat,SAMPLE,1,16934,3935,196.70000000000002,846.6500000000001
R006,CNO,T2_SD_CNO,2026_06_22_merged.mat,SAMPLE,2,16941,3942,197.05,847.0
R006,CNO,T2_SD_CNO,2026_06_22_merged.mat,SAMPLE,1,16946,3947,197.3,847.25
R006,CNO,T2_SD_CNO,2026_06_22_merged.mat,SAMPLE,1,16947,3948,197.35000000000002,847.3000000000001
R006,CNO,T2_SD_CNO,2026_06_22_merged.mat,SAMPLE,1,16958,3959,197.9,847.85
R006,CNO,T2_SD_CNO,2026_06_22_merged.mat,SAMPLE,1,16966,3967,198.3,848.25
R006,CNO,T2_SD_CNO,2026_06_22_merged.mat,SAMPLE,1,16967,3968,198.35000000000002,848.3000000000001
R006,CNO,T2_SD_CNO,2026_06_22_merged.mat,SAMPLE,1,16979,3980,198.95000000000002,848.9000000000001
R006,CNO,T2_SD_CNO,2026_06_22_merged.mat,SAMPLE,1,16980,3981,199.0,848.95
R006,CNO,T2_SD_CNO,2026_06_22_merged.mat,SAMPLE,1,16981,3982,199.05,849.0
R006,CNO,T2_SD_CNO,2026_06_22_merged.mat,SAMPLE,1,16982,3983,199.10000000000002,849.0500000000001
R006,CNO,T2_SD_CNO,2026_06_22_merged.mat,SAMPLE,1,17020,4021,201.0,850.95
R006,CNO,T2_SD_CNO,2026_06_22_merged.mat,SAMPLE,1,17021,4022,201.05,851.0
R006,CNO,T2_SD_CNO,2026_06_22_merged.mat,SAMPLE,1,17022,4023,201.10000000000002,851.0500000000001
R006,CNO,T2_SD_CNO,2026_06_22_merged.mat,SAMPLE,2,17032,4033,201.60000000000002,851.5500000000001
R006,CNO,T2_SD_CNO,2026_06_22_merged.mat,SAMPLE,2,17075,4076,203.75,853.7
R006,CNO,T2_SD_CNO,2026_06_22_merged.mat,SAMPLE,2,17076,4077,203.8,853.75
R006,CNO,T2_SD_CNO,2026_06_22_merged.mat,SAMPLE,2,17077,4078,203.85000000000002,853.8000000000001
R006,CNO,T2_SD_CNO,2026_06_22_merged.mat,SAMPLE,2,17078,4079,203.9,853.85
R006,CNO,T2_SD_CNO,2026_06_22_merged.mat,SAMPLE,2,17079,4080,203.95000000000002,853.9000000000001
R006,CNO,T2_SD_CNO,2026_06_22_merged.mat,SAMPLE,1,17102,4103,205.10000000000002,855.0500000000001
R006,CNO,T2_SD_CNO,2026_06_22_merged.mat,SAMPLE,1,17103,4104,205.15,855.1
R006,CNO,T2_SD_CNO,2026_06_22_merged.mat,SAMPLE,1,17104,4105,205.20000000000002,855.1500000000001
R006,CNO,T2_SD_CNO,2026_06_22_merged.mat,SAMPLE,1,17105,4106,205.25,855.2
R006,CNO,T2_SD_CNO,2026_06_22_merged.mat,SAMPLE,1,17106,4107,205.3,855.25
R006,CNO,T2_SD_CNO,2026_06_22_merged.mat,SAMPLE,1,17142,4143,207.10000000000002,857.0500000000001
R006,CNO,T2_SD_CNO,2026_06_22_merged.mat,SAMPLE,1,17153,4154,207.65,857.6
R006,CNO,T2_SD_CNO,2026_06_22_merged.mat,SAMPLE,1,17154,4155,207.70000000000002,857.6500000000001
R006,CNO,T2_SD_CNO,2026_06_22_merged.mat,SAMPLE,1,17155,4156,207.75,857.7
R006,CNO,T2_SD_CNO,2026_06_22_merged.mat,SAMPLE,1,17156,4157,207.8,857.75
R006,CNO,T2_SD_CNO,2026_06_22_merged.mat,SAMPLE,1,17166,4167,208.3,858.25
R006,CNO,T2_SD_CNO,2026_06_22_merged.mat,SAMPLE,1,17198,4199,209.9,859.85
R006,CNO,T2_SD_CNO,2026_06_22_merged.mat,SAMPLE,1,17199,4200,209.95000000000002,859.9000000000001
R006,CNO,T2_SD_CNO,2026_06_22_merged.mat,SAMPLE,1,17200,4201,210.0,859.95
R006,CNO,T2_SD_CNO,2026_06_22_merged.mat,SAMPLE,1,17201,4202,210.05,860.0
R006,CNO,T2_SD_CNO,2026_06_22_merged.mat,SAMPLE,1,17202,4203,210.10000000000002,860.0500000000001
R006,CNO,T2_SD_CNO,2026_06_22_merged.mat,SAMPLE,1,17206,4207,210.3,860.25
R006,CNO,T2_SD_CNO,2026_06_22_merged.mat,SAMPLE,1,17207,4208,210.35000000000002,860.3000000000001
R006,CNO,T2_SD_CNO,2026_06_22_merged.mat,SAMPLE,1,17208,4209,210.4,860.35
R006,CNO,T2_SD_CNO,2026_06_22_merged.mat,SAMPLE,2,17216,4217,210.8,860.75
R006,CNO,T2_SD_CNO,2026_06_22_merged.mat,SAMPLE,1,17223,4224,211.15,861.1
R006,CNO,T2_SD_CNO,2026_06_22_merged.mat,SAMPLE,1,17271,4272,213.55,863.5
R006,CNO,T2_SD_CNO,2026_06_22_merged.mat,SAMPLE,1,17272,4273,213.60000000000002,863.5500000000001
R006,CNO,T2_SD_CNO,2026_06_22_merged.mat,SAMPLE,1,17273,4274,213.65,863.6
R006,CNO,T2_SD_CNO,2026_06_22_merged.mat,SAMPLE,1,17274,4275,213.70000000000002,863.6500000000001
R006,CNO,T2_SD_CNO,2026_06_22_merged.mat,SAMPLE,1,17275,4276,213.75,863.7
R006,CNO,T2_SD_CNO,2026_06_22_merged.mat,SAMPLE,1,17276,4277,213.8,863.75
R006,CNO,T2_SD_CNO,2026_06_22_merged.mat,SAMPLE,2,17299,4300,214.95000000000002,864.9000000000001
R006,CNO,T2_SD_CNO,2026_06_22_merged.mat,SAMPLE,1,17306,4307,215.3,865.25
R006,CNO,T2_SD_CNO,2026_06_22_merged.mat,SAMPLE,1,17307,4308,215.35000000000002,865.3000000000001
R006,CNO,T2_SD_CNO,2026_06_22_merged.mat,SAMPLE,1,17308,4309,215.4,865.35
R006,CNO,T2_SD_CNO,2026_06_22_merged.mat,SAMPLE,2,17321,4322,216.05,866.0
R006,CNO,T2_SD_CNO,2026_06_22_merged.mat,SAMPLE,2,17322,4323,216.10000000000002,866.0500000000001
R006,CNO,T2_SD_CNO,2026_06_22_merged.mat,SAMPLE,2,17323,4324,216.15,866.1
R006,CNO,T2_SD_CNO,2026_06_22_merged.mat,SAMPLE,2,17324,4325,216.20000000000002,866.1500000000001
R006,CNO,T2_SD_CNO,2026_06_22_merged.mat,SAMPLE,2,17325,4326,216.25,866.2
R006,CNO,T2_SD_CNO,2026_06_22_merged.mat,SAMPLE,2,17341,4342,217.05,867.0
R006,CNO,T2_SD_CNO,2026_06_22_merged.mat,SAMPLE,2,17342,4343,217.10000000000002,867.0500000000001
R006,CNO,T2_SD_CNO,2026_06_22_merged.mat,SAMPLE,2,17343,4344,217.15,867.1
R006,CNO,T2_SD_CNO,2026_06_22_merged.mat,SAMPLE,2,17352,4353,217.60000000000002,867.5500000000001
R006,CNO,T2_SD_CNO,2026_06_22_merged.mat,SAMPLE,2,17353,4354,217.65,867.6
R006,CNO,T2_SD_CNO,2026_06_22_merged.mat,SAMPLE,2,17354,4355,217.70000000000002,867.6500000000001
R006,CNO,T2_SD_CNO,2026_06_22_merged.mat,SAMPLE,2,17355,4356,217.75,867.7
R006,CNO,T2_SD_CNO,2026_06_22_merged.mat,SAMPLE,2,17381,4382,219.05,869.0
R006,CNO,T2_SD_CNO,2026_06_22_merged.mat,SAMPLE,2,17382,4383,219.10000000000002,869.0500000000001
R006,CNO,T2_SD_CNO,2026_06_22_merged.mat,SAMPLE,1,17395,4396,219.75,869.7
R006,CNO,T2_SD_CNO,2026_06_22_merged.mat,SAMPLE,1,17396,4397,219.8,869.75
R006,CNO,T2_SD_CNO,2026_06_22_merged.mat,SAMPLE,1,17397,4398,219.85000000000002,869.8000000000001
R006,CNO,T2_SD_CNO,2026_06_22_merged.mat,SAMPLE,1,17398,4399,219.9,869.85
R006,CNO,T2_SD_CNO,2026_06_22_merged.mat,SAMPLE,1,17399,4400,219.95000000000002,869.9000000000001
R006,CNO,T2_SD_CNO,2026_06_22_merged.mat,SAMPLE,1,17400,4401,220.0,869.95
R006,CNO,T2_SD_CNO,2026_06_22_merged.mat,SAMPLE,1,17401,4402,220.05,870.0
R006,CNO,T2_SD_CNO,2026_06_22_merged.mat,SAMPLE,1,17411,4412,220.55,870.5
R006,CNO,T2_SD_CNO,2026_06_22_merged.mat,SAMPLE,1,17412,4413,220.60000000000002,870.5500000000001
R006,CNO,T2_SD_CNO,2026_06_22_merged.mat,SAMPLE,1,17413,4414,220.65,870.6
R006,CNO,T2_SD_CNO,2026_06_22_merged.mat,SAMPLE,1,17414,4415,220.70000000000002,870.6500000000001
R006,CNO,T2_SD_CNO,2026_06_22_merged.mat,SAMPLE,1,17415,4416,220.75,870.7
R006,CNO,T2_SD_CNO,2026_06_22_merged.mat,SAMPLE,1,17416,4417,220.8,870.75
R006,CNO,T2_SD_CNO,2026_06_22_merged.mat,SAMPLE,1,17427,4428,221.35000000000002,871.3000000000001
R006,CNO,T2_SD_CNO,2026_06_22_merged.mat,SAMPLE,1,17428,4429,221.4,871.35
R006,CNO,T2_SD_CNO,2026_06_22_merged.mat,SAMPLE,1,17429,4430,221.45000000000002,871.4000000000001
R006,CNO,T2_SD_CNO,2026_06_22_merged.mat,SAMPLE,1,17430,4431,221.5,871.45
R006,CNO,T2_SD_CNO,2026_06_22_merged.mat,SAMPLE,1,17461,4462,223.05,873.0
R006,CNO,T2_SD_CNO,2026_06_22_merged.mat,SAMPLE,1,17463,4464,223.15,873.1
R006,CNO,T2_SD_CNO,2026_06_22_merged.mat,SAMPLE,1,17477,4478,223.85000000000002,873.8000000000001
R006,CNO,T2_SD_CNO,2026_06_22_merged.mat,SAMPLE,1,17478,4479,223.9,873.85
R006,CNO,T2_SD_CNO,2026_06_22_merged.mat,SAMPLE,1,17479,4480,223.95000000000002,873.9000000000001
R006,CNO,T2_SD_CNO,2026_06_22_merged.mat,SAMPLE,2,17497,4498,224.85000000000002,874.8000000000001
R006,CNO,T2_SD_CNO,2026_06_22_merged.mat,SAMPLE,2,17506,4507,225.3,875.25
R006,CNO,T2_SD_CNO,2026_06_22_merged.mat,SAMPLE,2,17507,4508,225.35000000000002,875.3000000000001
R006,CNO,T2_SD_CNO,2026_06_22_merged.mat,SAMPLE,2,17508,4509,225.4,875.35
R006,CNO,T2_SD_CNO,2026_06_22_merged.mat,SAMPLE,1,17512,4513,225.60000000000002,875.5500000000001
R006,CNO,T2_SD_CNO,2026_06_22_merged.mat,SAMPLE,1,17513,4514,225.65,875.6
R006,CNO,T2_SD_CNO,2026_06_22_merged.mat,SAMPLE,1,17534,4535,226.70000000000002,876.6500000000001
R006,CNO,T2_SD_CNO,2026_06_22_merged.mat,SAMPLE,1,17535,4536,226.75,876.7
R006,CNO,T2_SD_CNO,2026_06_22_merged.mat,SAMPLE,1,17536,4537,226.8,876.75
R006,CNO,T2_SD_CNO,2026_06_22_merged.mat,SAMPLE,2,17551,4552,227.55,877.5
R006,CNO,T2_SD_CNO,2026_06_22_merged.mat,SAMPLE,1,17558,4559,227.9,877.85
R006,CNO,T2_SD_CNO,2026_06_22_merged.mat,SAMPLE,1,17559,4560,227.95000000000002,877.9000000000001
R006,CNO,T2_SD_CNO,2026_06_22_merged.mat,SAMPLE,1,17560,4561,228.0,877.95
R006,CNO,T2_SD_CNO,2026_06_22_merged.mat,SAMPLE,1,17561,4562,228.05,878.0
R006,CNO,T2_SD_CNO,2026_06_22_merged.mat,SAMPLE,1,17562,4563,228.10000000000002,878.0500000000001
R006,CNO,T2_SD_CNO,2026_06_22_merged.mat,SAMPLE,1,17563,4564,228.15,878.1
R006,CNO,T2_SD_CNO,2026_06_22_merged.mat,SAMPLE,1,17564,4565,228.20000000000002,878.1500000000001
R006,CNO,T2_SD_CNO,2026_06_22_merged.mat,SAMPLE,2,17576,4577,228.8,878.75
R006,CNO,T2_SD_CNO,2026_06_22_merged.mat,SAMPLE,2,17577,4578,228.85000000000002,878.8000000000001
R006,CNO,T2_SD_CNO,2026_06_22_merged.mat,SAMPLE,1,17584,4585,229.20000000000002,879.1500000000001
R006,CNO,T2_SD_CNO,2026_06_22_merged.mat,SAMPLE,1,17585,4586,229.25,879.2
R006,CNO,T2_SD_CNO,2026_06_22_merged.mat,SAMPLE,1,17586,4587,229.3,879.25
R006,CNO,T2_SD_CNO,2026_06_22_merged.mat,SAMPLE,1,17587,4588,229.35000000000002,879.3000000000001
R006,CNO,T2_SD_CNO,2026_06_22_merged.mat,SAMPLE,1,17592,4593,229.60000000000002,879.5500000000001
R006,CNO,T2_SD_CNO,2026_06_22_merged.mat,SAMPLE,1,17593,4594,229.65,879.6
R006,CNO,T2_SD_CNO,2026_06_22_merged.mat,SAMPLE,1,17594,4595,229.70000000000002,879.6500000000001
R006,CNO,T2_SD_CNO,2026_06_22_merged.mat,SAMPLE,1,17595,4596,229.75,879.7
R006,CNO,T2_SD_CNO,2026_06_22_merged.mat,SAMPLE,1,17602,4603,230.10000000000002,880.0500000000001
R006,CNO,T2_SD_CNO,2026_06_22_merged.mat,SAMPLE,1,17603,4604,230.15,880.1
R006,CNO,T2_SD_CNO,2026_06_22_merged.mat,SAMPLE,1,17604,4605,230.20000000000002,880.1500000000001
R006,CNO,T2_SD_CNO,2026_06_22_merged.mat,SAMPLE,1,17605,4606,230.25,880.2
R006,CNO,T2_SD_CNO,2026_06_22_merged.mat,SAMPLE,1,17638,4639,231.9,881.85
R006,CNO,T2_SD_CNO,2026_06_22_merged.mat,SAMPLE,1,17639,4640,231.95000000000002,881.9000000000001
R006,CNO,T2_SD_CNO,2026_06_22_merged.mat,SAMPLE,1,17640,4641,232.0,881.95
R006,CNO,T2_SD_CNO,2026_06_22_merged.mat,SAMPLE,1,17641,4642,232.05,882.0
R006,CNO,T2_SD_CNO,2026_06_22_merged.mat,SAMPLE,1,17652,4653,232.60000000000002,882.5500000000001
R006,CNO,T2_SD_CNO,2026_06_22_merged.mat,SAMPLE,1,17653,4654,232.65,882.6
R006,CNO,T2_SD_CNO,2026_06_22_merged.mat,SAMPLE,1,17654,4655,232.70000000000002,882.6500000000001
R006,CNO,T2_SD_CNO,2026_06_22_merged.mat,SAMPLE,1,17655,4656,232.75,882.7
R006,CNO,T2_SD_CNO,2026_06_22_merged.mat,SAMPLE,1,17656,4657,232.8,882.75
R006,CNO,T2_SD_CNO,2026_06_22_merged.mat,SAMPLE,2,17678,4679,233.9,883.85
R006,CNO,T2_SD_CNO,2026_06_22_merged.mat,SAMPLE,2,17680,4681,234.0,883.95
R006,CNO,T2_SD_CNO,2026_06_22_merged.mat,SAMPLE,2,17681,4682,234.05,884.0
R006,CNO,T2_SD_CNO,2026_06_22_merged.mat,SAMPLE,2,17682,4683,234.10000000000002,884.0500000000001
R006,CNO,T2_SD_CNO,2026_06_22_merged.mat,SAMPLE,2,17683,4684,234.15,884.1
R006,CNO,T2_SD_CNO,2026_06_22_merged.mat,SAMPLE,1,17693,4694,234.65,884.6
R006,CNO,T2_SD_CNO,2026_06_22_merged.mat,SAMPLE,1,17694,4695,234.70000000000002,884.6500000000001
R006,CNO,T2_SD_CNO,2026_06_22_merged.mat,SAMPLE,1,17695,4696,234.75,884.7
R006,CNO,T2_SD_CNO,2026_06_22_merged.mat,SAMPLE,1,17696,4697,234.8,884.75
R006,CNO,T2_SD_CNO,2026_06_22_merged.mat,SAMPLE,2,17703,4704,235.15,885.1
R006,CNO,T2_SD_CNO,2026_06_22_merged.mat,SAMPLE,2,17704,4705,235.20000000000002,885.1500000000001
R006,CNO,T2_SD_CNO,2026_06_22_merged.mat,SAMPLE,2,17705,4706,235.25,885.2
R006,CNO,T2_SD_CNO,2026_06_22_merged.mat,SAMPLE,2,17706,4707,235.3,885.25
R006,CNO,T2_SD_CNO,2026_06_22_merged.mat,SAMPLE,2,17707,4708,235.35000000000002,885.3000000000001
R006,CNO,T2_SD_CNO,2026_06_22_merged.mat,SAMPLE,2,17708,4709,235.4,885.35
R006,CNO,T2_SD_CNO,2026_06_22_merged.mat,SAMPLE,2,17715,4716,235.75,885.7
R006,CNO,T2_SD_CNO,2026_06_22_merged.mat,SAMPLE,2,17716,4717,235.8,885.75
R006,CNO,T2_SD_CNO,2026_06_22_merged.mat,SAMPLE,2,17717,4718,235.85000000000002,885.8000000000001
R006,CNO,T2_SD_CNO,2026_06_22_merged.mat,SAMPLE,2,17718,4719,235.9,885.85
R006,CNO,T2_SD_CNO,2026_06_22_merged.mat,SAMPLE,1,17734,4735,236.70000000000002,886.6500000000001
R006,CNO,T2_SD_CNO,2026_06_22_merged.mat,SAMPLE,1,17735,4736,236.75,886.7
R006,CNO,T2_SD_CNO,2026_06_22_merged.mat,SAMPLE,1,17736,4737,236.8,886.75
R006,CNO,T2_SD_CNO,2026_06_22_merged.mat,SAMPLE,1,17737,4738,236.85000000000002,886.8000000000001
R006,CNO,T2_SD_CNO,2026_06_22_merged.mat,SAMPLE,1,17746,4747,237.3,887.25
R006,CNO,T2_SD_CNO,2026_06_22_merged.mat,SAMPLE,1,17747,4748,237.35000000000002,887.3000000000001
R006,CNO,T2_SD_CNO,2026_06_22_merged.mat,SAMPLE,1,17748,4749,237.4,887.35
R006,CNO,T2_SD_CNO,2026_06_22_merged.mat,SAMPLE,1,17757,4758,237.85000000000002,887.8000000000001
R006,CNO,T2_SD_CNO,2026_06_22_merged.mat,SAMPLE,1,17758,4759,237.9,887.85
R006,CNO,T2_SD_CNO,2026_06_22_merged.mat,SAMPLE,1,17759,4760,237.95000000000002,887.9000000000001
R006,CNO,T2_SD_CNO,2026_06_22_merged.mat,SAMPLE,1,17760,4761,238.0,887.95
R006,CNO,T2_SD_CNO,2026_06_22_merged.mat,SAMPLE,1,17780,4781,239.0,888.95
R006,CNO,T2_SD_CNO,2026_06_22_merged.mat,SAMPLE,1,17792,4793,239.60000000000002,889.5500000000001
R006,CNO,T2_SD_CNO,2026_06_22_merged.mat,SAMPLE,2,17796,4797,239.8,889.75
R006,CNO,T2_SD_CNO,2026_06_22_merged.mat,SAMPLE,1,17803,4804,240.15,890.1
R006,CNO,T2_SD_CNO,2026_06_22_merged.mat,SAMPLE,1,17804,4805,240.20000000000002,890.1500000000001
R006,CNO,T2_SD_CNO,2026_06_22_merged.mat,SAMPLE,1,17805,4806,240.25,890.2
R006,CNO,T2_SD_CNO,2026_06_22_merged.mat,SAMPLE,1,17816,4817,240.8,890.75
R006,CNO,T2_SD_CNO,2026_06_22_merged.mat,SAMPLE,1,17817,4818,240.85000000000002,890.8000000000001
R006,CNO,T2_SD_CNO,2026_06_22_merged.mat,SAMPLE,1,17833,4834,241.65,891.6
R006,CNO,T2_SD_CNO,2026_06_22_merged.mat,SAMPLE,1,17834,4835,241.70000000000002,891.6500000000001
R006,CNO,T2_SD_CNO,2026_06_22_merged.mat,SAMPLE,1,17835,4836,241.75,891.7
R006,CNO,T2_SD_CNO,2026_06_22_merged.mat,SAMPLE,1,17836,4837,241.8,891.75
R006,CNO,T2_SD_CNO,2026_06_22_merged.mat,SAMPLE,1,17869,4870,243.45000000000002,893.4000000000001
R006,CNO,T2_SD_CNO,2026_06_22_merged.mat,SAMPLE,1,17870,4871,243.5,893.45
R006,CNO,T2_SD_CNO,2026_06_22_merged.mat,SAMPLE,1,17871,4872,243.55,893.5
R006,CNO,T2_SD_CNO,2026_06_22_merged.mat,SAMPLE,1,17872,4873,243.60000000000002,893.5500000000001
R006,CNO,T2_SD_CNO,2026_06_22_merged.mat,SAMPLE,1,17919,4920,245.95000000000002,895.9000000000001
R006,CNO,T2_SD_CNO,2026_06_22_merged.mat,SAMPLE,1,17920,4921,246.0,895.95
R006,CNO,T2_SD_CNO,2026_06_22_merged.mat,SAMPLE,1,17921,4922,246.05,896.0
R006,CNO,T2_SD_CNO,2026_06_22_merged.mat,SAMPLE,1,17922,4923,246.10000000000002,896.0500000000001
R006,CNO,T2_SD_CNO,2026_06_22_merged.mat,SAMPLE,1,17923,4924,246.15,896.1
R006,CNO,T2_SD_CNO,2026_06_22_merged.mat,SAMPLE,1,17950,4951,247.5,897.45
R006,CNO,T2_SD_CNO,2026_06_22_merged.mat,SAMPLE,2,17967,4968,248.35000000000002,898.3000000000001
R006,CNO,T2_SD_CNO,2026_06_22_merged.mat,SAMPLE,2,17968,4969,248.4,898.35
R006,CNO,T2_SD_CNO,2026_06_22_merged.mat,SAMPLE,1,17985,4986,249.25,899.2
R006,CNO,T2_SD_CNO,2026_06_22_merged.mat,SAMPLE,1,17986,4987,249.3,899.25
R006,CNO,T2_SD_CNO,2026_06_22_merged.mat,SAMPLE,1,17998,4999,249.9,899.85
R006,CNO,T2_SD_CNO,2026_06_22_merged.mat,SAMPLE,1,17999,5000,249.95000000000002,899.9000000000001
R006,CNO,T2_SD_CNO,2026_06_22_merged.mat,SAMPLE,1,18000,5001,250.0,899.95
R006,CNO,T2_SD_CNO,2026_06_22_merged.mat,SAMPLE,1,18001,5002,250.05,900.0
R006,CNO,T2_SD_CNO,2026_06_22_merged.mat,SAMPLE,1,18015,5016,250.75,900.7
R006,CNO,T2_SD_CNO,2026_06_22_merged.mat,SAMPLE,1,18016,5017,250.8,900.75
R006,CNO,T2_SD_CNO,2026_06_22_merged.mat,SAMPLE,1,18017,5018,250.85000000000002,900.8000000000001
R006,CNO,T2_SD_CNO,2026_06_22_merged.mat,SAMPLE,1,18018,5019,250.9,900.85
R006,CNO,T2_SD_CNO,2026_06_22_merged.mat,SAMPLE,1,18019,5020,250.95000000000002,900.9000000000001
R006,CNO,T2_SD_CNO,2026_06_22_merged.mat,SAMPLE,1,18037,5038,251.85000000000002,901.8000000000001
R006,CNO,T2_SD_CNO,2026_06_22_merged.mat,SAMPLE,1,18038,5039,251.9,901.85
R006,CNO,T2_SD_CNO,2026_06_22_merged.mat,SAMPLE,1,18039,5040,251.95000000000002,901.9000000000001
R006,CNO,T2_SD_CNO,2026_06_22_merged.mat,SAMPLE,1,18040,5041,252.0,901.95
R006,CNO,T2_SD_CNO,2026_06_22_merged.mat,SAMPLE,1,18041,5042,252.05,902.0
R006,CNO,T2_SD_CNO,2026_06_22_merged.mat,SAMPLE,1,18054,5055,252.70000000000002,902.6500000000001
R006,CNO,T2_SD_CNO,2026_06_22_merged.mat,SAMPLE,1,18055,5056,252.75,902.7
R006,CNO,T2_SD_CNO,2026_06_22_merged.mat,SAMPLE,1,18056,5057,252.8,902.75
R006,CNO,T2_SD_CNO,2026_06_22_merged.mat,SAMPLE,1,18057,5058,252.85000000000002,902.8000000000001
R006,CNO,T2_SD_CNO,2026_06_22_merged.mat,SAMPLE,1,18058,5059,252.9,902.85
R006,CNO,T2_SD_CNO,2026_06_22_merged.mat,SAMPLE,1,18059,5060,252.95000000000002,902.9000000000001
R006,CNO,T2_SD_CNO,2026_06_22_merged.mat,SAMPLE,1,18060,5061,253.0,902.95
R006,CNO,T2_SD_CNO,2026_06_22_merged.mat,SAMPLE,1,18061,5062,253.05,903.0
R006,CNO,T2_SD_CNO,2026_06_22_merged.mat,SAMPLE,1,18062,5063,253.10000000000002,903.0500000000001
R006,CNO,T2_SD_CNO,2026_06_22_merged.mat,SAMPLE,1,18063,5064,253.15,903.1
R006,CNO,T2_SD_CNO,2026_06_22_merged.mat,SAMPLE,1,18064,5065,253.20000000000002,903.1500000000001
R006,CNO,T2_SD_CNO,2026_06_22_merged.mat,SAMPLE,1,18065,5066,253.25,903.2
R006,CNO,T2_SD_CNO,2026_06_22_merged.mat,SAMPLE,1,18066,5067,253.3,903.25
R006,CNO,T2_SD_CNO,2026_06_22_merged.mat,SAMPLE,1,18111,5112,255.55,905.5
R006,CNO,T2_SD_CNO,2026_06_22_merged.mat,SAMPLE,1,18112,5113,255.60000000000002,905.5500000000001
R006,CNO,T2_SD_CNO,2026_06_22_merged.mat,SAMPLE,1,18113,5114,255.65,905.6
R006,CNO,T2_SD_CNO,2026_06_22_merged.mat,SAMPLE,1,18114,5115,255.70000000000002,905.6500000000001
R006,CNO,T2_SD_CNO,2026_06_22_merged.mat,SAMPLE,1,18126,5127,256.3,906.25
R006,CNO,T2_SD_CNO,2026_06_22_merged.mat,SAMPLE,1,18127,5128,256.35,906.3000000000001
R006,CNO,T2_SD_CNO,2026_06_22_merged.mat,SAMPLE,1,18138,5139,256.90000000000003,906.8500000000001
R006,CNO,T2_SD_CNO,2026_06_22_merged.mat,SAMPLE,1,18139,5140,256.95,906.9000000000001
R006,CNO,T2_SD_CNO,2026_06_22_merged.mat,SAMPLE,1,18140,5141,257.0,906.95
R006,CNO,T2_SD_CNO,2026_06_22_merged.mat,SAMPLE,1,18141,5142,257.05,907.0
R006,CNO,T2_SD_CNO,2026_06_22_merged.mat,SAMPLE,1,18142,5143,257.1,907.0500000000001
R006,CNO,T2_SD_CNO,2026_06_22_merged.mat,SAMPLE,1,18155,5156,257.75,907.7
R006,CNO,T2_SD_CNO,2026_06_22_merged.mat,SAMPLE,1,18156,5157,257.8,907.75
R006,CNO,T2_SD_CNO,2026_06_22_merged.mat,SAMPLE,1,18186,5187,259.3,909.25
R006,CNO,T2_SD_CNO,2026_06_22_merged.mat,SAMPLE,1,18187,5188,259.35,909.3000000000001
R006,CNO,T2_SD_CNO,2026_06_22_merged.mat,SAMPLE,1,18188,5189,259.40000000000003,909.3500000000001
R006,CNO,T2_SD_CNO,2026_06_22_merged.mat,SAMPLE,1,18189,5190,259.45,909.4000000000001
R006,CNO,T2_SD_CNO,2026_06_22_merged.mat,SAMPLE,1,18205,5206,260.25,910.2
R006,CNO,T2_SD_CNO,2026_06_22_merged.mat,SAMPLE,1,18206,5207,260.3,910.25
R006,CNO,T2_SD_CNO,2026_06_22_merged.mat,SAMPLE,1,18207,5208,260.35,910.3000000000001
R006,CNO,T2_SD_CNO,2026_06_22_merged.mat,SAMPLE,1,18208,5209,260.40000000000003,910.3500000000001
R006,CNO,T2_SD_CNO,2026_06_22_merged.mat,SAMPLE,1,18209,5210,260.45,910.4000000000001
R006,CNO,T2_SD_CNO,2026_06_22_merged.mat,SAMPLE,1,18233,5234,261.65000000000003,911.6000000000001
R006,CNO,T2_SD_CNO,2026_06_22_merged.mat,SAMPLE,1,18234,5235,261.7,911.6500000000001
R006,CNO,T2_SD_CNO,2026_06_22_merged.mat,SAMPLE,1,18235,5236,261.75,911.7
R006,CNO,T2_SD_CNO,2026_06_22_merged.mat,SAMPLE,1,18236,5237,261.8,911.75
R006,CNO,T2_SD_CNO,2026_06_22_merged.mat,SAMPLE,1,18237,5238,261.85,911.8000000000001
R006,CNO,T2_SD_CNO,2026_06_22_merged.mat,SAMPLE,1,18238,5239,261.90000000000003,911.8500000000001
R006,CNO,T2_SD_CNO,2026_06_22_merged.mat,SAMPLE,1,18239,5240,261.95,911.9000000000001
R006,CNO,T2_SD_CNO,2026_06_22_merged.mat,SAMPLE,1,18240,5241,262.0,911.95
R006,CNO,T2_SD_CNO,2026_06_22_merged.mat,SAMPLE,1,18241,5242,262.05,912.0
R006,CNO,T2_SD_CNO,2026_06_22_merged.mat,SAMPLE,1,18265,5266,263.25,913.2
R006,CNO,T2_SD_CNO,2026_06_22_merged.mat,SAMPLE,1,18266,5267,263.3,913.25
R006,CNO,T2_SD_CNO,2026_06_22_merged.mat,SAMPLE,1,18267,5268,263.35,913.3000000000001
R006,CNO,T2_SD_CNO,2026_06_22_merged.mat,SAMPLE,1,18277,5278,263.85,913.8000000000001
R006,CNO,T2_SD_CNO,2026_06_22_merged.mat,SAMPLE,1,18278,5279,263.90000000000003,913.8500000000001
R006,CNO,T2_SD_CNO,2026_06_22_merged.mat,SAMPLE,1,18279,5280,263.95,913.9000000000001
R006,CNO,T2_SD_CNO,2026_06_22_merged.mat,SAMPLE,1,18280,5281,264.0,913.95
R006,CNO,T2_SD_CNO,2026_06_22_merged.mat,SAMPLE,1,18281,5282,264.05,914.0
R006,CNO,T2_SD_CNO,2026_06_22_merged.mat,SAMPLE,1,18291,5292,264.55,914.5
R006,CNO,T2_SD_CNO,2026_06_22_merged.mat,SAMPLE,1,18292,5293,264.6,914.5500000000001
R006,CNO,T2_SD_CNO,2026_06_22_merged.mat,SAMPLE,1,18305,5306,265.25,915.2
R006,CNO,T2_SD_CNO,2026_06_22_merged.mat,SAMPLE,1,18306,5307,265.3,915.25
R006,CNO,T2_SD_CNO,2026_06_22_merged.mat,SAMPLE,2,18311,5312,265.55,915.5
R006,CNO,T2_SD_CNO,2026_06_22_merged.mat,SAMPLE,2,18312,5313,265.6,915.5500000000001
R006,CNO,T2_SD_CNO,2026_06_22_merged.mat,SAMPLE,2,18313,5314,265.65000000000003,915.6000000000001
R006,CNO,T2_SD_CNO,2026_06_22_merged.mat,SAMPLE,1,18326,5327,266.3,916.25
R006,CNO,T2_SD_CNO,2026_06_22_merged.mat,SAMPLE,1,18327,5328,266.35,916.3000000000001
R006,CNO,T2_SD_CNO,2026_06_22_merged.mat,SAMPLE,1,18328,5329,266.40000000000003,916.3500000000001
R006,CNO,T2_SD_CNO,2026_06_22_merged.mat,SAMPLE,1,18329,5330,266.45,916.4000000000001
R006,CNO,T2_SD_CNO,2026_06_22_merged.mat,SAMPLE,2,18335,5336,266.75,916.7
R006,CNO,T2_SD_CNO,2026_06_22_merged.mat,SAMPLE,2,18336,5337,266.8,916.75
R006,CNO,T2_SD_CNO,2026_06_22_merged.mat,SAMPLE,1,18352,5353,267.6,917.5500000000001
R006,CNO,T2_SD_CNO,2026_06_22_merged.mat,SAMPLE,1,18353,5354,267.65000000000003,917.6000000000001
R006,CNO,T2_SD_CNO,2026_06_22_merged.mat,SAMPLE,1,18354,5355,267.7,917.6500000000001
R006,CNO,T2_SD_CNO,2026_06_22_merged.mat,SAMPLE,1,18355,5356,267.75,917.7
R006,CNO,T2_SD_CNO,2026_06_22_merged.mat,SAMPLE,1,18356,5357,267.8,917.75
R006,CNO,T2_SD_CNO,2026_06_22_merged.mat,SAMPLE,1,18357,5358,267.85,917.8000000000001
R006,CNO,T2_SD_CNO,2026_06_22_merged.mat,SAMPLE,1,18358,5359,267.90000000000003,917.8500000000001
R006,CNO,T2_SD_CNO,2026_06_22_merged.mat,SAMPLE,1,18369,5370,268.45,918.4000000000001
R006,CNO,T2_SD_CNO,2026_06_22_merged.mat,SAMPLE,1,18370,5371,268.5,918.45
R006,CNO,T2_SD_CNO,2026_06_22_merged.mat,SAMPLE,1,18371,5372,268.55,918.5
R006,CNO,T2_SD_CNO,2026_06_22_merged.mat,SAMPLE,1,18387,5388,269.35,919.3000000000001
R006,CNO,T2_SD_CNO,2026_06_22_merged.mat,SAMPLE,1,18388,5389,269.40000000000003,919.3500000000001
R006,CNO,T2_SD_CNO,2026_06_22_merged.mat,SAMPLE,1,18389,5390,269.45,919.4000000000001
R006,CNO,T2_SD_CNO,2026_06_22_merged.mat,SAMPLE,1,18390,5391,269.5,919.45
R006,CNO,T2_SD_CNO,2026_06_22_merged.mat,SAMPLE,2,18396,5397,269.8,919.75
R006,CNO,T2_SD_CNO,2026_06_22_merged.mat,SAMPLE,2,18397,5398,269.85,919.8000000000001
R006,CNO,T2_SD_CNO,2026_06_22_merged.mat,SAMPLE,1,18416,5417,270.8,920.75
R006,CNO,T2_SD_CNO,2026_06_22_merged.mat,SAMPLE,1,18417,5418,270.85,920.8000000000001
R006,CNO,T2_SD_CNO,2026_06_22_merged.mat,SAMPLE,1,18418,5419,270.90000000000003,920.8500000000001
R006,CNO,T2_SD_CNO,2026_06_22_merged.mat,SAMPLE,1,18419,5420,270.95,920.9000000000001
R006,CNO,T2_SD_CNO,2026_06_22_merged.mat,SAMPLE,1,18420,5421,271.0,920.95
R006,CNO,T2_SD_CNO,2026_06_22_merged.mat,SAMPLE,1,18421,5422,271.05,921.0
R006,CNO,T2_SD_CNO,2026_06_22_merged.mat,SAMPLE,1,18422,5423,271.1,921.0500000000001
R006,CNO,T2_SD_CNO,2026_06_22_merged.mat,SAMPLE,1,18423,5424,271.15000000000003,921.1000000000001
R006,CNO,T2_SD_CNO,2026_06_22_merged.mat,SAMPLE,1,18452,5453,272.6,922.5500000000001
R006,CNO,T2_SD_CNO,2026_06_22_merged.mat,SAMPLE,1,18453,5454,272.65000000000003,922.6000000000001
R006,CNO,T2_SD_CNO,2026_06_22_merged.mat,SAMPLE,1,18454,5455,272.7,922.6500000000001
R006,CNO,T2_SD_CNO,2026_06_22_merged.mat,SAMPLE,1,18477,5478,273.85,923.8000000000001
R006,CNO,T2_SD_CNO,2026_06_22_merged.mat,SAMPLE,1,18478,5479,273.90000000000003,923.8500000000001
R006,CNO,T2_SD_CNO,2026_06_22_merged.mat,SAMPLE,1,18479,5480,273.95,923.9000000000001
R006,CNO,T2_SD_CNO,2026_06_22_merged.mat,SAMPLE,1,18486,5487,274.3,924.25
R006,CNO,T2_SD_CNO,2026_06_22_merged.mat,SAMPLE,1,18487,5488,274.35,924.3000000000001
R006,CNO,T2_SD_CNO,2026_06_22_merged.mat,SAMPLE,1,18488,5489,274.40000000000003,924.3500000000001
R006,CNO,T2_SD_CNO,2026_06_22_merged.mat,SAMPLE,1,18508,5509,275.40000000000003,925.3500000000001
R006,CNO,T2_SD_CNO,2026_06_22_merged.mat,SAMPLE,1,18509,5510,275.45,925.4000000000001
R006,CNO,T2_SD_CNO,2026_06_22_merged.mat,SAMPLE,1,18510,5511,275.5,925.45
R006,CNO,T2_SD_CNO,2026_06_22_merged.mat,SAMPLE,1,18511,5512,275.55,925.5
R006,CNO,T2_SD_CNO,2026_06_22_merged.mat,SAMPLE,1,18546,5547,277.3,927.25
R006,CNO,T2_SD_CNO,2026_06_22_merged.mat,SAMPLE,1,18547,5548,277.35,927.3000000000001
R006,CNO,T2_SD_CNO,2026_06_22_merged.mat,SAMPLE,1,18548,5549,277.40000000000003,927.3500000000001
R006,CNO,T2_SD_CNO,2026_06_22_merged.mat,SAMPLE,1,18549,5550,277.45,927.4000000000001
R006,CNO,T2_SD_CNO,2026_06_22_merged.mat,SAMPLE,2,18556,5557,277.8,927.75
R006,CNO,T2_SD_CNO,2026_06_22_merged.mat,SAMPLE,2,18557,5558,277.85,927.8000000000001
R006,CNO,T2_SD_CNO,2026_06_22_merged.mat,SAMPLE,1,18613,5614,280.65000000000003,930.6000000000001
R006,CNO,T2_SD_CNO,2026_06_22_merged.mat,SAMPLE,2,18639,5640,281.95,931.9000000000001
R006,CNO,T2_SD_CNO,2026_06_22_merged.mat,SAMPLE,2,18640,5641,282.0,931.95
R006,CNO,T2_SD_CNO,2026_06_22_merged.mat,SAMPLE,2,18641,5642,282.05,932.0
R006,CNO,T2_SD_CNO,2026_06_22_merged.mat,SAMPLE,2,18642,5643,282.1,932.0500000000001
R006,CNO,T2_SD_CNO,2026_06_22_merged.mat,SAMPLE,1,18655,5656,282.75,932.7
R006,CNO,T2_SD_CNO,2026_06_22_merged.mat,SAMPLE,1,18656,5657,282.8,932.75
R006,CNO,T2_SD_CNO,2026_06_22_merged.mat,SAMPLE,1,18657,5658,282.85,932.8000000000001
R006,CNO,T2_SD_CNO,2026_06_22_merged.mat,SAMPLE,1,18658,5659,282.90000000000003,932.8500000000001
R006,CNO,T2_SD_CNO,2026_06_22_merged.mat,SAMPLE,1,18667,5668,283.35,933.3000000000001
R006,CNO,T2_SD_CNO,2026_06_22_merged.mat,SAMPLE,1,18668,5669,283.40000000000003,933.3500000000001
R006,CNO,T2_SD_CNO,2026_06_22_merged.mat,SAMPLE,1,18669,5670,283.45,933.4000000000001
R006,CNO,T2_SD_CNO,2026_06_22_merged.mat,SAMPLE,1,18697,5698,284.85,934.8000000000001
R006,CNO,T2_SD_CNO,2026_06_22_merged.mat,SAMPLE,1,18698,5699,284.90000000000003,934.8500000000001
R006,CNO,T2_SD_CNO,2026_06_22_merged.mat,SAMPLE,1,18699,5700,284.95,934.9000000000001
R006,CNO,T2_SD_CNO,2026_06_22_merged.mat,SAMPLE,1,18700,5701,285.0,934.95
R006,CNO,T2_SD_CNO,2026_06_22_merged.mat,SAMPLE,1,18701,5702,285.05,935.0
R006,CNO,T2_SD_CNO,2026_06_22_merged.mat,SAMPLE,1,18710,5711,285.5,935.45
R006,CNO,T2_SD_CNO,2026_06_22_merged.mat,SAMPLE,1,18711,5712,285.55,935.5
R006,CNO,T2_SD_CNO,2026_06_22_merged.mat,SAMPLE,1,18712,5713,285.6,935.5500000000001
R006,CNO,T2_SD_CNO,2026_06_22_merged.mat,SAMPLE,1,18713,5714,285.65000000000003,935.6000000000001
R006,CNO,T2_SD_CNO,2026_06_22_merged.mat,SAMPLE,1,18728,5729,286.40000000000003,936.3500000000001
R006,CNO,T2_SD_CNO,2026_06_22_merged.mat,SAMPLE,1,18729,5730,286.45,936.4000000000001
R006,CNO,T2_SD_CNO,2026_06_22_merged.mat,SAMPLE,1,18730,5731,286.5,936.45
R006,CNO,T2_SD_CNO,2026_06_22_merged.mat,SAMPLE,1,18731,5732,286.55,936.5
R006,CNO,T2_SD_CNO,2026_06_22_merged.mat,SAMPLE,1,18732,5733,286.6,936.5500000000001
R006,CNO,T2_SD_CNO,2026_06_22_merged.mat,SAMPLE,1,18733,5734,286.65000000000003,936.6000000000001
R006,CNO,T2_SD_CNO,2026_06_22_merged.mat,SAMPLE,1,18734,5735,286.7,936.6500000000001
R006,CNO,T2_SD_CNO,2026_06_22_merged.mat,SAMPLE,1,18735,5736,286.75,936.7
R006,CNO,T2_SD_CNO,2026_06_22_merged.mat,SAMPLE,1,18765,5766,288.25,938.2
R006,CNO,T2_SD_CNO,2026_06_22_merged.mat,SAMPLE,1,18766,5767,288.3,938.25
R006,CNO,T2_SD_CNO,2026_06_22_merged.mat,SAMPLE,1,18811,5812,290.55,940.5
R006,CNO,T2_SD_CNO,2026_06_22_merged.mat,SAMPLE,1,18812,5813,290.6,940.5500000000001
R006,CNO,T2_SD_CNO,2026_06_22_merged.mat,SAMPLE,1,18813,5814,290.65000000000003,940.6000000000001
R006,CNO,T2_SD_CNO,2026_06_22_merged.mat,SAMPLE,1,18814,5815,290.7,940.6500000000001
R006,CNO,T2_SD_CNO,2026_06_22_merged.mat,SAMPLE,1,18815,5816,290.75,940.7
R006,CNO,T2_SD_CNO,2026_06_22_merged.mat,SAMPLE,1,18824,5825,291.2,941.1500000000001
R006,CNO,T2_SD_CNO,2026_06_22_merged.mat,SAMPLE,1,18825,5826,291.25,941.2
R006,CNO,T2_SD_CNO,2026_06_22_merged.mat,SAMPLE,1,18826,5827,291.3,941.25
R006,CNO,T2_SD_CNO,2026_06_22_merged.mat,SAMPLE,2,18831,5832,291.55,941.5
R006,CNO,T2_SD_CNO,2026_06_22_merged.mat,SAMPLE,1,18847,5848,292.35,942.3000000000001
R006,CNO,T2_SD_CNO,2026_06_22_merged.mat,SAMPLE,1,18848,5849,292.40000000000003,942.3500000000001
R006,CNO,T2_SD_CNO,2026_06_22_merged.mat,SAMPLE,1,18854,5855,292.7,942.6500000000001
R006,CNO,T2_SD_CNO,2026_06_22_merged.mat,SAMPLE,1,18855,5856,292.75,942.7
R006,CNO,T2_SD_CNO,2026_06_22_merged.mat,SAMPLE,1,18856,5857,292.8,942.75
R006,CNO,T2_SD_CNO,2026_06_22_merged.mat,SAMPLE,1,18876,5877,293.8,943.75
R006,CNO,T2_SD_CNO,2026_06_22_merged.mat,SAMPLE,1,18877,5878,293.85,943.8000000000001
R006,CNO,T2_SD_CNO,2026_06_22_merged.mat,SAMPLE,1,18878,5879,293.90000000000003,943.8500000000001
R006,CNO,T2_SD_CNO,2026_06_22_merged.mat,SAMPLE,1,18879,5880,293.95,943.9000000000001
R006,CNO,T2_SD_CNO,2026_06_22_merged.mat,SAMPLE,1,18907,5908,295.35,945.3000000000001
R006,CNO,T2_SD_CNO,2026_06_22_merged.mat,SAMPLE,1,18908,5909,295.40000000000003,945.3500000000001
R006,CNO,T2_SD_CNO,2026_06_22_merged.mat,SAMPLE,1,18909,5910,295.45,945.4000000000001
R006,CNO,T2_SD_CNO,2026_06_22_merged.mat,SAMPLE,1,18917,5918,295.85,945.8000000000001
R006,CNO,T2_SD_CNO,2026_06_22_merged.mat,SAMPLE,1,18918,5919,295.90000000000003,945.8500000000001
R006,CNO,T2_SD_CNO,2026_06_22_merged.mat,SAMPLE,1,18919,5920,295.95,945.9000000000001
R006,CNO,T2_SD_CNO,2026_06_22_merged.mat,SAMPLE,1,18928,5929,296.40000000000003,946.3500000000001
R006,CNO,T2_SD_CNO,2026_06_22_merged.mat,SAMPLE,1,18929,5930,296.45,946.4000000000001
R006,CNO,T2_SD_CNO,2026_06_22_merged.mat,SAMPLE,1,18930,5931,296.5,946.45
R006,CNO,T2_SD_CNO,2026_06_22_merged.mat,SAMPLE,2,18935,5936,296.75,946.7
R006,CNO,T2_SD_CNO,2026_06_22_merged.mat,SAMPLE,2,18936,5937,296.8,946.75
R006,CNO,T2_SD_CNO,2026_06_22_merged.mat,SAMPLE,1,18941,5942,297.05,947.0
R006,CNO,T2_SD_CNO,2026_06_22_merged.mat,SAMPLE,1,18942,5943,297.1,947.0500000000001
R006,CNO,T2_SD_CNO,2026_06_22_merged.mat,SAMPLE,1,18943,5944,297.15000000000003,947.1000000000001
R006,CNO,T2_SD_CNO,2026_06_22_merged.mat,SAMPLE,2,18949,5950,297.45,947.4000000000001
R006,CNO,T2_SD_CNO,2026_06_22_merged.mat,SAMPLE,1,18957,5958,297.85,947.8000000000001
R006,CNO,T2_SD_CNO,2026_06_22_merged.mat,SAMPLE,1,18958,5959,297.90000000000003,947.8500000000001
R006,CNO,T2_SD_CNO,2026_06_22_merged.mat,SAMPLE,1,18959,5960,297.95,947.9000000000001
R006,CNO,T2_SD_CNO,2026_06_22_merged.mat,SAMPLE,1,18960,5961,298.0,947.95
R006,CNO,T2_SD_CNO,2026_06_22_merged.mat,SAMPLE,1,18961,5962,298.05,948.0
R006,CNO,T2_SD_CNO,2026_06_22_merged.mat,SAMPLE,1,18977,5978,298.85,948.8000000000001
R006,CNO,T2_SD_CNO,2026_06_22_merged.mat,SAMPLE,1,18978,5979,298.90000000000003,948.8500000000001
R006,CNO,T2_SD_CNO,2026_06_22_merged.mat,SAMPLE,1,18979,5980,298.95,948.9000000000001
R006,CNO,T2_SD_CNO,2026_06_22_merged.mat,SAMPLE,1,18980,5981,299.0,948.95
R006,CNO,T2_SD_CNO,2026_06_22_merged.mat,SAMPLE,1,19005,6006,300.25,950.2
R006,CNO,T2_SD_CNO,2026_06_22_merged.mat,SAMPLE,1,19006,6007,300.3,950.25
R006,CNO,T2_SD_CNO,2026_06_22_merged.mat,SAMPLE,1,19007,6008,300.35,950.3000000000001
R006,CNO,T2_SD_CNO,2026_06_22_merged.mat,SAMPLE,1,19008,6009,300.40000000000003,950.3500000000001
R006,CNO,T2_SD_CNO,2026_06_22_merged.mat,SAMPLE,1,19009,6010,300.45,950.4000000000001
R006,CNO,T2_SD_CNO,2026_06_22_merged.mat,SAMPLE,1,19010,6011,300.5,950.45
R006,CNO,T2_SD_CNO,2026_06_22_merged.mat,SAMPLE,1,19011,6012,300.55,950.5
R006,CNO,T2_SD_CNO,2026_06_22_merged.mat,SAMPLE,1,19027,6028,301.35,951.3000000000001
R006,CNO,T2_SD_CNO,2026_06_22_merged.mat,SAMPLE,1,19028,6029,301.40000000000003,951.3500000000001
R006,CNO,T2_SD_CNO,2026_06_22_merged.mat,SAMPLE,1,19029,6030,301.45,951.4000000000001
R006,CNO,T2_SD_CNO,2026_06_22_merged.mat,SAMPLE,1,19030,6031,301.5,951.45
R006,CNO,T2_SD_CNO,2026_06_22_merged.mat,SAMPLE,1,19031,6032,301.55,951.5
R006,CNO,T2_SD_CNO,2026_06_22_merged.mat,SAMPLE,1,19058,6059,302.90000000000003,952.8500000000001
R006,CNO,T2_SD_CNO,2026_06_22_merged.mat,SAMPLE,1,19059,6060,302.95,952.9000000000001
R006,CNO,T2_SD_CNO,2026_06_22_merged.mat,SAMPLE,1,19060,6061,303.0,952.95
R006,CNO,T2_SD_CNO,2026_06_22_merged.mat,SAMPLE,1,19061,6062,303.05,953.0
R006,CNO,T2_SD_CNO,2026_06_22_merged.mat,SAMPLE,1,19062,6063,303.1,953.0500000000001
R006,CNO,T2_SD_CNO,2026_06_22_merged.mat,SAMPLE,1,19073,6074,303.65000000000003,953.6000000000001
R006,CNO,T2_SD_CNO,2026_06_22_merged.mat,SAMPLE,1,19074,6075,303.7,953.6500000000001
R006,CNO,T2_SD_CNO,2026_06_22_merged.mat,SAMPLE,1,19075,6076,303.75,953.7
R006,CNO,T2_SD_CNO,2026_06_22_merged.mat,SAMPLE,1,19076,6077,303.8,953.75
R006,CNO,T2_SD_CNO,2026_06_22_merged.mat,SAMPLE,1,19077,6078,303.85,953.8000000000001
R006,CNO,T2_SD_CNO,2026_06_22_merged.mat,SAMPLE,1,19078,6079,303.90000000000003,953.8500000000001
R006,CNO,T2_SD_CNO,2026_06_22_merged.mat,SAMPLE,1,19079,6080,303.95,953.9000000000001
R006,CNO,T2_SD_CNO,2026_06_22_merged.mat,SAMPLE,1,19080,6081,304.0,953.95
R006,CNO,T2_SD_CNO,2026_06_22_merged.mat,SAMPLE,1,19081,6082,304.05,954.0
R006,CNO,T2_SD_CNO,2026_06_22_merged.mat,SAMPLE,1,19082,6083,304.1,954.0500000000001
R006,CNO,T2_SD_CNO,2026_06_22_merged.mat,SAMPLE,1,19083,6084,304.15000000000003,954.1000000000001
R006,CNO,T2_SD_CNO,2026_06_22_merged.mat,SAMPLE,2,19091,6092,304.55,954.5
R006,CNO,T2_SD_CNO,2026_06_22_merged.mat,SAMPLE,2,19092,6093,304.6,954.5500000000001
R006,CNO,T2_SD_CNO,2026_06_22_merged.mat,SAMPLE,1,19116,6117,305.8,955.75
R006,CNO,T2_SD_CNO,2026_06_22_merged.mat,SAMPLE,1,19117,6118,305.85,955.8000000000001
R006,CNO,T2_SD_CNO,2026_06_22_merged.mat,SAMPLE,1,19118,6119,305.90000000000003,955.8500000000001
R006,CNO,T2_SD_CNO,2026_06_22_merged.mat,SAMPLE,1,19127,6128,306.35,956.3000000000001
R006,CNO,T2_SD_CNO,2026_06_22_merged.mat,SAMPLE,1,19128,6129,306.40000000000003,956.3500000000001
R006,CNO,T2_SD_CNO,2026_06_22_merged.mat,SAMPLE,1,19129,6130,306.45,956.4000000000001
R006,CNO,T2_SD_CNO,2026_06_22_merged.mat,SAMPLE,1,19139,6140,306.95,956.9000000000001
R006,CNO,T2_SD_CNO,2026_06_22_merged.mat,SAMPLE,1,19140,6141,307.0,956.95
R006,CNO,T2_SD_CNO,2026_06_22_merged.mat,SAMPLE,1,19141,6142,307.05,957.0
R006,CNO,T2_SD_CNO,2026_06_22_merged.mat,SAMPLE,1,19142,6143,307.1,957.0500000000001
R006,CNO,T2_SD_CNO,2026_06_22_merged.mat,SAMPLE,1,19143,6144,307.15000000000003,957.1000000000001
R006,CNO,T2_SD_CNO,2026_06_22_merged.mat,SAMPLE,1,19144,6145,307.20000000000005,957.1500000000001
R006,CNO,T2_SD_CNO,2026_06_22_merged.mat,SAMPLE,1,19145,6146,307.25,957.2
R006,CNO,T2_SD_CNO,2026_06_22_merged.mat,SAMPLE,1,19146,6147,307.3,957.25
R006,CNO,T2_SD_CNO,2026_06_22_merged.mat,SAMPLE,1,19151,6152,307.55,957.5
R006,CNO,T2_SD_CNO,2026_06_22_merged.mat,SAMPLE,1,19184,6185,309.20000000000005,959.1500000000001
R006,CNO,T2_SD_CNO,2026_06_22_merged.mat,SAMPLE,1,19185,6186,309.25,959.2
R006,CNO,T2_SD_CNO,2026_06_22_merged.mat,SAMPLE,1,19186,6187,309.3,959.25
R006,CNO,T2_SD_CNO,2026_06_22_merged.mat,SAMPLE,1,19212,6213,310.6,960.5500000000001
R006,CNO,T2_SD_CNO,2026_06_22_merged.mat,SAMPLE,1,19213,6214,310.65000000000003,960.6000000000001
R006,CNO,T2_SD_CNO,2026_06_22_merged.mat,SAMPLE,1,19214,6215,310.70000000000005,960.6500000000001
R006,CNO,T2_SD_CNO,2026_06_22_merged.mat,SAMPLE,1,19215,6216,310.75,960.7
R006,CNO,T2_SD_CNO,2026_06_22_merged.mat,SAMPLE,1,19216,6217,310.8,960.75
R006,CNO,T2_SD_CNO,2026_06_22_merged.mat,SAMPLE,1,19244,6245,312.20000000000005,962.1500000000001
R006,CNO,T2_SD_CNO,2026_06_22_merged.mat,SAMPLE,1,19245,6246,312.25,962.2
R006,CNO,T2_SD_CNO,2026_06_22_merged.mat,SAMPLE,1,19246,6247,312.3,962.25
R006,CNO,T2_SD_CNO,2026_06_22_merged.mat,SAMPLE,1,19247,6248,312.35,962.3000000000001
R006,CNO,T2_SD_CNO,2026_06_22_merged.mat,SAMPLE,1,19248,6249,312.40000000000003,962.3500000000001
R006,CNO,T2_SD_CNO,2026_06_22_merged.mat,SAMPLE,1,19249,6250,312.45000000000005,962.4000000000001
R006,CNO,T2_SD_CNO,2026_06_22_merged.mat,SAMPLE,1,19250,6251,312.5,962.45
R006,CNO,T2_SD_CNO,2026_06_22_merged.mat,SAMPLE,1,19267,6268,313.35,963.3000000000001
R006,CNO,T2_SD_CNO,2026_06_22_merged.mat,SAMPLE,1,19268,6269,313.40000000000003,963.3500000000001
R006,CNO,T2_SD_CNO,2026_06_22_merged.mat,SAMPLE,1,19269,6270,313.45000000000005,963.4000000000001
R006,CNO,T2_SD_CNO,2026_06_22_merged.mat,SAMPLE,1,19285,6286,314.25,964.2
R006,CNO,T2_SD_CNO,2026_06_22_merged.mat,SAMPLE,1,19286,6287,314.3,964.25
R006,CNO,T2_SD_CNO,2026_06_22_merged.mat,SAMPLE,1,19287,6288,314.35,964.3000000000001
R006,CNO,T2_SD_CNO,2026_06_22_merged.mat,SAMPLE,1,19288,6289,314.40000000000003,964.3500000000001
R006,CNO,T2_SD_CNO,2026_06_22_merged.mat,SAMPLE,1,19307,6308,315.35,965.3000000000001
R006,CNO,T2_SD_CNO,2026_06_22_merged.mat,SAMPLE,1,19366,6367,318.3,968.25
R006,CNO,T2_SD_CNO,2026_06_22_merged.mat,SAMPLE,1,19368,6369,318.40000000000003,968.3500000000001
R006,CNO,T2_SD_CNO,2026_06_22_merged.mat,SAMPLE,2,19374,6375,318.70000000000005,968.6500000000001
R006,CNO,T2_SD_CNO,2026_06_22_merged.mat,SAMPLE,2,19375,6376,318.75,968.7
R006,CNO,T2_SD_CNO,2026_06_22_merged.mat,SAMPLE,1,19382,6383,319.1,969.0500000000001
R006,CNO,T2_SD_CNO,2026_06_22_merged.mat,SAMPLE,1,19383,6384,319.15000000000003,969.1000000000001
R006,CNO,T2_SD_CNO,2026_06_22_merged.mat,SAMPLE,1,19384,6385,319.20000000000005,969.1500000000001
R006,CNO,T2_SD_CNO,2026_06_22_merged.mat,SAMPLE,1,19385,6386,319.25,969.2
R006,CNO,T2_SD_CNO,2026_06_22_merged.mat,SAMPLE,1,19386,6387,319.3,969.25
R006,CNO,T2_SD_CNO,2026_06_22_merged.mat,SAMPLE,1,19390,6391,319.5,969.45
R006,CNO,T2_SD_CNO,2026_06_22_merged.mat,SAMPLE,1,19400,6401,320.0,969.95
R006,CNO,T2_SD_CNO,2026_06_22_merged.mat,SAMPLE,2,19408,6409,320.40000000000003,970.3500000000001
R006,CNO,T2_SD_CNO,2026_06_22_merged.mat,SAMPLE,1,19423,6424,321.15000000000003,971.1000000000001
R006,CNO,T2_SD_CNO,2026_06_22_merged.mat,SAMPLE,1,19424,6425,321.20000000000005,971.1500000000001
R006,CNO,T2_SD_CNO,2026_06_22_merged.mat,SAMPLE,1,19433,6434,321.65000000000003,971.6000000000001
R006,CNO,T2_SD_CNO,2026_06_22_merged.mat,SAMPLE,1,19434,6435,321.70000000000005,971.6500000000001
R006,CNO,T2_SD_CNO,2026_06_22_merged.mat,SAMPLE,2,19441,6442,322.05,972.0
R006,CNO,T2_SD_CNO,2026_06_22_merged.mat,SAMPLE,2,19442,6443,322.1,972.0500000000001
R006,CNO,T2_SD_CNO,2026_06_22_merged.mat,SAMPLE,2,19443,6444,322.15000000000003,972.1000000000001
R006,CNO,T2_SD_CNO,2026_06_22_merged.mat,SAMPLE,1,19449,6450,322.45000000000005,972.4000000000001
R006,CNO,T2_SD_CNO,2026_06_22_merged.mat,SAMPLE,1,19450,6451,322.5,972.45
R006,CNO,T2_SD_CNO,2026_06_22_merged.mat,SAMPLE,1,19451,6452,322.55,972.5
R006,CNO,T2_SD_CNO,2026_06_22_merged.mat,SAMPLE,1,19452,6453,322.6,972.5500000000001
R006,CNO,T2_SD_CNO,2026_06_22_merged.mat,SAMPLE,1,19453,6454,322.65000000000003,972.6000000000001
R006,CNO,T2_SD_CNO,2026_06_22_merged.mat,SAMPLE,1,19471,6472,323.55,973.5
R006,CNO,T2_SD_CNO,2026_06_22_merged.mat,SAMPLE,1,19472,6473,323.6,973.5500000000001
R006,CNO,T2_SD_CNO,2026_06_22_merged.mat,SAMPLE,1,19473,6474,323.65000000000003,973.6000000000001
R006,CNO,T2_SD_CNO,2026_06_22_merged.mat,SAMPLE,1,19474,6475,323.70000000000005,973.6500000000001
R006,CNO,T2_SD_CNO,2026_06_22_merged.mat,SAMPLE,1,19496,6497,324.8,974.75
R006,CNO,T2_SD_CNO,2026_06_22_merged.mat,SAMPLE,1,19497,6498,324.85,974.8000000000001
R006,CNO,T2_SD_CNO,2026_06_22_merged.mat,SAMPLE,1,19498,6499,324.90000000000003,974.8500000000001
R006,CNO,T2_SD_CNO,2026_06_22_merged.mat,SAMPLE,1,19499,6500,324.95000000000005,974.9000000000001
R006,CNO,T2_SD_CNO,2026_06_22_merged.mat,SAMPLE,1,19500,6501,325.00000000000006,974.95
R006,CNO,T2_SD_CNO,2026_06_22_merged.mat,SAMPLE,1,19509,6510,325.45000000000005,975.4000000000001
R006,CNO,T2_SD_CNO,2026_06_22_merged.mat,SAMPLE,1,19510,6511,325.50000000000006,975.45
R006,CNO,T2_SD_CNO,2026_06_22_merged.mat,SAMPLE,1,19511,6512,325.55000000000007,975.5000000000001
R006,CNO,T2_SD_CNO,2026_06_22_merged.mat,SAMPLE,1,19512,6513,325.6000000000001,975.5500000000002
R006,CNO,T2_SD_CNO,2026_06_22_merged.mat,SAMPLE,1,19513,6514,325.6500000000001,975.6000000000001
R006,CNO,T2_SD_CNO,2026_06_22_merged.mat,SAMPLE,1,19514,6515,325.70000000000005,975.6500000000001
R006,CNO,T2_SD_CNO,2026_06_22_merged.mat,SAMPLE,1,19515,6516,325.75000000000006,975.7
R006,CNO,T2_SD_CNO,2026_06_22_merged.mat,SAMPLE,1,19540,6541,327.00000000000006,976.95
R006,CNO,T2_SD_CNO,2026_06_22_merged.mat,SAMPLE,1,19541,6542,327.05000000000007,977.0000000000001
R006,CNO,T2_SD_CNO,2026_06_22_merged.mat,SAMPLE,1,19603,6604,330.1500000000001,980.1000000000001
R006,CNO,T2_SD_CNO,2026_06_22_merged.mat,SAMPLE,1,19604,6605,330.20000000000005,980.1500000000001
R006,CNO,T2_SD_CNO,2026_06_22_merged.mat,SAMPLE,2,19618,6619,330.9000000000001,980.8500000000001
R006,CNO,T2_SD_CNO,2026_06_22_merged.mat,SAMPLE,1,19624,6625,331.20000000000005,981.1500000000001
R006,CNO,T2_SD_CNO,2026_06_22_merged.mat,SAMPLE,1,19625,6626,331.25000000000006,981.2
R006,CNO,T2_SD_CNO,2026_06_22_merged.mat,SAMPLE,1,19626,6627,331.30000000000007,981.2500000000001
R006,CNO,T2_SD_CNO,2026_06_22_merged.mat,SAMPLE,1,19627,6628,331.3500000000001,981.3000000000002
R006,CNO,T2_SD_CNO,2026_06_22_merged.mat,SAMPLE,1,19644,6645,332.20000000000005,982.1500000000001
R006,CNO,T2_SD_CNO,2026_06_22_merged.mat,SAMPLE,1,19645,6646,332.25000000000006,982.2
R006,CNO,T2_SD_CNO,2026_06_22_merged.mat,SAMPLE,1,19646,6647,332.30000000000007,982.2500000000001
R006,CNO,T2_SD_CNO,2026_06_22_merged.mat,SAMPLE,1,19647,6648,332.3500000000001,982.3000000000002
R006,CNO,T2_SD_CNO,2026_06_22_merged.mat,SAMPLE,2,19652,6653,332.6000000000001,982.5500000000002
R006,CNO,T2_SD_CNO,2026_06_22_merged.mat,SAMPLE,1,19664,6665,333.20000000000005,983.1500000000001
R006,CNO,T2_SD_CNO,2026_06_22_merged.mat,SAMPLE,1,19665,6666,333.25000000000006,983.2
R006,CNO,T2_SD_CNO,2026_06_22_merged.mat,SAMPLE,1,19666,6667,333.30000000000007,983.2500000000001
R006,CNO,T2_SD_CNO,2026_06_22_merged.mat,SAMPLE,1,19667,6668,333.3500000000001,983.3000000000002
R006,CNO,T2_SD_CNO,2026_06_22_merged.mat,SAMPLE,1,19668,6669,333.4000000000001,983.3500000000001
R006,CNO,T2_SD_CNO,2026_06_22_merged.mat,SAMPLE,2,19674,6675,333.70000000000005,983.6500000000001
R006,CNO,T2_SD_CNO,2026_06_22_merged.mat,SAMPLE,2,19675,6676,333.75000000000006,983.7
R006,CNO,T2_SD_CNO,2026_06_22_merged.mat,SAMPLE,1,19686,6687,334.30000000000007,984.2500000000001
R006,CNO,T2_SD_CNO,2026_06_22_merged.mat,SAMPLE,1,19687,6688,334.3500000000001,984.3000000000002
R006,CNO,T2_SD_CNO,2026_06_22_merged.mat,SAMPLE,1,19688,6689,334.4000000000001,984.3500000000001
R006,CNO,T2_SD_CNO,2026_06_22_merged.mat,SAMPLE,1,19689,6690,334.45000000000005,984.4000000000001
R006,CNO,T2_SD_CNO,2026_06_22_merged.mat,SAMPLE,1,19690,6691,334.50000000000006,984.45
R006,CNO,T2_SD_CNO,2026_06_22_merged.mat,SAMPLE,1,19691,6692,334.55000000000007,984.5000000000001
R006,CNO,T2_SD_CNO,2026_06_22_merged.mat,SAMPLE,1,19692,6693,334.6000000000001,984.5500000000002
R006,CNO,T2_SD_CNO,2026_06_22_merged.mat,SAMPLE,2,19757,6758,337.8500000000001,987.8000000000002
R006,CNO,T2_SD_CNO,2026_06_22_merged.mat,SAMPLE,2,19758,6759,337.9000000000001,987.8500000000001
R006,CNO,T2_SD_CNO,2026_06_22_merged.mat,SAMPLE,2,19759,6760,337.95000000000005,987.9000000000001
R006,CNO,T2_SD_CNO,2026_06_22_merged.mat,SAMPLE,2,19760,6761,338.00000000000006,987.95
R006,CNO,T2_SD_CNO,2026_06_22_merged.mat,SAMPLE,2,19761,6762,338.05000000000007,988.0000000000001
R006,CNO,T2_SD_CNO,2026_06_22_merged.mat,SAMPLE,2,19762,6763,338.1000000000001,988.0500000000002
R006,CNO,T2_SD_CNO,2026_06_22_merged.mat,SAMPLE,2,19763,6764,338.1500000000001,988.1000000000001
R006,CNO,T2_SD_CNO,2026_06_22_merged.mat,SAMPLE,2,19764,6765,338.20000000000005,988.1500000000001
R006,CNO,T2_SD_CNO,2026_06_22_merged.mat,SAMPLE,2,19774,6775,338.70000000000005,988.6500000000001
R006,CNO,T2_SD_CNO,2026_06_22_merged.mat,SAMPLE,1,19782,6783,339.1000000000001,989.0500000000002
R006,CNO,T2_SD_CNO,2026_06_22_merged.mat,SAMPLE,1,19783,6784,339.1500000000001,989.1000000000001
R006,CNO,T2_SD_CNO,2026_06_22_merged.mat,SAMPLE,1,19784,6785,339.20000000000005,989.1500000000001
R006,CNO,T2_SD_CNO,2026_06_22_merged.mat,SAMPLE,1,19785,6786,339.25000000000006,989.2
R006,CNO,T2_SD_CNO,2026_06_22_merged.mat,SAMPLE,1,19786,6787,339.30000000000007,989.2500000000001
R006,CNO,T2_SD_CNO,2026_06_22_merged.mat,SAMPLE,1,19787,6788,339.3500000000001,989.3000000000002
R006,CNO,T2_SD_CNO,2026_06_22_merged.mat,SAMPLE,1,19788,6789,339.4000000000001,989.3500000000001
R006,CNO,T2_SD_CNO,2026_06_22_merged.mat,SAMPLE,1,19796,6797,339.80000000000007,989.7500000000001
R006,CNO,T2_SD_CNO,2026_06_22_merged.mat,SAMPLE,1,19797,6798,339.8500000000001,989.8000000000002
R006,CNO,T2_SD_CNO,2026_06_22_merged.mat,SAMPLE,1,19798,6799,339.9000000000001,989.8500000000001
R006,CNO,T2_SD_CNO,2026_06_22_merged.mat,SAMPLE,1,19799,6800,339.95000000000005,989.9000000000001
R006,CNO,T2_SD_CNO,2026_06_22_merged.mat,SAMPLE,1,19800,6801,340.00000000000006,989.95
R006,CNO,T2_SD_CNO,2026_06_22_merged.mat,SAMPLE,1,19806,6807,340.30000000000007,990.2500000000001
R006,CNO,T2_SD_CNO,2026_06_22_merged.mat,SAMPLE,1,19807,6808,340.3500000000001,990.3000000000002
R006,CNO,T2_SD_CNO,2026_06_22_merged.mat,SAMPLE,1,19808,6809,340.4000000000001,990.3500000000001
R006,CNO,T2_SD_CNO,2026_06_22_merged.mat,SAMPLE,2,19816,6817,340.80000000000007,990.7500000000001
R006,CNO,T2_SD_CNO,2026_06_22_merged.mat,SAMPLE,2,19817,6818,340.8500000000001,990.8000000000002
R006,CNO,T2_SD_CNO,2026_06_22_merged.mat,SAMPLE,1,19822,6823,341.1000000000001,991.0500000000002
R006,CNO,T2_SD_CNO,2026_06_22_merged.mat,SAMPLE,1,19823,6824,341.1500000000001,991.1000000000001
R006,CNO,T2_SD_CNO,2026_06_22_merged.mat,SAMPLE,1,19838,6839,341.9000000000001,991.8500000000001
R006,CNO,T2_SD_CNO,2026_06_22_merged.mat,SAMPLE,1,19840,6841,342.00000000000006,991.95
R006,CNO,T2_SD_CNO,2026_06_22_merged.mat,SAMPLE,1,19848,6849,342.4000000000001,992.3500000000001
R006,CNO,T2_SD_CNO,2026_06_22_merged.mat,SAMPLE,1,19849,6850,342.45000000000005,992.4000000000001
R006,CNO,T2_SD_CNO,2026_06_22_merged.mat,SAMPLE,1,19850,6851,342.50000000000006,992.45
R006,CNO,T2_SD_CNO,2026_06_22_merged.mat,SAMPLE,1,19851,6852,342.55000000000007,992.5000000000001
R006,CNO,T2_SD_CNO,2026_06_22_merged.mat,SAMPLE,1,19852,6853,342.6000000000001,992.5500000000002
R006,CNO,T2_SD_CNO,2026_06_22_merged.mat,SAMPLE,1,19864,6865,343.2000000000001,993.1500000000001
R006,CNO,T2_SD_CNO,2026_06_22_merged.mat,SAMPLE,1,19865,6866,343.25000000000006,993.2
R006,CNO,T2_SD_CNO,2026_06_22_merged.mat,SAMPLE,1,19866,6867,343.30000000000007,993.2500000000001
R006,CNO,T2_SD_CNO,2026_06_22_merged.mat,SAMPLE,1,19867,6868,343.3500000000001,993.3000000000002
R006,CNO,T2_SD_CNO,2026_06_22_merged.mat,SAMPLE,1,19879,6880,343.9500000000001,993.9000000000001
R006,CNO,T2_SD_CNO,2026_06_22_merged.mat,SAMPLE,1,19880,6881,344.00000000000006,993.95
R006,CNO,T2_SD_CNO,2026_06_22_merged.mat,SAMPLE,1,19881,6882,344.05000000000007,994.0000000000001
R006,CNO,T2_SD_CNO,2026_06_22_merged.mat,SAMPLE,1,19882,6883,344.1000000000001,994.0500000000002
R006,CNO,T2_SD_CNO,2026_06_22_merged.mat,SAMPLE,1,19883,6884,344.1500000000001,994.1000000000001
R006,CNO,T2_SD_CNO,2026_06_22_merged.mat,SAMPLE,1,19884,6885,344.2000000000001,994.1500000000001
R006,CNO,T2_SD_CNO,2026_06_22_merged.mat,SAMPLE,1,19885,6886,344.25000000000006,994.2
R006,CNO,T2_SD_CNO,2026_06_22_merged.mat,SAMPLE,1,19930,6931,346.50000000000006,996.45
R006,CNO,T2_SD_CNO,2026_06_22_merged.mat,SAMPLE,1,19931,6932,346.55000000000007,996.5000000000001
R006,CNO,T2_SD_CNO,2026_06_22_merged.mat,SAMPLE,1,19932,6933,346.6000000000001,996.5500000000002
R006,CNO,T2_SD_CNO,2026_06_22_merged.mat,SAMPLE,2,19940,6941,347.00000000000006,996.95
R006,CNO,T2_SD_CNO,2026_06_22_merged.mat,SAMPLE,1,19947,6948,347.3500000000001,997.3000000000002
R006,CNO,T2_SD_CNO,2026_06_22_merged.mat,SAMPLE,1,19948,6949,347.4000000000001,997.3500000000001
R006,CNO,T2_SD_CNO,2026_06_22_merged.mat,SAMPLE,1,19949,6950,347.4500000000001,997.4000000000001
R006,CNO,T2_SD_CNO,2026_06_22_merged.mat,SAMPLE,1,19950,6951,347.50000000000006,997.45
R006,CNO,T2_SD_CNO,2026_06_22_merged.mat,SAMPLE,1,19951,6952,347.55000000000007,997.5000000000001
R006,CNO,T2_SD_CNO,2026_06_22_merged.mat,SAMPLE,1,19959,6960,347.9500000000001,997.9000000000001
R006,CNO,T2_SD_CNO,2026_06_22_merged.mat,SAMPLE,1,19960,6961,348.00000000000006,997.95
R006,CNO,T2_SD_CNO,2026_06_22_merged.mat,SAMPLE,2,19965,6966,348.25000000000006,998.2
R006,CNO,T2_SD_CNO,2026_06_22_merged.mat,SAMPLE,2,19966,6967,348.30000000000007,998.2500000000001
R006,CNO,T2_SD_CNO,2026_06_22_merged.mat,SAMPLE,2,19995,6996,349.75000000000006,999.7
R006,CNO,T2_SD_CNO,2026_06_22_merged.mat,SAMPLE,2,19996,6997,349.80000000000007,999.7500000000001
R006,CNO,T2_SD_CNO,2026_06_22_merged.mat,SAMPLE,2,19997,6998,349.8500000000001,999.8000000000002
R006,CNO,T2_SD_CNO,2026_06_22_merged.mat,SAMPLE,2,19998,6999,349.9000000000001,999.8500000000001
R006,CNO,T2_SD_CNO,2026_06_22_merged.mat,SAMPLE,1,20032,7033,351.6000000000001,1001.5500000000002
R006,CNO,T2_SD_CNO,2026_06_22_merged.mat,SAMPLE,1,20033,7034,351.6500000000001,1001.6000000000001
R006,CNO,T2_SD_CNO,2026_06_22_merged.mat,SAMPLE,1,20034,7035,351.7000000000001,1001.6500000000001
R006,CNO,T2_SD_CNO,2026_06_22_merged.mat,SAMPLE,2,20038,7039,351.9000000000001,1001.8500000000001
R006,CNO,T2_SD_CNO,2026_06_22_merged.mat,SAMPLE,2,20039,7040,351.9500000000001,1001.9000000000001
R006,CNO,T2_SD_CNO,2026_06_22_merged.mat,SAMPLE,2,20040,7041,352.00000000000006,1001.95
R006,CNO,T2_SD_CNO,2026_06_22_merged.mat,SAMPLE,1,20045,7046,352.25000000000006,1002.2
R006,CNO,T2_SD_CNO,2026_06_22_merged.mat,SAMPLE,1,20046,7047,352.30000000000007,1002.2500000000001
R006,CNO,T2_SD_CNO,2026_06_22_merged.mat,SAMPLE,1,20049,7050,352.4500000000001,1002.4000000000001
R006,CNO,T2_SD_CNO,2026_06_22_merged.mat,SAMPLE,1,20054,7055,352.7000000000001,1002.6500000000001
R006,CNO,T2_SD_CNO,2026_06_22_merged.mat,SAMPLE,1,20057,7058,352.8500000000001,1002.8000000000002
R006,CNO,T2_SD_CNO,2026_06_22_merged.mat,SAMPLE,1,20058,7059,352.9000000000001,1002.8500000000001
R006,CNO,T2_SD_CNO,2026_06_22_merged.mat,SAMPLE,1,20076,7077,353.80000000000007,1003.7500000000001
R006,CNO,T2_SD_CNO,2026_06_22_merged.mat,SAMPLE,1,20077,7078,353.8500000000001,1003.8000000000002
R006,CNO,T2_SD_CNO,2026_06_22_merged.mat,SAMPLE,1,20175,7176,358.75000000000006,1008.7
R006,CNO,T2_SD_CNO,2026_06_22_merged.mat,SAMPLE,1,20176,7177,358.80000000000007,1008.7500000000001
R006,CNO,T2_SD_CNO,2026_06_22_merged.mat,SAMPLE,1,20177,7178,358.8500000000001,1008.8000000000002
R006,CNO,T2_SD_CNO,2026_06_22_merged.mat,SAMPLE,1,20178,7179,358.9000000000001,1008.8500000000001
R006,CNO,T2_SD_CNO,2026_06_22_merged.mat,SAMPLE,2,20184,7185,359.2000000000001,1009.1500000000001
R006,CNO,T2_SD_CNO,2026_06_22_merged.mat,SAMPLE,2,20185,7186,359.25000000000006,1009.2
R006,CNO,T2_SD_CNO,2026_06_22_merged.mat,SAMPLE,1,20203,7204,360.1500000000001,1010.1000000000001
R006,CNO,T2_SD_CNO,2026_06_22_merged.mat,SAMPLE,1,20204,7205,360.2000000000001,1010.1500000000001
R006,CNO,T2_SD_CNO,2026_06_22_merged.mat,SAMPLE,2,20216,7217,360.80000000000007,1010.7500000000001
R006,CNO,T2_SD_CNO,2026_06_22_merged.mat,SAMPLE,1,20225,7226,361.25000000000006,1011.2
R006,CNO,T2_SD_CNO,2026_06_22_merged.mat,SAMPLE,1,20226,7227,361.30000000000007,1011.2500000000001
R006,CNO,T2_SD_CNO,2026_06_22_merged.mat,SAMPLE,1,20227,7228,361.3500000000001,1011.3000000000002
R006,CNO,T2_SD_CNO,2026_06_22_merged.mat,SAMPLE,1,20228,7229,361.4000000000001,1011.3500000000001
R006,CNO,T2_SD_CNO,2026_06_22_merged.mat,SAMPLE,2,20238,7239,361.9000000000001,1011.8500000000001
R006,CNO,T2_SD_CNO,2026_06_22_merged.mat,SAMPLE,2,20239,7240,361.9500000000001,1011.9000000000001
R006,CNO,T2_SD_CNO,2026_06_22_merged.mat,SAMPLE,2,20240,7241,362.00000000000006,1011.95
R006,CNO,T2_SD_CNO,2026_06_22_merged.mat,SAMPLE,2,20261,7262,363.05000000000007,1013.0000000000001
R006,CNO,T2_SD_CNO,2026_06_22_merged.mat,SAMPLE,2,20262,7263,363.1000000000001,1013.0500000000002
R006,CNO,T2_SD_CNO,2026_06_22_merged.mat,SAMPLE,1,20292,7293,364.6000000000001,1014.5500000000002
R006,CNO,T2_SD_CNO,2026_06_22_merged.mat,SAMPLE,1,20293,7294,364.6500000000001,1014.6000000000001
R006,CNO,T2_SD_CNO,2026_06_22_merged.mat,SAMPLE,1,20294,7295,364.7000000000001,1014.6500000000001
R006,CNO,T2_SD_CNO,2026_06_22_merged.mat,SAMPLE,1,20295,7296,364.75000000000006,1014.7
R006,CNO,T2_SD_CNO,2026_06_22_merged.mat,SAMPLE,1,20296,7297,364.80000000000007,1014.7500000000001
R006,CNO,T2_SD_CNO,2026_06_22_merged.mat,SAMPLE,1,20297,7298,364.8500000000001,1014.8000000000002
R006,CNO,T2_SD_CNO,2026_06_22_merged.mat,SAMPLE,1,20298,7299,364.9000000000001,1014.8500000000001
R006,CNO,T2_SD_CNO,2026_06_22_merged.mat,SAMPLE,1,20299,7300,364.9500000000001,1014.9000000000001
R006,CNO,T2_SD_CNO,2026_06_22_merged.mat,SAMPLE,1,20326,7327,366.30000000000007,1016.2500000000001
R006,CNO,T2_SD_CNO,2026_06_22_merged.mat,SAMPLE,1,20327,7328,366.3500000000001,1016.3000000000002
R006,CNO,T2_SD_CNO,2026_06_22_merged.mat,SAMPLE,1,20328,7329,366.4000000000001,1016.3500000000001
R006,CNO,T2_SD_CNO,2026_06_22_merged.mat,SAMPLE,1,20329,7330,366.4500000000001,1016.4000000000001
R006,CNO,T2_SD_CNO,2026_06_22_merged.mat,SAMPLE,1,20330,7331,366.50000000000006,1016.45
R006,CNO,T2_SD_CNO,2026_06_22_merged.mat,SAMPLE,1,20331,7332,366.55000000000007,1016.5000000000001
R006,CNO,T2_SD_CNO,2026_06_22_merged.mat,SAMPLE,1,20340,7341,367.00000000000006,1016.95
R006,CNO,T2_SD_CNO,2026_06_22_merged.mat,SAMPLE,1,20358,7359,367.9000000000001,1017.8500000000001
R006,CNO,T2_SD_CNO,2026_06_22_merged.mat,SAMPLE,1,20359,7360,367.9500000000001,1017.9000000000001
R006,CNO,T2_SD_CNO,2026_06_22_merged.mat,SAMPLE,1,20360,7361,368.00000000000006,1017.95
R006,CNO,T2_SD_CNO,2026_06_22_merged.mat,SAMPLE,1,20361,7362,368.05000000000007,1018.0000000000001
R006,CNO,T2_SD_CNO,2026_06_22_merged.mat,SAMPLE,1,20402,7403,370.1000000000001,1020.0500000000002
R006,CNO,T2_SD_CNO,2026_06_22_merged.mat,SAMPLE,1,20403,7404,370.1500000000001,1020.1000000000001
R006,CNO,T2_SD_CNO,2026_06_22_merged.mat,SAMPLE,1,20404,7405,370.2000000000001,1020.1500000000001
R006,CNO,T2_SD_CNO,2026_06_22_merged.mat,SAMPLE,2,20411,7412,370.55000000000007,1020.5000000000001
R006,CNO,T2_SD_CNO,2026_06_22_merged.mat,SAMPLE,2,20432,7433,371.6000000000001,1021.5500000000002
R006,CNO,T2_SD_CNO,2026_06_22_merged.mat,SAMPLE,2,20433,7434,371.6500000000001,1021.6000000000001
R006,CNO,T2_SD_CNO,2026_06_22_merged.mat,SAMPLE,2,20434,7435,371.7000000000001,1021.6500000000001
R006,CNO,T2_SD_CNO,2026_06_22_merged.mat,SAMPLE,2,20435,7436,371.75000000000006,1021.7
R006,CNO,T2_SD_CNO,2026_06_22_merged.mat,SAMPLE,1,20440,7441,372.00000000000006,1021.95
R006,CNO,T2_SD_CNO,2026_06_22_merged.mat,SAMPLE,1,20441,7442,372.05000000000007,1022.0000000000001
R006,CNO,T2_SD_CNO,2026_06_22_merged.mat,SAMPLE,1,20442,7443,372.1000000000001,1022.0500000000002
R006,CNO,T2_SD_CNO,2026_06_22_merged.mat,SAMPLE,1,20443,7444,372.1500000000001,1022.1000000000001
R006,CNO,T2_SD_CNO,2026_06_22_merged.mat,SAMPLE,1,20453,7454,372.6500000000001,1022.6000000000001
R006,CNO,T2_SD_CNO,2026_06_22_merged.mat,SAMPLE,1,20454,7455,372.7000000000001,1022.6500000000001
R006,CNO,T2_SD_CNO,2026_06_22_merged.mat,SAMPLE,1,20455,7456,372.75000000000006,1022.7
R006,CNO,T2_SD_CNO,2026_06_22_merged.mat,SAMPLE,1,20456,7457,372.80000000000007,1022.7500000000001
R006,CNO,T2_SD_CNO,2026_06_22_merged.mat,SAMPLE,1,20457,7458,372.8500000000001,1022.8000000000002
R006,CNO,T2_SD_CNO,2026_06_22_merged.mat,SAMPLE,1,20458,7459,372.9000000000001,1022.8500000000001
R006,CNO,T2_SD_CNO,2026_06_22_merged.mat,SAMPLE,1,20471,7472,373.55000000000007,1023.5000000000001
R006,CNO,T2_SD_CNO,2026_06_22_merged.mat,SAMPLE,1,20489,7490,374.4500000000001,1024.4
R006,CNO,T2_SD_CNO,2026_06_22_merged.mat,SAMPLE,1,20490,7491,374.50000000000006,1024.45
R006,CNO,T2_SD_CNO,2026_06_22_merged.mat,SAMPLE,1,20491,7492,374.55000000000007,1024.5
R006,CNO,T2_SD_CNO,2026_06_22_merged.mat,SAMPLE,1,20492,7493,374.6000000000001,1024.5500000000002
R006,CNO,T2_SD_CNO,2026_06_22_merged.mat,SAMPLE,1,20493,7494,374.6500000000001,1024.6000000000001
R006,CNO,T2_SD_CNO,2026_06_22_merged.mat,SAMPLE,1,20504,7505,375.2000000000001,1025.15
R006,CNO,T2_SD_CNO,2026_06_22_merged.mat,SAMPLE,1,20505,7506,375.25000000000006,1025.2
R006,CNO,T2_SD_CNO,2026_06_22_merged.mat,SAMPLE,1,20506,7507,375.30000000000007,1025.25
R006,CNO,T2_SD_CNO,2026_06_22_merged.mat,SAMPLE,1,20507,7508,375.3500000000001,1025.3000000000002
R006,CNO,T2_SD_CNO,2026_06_22_merged.mat,SAMPLE,1,20516,7517,375.80000000000007,1025.75
R006,CNO,T2_SD_CNO,2026_06_22_merged.mat,SAMPLE,1,20517,7518,375.8500000000001,1025.8000000000002
R006,CNO,T2_SD_CNO,2026_06_22_merged.mat,SAMPLE,1,20519,7520,375.9500000000001,1025.9
R006,CNO,T2_SD_CNO,2026_06_22_merged.mat,SAMPLE,1,20520,7521,376.00000000000006,1025.95
R006,CNO,T2_SD_CNO,2026_06_22_merged.mat,SAMPLE,1,20521,7522,376.05000000000007,1026.0
R006,CNO,T2_SD_CNO,2026_06_22_merged.mat,SAMPLE,1,20522,7523,376.1000000000001,1026.0500000000002
R006,CNO,T2_SD_CNO,2026_06_22_merged.mat,SAMPLE,1,20523,7524,376.1500000000001,1026.1000000000001
R006,CNO,T2_SD_CNO,2026_06_22_merged.mat,SAMPLE,1,20524,7525,376.2000000000001,1026.15
R006,CNO,T2_SD_CNO,2026_06_22_merged.mat,SAMPLE,1,20529,7530,376.4500000000001,1026.4
R006,CNO,T2_SD_CNO,2026_06_22_merged.mat,SAMPLE,1,20532,7533,376.6000000000001,1026.5500000000002
R006,CNO,T2_SD_CNO,2026_06_22_merged.mat,SAMPLE,1,20533,7534,376.6500000000001,1026.6000000000001
R006,CNO,T2_SD_CNO,2026_06_22_merged.mat,SAMPLE,1,20534,7535,376.7000000000001,1026.65
R006,CNO,T2_SD_CNO,2026_06_22_merged.mat,SAMPLE,1,20535,7536,376.75000000000006,1026.7
R006,CNO,T2_SD_CNO,2026_06_22_merged.mat,SAMPLE,1,20536,7537,376.80000000000007,1026.75
R006,CNO,T2_SD_CNO,2026_06_22_merged.mat,SAMPLE,1,20576,7577,378.80000000000007,1028.75
R006,CNO,T2_SD_CNO,2026_06_22_merged.mat,SAMPLE,1,20577,7578,378.8500000000001,1028.8000000000002
R006,CNO,T2_SD_CNO,2026_06_22_merged.mat,SAMPLE,1,20627,7628,381.3500000000001,1031.3000000000002
R006,CNO,T2_SD_CNO,2026_06_22_merged.mat,SAMPLE,1,20628,7629,381.4000000000001,1031.3500000000001
R006,CNO,T2_SD_CNO,2026_06_22_merged.mat,SAMPLE,1,20629,7630,381.4500000000001,1031.4
R006,CNO,T2_SD_CNO,2026_06_22_merged.mat,SAMPLE,1,20644,7645,382.2000000000001,1032.15
R006,CNO,T2_SD_CNO,2026_06_22_merged.mat,SAMPLE,1,20655,7656,382.75000000000006,1032.7
R006,CNO,T2_SD_CNO,2026_06_22_merged.mat,SAMPLE,1,20656,7657,382.80000000000007,1032.75
R006,CNO,T2_SD_CNO,2026_06_22_merged.mat,SAMPLE,1,20657,7658,382.8500000000001,1032.8000000000002
R006,CNO,T2_SD_CNO,2026_06_22_merged.mat,SAMPLE,1,20658,7659,382.9000000000001,1032.8500000000001
R006,CNO,T2_SD_CNO,2026_06_22_merged.mat,SAMPLE,1,20704,7705,385.2000000000001,1035.15
R006,CNO,T2_SD_CNO,2026_06_22_merged.mat,SAMPLE,1,20705,7706,385.25000000000006,1035.2
R006,CNO,T2_SD_CNO,2026_06_22_merged.mat,SAMPLE,1,20706,7707,385.30000000000007,1035.25
R006,CNO,T2_SD_CNO,2026_06_22_merged.mat,SAMPLE,1,20707,7708,385.3500000000001,1035.3000000000002
R006,CNO,T2_SD_CNO,2026_06_22_merged.mat,SAMPLE,1,20729,7730,386.4500000000001,1036.4
R006,CNO,T2_SD_CNO,2026_06_22_merged.mat,SAMPLE,1,20753,7754,387.6500000000001,1037.6000000000001
R006,CNO,T2_SD_CNO,2026_06_22_merged.mat,SAMPLE,1,20754,7755,387.7000000000001,1037.65
R006,CNO,T2_SD_CNO,2026_06_22_merged.mat,SAMPLE,1,20755,7756,387.75000000000006,1037.7
R006,CNO,T2_SD_CNO,2026_06_22_merged.mat,SAMPLE,1,20797,7798,389.8500000000001,1039.8000000000002
R006,CNO,T2_SD_CNO,2026_06_22_merged.mat,SAMPLE,1,20798,7799,389.9000000000001,1039.8500000000001
R006,CNO,T2_SD_CNO,2026_06_22_merged.mat,SAMPLE,1,20799,7800,389.9500000000001,1039.9
R006,CNO,T2_SD_CNO,2026_06_22_merged.mat,SAMPLE,1,20808,7809,390.4000000000001,1040.3500000000001
R006,CNO,T2_SD_CNO,2026_06_22_merged.mat,SAMPLE,1,20809,7810,390.4500000000001,1040.4
R006,CNO,T2_SD_CNO,2026_06_22_merged.mat,SAMPLE,1,20810,7811,390.50000000000006,1040.45
R006,CNO,T2_SD_CNO,2026_06_22_merged.mat,SAMPLE,1,20882,7883,394.1000000000001,1044.0500000000002
R006,CNO,T2_SD_CNO,2026_06_22_merged.mat,SAMPLE,1,20883,7884,394.1500000000001,1044.1000000000001
R006,CNO,T2_SD_CNO,2026_06_22_merged.mat,SAMPLE,1,20904,7905,395.20000000000005,1045.15
R006,CNO,T2_SD_CNO,2026_06_22_merged.mat,SAMPLE,1,20905,7906,395.2500000000001,1045.2000000000003
R006,CNO,T2_SD_CNO,2026_06_22_merged.mat,SAMPLE,1,20906,7907,395.30000000000007,1045.25
R006,CNO,T2_SD_CNO,2026_06_22_merged.mat,SAMPLE,1,20924,7925,396.20000000000005,1046.15
R006,CNO,T2_SD_CNO,2026_06_22_merged.mat,SAMPLE,1,20925,7926,396.2500000000001,1046.2000000000003
R006,CNO,T2_SD_CNO,2026_06_22_merged.mat,SAMPLE,1,20926,7927,396.30000000000007,1046.25
R006,CNO,T2_SD_CNO,2026_06_22_merged.mat,SAMPLE,1,20935,7936,396.7500000000001,1046.7000000000003
R006,CNO,T2_SD_CNO,2026_06_22_merged.mat,SAMPLE,1,20936,7937,396.80000000000007,1046.75
R006,CNO,T2_SD_CNO,2026_06_22_merged.mat,SAMPLE,1,20991,7992,399.55000000000007,1049.5
R006,CNO,T2_SD_CNO,2026_06_22_merged.mat,SAMPLE,1,20993,7994,399.6500000000001,1049.6000000000001
R006,CNO,T2_SD_CNO,2026_06_22_merged.mat,SAMPLE,1,20994,7995,399.70000000000005,1049.65
R006,CNO,T2_SD_CNO,2026_06_22_merged.mat,SAMPLE,1,20995,7996,399.7500000000001,1049.7000000000003
R006,CNO,T2_SD_CNO,2026_06_22_merged.mat,SAMPLE,2,21002,8003,400.1000000000001,1050.0500000000002
R006,CNO,T2_SD_CNO,2026_06_22_merged.mat,SAMPLE,1,21008,8009,400.4000000000001,1050.3500000000001
R006,CNO,T2_SD_CNO,2026_06_22_merged.mat,SAMPLE,1,21009,8010,400.45000000000005,1050.4
R006,CNO,T2_SD_CNO,2026_06_22_merged.mat,SAMPLE,1,21010,8011,400.5000000000001,1050.4500000000003
R006,CNO,T2_SD_CNO,2026_06_22_merged.mat,SAMPLE,1,21025,8026,401.2500000000001,1051.2000000000003
R006,CNO,T2_SD_CNO,2026_06_22_merged.mat,SAMPLE,1,21026,8027,401.30000000000007,1051.25
R006,CNO,T2_SD_CNO,2026_06_22_merged.mat,SAMPLE,1,21059,8060,402.95000000000005,1052.9
R006,CNO,T2_SD_CNO,2026_06_22_merged.mat,SAMPLE,1,21060,8061,403.0000000000001,1052.9500000000003
R006,CNO,T2_SD_CNO,2026_06_22_merged.mat,SAMPLE,1,21061,8062,403.05000000000007,1053.0
R006,CNO,T2_SD_CNO,2026_06_22_merged.mat,SAMPLE,1,21062,8063,403.1000000000001,1053.0500000000002
R006,CNO,T2_SD_CNO,2026_06_22_merged.mat,SAMPLE,1,21081,8082,404.05000000000007,1054.0
R006,CNO,T2_SD_CNO,2026_06_22_merged.mat,SAMPLE,1,21082,8083,404.1000000000001,1054.0500000000002
R006,CNO,T2_SD_CNO,2026_06_22_merged.mat,SAMPLE,1,21083,8084,404.1500000000001,1054.1000000000001
R006,CNO,T2_SD_CNO,2026_06_22_merged.mat,SAMPLE,1,21084,8085,404.20000000000005,1054.15
R006,CNO,T2_SD_CNO,2026_06_22_merged.mat,SAMPLE,1,21092,8093,404.6000000000001,1054.5500000000002
R006,CNO,T2_SD_CNO,2026_06_22_merged.mat,SAMPLE,1,21093,8094,404.6500000000001,1054.6000000000001
R006,CNO,T2_SD_CNO,2026_06_22_merged.mat,SAMPLE,1,21094,8095,404.70000000000005,1054.65
R006,CNO,T2_SD_CNO,2026_06_22_merged.mat,SAMPLE,1,21095,8096,404.7500000000001,1054.7000000000003
R006,CNO,T2_SD_CNO,2026_06_22_merged.mat,SAMPLE,1,21103,8104,405.1500000000001,1055.1000000000001
R006,CNO,T2_SD_CNO,2026_06_22_merged.mat,SAMPLE,1,21104,8105,405.20000000000005,1055.15
R006,CNO,T2_SD_CNO,2026_06_22_merged.mat,SAMPLE,1,21105,8106,405.2500000000001,1055.2000000000003
R006,CNO,T2_SD_CNO,2026_06_22_merged.mat,SAMPLE,1,21106,8107,405.30000000000007,1055.25
R006,CNO,T2_SD_CNO,2026_06_22_merged.mat,SAMPLE,1,21107,8108,405.3500000000001,1055.3000000000002
R006,CNO,T2_SD_CNO,2026_06_22_merged.mat,SAMPLE,1,21130,8131,406.5000000000001,1056.4500000000003
R006,CNO,T2_SD_CNO,2026_06_22_merged.mat,SAMPLE,1,21131,8132,406.55000000000007,1056.5
R006,CNO,T2_SD_CNO,2026_06_22_merged.mat,SAMPLE,1,21132,8133,406.6000000000001,1056.5500000000002
R006,CNO,T2_SD_CNO,2026_06_22_merged.mat,SAMPLE,1,21133,8134,406.6500000000001,1056.6000000000001
R006,CNO,T2_SD_CNO,2026_06_22_merged.mat,SAMPLE,1,21134,8135,406.70000000000005,1056.65
R006,CNO,T2_SD_CNO,2026_06_22_merged.mat,SAMPLE,1,21135,8136,406.7500000000001,1056.7000000000003
R006,CNO,T2_SD_CNO,2026_06_22_merged.mat,SAMPLE,1,21136,8137,406.80000000000007,1056.75
R006,CNO,T2_SD_CNO,2026_06_22_merged.mat,SAMPLE,1,21157,8158,407.8500000000001,1057.8000000000002
R006,CNO,T2_SD_CNO,2026_06_22_merged.mat,SAMPLE,1,21159,8160,407.95000000000005,1057.9
R006,CNO,T2_SD_CNO,2026_06_22_merged.mat,SAMPLE,1,21172,8173,408.6000000000001,1058.5500000000002
R006,CNO,T2_SD_CNO,2026_06_22_merged.mat,SAMPLE,1,21173,8174,408.6500000000001,1058.6000000000001
R006,CNO,T2_SD_CNO,2026_06_22_merged.mat,SAMPLE,1,21174,8175,408.70000000000005,1058.65
R006,CNO,T2_SD_CNO,2026_06_22_merged.mat,SAMPLE,1,21175,8176,408.7500000000001,1058.7000000000003
R006,CNO,T2_SD_CNO,2026_06_22_merged.mat,SAMPLE,1,21176,8177,408.80000000000007,1058.75
R006,CNO,T2_SD_CNO,2026_06_22_merged.mat,SAMPLE,1,21181,8182,409.05000000000007,1059.0
R006,CNO,T2_SD_CNO,2026_06_22_merged.mat,SAMPLE,1,21199,8200,409.95000000000005,1059.9
R006,CNO,T2_SD_CNO,2026_06_22_merged.mat,SAMPLE,1,21202,8203,410.1000000000001,1060.0500000000002
R006,CNO,T2_SD_CNO,2026_06_22_merged.mat,SAMPLE,1,21203,8204,410.1500000000001,1060.1000000000001
R006,CNO,T2_SD_CNO,2026_06_22_merged.mat,SAMPLE,1,21204,8205,410.20000000000005,1060.15
R006,CNO,T2_SD_CNO,2026_06_22_merged.mat,SAMPLE,1,21205,8206,410.2500000000001,1060.2000000000003
R006,CNO,T2_SD_CNO,2026_06_22_merged.mat,SAMPLE,1,21206,8207,410.30000000000007,1060.25
R006,CNO,T2_SD_CNO,2026_06_22_merged.mat,SAMPLE,1,21218,8219,410.9000000000001,1060.8500000000001
R006,CNO,T2_SD_CNO,2026_06_22_merged.mat,SAMPLE,1,21227,8228,411.3500000000001,1061.3000000000002
R006,CNO,T2_SD_CNO,2026_06_22_merged.mat,SAMPLE,1,21228,8229,411.4000000000001,1061.3500000000001
R006,CNO,T2_SD_CNO,2026_06_22_merged.mat,SAMPLE,1,21229,8230,411.45000000000005,1061.4
R006,CNO,T2_SD_CNO,2026_06_22_merged.mat,SAMPLE,1,21230,8231,411.5000000000001,1061.4500000000003
R006,CNO,T2_SD_CNO,2026_06_22_merged.mat,SAMPLE,1,21231,8232,411.55000000000007,1061.5
R006,CNO,T2_SD_CNO,2026_06_22_merged.mat,SAMPLE,1,21241,8242,412.05000000000007,1062.0
R006,CNO,T2_SD_CNO,2026_06_22_merged.mat,SAMPLE,1,21242,8243,412.1000000000001,1062.0500000000002
R006,CNO,T2_SD_CNO,2026_06_22_merged.mat,SAMPLE,1,21262,8263,413.1000000000001,1063.0500000000002
R006,CNO,T2_SD_CNO,2026_06_22_merged.mat,SAMPLE,1,21263,8264,413.1500000000001,1063.1000000000001
R006,CNO,T2_SD_CNO,2026_06_22_merged.mat,SAMPLE,1,21264,8265,413.20000000000005,1063.15
R006,CNO,T2_SD_CNO,2026_06_22_merged.mat,SAMPLE,1,21272,8273,413.6000000000001,1063.5500000000002
R006,CNO,T2_SD_CNO,2026_06_22_merged.mat,SAMPLE,1,21273,8274,413.6500000000001,1063.6000000000001
R006,CNO,T2_SD_CNO,2026_06_22_merged.mat,SAMPLE,1,21274,8275,413.70000000000005,1063.65
R006,CNO,T2_SD_CNO,2026_06_22_merged.mat,SAMPLE,1,21275,8276,413.7500000000001,1063.7000000000003
R006,CNO,T2_SD_CNO,2026_06_22_merged.mat,SAMPLE,1,21276,8277,413.80000000000007,1063.75
R006,CNO,T2_SD_CNO,2026_06_22_merged.mat,SAMPLE,1,21290,8291,414.5000000000001,1064.4500000000003
R006,CNO,T2_SD_CNO,2026_06_22_merged.mat,SAMPLE,1,21291,8292,414.55000000000007,1064.5
R006,CNO,T2_SD_CNO,2026_06_22_merged.mat,SAMPLE,1,21292,8293,414.6000000000001,1064.5500000000002
R006,CNO,T2_SD_CNO,2026_06_22_merged.mat,SAMPLE,1,21351,8352,417.55000000000007,1067.5
R006,CNO,T2_SD_CNO,2026_06_22_merged.mat,SAMPLE,1,21352,8353,417.6000000000001,1067.5500000000002
R006,CNO,T2_SD_CNO,2026_06_22_merged.mat,SAMPLE,1,21353,8354,417.6500000000001,1067.6000000000001
R006,CNO,T2_SD_CNO,2026_06_22_merged.mat,SAMPLE,1,21354,8355,417.70000000000005,1067.65
R006,CNO,T2_SD_CNO,2026_06_22_merged.mat,SAMPLE,1,21355,8356,417.7500000000001,1067.7000000000003
R006,CNO,T2_SD_CNO,2026_06_22_merged.mat,SAMPLE,1,21356,8357,417.80000000000007,1067.75
R006,CNO,T2_SD_CNO,2026_06_22_merged.mat,SAMPLE,1,21364,8365,418.20000000000005,1068.15
R006,CNO,T2_SD_CNO,2026_06_22_merged.mat,SAMPLE,1,21365,8366,418.2500000000001,1068.2000000000003
R006,CNO,T2_SD_CNO,2026_06_22_merged.mat,SAMPLE,1,21366,8367,418.30000000000007,1068.25
R006,CNO,T2_SD_CNO,2026_06_22_merged.mat,SAMPLE,1,21367,8368,418.3500000000001,1068.3000000000002
R006,CNO,T2_SD_CNO,2026_06_22_merged.mat,SAMPLE,1,21368,8369,418.4000000000001,1068.3500000000001
R006,CNO,T2_SD_CNO,2026_06_22_merged.mat,SAMPLE,1,21369,8370,418.45000000000005,1068.4
R006,CNO,T2_SD_CNO,2026_06_22_merged.mat,SAMPLE,1,21370,8371,418.5000000000001,1068.4500000000003
R006,CNO,T2_SD_CNO,2026_06_22_merged.mat,SAMPLE,1,21373,8374,418.6500000000001,1068.6000000000001
R006,CNO,T2_SD_CNO,2026_06_22_merged.mat,SAMPLE,1,21374,8375,418.70000000000005,1068.65
R006,CNO,T2_SD_CNO,2026_06_22_merged.mat,SAMPLE,1,21375,8376,418.7500000000001,1068.7000000000003
R006,CNO,T2_SD_CNO,2026_06_22_merged.mat,SAMPLE,1,21376,8377,418.80000000000007,1068.75
R006,CNO,T2_SD_CNO,2026_06_22_merged.mat,SAMPLE,2,21402,8403,420.1000000000001,1070.0500000000002
R006,CNO,T2_SD_CNO,2026_06_22_merged.mat,SAMPLE,2,21403,8404,420.1500000000001,1070.1000000000001
R006,CNO,T2_SD_CNO,2026_06_22_merged.mat,SAMPLE,2,21404,8405,420.20000000000005,1070.15
R006,CNO,T2_SD_CNO,2026_06_22_merged.mat,SAMPLE,2,21405,8406,420.2500000000001,1070.2000000000003
R006,CNO,T2_SD_CNO,2026_06_22_merged.mat,SAMPLE,2,21413,8414,420.6500000000001,1070.6000000000001
R006,CNO,T2_SD_CNO,2026_06_22_merged.mat,SAMPLE,2,21414,8415,420.70000000000005,1070.65
R006,CNO,T2_SD_CNO,2026_06_22_merged.mat,SAMPLE,2,21415,8416,420.7500000000001,1070.7000000000003
R006,CNO,T2_SD_CNO,2026_06_22_merged.mat,SAMPLE,2,21416,8417,420.80000000000007,1070.75
R006,CNO,T2_SD_CNO,2026_06_22_merged.mat,SAMPLE,1,21430,8431,421.5000000000001,1071.4500000000003
R006,CNO,T2_SD_CNO,2026_06_22_merged.mat,SAMPLE,1,21431,8432,421.55000000000007,1071.5
R006,CNO,T2_SD_CNO,2026_06_22_merged.mat,SAMPLE,1,21432,8433,421.6000000000001,1071.5500000000002
R006,CNO,T2_SD_CNO,2026_06_22_merged.mat,SAMPLE,1,21450,8451,422.5000000000001,1072.4500000000003
R006,CNO,T2_SD_CNO,2026_06_22_merged.mat,SAMPLE,1,21451,8452,422.55000000000007,1072.5
R006,CNO,T2_SD_CNO,2026_06_22_merged.mat,SAMPLE,1,21452,8453,422.6000000000001,1072.5500000000002
R006,CNO,T2_SD_CNO,2026_06_22_merged.mat,SAMPLE,1,21453,8454,422.6500000000001,1072.6000000000001
R006,CNO,T2_SD_CNO,2026_06_22_merged.mat,SAMPLE,1,21454,8455,422.70000000000005,1072.65
R006,CNO,T2_SD_CNO,2026_06_22_merged.mat,SAMPLE,1,21455,8456,422.7500000000001,1072.7000000000003
R006,CNO,T2_SD_CNO,2026_06_22_merged.mat,SAMPLE,1,21456,8457,422.80000000000007,1072.75
R006,CNO,T2_SD_CNO,2026_06_22_merged.mat,SAMPLE,1,21463,8464,423.1500000000001,1073.1000000000001
R006,CNO,T2_SD_CNO,2026_06_22_merged.mat,SAMPLE,1,21465,8466,423.2500000000001,1073.2000000000003
R006,CNO,T2_SD_CNO,2026_06_22_merged.mat,SAMPLE,1,21466,8467,423.30000000000007,1073.25
R006,CNO,T2_SD_CNO,2026_06_22_merged.mat,SAMPLE,1,21467,8468,423.3500000000001,1073.3000000000002
R006,CNO,T2_SD_CNO,2026_06_22_merged.mat,SAMPLE,1,21468,8469,423.4000000000001,1073.3500000000001
R006,CNO,T2_SD_CNO,2026_06_22_merged.mat,SAMPLE,1,21469,8470,423.45000000000005,1073.4
R006,CNO,T2_SD_CNO,2026_06_22_merged.mat,SAMPLE,1,21498,8499,424.9000000000001,1074.8500000000001
R006,CNO,T2_SD_CNO,2026_06_22_merged.mat,SAMPLE,1,21499,8500,424.95000000000005,1074.9
R006,CNO,T2_SD_CNO,2026_06_22_merged.mat,SAMPLE,1,21500,8501,425.0000000000001,1074.9500000000003
R006,CNO,T2_SD_CNO,2026_06_22_merged.mat,SAMPLE,1,21501,8502,425.05000000000007,1075.0
R006,CNO,T2_SD_CNO,2026_06_22_merged.mat,SAMPLE,1,21502,8503,425.1000000000001,1075.0500000000002
R006,CNO,T2_SD_CNO,2026_06_22_merged.mat,SAMPLE,1,21505,8506,425.2500000000001,1075.2000000000003
R006,CNO,T2_SD_CNO,2026_06_22_merged.mat,SAMPLE,1,21541,8542,427.05000000000007,1077.0
R006,CNO,T2_SD_CNO,2026_06_22_merged.mat,SAMPLE,1,21542,8543,427.1000000000001,1077.0500000000002
R006,CNO,T2_SD_CNO,2026_06_22_merged.mat,SAMPLE,1,21543,8544,427.1500000000001,1077.1000000000001
R006,CNO,T2_SD_CNO,2026_06_22_merged.mat,SAMPLE,1,21544,8545,427.20000000000005,1077.15
R006,CNO,T2_SD_CNO,2026_06_22_merged.mat,SAMPLE,1,21594,8595,429.70000000000005,1079.65
R006,CNO,T2_SD_CNO,2026_06_22_merged.mat,SAMPLE,1,21622,8623,431.1000000000001,1081.0500000000002
R006,CNO,T2_SD_CNO,2026_06_22_merged.mat,SAMPLE,2,21648,8649,432.4000000000001,1082.3500000000001
R006,CNO,T2_SD_CNO,2026_06_22_merged.mat,SAMPLE,2,21649,8650,432.45000000000005,1082.4
R006,CNO,T2_SD_CNO,2026_06_22_merged.mat,SAMPLE,1,21655,8656,432.7500000000001,1082.7000000000003
R006,CNO,T2_SD_CNO,2026_06_22_merged.mat,SAMPLE,1,21656,8657,432.80000000000007,1082.75
R006,CNO,T2_SD_CNO,2026_06_22_merged.mat,SAMPLE,1,21667,8668,433.3500000000001,1083.3000000000002
R006,CNO,T2_SD_CNO,2026_06_22_merged.mat,SAMPLE,1,21722,8723,436.1000000000001,1086.0500000000002
R006,CNO,T2_SD_CNO,2026_06_22_merged.mat,SAMPLE,1,21728,8729,436.4000000000001,1086.3500000000001
R006,CNO,T2_SD_CNO,2026_06_22_merged.mat,SAMPLE,1,21729,8730,436.45000000000005,1086.4
R006,CNO,T2_SD_CNO,2026_06_22_merged.mat,SAMPLE,1,21730,8731,436.5000000000001,1086.4500000000003
R006,CNO,T2_SD_CNO,2026_06_22_merged.mat,SAMPLE,1,21731,8732,436.55000000000007,1086.5
R006,CNO,T2_SD_CNO,2026_06_22_merged.mat,SAMPLE,1,21758,8759,437.9000000000001,1087.8500000000001
R006,CNO,T2_SD_CNO,2026_06_22_merged.mat,SAMPLE,1,21815,8816,440.7500000000001,1090.7000000000003
R006,CNO,T2_SD_CNO,2026_06_22_merged.mat,SAMPLE,1,21816,8817,440.80000000000007,1090.75
R006,CNO,T2_SD_CNO,2026_06_22_merged.mat,SAMPLE,1,21817,8818,440.8500000000001,1090.8000000000002
R006,CNO,T2_SD_CNO,2026_06_22_merged.mat,SAMPLE,1,21818,8819,440.9000000000001,1090.8500000000001
R006,CNO,T2_SD_CNO,2026_06_22_merged.mat,SAMPLE,1,21829,8830,441.45000000000005,1091.4
R006,CNO,T2_SD_CNO,2026_06_22_merged.mat,SAMPLE,1,21830,8831,441.5000000000001,1091.4500000000003
R006,CNO,T2_SD_CNO,2026_06_22_merged.mat,SAMPLE,1,21831,8832,441.55000000000007,1091.5
R006,CNO,T2_SD_CNO,2026_06_22_merged.mat,SAMPLE,1,21839,8840,441.95000000000005,1091.9
R006,CNO,T2_SD_CNO,2026_06_22_merged.mat,SAMPLE,1,21850,8851,442.5000000000001,1092.4500000000003
R006,CNO,T2_SD_CNO,2026_06_22_merged.mat,SAMPLE,1,21851,8852,442.55000000000007,1092.5
R006,CNO,T2_SD_CNO,2026_06_22_merged.mat,SAMPLE,1,21852,8853,442.6000000000001,1092.5500000000002
R006,CNO,T2_SD_CNO,2026_06_22_merged.mat,SAMPLE,2,21885,8886,444.2500000000001,1094.2000000000003
R006,CNO,T2_SD_CNO,2026_06_22_merged.mat,SAMPLE,2,21886,8887,444.30000000000007,1094.25
R006,CNO,T2_SD_CNO,2026_06_22_merged.mat,SAMPLE,2,21887,8888,444.3500000000001,1094.3000000000002
R006,CNO,T2_SD_CNO,2026_06_22_merged.mat,SAMPLE,2,21951,8952,447.55000000000007,1097.5
R006,CNO,T2_SD_CNO,2026_06_22_merged.mat,SAMPLE,2,21952,8953,447.6000000000001,1097.5500000000002
R006,CNO,T2_SD_CNO,2026_06_22_merged.mat,SAMPLE,1,21968,8969,448.4000000000001,1098.3500000000001
R006,CNO,T2_SD_CNO,2026_06_22_merged.mat,SAMPLE,2,21976,8977,448.80000000000007,1098.75
R006,CNO,T2_SD_CNO,2026_06_22_merged.mat,SAMPLE,2,21994,8995,449.70000000000005,1099.65
R006,CNO,T2_SD_CNO,2026_06_22_merged.mat,SAMPLE,2,22006,9007,450.30000000000007,1100.25
R006,CNO,T2_SD_CNO,2026_06_22_merged.mat,SAMPLE,2,22007,9008,450.3500000000001,1100.3000000000002
R006,CNO,T2_SD_CNO,2026_06_22_merged.mat,SAMPLE,2,22008,9009,450.4000000000001,1100.3500000000001
R006,CNO,T2_SD_CNO,2026_06_22_merged.mat,SAMPLE,1,22032,9033,451.6000000000001,1101.5500000000002
R006,CNO,T2_SD_CNO,2026_06_22_merged.mat,SAMPLE,1,22033,9034,451.6500000000001,1101.6000000000001
R006,CNO,T2_SD_CNO,2026_06_22_merged.mat,SAMPLE,1,22043,9044,452.1500000000001,1102.1000000000001
R006,CNO,T2_SD_CNO,2026_06_22_merged.mat,SAMPLE,2,22048,9049,452.4000000000001,1102.3500000000001
R006,CNO,T2_SD_CNO,2026_06_22_merged.mat,SAMPLE,2,22049,9050,452.45000000000005,1102.4
R006,CNO,T2_SD_CNO,2026_06_22_merged.mat,SAMPLE,2,22050,9051,452.5000000000001,1102.4500000000003
R006,CNO,T2_SD_CNO,2026_06_22_merged.mat,SAMPLE,2,22071,9072,453.55000000000007,1103.5
R006,CNO,T2_SD_CNO,2026_06_22_merged.mat,SAMPLE,2,22072,9073,453.6000000000001,1103.5500000000002
R006,CNO,T2_SD_CNO,2026_06_22_merged.mat,SAMPLE,2,22073,9074,453.6500000000001,1103.6000000000001
R006,CNO,T2_SD_CNO,2026_06_22_merged.mat,SAMPLE,1,22109,9110,455.45000000000005,1105.4
R006,CNO,T2_SD_CNO,2026_06_22_merged.mat,SAMPLE,1,22110,9111,455.5000000000001,1105.4500000000003
R006,CNO,T2_SD_CNO,2026_06_22_merged.mat,SAMPLE,1,22122,9123,456.1000000000001,1106.0500000000002
R006,CNO,T2_SD_CNO,2026_06_22_merged.mat,SAMPLE,1,22123,9124,456.1500000000001,1106.1000000000001
R006,CNO,T2_SD_CNO,2026_06_22_merged.mat,SAMPLE,1,22134,9135,456.70000000000005,1106.65
R006,CNO,T2_SD_CNO,2026_06_22_merged.mat,SAMPLE,1,22135,9136,456.7500000000001,1106.7000000000003
R006,CNO,T2_SD_CNO,2026_06_22_merged.mat,SAMPLE,1,22136,9137,456.80000000000007,1106.75
R006,CNO,T2_SD_CNO,2026_06_22_merged.mat,SAMPLE,1,22137,9138,456.8500000000001,1106.8000000000002
R006,CNO,T2_SD_CNO,2026_06_22_merged.mat,SAMPLE,1,22144,9145,457.20000000000005,1107.15
R006,CNO,T2_SD_CNO,2026_06_22_merged.mat,SAMPLE,1,22146,9147,457.30000000000007,1107.25
R006,CNO,T2_SD_CNO,2026_06_22_merged.mat,SAMPLE,1,22147,9148,457.3500000000001,1107.3000000000002
R006,CNO,T2_SD_CNO,2026_06_22_merged.mat,SAMPLE,1,22148,9149,457.4000000000001,1107.3500000000001
R006,CNO,T2_SD_CNO,2026_06_22_merged.mat,SAMPLE,1,22157,9158,457.8500000000001,1107.8000000000002
R006,CNO,T2_SD_CNO,2026_06_22_merged.mat,SAMPLE,1,22195,9196,459.7500000000001,1109.7000000000003
R006,CNO,T2_SD_CNO,2026_06_22_merged.mat,SAMPLE,1,22196,9197,459.80000000000007,1109.75
R006,CNO,T2_SD_CNO,2026_06_22_merged.mat,SAMPLE,2,22203,9204,460.1500000000001,1110.1000000000001
R006,CNO,T2_SD_CNO,2026_06_22_merged.mat,SAMPLE,1,22207,9208,460.3500000000001,1110.3000000000002
R006,CNO,T2_SD_CNO,2026_06_22_merged.mat,SAMPLE,2,22213,9214,460.6500000000001,1110.6000000000001
R006,CNO,T2_SD_CNO,2026_06_22_merged.mat,SAMPLE,2,22214,9215,460.70000000000005,1110.65
R006,CNO,T2_SD_CNO,2026_06_22_merged.mat,SAMPLE,2,22215,9216,460.7500000000001,1110.7000000000003
R006,CNO,T2_SD_CNO,2026_06_22_merged.mat,SAMPLE,1,22221,9222,461.05000000000007,1111.0
R006,CNO,T2_SD_CNO,2026_06_22_merged.mat,SAMPLE,1,22222,9223,461.1000000000001,1111.0500000000002
R006,CNO,T2_SD_CNO,2026_06_22_merged.mat,SAMPLE,1,22223,9224,461.1500000000001,1111.1000000000001
R006,CNO,T2_SD_CNO,2026_06_22_merged.mat,SAMPLE,1,22224,9225,461.20000000000005,1111.15
R006,CNO,T2_SD_CNO,2026_06_22_merged.mat,SAMPLE,1,22225,9226,461.2500000000001,1111.2000000000003
R006,CNO,T2_SD_CNO,2026_06_22_merged.mat,SAMPLE,1,22244,9245,462.20000000000005,1112.15
R006,CNO,T2_SD_CNO,2026_06_22_merged.mat,SAMPLE,1,22245,9246,462.2500000000001,1112.2000000000003
R006,CNO,T2_SD_CNO,2026_06_22_merged.mat,SAMPLE,1,22246,9247,462.30000000000007,1112.25
R006,CNO,T2_SD_CNO,2026_06_22_merged.mat,SAMPLE,1,22294,9295,464.70000000000005,1114.65
R006,CNO,T2_SD_CNO,2026_06_22_merged.mat,SAMPLE,1,22295,9296,464.7500000000001,1114.7000000000003
R006,CNO,T2_SD_CNO,2026_06_22_merged.mat,SAMPLE,1,22297,9298,464.8500000000001,1114.8000000000002
R006,CNO,T2_SD_CNO,2026_06_22_merged.mat,SAMPLE,1,22307,9308,465.3500000000001,1115.3000000000002
R006,CNO,T2_SD_CNO,2026_06_22_merged.mat,SAMPLE,1,22308,9309,465.4000000000001,1115.3500000000001
R006,CNO,T2_SD_CNO,2026_06_22_merged.mat,SAMPLE,1,22318,9319,465.9000000000001,1115.8500000000001
R006,CNO,T2_SD_CNO,2026_06_22_merged.mat,SAMPLE,1,22319,9320,465.95000000000005,1115.9
R006,CNO,T2_SD_CNO,2026_06_22_merged.mat,SAMPLE,2,22326,9327,466.30000000000007,1116.25
R006,CNO,T2_SD_CNO,2026_06_22_merged.mat,SAMPLE,2,22327,9328,466.3500000000001,1116.3000000000002
R006,CNO,T2_SD_CNO,2026_06_22_merged.mat,SAMPLE,1,22334,9335,466.70000000000005,1116.65
R006,CNO,T2_SD_CNO,2026_06_22_merged.mat,SAMPLE,1,22335,9336,466.7500000000001,1116.7000000000003
R006,CNO,T2_SD_CNO,2026_06_22_merged.mat,SAMPLE,1,22345,9346,467.2500000000001,1117.2000000000003
R006,CNO,T2_SD_CNO,2026_06_22_merged.mat,SAMPLE,1,22346,9347,467.30000000000007,1117.25
R006,CNO,T2_SD_CNO,2026_06_22_merged.mat,SAMPLE,2,22351,9352,467.55000000000007,1117.5
R006,CNO,T2_SD_CNO,2026_06_22_merged.mat,SAMPLE,2,22352,9353,467.6000000000001,1117.5500000000002
R006,CNO,T2_SD_CNO,2026_06_22_merged.mat,SAMPLE,2,22353,9354,467.6500000000001,1117.6000000000001
R006,CNO,T2_SD_CNO,2026_06_22_merged.mat,SAMPLE,1,22369,9370,468.45000000000005,1118.4
R006,CNO,T2_SD_CNO,2026_06_22_merged.mat,SAMPLE,1,22370,9371,468.5000000000001,1118.4500000000003
R006,CNO,T2_SD_CNO,2026_06_22_merged.mat,SAMPLE,1,22371,9372,468.55000000000007,1118.5
R006,CNO,T2_SD_CNO,2026_06_22_merged.mat,SAMPLE,1,22372,9373,468.6000000000001,1118.5500000000002
R006,CNO,T2_SD_CNO,2026_06_22_merged.mat,SAMPLE,1,22380,9381,469.0000000000001,1118.9500000000003
R006,CNO,T2_SD_CNO,2026_06_22_merged.mat,SAMPLE,1,22381,9382,469.05000000000007,1119.0
R006,CNO,T2_SD_CNO,2026_06_22_merged.mat,SAMPLE,1,22382,9383,469.1000000000001,1119.0500000000002
R006,CNO,T2_SD_CNO,2026_06_22_merged.mat,SAMPLE,1,22399,9400,469.95000000000005,1119.9
R006,CNO,T2_SD_CNO,2026_06_22_merged.mat,SAMPLE,2,22414,9415,470.70000000000005,1120.65
R006,CNO,T2_SD_CNO,2026_06_22_merged.mat,SAMPLE,2,22415,9416,470.7500000000001,1120.7000000000003
R006,CNO,T2_SD_CNO,2026_06_22_merged.mat,SAMPLE,2,22416,9417,470.80000000000007,1120.75
R006,CNO,T2_SD_CNO,2026_06_22_merged.mat,SAMPLE,2,22417,9418,470.8500000000001,1120.8000000000002
R006,CNO,T2_SD_CNO,2026_06_22_merged.mat,SAMPLE,2,22418,9419,470.9000000000001,1120.8500000000001
R006,CNO,T2_SD_CNO,2026_06_22_merged.mat,SAMPLE,1,22425,9426,471.2500000000001,1121.2000000000003
R006,CNO,T2_SD_CNO,2026_06_22_merged.mat,SAMPLE,1,22426,9427,471.30000000000007,1121.25
R006,CNO,T2_SD_CNO,2026_06_22_merged.mat,SAMPLE,1,22427,9428,471.3500000000001,1121.3000000000002
R006,CNO,T2_SD_CNO,2026_06_22_merged.mat,SAMPLE,1,22436,9437,471.80000000000007,1121.75
R006,CNO,T2_SD_CNO,2026_06_22_merged.mat,SAMPLE,1,22437,9438,471.8500000000001,1121.8000000000002
R006,CNO,T2_SD_CNO,2026_06_22_merged.mat,SAMPLE,1,22438,9439,471.9000000000001,1121.8500000000001
R006,CNO,T2_SD_CNO,2026_06_22_merged.mat,SAMPLE,1,22439,9440,471.95000000000005,1121.9
R006,CNO,T2_SD_CNO,2026_06_22_merged.mat,SAMPLE,1,22440,9441,472.0000000000001,1121.9500000000003
R006,CNO,T2_SD_CNO,2026_06_22_merged.mat,SAMPLE,1,22449,9450,472.45000000000005,1122.4
R006,CNO,T2_SD_CNO,2026_06_22_merged.mat,SAMPLE,1,22450,9451,472.5000000000001,1122.4500000000003
R006,CNO,T2_SD_CNO,2026_06_22_merged.mat,SAMPLE,1,22451,9452,472.55000000000007,1122.5
R006,CNO,T2_SD_CNO,2026_06_22_merged.mat,SAMPLE,1,22452,9453,472.6000000000001,1122.5500000000002
R006,CNO,T2_SD_CNO,2026_06_22_merged.mat,SAMPLE,2,22457,9458,472.8500000000001,1122.8000000000002
R006,CNO,T2_SD_CNO,2026_06_22_merged.mat,SAMPLE,1,22484,9485,474.20000000000005,1124.15
R006,CNO,T2_SD_CNO,2026_06_22_merged.mat,SAMPLE,1,22498,9499,474.9000000000001,1124.8500000000001
R006,CNO,T2_SD_CNO,2026_06_22_merged.mat,SAMPLE,1,22499,9500,474.95000000000005,1124.9
R006,CNO,T2_SD_CNO,2026_06_22_merged.mat,SAMPLE,1,22500,9501,475.0000000000001,1124.9500000000003
R006,CNO,T2_SD_CNO,2026_06_22_merged.mat,SAMPLE,1,22501,9502,475.05000000000007,1125.0
R006,CNO,T2_SD_CNO,2026_06_22_merged.mat,SAMPLE,1,22502,9503,475.1000000000001,1125.0500000000002
R006,CNO,T2_SD_CNO,2026_06_22_merged.mat,SAMPLE,1,22503,9504,475.1500000000001,1125.1000000000001
R006,CNO,T2_SD_CNO,2026_06_22_merged.mat,SAMPLE,1,22504,9505,475.20000000000005,1125.15
R006,CNO,T2_SD_CNO,2026_06_22_merged.mat,SAMPLE,2,22509,9510,475.45000000000005,1125.4
R006,CNO,T2_SD_CNO,2026_06_22_merged.mat,SAMPLE,1,22520,9521,476.0000000000001,1125.9500000000003
R006,CNO,T2_SD_CNO,2026_06_22_merged.mat,SAMPLE,1,22521,9522,476.05000000000007,1126.0
R006,CNO,T2_SD_CNO,2026_06_22_merged.mat,SAMPLE,1,22522,9523,476.1000000000001,1126.0500000000002
R006,CNO,T2_SD_CNO,2026_06_22_merged.mat,SAMPLE,2,22528,9529,476.4000000000001,1126.3500000000001
R006,CNO,T2_SD_CNO,2026_06_22_merged.mat,SAMPLE,2,22529,9530,476.45000000000005,1126.4
R006,CNO,T2_SD_CNO,2026_06_22_merged.mat,SAMPLE,1,22535,9536,476.7500000000001,1126.7000000000003
R006,CNO,T2_SD_CNO,2026_06_22_merged.mat,SAMPLE,1,22536,9537,476.80000000000007,1126.75
R006,CNO,T2_SD_CNO,2026_06_22_merged.mat,SAMPLE,1,22537,9538,476.8500000000001,1126.8000000000002
R006,CNO,T2_SD_CNO,2026_06_22_merged.mat,SAMPLE,1,22538,9539,476.9000000000001,1126.8500000000001
R006,CNO,T2_SD_CNO,2026_06_22_merged.mat,SAMPLE,1,22546,9547,477.30000000000007,1127.25
R006,CNO,T2_SD_CNO,2026_06_22_merged.mat,SAMPLE,1,22560,9561,478.0000000000001,1127.9500000000003
R006,CNO,T2_SD_CNO,2026_06_22_merged.mat,SAMPLE,1,22572,9573,478.6000000000001,1128.5500000000002
R006,CNO,T2_SD_CNO,2026_06_22_merged.mat,SAMPLE,1,22573,9574,478.6500000000001,1128.6000000000001
R006,CNO,T2_SD_CNO,2026_06_22_merged.mat,SAMPLE,1,22574,9575,478.70000000000005,1128.65
R006,CNO,T2_SD_CNO,2026_06_22_merged.mat,SAMPLE,1,22583,9584,479.1500000000001,1129.1000000000001
R006,CNO,T2_SD_CNO,2026_06_22_merged.mat,SAMPLE,1,22584,9585,479.20000000000005,1129.15
R006,CNO,T2_SD_CNO,2026_06_22_merged.mat,SAMPLE,1,22585,9586,479.2500000000001,1129.2000000000003
R006,CNO,T2_SD_CNO,2026_06_22_merged.mat,SAMPLE,1,22586,9587,479.30000000000007,1129.25
R006,CNO,T2_SD_CNO,2026_06_22_merged.mat,SAMPLE,1,22587,9588,479.3500000000001,1129.3000000000002
R006,CNO,T2_SD_CNO,2026_06_22_merged.mat,SAMPLE,1,22588,9589,479.4000000000001,1129.3500000000001
R006,CNO,T2_SD_CNO,2026_06_22_merged.mat,SAMPLE,1,22589,9590,479.45000000000005,1129.4
R006,CNO,T2_SD_CNO,2026_06_22_merged.mat,SAMPLE,1,22590,9591,479.5000000000001,1129.4500000000003
R006,CNO,T2_SD_CNO,2026_06_22_merged.mat,SAMPLE,1,22591,9592,479.55000000000007,1129.5
R006,CNO,T2_SD_CNO,2026_06_22_merged.mat,SAMPLE,1,22592,9593,479.6000000000001,1129.5500000000002
R006,CNO,T2_SD_CNO,2026_06_22_merged.mat,SAMPLE,1,22594,9595,479.70000000000005,1129.65
R006,CNO,T2_SD_CNO,2026_06_22_merged.mat,SAMPLE,1,22605,9606,480.2500000000001,1130.2000000000003
R006,CNO,T2_SD_CNO,2026_06_22_merged.mat,SAMPLE,1,22606,9607,480.30000000000007,1130.25
R006,CNO,T2_SD_CNO,2026_06_22_merged.mat,SAMPLE,2,22621,9622,481.05000000000007,1131.0
R006,CNO,T2_SD_CNO,2026_06_22_merged.mat,SAMPLE,2,22622,9623,481.1000000000001,1131.0500000000002
R006,CNO,T2_SD_CNO,2026_06_22_merged.mat,SAMPLE,2,22623,9624,481.1500000000001,1131.1000000000001
R006,CNO,T2_SD_CNO,2026_06_22_merged.mat,SAMPLE,2,22624,9625,481.20000000000005,1131.15
R006,CNO,T2_SD_CNO,2026_06_22_merged.mat,SAMPLE,2,22636,9637,481.80000000000007,1131.75
R006,CNO,T2_SD_CNO,2026_06_22_merged.mat,SAMPLE,2,22637,9638,481.8500000000001,1131.8000000000002
R006,CNO,T2_SD_CNO,2026_06_22_merged.mat,SAMPLE,1,22646,9647,482.30000000000007,1132.25
R006,CNO,T2_SD_CNO,2026_06_22_merged.mat,SAMPLE,1,22647,9648,482.3500000000001,1132.3000000000002
R006,CNO,T2_SD_CNO,2026_06_22_merged.mat,SAMPLE,1,22648,9649,482.4000000000001,1132.3500000000001
R006,CNO,T2_SD_CNO,2026_06_22_merged.mat,SAMPLE,1,22649,9650,482.45000000000005,1132.4
R006,CNO,T2_SD_CNO,2026_06_22_merged.mat,SAMPLE,1,22650,9651,482.5000000000001,1132.4500000000003
R006,CNO,T2_SD_CNO,2026_06_22_merged.mat,SAMPLE,1,22651,9652,482.55000000000007,1132.5
R006,CNO,T2_SD_CNO,2026_06_22_merged.mat,SAMPLE,1,22652,9653,482.6000000000001,1132.5500000000002
R006,CNO,T2_SD_CNO,2026_06_22_merged.mat,SAMPLE,1,22653,9654,482.6500000000001,1132.6000000000001
R006,CNO,T2_SD_CNO,2026_06_22_merged.mat,SAMPLE,1,22654,9655,482.70000000000005,1132.65
R006,CNO,T2_SD_CNO,2026_06_22_merged.mat,SAMPLE,1,22655,9656,482.7500000000001,1132.7000000000003
R006,CNO,T2_SD_CNO,2026_06_22_merged.mat,SAMPLE,1,22666,9667,483.30000000000007,1133.25
R006,CNO,T2_SD_CNO,2026_06_22_merged.mat,SAMPLE,1,22677,9678,483.8500000000001,1133.8000000000002
R006,CNO,T2_SD_CNO,2026_06_22_merged.mat,SAMPLE,1,22678,9679,483.9000000000001,1133.8500000000001
R006,CNO,T2_SD_CNO,2026_06_22_merged.mat,SAMPLE,1,22679,9680,483.95000000000005,1133.9
R006,CNO,T2_SD_CNO,2026_06_22_merged.mat,SAMPLE,1,22680,9681,484.0000000000001,1133.9500000000003
R006,CNO,T2_SD_CNO,2026_06_22_merged.mat,SAMPLE,1,22681,9682,484.05000000000007,1134.0
R006,CNO,T2_SD_CNO,2026_06_22_merged.mat,SAMPLE,1,22682,9683,484.1000000000001,1134.0500000000002
R006,CNO,T2_SD_CNO,2026_06_22_merged.mat,SAMPLE,1,22683,9684,484.1500000000001,1134.1000000000001
R006,CNO,T2_SD_CNO,2026_06_22_merged.mat,SAMPLE,1,22684,9685,484.20000000000005,1134.15
R006,CNO,T2_SD_CNO,2026_06_22_merged.mat,SAMPLE,1,22685,9686,484.2500000000001,1134.2000000000003
R006,CNO,T2_SD_CNO,2026_06_22_merged.mat,SAMPLE,1,22686,9687,484.30000000000007,1134.25
R006,CNO,T2_SD_CNO,2026_06_22_merged.mat,SAMPLE,1,22687,9688,484.3500000000001,1134.3000000000002
R006,CNO,T2_SD_CNO,2026_06_22_merged.mat,SAMPLE,1,22688,9689,484.4000000000001,1134.3500000000001
R006,CNO,T2_SD_CNO,2026_06_22_merged.mat,SAMPLE,1,22689,9690,484.45000000000005,1134.4
R006,CNO,T2_SD_CNO,2026_06_22_merged.mat,SAMPLE,1,22690,9691,484.5000000000001,1134.4500000000003
R006,CNO,T2_SD_CNO,2026_06_22_merged.mat,SAMPLE,1,22699,9700,484.95000000000005,1134.9
R006,CNO,T2_SD_CNO,2026_06_22_merged.mat,SAMPLE,1,22700,9701,485.0000000000001,1134.9500000000003
R006,CNO,T2_SD_CNO,2026_06_22_merged.mat,SAMPLE,1,22701,9702,485.05000000000007,1135.0
R006,CNO,T2_SD_CNO,2026_06_22_merged.mat,SAMPLE,1,22702,9703,485.1000000000001,1135.0500000000002
R006,CNO,T2_SD_CNO,2026_06_22_merged.mat,SAMPLE,1,22714,9715,485.70000000000005,1135.65
R006,CNO,T2_SD_CNO,2026_06_22_merged.mat,SAMPLE,1,22715,9716,485.7500000000001,1135.7000000000003
R006,CNO,T2_SD_CNO,2026_06_22_merged.mat,SAMPLE,1,22716,9717,485.80000000000007,1135.75
R006,CNO,T2_SD_CNO,2026_06_22_merged.mat,SAMPLE,1,22717,9718,485.8500000000001,1135.8000000000002
R006,CNO,T2_SD_CNO,2026_06_22_merged.mat,SAMPLE,1,22718,9719,485.9000000000001,1135.8500000000001
R006,CNO,T2_SD_CNO,2026_06_22_merged.mat,SAMPLE,1,22719,9720,485.95000000000005,1135.9
R006,CNO,T2_SD_CNO,2026_06_22_merged.mat,SAMPLE,1,22720,9721,486.0000000000001,1135.9500000000003
R006,CNO,T2_SD_CNO,2026_06_22_merged.mat,SAMPLE,1,22721,9722,486.05000000000007,1136.0
R006,CNO,T2_SD_CNO,2026_06_22_merged.mat,SAMPLE,1,22732,9733,486.6000000000001,1136.5500000000002
R006,CNO,T2_SD_CNO,2026_06_22_merged.mat,SAMPLE,1,22733,9734,486.6500000000001,1136.6000000000001
R006,CNO,T2_SD_CNO,2026_06_22_merged.mat,SAMPLE,1,22734,9735,486.70000000000005,1136.65
R006,CNO,T2_SD_CNO,2026_06_22_merged.mat,SAMPLE,1,22735,9736,486.7500000000001,1136.7000000000003
R006,CNO,T2_SD_CNO,2026_06_22_merged.mat,SAMPLE,1,22736,9737,486.80000000000007,1136.75
R006,CNO,T2_SD_CNO,2026_06_22_merged.mat,SAMPLE,1,22737,9738,486.8500000000001,1136.8000000000002
R006,CNO,T2_SD_CNO,2026_06_22_merged.mat,SAMPLE,1,22738,9739,486.9000000000001,1136.8500000000001
R006,CNO,T2_SD_CNO,2026_06_22_merged.mat,SAMPLE,1,22742,9743,487.1000000000001,1137.0500000000002
R006,CNO,T2_SD_CNO,2026_06_22_merged.mat,SAMPLE,1,22759,9760,487.95000000000005,1137.9
R006,CNO,T2_SD_CNO,2026_06_22_merged.mat,SAMPLE,1,22760,9761,488.0000000000001,1137.9500000000003
R006,CNO,T2_SD_CNO,2026_06_22_merged.mat,SAMPLE,1,22761,9762,488.05000000000007,1138.0
R006,CNO,T2_SD_CNO,2026_06_22_merged.mat,SAMPLE,1,22762,9763,488.1000000000001,1138.0500000000002
R006,CNO,T2_SD_CNO,2026_06_22_merged.mat,SAMPLE,1,22763,9764,488.1500000000001,1138.1000000000001
R006,CNO,T2_SD_CNO,2026_06_22_merged.mat,SAMPLE,1,22764,9765,488.20000000000005,1138.15
R006,CNO,T2_SD_CNO,2026_06_22_merged.mat,SAMPLE,1,22765,9766,488.2500000000001,1138.2000000000003
R006,CNO,T2_SD_CNO,2026_06_22_merged.mat,SAMPLE,1,22777,9778,488.8500000000001,1138.8000000000002
R006,CNO,T2_SD_CNO,2026_06_22_merged.mat,SAMPLE,1,22778,9779,488.9000000000001,1138.8500000000001
R006,CNO,T2_SD_CNO,2026_06_22_merged.mat,SAMPLE,1,22779,9780,488.95000000000005,1138.9
R006,CNO,T2_SD_CNO,2026_06_22_merged.mat,SAMPLE,1,22780,9781,489.0000000000001,1138.9500000000003
R006,CNO,T2_SD_CNO,2026_06_22_merged.mat,SAMPLE,1,22781,9782,489.05000000000007,1139.0
R006,CNO,T2_SD_CNO,2026_06_22_merged.mat,SAMPLE,1,22782,9783,489.1000000000001,1139.0500000000002
R006,CNO,T2_SD_CNO,2026_06_22_merged.mat,SAMPLE,1,22783,9784,489.1500000000001,1139.1000000000001
R006,CNO,T2_SD_CNO,2026_06_22_merged.mat,SAMPLE,1,22789,9790,489.45000000000005,1139.4
R006,CNO,T2_SD_CNO,2026_06_22_merged.mat,SAMPLE,1,22790,9791,489.5000000000001,1139.4500000000003
R006,CNO,T2_SD_CNO,2026_06_22_merged.mat,SAMPLE,1,22791,9792,489.55000000000007,1139.5
R006,CNO,T2_SD_CNO,2026_06_22_merged.mat,SAMPLE,1,22794,9795,489.70000000000005,1139.65
R006,CNO,T2_SD_CNO,2026_06_22_merged.mat,SAMPLE,1,22795,9796,489.7500000000001,1139.7000000000003
R006,CNO,T2_SD_CNO,2026_06_22_merged.mat,SAMPLE,1,22796,9797,489.80000000000007,1139.75
R006,CNO,T2_SD_CNO,2026_06_22_merged.mat,SAMPLE,1,22797,9798,489.8500000000001,1139.8000000000002
R006,CNO,T2_SD_CNO,2026_06_22_merged.mat,SAMPLE,1,22798,9799,489.9000000000001,1139.8500000000001
R006,CNO,T2_SD_CNO,2026_06_22_merged.mat,SAMPLE,1,22799,9800,489.95000000000005,1139.9
R006,CNO,T2_SD_CNO,2026_06_22_merged.mat,SAMPLE,1,22801,9802,490.05000000000007,1140.0
R006,CNO,T2_SD_CNO,2026_06_22_merged.mat,SAMPLE,1,22819,9820,490.95000000000005,1140.9
R006,CNO,T2_SD_CNO,2026_06_22_merged.mat,SAMPLE,1,22820,9821,491.0000000000001,1140.9500000000003
R006,CNO,T2_SD_CNO,2026_06_22_merged.mat,SAMPLE,1,22821,9822,491.05000000000007,1141.0
R006,CNO,T2_SD_CNO,2026_06_22_merged.mat,SAMPLE,1,22822,9823,491.1000000000001,1141.0500000000002
R006,CNO,T2_SD_CNO,2026_06_22_merged.mat,SAMPLE,1,22823,9824,491.1500000000001,1141.1000000000001
R006,CNO,T2_SD_CNO,2026_06_22_merged.mat,SAMPLE,1,22824,9825,491.20000000000005,1141.15
R006,CNO,T2_SD_CNO,2026_06_22_merged.mat,SAMPLE,1,22830,9831,491.5000000000001,1141.4500000000003
R006,CNO,T2_SD_CNO,2026_06_22_merged.mat,SAMPLE,1,22831,9832,491.55000000000007,1141.5
R006,CNO,T2_SD_CNO,2026_06_22_merged.mat,SAMPLE,1,22832,9833,491.6000000000001,1141.5500000000002
R006,CNO,T2_SD_CNO,2026_06_22_merged.mat,SAMPLE,2,22840,9841,492.0000000000001,1141.9500000000003
R006,CNO,T2_SD_CNO,2026_06_22_merged.mat,SAMPLE,1,22863,9864,493.1500000000001,1143.1000000000001
R006,CNO,T2_SD_CNO,2026_06_22_merged.mat,SAMPLE,1,22864,9865,493.20000000000005,1143.15
R006,CNO,T2_SD_CNO,2026_06_22_merged.mat,SAMPLE,1,22865,9866,493.2500000000001,1143.2000000000003
R006,CNO,T2_SD_CNO,2026_06_22_merged.mat,SAMPLE,1,22866,9867,493.30000000000007,1143.25
R006,CNO,T2_SD_CNO,2026_06_22_merged.mat,SAMPLE,1,22867,9868,493.3500000000001,1143.3000000000002
R006,CNO,T2_SD_CNO,2026_06_22_merged.mat,SAMPLE,1,22868,9869,493.4000000000001,1143.3500000000001
R006,CNO,T2_SD_CNO,2026_06_22_merged.mat,SAMPLE,2,22875,9876,493.7500000000001,1143.7000000000003
R006,CNO,T2_SD_CNO,2026_06_22_merged.mat,SAMPLE,1,22882,9883,494.1000000000001,1144.0500000000002
R006,CNO,T2_SD_CNO,2026_06_22_merged.mat,SAMPLE,1,22883,9884,494.1500000000001,1144.1000000000001
R006,CNO,T2_SD_CNO,2026_06_22_merged.mat,SAMPLE,1,22884,9885,494.20000000000005,1144.15
R006,CNO,T2_SD_CNO,2026_06_22_merged.mat,SAMPLE,1,22885,9886,494.2500000000001,1144.2000000000003
R006,CNO,T2_SD_CNO,2026_06_22_merged.mat,SAMPLE,1,22886,9887,494.30000000000007,1144.25
R006,CNO,T2_SD_CNO,2026_06_22_merged.mat,SAMPLE,1,22887,9888,494.3500000000001,1144.3000000000002
R006,CNO,T2_SD_CNO,2026_06_22_merged.mat,SAMPLE,2,22896,9897,494.80000000000007,1144.75
R006,CNO,T2_SD_CNO,2026_06_22_merged.mat,SAMPLE,2,22897,9898,494.8500000000001,1144.8000000000002
R006,CNO,T2_SD_CNO,2026_06_22_merged.mat,SAMPLE,2,22898,9899,494.9000000000001,1144.8500000000001
R006,CNO,T2_SD_CNO,2026_06_22_merged.mat,SAMPLE,2,22899,9900,494.95000000000005,1144.9
R006,CNO,T2_SD_CNO,2026_06_22_merged.mat,SAMPLE,2,22900,9901,495.0000000000001,1144.9500000000003
R006,CNO,T2_SD_CNO,2026_06_22_merged.mat,SAMPLE,1,22912,9913,495.6000000000001,1145.5500000000002
R006,CNO,T2_SD_CNO,2026_06_22_merged.mat,SAMPLE,1,22913,9914,495.6500000000001,1145.6000000000001
R006,CNO,T2_SD_CNO,2026_06_22_merged.mat,SAMPLE,1,22914,9915,495.70000000000005,1145.65
R006,CNO,T2_SD_CNO,2026_06_22_merged.mat,SAMPLE,1,22915,9916,495.7500000000001,1145.7000000000003
R006,CNO,T2_SD_CNO,2026_06_22_merged.mat,SAMPLE,1,22916,9917,495.80000000000007,1145.75
R006,CNO,T2_SD_CNO,2026_06_22_merged.mat,SAMPLE,1,22934,9935,496.70000000000005,1146.65
R006,CNO,T2_SD_CNO,2026_06_22_merged.mat,SAMPLE,1,22935,9936,496.7500000000001,1146.7000000000003
R006,CNO,T2_SD_CNO,2026_06_22_merged.mat,SAMPLE,1,22938,9939,496.9000000000001,1146.8500000000001
R006,CNO,T2_SD_CNO,2026_06_22_merged.mat,SAMPLE,1,22939,9940,496.95000000000005,1146.9
R006,CNO,T2_SD_CNO,2026_06_22_merged.mat,SAMPLE,1,22940,9941,497.0000000000001,1146.9500000000003
R006,CNO,T2_SD_CNO,2026_06_22_merged.mat,SAMPLE,1,22943,9944,497.1500000000001,1147.1000000000001
R006,CNO,T2_SD_CNO,2026_06_22_merged.mat,SAMPLE,1,22944,9945,497.20000000000005,1147.15
R006,CNO,T2_SD_CNO,2026_06_22_merged.mat,SAMPLE,1,22945,9946,497.2500000000001,1147.2000000000003
R006,CNO,T2_SD_CNO,2026_06_22_merged.mat,SAMPLE,2,22963,9964,498.1500000000001,1148.1000000000001
R006,CNO,T2_SD_CNO,2026_06_22_merged.mat,SAMPLE,1,22971,9972,498.55000000000007,1148.5
R006,CNO,T2_SD_CNO,2026_06_22_merged.mat,SAMPLE,1,22972,9973,498.6000000000001,1148.5500000000002
R006,CNO,T2_SD_CNO,2026_06_22_merged.mat,SAMPLE,1,22973,9974,498.6500000000001,1148.6000000000001
R006,CNO,T2_SD_CNO,2026_06_22_merged.mat,SAMPLE,1,22974,9975,498.70000000000005,1148.65
R006,CNO,T2_SD_CNO,2026_06_22_merged.mat,SAMPLE,1,22975,9976,498.7500000000001,1148.7000000000003
R006,CNO,T2_SD_CNO,2026_06_22_merged.mat,SAMPLE,1,22981,9982,499.05000000000007,1149.0
R006,CNO,T2_SD_CNO,2026_06_22_merged.mat,SAMPLE,1,22982,9983,499.1000000000001,1149.0500000000002
R006,CNO,T2_SD_CNO,2026_06_22_merged.mat,SAMPLE,1,22983,9984,499.1500000000001,1149.1000000000001
R006,CNO,T2_SD_CNO,2026_06_22_merged.mat,SAMPLE,2,22990,9991,499.5000000000001,1149.4500000000003
R006,CNO,T2_SD_CNO,2026_06_22_merged.mat,SAMPLE,2,22991,9992,499.55000000000007,1149.5
R006,CNO,T2_SD_CNO,2026_06_22_merged.mat,SAMPLE,2,22992,9993,499.6000000000001,1149.5500000000002
R006,CNO,T2_SD_CNO,2026_06_22_merged.mat,SAMPLE,1,22999,10000,499.95000000000005,1149.9
R006,CNO,T2_SD_CNO,2026_06_22_merged.mat,SAMPLE,1,23000,10001,500.0000000000001,1149.9500000000003
R006,CNO,T2_SD_CNO,2026_06_22_merged.mat,SAMPLE,1,23001,10002,500.05000000000007,1150.0
R006,CNO,T2_SD_CNO,2026_06_22_merged.mat,SAMPLE,1,23009,10010,500.45000000000005,1150.4
R006,CNO,T2_SD_CNO,2026_06_22_merged.mat,SAMPLE,1,23010,10011,500.5000000000001,1150.4500000000003
R006,CNO,T2_SD_CNO,2026_06_22_merged.mat,SAMPLE,1,23011,10012,500.55000000000007,1150.5
R006,CNO,T2_SD_CNO,2026_06_22_merged.mat,SAMPLE,1,23012,10013,500.6000000000001,1150.5500000000002
R006,CNO,T2_SD_CNO,2026_06_22_merged.mat,SAMPLE,1,23024,10025,501.20000000000005,1151.15
R006,CNO,T2_SD_CNO,2026_06_22_merged.mat,SAMPLE,1,23025,10026,501.2500000000001,1151.2000000000003
R006,CNO,T2_SD_CNO,2026_06_22_merged.mat,SAMPLE,1,23026,10027,501.30000000000007,1151.25
R006,CNO,T2_SD_CNO,2026_06_22_merged.mat,SAMPLE,1,23027,10028,501.3500000000001,1151.3000000000002
R006,CNO,T2_SD_CNO,2026_06_22_merged.mat,SAMPLE,1,23028,10029,501.4000000000001,1151.3500000000001
R006,CNO,T2_SD_CNO,2026_06_22_merged.mat,SAMPLE,1,23029,10030,501.45000000000005,1151.4
R006,CNO,T2_SD_CNO,2026_06_22_merged.mat,SAMPLE,1,23030,10031,501.5000000000001,1151.4500000000003
R006,CNO,T2_SD_CNO,2026_06_22_merged.mat,SAMPLE,1,23031,10032,501.55000000000007,1151.5
R006,CNO,T2_SD_CNO,2026_06_22_merged.mat,SAMPLE,1,23043,10044,502.1500000000001,1152.1000000000001
R006,CNO,T2_SD_CNO,2026_06_22_merged.mat,SAMPLE,1,23044,10045,502.20000000000005,1152.15
R006,CNO,T2_SD_CNO,2026_06_22_merged.mat,SAMPLE,1,23045,10046,502.2500000000001,1152.2000000000003
R006,CNO,T2_SD_CNO,2026_06_22_merged.mat,SAMPLE,1,23054,10055,502.70000000000005,1152.65
R006,CNO,T2_SD_CNO,2026_06_22_merged.mat,SAMPLE,1,23055,10056,502.7500000000001,1152.7000000000003
R006,CNO,T2_SD_CNO,2026_06_22_merged.mat,SAMPLE,1,23056,10057,502.80000000000007,1152.75
R006,CNO,T2_SD_CNO,2026_06_22_merged.mat,SAMPLE,1,23057,10058,502.8500000000001,1152.8000000000002
R006,CNO,T2_SD_CNO,2026_06_22_merged.mat,SAMPLE,1,23058,10059,502.9000000000001,1152.8500000000001
R006,CNO,T2_SD_CNO,2026_06_22_merged.mat,SAMPLE,1,23065,10066,503.2500000000001,1153.2000000000003
R006,CNO,T2_SD_CNO,2026_06_22_merged.mat,SAMPLE,1,23066,10067,503.30000000000007,1153.25
R006,CNO,T2_SD_CNO,2026_06_22_merged.mat,SAMPLE,1,23067,10068,503.3500000000001,1153.3000000000002
R006,CNO,T2_SD_CNO,2026_06_22_merged.mat,SAMPLE,1,23068,10069,503.4000000000001,1153.3500000000001
R006,CNO,T2_SD_CNO,2026_06_22_merged.mat,SAMPLE,1,23077,10078,503.8500000000001,1153.8000000000002
R006,CNO,T2_SD_CNO,2026_06_22_merged.mat,SAMPLE,1,23078,10079,503.9000000000001,1153.8500000000001
R006,CNO,T2_SD_CNO,2026_06_22_merged.mat,SAMPLE,1,23079,10080,503.95000000000005,1153.9
R006,CNO,T2_SD_CNO,2026_06_22_merged.mat,SAMPLE,1,23097,10098,504.8500000000001,1154.8000000000002
R006,CNO,T2_SD_CNO,2026_06_22_merged.mat,SAMPLE,2,23113,10114,505.6500000000001,1155.6000000000001
R006,CNO,T2_SD_CNO,2026_06_22_merged.mat,SAMPLE,2,23114,10115,505.70000000000005,1155.65
R006,CNO,T2_SD_CNO,2026_06_22_merged.mat,SAMPLE,2,23115,10116,505.7500000000001,1155.7000000000003
R006,CNO,T2_SD_CNO,2026_06_22_merged.mat,SAMPLE,1,23130,10131,506.5000000000001,1156.4500000000003
R006,CNO,T2_SD_CNO,2026_06_22_merged.mat,SAMPLE,1,23131,10132,506.55000000000007,1156.5
R006,CNO,T2_SD_CNO,2026_06_22_merged.mat,SAMPLE,1,23132,10133,506.6000000000001,1156.5500000000002
R006,CNO,T2_SD_CNO,2026_06_22_merged.mat,SAMPLE,1,23133,10134,506.6500000000001,1156.6000000000001
R006,CNO,T2_SD_CNO,2026_06_22_merged.mat,SAMPLE,1,23134,10135,506.70000000000005,1156.65
R006,CNO,T2_SD_CNO,2026_06_22_merged.mat,SAMPLE,1,23135,10136,506.7500000000001,1156.7000000000003
R006,CNO,T2_SD_CNO,2026_06_22_merged.mat,SAMPLE,1,23136,10137,506.80000000000007,1156.75
R006,CNO,T2_SD_CNO,2026_06_22_merged.mat,SAMPLE,1,23137,10138,506.8500000000001,1156.8000000000002
R006,CNO,T2_SD_CNO,2026_06_22_merged.mat,SAMPLE,1,23147,10148,507.3500000000001,1157.3000000000002
R006,CNO,T2_SD_CNO,2026_06_22_merged.mat,SAMPLE,1,23148,10149,507.4000000000001,1157.3500000000001
R006,CNO,T2_SD_CNO,2026_06_22_merged.mat,SAMPLE,1,23149,10150,507.45000000000005,1157.4
R006,CNO,T2_SD_CNO,2026_06_22_merged.mat,SAMPLE,1,23150,10151,507.5000000000001,1157.4500000000003
R006,CNO,T2_SD_CNO,2026_06_22_merged.mat,SAMPLE,1,23160,10161,508.0000000000001,1157.9500000000003
R006,CNO,T2_SD_CNO,2026_06_22_merged.mat,SAMPLE,1,23161,10162,508.05000000000007,1158.0
R006,CNO,T2_SD_CNO,2026_06_22_merged.mat,SAMPLE,1,23162,10163,508.1000000000001,1158.0500000000002
R006,CNO,T2_SD_CNO,2026_06_22_merged.mat,SAMPLE,1,23170,10171,508.5000000000001,1158.4500000000003
R006,CNO,T2_SD_CNO,2026_06_22_merged.mat,SAMPLE,1,23171,10172,508.55000000000007,1158.5
R006,CNO,T2_SD_CNO,2026_06_22_merged.mat,SAMPLE,1,23172,10173,508.6000000000001,1158.5500000000002
R006,CNO,T2_SD_CNO,2026_06_22_merged.mat,SAMPLE,2,23177,10178,508.8500000000001,1158.8000000000002
R006,CNO,T2_SD_CNO,2026_06_22_merged.mat,SAMPLE,2,23178,10179,508.9000000000001,1158.8500000000001
R006,CNO,T2_SD_CNO,2026_06_22_merged.mat,SAMPLE,2,23179,10180,508.95000000000005,1158.9
R006,CNO,T2_SD_CNO,2026_06_22_merged.mat,SAMPLE,2,23189,10190,509.45000000000005,1159.4
R006,CNO,T2_SD_CNO,2026_06_22_merged.mat,SAMPLE,2,23190,10191,509.5000000000001,1159.4500000000003
R006,CNO,T2_SD_CNO,2026_06_22_merged.mat,SAMPLE,2,23191,10192,509.55000000000007,1159.5
R006,CNO,T2_SD_CNO,2026_06_22_merged.mat,SAMPLE,2,23192,10193,509.6000000000001,1159.5500000000002
R006,CNO,T2_SD_CNO,2026_06_22_merged.mat,SAMPLE,2,23193,10194,509.6500000000001,1159.6000000000001
R006,CNO,T2_SD_CNO,2026_06_22_merged.mat,SAMPLE,2,23194,10195,509.70000000000005,1159.65
R006,CNO,T2_SD_CNO,2026_06_22_merged.mat,SAMPLE,2,23200,10201,510.0000000000001,1159.9500000000003
R006,CNO,T2_SD_CNO,2026_06_22_merged.mat,SAMPLE,2,23201,10202,510.05000000000007,1160.0
R006,CNO,T2_SD_CNO,2026_06_22_merged.mat,SAMPLE,2,23202,10203,510.1000000000001,1160.0500000000002
R006,CNO,T2_SD_CNO,2026_06_22_merged.mat,SAMPLE,2,23203,10204,510.1500000000001,1160.1000000000001
R006,CNO,T2_SD_CNO,2026_06_22_merged.mat,SAMPLE,2,23211,10212,510.55000000000007,1160.5
R006,CNO,T2_SD_CNO,2026_06_22_merged.mat,SAMPLE,2,23212,10213,510.6000000000001,1160.5500000000002
R006,CNO,T2_SD_CNO,2026_06_22_merged.mat,SAMPLE,2,23213,10214,510.6500000000001,1160.6000000000001
R006,CNO,T2_SD_CNO,2026_06_22_merged.mat,SAMPLE,2,23214,10215,510.70000000000005,1160.65
R006,CNO,T2_SD_CNO,2026_06_22_merged.mat,SAMPLE,2,23215,10216,510.7500000000001,1160.7000000000003
R006,CNO,T2_SD_CNO,2026_06_22_merged.mat,SAMPLE,2,23216,10217,510.80000000000007,1160.75
R006,CNO,T2_SD_CNO,2026_06_22_merged.mat,SAMPLE,2,23217,10218,510.8500000000001,1160.8000000000002
R006,CNO,T2_SD_CNO,2026_06_22_merged.mat,SAMPLE,2,23218,10219,510.9000000000001,1160.8500000000001
R006,CNO,T2_SD_CNO,2026_06_22_merged.mat,SAMPLE,2,23219,10220,510.95000000000005,1160.9
R006,CNO,T2_SD_CNO,2026_06_22_merged.mat,SAMPLE,2,23220,10221,511.0000000000001,1160.9500000000003
R006,CNO,T2_SD_CNO,2026_06_22_merged.mat,SAMPLE,2,23233,10234,511.6500000000001,1161.6000000000001
R006,CNO,T2_SD_CNO,2026_06_22_merged.mat,SAMPLE,2,23234,10235,511.70000000000005,1161.65
R006,CNO,T2_SD_CNO,2026_06_22_merged.mat,SAMPLE,2,23235,10236,511.7500000000001,1161.7000000000003
R006,CNO,T2_SD_CNO,2026_06_22_merged.mat,SAMPLE,2,23236,10237,511.80000000000007,1161.75
R006,CNO,T2_SD_CNO,2026_06_22_merged.mat,SAMPLE,2,23237,10238,511.8500000000001,1161.8000000000002
R006,CNO,T2_SD_CNO,2026_06_22_merged.mat,SAMPLE,2,23238,10239,511.9000000000001,1161.8500000000001
R006,CNO,T2_SD_CNO,2026_06_22_merged.mat,SAMPLE,2,23239,10240,511.95000000000005,1161.9
R006,CNO,T2_SD_CNO,2026_06_22_merged.mat,SAMPLE,2,23240,10241,512.0000000000001,1161.9500000000003
R006,CNO,T2_SD_CNO,2026_06_22_merged.mat,SAMPLE,2,23265,10266,513.2500000000001,1163.2000000000003
R006,CNO,T2_SD_CNO,2026_06_22_merged.mat,SAMPLE,2,23266,10267,513.3000000000001,1163.25
R006,CNO,T2_SD_CNO,2026_06_22_merged.mat,SAMPLE,2,23270,10271,513.5000000000001,1163.4500000000003
R006,CNO,T2_SD_CNO,2026_06_22_merged.mat,SAMPLE,2,23294,10295,514.7,1164.65
R006,CNO,T2_SD_CNO,2026_06_22_merged.mat,SAMPLE,2,23295,10296,514.7500000000001,1164.7000000000003
R006,CNO,T2_SD_CNO,2026_06_22_merged.mat,SAMPLE,1,23311,10312,515.5500000000001,1165.5
R006,CNO,T2_SD_CNO,2026_06_22_merged.mat,SAMPLE,1,23312,10313,515.6000000000001,1165.5500000000002
R006,CNO,T2_SD_CNO,2026_06_22_merged.mat,SAMPLE,1,23313,10314,515.6500000000001,1165.6000000000001
R006,CNO,T2_SD_CNO,2026_06_22_merged.mat,SAMPLE,1,23314,10315,515.7,1165.65
R006,CNO,T2_SD_CNO,2026_06_22_merged.mat,SAMPLE,1,23315,10316,515.7500000000001,1165.7000000000003
R006,CNO,T2_SD_CNO,2026_06_22_merged.mat,SAMPLE,1,23320,10321,516.0000000000001,1165.9500000000003
R006,CNO,T2_SD_CNO,2026_06_22_merged.mat,SAMPLE,1,23321,10322,516.0500000000001,1166.0
R006,CNO,T2_SD_CNO,2026_06_22_merged.mat,SAMPLE,1,23322,10323,516.1000000000001,1166.0500000000002
R006,CNO,T2_SD_CNO,2026_06_22_merged.mat,SAMPLE,1,23323,10324,516.1500000000001,1166.1000000000001
R006,CNO,T2_SD_CNO,2026_06_22_merged.mat,SAMPLE,1,23324,10325,516.2,1166.15
R006,CNO,T2_SD_CNO,2026_06_22_merged.mat,SAMPLE,1,23325,10326,516.2500000000001,1166.2000000000003
R006,CNO,T2_SD_CNO,2026_06_22_merged.mat,SAMPLE,1,23326,10327,516.3000000000001,1166.25
R006,CNO,T2_SD_CNO,2026_06_22_merged.mat,SAMPLE,1,23335,10336,516.7500000000001,1166.7000000000003
R006,CNO,T2_SD_CNO,2026_06_22_merged.mat,SAMPLE,1,23336,10337,516.8000000000001,1166.75
R006,CNO,T2_SD_CNO,2026_06_22_merged.mat,SAMPLE,1,23337,10338,516.8500000000001,1166.8000000000002
R006,CNO,T2_SD_CNO,2026_06_22_merged.mat,SAMPLE,1,23342,10343,517.1000000000001,1167.0500000000002
R006,CNO,T2_SD_CNO,2026_06_22_merged.mat,SAMPLE,1,23343,10344,517.1500000000001,1167.1000000000001
R006,CNO,T2_SD_CNO,2026_06_22_merged.mat,SAMPLE,1,23344,10345,517.2,1167.15
R006,CNO,T2_SD_CNO,2026_06_22_merged.mat,SAMPLE,1,23345,10346,517.2500000000001,1167.2000000000003
R006,CNO,T2_SD_CNO,2026_06_22_merged.mat,SAMPLE,1,23354,10355,517.7,1167.65
R006,CNO,T2_SD_CNO,2026_06_22_merged.mat,SAMPLE,1,23355,10356,517.7500000000001,1167.7000000000003
R006,CNO,T2_SD_CNO,2026_06_22_merged.mat,SAMPLE,1,23356,10357,517.8000000000001,1167.75
R006,CNO,T2_SD_CNO,2026_06_22_merged.mat,SAMPLE,1,23357,10358,517.8500000000001,1167.8000000000002
R006,CNO,T2_SD_CNO,2026_06_22_merged.mat,SAMPLE,1,23368,10369,518.4000000000001,1168.3500000000001
R006,CNO,T2_SD_CNO,2026_06_22_merged.mat,SAMPLE,1,23369,10370,518.45,1168.4
R006,CNO,T2_SD_CNO,2026_06_22_merged.mat,SAMPLE,1,23378,10379,518.9000000000001,1168.8500000000001
R006,CNO,T2_SD_CNO,2026_06_22_merged.mat,SAMPLE,1,23379,10380,518.95,1168.9
R006,CNO,T2_SD_CNO,2026_06_22_merged.mat,SAMPLE,1,23380,10381,519.0000000000001,1168.9500000000003
R006,CNO,T2_SD_CNO,2026_06_22_merged.mat,SAMPLE,1,23381,10382,519.0500000000001,1169.0
R006,CNO,T2_SD_CNO,2026_06_22_merged.mat,SAMPLE,1,23391,10392,519.5500000000001,1169.5
R006,CNO,T2_SD_CNO,2026_06_22_merged.mat,SAMPLE,1,23392,10393,519.6000000000001,1169.5500000000002
R006,CNO,T2_SD_CNO,2026_06_22_merged.mat,SAMPLE,1,23441,10442,522.0500000000001,1172.0
R006,CNO,T2_SD_CNO,2026_06_22_merged.mat,SAMPLE,1,23442,10443,522.1000000000001,1172.0500000000002
R006,CNO,T2_SD_CNO,2026_06_22_merged.mat,SAMPLE,1,23443,10444,522.1500000000001,1172.1000000000001
R006,CNO,T2_SD_CNO,2026_06_22_merged.mat,SAMPLE,1,23444,10445,522.2,1172.15
R006,CNO,T2_SD_CNO,2026_06_22_merged.mat,SAMPLE,1,23445,10446,522.2500000000001,1172.2000000000003
R006,CNO,T2_SD_CNO,2026_06_22_merged.mat,SAMPLE,1,23446,10447,522.3000000000001,1172.25
R006,CNO,T2_SD_CNO,2026_06_22_merged.mat,SAMPLE,1,23447,10448,522.3500000000001,1172.3000000000002
R006,CNO,T2_SD_CNO,2026_06_22_merged.mat,SAMPLE,1,23454,10455,522.7,1172.65
R006,CNO,T2_SD_CNO,2026_06_22_merged.mat,SAMPLE,1,23455,10456,522.7500000000001,1172.7000000000003
R006,CNO,T2_SD_CNO,2026_06_22_merged.mat,SAMPLE,1,23456,10457,522.8000000000001,1172.75
R006,CNO,T2_SD_CNO,2026_06_22_merged.mat,SAMPLE,1,23457,10458,522.8500000000001,1172.8000000000002
R006,CNO,T2_SD_CNO,2026_06_22_merged.mat,SAMPLE,1,23458,10459,522.9000000000001,1172.8500000000001
R006,CNO,T2_SD_CNO,2026_06_22_merged.mat,SAMPLE,1,23459,10460,522.95,1172.9
R006,CNO,T2_SD_CNO,2026_06_22_merged.mat,SAMPLE,1,23460,10461,523.0000000000001,1172.9500000000003
R006,CNO,T2_SD_CNO,2026_06_22_merged.mat,SAMPLE,1,23479,10480,523.95,1173.9
R006,CNO,T2_SD_CNO,2026_06_22_merged.mat,SAMPLE,1,23480,10481,524.0000000000001,1173.9500000000003
R006,CNO,T2_SD_CNO,2026_06_22_merged.mat,SAMPLE,1,23481,10482,524.0500000000001,1174.0
R006,CNO,T2_SD_CNO,2026_06_22_merged.mat,SAMPLE,1,23482,10483,524.1000000000001,1174.0500000000002
R006,CNO,T2_SD_CNO,2026_06_22_merged.mat,SAMPLE,1,23483,10484,524.1500000000001,1174.1000000000001
R006,CNO,T2_SD_CNO,2026_06_22_merged.mat,SAMPLE,1,23484,10485,524.2,1174.15
R006,CNO,T2_SD_CNO,2026_06_22_merged.mat,SAMPLE,1,23485,10486,524.2500000000001,1174.2000000000003
R006,CNO,T2_SD_CNO,2026_06_22_merged.mat,SAMPLE,1,23486,10487,524.3000000000001,1174.25
R006,CNO,T2_SD_CNO,2026_06_22_merged.mat,SAMPLE,1,23499,10500,524.95,1174.9
R006,CNO,T2_SD_CNO,2026_06_22_merged.mat,SAMPLE,1,23500,10501,525.0000000000001,1174.9500000000003
R006,CNO,T2_SD_CNO,2026_06_22_merged.mat,SAMPLE,1,23501,10502,525.0500000000001,1175.0
R006,CNO,T2_SD_CNO,2026_06_22_merged.mat,SAMPLE,1,23502,10503,525.1000000000001,1175.0500000000002
R006,CNO,T2_SD_CNO,2026_06_22_merged.mat,SAMPLE,1,23503,10504,525.1500000000001,1175.1000000000001
R006,CNO,T2_SD_CNO,2026_06_22_merged.mat,SAMPLE,1,23530,10531,526.5000000000001,1176.4500000000003
R006,CNO,T2_SD_CNO,2026_06_22_merged.mat,SAMPLE,1,23531,10532,526.5500000000001,1176.5
R006,CNO,T2_SD_CNO,2026_06_22_merged.mat,SAMPLE,1,23532,10533,526.6000000000001,1176.5500000000002
R006,CNO,T2_SD_CNO,2026_06_22_merged.mat,SAMPLE,1,23533,10534,526.6500000000001,1176.6000000000001
R006,CNO,T2_SD_CNO,2026_06_22_merged.mat,SAMPLE,1,23534,10535,526.7,1176.65
R006,CNO,T2_SD_CNO,2026_06_22_merged.mat,SAMPLE,1,23535,10536,526.7500000000001,1176.7000000000003
R006,CNO,T2_SD_CNO,2026_06_22_merged.mat,SAMPLE,1,23555,10556,527.7500000000001,1177.7000000000003
R006,CNO,T2_SD_CNO,2026_06_22_merged.mat,SAMPLE,1,23556,10557,527.8000000000001,1177.75
R006,CNO,T2_SD_CNO,2026_06_22_merged.mat,SAMPLE,1,23557,10558,527.8500000000001,1177.8000000000002
R006,CNO,T2_SD_CNO,2026_06_22_merged.mat,SAMPLE,1,23558,10559,527.9000000000001,1177.8500000000001
R006,CNO,T2_SD_CNO,2026_06_22_merged.mat,SAMPLE,1,23567,10568,528.3500000000001,1178.3000000000002
R006,CNO,T2_SD_CNO,2026_06_22_merged.mat,SAMPLE,1,23568,10569,528.4000000000001,1178.3500000000001
R006,CNO,T2_SD_CNO,2026_06_22_merged.mat,SAMPLE,1,23569,10570,528.45,1178.4
R006,CNO,T2_SD_CNO,2026_06_22_merged.mat,SAMPLE,1,23570,10571,528.5000000000001,1178.4500000000003
R006,CNO,T2_SD_CNO,2026_06_22_merged.mat,SAMPLE,1,23571,10572,528.5500000000001,1178.5
R006,CNO,T2_SD_CNO,2026_06_22_merged.mat,SAMPLE,1,23572,10573,528.6000000000001,1178.5500000000002
R006,CNO,T2_SD_CNO,2026_06_22_merged.mat,SAMPLE,1,23573,10574,528.6500000000001,1178.6000000000001
R006,CNO,T2_SD_CNO,2026_06_22_merged.mat,SAMPLE,1,23575,10576,528.7500000000001,1178.7000000000003
R006,CNO,T2_SD_CNO,2026_06_22_merged.mat,SAMPLE,1,23576,10577,528.8000000000001,1178.75
R006,CNO,T2_SD_CNO,2026_06_22_merged.mat,SAMPLE,1,23577,10578,528.8500000000001,1178.8000000000002
R006,CNO,T2_SD_CNO,2026_06_22_merged.mat,SAMPLE,1,23578,10579,528.9000000000001,1178.8500000000001
R006,CNO,T2_SD_CNO,2026_06_22_merged.mat,SAMPLE,1,23579,10580,528.95,1178.9
R006,CNO,T2_SD_CNO,2026_06_22_merged.mat,SAMPLE,1,23580,10581,529.0000000000001,1178.9500000000003
R006,CNO,T2_SD_CNO,2026_06_22_merged.mat,SAMPLE,1,23600,10601,530.0000000000001,1179.9500000000003
R006,CNO,T2_SD_CNO,2026_06_22_merged.mat,SAMPLE,1,23601,10602,530.0500000000001,1180.0
R006,CNO,T2_SD_CNO,2026_06_22_merged.mat,SAMPLE,2,23607,10608,530.3500000000001,1180.3000000000002
R006,CNO,T2_SD_CNO,2026_06_22_merged.mat,SAMPLE,1,23637,10638,531.8500000000001,1181.8000000000002
R006,CNO,T2_SD_CNO,2026_06_22_merged.mat,SAMPLE,1,23638,10639,531.9000000000001,1181.8500000000001
R006,CNO,T2_SD_CNO,2026_06_22_merged.mat,SAMPLE,1,23639,10640,531.95,1181.9
R006,CNO,T2_SD_CNO,2026_06_22_merged.mat,SAMPLE,1,23640,10641,532.0000000000001,1181.9500000000003
R006,CNO,T2_SD_CNO,2026_06_22_merged.mat,SAMPLE,2,23645,10646,532.2500000000001,1182.2000000000003
R006,CNO,T2_SD_CNO,2026_06_22_merged.mat,SAMPLE,2,23646,10647,532.3000000000001,1182.25
R006,CNO,T2_SD_CNO,2026_06_22_merged.mat,SAMPLE,2,23647,10648,532.3500000000001,1182.3000000000002
R006,CNO,T2_SD_CNO,2026_06_22_merged.mat,SAMPLE,2,23648,10649,532.4000000000001,1182.3500000000001
R006,CNO,T2_SD_CNO,2026_06_22_merged.mat,SAMPLE,1,23654,10655,532.7,1182.65
R006,CNO,T2_SD_CNO,2026_06_22_merged.mat,SAMPLE,1,23655,10656,532.7500000000001,1182.7000000000003
R006,CNO,T2_SD_CNO,2026_06_22_merged.mat,SAMPLE,1,23656,10657,532.8000000000001,1182.75
R006,CNO,T2_SD_CNO,2026_06_22_merged.mat,SAMPLE,2,23662,10663,533.1000000000001,1183.0500000000002
R006,CNO,T2_SD_CNO,2026_06_22_merged.mat,SAMPLE,2,23663,10664,533.1500000000001,1183.1000000000001
R006,CNO,T2_SD_CNO,2026_06_22_merged.mat,SAMPLE,2,23664,10665,533.2,1183.15
R006,CNO,T2_SD_CNO,2026_06_22_merged.mat,SAMPLE,2,23665,10666,533.2500000000001,1183.2000000000003
R006,CNO,T2_SD_CNO,2026_06_22_merged.mat,SAMPLE,2,23672,10673,533.6000000000001,1183.5500000000002
R006,CNO,T2_SD_CNO,2026_06_22_merged.mat,SAMPLE,2,23673,10674,533.6500000000001,1183.6000000000001
R006,CNO,T2_SD_CNO,2026_06_22_merged.mat,SAMPLE,2,23674,10675,533.7,1183.65
R006,CNO,T2_SD_CNO,2026_06_22_merged.mat,SAMPLE,2,23675,10676,533.7500000000001,1183.7000000000003
R006,CNO,T2_SD_CNO,2026_06_22_merged.mat,SAMPLE,2,23676,10677,533.8000000000001,1183.75
R006,CNO,T2_SD_CNO,2026_06_22_merged.mat,SAMPLE,2,23677,10678,533.8500000000001,1183.8000000000002
R006,CNO,T2_SD_CNO,2026_06_22_merged.mat,SAMPLE,1,23688,10689,534.4000000000001,1184.3500000000001
R006,CNO,T2_SD_CNO,2026_06_22_merged.mat,SAMPLE,1,23689,10690,534.45,1184.4
R006,CNO,T2_SD_CNO,2026_06_22_merged.mat,SAMPLE,1,23690,10691,534.5000000000001,1184.4500000000003
R006,CNO,T2_SD_CNO,2026_06_22_merged.mat,SAMPLE,1,23691,10692,534.5500000000001,1184.5
R006,CNO,T2_SD_CNO,2026_06_22_merged.mat,SAMPLE,1,23692,10693,534.6000000000001,1184.5500000000002
R006,CNO,T2_SD_CNO,2026_06_22_merged.mat,SAMPLE,1,23703,10704,535.1500000000001,1185.1000000000001
R006,CNO,T2_SD_CNO,2026_06_22_merged.mat,SAMPLE,1,23704,10705,535.2,1185.15
R006,CNO,T2_SD_CNO,2026_06_22_merged.mat,SAMPLE,1,23705,10706,535.2500000000001,1185.2000000000003
R006,CNO,T2_SD_CNO,2026_06_22_merged.mat,SAMPLE,1,23706,10707,535.3000000000001,1185.25
R006,CNO,T2_SD_CNO,2026_06_22_merged.mat,SAMPLE,1,23707,10708,535.3500000000001,1185.3000000000002
R006,CNO,T2_SD_CNO,2026_06_22_merged.mat,SAMPLE,1,23712,10713,535.6000000000001,1185.5500000000002
R006,CNO,T2_SD_CNO,2026_06_22_merged.mat,SAMPLE,1,23713,10714,535.6500000000001,1185.6000000000001
R006,CNO,T2_SD_CNO,2026_06_22_merged.mat,SAMPLE,1,23714,10715,535.7,1185.65
R006,CNO,T2_SD_CNO,2026_06_22_merged.mat,SAMPLE,1,23723,10724,536.1500000000001,1186.1000000000001
R006,CNO,T2_SD_CNO,2026_06_22_merged.mat,SAMPLE,1,23725,10726,536.2500000000001,1186.2000000000003
R006,CNO,T2_SD_CNO,2026_06_22_merged.mat,SAMPLE,1,23733,10734,536.6500000000001,1186.6000000000001
R006,CNO,T2_SD_CNO,2026_06_22_merged.mat,SAMPLE,1,23734,10735,536.7,1186.65
R006,CNO,T2_SD_CNO,2026_06_22_merged.mat,SAMPLE,1,23735,10736,536.7500000000001,1186.7000000000003
R006,CNO,T2_SD_CNO,2026_06_22_merged.mat,SAMPLE,1,23736,10737,536.8000000000001,1186.75
R006,CNO,T2_SD_CNO,2026_06_22_merged.mat,SAMPLE,1,23746,10747,537.3000000000001,1187.25
R006,CNO,T2_SD_CNO,2026_06_22_merged.mat,SAMPLE,1,23747,10748,537.3500000000001,1187.3000000000002
R006,CNO,T2_SD_CNO,2026_06_22_merged.mat,SAMPLE,1,23748,10749,537.4000000000001,1187.3500000000001
R006,CNO,T2_SD_CNO,2026_06_22_merged.mat,SAMPLE,1,23749,10750,537.45,1187.4
R006,CNO,T2_SD_CNO,2026_06_22_merged.mat,SAMPLE,1,23764,10765,538.2,1188.15
R006,CNO,T2_SD_CNO,2026_06_22_merged.mat,SAMPLE,1,23765,10766,538.2500000000001,1188.2000000000003
R006,CNO,T2_SD_CNO,2026_06_22_merged.mat,SAMPLE,1,23766,10767,538.3000000000001,1188.25
R006,CNO,T2_SD_CNO,2026_06_22_merged.mat,SAMPLE,1,23767,10768,538.3500000000001,1188.3000000000002
R006,CNO,T2_SD_CNO,2026_06_22_merged.mat,SAMPLE,1,23768,10769,538.4000000000001,1188.3500000000001
R006,CNO,T2_SD_CNO,2026_06_22_merged.mat,SAMPLE,1,23769,10770,538.45,1188.4
R006,CNO,T2_SD_CNO,2026_06_22_merged.mat,SAMPLE,1,23770,10771,538.5000000000001,1188.4500000000003
R006,CNO,T2_SD_CNO,2026_06_22_merged.mat,SAMPLE,1,23777,10778,538.8500000000001,1188.8000000000002
R006,CNO,T2_SD_CNO,2026_06_22_merged.mat,SAMPLE,1,23778,10779,538.9000000000001,1188.8500000000001
R006,CNO,T2_SD_CNO,2026_06_22_merged.mat,SAMPLE,1,23779,10780,538.95,1188.9
R006,CNO,T2_SD_CNO,2026_06_22_merged.mat,SAMPLE,1,23780,10781,539.0000000000001,1188.9500000000003
R006,CNO,T2_SD_CNO,2026_06_22_merged.mat,SAMPLE,1,23781,10782,539.0500000000001,1189.0
R006,CNO,T2_SD_CNO,2026_06_22_merged.mat,SAMPLE,1,23782,10783,539.1000000000001,1189.0500000000002
R006,CNO,T2_SD_CNO,2026_06_22_merged.mat,SAMPLE,1,23783,10784,539.1500000000001,1189.1000000000001
R006,CNO,T2_SD_CNO,2026_06_22_merged.mat,SAMPLE,1,23793,10794,539.6500000000001,1189.6000000000001
R006,CNO,T2_SD_CNO,2026_06_22_merged.mat,SAMPLE,1,23794,10795,539.7,1189.65
R006,CNO,T2_SD_CNO,2026_06_22_merged.mat,SAMPLE,1,23795,10796,539.7500000000001,1189.7000000000003
R006,CNO,T2_SD_CNO,2026_06_22_merged.mat,SAMPLE,1,23796,10797,539.8000000000001,1189.75
R006,CNO,T2_SD_CNO,2026_06_22_merged.mat,SAMPLE,1,23797,10798,539.8500000000001,1189.8000000000002
R006,CNO,T2_SD_CNO,2026_06_22_merged.mat,SAMPLE,1,23798,10799,539.9000000000001,1189.8500000000001
R006,CNO,T2_SD_CNO,2026_06_22_merged.mat,SAMPLE,1,23809,10810,540.45,1190.4
R006,CNO,T2_SD_CNO,2026_06_22_merged.mat,SAMPLE,1,23810,10811,540.5000000000001,1190.4500000000003
R006,CNO,T2_SD_CNO,2026_06_22_merged.mat,SAMPLE,1,23811,10812,540.5500000000001,1190.5
R006,CNO,T2_SD_CNO,2026_06_22_merged.mat,SAMPLE,1,23812,10813,540.6000000000001,1190.5500000000002
R006,CNO,T2_SD_CNO,2026_06_22_merged.mat,SAMPLE,1,23813,10814,540.6500000000001,1190.6000000000001
R006,CNO,T2_SD_CNO,2026_06_22_merged.mat,SAMPLE,1,23814,10815,540.7,1190.65
R006,CNO,T2_SD_CNO,2026_06_22_merged.mat,SAMPLE,1,23815,10816,540.7500000000001,1190.7000000000003
R006,CNO,T2_SD_CNO,2026_06_22_merged.mat,SAMPLE,1,23825,10826,541.2500000000001,1191.2000000000003
R006,CNO,T2_SD_CNO,2026_06_22_merged.mat,SAMPLE,1,23826,10827,541.3000000000001,1191.25
R006,CNO,T2_SD_CNO,2026_06_22_merged.mat,SAMPLE,1,23827,10828,541.3500000000001,1191.3000000000002
R006,CNO,T2_SD_CNO,2026_06_22_merged.mat,SAMPLE,1,23828,10829,541.4000000000001,1191.3500000000001
R006,CNO,T2_SD_CNO,2026_06_22_merged.mat,SAMPLE,1,23849,10850,542.45,1192.4
R006,CNO,T2_SD_CNO,2026_06_22_merged.mat,SAMPLE,1,23850,10851,542.5000000000001,1192.4500000000003
R006,CNO,T2_SD_CNO,2026_06_22_merged.mat,SAMPLE,1,23851,10852,542.5500000000001,1192.5
R006,CNO,T2_SD_CNO,2026_06_22_merged.mat,SAMPLE,1,23852,10853,542.6000000000001,1192.5500000000002
R006,CNO,T2_SD_CNO,2026_06_22_merged.mat,SAMPLE,1,23853,10854,542.6500000000001,1192.6000000000001
R006,CNO,T2_SD_CNO,2026_06_22_merged.mat,SAMPLE,2,23872,10873,543.6000000000001,1193.5500000000002
R006,CNO,T2_SD_CNO,2026_06_22_merged.mat,SAMPLE,2,23880,10881,544.0000000000001,1193.9500000000003
R006,CNO,T2_SD_CNO,2026_06_22_merged.mat,SAMPLE,2,23881,10882,544.0500000000001,1194.0
R006,CNO,T2_SD_CNO,2026_06_22_merged.mat,SAMPLE,2,23882,10883,544.1000000000001,1194.0500000000002
R006,CNO,T2_SD_CNO,2026_06_22_merged.mat,SAMPLE,2,23883,10884,544.1500000000001,1194.1000000000001
R006,CNO,T2_SD_CNO,2026_06_22_merged.mat,SAMPLE,2,23884,10885,544.2,1194.15
R006,CNO,T2_SD_CNO,2026_06_22_merged.mat,SAMPLE,2,23885,10886,544.2500000000001,1194.2000000000003
R006,CNO,T2_SD_CNO,2026_06_22_merged.mat,SAMPLE,2,23886,10887,544.3000000000001,1194.25
R006,CNO,T2_SD_CNO,2026_06_22_merged.mat,SAMPLE,2,23887,10888,544.3500000000001,1194.3000000000002
R006,CNO,T2_SD_CNO,2026_06_22_merged.mat,SAMPLE,2,23888,10889,544.4000000000001,1194.3500000000001
R006,CNO,T2_SD_CNO,2026_06_22_merged.mat,SAMPLE,2,23889,10890,544.45,1194.4
R006,CNO,T2_SD_CNO,2026_06_22_merged.mat,SAMPLE,2,23890,10891,544.5000000000001,1194.4500000000003
R006,CNO,T2_SD_CNO,2026_06_22_merged.mat,SAMPLE,2,23891,10892,544.5500000000001,1194.5
R006,CNO,T2_SD_CNO,2026_06_22_merged.mat,SAMPLE,2,23892,10893,544.6000000000001,1194.5500000000002
R006,CNO,T2_SD_CNO,2026_06_22_merged.mat,SAMPLE,2,23894,10895,544.7,1194.65
R006,CNO,T2_SD_CNO,2026_06_22_merged.mat,SAMPLE,2,23903,10904,545.1500000000001,1195.1000000000001
R006,CNO,T2_SD_CNO,2026_06_22_merged.mat,SAMPLE,2,23904,10905,545.2,1195.15
R006,CNO,T2_SD_CNO,2026_06_22_merged.mat,SAMPLE,1,23918,10919,545.9000000000001,1195.8500000000001
R006,CNO,T2_SD_CNO,2026_06_22_merged.mat,SAMPLE,1,23919,10920,545.95,1195.9
R006,CNO,T2_SD_CNO,2026_06_22_merged.mat,SAMPLE,1,23920,10921,546.0000000000001,1195.9500000000003
R006,CNO,T2_SD_CNO,2026_06_22_merged.mat,SAMPLE,1,23921,10922,546.0500000000001,1196.0
R006,CNO,T2_SD_CNO,2026_06_22_merged.mat,SAMPLE,1,23922,10923,546.1000000000001,1196.0500000000002
R006,CNO,T2_SD_CNO,2026_06_22_merged.mat,SAMPLE,2,23946,10947,547.3000000000001,1197.25
R006,CNO,T2_SD_CNO,2026_06_22_merged.mat,SAMPLE,2,23947,10948,547.3500000000001,1197.3000000000002
R006,CNO,T2_SD_CNO,2026_06_22_merged.mat,SAMPLE,2,23948,10949,547.4000000000001,1197.3500000000001
R006,CNO,T2_SD_CNO,2026_06_22_merged.mat,SAMPLE,2,23949,10950,547.45,1197.4
R006,CNO,T2_SD_CNO,2026_06_22_merged.mat,SAMPLE,2,23950,10951,547.5000000000001,1197.4500000000003
R006,CNO,T2_SD_CNO,2026_06_22_merged.mat,SAMPLE,2,23951,10952,547.5500000000001,1197.5
R006,CNO,T2_SD_CNO,2026_06_22_merged.mat,SAMPLE,2,23956,10957,547.8000000000001,1197.75
R006,CNO,T2_SD_CNO,2026_06_22_merged.mat,SAMPLE,2,23957,10958,547.8500000000001,1197.8000000000002
R006,CNO,T2_SD_CNO,2026_06_22_merged.mat,SAMPLE,2,23958,10959,547.9000000000001,1197.8500000000001
R006,CNO,T2_SD_CNO,2026_06_22_merged.mat,SAMPLE,1,23969,10970,548.45,1198.4
R006,CNO,T2_SD_CNO,2026_06_22_merged.mat,SAMPLE,1,23970,10971,548.5000000000001,1198.4500000000003
R006,CNO,T2_SD_CNO,2026_06_22_merged.mat,SAMPLE,1,23971,10972,548.5500000000001,1198.5
R006,CNO,T2_SD_CNO,2026_06_22_merged.mat,SAMPLE,1,23972,10973,548.6000000000001,1198.5500000000002
R006,CNO,T2_SD_CNO,2026_06_22_merged.mat,SAMPLE,1,23973,10974,548.6500000000001,1198.6000000000001
R006,CNO,T2_SD_CNO,2026_06_22_merged.mat,SAMPLE,1,23974,10975,548.7,1198.65
R006,CNO,T2_SD_CNO,2026_06_22_merged.mat,SAMPLE,1,23975,10976,548.7500000000001,1198.7000000000003
R006,CNO,T2_SD_CNO,2026_06_22_merged.mat,SAMPLE,1,23976,10977,548.8000000000001,1198.75
R006,CNO,T2_SD_CNO,2026_06_22_merged.mat,SAMPLE,1,23977,10978,548.8500000000001,1198.8000000000002
R006,CNO,T2_SD_CNO,2026_06_22_merged.mat,SAMPLE,1,23978,10979,548.9000000000001,1198.8500000000001
R006,CNO,T2_SD_CNO,2026_06_22_merged.mat,SAMPLE,1,23979,10980,548.95,1198.9
R006,CNO,T2_SD_CNO,2026_06_22_merged.mat,SAMPLE,2,23988,10989,549.4000000000001,1199.3500000000001
R006,CNO,T2_SD_CNO,2026_06_22_merged.mat,SAMPLE,2,23989,10990,549.45,1199.4
R006,CNO,T2_SD_CNO,2026_06_22_merged.mat,SAMPLE,2,23990,10991,549.5000000000001,1199.4500000000003
R006,CNO,T2_SD_CNO,2026_06_22_merged.mat,SAMPLE,2,23991,10992,549.5500000000001,1199.5
R006,CNO,T2_SD_CNO,2026_06_22_merged.mat,SAMPLE,2,24013,11014,550.6500000000001,1200.6000000000001
R006,CNO,T2_SD_CNO,2026_06_22_merged.mat,SAMPLE,2,24014,11015,550.7,1200.65
R006,CNO,T2_SD_CNO,2026_06_22_merged.mat,SAMPLE,2,24015,11016,550.7500000000001,1200.7000000000003
R006,CNO,T2_SD_CNO,2026_06_22_merged.mat,SAMPLE,2,24016,11017,550.8000000000001,1200.75
R006,CNO,T2_SD_CNO,2026_06_22_merged.mat,SAMPLE,2,24017,11018,550.8500000000001,1200.8000000000002
R006,CNO,T2_SD_CNO,2026_06_22_merged.mat,SAMPLE,2,24027,11028,551.3500000000001,1201.3000000000002
R006,CNO,T2_SD_CNO,2026_06_22_merged.mat,SAMPLE,2,24028,11029,551.4000000000001,1201.3500000000001
R006,CNO,T2_SD_CNO,2026_06_22_merged.mat,SAMPLE,2,24029,11030,551.45,1201.4
R006,CNO,T2_SD_CNO,2026_06_22_merged.mat,SAMPLE,1,24039,11040,551.95,1201.9
R006,CNO,T2_SD_CNO,2026_06_22_merged.mat,SAMPLE,1,24040,11041,552.0000000000001,1201.9500000000003
R006,CNO,T2_SD_CNO,2026_06_22_merged.mat,SAMPLE,1,24041,11042,552.0500000000001,1202.0
R006,CNO,T2_SD_CNO,2026_06_22_merged.mat,SAMPLE,1,24042,11043,552.1000000000001,1202.0500000000002
R006,CNO,T2_SD_CNO,2026_06_22_merged.mat,SAMPLE,1,24043,11044,552.1500000000001,1202.1000000000001
R006,CNO,T2_SD_CNO,2026_06_22_merged.mat,SAMPLE,1,24044,11045,552.2,1202.15
R006,CNO,T2_SD_CNO,2026_06_22_merged.mat,SAMPLE,1,24045,11046,552.2500000000001,1202.2000000000003
R006,CNO,T2_SD_CNO,2026_06_22_merged.mat,SAMPLE,1,24066,11067,553.3000000000001,1203.25
R006,CNO,T2_SD_CNO,2026_06_22_merged.mat,SAMPLE,1,24067,11068,553.3500000000001,1203.3000000000002
R006,CNO,T2_SD_CNO,2026_06_22_merged.mat,SAMPLE,1,24068,11069,553.4000000000001,1203.3500000000001
R006,CNO,T2_SD_CNO,2026_06_22_merged.mat,SAMPLE,1,24069,11070,553.45,1203.4
R006,CNO,T2_SD_CNO,2026_06_22_merged.mat,SAMPLE,1,24070,11071,553.5000000000001,1203.4500000000003
R006,CNO,T2_SD_CNO,2026_06_22_merged.mat,SAMPLE,1,24071,11072,553.5500000000001,1203.5
R006,CNO,T2_SD_CNO,2026_06_22_merged.mat,SAMPLE,1,24072,11073,553.6000000000001,1203.5500000000002
R006,CNO,T2_SD_CNO,2026_06_22_merged.mat,SAMPLE,1,24093,11094,554.6500000000001,1204.6000000000001
R006,CNO,T2_SD_CNO,2026_06_22_merged.mat,SAMPLE,1,24094,11095,554.7,1204.65
R006,CNO,T2_SD_CNO,2026_06_22_merged.mat,SAMPLE,1,24095,11096,554.7500000000001,1204.7000000000003
R006,CNO,T2_SD_CNO,2026_06_22_merged.mat,SAMPLE,1,24096,11097,554.8000000000001,1204.75
R006,CNO,T2_SD_CNO,2026_06_22_merged.mat,SAMPLE,1,24097,11098,554.8500000000001,1204.8000000000002
R006,CNO,T2_SD_CNO,2026_06_22_merged.mat,SAMPLE,1,24103,11104,555.1500000000001,1205.1000000000001
R006,CNO,T2_SD_CNO,2026_06_22_merged.mat,SAMPLE,1,24104,11105,555.2,1205.15
R006,CNO,T2_SD_CNO,2026_06_22_merged.mat,SAMPLE,1,24105,11106,555.2500000000001,1205.2000000000003
R006,CNO,T2_SD_CNO,2026_06_22_merged.mat,SAMPLE,1,24106,11107,555.3000000000001,1205.25
R006,CNO,T2_SD_CNO,2026_06_22_merged.mat,SAMPLE,1,24107,11108,555.3500000000001,1205.3000000000002
R006,CNO,T2_SD_CNO,2026_06_22_merged.mat,SAMPLE,1,24121,11122,556.0500000000001,1206.0
R006,CNO,T2_SD_CNO,2026_06_22_merged.mat,SAMPLE,1,24122,11123,556.1000000000001,1206.0500000000002
R006,CNO,T2_SD_CNO,2026_06_22_merged.mat,SAMPLE,1,24123,11124,556.1500000000001,1206.1000000000001
R006,CNO,T2_SD_CNO,2026_06_22_merged.mat,SAMPLE,1,24124,11125,556.2,1206.15
R006,CNO,T2_SD_CNO,2026_06_22_merged.mat,SAMPLE,2,24129,11130,556.45,1206.4
R006,CNO,T2_SD_CNO,2026_06_22_merged.mat,SAMPLE,1,24136,11137,556.8000000000001,1206.75
R006,CNO,T2_SD_CNO,2026_06_22_merged.mat,SAMPLE,1,24137,11138,556.8500000000001,1206.8000000000002
R006,CNO,T2_SD_CNO,2026_06_22_merged.mat,SAMPLE,1,24138,11139,556.9000000000001,1206.8500000000001
R006,CNO,T2_SD_CNO,2026_06_22_merged.mat,SAMPLE,1,24142,11143,557.1000000000001,1207.0500000000002
R006,CNO,T2_SD_CNO,2026_06_22_merged.mat,SAMPLE,1,24143,11144,557.1500000000001,1207.1000000000001
R006,CNO,T2_SD_CNO,2026_06_22_merged.mat,SAMPLE,2,24154,11155,557.7,1207.65
R006,CNO,T2_SD_CNO,2026_06_22_merged.mat,SAMPLE,2,24161,11162,558.0500000000001,1208.0
R006,CNO,T2_SD_CNO,2026_06_22_merged.mat,SAMPLE,2,24162,11163,558.1000000000001,1208.0500000000002
R006,CNO,T2_SD_CNO,2026_06_22_merged.mat,SAMPLE,2,24163,11164,558.1500000000001,1208.1000000000001
R006,CNO,T2_SD_CNO,2026_06_22_merged.mat,SAMPLE,2,24164,11165,558.2,1208.15
R006,CNO,T2_SD_CNO,2026_06_22_merged.mat,SAMPLE,2,24165,11166,558.2500000000001,1208.2000000000003
R006,CNO,T2_SD_CNO,2026_06_22_merged.mat,SAMPLE,2,24173,11174,558.6500000000001,1208.6000000000001
R006,CNO,T2_SD_CNO,2026_06_22_merged.mat,SAMPLE,2,24174,11175,558.7,1208.65
R006,CNO,T2_SD_CNO,2026_06_22_merged.mat,SAMPLE,2,24175,11176,558.7500000000001,1208.7000000000003
R006,CNO,T2_SD_CNO,2026_06_22_merged.mat,SAMPLE,2,24176,11177,558.8000000000001,1208.75
R006,CNO,T2_SD_CNO,2026_06_22_merged.mat,SAMPLE,2,24177,11178,558.8500000000001,1208.8000000000002
R006,CNO,T2_SD_CNO,2026_06_22_merged.mat,SAMPLE,2,24178,11179,558.9000000000001,1208.8500000000001
R006,CNO,T2_SD_CNO,2026_06_22_merged.mat,SAMPLE,2,24179,11180,558.95,1208.9
R006,CNO,T2_SD_CNO,2026_06_22_merged.mat,SAMPLE,2,24180,11181,559.0000000000001,1208.9500000000003
R006,CNO,T2_SD_CNO,2026_06_22_merged.mat,SAMPLE,2,24181,11182,559.0500000000001,1209.0
R006,CNO,T2_SD_CNO,2026_06_22_merged.mat,SAMPLE,2,24182,11183,559.1000000000001,1209.0500000000002
R006,CNO,T2_SD_CNO,2026_06_22_merged.mat,SAMPLE,2,24183,11184,559.1500000000001,1209.1000000000001
R006,CNO,T2_SD_CNO,2026_06_22_merged.mat,SAMPLE,2,24186,11187,559.3000000000001,1209.25
R006,CNO,T2_SD_CNO,2026_06_22_merged.mat,SAMPLE,2,24187,11188,559.3500000000001,1209.3000000000002
R006,CNO,T2_SD_CNO,2026_06_22_merged.mat,SAMPLE,2,24188,11189,559.4000000000001,1209.3500000000001
R006,CNO,T2_SD_CNO,2026_06_22_merged.mat,SAMPLE,2,24189,11190,559.45,1209.4
R006,CNO,T2_SD_CNO,2026_06_22_merged.mat,SAMPLE,2,24190,11191,559.5000000000001,1209.4500000000003
R006,CNO,T2_SD_CNO,2026_06_22_merged.mat,SAMPLE,2,24191,11192,559.5500000000001,1209.5
R006,CNO,T2_SD_CNO,2026_06_22_merged.mat,SAMPLE,2,24192,11193,559.6000000000001,1209.5500000000002
R006,CNO,T2_SD_CNO,2026_06_22_merged.mat,SAMPLE,2,24196,11197,559.8000000000001,1209.75
R006,CNO,T2_SD_CNO,2026_06_22_merged.mat,SAMPLE,2,24197,11198,559.8500000000001,1209.8000000000002
R006,CNO,T2_SD_CNO,2026_06_22_merged.mat,SAMPLE,2,24198,11199,559.9000000000001,1209.8500000000001
R006,CNO,T2_SD_CNO,2026_06_22_merged.mat,SAMPLE,2,24199,11200,559.95,1209.9
R006,CNO,T2_SD_CNO,2026_06_22_merged.mat,SAMPLE,2,24200,11201,560.0000000000001,1209.9500000000003
R006,CNO,T2_SD_CNO,2026_06_22_merged.mat,SAMPLE,2,24201,11202,560.0500000000001,1210.0
R006,CNO,T2_SD_CNO,2026_06_22_merged.mat,SAMPLE,2,24202,11203,560.1000000000001,1210.0500000000002
R006,CNO,T2_SD_CNO,2026_06_22_merged.mat,SAMPLE,2,24210,11211,560.5000000000001,1210.4500000000003
R006,CNO,T2_SD_CNO,2026_06_22_merged.mat,SAMPLE,2,24211,11212,560.5500000000001,1210.5
R006,CNO,T2_SD_CNO,2026_06_22_merged.mat,SAMPLE,2,24223,11224,561.1500000000001,1211.1000000000001
R006,CNO,T2_SD_CNO,2026_06_22_merged.mat,SAMPLE,2,24224,11225,561.2,1211.15
R006,CNO,T2_SD_CNO,2026_06_22_merged.mat,SAMPLE,2,24225,11226,561.2500000000001,1211.2000000000003
R006,CNO,T2_SD_CNO,2026_06_22_merged.mat,SAMPLE,1,24241,11242,562.0500000000001,1212.0
R006,CNO,T2_SD_CNO,2026_06_22_merged.mat,SAMPLE,1,24242,11243,562.1000000000001,1212.0500000000002
R006,CNO,T2_SD_CNO,2026_06_22_merged.mat,SAMPLE,1,24243,11244,562.1500000000001,1212.1000000000001
R006,CNO,T2_SD_CNO,2026_06_22_merged.mat,SAMPLE,1,24244,11245,562.2,1212.15
R006,CNO,T2_SD_CNO,2026_06_22_merged.mat,SAMPLE,1,24245,11246,562.2500000000001,1212.2000000000003
R006,CNO,T2_SD_CNO,2026_06_22_merged.mat,SAMPLE,1,24246,11247,562.3000000000001,1212.25
R006,CNO,T2_SD_CNO,2026_06_22_merged.mat,SAMPLE,1,24252,11253,562.6000000000001,1212.5500000000002
R006,CNO,T2_SD_CNO,2026_06_22_merged.mat,SAMPLE,1,24253,11254,562.6500000000001,1212.6000000000001
R006,CNO,T2_SD_CNO,2026_06_22_merged.mat,SAMPLE,1,24265,11266,563.2500000000001,1213.2000000000003
R006,CNO,T2_SD_CNO,2026_06_22_merged.mat,SAMPLE,1,24266,11267,563.3000000000001,1213.25
R006,CNO,T2_SD_CNO,2026_06_22_merged.mat,SAMPLE,1,24267,11268,563.3500000000001,1213.3000000000002
R006,CNO,T2_SD_CNO,2026_06_22_merged.mat,SAMPLE,1,24268,11269,563.4000000000001,1213.3500000000001
R006,CNO,T2_SD_CNO,2026_06_22_merged.mat,SAMPLE,1,24269,11270,563.45,1213.4
R006,CNO,T2_SD_CNO,2026_06_22_merged.mat,SAMPLE,1,24283,11284,564.1500000000001,1214.1000000000001
R006,CNO,T2_SD_CNO,2026_06_22_merged.mat,SAMPLE,1,24284,11285,564.2,1214.15
R006,CNO,T2_SD_CNO,2026_06_22_merged.mat,SAMPLE,1,24294,11295,564.7,1214.65
R006,CNO,T2_SD_CNO,2026_06_22_merged.mat,SAMPLE,1,24295,11296,564.7500000000001,1214.7000000000003
R006,CNO,T2_SD_CNO,2026_06_22_merged.mat,SAMPLE,1,24296,11297,564.8000000000001,1214.75
R006,CNO,T2_SD_CNO,2026_06_22_merged.mat,SAMPLE,1,24297,11298,564.8500000000001,1214.8000000000002
R006,CNO,T2_SD_CNO,2026_06_22_merged.mat,SAMPLE,1,24320,11321,566.0000000000001,1215.9500000000003
R006,CNO,T2_SD_CNO,2026_06_22_merged.mat,SAMPLE,1,24321,11322,566.0500000000001,1216.0
R006,CNO,T2_SD_CNO,2026_06_22_merged.mat,SAMPLE,1,24322,11323,566.1000000000001,1216.0500000000002
R006,CNO,T2_SD_CNO,2026_06_22_merged.mat,SAMPLE,1,24331,11332,566.5500000000001,1216.5
R006,CNO,T2_SD_CNO,2026_06_22_merged.mat,SAMPLE,1,24332,11333,566.6000000000001,1216.5500000000002
R006,CNO,T2_SD_CNO,2026_06_22_merged.mat,SAMPLE,1,24333,11334,566.6500000000001,1216.6000000000001
R006,CNO,T2_SD_CNO,2026_06_22_merged.mat,SAMPLE,1,24354,11355,567.7,1217.65
R006,CNO,T2_SD_CNO,2026_06_22_merged.mat,SAMPLE,1,24357,11358,567.8500000000001,1217.8000000000002
R006,CNO,T2_SD_CNO,2026_06_22_merged.mat,SAMPLE,1,24358,11359,567.9000000000001,1217.8500000000001
R006,CNO,T2_SD_CNO,2026_06_22_merged.mat,SAMPLE,1,24359,11360,567.95,1217.9
R006,CNO,T2_SD_CNO,2026_06_22_merged.mat,SAMPLE,1,24360,11361,568.0000000000001,1217.9500000000003
R006,CNO,T2_SD_CNO,2026_06_22_merged.mat,SAMPLE,1,24361,11362,568.0500000000001,1218.0
R006,CNO,T2_SD_CNO,2026_06_22_merged.mat,SAMPLE,1,24362,11363,568.1000000000001,1218.0500000000002
R006,CNO,T2_SD_CNO,2026_06_22_merged.mat,SAMPLE,1,24364,11365,568.2,1218.15
R006,CNO,T2_SD_CNO,2026_06_22_merged.mat,SAMPLE,1,24365,11366,568.2500000000001,1218.2000000000003
R006,CNO,T2_SD_CNO,2026_06_22_merged.mat,SAMPLE,1,24381,11382,569.0500000000001,1219.0
R006,CNO,T2_SD_CNO,2026_06_22_merged.mat,SAMPLE,1,24382,11383,569.1000000000001,1219.0500000000002
R006,CNO,T2_SD_CNO,2026_06_22_merged.mat,SAMPLE,1,24383,11384,569.1500000000001,1219.1000000000001
R006,CNO,T2_SD_CNO,2026_06_22_merged.mat,SAMPLE,1,24384,11385,569.2,1219.15
R006,CNO,T2_SD_CNO,2026_06_22_merged.mat,SAMPLE,2,24389,11390,569.45,1219.4
R006,CNO,T2_SD_CNO,2026_06_22_merged.mat,SAMPLE,2,24391,11392,569.5500000000001,1219.5
R006,CNO,T2_SD_CNO,2026_06_22_merged.mat,SAMPLE,2,24392,11393,569.6000000000001,1219.5500000000002
R006,CNO,T2_SD_CNO,2026_06_22_merged.mat,SAMPLE,1,24425,11426,571.2500000000001,1221.2000000000003
R006,CNO,T2_SD_CNO,2026_06_22_merged.mat,SAMPLE,1,24426,11427,571.3000000000001,1221.25
R006,CNO,T2_SD_CNO,2026_06_22_merged.mat,SAMPLE,1,24427,11428,571.3500000000001,1221.3000000000002
R006,CNO,T2_SD_CNO,2026_06_22_merged.mat,SAMPLE,1,24428,11429,571.4000000000001,1221.3500000000001
R006,CNO,T2_SD_CNO,2026_06_22_merged.mat,SAMPLE,1,24446,11447,572.3000000000001,1222.25
R006,CNO,T2_SD_CNO,2026_06_22_merged.mat,SAMPLE,1,24447,11448,572.3500000000001,1222.3000000000002
R006,CNO,T2_SD_CNO,2026_06_22_merged.mat,SAMPLE,1,24448,11449,572.4000000000001,1222.3500000000001
R006,CNO,T2_SD_CNO,2026_06_22_merged.mat,SAMPLE,1,24449,11450,572.45,1222.4
R006,CNO,T2_SD_CNO,2026_06_22_merged.mat,SAMPLE,1,24450,11451,572.5000000000001,1222.4500000000003
R006,CNO,T2_SD_CNO,2026_06_22_merged.mat,SAMPLE,1,24479,11480,573.95,1223.9
R006,CNO,T2_SD_CNO,2026_06_22_merged.mat,SAMPLE,1,24480,11481,574.0000000000001,1223.9500000000003
R006,CNO,T2_SD_CNO,2026_06_22_merged.mat,SAMPLE,1,24481,11482,574.0500000000001,1224.0
R006,CNO,T2_SD_CNO,2026_06_22_merged.mat,SAMPLE,1,24482,11483,574.1000000000001,1224.0500000000002
R006,CNO,T2_SD_CNO,2026_06_22_merged.mat,SAMPLE,1,24483,11484,574.1500000000001,1224.1000000000001
R006,CNO,T2_SD_CNO,2026_06_22_merged.mat,SAMPLE,1,24484,11485,574.2,1224.15
R006,CNO,T2_SD_CNO,2026_06_22_merged.mat,SAMPLE,1,24485,11486,574.2500000000001,1224.2000000000003
R006,CNO,T2_SD_CNO,2026_06_22_merged.mat,SAMPLE,1,24491,11492,574.5500000000001,1224.5
R006,CNO,T2_SD_CNO,2026_06_22_merged.mat,SAMPLE,1,24492,11493,574.6000000000001,1224.5500000000002
R006,CNO,T2_SD_CNO,2026_06_22_merged.mat,SAMPLE,1,24493,11494,574.6500000000001,1224.6000000000001
R006,CNO,T2_SD_CNO,2026_06_22_merged.mat,SAMPLE,1,24494,11495,574.7,1224.65
R006,CNO,T2_SD_CNO,2026_06_22_merged.mat,SAMPLE,1,24495,11496,574.7500000000001,1224.7000000000003
R006,CNO,T2_SD_CNO,2026_06_22_merged.mat,SAMPLE,1,24524,11525,576.2,1226.15
R006,CNO,T2_SD_CNO,2026_06_22_merged.mat,SAMPLE,1,24525,11526,576.2500000000001,1226.2000000000003
R006,CNO,T2_SD_CNO,2026_06_22_merged.mat,SAMPLE,1,24526,11527,576.3000000000001,1226.25
R006,CNO,T2_SD_CNO,2026_06_22_merged.mat,SAMPLE,1,24527,11528,576.3500000000001,1226.3000000000002
R006,CNO,T2_SD_CNO,2026_06_22_merged.mat,SAMPLE,1,24528,11529,576.4000000000001,1226.3500000000001
R006,CNO,T2_SD_CNO,2026_06_22_merged.mat,SAMPLE,1,24529,11530,576.45,1226.4
R006,CNO,T2_SD_CNO,2026_06_22_merged.mat,SAMPLE,2,24554,11555,577.7,1227.65
R006,CNO,T2_SD_CNO,2026_06_22_merged.mat,SAMPLE,2,24555,11556,577.7500000000001,1227.7000000000003
R006,CNO,T2_SD_CNO,2026_06_22_merged.mat,SAMPLE,2,24556,11557,577.8000000000001,1227.75
R006,CNO,T2_SD_CNO,2026_06_22_merged.mat,SAMPLE,2,24566,11567,578.3000000000001,1228.25
R006,CNO,T2_SD_CNO,2026_06_22_merged.mat,SAMPLE,1,24582,11583,579.1000000000001,1229.0500000000002
R006,CNO,T2_SD_CNO,2026_06_22_merged.mat,SAMPLE,1,24583,11584,579.1500000000001,1229.1000000000001
R006,CNO,T2_SD_CNO,2026_06_22_merged.mat,SAMPLE,1,24584,11585,579.2,1229.15
R006,CNO,T2_SD_CNO,2026_06_22_merged.mat,SAMPLE,1,24585,11586,579.2500000000001,1229.2000000000003
R006,CNO,T2_SD_CNO,2026_06_22_merged.mat,SAMPLE,1,24586,11587,579.3000000000001,1229.25
R006,CNO,T2_SD_CNO,2026_06_22_merged.mat,SAMPLE,1,24587,11588,579.3500000000001,1229.3000000000002
R006,CNO,T2_SD_CNO,2026_06_22_merged.mat,SAMPLE,1,24588,11589,579.4000000000001,1229.3500000000001
R006,CNO,T2_SD_CNO,2026_06_22_merged.mat,SAMPLE,1,24589,11590,579.45,1229.4
R006,CNO,T2_SD_CNO,2026_06_22_merged.mat,SAMPLE,1,24590,11591,579.5000000000001,1229.4500000000003
R006,CNO,T2_SD_CNO,2026_06_22_merged.mat,SAMPLE,1,24591,11592,579.5500000000001,1229.5
R006,CNO,T2_SD_CNO,2026_06_22_merged.mat,SAMPLE,1,24592,11593,579.6000000000001,1229.5500000000002
R006,CNO,T2_SD_CNO,2026_06_22_merged.mat,SAMPLE,1,24594,11595,579.7,1229.65
R006,CNO,T2_SD_CNO,2026_06_22_merged.mat,SAMPLE,1,24596,11597,579.8000000000001,1229.75
R006,CNO,T2_SD_CNO,2026_06_22_merged.mat,SAMPLE,1,24597,11598,579.8500000000001,1229.8000000000002
R006,CNO,T2_SD_CNO,2026_06_22_merged.mat,SAMPLE,1,24598,11599,579.9000000000001,1229.8500000000001
R006,CNO,T2_SD_CNO,2026_06_22_merged.mat,SAMPLE,1,24636,11637,581.8000000000001,1231.75
R006,CNO,T2_SD_CNO,2026_06_22_merged.mat,SAMPLE,1,24637,11638,581.8500000000001,1231.8000000000002
R006,CNO,T2_SD_CNO,2026_06_22_merged.mat,SAMPLE,1,24638,11639,581.9000000000001,1231.8500000000001
R006,CNO,T2_SD_CNO,2026_06_22_merged.mat,SAMPLE,1,24639,11640,581.95,1231.9
R006,CNO,T2_SD_CNO,2026_06_22_merged.mat,SAMPLE,1,24648,11649,582.4000000000001,1232.3500000000001
R006,CNO,T2_SD_CNO,2026_06_22_merged.mat,SAMPLE,1,24649,11650,582.45,1232.4
R006,CNO,T2_SD_CNO,2026_06_22_merged.mat,SAMPLE,1,24650,11651,582.5000000000001,1232.4500000000003
R006,CNO,T2_SD_CNO,2026_06_22_merged.mat,SAMPLE,1,24651,11652,582.5500000000001,1232.5
R006,CNO,T2_SD_CNO,2026_06_22_merged.mat,SAMPLE,1,24680,11681,584.0000000000001,1233.9500000000003
R006,CNO,T2_SD_CNO,2026_06_22_merged.mat,SAMPLE,1,24709,11710,585.45,1235.4
R006,CNO,T2_SD_CNO,2026_06_22_merged.mat,SAMPLE,1,24710,11711,585.5000000000001,1235.4500000000003
R006,CNO,T2_SD_CNO,2026_06_22_merged.mat,SAMPLE,1,24711,11712,585.5500000000001,1235.5
R006,CNO,T2_SD_CNO,2026_06_22_merged.mat,SAMPLE,1,24722,11723,586.1000000000001,1236.0500000000002
R006,CNO,T2_SD_CNO,2026_06_22_merged.mat,SAMPLE,1,24723,11724,586.1500000000001,1236.1000000000001
R006,CNO,T2_SD_CNO,2026_06_22_merged.mat,SAMPLE,1,24724,11725,586.2,1236.15
R006,CNO,T2_SD_CNO,2026_06_22_merged.mat,SAMPLE,1,24725,11726,586.2500000000001,1236.2000000000003
R006,CNO,T2_SD_CNO,2026_06_22_merged.mat,SAMPLE,1,24734,11735,586.7,1236.65
R006,CNO,T2_SD_CNO,2026_06_22_merged.mat,SAMPLE,1,24735,11736,586.7500000000001,1236.7000000000003
R006,CNO,T2_SD_CNO,2026_06_22_merged.mat,SAMPLE,1,24793,11794,589.6500000000001,1239.6000000000001
R006,CNO,T2_SD_CNO,2026_06_22_merged.mat,SAMPLE,1,24794,11795,589.7,1239.65
R006,CNO,T2_SD_CNO,2026_06_22_merged.mat,SAMPLE,1,24795,11796,589.7500000000001,1239.7000000000003
R006,CNO,T2_SD_CNO,2026_06_22_merged.mat,SAMPLE,1,24796,11797,589.8000000000001,1239.75
R006,CNO,T2_SD_CNO,2026_06_22_merged.mat,SAMPLE,1,24797,11798,589.8500000000001,1239.8000000000002
R006,CNO,T2_SD_CNO,2026_06_22_merged.mat,SAMPLE,1,24798,11799,589.9000000000001,1239.8500000000001
R006,CNO,T2_SD_CNO,2026_06_22_merged.mat,SAMPLE,1,24812,11813,590.6000000000001,1240.5500000000002
R006,CNO,T2_SD_CNO,2026_06_22_merged.mat,SAMPLE,1,24813,11814,590.6500000000001,1240.6000000000001
R006,CNO,T2_SD_CNO,2026_06_22_merged.mat,SAMPLE,1,24814,11815,590.7,1240.65
R006,CNO,T2_SD_CNO,2026_06_22_merged.mat,SAMPLE,1,24820,11821,591.0000000000001,1240.9500000000003
R006,CNO,T2_SD_CNO,2026_06_22_merged.mat,SAMPLE,1,24821,11822,591.0500000000001,1241.0
R006,CNO,T2_SD_CNO,2026_06_22_merged.mat,SAMPLE,1,24822,11823,591.1000000000001,1241.0500000000002
R006,CNO,T2_SD_CNO,2026_06_22_merged.mat,SAMPLE,1,24823,11824,591.1500000000001,1241.1000000000001
R006,CNO,T2_SD_CNO,2026_06_22_merged.mat,SAMPLE,1,24824,11825,591.2,1241.15
R006,CNO,T2_SD_CNO,2026_06_22_merged.mat,SAMPLE,1,24825,11826,591.2500000000001,1241.2000000000003
R006,CNO,T2_SD_CNO,2026_06_22_merged.mat,SAMPLE,1,24836,11837,591.8000000000001,1241.75
R006,CNO,T2_SD_CNO,2026_06_22_merged.mat,SAMPLE,1,24837,11838,591.8500000000001,1241.8000000000002
R006,CNO,T2_SD_CNO,2026_06_22_merged.mat,SAMPLE,1,24838,11839,591.9000000000001,1241.8500000000001
R006,CNO,T2_SD_CNO,2026_06_22_merged.mat,SAMPLE,1,24846,11847,592.3000000000001,1242.25
R006,CNO,T2_SD_CNO,2026_06_22_merged.mat,SAMPLE,1,24847,11848,592.3500000000001,1242.3000000000002
R006,CNO,T2_SD_CNO,2026_06_22_merged.mat,SAMPLE,1,24848,11849,592.4000000000001,1242.3500000000001
R006,CNO,T2_SD_CNO,2026_06_22_merged.mat,SAMPLE,1,24849,11850,592.45,1242.4
R006,CNO,T2_SD_CNO,2026_06_22_merged.mat,SAMPLE,1,24869,11870,593.45,1243.4
R006,CNO,T2_SD_CNO,2026_06_22_merged.mat,SAMPLE,1,24870,11871,593.5000000000001,1243.4500000000003
R006,CNO,T2_SD_CNO,2026_06_22_merged.mat,SAMPLE,1,24871,11872,593.5500000000001,1243.5
R006,CNO,T2_SD_CNO,2026_06_22_merged.mat,SAMPLE,1,24872,11873,593.6000000000001,1243.5500000000002
R006,CNO,T2_SD_CNO,2026_06_22_merged.mat,SAMPLE,1,24873,11874,593.6500000000001,1243.6000000000001
R006,CNO,T2_SD_CNO,2026_06_22_merged.mat,SAMPLE,1,24874,11875,593.7,1243.65
R006,CNO,T2_SD_CNO,2026_06_22_merged.mat,SAMPLE,1,24886,11887,594.3000000000001,1244.25
R006,CNO,T2_SD_CNO,2026_06_22_merged.mat,SAMPLE,1,24894,11895,594.7,1244.65
R006,CNO,T2_SD_CNO,2026_06_22_merged.mat,SAMPLE,1,24895,11896,594.7500000000001,1244.7000000000003
R006,CNO,T2_SD_CNO,2026_06_22_merged.mat,SAMPLE,1,24896,11897,594.8000000000001,1244.75
R006,CNO,T2_SD_CNO,2026_06_22_merged.mat,SAMPLE,1,24897,11898,594.8500000000001,1244.8000000000002
R006,CNO,T2_SD_CNO,2026_06_22_merged.mat,SAMPLE,1,24898,11899,594.9000000000001,1244.8500000000001
R006,CNO,T2_SD_CNO,2026_06_22_merged.mat,SAMPLE,1,24899,11900,594.95,1244.9
R006,CNO,T2_SD_CNO,2026_06_22_merged.mat,SAMPLE,1,24900,11901,595.0000000000001,1244.9500000000003
R006,CNO,T2_SD_CNO,2026_06_22_merged.mat,SAMPLE,1,24907,11908,595.3500000000001,1245.3000000000002
R006,CNO,T2_SD_CNO,2026_06_22_merged.mat,SAMPLE,1,24908,11909,595.4000000000001,1245.3500000000001
R006,CNO,T2_SD_CNO,2026_06_22_merged.mat,SAMPLE,1,24909,11910,595.45,1245.4
R006,CNO,T2_SD_CNO,2026_06_22_merged.mat,SAMPLE,1,24910,11911,595.5000000000001,1245.4500000000003
R006,CNO,T2_SD_CNO,2026_06_22_merged.mat,SAMPLE,1,24911,11912,595.5500000000001,1245.5
R006,CNO,T2_SD_CNO,2026_06_22_merged.mat,SAMPLE,1,24918,11919,595.9000000000001,1245.8500000000001
R006,CNO,T2_SD_CNO,2026_06_22_merged.mat,SAMPLE,1,24919,11920,595.95,1245.9
R006,CNO,T2_SD_CNO,2026_06_22_merged.mat,SAMPLE,1,24920,11921,596.0000000000001,1245.9500000000003
R006,CNO,T2_SD_CNO,2026_06_22_merged.mat,SAMPLE,2,24938,11939,596.9000000000001,1246.8500000000001
R006,CNO,T2_SD_CNO,2026_06_22_merged.mat,SAMPLE,1,24947,11948,597.3500000000001,1247.3000000000002
R006,CNO,T2_SD_CNO,2026_06_22_merged.mat,SAMPLE,1,24948,11949,597.4000000000001,1247.3500000000001
R006,CNO,T2_SD_CNO,2026_06_22_merged.mat,SAMPLE,1,24949,11950,597.45,1247.4
R006,CNO,T2_SD_CNO,2026_06_22_merged.mat,SAMPLE,1,24950,11951,597.5000000000001,1247.4500000000003
R006,CNO,T2_SD_CNO,2026_06_22_merged.mat,SAMPLE,1,24951,11952,597.5500000000001,1247.5
R006,CNO,T2_SD_CNO,2026_06_22_merged.mat,SAMPLE,1,24952,11953,597.6000000000001,1247.5500000000002
R006,CNO,T2_SD_CNO,2026_06_22_merged.mat,SAMPLE,1,24953,11954,597.6500000000001,1247.6000000000001
R006,CNO,T2_SD_CNO,2026_06_22_merged.mat,SAMPLE,1,24984,11985,599.2,1249.15
R006,CNO,T2_SD_CNO,2026_06_22_merged.mat,SAMPLE,1,24991,11992,599.5500000000001,1249.5
R006,CNO,T2_SD_CNO,2026_06_22_merged.mat,SAMPLE,1,25006,12007,600.3000000000001,1250.25
R006,CNO,T2_SD_CNO,2026_06_22_merged.mat,SAMPLE,1,25044,12045,602.2,1252.15
R006,CNO,T2_SD_CNO,2026_06_22_merged.mat,SAMPLE,1,25045,12046,602.2500000000001,1252.2000000000003
R006,CNO,T2_SD_CNO,2026_06_22_merged.mat,SAMPLE,1,25046,12047,602.3000000000001,1252.25
R006,CNO,T2_SD_CNO,2026_06_22_merged.mat,SAMPLE,2,25053,12054,602.6500000000001,1252.6000000000001
R006,CNO,T2_SD_CNO,2026_06_22_merged.mat,SAMPLE,2,25065,12066,603.2500000000001,1253.2000000000003
R006,CNO,T2_SD_CNO,2026_06_22_merged.mat,SAMPLE,2,25066,12067,603.3000000000001,1253.25
R006,CNO,T2_SD_CNO,2026_06_22_merged.mat,SAMPLE,2,25067,12068,603.3500000000001,1253.3000000000002
R006,CNO,T2_SD_CNO,2026_06_22_merged.mat,SAMPLE,2,25077,12078,603.8500000000001,1253.8000000000002
R006,CNO,T2_SD_CNO,2026_06_22_merged.mat,SAMPLE,1,25085,12086,604.2500000000001,1254.2000000000003
R006,CNO,T2_SD_CNO,2026_06_22_merged.mat,SAMPLE,1,25086,12087,604.3000000000001,1254.25
R006,CNO,T2_SD_CNO,2026_06_22_merged.mat,SAMPLE,1,25087,12088,604.3500000000001,1254.3000000000002
R006,CNO,T2_SD_CNO,2026_06_22_merged.mat,SAMPLE,1,25088,12089,604.4000000000001,1254.3500000000001
R006,CNO,T2_SD_CNO,2026_06_22_merged.mat,SAMPLE,1,25089,12090,604.45,1254.4
R006,CNO,T2_SD_CNO,2026_06_22_merged.mat,SAMPLE,1,25090,12091,604.5000000000001,1254.4500000000003
R006,CNO,T2_SD_CNO,2026_06_22_merged.mat,SAMPLE,1,25091,12092,604.5500000000001,1254.5
R006,CNO,T2_SD_CNO,2026_06_22_merged.mat,SAMPLE,1,25092,12093,604.6000000000001,1254.5500000000002
R006,CNO,T2_SD_CNO,2026_06_22_merged.mat,SAMPLE,1,25098,12099,604.9000000000001,1254.8500000000001
R006,CNO,T2_SD_CNO,2026_06_22_merged.mat,SAMPLE,1,25099,12100,604.95,1254.9
R006,CNO,T2_SD_CNO,2026_06_22_merged.mat,SAMPLE,1,25100,12101,605.0000000000001,1254.9500000000003
R006,CNO,T2_SD_CNO,2026_06_22_merged.mat,SAMPLE,1,25101,12102,605.0500000000001,1255.0
R006,CNO,T2_SD_CNO,2026_06_22_merged.mat,SAMPLE,1,25102,12103,605.1000000000001,1255.0500000000002
R006,CNO,T2_SD_CNO,2026_06_22_merged.mat,SAMPLE,1,25103,12104,605.1500000000001,1255.1000000000001
R006,CNO,T2_SD_CNO,2026_06_22_merged.mat,SAMPLE,1,25104,12105,605.2,1255.15
R006,CNO,T2_SD_CNO,2026_06_22_merged.mat,SAMPLE,1,25106,12107,605.3000000000001,1255.25
R006,CNO,T2_SD_CNO,2026_06_22_merged.mat,SAMPLE,1,25109,12110,605.45,1255.4
R006,CNO,T2_SD_CNO,2026_06_22_merged.mat,SAMPLE,1,25110,12111,605.5000000000001,1255.4500000000003
R006,CNO,T2_SD_CNO,2026_06_22_merged.mat,SAMPLE,1,25111,12112,605.5500000000001,1255.5
R006,CNO,T2_SD_CNO,2026_06_22_merged.mat,SAMPLE,1,25112,12113,605.6000000000001,1255.5500000000002
R006,CNO,T2_SD_CNO,2026_06_22_merged.mat,SAMPLE,1,25113,12114,605.6500000000001,1255.6000000000001
R006,CNO,T2_SD_CNO,2026_06_22_merged.mat,SAMPLE,1,25114,12115,605.7,1255.65
R006,CNO,T2_SD_CNO,2026_06_22_merged.mat,SAMPLE,1,25115,12116,605.7500000000001,1255.7000000000003
R006,CNO,T2_SD_CNO,2026_06_22_merged.mat,SAMPLE,1,25116,12117,605.8000000000001,1255.75
R006,CNO,T2_SD_CNO,2026_06_22_merged.mat,SAMPLE,1,25117,12118,605.8500000000001,1255.8000000000002
R006,CNO,T2_SD_CNO,2026_06_22_merged.mat,SAMPLE,1,25118,12119,605.9000000000001,1255.8500000000001
R006,CNO,T2_SD_CNO,2026_06_22_merged.mat,SAMPLE,1,25119,12120,605.95,1255.9
R006,CNO,T2_SD_CNO,2026_06_22_merged.mat,SAMPLE,1,25120,12121,606.0000000000001,1255.9500000000003
R006,CNO,T2_SD_CNO,2026_06_22_merged.mat,SAMPLE,1,25121,12122,606.0500000000001,1256.0
R006,CNO,T2_SD_CNO,2026_06_22_merged.mat,SAMPLE,1,25122,12123,606.1000000000001,1256.0500000000002
R006,CNO,T2_SD_CNO,2026_06_22_merged.mat,SAMPLE,1,25123,12124,606.1500000000001,1256.1000000000001
R006,CNO,T2_SD_CNO,2026_06_22_merged.mat,SAMPLE,1,25129,12130,606.45,1256.4
R006,CNO,T2_SD_CNO,2026_06_22_merged.mat,SAMPLE,1,25130,12131,606.5000000000001,1256.4500000000003
R006,CNO,T2_SD_CNO,2026_06_22_merged.mat,SAMPLE,1,25131,12132,606.5500000000001,1256.5
R006,CNO,T2_SD_CNO,2026_06_22_merged.mat,SAMPLE,1,25132,12133,606.6000000000001,1256.5500000000002
R006,CNO,T2_SD_CNO,2026_06_22_merged.mat,SAMPLE,1,25133,12134,606.6500000000001,1256.6000000000001
R006,CNO,T2_SD_CNO,2026_06_22_merged.mat,SAMPLE,1,25134,12135,606.7,1256.65
R006,CNO,T2_SD_CNO,2026_06_22_merged.mat,SAMPLE,1,25152,12153,607.6000000000001,1257.5500000000002
R006,CNO,T2_SD_CNO,2026_06_22_merged.mat,SAMPLE,1,25153,12154,607.6500000000001,1257.6000000000001
R006,CNO,T2_SD_CNO,2026_06_22_merged.mat,SAMPLE,1,25154,12155,607.7,1257.65
R006,CNO,T2_SD_CNO,2026_06_22_merged.mat,SAMPLE,1,25155,12156,607.7500000000001,1257.7000000000003
R006,CNO,T2_SD_CNO,2026_06_22_merged.mat,SAMPLE,1,25156,12157,607.8000000000001,1257.75
R006,CNO,T2_SD_CNO,2026_06_22_merged.mat,SAMPLE,1,25165,12166,608.2500000000001,1258.2000000000003
R006,CNO,T2_SD_CNO,2026_06_22_merged.mat,SAMPLE,1,25166,12167,608.3000000000001,1258.25
R006,CNO,T2_SD_CNO,2026_06_22_merged.mat,SAMPLE,1,25167,12168,608.3500000000001,1258.3000000000002
R006,CNO,T2_SD_CNO,2026_06_22_merged.mat,SAMPLE,2,25173,12174,608.6500000000001,1258.6000000000001
R006,CNO,T2_SD_CNO,2026_06_22_merged.mat,SAMPLE,2,25174,12175,608.7,1258.65
R006,CNO,T2_SD_CNO,2026_06_22_merged.mat,SAMPLE,1,25180,12181,609.0000000000001,1258.9500000000003
R006,CNO,T2_SD_CNO,2026_06_22_merged.mat,SAMPLE,1,25181,12182,609.0500000000001,1259.0
R006,CNO,T2_SD_CNO,2026_06_22_merged.mat,SAMPLE,1,25182,12183,609.1000000000001,1259.0500000000002
R006,CNO,T2_SD_CNO,2026_06_22_merged.mat,SAMPLE,1,25183,12184,609.1500000000001,1259.1000000000001
R006,CNO,T2_SD_CNO,2026_06_22_merged.mat,SAMPLE,1,25184,12185,609.2,1259.15
R006,CNO,T2_SD_CNO,2026_06_22_merged.mat,SAMPLE,1,25185,12186,609.2500000000001,1259.2000000000003
R006,CNO,T2_SD_CNO,2026_06_22_merged.mat,SAMPLE,1,25206,12207,610.3000000000001,1260.25
R006,CNO,T2_SD_CNO,2026_06_22_merged.mat,SAMPLE,1,25207,12208,610.3500000000001,1260.3000000000002
R006,CNO,T2_SD_CNO,2026_06_22_merged.mat,SAMPLE,1,25208,12209,610.4000000000001,1260.3500000000001
R006,CNO,T2_SD_CNO,2026_06_22_merged.mat,SAMPLE,1,25209,12210,610.45,1260.4
R006,CNO,T2_SD_CNO,2026_06_22_merged.mat,SAMPLE,1,25210,12211,610.5000000000001,1260.4500000000003
R006,CNO,T2_SD_CNO,2026_06_22_merged.mat,SAMPLE,1,25211,12212,610.5500000000001,1260.5
R006,CNO,T2_SD_CNO,2026_06_22_merged.mat,SAMPLE,1,25212,12213,610.6000000000001,1260.5500000000002
R006,CNO,T2_SD_CNO,2026_06_22_merged.mat,SAMPLE,1,25218,12219,610.9000000000001,1260.8500000000001
R006,CNO,T2_SD_CNO,2026_06_22_merged.mat,SAMPLE,1,25219,12220,610.95,1260.9
R006,CNO,T2_SD_CNO,2026_06_22_merged.mat,SAMPLE,1,25220,12221,611.0000000000001,1260.9500000000003
R006,CNO,T2_SD_CNO,2026_06_22_merged.mat,SAMPLE,1,25221,12222,611.0500000000001,1261.0
R006,CNO,T2_SD_CNO,2026_06_22_merged.mat,SAMPLE,2,25238,12239,611.9000000000001,1261.8500000000001
R006,CNO,T2_SD_CNO,2026_06_22_merged.mat,SAMPLE,2,25239,12240,611.95,1261.9
R006,CNO,T2_SD_CNO,2026_06_22_merged.mat,SAMPLE,2,25240,12241,612.0000000000001,1261.9500000000003
R006,CNO,T2_SD_CNO,2026_06_22_merged.mat,SAMPLE,1,25253,12254,612.6500000000001,1262.6000000000001
R006,CNO,T2_SD_CNO,2026_06_22_merged.mat,SAMPLE,1,25254,12255,612.7,1262.65
R006,CNO,T2_SD_CNO,2026_06_22_merged.mat,SAMPLE,1,25255,12256,612.7500000000001,1262.7000000000003
R006,CNO,T2_SD_CNO,2026_06_22_merged.mat,SAMPLE,1,25263,12264,613.1500000000001,1263.1000000000001
R006,CNO,T2_SD_CNO,2026_06_22_merged.mat,SAMPLE,1,25264,12265,613.2,1263.15
R006,CNO,T2_SD_CNO,2026_06_22_merged.mat,SAMPLE,1,25265,12266,613.2500000000001,1263.2000000000003
R006,CNO,T2_SD_CNO,2026_06_22_merged.mat,SAMPLE,1,25266,12267,613.3000000000001,1263.25
R006,CNO,T2_SD_CNO,2026_06_22_merged.mat,SAMPLE,1,25267,12268,613.3500000000001,1263.3000000000002
R006,CNO,T2_SD_CNO,2026_06_22_merged.mat,SAMPLE,1,25268,12269,613.4000000000001,1263.3500000000001
R006,CNO,T2_SD_CNO,2026_06_22_merged.mat,SAMPLE,1,25273,12274,613.6500000000001,1263.6000000000001
R006,CNO,T2_SD_CNO,2026_06_22_merged.mat,SAMPLE,1,25275,12276,613.7500000000001,1263.7000000000003
R006,CNO,T2_SD_CNO,2026_06_22_merged.mat,SAMPLE,1,25276,12277,613.8000000000001,1263.75
R006,CNO,T2_SD_CNO,2026_06_22_merged.mat,SAMPLE,1,25277,12278,613.8500000000001,1263.8000000000002
R006,CNO,T2_SD_CNO,2026_06_22_merged.mat,SAMPLE,1,25278,12279,613.9000000000001,1263.8500000000001
R006,CNO,T2_SD_CNO,2026_06_22_merged.mat,SAMPLE,1,25279,12280,613.95,1263.9
R006,CNO,T2_SD_CNO,2026_06_22_merged.mat,SAMPLE,1,25280,12281,614.0000000000001,1263.9500000000003
R006,CNO,T2_SD_CNO,2026_06_22_merged.mat,SAMPLE,1,25281,12282,614.0500000000001,1264.0
R006,CNO,T2_SD_CNO,2026_06_22_merged.mat,SAMPLE,1,25283,12284,614.1500000000001,1264.1000000000001
R006,CNO,T2_SD_CNO,2026_06_22_merged.mat,SAMPLE,1,25284,12285,614.2,1264.15
R006,CNO,T2_SD_CNO,2026_06_22_merged.mat,SAMPLE,1,25285,12286,614.2500000000001,1264.2000000000003
R006,CNO,T2_SD_CNO,2026_06_22_merged.mat,SAMPLE,1,25286,12287,614.3000000000001,1264.25
R006,CNO,T2_SD_CNO,2026_06_22_merged.mat,SAMPLE,1,25287,12288,614.3500000000001,1264.3000000000002
R006,CNO,T2_SD_CNO,2026_06_22_merged.mat,SAMPLE,1,25288,12289,614.4000000000001,1264.3500000000001
R006,CNO,T2_SD_CNO,2026_06_22_merged.mat,SAMPLE,1,25289,12290,614.45,1264.4
R006,CNO,T2_SD_CNO,2026_06_22_merged.mat,SAMPLE,1,25290,12291,614.5000000000001,1264.4500000000003
R006,CNO,T2_SD_CNO,2026_06_22_merged.mat,SAMPLE,1,25300,12301,615.0000000000001,1264.9500000000003
R006,CNO,T2_SD_CNO,2026_06_22_merged.mat,SAMPLE,1,25301,12302,615.0500000000001,1265.0
R006,CNO,T2_SD_CNO,2026_06_22_merged.mat,SAMPLE,1,25302,12303,615.1000000000001,1265.0500000000002
R006,CNO,T2_SD_CNO,2026_06_22_merged.mat,SAMPLE,1,25303,12304,615.1500000000001,1265.1000000000001
R006,CNO,T2_SD_CNO,2026_06_22_merged.mat,SAMPLE,1,25304,12305,615.2,1265.15
R006,CNO,T2_SD_CNO,2026_06_22_merged.mat,SAMPLE,1,25305,12306,615.2500000000001,1265.2000000000003
R006,CNO,T2_SD_CNO,2026_06_22_merged.mat,SAMPLE,1,25328,12329,616.4000000000001,1266.3500000000001
R006,CNO,T2_SD_CNO,2026_06_22_merged.mat,SAMPLE,1,25329,12330,616.45,1266.4
R006,CNO,T2_SD_CNO,2026_06_22_merged.mat,SAMPLE,1,25330,12331,616.5000000000001,1266.4500000000003
R006,CNO,T2_SD_CNO,2026_06_22_merged.mat,SAMPLE,1,25331,12332,616.5500000000001,1266.5
R006,CNO,T2_SD_CNO,2026_06_22_merged.mat,SAMPLE,1,25332,12333,616.6000000000001,1266.5500000000002
R006,CNO,T2_SD_CNO,2026_06_22_merged.mat,SAMPLE,1,25333,12334,616.6500000000001,1266.6000000000001
R006,CNO,T2_SD_CNO,2026_06_22_merged.mat,SAMPLE,1,25346,12347,617.3000000000001,1267.25
R006,CNO,T2_SD_CNO,2026_06_22_merged.mat,SAMPLE,1,25347,12348,617.3500000000001,1267.3000000000002
R006,CNO,T2_SD_CNO,2026_06_22_merged.mat,SAMPLE,1,25348,12349,617.4000000000001,1267.3500000000001
R006,CNO,T2_SD_CNO,2026_06_22_merged.mat,SAMPLE,1,25350,12351,617.5000000000001,1267.4500000000003
R006,CNO,T2_SD_CNO,2026_06_22_merged.mat,SAMPLE,1,25360,12361,618.0000000000001,1267.9500000000003
R006,CNO,T2_SD_CNO,2026_06_22_merged.mat,SAMPLE,1,25361,12362,618.0500000000001,1268.0
R006,CNO,T2_SD_CNO,2026_06_22_merged.mat,SAMPLE,1,25362,12363,618.1000000000001,1268.0500000000002
R006,CNO,T2_SD_CNO,2026_06_22_merged.mat,SAMPLE,1,25363,12364,618.1500000000001,1268.1000000000001
R006,CNO,T2_SD_CNO,2026_06_22_merged.mat,SAMPLE,1,25364,12365,618.2,1268.15
R006,CNO,T2_SD_CNO,2026_06_22_merged.mat,SAMPLE,1,25382,12383,619.1000000000001,1269.0500000000002
R006,CNO,T2_SD_CNO,2026_06_22_merged.mat,SAMPLE,1,25383,12384,619.1500000000001,1269.1000000000001
R006,CNO,T2_SD_CNO,2026_06_22_merged.mat,SAMPLE,1,25384,12385,619.2,1269.15
R006,CNO,T2_SD_CNO,2026_06_22_merged.mat,SAMPLE,1,25385,12386,619.2500000000001,1269.2000000000003
R006,CNO,T2_SD_CNO,2026_06_22_merged.mat,SAMPLE,1,25386,12387,619.3000000000001,1269.25
R006,CNO,T2_SD_CNO,2026_06_22_merged.mat,SAMPLE,1,25387,12388,619.3500000000001,1269.3000000000002
R006,CNO,T2_SD_CNO,2026_06_22_merged.mat,SAMPLE,1,25388,12389,619.4000000000001,1269.3500000000001
R006,CNO,T2_SD_CNO,2026_06_22_merged.mat,SAMPLE,1,25389,12390,619.45,1269.4
R006,CNO,T2_SD_CNO,2026_06_22_merged.mat,SAMPLE,1,25390,12391,619.5000000000001,1269.4500000000003
R006,CNO,T2_SD_CNO,2026_06_22_merged.mat,SAMPLE,1,25391,12392,619.5500000000001,1269.5
R006,CNO,T2_SD_CNO,2026_06_22_merged.mat,SAMPLE,1,25392,12393,619.6000000000001,1269.5500000000002
R006,CNO,T2_SD_CNO,2026_06_22_merged.mat,SAMPLE,1,25393,12394,619.6500000000001,1269.6000000000001
R006,CNO,T2_SD_CNO,2026_06_22_merged.mat,SAMPLE,1,25394,12395,619.7,1269.65
R006,CNO,T2_SD_CNO,2026_06_22_merged.mat,SAMPLE,1,25404,12405,620.2,1270.15
R006,CNO,T2_SD_CNO,2026_06_22_merged.mat,SAMPLE,1,25405,12406,620.2500000000001,1270.2000000000003
R006,CNO,T2_SD_CNO,2026_06_22_merged.mat,SAMPLE,1,25406,12407,620.3000000000001,1270.25
R006,CNO,T2_SD_CNO,2026_06_22_merged.mat,SAMPLE,1,25407,12408,620.3500000000001,1270.3000000000002
R006,CNO,T2_SD_CNO,2026_06_22_merged.mat,SAMPLE,1,25419,12420,620.95,1270.9
R006,CNO,T2_SD_CNO,2026_06_22_merged.mat,SAMPLE,1,25421,12422,621.0500000000001,1271.0
R006,CNO,T2_SD_CNO,2026_06_22_merged.mat,SAMPLE,1,25422,12423,621.1000000000001,1271.0500000000002
R006,CNO,T2_SD_CNO,2026_06_22_merged.mat,SAMPLE,1,25423,12424,621.1500000000001,1271.1000000000001
R006,CNO,T2_SD_CNO,2026_06_22_merged.mat,SAMPLE,1,25424,12425,621.2,1271.15
R006,CNO,T2_SD_CNO,2026_06_22_merged.mat,SAMPLE,1,25425,12426,621.2500000000001,1271.2000000000003
R006,CNO,T2_SD_CNO,2026_06_22_merged.mat,SAMPLE,1,25426,12427,621.3000000000001,1271.25
R006,CNO,T2_SD_CNO,2026_06_22_merged.mat,SAMPLE,1,25427,12428,621.3500000000001,1271.3000000000002
R006,CNO,T2_SD_CNO,2026_06_22_merged.mat,SAMPLE,1,25435,12436,621.7500000000001,1271.7000000000003
R006,CNO,T2_SD_CNO,2026_06_22_merged.mat,SAMPLE,1,25436,12437,621.8000000000001,1271.75
R006,CNO,T2_SD_CNO,2026_06_22_merged.mat,SAMPLE,1,25437,12438,621.8500000000001,1271.8000000000002
R006,CNO,T2_SD_CNO,2026_06_22_merged.mat,SAMPLE,1,25438,12439,621.9000000000001,1271.8500000000001
R006,CNO,T2_SD_CNO,2026_06_22_merged.mat,SAMPLE,1,25439,12440,621.95,1271.9
R006,CNO,T2_SD_CNO,2026_06_22_merged.mat,SAMPLE,1,25447,12448,622.3500000000001,1272.3000000000002
R006,CNO,T2_SD_CNO,2026_06_22_merged.mat,SAMPLE,1,25448,12449,622.4000000000001,1272.3500000000001
R006,CNO,T2_SD_CNO,2026_06_22_merged.mat,SAMPLE,1,25449,12450,622.45,1272.4
R006,CNO,T2_SD_CNO,2026_06_22_merged.mat,SAMPLE,1,25460,12461,623.0000000000001,1272.9500000000003
R006,CNO,T2_SD_CNO,2026_06_22_merged.mat,SAMPLE,1,25461,12462,623.0500000000001,1273.0
R006,CNO,T2_SD_CNO,2026_06_22_merged.mat,SAMPLE,1,25462,12463,623.1000000000001,1273.0500000000002
R006,CNO,T2_SD_CNO,2026_06_22_merged.mat,SAMPLE,1,25463,12464,623.1500000000001,1273.1000000000001
R006,CNO,T2_SD_CNO,2026_06_22_merged.mat,SAMPLE,1,25464,12465,623.2,1273.15
R006,CNO,T2_SD_CNO,2026_06_22_merged.mat,SAMPLE,1,25471,12472,623.5500000000001,1273.5
R006,CNO,T2_SD_CNO,2026_06_22_merged.mat,SAMPLE,1,25472,12473,623.6000000000001,1273.5500000000002
R006,CNO,T2_SD_CNO,2026_06_22_merged.mat,SAMPLE,1,25478,12479,623.9000000000001,1273.8500000000001
R006,CNO,T2_SD_CNO,2026_06_22_merged.mat,SAMPLE,1,25479,12480,623.95,1273.9
R006,CNO,T2_SD_CNO,2026_06_22_merged.mat,SAMPLE,1,25480,12481,624.0000000000001,1273.9500000000003
R006,CNO,T2_SD_CNO,2026_06_22_merged.mat,SAMPLE,1,25481,12482,624.0500000000001,1274.0
R006,CNO,T2_SD_CNO,2026_06_22_merged.mat,SAMPLE,1,25482,12483,624.1000000000001,1274.0500000000002
R006,CNO,T2_SD_CNO,2026_06_22_merged.mat,SAMPLE,2,25506,12507,625.3000000000001,1275.25
R006,CNO,T2_SD_CNO,2026_06_22_merged.mat,SAMPLE,2,25507,12508,625.3500000000001,1275.3000000000002
R006,CNO,T2_SD_CNO,2026_06_22_merged.mat,SAMPLE,2,25508,12509,625.4000000000001,1275.3500000000001
R006,CNO,T2_SD_CNO,2026_06_22_merged.mat,SAMPLE,2,25509,12510,625.45,1275.4
R006,CNO,T2_SD_CNO,2026_06_22_merged.mat,SAMPLE,2,25510,12511,625.5000000000001,1275.4500000000003
R006,CNO,T2_SD_CNO,2026_06_22_merged.mat,SAMPLE,2,25511,12512,625.5500000000001,1275.5
R006,CNO,T2_SD_CNO,2026_06_22_merged.mat,SAMPLE,2,25512,12513,625.6000000000001,1275.5500000000002
R006,CNO,T2_SD_CNO,2026_06_22_merged.mat,SAMPLE,2,25522,12523,626.1000000000001,1276.0500000000002
R006,CNO,T2_SD_CNO,2026_06_22_merged.mat,SAMPLE,2,25523,12524,626.1500000000001,1276.1000000000001
R006,CNO,T2_SD_CNO,2026_06_22_merged.mat,SAMPLE,1,25538,12539,626.9000000000001,1276.8500000000001
R006,CNO,T2_SD_CNO,2026_06_22_merged.mat,SAMPLE,1,25539,12540,626.95,1276.9
R006,CNO,T2_SD_CNO,2026_06_22_merged.mat,SAMPLE,1,25540,12541,627.0000000000001,1276.9500000000003
R006,CNO,T2_SD_CNO,2026_06_22_merged.mat,SAMPLE,1,25567,12568,628.3500000000001,1278.3000000000002
R006,CNO,T2_SD_CNO,2026_06_22_merged.mat,SAMPLE,1,25568,12569,628.4000000000001,1278.3500000000001
R006,CNO,T2_SD_CNO,2026_06_22_merged.mat,SAMPLE,1,25569,12570,628.45,1278.4
R006,CNO,T2_SD_CNO,2026_06_22_merged.mat,SAMPLE,1,25570,12571,628.5000000000001,1278.4500000000003
R006,CNO,T2_SD_CNO,2026_06_22_merged.mat,SAMPLE,1,25572,12573,628.6000000000001,1278.5500000000002
R006,CNO,T2_SD_CNO,2026_06_22_merged.mat,SAMPLE,1,25589,12590,629.45,1279.4
R006,CNO,T2_SD_CNO,2026_06_22_merged.mat,SAMPLE,2,25617,12618,630.8500000000001,1280.8000000000002
R006,CNO,T2_SD_CNO,2026_06_22_merged.mat,SAMPLE,2,25618,12619,630.9000000000001,1280.8500000000001
R006,CNO,T2_SD_CNO,2026_06_22_merged.mat,SAMPLE,1,25635,12636,631.7500000000001,1281.7000000000003
R006,CNO,T2_SD_CNO,2026_06_22_merged.mat,SAMPLE,1,25636,12637,631.8000000000001,1281.75
R006,CNO,T2_SD_CNO,2026_06_22_merged.mat,SAMPLE,1,25646,12647,632.3000000000001,1282.25
R006,CNO,T2_SD_CNO,2026_06_22_merged.mat,SAMPLE,1,25647,12648,632.3500000000001,1282.3000000000002
R006,CNO,T2_SD_CNO,2026_06_22_merged.mat,SAMPLE,1,25648,12649,632.4000000000001,1282.3500000000001
R006,CNO,T2_SD_CNO,2026_06_22_merged.mat,SAMPLE,1,25690,12691,634.5000000000001,1284.4500000000003
R006,CNO,T2_SD_CNO,2026_06_22_merged.mat,SAMPLE,1,25691,12692,634.5500000000001,1284.5
R006,CNO,T2_SD_CNO,2026_06_22_merged.mat,SAMPLE,1,25692,12693,634.6000000000001,1284.5500000000002
R006,CNO,T2_SD_CNO,2026_06_22_merged.mat,SAMPLE,1,25693,12694,634.6500000000001,1284.6000000000001
R006,CNO,T2_SD_CNO,2026_06_22_merged.mat,SAMPLE,1,25694,12695,634.7,1284.65
R006,CNO,T2_SD_CNO,2026_06_22_merged.mat,SAMPLE,2,25701,12702,635.0500000000001,1285.0
R006,CNO,T2_SD_CNO,2026_06_22_merged.mat,SAMPLE,1,25707,12708,635.3500000000001,1285.3000000000002
R006,CNO,T2_SD_CNO,2026_06_22_merged.mat,SAMPLE,1,25708,12709,635.4000000000001,1285.3500000000001
R006,CNO,T2_SD_CNO,2026_06_22_merged.mat,SAMPLE,1,25709,12710,635.45,1285.4
R006,CNO,T2_SD_CNO,2026_06_22_merged.mat,SAMPLE,1,25710,12711,635.5000000000001,1285.4500000000003
R006,CNO,T2_SD_CNO,2026_06_22_merged.mat,SAMPLE,1,25711,12712,635.5500000000001,1285.5
R006,CNO,T2_SD_CNO,2026_06_22_merged.mat,SAMPLE,1,25712,12713,635.6000000000001,1285.5500000000002
R006,CNO,T2_SD_CNO,2026_06_22_merged.mat,SAMPLE,1,25716,12717,635.8000000000001,1285.75
R006,CNO,T2_SD_CNO,2026_06_22_merged.mat,SAMPLE,1,25717,12718,635.8500000000001,1285.8000000000002
R006,CNO,T2_SD_CNO,2026_06_22_merged.mat,SAMPLE,1,25718,12719,635.9000000000001,1285.8500000000001
R006,CNO,T2_SD_CNO,2026_06_22_merged.mat,SAMPLE,1,25719,12720,635.95,1285.9
R006,CNO,T2_SD_CNO,2026_06_22_merged.mat,SAMPLE,1,25720,12721,636.0000000000001,1285.9500000000003
R006,CNO,T2_SD_CNO,2026_06_22_merged.mat,SAMPLE,1,25721,12722,636.0500000000001,1286.0
R006,CNO,T2_SD_CNO,2026_06_22_merged.mat,SAMPLE,1,25722,12723,636.1000000000001,1286.0500000000002
R006,CNO,T2_SD_CNO,2026_06_22_merged.mat,SAMPLE,1,25723,12724,636.1500000000001,1286.1000000000001
R006,CNO,T2_SD_CNO,2026_06_22_merged.mat,SAMPLE,1,25724,12725,636.2,1286.15
R006,CNO,T2_SD_CNO,2026_06_22_merged.mat,SAMPLE,1,25734,12735,636.7,1286.65
R006,CNO,T2_SD_CNO,2026_06_22_merged.mat,SAMPLE,1,25735,12736,636.7500000000001,1286.7000000000003
R006,CNO,T2_SD_CNO,2026_06_22_merged.mat,SAMPLE,1,25736,12737,636.8000000000001,1286.75
R006,CNO,T2_SD_CNO,2026_06_22_merged.mat,SAMPLE,1,25737,12738,636.8500000000001,1286.8000000000002
R006,CNO,T2_SD_CNO,2026_06_22_merged.mat,SAMPLE,1,25738,12739,636.9000000000001,1286.8500000000001
R006,CNO,T2_SD_CNO,2026_06_22_merged.mat,SAMPLE,1,25739,12740,636.95,1286.9
R006,CNO,T2_SD_CNO,2026_06_22_merged.mat,SAMPLE,1,25776,12777,638.8000000000001,1288.75
R006,CNO,T2_SD_CNO,2026_06_22_merged.mat,SAMPLE,1,25777,12778,638.8500000000001,1288.8000000000002
R006,CNO,T2_SD_CNO,2026_06_22_merged.mat,SAMPLE,1,25778,12779,638.9000000000001,1288.8500000000001
R006,CNO,T2_SD_CNO,2026_06_22_merged.mat,SAMPLE,1,25779,12780,638.95,1288.9
R006,CNO,T2_SD_CNO,2026_06_22_merged.mat,SAMPLE,1,25780,12781,639.0000000000001,1288.9500000000003
R006,CNO,T2_SD_CNO,2026_06_22_merged.mat,SAMPLE,2,25798,12799,639.9000000000001,1289.8500000000001
R006,CNO,T2_SD_CNO,2026_06_22_merged.mat,SAMPLE,2,25799,12800,639.95,1289.9
R006,CNO,T2_SD_CNO,2026_06_22_merged.mat,SAMPLE,2,25802,12803,640.1000000000001,1290.0500000000002
R006,CNO,T2_SD_CNO,2026_06_22_merged.mat,SAMPLE,2,25813,12814,640.6500000000001,1290.6000000000001
R006,CNO,T2_SD_CNO,2026_06_22_merged.mat,SAMPLE,1,25824,12825,641.2,1291.15
R006,CNO,T2_SD_CNO,2026_06_22_merged.mat,SAMPLE,1,25825,12826,641.2500000000001,1291.2000000000003
R006,CNO,T2_SD_CNO,2026_06_22_merged.mat,SAMPLE,1,25826,12827,641.3000000000001,1291.25
R006,CNO,T2_SD_CNO,2026_06_22_merged.mat,SAMPLE,1,25827,12828,641.3500000000001,1291.3000000000002
R006,CNO,T2_SD_CNO,2026_06_22_merged.mat,SAMPLE,1,25834,12835,641.7,1291.65
R006,CNO,T2_SD_CNO,2026_06_22_merged.mat,SAMPLE,1,25835,12836,641.7500000000001,1291.7000000000003
R006,CNO,T2_SD_CNO,2026_06_22_merged.mat,SAMPLE,1,25845,12846,642.2500000000001,1292.2000000000003
R006,CNO,T2_SD_CNO,2026_06_22_merged.mat,SAMPLE,1,25846,12847,642.3000000000001,1292.25
R006,CNO,T2_SD_CNO,2026_06_22_merged.mat,SAMPLE,1,25847,12848,642.3500000000001,1292.3000000000002
R006,CNO,T2_SD_CNO,2026_06_22_merged.mat,SAMPLE,1,25848,12849,642.4000000000001,1292.3500000000001
R006,CNO,T2_SD_CNO,2026_06_22_merged.mat,SAMPLE,1,25849,12850,642.45,1292.4
R006,CNO,T2_SD_CNO,2026_06_22_merged.mat,SAMPLE,1,25851,12852,642.5500000000001,1292.5
R006,CNO,T2_SD_CNO,2026_06_22_merged.mat,SAMPLE,1,25854,12855,642.7,1292.65
R006,CNO,T2_SD_CNO,2026_06_22_merged.mat,SAMPLE,1,25855,12856,642.7500000000001,1292.7000000000003
R006,CNO,T2_SD_CNO,2026_06_22_merged.mat,SAMPLE,1,25856,12857,642.8000000000001,1292.75
R006,CNO,T2_SD_CNO,2026_06_22_merged.mat,SAMPLE,1,25857,12858,642.8500000000001,1292.8000000000002
R006,CNO,T2_SD_CNO,2026_06_22_merged.mat,SAMPLE,1,25858,12859,642.9000000000001,1292.8500000000001
R006,CNO,T2_SD_CNO,2026_06_22_merged.mat,SAMPLE,1,25859,12860,642.95,1292.9
R006,CNO,T2_SD_CNO,2026_06_22_merged.mat,SAMPLE,1,25860,12861,643.0000000000001,1292.9500000000003
R006,CNO,T2_SD_CNO,2026_06_22_merged.mat,SAMPLE,1,25861,12862,643.0500000000001,1293.0
R006,CNO,T2_SD_CNO,2026_06_22_merged.mat,SAMPLE,1,25869,12870,643.45,1293.4
R006,CNO,T2_SD_CNO,2026_06_22_merged.mat,SAMPLE,1,25870,12871,643.5000000000001,1293.4500000000003
R006,CNO,T2_SD_CNO,2026_06_22_merged.mat,SAMPLE,1,25871,12872,643.5500000000001,1293.5
R006,CNO,T2_SD_CNO,2026_06_22_merged.mat,SAMPLE,1,25876,12877,643.8000000000001,1293.75
R006,CNO,T2_SD_CNO,2026_06_22_merged.mat,SAMPLE,1,25877,12878,643.8500000000001,1293.8000000000002
R006,CNO,T2_SD_CNO,2026_06_22_merged.mat,SAMPLE,1,25878,12879,643.9000000000001,1293.8500000000001
R006,CNO,T2_SD_CNO,2026_06_22_merged.mat,SAMPLE,1,25879,12880,643.95,1293.9
R006,CNO,T2_SD_CNO,2026_06_22_merged.mat,SAMPLE,1,25880,12881,644.0000000000001,1293.9500000000003
R006,CNO,T2_SD_CNO,2026_06_22_merged.mat,SAMPLE,1,25881,12882,644.0500000000001,1294.0
R006,CNO,T2_SD_CNO,2026_06_22_merged.mat,SAMPLE,1,25887,12888,644.3500000000001,1294.3000000000002
R006,CNO,T2_SD_CNO,2026_06_22_merged.mat,SAMPLE,1,25888,12889,644.4000000000001,1294.3500000000001
R006,CNO,T2_SD_CNO,2026_06_22_merged.mat,SAMPLE,1,25889,12890,644.45,1294.4
R006,CNO,T2_SD_CNO,2026_06_22_merged.mat,SAMPLE,1,25890,12891,644.5000000000001,1294.4500000000003
R006,CNO,T2_SD_CNO,2026_06_22_merged.mat,SAMPLE,1,25891,12892,644.5500000000001,1294.5
R006,CNO,T2_SD_CNO,2026_06_22_merged.mat,SAMPLE,1,25896,12897,644.8000000000001,1294.75
R006,CNO,T2_SD_CNO,2026_06_22_merged.mat,SAMPLE,1,25898,12899,644.9000000000001,1294.8500000000001
R006,CNO,T2_SD_CNO,2026_06_22_merged.mat,SAMPLE,1,25899,12900,644.95,1294.9
R006,CNO,T2_SD_CNO,2026_06_22_merged.mat,SAMPLE,1,25900,12901,645.0000000000001,1294.9500000000003
R006,CNO,T2_SD_CNO,2026_06_22_merged.mat,SAMPLE,2,25913,12914,645.6500000000001,1295.6000000000001
R006,CNO,T2_SD_CNO,2026_06_22_merged.mat,SAMPLE,2,25914,12915,645.7,1295.65
R006,CNO,T2_SD_CNO,2026_06_22_merged.mat,SAMPLE,1,25920,12921,646.0000000000001,1295.9500000000003
R006,CNO,T2_SD_CNO,2026_06_22_merged.mat,SAMPLE,1,25921,12922,646.0500000000001,1296.0
R006,CNO,T2_SD_CNO,2026_06_22_merged.mat,SAMPLE,1,25932,12933,646.6000000000001,1296.5500000000002
R006,CNO,T2_SD_CNO,2026_06_22_merged.mat,SAMPLE,1,25933,12934,646.6500000000001,1296.6000000000001
R006,CNO,T2_SD_CNO,2026_06_22_merged.mat,SAMPLE,1,25934,12935,646.7,1296.65
R006,CNO,T2_SD_CNO,2026_06_22_merged.mat,SAMPLE,1,25935,12936,646.7500000000001,1296.7000000000003
R006,CNO,T2_SD_CNO,2026_06_22_merged.mat,SAMPLE,1,25936,12937,646.8000000000001,1296.75
R006,CNO,T2_SD_CNO,2026_06_22_merged.mat,SAMPLE,2,25945,12946,647.2500000000001,1297.2000000000003
R006,CNO,T2_SD_CNO,2026_06_22_merged.mat,SAMPLE,1,25953,12954,647.6500000000001,1297.6000000000001
R006,CNO,T2_SD_CNO,2026_06_22_merged.mat,SAMPLE,1,25954,12955,647.7,1297.65
R006,CNO,T2_SD_CNO,2026_06_22_merged.mat,SAMPLE,1,25955,12956,647.7500000000001,1297.7000000000003
R006,CNO,T2_SD_CNO,2026_06_22_merged.mat,SAMPLE,1,25956,12957,647.8000000000001,1297.75
R006,CNO,T2_SD_CNO,2026_06_22_merged.mat,SAMPLE,1,25960,12961,648.0000000000001,1297.9500000000003
R006,CNO,T2_SD_CNO,2026_06_22_merged.mat,SAMPLE,1,25961,12962,648.0500000000001,1298.0
R006,CNO,T2_SD_CNO,2026_06_22_merged.mat,SAMPLE,1,25962,12963,648.1000000000001,1298.0500000000002
R006,CNO,T2_SD_CNO,2026_06_22_merged.mat,SAMPLE,1,25963,12964,648.1500000000001,1298.1000000000001
R006,CNO,T2_SD_CNO,2026_06_22_merged.mat,SAMPLE,1,25964,12965,648.2,1298.15
R006,CNO,T2_SD_CNO,2026_06_22_merged.mat,SAMPLE,1,25965,12966,648.2500000000001,1298.2000000000003
R006,CNO,T2_SD_CNO,2026_06_22_merged.mat,SAMPLE,1,25966,12967,648.3000000000001,1298.25
R006,CNO,T2_SD_CNO,2026_06_22_merged.mat,SAMPLE,2,25979,12980,648.95,1298.9
R006,CNO,T2_SD_CNO,2026_06_22_merged.mat,SAMPLE,1,25994,12995,649.7,1299.65
R006,CNO,T2_SD_CNO,2026_06_22_merged.mat,SAMPLE,1,25995,12996,649.7500000000001,1299.7000000000003
R006,CNO,T2_SD_CNO,2026_06_22_merged.mat,SAMPLE,1,25996,12997,649.8000000000001,1299.75
R006,CNO,T2_SD_CNO,2026_06_22_merged.mat,TEST,1,26007,9,0.4,1300.3000000000002
R006,CNO,T2_SD_CNO,2026_06_22_merged.mat,TEST,1,26008,10,0.45,1300.3500000000001
R006,CNO,T2_SD_CNO,2026_06_22_merged.mat,TEST,1,26042,44,2.15,1302.0500000000002
R006,CNO,T2_SD_CNO,2026_06_22_merged.mat,TEST,1,26043,45,2.2,1302.1000000000001
R006,CNO,T2_SD_CNO,2026_06_22_merged.mat,TEST,1,26065,67,3.3000000000000003,1303.2
R006,CNO,T2_SD_CNO,2026_06_22_merged.mat,TEST,1,26066,68,3.35,1303.25
R006,CNO,T2_SD_CNO,2026_06_22_merged.mat,TEST,1,26067,69,3.4000000000000004,1303.3000000000002
R006,CNO,T2_SD_CNO,2026_06_22_merged.mat,TEST,2,26071,73,3.6,1303.5
R006,CNO,T2_SD_CNO,2026_06_22_merged.mat,TEST,2,26081,83,4.1000000000000005,1304.0
R006,CNO,T2_SD_CNO,2026_06_22_merged.mat,TEST,2,26082,84,4.15,1304.0500000000002
R006,CNO,T2_SD_CNO,2026_06_22_merged.mat,TEST,2,26083,85,4.2,1304.1000000000001
R006,CNO,T2_SD_CNO,2026_06_22_merged.mat,TEST,1,26088,90,4.45,1304.3500000000001
R006,CNO,T2_SD_CNO,2026_06_22_merged.mat,TEST,1,26089,91,4.5,1304.4
R006,CNO,T2_SD_CNO,2026_06_22_merged.mat,TEST,2,26102,104,5.15,1305.0500000000002
R006,CNO,T2_SD_CNO,2026_06_22_merged.mat,TEST,2,26103,105,5.2,1305.1000000000001
R006,CNO,T2_SD_CNO,2026_06_22_merged.mat,TEST,1,26108,110,5.45,1305.3500000000001
R006,CNO,T2_SD_CNO,2026_06_22_merged.mat,TEST,2,26114,116,5.75,1305.65
R006,CNO,T2_SD_CNO,2026_06_22_merged.mat,TEST,1,26118,120,5.95,1305.8500000000001
R006,CNO,T2_SD_CNO,2026_06_22_merged.mat,TEST,1,26120,122,6.050000000000001,1305.95
R006,CNO,T2_SD_CNO,2026_06_22_merged.mat,TEST,2,26128,130,6.45,1306.3500000000001
R006,CNO,T2_SD_CNO,2026_06_22_merged.mat,TEST,2,26129,131,6.5,1306.4
R006,CNO,T2_SD_CNO,2026_06_22_merged.mat,TEST,2,26130,132,6.550000000000001,1306.45
R006,CNO,T2_SD_CNO,2026_06_22_merged.mat,TEST,2,26131,133,6.6000000000000005,1306.5
R006,CNO,T2_SD_CNO,2026_06_22_merged.mat,TEST,2,26132,134,6.65,1306.5500000000002
R006,CNO,T2_SD_CNO,2026_06_22_merged.mat,TEST,2,26133,135,6.7,1306.6000000000001
R006,CNO,T2_SD_CNO,2026_06_22_merged.mat,TEST,2,26134,136,6.75,1306.65
R006,CNO,T2_SD_CNO,2026_06_22_merged.mat,TEST,2,26143,145,7.2,1307.1000000000001
R006,CNO,T2_SD_CNO,2026_06_22_merged.mat,TEST,2,26144,146,7.25,1307.15
R006,CNO,T2_SD_CNO,2026_06_22_merged.mat,TEST,2,26145,147,7.300000000000001,1307.2
R006,CNO,T2_SD_CNO,2026_06_22_merged.mat,TEST,2,26146,148,7.3500000000000005,1307.25
R006,CNO,T2_SD_CNO,2026_06_22_merged.mat,TEST,2,26147,149,7.4,1307.3000000000002
R006,CNO,T2_SD_CNO,2026_06_22_merged.mat,TEST,2,26148,150,7.45,1307.3500000000001
R006,CNO,T2_SD_CNO,2026_06_22_merged.mat,TEST,2,26149,151,7.5,1307.4
R006,CNO,T2_SD_CNO,2026_06_22_merged.mat,TEST,2,26154,156,7.75,1307.65
R006,CNO,T2_SD_CNO,2026_06_22_merged.mat,TEST,2,26155,157,7.800000000000001,1307.7
R006,CNO,T2_SD_CNO,2026_06_22_merged.mat,TEST,2,26156,158,7.8500000000000005,1307.75
R006,CNO,T2_SD_CNO,2026_06_22_merged.mat,TEST,2,26157,159,7.9,1307.8000000000002
R006,CNO,T2_SD_CNO,2026_06_22_merged.mat,TEST,2,26176,178,8.85,1308.75
R006,CNO,T2_SD_CNO,2026_06_22_merged.mat,TEST,2,26177,179,8.9,1308.8000000000002
R006,CNO,T2_SD_CNO,2026_06_22_merged.mat,TEST,2,26178,180,8.950000000000001,1308.8500000000001
R006,CNO,T2_SD_CNO,2026_06_22_merged.mat,TEST,1,26184,186,9.25,1309.15
R006,CNO,T2_SD_CNO,2026_06_22_merged.mat,TEST,1,26217,219,10.9,1310.8000000000002
R006,CNO,T2_SD_CNO,2026_06_22_merged.mat,TEST,1,26226,228,11.350000000000001,1311.25
R006,CNO,T2_SD_CNO,2026_06_22_merged.mat,TEST,1,26227,229,11.4,1311.3000000000002
R006,CNO,T2_SD_CNO,2026_06_22_merged.mat,TEST,1,26228,230,11.450000000000001,1311.3500000000001
R006,CNO,T2_SD_CNO,2026_06_22_merged.mat,TEST,1,26229,231,11.5,1311.4
R006,CNO,T2_SD_CNO,2026_06_22_merged.mat,TEST,2,26234,236,11.75,1311.65
R006,CNO,T2_SD_CNO,2026_06_22_merged.mat,TEST,2,26235,237,11.8,1311.7
R006,CNO,T2_SD_CNO,2026_06_22_merged.mat,TEST,2,26236,238,11.850000000000001,1311.75
R006,CNO,T2_SD_CNO,2026_06_22_merged.mat,TEST,2,26237,239,11.9,1311.8000000000002
R006,CNO,T2_SD_CNO,2026_06_22_merged.mat,TEST,1,26239,241,12.0,1311.9
R006,CNO,T2_SD_CNO,2026_06_22_merged.mat,TEST,1,26240,242,12.05,1311.95
R006,CNO,T2_SD_CNO,2026_06_22_merged.mat,TEST,1,26241,243,12.100000000000001,1312.0
R006,CNO,T2_SD_CNO,2026_06_22_merged.mat,TEST,2,26246,248,12.350000000000001,1312.25
R006,CNO,T2_SD_CNO,2026_06_22_merged.mat,TEST,2,26247,249,12.4,1312.3000000000002
R006,CNO,T2_SD_CNO,2026_06_22_merged.mat,TEST,1,26282,284,14.15,1314.0500000000002
R006,CNO,T2_SD_CNO,2026_06_22_merged.mat,TEST,1,26283,285,14.200000000000001,1314.1000000000001
R006,CNO,T2_SD_CNO,2026_06_22_merged.mat,TEST,1,26284,286,14.25,1314.15
R006,CNO,T2_SD_CNO,2026_06_22_merged.mat,TEST,1,26285,287,14.3,1314.2
R006,CNO,T2_SD_CNO,2026_06_22_merged.mat,TEST,1,26286,288,14.350000000000001,1314.25
R006,CNO,T2_SD_CNO,2026_06_22_merged.mat,TEST,1,26287,289,14.4,1314.3000000000002
R006,CNO,T2_SD_CNO,2026_06_22_merged.mat,TEST,1,26288,290,14.450000000000001,1314.3500000000001
R006,CNO,T2_SD_CNO,2026_06_22_merged.mat,TEST,1,26289,291,14.5,1314.4
R006,CNO,T2_SD_CNO,2026_06_22_merged.mat,TEST,1,26299,301,15.0,1314.9
R006,CNO,T2_SD_CNO,2026_06_22_merged.mat,TEST,1,26300,302,15.05,1314.95
R006,CNO,T2_SD_CNO,2026_06_22_merged.mat,TEST,1,26301,303,15.100000000000001,1315.0
R006,CNO,T2_SD_CNO,2026_06_22_merged.mat,TEST,1,26320,322,16.05,1315.95
R006,CNO,T2_SD_CNO,2026_06_22_merged.mat,TEST,1,26321,323,16.1,1316.0
R006,CNO,T2_SD_CNO,2026_06_22_merged.mat,TEST,1,26322,324,16.150000000000002,1316.0500000000002
R006,CNO,T2_SD_CNO,2026_06_22_merged.mat,TEST,1,26323,325,16.2,1316.1000000000001
R006,CNO,T2_SD_CNO,2026_06_22_merged.mat,TEST,1,26324,326,16.25,1316.15
R006,CNO,T2_SD_CNO,2026_06_22_merged.mat,TEST,1,26325,327,16.3,1316.2
R006,CNO,T2_SD_CNO,2026_06_22_merged.mat,TEST,1,26326,328,16.35,1316.25
R006,CNO,T2_SD_CNO,2026_06_22_merged.mat,TEST,1,26327,329,16.400000000000002,1316.3000000000002
R006,CNO,T2_SD_CNO,2026_06_22_merged.mat,TEST,1,26349,351,17.5,1317.4
R006,CNO,T2_SD_CNO,2026_06_22_merged.mat,TEST,1,26350,352,17.55,1317.45
R006,CNO,T2_SD_CNO,2026_06_22_merged.mat,TEST,1,26351,353,17.6,1317.5
R006,CNO,T2_SD_CNO,2026_06_22_merged.mat,TEST,1,26352,354,17.650000000000002,1317.5500000000002
R006,CNO,T2_SD_CNO,2026_06_22_merged.mat,TEST,1,26353,355,17.7,1317.6000000000001
R006,CNO,T2_SD_CNO,2026_06_22_merged.mat,TEST,1,26360,362,18.05,1317.95
R006,CNO,T2_SD_CNO,2026_06_22_merged.mat,TEST,1,26361,363,18.1,1318.0
R006,CNO,T2_SD_CNO,2026_06_22_merged.mat,TEST,1,26362,364,18.150000000000002,1318.0500000000002
R006,CNO,T2_SD_CNO,2026_06_22_merged.mat,TEST,1,26363,365,18.2,1318.1000000000001
R006,CNO,T2_SD_CNO,2026_06_22_merged.mat,TEST,1,26378,380,18.95,1318.8500000000001
R006,CNO,T2_SD_CNO,2026_06_22_merged.mat,TEST,1,26379,381,19.0,1318.9
R006,CNO,T2_SD_CNO,2026_06_22_merged.mat,TEST,1,26444,446,22.25,1322.15
R006,CNO,T2_SD_CNO,2026_06_22_merged.mat,TEST,1,26445,447,22.3,1322.2
R006,CNO,T2_SD_CNO,2026_06_22_merged.mat,TEST,1,26446,448,22.35,1322.25
R006,CNO,T2_SD_CNO,2026_06_22_merged.mat,TEST,1,26447,449,22.400000000000002,1322.3000000000002
R006,CNO,T2_SD_CNO,2026_06_22_merged.mat,TEST,1,26478,480,23.950000000000003,1323.8500000000001
R006,CNO,T2_SD_CNO,2026_06_22_merged.mat,TEST,1,26479,481,24.0,1323.9
R006,CNO,T2_SD_CNO,2026_06_22_merged.mat,TEST,1,26480,482,24.05,1323.95
R006,CNO,T2_SD_CNO,2026_06_22_merged.mat,TEST,1,26498,500,24.950000000000003,1324.8500000000001
R006,CNO,T2_SD_CNO,2026_06_22_merged.mat,TEST,1,26501,503,25.1,1325.0
R006,CNO,T2_SD_CNO,2026_06_22_merged.mat,TEST,1,26502,504,25.150000000000002,1325.0500000000002
R006,CNO,T2_SD_CNO,2026_06_22_merged.mat,TEST,1,26503,505,25.200000000000003,1325.1000000000001
R006,CNO,T2_SD_CNO,2026_06_22_merged.mat,TEST,1,26504,506,25.25,1325.15
R006,CNO,T2_SD_CNO,2026_06_22_merged.mat,TEST,1,26505,507,25.3,1325.2
R006,CNO,T2_SD_CNO,2026_06_22_merged.mat,TEST,1,26544,546,27.25,1327.15
R006,CNO,T2_SD_CNO,2026_06_22_merged.mat,TEST,1,26545,547,27.3,1327.2
R006,CNO,T2_SD_CNO,2026_06_22_merged.mat,TEST,1,26546,548,27.35,1327.25
R006,CNO,T2_SD_CNO,2026_06_22_merged.mat,TEST,1,26547,549,27.400000000000002,1327.3000000000002
R006,CNO,T2_SD_CNO,2026_06_22_merged.mat,TEST,1,26548,550,27.450000000000003,1327.3500000000001
R006,CNO,T2_SD_CNO,2026_06_22_merged.mat,TEST,1,26549,551,27.5,1327.4
R006,CNO,T2_SD_CNO,2026_06_22_merged.mat,TEST,2,26563,565,28.200000000000003,1328.1000000000001
R006,CNO,T2_SD_CNO,2026_06_22_merged.mat,TEST,2,26564,566,28.25,1328.15
R006,CNO,T2_SD_CNO,2026_06_22_merged.mat,TEST,2,26574,576,28.75,1328.65
R006,CNO,T2_SD_CNO,2026_06_22_merged.mat,TEST,2,26575,577,28.8,1328.7
R006,CNO,T2_SD_CNO,2026_06_22_merged.mat,TEST,2,26576,578,28.85,1328.75
R006,CNO,T2_SD_CNO,2026_06_22_merged.mat,TEST,2,26577,579,28.900000000000002,1328.8000000000002
R006,CNO,T2_SD_CNO,2026_06_22_merged.mat,TEST,1,26583,585,29.200000000000003,1329.1000000000001
R006,CNO,T2_SD_CNO,2026_06_22_merged.mat,TEST,1,26584,586,29.25,1329.15
R006,CNO,T2_SD_CNO,2026_06_22_merged.mat,TEST,2,26592,594,29.650000000000002,1329.5500000000002
R006,CNO,T2_SD_CNO,2026_06_22_merged.mat,TEST,1,26609,611,30.5,1330.4
R006,CNO,T2_SD_CNO,2026_06_22_merged.mat,TEST,1,26610,612,30.55,1330.45
R006,CNO,T2_SD_CNO,2026_06_22_merged.mat,TEST,1,26611,613,30.6,1330.5
R006,CNO,T2_SD_CNO,2026_06_22_merged.mat,TEST,1,26612,614,30.650000000000002,1330.5500000000002
R006,CNO,T2_SD_CNO,2026_06_22_merged.mat,TEST,1,26623,625,31.200000000000003,1331.1000000000001
R006,CNO,T2_SD_CNO,2026_06_22_merged.mat,TEST,1,26624,626,31.25,1331.15
R006,CNO,T2_SD_CNO,2026_06_22_merged.mat,TEST,1,26636,638,31.85,1331.75
R006,CNO,T2_SD_CNO,2026_06_22_merged.mat,TEST,2,26642,644,32.15,1332.0500000000002
R006,CNO,T2_SD_CNO,2026_06_22_merged.mat,TEST,1,26648,650,32.45,1332.3500000000001
R006,CNO,T2_SD_CNO,2026_06_22_merged.mat,TEST,1,26671,673,33.6,1333.5
R006,CNO,T2_SD_CNO,2026_06_22_merged.mat,TEST,1,26672,674,33.65,1333.5500000000002
R006,CNO,T2_SD_CNO,2026_06_22_merged.mat,TEST,1,26673,675,33.7,1333.6000000000001
R006,CNO,T2_SD_CNO,2026_06_22_merged.mat,TEST,2,26701,703,35.1,1335.0
R006,CNO,T2_SD_CNO,2026_06_22_merged.mat,TEST,2,26702,704,35.15,1335.0500000000002
R006,CNO,T2_SD_CNO,2026_06_22_merged.mat,TEST,2,26703,705,35.2,1335.1000000000001
R006,CNO,T2_SD_CNO,2026_06_22_merged.mat,TEST,2,26704,706,35.25,1335.15
R006,CNO,T2_SD_CNO,2026_06_22_merged.mat,TEST,2,26705,707,35.300000000000004,1335.2
R006,CNO,T2_SD_CNO,2026_06_22_merged.mat,TEST,2,26706,708,35.35,1335.25
R006,CNO,T2_SD_CNO,2026_06_22_merged.mat,TEST,2,26727,729,36.4,1336.3000000000002
R006,CNO,T2_SD_CNO,2026_06_22_merged.mat,TEST,2,26728,730,36.45,1336.3500000000001
R006,CNO,T2_SD_CNO,2026_06_22_merged.mat,TEST,2,26766,768,38.35,1338.25
R006,CNO,T2_SD_CNO,2026_06_22_merged.mat,TEST,2,26767,769,38.400000000000006,1338.3000000000002
R006,CNO,T2_SD_CNO,2026_06_22_merged.mat,TEST,2,26768,770,38.45,1338.3500000000001
R006,CNO,T2_SD_CNO,2026_06_22_merged.mat,TEST,2,26769,771,38.5,1338.4
R006,CNO,T2_SD_CNO,2026_06_22_merged.mat,TEST,2,26776,778,38.85,1338.75
R006,CNO,T2_SD_CNO,2026_06_22_merged.mat,TEST,2,26777,779,38.900000000000006,1338.8000000000002
R006,CNO,T2_SD_CNO,2026_06_22_merged.mat,TEST,2,26778,780,38.95,1338.8500000000001
R006,CNO,T2_SD_CNO,2026_06_22_merged.mat,TEST,2,26779,781,39.0,1338.9
R006,CNO,T2_SD_CNO,2026_06_22_merged.mat,TEST,1,26785,787,39.300000000000004,1339.2
R006,CNO,T2_SD_CNO,2026_06_22_merged.mat,TEST,1,26786,788,39.35,1339.25
R006,CNO,T2_SD_CNO,2026_06_22_merged.mat,TEST,1,26787,789,39.400000000000006,1339.3000000000002
R006,CNO,T2_SD_CNO,2026_06_22_merged.mat,TEST,2,26815,817,40.800000000000004,1340.7
R006,CNO,T2_SD_CNO,2026_06_22_merged.mat,TEST,1,26829,831,41.5,1341.4
R006,CNO,T2_SD_CNO,2026_06_22_merged.mat,TEST,2,26856,858,42.85,1342.75
R006,CNO,T2_SD_CNO,2026_06_22_merged.mat,TEST,2,26857,859,42.900000000000006,1342.8000000000002
R006,CNO,T2_SD_CNO,2026_06_22_merged.mat,TEST,2,26858,860,42.95,1342.8500000000001
R006,CNO,T2_SD_CNO,2026_06_22_merged.mat,TEST,2,26859,861,43.0,1342.9
R006,CNO,T2_SD_CNO,2026_06_22_merged.mat,TEST,2,26860,862,43.050000000000004,1342.95
R006,CNO,T2_SD_CNO,2026_06_22_merged.mat,TEST,2,26861,863,43.1,1343.0
R006,CNO,T2_SD_CNO,2026_06_22_merged.mat,TEST,2,26866,868,43.35,1343.25
R006,CNO,T2_SD_CNO,2026_06_22_merged.mat,TEST,2,26867,869,43.400000000000006,1343.3000000000002
R006,CNO,T2_SD_CNO,2026_06_22_merged.mat,TEST,2,26868,870,43.45,1343.3500000000001
R006,CNO,T2_SD_CNO,2026_06_22_merged.mat,TEST,2,26869,871,43.5,1343.4
R006,CNO,T2_SD_CNO,2026_06_22_merged.mat,TEST,1,26885,887,44.300000000000004,1344.2
R006,CNO,T2_SD_CNO,2026_06_22_merged.mat,TEST,1,26886,888,44.35,1344.25
R006,CNO,T2_SD_CNO,2026_06_22_merged.mat,TEST,1,26887,889,44.400000000000006,1344.3000000000002
R006,CNO,T2_SD_CNO,2026_06_22_merged.mat,TEST,2,26913,915,45.7,1345.6000000000001
R006,CNO,T2_SD_CNO,2026_06_22_merged.mat,TEST,1,26928,930,46.45,1346.3500000000001
R006,CNO,T2_SD_CNO,2026_06_22_merged.mat,TEST,1,26929,931,46.5,1346.4
R006,CNO,T2_SD_CNO,2026_06_22_merged.mat,TEST,1,26930,932,46.550000000000004,1346.45
R006,CNO,T2_SD_CNO,2026_06_22_merged.mat,TEST,1,26931,933,46.6,1346.5
R006,CNO,T2_SD_CNO,2026_06_22_merged.mat,TEST,1,26932,934,46.650000000000006,1346.5500000000002
R006,CNO,T2_SD_CNO,2026_06_22_merged.mat,TEST,1,26933,935,46.7,1346.6000000000001
R006,CNO,T2_SD_CNO,2026_06_22_merged.mat,TEST,2,26973,975,48.7,1348.6000000000001
R006,CNO,T2_SD_CNO,2026_06_22_merged.mat,TEST,2,26974,976,48.75,1348.65
R006,CNO,T2_SD_CNO,2026_06_22_merged.mat,TEST,2,26986,988,49.35,1349.25
R006,CNO,T2_SD_CNO,2026_06_22_merged.mat,TEST,2,27023,1025,51.2,1351.1000000000001
R006,CNO,T2_SD_CNO,2026_06_22_merged.mat,TEST,2,27024,1026,51.25,1351.15
R006,CNO,T2_SD_CNO,2026_06_22_merged.mat,TEST,2,27025,1027,51.300000000000004,1351.2
R006,CNO,T2_SD_CNO,2026_06_22_merged.mat,TEST,2,27026,1028,51.35,1351.25
R006,CNO,T2_SD_CNO,2026_06_22_merged.mat,TEST,2,27035,1037,51.800000000000004,1351.7
R006,CNO,T2_SD_CNO,2026_06_22_merged.mat,TEST,2,27036,1038,51.85,1351.75
R006,CNO,T2_SD_CNO,2026_06_22_merged.mat,TEST,2,27058,1060,52.95,1352.8500000000001
R006,CNO,T2_SD_CNO,2026_06_22_merged.mat,TEST,2,27059,1061,53.0,1352.9
R006,CNO,T2_SD_CNO,2026_06_22_merged.mat,TEST,2,27060,1062,53.050000000000004,1352.95
R006,CNO,T2_SD_CNO,2026_06_22_merged.mat,TEST,2,27061,1063,53.1,1353.0
R006,CNO,T2_SD_CNO,2026_06_22_merged.mat,TEST,2,27062,1064,53.150000000000006,1353.0500000000002
R006,CNO,T2_SD_CNO,2026_06_22_merged.mat,TEST,2,27063,1065,53.2,1353.1000000000001
R006,CNO,T2_SD_CNO,2026_06_22_merged.mat,TEST,2,27069,1071,53.5,1353.4
R006,CNO,T2_SD_CNO,2026_06_22_merged.mat,TEST,2,27070,1072,53.550000000000004,1353.45
R006,CNO,T2_SD_CNO,2026_06_22_merged.mat,TEST,2,27071,1073,53.6,1353.5
R006,CNO,T2_SD_CNO,2026_06_22_merged.mat,TEST,2,27102,1104,55.150000000000006,1355.0500000000002
R006,CNO,T2_SD_CNO,2026_06_22_merged.mat,TEST,2,27103,1105,55.2,1355.1000000000001
R006,CNO,T2_SD_CNO,2026_06_22_merged.mat,TEST,2,27140,1142,57.050000000000004,1356.95
R006,CNO,T2_SD_CNO,2026_06_22_merged.mat,TEST,2,27141,1143,57.1,1357.0
R006,CNO,T2_SD_CNO,2026_06_22_merged.mat,TEST,2,27142,1144,57.150000000000006,1357.0500000000002
R006,CNO,T2_SD_CNO,2026_06_22_merged.mat,TEST,1,27148,1150,57.45,1357.3500000000001
R006,CNO,T2_SD_CNO,2026_06_22_merged.mat,TEST,1,27149,1151,57.5,1357.4
R006,CNO,T2_SD_CNO,2026_06_22_merged.mat,TEST,1,27150,1152,57.550000000000004,1357.45
R006,CNO,T2_SD_CNO,2026_06_22_merged.mat,TEST,2,27155,1157,57.800000000000004,1357.7
R006,CNO,T2_SD_CNO,2026_06_22_merged.mat,TEST,2,27165,1167,58.300000000000004,1358.2
R006,CNO,T2_SD_CNO,2026_06_22_merged.mat,TEST,2,27166,1168,58.35,1358.25
R006,CNO,T2_SD_CNO,2026_06_22_merged.mat,TEST,2,27167,1169,58.400000000000006,1358.3000000000002
R006,CNO,T2_SD_CNO,2026_06_22_merged.mat,TEST,2,27168,1170,58.45,1358.3500000000001
R006,CNO,T2_SD_CNO,2026_06_22_merged.mat,TEST,1,27173,1175,58.7,1358.6000000000001
R006,CNO,T2_SD_CNO,2026_06_22_merged.mat,TEST,1,27174,1176,58.75,1358.65
R006,CNO,T2_SD_CNO,2026_06_22_merged.mat,TEST,2,27190,1192,59.550000000000004,1359.45
R006,CNO,T2_SD_CNO,2026_06_22_merged.mat,TEST,2,27191,1193,59.6,1359.5
R006,CNO,T2_SD_CNO,2026_06_22_merged.mat,TEST,1,27196,1198,59.85,1359.75
R006,CNO,T2_SD_CNO,2026_06_22_merged.mat,TEST,1,27197,1199,59.900000000000006,1359.8000000000002
R006,CNO,T2_SD_CNO,2026_06_22_merged.mat,TEST,1,27198,1200,59.95,1359.8500000000001
R006,CNO,T2_SD_CNO,2026_06_22_merged.mat,TEST,1,27199,1201,60.0,1359.9
R006,CNO,T2_SD_CNO,2026_06_22_merged.mat,TEST,1,27200,1202,60.050000000000004,1359.95
R006,CNO,T2_SD_CNO,2026_06_22_merged.mat,TEST,1,27213,1215,60.7,1360.6000000000001
R006,CNO,T2_SD_CNO,2026_06_22_merged.mat,TEST,1,27223,1225,61.2,1361.1000000000001
R006,CNO,T2_SD_CNO,2026_06_22_merged.mat,TEST,1,27271,1273,63.6,1363.5
R006,CNO,T2_SD_CNO,2026_06_22_merged.mat,TEST,1,27272,1274,63.650000000000006,1363.5500000000002
R006,CNO,T2_SD_CNO,2026_06_22_merged.mat,TEST,1,27273,1275,63.7,1363.6000000000001
R006,CNO,T2_SD_CNO,2026_06_22_merged.mat,TEST,1,27312,1314,65.65,1365.5500000000002
R006,CNO,T2_SD_CNO,2026_06_22_merged.mat,TEST,1,27313,1315,65.7,1365.6000000000001
R006,CNO,T2_SD_CNO,2026_06_22_merged.mat,TEST,1,27314,1316,65.75,1365.65
R006,CNO,T2_SD_CNO,2026_06_22_merged.mat,TEST,1,27315,1317,65.8,1365.7
R006,CNO,T2_SD_CNO,2026_06_22_merged.mat,TEST,1,27316,1318,65.85000000000001,1365.75
R006,CNO,T2_SD_CNO,2026_06_22_merged.mat,TEST,2,27342,1344,67.15,1367.0500000000002
R006,CNO,T2_SD_CNO,2026_06_22_merged.mat,TEST,2,27343,1345,67.2,1367.1000000000001
R006,CNO,T2_SD_CNO,2026_06_22_merged.mat,TEST,2,27344,1346,67.25,1367.15
R006,CNO,T2_SD_CNO,2026_06_22_merged.mat,TEST,2,27345,1347,67.3,1367.2
R006,CNO,T2_SD_CNO,2026_06_22_merged.mat,TEST,2,27346,1348,67.35000000000001,1367.25
R006,CNO,T2_SD_CNO,2026_06_22_merged.mat,TEST,2,27347,1349,67.4,1367.3000000000002
R006,CNO,T2_SD_CNO,2026_06_22_merged.mat,TEST,2,27348,1350,67.45,1367.3500000000001
R006,CNO,T2_SD_CNO,2026_06_22_merged.mat,TEST,2,27349,1351,67.5,1367.4
R006,CNO,T2_SD_CNO,2026_06_22_merged.mat,TEST,2,27350,1352,67.55,1367.45
R006,CNO,T2_SD_CNO,2026_06_22_merged.mat,TEST,2,27351,1353,67.60000000000001,1367.5
R006,CNO,T2_SD_CNO,2026_06_22_merged.mat,TEST,2,27352,1354,67.65,1367.5500000000002
R006,CNO,T2_SD_CNO,2026_06_22_merged.mat,TEST,2,27353,1355,67.7,1367.6000000000001
R006,CNO,T2_SD_CNO,2026_06_22_merged.mat,TEST,2,27354,1356,67.75,1367.65
R006,CNO,T2_SD_CNO,2026_06_22_merged.mat,TEST,2,27355,1357,67.8,1367.7
R006,CNO,T2_SD_CNO,2026_06_22_merged.mat,TEST,2,27356,1358,67.85000000000001,1367.75
R006,CNO,T2_SD_CNO,2026_06_22_merged.mat,TEST,2,27357,1359,67.9,1367.8000000000002
R006,CNO,T2_SD_CNO,2026_06_22_merged.mat,TEST,2,27376,1378,68.85000000000001,1368.75
R006,CNO,T2_SD_CNO,2026_06_22_merged.mat,TEST,2,27377,1379,68.9,1368.8000000000002
R006,CNO,T2_SD_CNO,2026_06_22_merged.mat,TEST,2,27378,1380,68.95,1368.8500000000001
R006,CNO,T2_SD_CNO,2026_06_22_merged.mat,TEST,2,27379,1381,69.0,1368.9
R006,CNO,T2_SD_CNO,2026_06_22_merged.mat,TEST,2,27380,1382,69.05,1368.95
R006,CNO,T2_SD_CNO,2026_06_22_merged.mat,TEST,2,27381,1383,69.10000000000001,1369.0
R006,CNO,T2_SD_CNO,2026_06_22_merged.mat,TEST,1,27399,1401,70.0,1369.9
R006,CNO,T2_SD_CNO,2026_06_22_merged.mat,TEST,2,27425,1427,71.3,1371.2
R006,CNO,T2_SD_CNO,2026_06_22_merged.mat,TEST,2,27426,1428,71.35000000000001,1371.25
R006,CNO,T2_SD_CNO,2026_06_22_merged.mat,TEST,2,27427,1429,71.4,1371.3000000000002
R006,CNO,T2_SD_CNO,2026_06_22_merged.mat,TEST,2,27428,1430,71.45,1371.3500000000001
R006,CNO,T2_SD_CNO,2026_06_22_merged.mat,TEST,2,27429,1431,71.5,1371.4
R006,CNO,T2_SD_CNO,2026_06_22_merged.mat,TEST,2,27431,1433,71.60000000000001,1371.5
R006,CNO,T2_SD_CNO,2026_06_22_merged.mat,TEST,2,27432,1434,71.65,1371.5500000000002
R006,CNO,T2_SD_CNO,2026_06_22_merged.mat,TEST,2,27433,1435,71.7,1371.6000000000001
R006,CNO,T2_SD_CNO,2026_06_22_merged.mat,TEST,2,27434,1436,71.75,1371.65
R006,CNO,T2_SD_CNO,2026_06_22_merged.mat,TEST,2,27435,1437,71.8,1371.7
R006,CNO,T2_SD_CNO,2026_06_22_merged.mat,TEST,2,27461,1463,73.10000000000001,1373.0
R006,CNO,T2_SD_CNO,2026_06_22_merged.mat,TEST,2,27462,1464,73.15,1373.0500000000002
R006,CNO,T2_SD_CNO,2026_06_22_merged.mat,TEST,2,27463,1465,73.2,1373.1000000000001
R006,CNO,T2_SD_CNO,2026_06_22_merged.mat,TEST,2,27464,1466,73.25,1373.15
R006,CNO,T2_SD_CNO,2026_06_22_merged.mat,TEST,2,27465,1467,73.3,1373.2
R006,CNO,T2_SD_CNO,2026_06_22_merged.mat,TEST,2,27466,1468,73.35000000000001,1373.25
R006,CNO,T2_SD_CNO,2026_06_22_merged.mat,TEST,2,27486,1488,74.35000000000001,1374.25
R006,CNO,T2_SD_CNO,2026_06_22_merged.mat,TEST,2,27487,1489,74.4,1374.3000000000002
R006,CNO,T2_SD_CNO,2026_06_22_merged.mat,TEST,2,27488,1490,74.45,1374.3500000000001
R006,CNO,T2_SD_CNO,2026_06_22_merged.mat,TEST,2,27489,1491,74.5,1374.4
R006,CNO,T2_SD_CNO,2026_06_22_merged.mat,TEST,2,27498,1500,74.95,1374.8500000000001
R006,CNO,T2_SD_CNO,2026_06_22_merged.mat,TEST,2,27499,1501,75.0,1374.9
R006,CNO,T2_SD_CNO,2026_06_22_merged.mat,TEST,2,27500,1502,75.05,1374.95
R006,CNO,T2_SD_CNO,2026_06_22_merged.mat,TEST,2,27505,1507,75.3,1375.2
R006,CNO,T2_SD_CNO,2026_06_22_merged.mat,TEST,2,27506,1508,75.35000000000001,1375.25
R006,CNO,T2_SD_CNO,2026_06_22_merged.mat,TEST,2,27507,1509,75.4,1375.3000000000002
R006,CNO,T2_SD_CNO,2026_06_22_merged.mat,TEST,2,27508,1510,75.45,1375.3500000000001
R006,CNO,T2_SD_CNO,2026_06_22_merged.mat,TEST,2,27509,1511,75.5,1375.4
R006,CNO,T2_SD_CNO,2026_06_22_merged.mat,TEST,2,27510,1512,75.55,1375.45
R006,CNO,T2_SD_CNO,2026_06_22_merged.mat,TEST,2,27526,1528,76.35000000000001,1376.25
R006,CNO,T2_SD_CNO,2026_06_22_merged.mat,TEST,2,27527,1529,76.4,1376.3000000000002
R006,CNO,T2_SD_CNO,2026_06_22_merged.mat,TEST,1,27534,1536,76.75,1376.65
R006,CNO,T2_SD_CNO,2026_06_22_merged.mat,TEST,1,27535,1537,76.80000000000001,1376.7
R006,CNO,T2_SD_CNO,2026_06_22_merged.mat,TEST,1,27536,1538,76.85000000000001,1376.75
R006,CNO,T2_SD_CNO,2026_06_22_merged.mat,TEST,1,27537,1539,76.9,1376.8000000000002
R006,CNO,T2_SD_CNO,2026_06_22_merged.mat,TEST,2,27545,1547,77.30000000000001,1377.2
R006,CNO,T2_SD_CNO,2026_06_22_merged.mat,TEST,2,27546,1548,77.35000000000001,1377.25
R006,CNO,T2_SD_CNO,2026_06_22_merged.mat,TEST,2,27547,1549,77.4,1377.3000000000002
R006,CNO,T2_SD_CNO,2026_06_22_merged.mat,TEST,2,27548,1550,77.45,1377.3500000000001
R006,CNO,T2_SD_CNO,2026_06_22_merged.mat,TEST,2,27549,1551,77.5,1377.4
R006,CNO,T2_SD_CNO,2026_06_22_merged.mat,TEST,2,27550,1552,77.55000000000001,1377.45
R006,CNO,T2_SD_CNO,2026_06_22_merged.mat,TEST,2,27551,1553,77.60000000000001,1377.5
R006,CNO,T2_SD_CNO,2026_06_22_merged.mat,TEST,2,27571,1573,78.60000000000001,1378.5
R006,CNO,T2_SD_CNO,2026_06_22_merged.mat,TEST,2,27572,1574,78.65,1378.5500000000002
R006,CNO,T2_SD_CNO,2026_06_22_merged.mat,TEST,2,27573,1575,78.7,1378.6000000000001
R006,CNO,T2_SD_CNO,2026_06_22_merged.mat,TEST,2,27574,1576,78.75,1378.65
R006,CNO,T2_SD_CNO,2026_06_22_merged.mat,TEST,2,27575,1577,78.80000000000001,1378.7
R006,CNO,T2_SD_CNO,2026_06_22_merged.mat,TEST,2,27576,1578,78.85000000000001,1378.75
R006,CNO,T2_SD_CNO,2026_06_22_merged.mat,TEST,2,27577,1579,78.9,1378.8000000000002
R006,CNO,T2_SD_CNO,2026_06_22_merged.mat,TEST,2,27578,1580,78.95,1378.8500000000001
R006,CNO,T2_SD_CNO,2026_06_22_merged.mat,TEST,2,27579,1581,79.0,1378.9
R006,CNO,T2_SD_CNO,2026_06_22_merged.mat,TEST,2,27580,1582,79.05000000000001,1378.95
R006,CNO,T2_SD_CNO,2026_06_22_merged.mat,TEST,2,27588,1590,79.45,1379.3500000000001
R006,CNO,T2_SD_CNO,2026_06_22_merged.mat,TEST,2,27589,1591,79.5,1379.4
R006,CNO,T2_SD_CNO,2026_06_22_merged.mat,TEST,2,27590,1592,79.55000000000001,1379.45
R006,CNO,T2_SD_CNO,2026_06_22_merged.mat,TEST,2,27591,1593,79.60000000000001,1379.5
R006,CNO,T2_SD_CNO,2026_06_22_merged.mat,TEST,2,27592,1594,79.65,1379.5500000000002
R006,CNO,T2_SD_CNO,2026_06_22_merged.mat,TEST,2,27630,1632,81.55000000000001,1381.45
R006,CNO,T2_SD_CNO,2026_06_22_merged.mat,TEST,2,27631,1633,81.60000000000001,1381.5
R006,CNO,T2_SD_CNO,2026_06_22_merged.mat,TEST,2,27632,1634,81.65,1381.5500000000002
R006,CNO,T2_SD_CNO,2026_06_22_merged.mat,TEST,2,27633,1635,81.7,1381.6000000000001
R006,CNO,T2_SD_CNO,2026_06_22_merged.mat,TEST,2,27634,1636,81.75,1381.65
R006,CNO,T2_SD_CNO,2026_06_22_merged.mat,TEST,2,27635,1637,81.80000000000001,1381.7
R006,CNO,T2_SD_CNO,2026_06_22_merged.mat,TEST,2,27659,1661,83.0,1382.9
R006,CNO,T2_SD_CNO,2026_06_22_merged.mat,TEST,2,27660,1662,83.05000000000001,1382.95
R006,CNO,T2_SD_CNO,2026_06_22_merged.mat,TEST,2,27661,1663,83.10000000000001,1383.0
R006,CNO,T2_SD_CNO,2026_06_22_merged.mat,TEST,2,27662,1664,83.15,1383.0500000000002
R006,CNO,T2_SD_CNO,2026_06_22_merged.mat,TEST,1,27668,1670,83.45,1383.3500000000001
R006,CNO,T2_SD_CNO,2026_06_22_merged.mat,TEST,1,27669,1671,83.5,1383.4
R006,CNO,T2_SD_CNO,2026_06_22_merged.mat,TEST,1,27670,1672,83.55000000000001,1383.45
R006,CNO,T2_SD_CNO,2026_06_22_merged.mat,TEST,2,27682,1684,84.15,1384.0500000000002
R006,CNO,T2_SD_CNO,2026_06_22_merged.mat,TEST,2,27683,1685,84.2,1384.1000000000001
R006,CNO,T2_SD_CNO,2026_06_22_merged.mat,TEST,2,27731,1733,86.60000000000001,1386.5
R006,CNO,T2_SD_CNO,2026_06_22_merged.mat,TEST,2,27732,1734,86.65,1386.5500000000002
R006,CNO,T2_SD_CNO,2026_06_22_merged.mat,TEST,2,27733,1735,86.7,1386.6000000000001
R006,CNO,T2_SD_CNO,2026_06_22_merged.mat,TEST,2,27734,1736,86.75,1386.65
R006,CNO,T2_SD_CNO,2026_06_22_merged.mat,TEST,2,27735,1737,86.80000000000001,1386.7
R006,CNO,T2_SD_CNO,2026_06_22_merged.mat,TEST,2,27736,1738,86.85000000000001,1386.75
R006,CNO,T2_SD_CNO,2026_06_22_merged.mat,TEST,2,27738,1740,86.95,1386.8500000000001
R006,CNO,T2_SD_CNO,2026_06_22_merged.mat,TEST,2,27742,1744,87.15,1387.0500000000002
R006,CNO,T2_SD_CNO,2026_06_22_merged.mat,TEST,2,27743,1745,87.2,1387.1000000000001
R006,CNO,T2_SD_CNO,2026_06_22_merged.mat,TEST,1,27750,1752,87.55000000000001,1387.45
R006,CNO,T2_SD_CNO,2026_06_22_merged.mat,TEST,1,27751,1753,87.60000000000001,1387.5
R006,CNO,T2_SD_CNO,2026_06_22_merged.mat,TEST,2,27766,1768,88.35000000000001,1388.25
R006,CNO,T2_SD_CNO,2026_06_22_merged.mat,TEST,2,27767,1769,88.4,1388.3000000000002
R006,CNO,T2_SD_CNO,2026_06_22_merged.mat,TEST,1,27774,1776,88.75,1388.65
R006,CNO,T2_SD_CNO,2026_06_22_merged.mat,TEST,1,27791,1793,89.60000000000001,1389.5
R006,CNO,T2_SD_CNO,2026_06_22_merged.mat,TEST,2,27826,1828,91.35000000000001,1391.25
R006,CNO,T2_SD_CNO,2026_06_22_merged.mat,TEST,2,27827,1829,91.4,1391.3000000000002
R006,CNO,T2_SD_CNO,2026_06_22_merged.mat,TEST,2,27828,1830,91.45,1391.3500000000001
R006,CNO,T2_SD_CNO,2026_06_22_merged.mat,TEST,2,27829,1831,91.5,1391.4
R006,CNO,T2_SD_CNO,2026_06_22_merged.mat,TEST,2,27830,1832,91.55000000000001,1391.45
R006,CNO,T2_SD_CNO,2026_06_22_merged.mat,TEST,1,27835,1837,91.80000000000001,1391.7
R006,CNO,T2_SD_CNO,2026_06_22_merged.mat,TEST,1,27836,1838,91.85000000000001,1391.75
R006,CNO,T2_SD_CNO,2026_06_22_merged.mat,TEST,2,27850,1852,92.55000000000001,1392.45
R006,CNO,T2_SD_CNO,2026_06_22_merged.mat,TEST,2,27851,1853,92.60000000000001,1392.5
R006,CNO,T2_SD_CNO,2026_06_22_merged.mat,TEST,2,27875,1877,93.80000000000001,1393.7
R006,CNO,T2_SD_CNO,2026_06_22_merged.mat,TEST,1,27921,1923,96.10000000000001,1396.0
R006,CNO,T2_SD_CNO,2026_06_22_merged.mat,TEST,2,27926,1928,96.35000000000001,1396.25
R006,CNO,T2_SD_CNO,2026_06_22_merged.mat,TEST,2,27927,1929,96.4,1396.3000000000002
R006,CNO,T2_SD_CNO,2026_06_22_merged.mat,TEST,2,27928,1930,96.45,1396.3500000000001
R006,CNO,T2_SD_CNO,2026_06_22_merged.mat,TEST,2,27966,1968,98.35000000000001,1398.25
R006,CNO,T2_SD_CNO,2026_06_22_merged.mat,TEST,2,27967,1969,98.4,1398.3000000000002
R006,CNO,T2_SD_CNO,2026_06_22_merged.mat,TEST,2,27968,1970,98.45,1398.3500000000001
R006,CNO,T2_SD_CNO,2026_06_22_merged.mat,TEST,2,27976,1978,98.85000000000001,1398.75
R006,CNO,T2_SD_CNO,2026_06_22_merged.mat,TEST,2,27977,1979,98.9,1398.8000000000002
R006,CNO,T2_SD_CNO,2026_06_22_merged.mat,TEST,2,27978,1980,98.95,1398.8500000000001
R006,CNO,T2_SD_CNO,2026_06_22_merged.mat,TEST,2,27979,1981,99.0,1398.9
R006,CNO,T2_SD_CNO,2026_06_22_merged.mat,TEST,1,27993,1995,99.7,1399.6000000000001
R006,CNO,T2_SD_CNO,2026_06_22_merged.mat,TEST,1,27994,1996,99.75,1399.65
R006,CNO,T2_SD_CNO,2026_06_22_merged.mat,TEST,2,28010,2012,100.55000000000001,1400.45
R006,CNO,T2_SD_CNO,2026_06_22_merged.mat,TEST,2,28011,2013,100.60000000000001,1400.5
R006,CNO,T2_SD_CNO,2026_06_22_merged.mat,TEST,2,28012,2014,100.65,1400.5500000000002
R006,CNO,T2_SD_CNO,2026_06_22_merged.mat,TEST,2,28013,2015,100.7,1400.6000000000001
R006,CNO,T2_SD_CNO,2026_06_22_merged.mat,TEST,2,28014,2016,100.75,1400.65
R006,CNO,T2_SD_CNO,2026_06_22_merged.mat,TEST,2,28026,2028,101.35000000000001,1401.25
R006,CNO,T2_SD_CNO,2026_06_22_merged.mat,TEST,2,28027,2029,101.4,1401.3000000000002
R006,CNO,T2_SD_CNO,2026_06_22_merged.mat,TEST,2,28028,2030,101.45,1401.3500000000001
R006,CNO,T2_SD_CNO,2026_06_22_merged.mat,TEST,2,28029,2031,101.5,1401.4
R006,CNO,T2_SD_CNO,2026_06_22_merged.mat,TEST,2,28059,2061,103.0,1402.9
R006,CNO,T2_SD_CNO,2026_06_22_merged.mat,TEST,2,28060,2062,103.05000000000001,1402.95
R006,CNO,T2_SD_CNO,2026_06_22_merged.mat,TEST,2,28061,2063,103.10000000000001,1403.0
R006,CNO,T2_SD_CNO,2026_06_22_merged.mat,TEST,2,28062,2064,103.15,1403.0500000000002
R006,CNO,T2_SD_CNO,2026_06_22_merged.mat,TEST,2,28127,2129,106.4,1406.3000000000002
R006,CNO,T2_SD_CNO,2026_06_22_merged.mat,TEST,2,28128,2130,106.45,1406.3500000000001
R006,CNO,T2_SD_CNO,2026_06_22_merged.mat,TEST,2,28129,2131,106.5,1406.4
R006,CNO,T2_SD_CNO,2026_06_22_merged.mat,TEST,2,28130,2132,106.55000000000001,1406.45
R006,CNO,T2_SD_CNO,2026_06_22_merged.mat,TEST,2,28141,2143,107.10000000000001,1407.0
R006,CNO,T2_SD_CNO,2026_06_22_merged.mat,TEST,2,28142,2144,107.15,1407.0500000000002
R006,CNO,T2_SD_CNO,2026_06_22_merged.mat,TEST,2,28143,2145,107.2,1407.1000000000001
R006,CNO,T2_SD_CNO,2026_06_22_merged.mat,TEST,2,28144,2146,107.25,1407.15
R006,CNO,T2_SD_CNO,2026_06_22_merged.mat,TEST,2,28145,2147,107.30000000000001,1407.2
R006,CNO,T2_SD_CNO,2026_06_22_merged.mat,TEST,2,28146,2148,107.35000000000001,1407.25
R006,CNO,T2_SD_CNO,2026_06_22_merged.mat,TEST,2,28147,2149,107.4,1407.3000000000002
R006,CNO,T2_SD_CNO,2026_06_22_merged.mat,TEST,2,28148,2150,107.45,1407.3500000000001
R006,CNO,T2_SD_CNO,2026_06_22_merged.mat,TEST,2,28155,2157,107.80000000000001,1407.7
R006,CNO,T2_SD_CNO,2026_06_22_merged.mat,TEST,2,28156,2158,107.85000000000001,1407.75
R006,CNO,T2_SD_CNO,2026_06_22_merged.mat,TEST,2,28180,2182,109.05000000000001,1408.95
R006,CNO,T2_SD_CNO,2026_06_22_merged.mat,TEST,2,28181,2183,109.10000000000001,1409.0
R006,CNO,T2_SD_CNO,2026_06_22_merged.mat,TEST,2,28182,2184,109.15,1409.0500000000002
R006,CNO,T2_SD_CNO,2026_06_22_merged.mat,TEST,2,28183,2185,109.2,1409.1000000000001
R006,CNO,T2_SD_CNO,2026_06_22_merged.mat,TEST,2,28192,2194,109.65,1409.5500000000002
R006,CNO,T2_SD_CNO,2026_06_22_merged.mat,TEST,2,28193,2195,109.7,1409.6000000000001
R006,CNO,T2_SD_CNO,2026_06_22_merged.mat,TEST,2,28201,2203,110.10000000000001,1410.0
R006,CNO,T2_SD_CNO,2026_06_22_merged.mat,TEST,2,28202,2204,110.15,1410.0500000000002
R006,CNO,T2_SD_CNO,2026_06_22_merged.mat,TEST,2,28214,2216,110.75,1410.65
R006,CNO,T2_SD_CNO,2026_06_22_merged.mat,TEST,2,28215,2217,110.80000000000001,1410.7
R006,CNO,T2_SD_CNO,2026_06_22_merged.mat,TEST,2,28216,2218,110.85000000000001,1410.75
R006,CNO,T2_SD_CNO,2026_06_22_merged.mat,TEST,2,28234,2236,111.75,1411.65
R006,CNO,T2_SD_CNO,2026_06_22_merged.mat,TEST,1,28259,2261,113.0,1412.9
R006,CNO,T2_SD_CNO,2026_06_22_merged.mat,TEST,1,28260,2262,113.05000000000001,1412.95
R006,CNO,T2_SD_CNO,2026_06_22_merged.mat,TEST,1,28261,2263,113.10000000000001,1413.0
R006,CNO,T2_SD_CNO,2026_06_22_merged.mat,TEST,1,28262,2264,113.15,1413.0500000000002
R006,CNO,T2_SD_CNO,2026_06_22_merged.mat,TEST,2,28267,2269,113.4,1413.3000000000002
R006,CNO,T2_SD_CNO,2026_06_22_merged.mat,TEST,2,28268,2270,113.45,1413.3500000000001
R006,CNO,T2_SD_CNO,2026_06_22_merged.mat,TEST,2,28269,2271,113.5,1413.4
R006,CNO,T2_SD_CNO,2026_06_22_merged.mat,TEST,2,28311,2313,115.60000000000001,1415.5
R006,CNO,T2_SD_CNO,2026_06_22_merged.mat,TEST,2,28312,2314,115.65,1415.5500000000002
R006,CNO,T2_SD_CNO,2026_06_22_merged.mat,TEST,2,28313,2315,115.7,1415.6000000000001
R006,CNO,T2_SD_CNO,2026_06_22_merged.mat,TEST,2,28314,2316,115.75,1415.65
R006,CNO,T2_SD_CNO,2026_06_22_merged.mat,TEST,2,28315,2317,115.80000000000001,1415.7
R006,CNO,T2_SD_CNO,2026_06_22_merged.mat,TEST,2,28316,2318,115.85000000000001,1415.75
R006,CNO,T2_SD_CNO,2026_06_22_merged.mat,TEST,2,28328,2330,116.45,1416.3500000000001
R006,CNO,T2_SD_CNO,2026_06_22_merged.mat,TEST,2,28329,2331,116.5,1416.4
R006,CNO,T2_SD_CNO,2026_06_22_merged.mat,TEST,2,28330,2332,116.55000000000001,1416.45
R006,CNO,T2_SD_CNO,2026_06_22_merged.mat,TEST,2,28331,2333,116.60000000000001,1416.5
R006,CNO,T2_SD_CNO,2026_06_22_merged.mat,TEST,2,28347,2349,117.4,1417.3000000000002
R006,CNO,T2_SD_CNO,2026_06_22_merged.mat,TEST,2,28348,2350,117.45,1417.3500000000001
R006,CNO,T2_SD_CNO,2026_06_22_merged.mat,TEST,2,28349,2351,117.5,1417.4
R006,CNO,T2_SD_CNO,2026_06_22_merged.mat,TEST,2,28356,2358,117.85000000000001,1417.75
R006,CNO,T2_SD_CNO,2026_06_22_merged.mat,TEST,2,28357,2359,117.9,1417.8000000000002
R006,CNO,T2_SD_CNO,2026_06_22_merged.mat,TEST,2,28359,2361,118.0,1417.9
R006,CNO,T2_SD_CNO,2026_06_22_merged.mat,TEST,2,28369,2371,118.5,1418.4
R006,CNO,T2_SD_CNO,2026_06_22_merged.mat,TEST,2,28370,2372,118.55000000000001,1418.45
R006,CNO,T2_SD_CNO,2026_06_22_merged.mat,TEST,2,28371,2373,118.60000000000001,1418.5
R006,CNO,T2_SD_CNO,2026_06_22_merged.mat,TEST,2,28372,2374,118.65,1418.5500000000002
R006,CNO,T2_SD_CNO,2026_06_22_merged.mat,TEST,2,28419,2421,121.0,1420.9
R006,CNO,T2_SD_CNO,2026_06_22_merged.mat,TEST,2,28420,2422,121.05000000000001,1420.95
R006,CNO,T2_SD_CNO,2026_06_22_merged.mat,TEST,2,28421,2423,121.10000000000001,1421.0
R006,CNO,T2_SD_CNO,2026_06_22_merged.mat,TEST,2,28435,2437,121.80000000000001,1421.7
R006,CNO,T2_SD_CNO,2026_06_22_merged.mat,TEST,2,28436,2438,121.85000000000001,1421.75
R006,CNO,T2_SD_CNO,2026_06_22_merged.mat,TEST,2,28437,2439,121.9,1421.8000000000002
R006,CNO,T2_SD_CNO,2026_06_22_merged.mat,TEST,2,28438,2440,121.95,1421.8500000000001
R006,CNO,T2_SD_CNO,2026_06_22_merged.mat,TEST,2,28508,2510,125.45,1425.3500000000001
R006,CNO,T2_SD_CNO,2026_06_22_merged.mat,TEST,2,28509,2511,125.5,1425.4
R006,CNO,T2_SD_CNO,2026_06_22_merged.mat,TEST,2,28510,2512,125.55000000000001,1425.45
R006,CNO,T2_SD_CNO,2026_06_22_merged.mat,TEST,2,28511,2513,125.60000000000001,1425.5
R006,CNO,T2_SD_CNO,2026_06_22_merged.mat,TEST,2,28512,2514,125.65,1425.5500000000002
R006,CNO,T2_SD_CNO,2026_06_22_merged.mat,TEST,2,28513,2515,125.7,1425.6000000000001
R006,CNO,T2_SD_CNO,2026_06_22_merged.mat,TEST,1,28519,2521,126.0,1425.9
R006,CNO,T2_SD_CNO,2026_06_22_merged.mat,TEST,1,28520,2522,126.05000000000001,1425.95
R006,CNO,T2_SD_CNO,2026_06_22_merged.mat,TEST,2,28527,2529,126.4,1426.3000000000002
R006,CNO,T2_SD_CNO,2026_06_22_merged.mat,TEST,2,28528,2530,126.45,1426.3500000000001
R006,CNO,T2_SD_CNO,2026_06_22_merged.mat,TEST,2,28529,2531,126.5,1426.4
R006,CNO,T2_SD_CNO,2026_06_22_merged.mat,TEST,2,28530,2532,126.55000000000001,1426.45
R006,CNO,T2_SD_CNO,2026_06_22_merged.mat,TEST,2,28531,2533,126.60000000000001,1426.5
R006,CNO,T2_SD_CNO,2026_06_22_merged.mat,TEST,1,28543,2545,127.2,1427.1000000000001
R006,CNO,T2_SD_CNO,2026_06_22_merged.mat,TEST,1,28544,2546,127.25,1427.15
R006,CNO,T2_SD_CNO,2026_06_22_merged.mat,TEST,1,28545,2547,127.30000000000001,1427.2
R006,CNO,T2_SD_CNO,2026_06_22_merged.mat,TEST,1,28546,2548,127.35000000000001,1427.25
R006,CNO,T2_SD_CNO,2026_06_22_merged.mat,TEST,2,28569,2571,128.5,1428.4
R006,CNO,T2_SD_CNO,2026_06_22_merged.mat,TEST,2,28570,2572,128.55,1428.45
R006,CNO,T2_SD_CNO,2026_06_22_merged.mat,TEST,2,28571,2573,128.6,1428.5
R006,CNO,T2_SD_CNO,2026_06_22_merged.mat,TEST,2,28572,2574,128.65,1428.5500000000002
R006,CNO,T2_SD_CNO,2026_06_22_merged.mat,TEST,2,28573,2575,128.70000000000002,1428.6000000000001
R006,CNO,T2_SD_CNO,2026_06_22_merged.mat,TEST,1,28592,2594,129.65,1429.5500000000002
R006,CNO,T2_SD_CNO,2026_06_22_merged.mat,TEST,1,28593,2595,129.70000000000002,1429.6000000000001
R006,CNO,T2_SD_CNO,2026_06_22_merged.mat,TEST,1,28594,2596,129.75,1429.65
R006,CNO,T2_SD_CNO,2026_06_22_merged.mat,TEST,2,28602,2604,130.15,1430.0500000000002
R006,CNO,T2_SD_CNO,2026_06_22_merged.mat,TEST,2,28603,2605,130.20000000000002,1430.1000000000001
R006,CNO,T2_SD_CNO,2026_06_22_merged.mat,TEST,2,28604,2606,130.25,1430.15
R006,CNO,T2_SD_CNO,2026_06_22_merged.mat,TEST,2,28605,2607,130.3,1430.2
R006,CNO,T2_SD_CNO,2026_06_22_merged.mat,TEST,2,28606,2608,130.35,1430.25
R006,CNO,T2_SD_CNO,2026_06_22_merged.mat,TEST,2,28607,2609,130.4,1430.3000000000002
R006,CNO,T2_SD_CNO,2026_06_22_merged.mat,TEST,2,28608,2610,130.45000000000002,1430.3500000000001
R006,CNO,T2_SD_CNO,2026_06_22_merged.mat,TEST,2,28618,2620,130.95000000000002,1430.8500000000001
R006,CNO,T2_SD_CNO,2026_06_22_merged.mat,TEST,2,28619,2621,131.0,1430.9
R006,CNO,T2_SD_CNO,2026_06_22_merged.mat,TEST,2,28620,2622,131.05,1430.95
R006,CNO,T2_SD_CNO,2026_06_22_merged.mat,TEST,2,28628,2630,131.45000000000002,1431.3500000000001
R006,CNO,T2_SD_CNO,2026_06_22_merged.mat,TEST,2,28629,2631,131.5,1431.4
R006,CNO,T2_SD_CNO,2026_06_22_merged.mat,TEST,2,28630,2632,131.55,1431.45
R006,CNO,T2_SD_CNO,2026_06_22_merged.mat,TEST,1,28635,2637,131.8,1431.7
R006,CNO,T2_SD_CNO,2026_06_22_merged.mat,TEST,1,28636,2638,131.85,1431.75
R006,CNO,T2_SD_CNO,2026_06_22_merged.mat,TEST,1,28645,2647,132.3,1432.2
R006,CNO,T2_SD_CNO,2026_06_22_merged.mat,TEST,1,28646,2648,132.35,1432.25
R006,CNO,T2_SD_CNO,2026_06_22_merged.mat,TEST,1,28647,2649,132.4,1432.3000000000002
R006,CNO,T2_SD_CNO,2026_06_22_merged.mat,TEST,1,28648,2650,132.45000000000002,1432.3500000000001
R006,CNO,T2_SD_CNO,2026_06_22_merged.mat,TEST,2,28682,2684,134.15,1434.0500000000002
R006,CNO,T2_SD_CNO,2026_06_22_merged.mat,TEST,2,28683,2685,134.20000000000002,1434.1000000000001
R006,CNO,T2_SD_CNO,2026_06_22_merged.mat,TEST,2,28684,2686,134.25,1434.15
R006,CNO,T2_SD_CNO,2026_06_22_merged.mat,TEST,1,28693,2695,134.70000000000002,1434.6000000000001
R006,CNO,T2_SD_CNO,2026_06_22_merged.mat,TEST,1,28694,2696,134.75,1434.65
R006,CNO,T2_SD_CNO,2026_06_22_merged.mat,TEST,1,28695,2697,134.8,1434.7
R006,CNO,T2_SD_CNO,2026_06_22_merged.mat,TEST,1,28696,2698,134.85,1434.75
R006,CNO,T2_SD_CNO,2026_06_22_merged.mat,TEST,1,28697,2699,134.9,1434.8000000000002
R006,CNO,T2_SD_CNO,2026_06_22_merged.mat,TEST,2,28704,2706,135.25,1435.15
R006,CNO,T2_SD_CNO,2026_06_22_merged.mat,TEST,2,28705,2707,135.3,1435.2
R006,CNO,T2_SD_CNO,2026_06_22_merged.mat,TEST,1,28721,2723,136.1,1436.0
R006,CNO,T2_SD_CNO,2026_06_22_merged.mat,TEST,1,28722,2724,136.15,1436.0500000000002
R006,CNO,T2_SD_CNO,2026_06_22_merged.mat,TEST,2,28741,2743,137.1,1437.0
R006,CNO,T2_SD_CNO,2026_06_22_merged.mat,TEST,2,28742,2744,137.15,1437.0500000000002
R006,CNO,T2_SD_CNO,2026_06_22_merged.mat,TEST,2,28743,2745,137.20000000000002,1437.1000000000001
R006,CNO,T2_SD_CNO,2026_06_22_merged.mat,TEST,2,28744,2746,137.25,1437.15
R006,CNO,T2_SD_CNO,2026_06_22_merged.mat,TEST,2,28745,2747,137.3,1437.2
R006,CNO,T2_SD_CNO,2026_06_22_merged.mat,TEST,2,28746,2748,137.35,1437.25
R006,CNO,T2_SD_CNO,2026_06_22_merged.mat,TEST,1,28774,2776,138.75,1438.65
R006,CNO,T2_SD_CNO,2026_06_22_merged.mat,TEST,2,28780,2782,139.05,1438.95
R006,CNO,T2_SD_CNO,2026_06_22_merged.mat,TEST,2,28781,2783,139.1,1439.0
R006,CNO,T2_SD_CNO,2026_06_22_merged.mat,TEST,2,28782,2784,139.15,1439.0500000000002
R006,CNO,T2_SD_CNO,2026_06_22_merged.mat,TEST,1,28787,2789,139.4,1439.3000000000002
R006,CNO,T2_SD_CNO,2026_06_22_merged.mat,TEST,1,28788,2790,139.45000000000002,1439.3500000000001
R006,CNO,T2_SD_CNO,2026_06_22_merged.mat,TEST,2,28794,2796,139.75,1439.65
R006,CNO,T2_SD_CNO,2026_06_22_merged.mat,TEST,2,28816,2818,140.85,1440.75
R006,CNO,T2_SD_CNO,2026_06_22_merged.mat,TEST,2,28817,2819,140.9,1440.8000000000002
R006,CNO,T2_SD_CNO,2026_06_22_merged.mat,TEST,2,28818,2820,140.95000000000002,1440.8500000000001
R006,CNO,T2_SD_CNO,2026_06_22_merged.mat,TEST,2,28819,2821,141.0,1440.9
R006,CNO,T2_SD_CNO,2026_06_22_merged.mat,TEST,2,28820,2822,141.05,1440.95
R006,CNO,T2_SD_CNO,2026_06_22_merged.mat,TEST,1,28828,2830,141.45000000000002,1441.3500000000001
R006,CNO,T2_SD_CNO,2026_06_22_merged.mat,TEST,1,28829,2831,141.5,1441.4
R006,CNO,T2_SD_CNO,2026_06_22_merged.mat,TEST,1,28830,2832,141.55,1441.45
R006,CNO,T2_SD_CNO,2026_06_22_merged.mat,TEST,1,28831,2833,141.6,1441.5
R006,CNO,T2_SD_CNO,2026_06_22_merged.mat,TEST,2,28869,2871,143.5,1443.4
R006,CNO,T2_SD_CNO,2026_06_22_merged.mat,TEST,2,28870,2872,143.55,1443.45
R006,CNO,T2_SD_CNO,2026_06_22_merged.mat,TEST,2,28871,2873,143.6,1443.5
R006,CNO,T2_SD_CNO,2026_06_22_merged.mat,TEST,2,28872,2874,143.65,1443.5500000000002
R006,CNO,T2_SD_CNO,2026_06_22_merged.mat,TEST,2,28873,2875,143.70000000000002,1443.6000000000001
R006,CNO,T2_SD_CNO,2026_06_22_merged.mat,TEST,2,28874,2876,143.75,1443.65
R006,CNO,T2_SD_CNO,2026_06_22_merged.mat,TEST,2,28875,2877,143.8,1443.7
R006,CNO,T2_SD_CNO,2026_06_22_merged.mat,TEST,2,28876,2878,143.85,1443.75
R006,CNO,T2_SD_CNO,2026_06_22_merged.mat,TEST,1,28906,2908,145.35,1445.25
R006,CNO,T2_SD_CNO,2026_06_22_merged.mat,TEST,1,28907,2909,145.4,1445.3000000000002
R006,CNO,T2_SD_CNO,2026_06_22_merged.mat,TEST,2,28913,2915,145.70000000000002,1445.6000000000001
R006,CNO,T2_SD_CNO,2026_06_22_merged.mat,TEST,2,28914,2916,145.75,1445.65
R006,CNO,T2_SD_CNO,2026_06_22_merged.mat,TEST,2,28915,2917,145.8,1445.7
R006,CNO,T2_SD_CNO,2026_06_22_merged.mat,TEST,2,28916,2918,145.85,1445.75
R006,CNO,T2_SD_CNO,2026_06_22_merged.mat,TEST,2,28917,2919,145.9,1445.8000000000002
R006,CNO,T2_SD_CNO,2026_06_22_merged.mat,TEST,2,28918,2920,145.95000000000002,1445.8500000000001
R006,CNO,T2_SD_CNO,2026_06_22_merged.mat,TEST,2,28919,2921,146.0,1445.9
R006,CNO,T2_SD_CNO,2026_06_22_merged.mat,TEST,2,28921,2923,146.1,1446.0
R006,CNO,T2_SD_CNO,2026_06_22_merged.mat,TEST,2,28922,2924,146.15,1446.0500000000002
R006,CNO,T2_SD_CNO,2026_06_22_merged.mat,TEST,1,28930,2932,146.55,1446.45
R006,CNO,T2_SD_CNO,2026_06_22_merged.mat,TEST,1,28931,2933,146.6,1446.5
R006,CNO,T2_SD_CNO,2026_06_22_merged.mat,TEST,1,28932,2934,146.65,1446.5500000000002
R006,CNO,T2_SD_CNO,2026_06_22_merged.mat,TEST,1,28933,2935,146.70000000000002,1446.6000000000001
R006,CNO,T2_SD_CNO,2026_06_22_merged.mat,TEST,2,28964,2966,148.25,1448.15
R006,CNO,T2_SD_CNO,2026_06_22_merged.mat,TEST,2,28965,2967,148.3,1448.2
R006,CNO,T2_SD_CNO,2026_06_22_merged.mat,TEST,2,28966,2968,148.35,1448.25
R006,CNO,T2_SD_CNO,2026_06_22_merged.mat,TEST,2,28967,2969,148.4,1448.3000000000002
R006,CNO,T2_SD_CNO,2026_06_22_merged.mat,TEST,1,28980,2982,149.05,1448.95
R006,CNO,T2_SD_CNO,2026_06_22_merged.mat,TEST,1,28981,2983,149.1,1449.0
R006,CNO,T2_SD_CNO,2026_06_22_merged.mat,TEST,1,28982,2984,149.15,1449.0500000000002
R006,CNO,T2_SD_CNO,2026_06_22_merged.mat,TEST,1,28996,2998,149.85,1449.75
R006,CNO,T2_SD_CNO,2026_06_22_merged.mat,TEST,1,28997,2999,149.9,1449.8000000000002
R006,CNO,T2_SD_CNO,2026_06_22_merged.mat,TEST,1,28998,3000,149.95000000000002,1449.8500000000001
R006,CNO,T2_SD_CNO,2026_06_22_merged.mat,TEST,1,28999,3001,150.0,1449.9
R006,CNO,T2_SD_CNO,2026_06_22_merged.mat,TEST,1,29000,3002,150.05,1449.95
R006,CNO,T2_SD_CNO,2026_06_22_merged.mat,TEST,2,29006,3008,150.35,1450.25
R006,CNO,T2_SD_CNO,2026_06_22_merged.mat,TEST,2,29007,3009,150.4,1450.3000000000002
R006,CNO,T2_SD_CNO,2026_06_22_merged.mat,TEST,2,29008,3010,150.45000000000002,1450.3500000000001
R006,CNO,T2_SD_CNO,2026_06_22_merged.mat,TEST,1,29019,3021,151.0,1450.9
R006,CNO,T2_SD_CNO,2026_06_22_merged.mat,TEST,1,29020,3022,151.05,1450.95
R006,CNO,T2_SD_CNO,2026_06_22_merged.mat,TEST,1,29021,3023,151.1,1451.0
R006,CNO,T2_SD_CNO,2026_06_22_merged.mat,TEST,1,29022,3024,151.15,1451.0500000000002
R006,CNO,T2_SD_CNO,2026_06_22_merged.mat,TEST,2,29029,3031,151.5,1451.4
R006,CNO,T2_SD_CNO,2026_06_22_merged.mat,TEST,2,29045,3047,152.3,1452.2
R006,CNO,T2_SD_CNO,2026_06_22_merged.mat,TEST,2,29046,3048,152.35,1452.25
R006,CNO,T2_SD_CNO,2026_06_22_merged.mat,TEST,2,29047,3049,152.4,1452.3000000000002
R006,CNO,T2_SD_CNO,2026_06_22_merged.mat,TEST,2,29048,3050,152.45000000000002,1452.3500000000001
R006,CNO,T2_SD_CNO,2026_06_22_merged.mat,TEST,2,29049,3051,152.5,1452.4
R006,CNO,T2_SD_CNO,2026_06_22_merged.mat,TEST,2,29050,3052,152.55,1452.45
R006,CNO,T2_SD_CNO,2026_06_22_merged.mat,TEST,2,29051,3053,152.6,1452.5
R006,CNO,T2_SD_CNO,2026_06_22_merged.mat,TEST,2,29052,3054,152.65,1452.5500000000002
R006,CNO,T2_SD_CNO,2026_06_22_merged.mat,TEST,2,29053,3055,152.70000000000002,1452.6000000000001
R006,CNO,T2_SD_CNO,2026_06_22_merged.mat,TEST,2,29054,3056,152.75,1452.65
R006,CNO,T2_SD_CNO,2026_06_22_merged.mat,TEST,2,29055,3057,152.8,1452.7
R006,CNO,T2_SD_CNO,2026_06_22_merged.mat,TEST,2,29056,3058,152.85,1452.75
R006,CNO,T2_SD_CNO,2026_06_22_merged.mat,TEST,2,29070,3072,153.55,1453.45
R006,CNO,T2_SD_CNO,2026_06_22_merged.mat,TEST,2,29071,3073,153.60000000000002,1453.5
R006,CNO,T2_SD_CNO,2026_06_22_merged.mat,TEST,2,29072,3074,153.65,1453.5500000000002
R006,CNO,T2_SD_CNO,2026_06_22_merged.mat,TEST,1,29093,3095,154.70000000000002,1454.6000000000001
R006,CNO,T2_SD_CNO,2026_06_22_merged.mat,TEST,1,29094,3096,154.75,1454.65
R006,CNO,T2_SD_CNO,2026_06_22_merged.mat,TEST,2,29156,3158,157.85000000000002,1457.75
R006,CNO,T2_SD_CNO,2026_06_22_merged.mat,TEST,2,29157,3159,157.9,1457.8000000000002
R006,CNO,T2_SD_CNO,2026_06_22_merged.mat,TEST,2,29158,3160,157.95000000000002,1457.8500000000001
R006,CNO,T2_SD_CNO,2026_06_22_merged.mat,TEST,2,29159,3161,158.0,1457.9
R006,CNO,T2_SD_CNO,2026_06_22_merged.mat,TEST,2,29160,3162,158.05,1457.95
R006,CNO,T2_SD_CNO,2026_06_22_merged.mat,TEST,2,29161,3163,158.10000000000002,1458.0
R006,CNO,T2_SD_CNO,2026_06_22_merged.mat,TEST,2,29168,3170,158.45000000000002,1458.3500000000001
R006,CNO,T2_SD_CNO,2026_06_22_merged.mat,TEST,2,29169,3171,158.5,1458.4
R006,CNO,T2_SD_CNO,2026_06_22_merged.mat,TEST,2,29179,3181,159.0,1458.9
R006,CNO,T2_SD_CNO,2026_06_22_merged.mat,TEST,2,29180,3182,159.05,1458.95
R006,CNO,T2_SD_CNO,2026_06_22_merged.mat,TEST,2,29181,3183,159.10000000000002,1459.0
R006,CNO,T2_SD_CNO,2026_06_22_merged.mat,TEST,1,29185,3187,159.3,1459.2
R006,CNO,T2_SD_CNO,2026_06_22_merged.mat,TEST,1,29186,3188,159.35000000000002,1459.25
R006,CNO,T2_SD_CNO,2026_06_22_merged.mat,TEST,1,29187,3189,159.4,1459.3000000000002
R006,CNO,T2_SD_CNO,2026_06_22_merged.mat,TEST,1,29188,3190,159.45000000000002,1459.3500000000001
R006,CNO,T2_SD_CNO,2026_06_22_merged.mat,TEST,2,29193,3195,159.70000000000002,1459.6000000000001
R006,CNO,T2_SD_CNO,2026_06_22_merged.mat,TEST,2,29194,3196,159.75,1459.65
R006,CNO,T2_SD_CNO,2026_06_22_merged.mat,TEST,2,29195,3197,159.8,1459.7
R006,CNO,T2_SD_CNO,2026_06_22_merged.mat,TEST,2,29196,3198,159.85000000000002,1459.75
R006,CNO,T2_SD_CNO,2026_06_22_merged.mat,TEST,2,29201,3203,160.10000000000002,1460.0
R006,CNO,T2_SD_CNO,2026_06_22_merged.mat,TEST,2,29202,3204,160.15,1460.0500000000002
R006,CNO,T2_SD_CNO,2026_06_22_merged.mat,TEST,2,29203,3205,160.20000000000002,1460.1000000000001
R006,CNO,T2_SD_CNO,2026_06_22_merged.mat,TEST,2,29204,3206,160.25,1460.15
R006,CNO,T2_SD_CNO,2026_06_22_merged.mat,TEST,1,29211,3213,160.60000000000002,1460.5
R006,CNO,T2_SD_CNO,2026_06_22_merged.mat,TEST,2,29219,3221,161.0,1460.9
R006,CNO,T2_SD_CNO,2026_06_22_merged.mat,TEST,2,29230,3232,161.55,1461.45
R006,CNO,T2_SD_CNO,2026_06_22_merged.mat,TEST,2,29247,3249,162.4,1462.3000000000002
R006,CNO,T2_SD_CNO,2026_06_22_merged.mat,TEST,2,29248,3250,162.45000000000002,1462.3500000000001
R006,CNO,T2_SD_CNO,2026_06_22_merged.mat,TEST,2,29249,3251,162.5,1462.4
R006,CNO,T2_SD_CNO,2026_06_22_merged.mat,TEST,2,29250,3252,162.55,1462.45
R006,CNO,T2_SD_CNO,2026_06_22_merged.mat,TEST,2,29251,3253,162.60000000000002,1462.5
R006,CNO,T2_SD_CNO,2026_06_22_merged.mat,TEST,2,29252,3254,162.65,1462.5500000000002
R006,CNO,T2_SD_CNO,2026_06_22_merged.mat,TEST,2,29253,3255,162.70000000000002,1462.6000000000001
R006,CNO,T2_SD_CNO,2026_06_22_merged.mat,TEST,1,29269,3271,163.5,1463.4
R006,CNO,T2_SD_CNO,2026_06_22_merged.mat,TEST,1,29270,3272,163.55,1463.45
R006,CNO,T2_SD_CNO,2026_06_22_merged.mat,TEST,1,29277,3279,163.9,1463.8000000000002
R006,CNO,T2_SD_CNO,2026_06_22_merged.mat,TEST,2,29288,3290,164.45000000000002,1464.3500000000001
R006,CNO,T2_SD_CNO,2026_06_22_merged.mat,TEST,2,29289,3291,164.5,1464.4
R006,CNO,T2_SD_CNO,2026_06_22_merged.mat,TEST,2,29290,3292,164.55,1464.45
R006,CNO,T2_SD_CNO,2026_06_22_merged.mat,TEST,2,29291,3293,164.60000000000002,1464.5
R006,CNO,T2_SD_CNO,2026_06_22_merged.mat,TEST,2,29292,3294,164.65,1464.5500000000002
R006,CNO,T2_SD_CNO,2026_06_22_merged.mat,TEST,2,29293,3295,164.70000000000002,1464.6000000000001
R006,CNO,T2_SD_CNO,2026_06_22_merged.mat,TEST,2,29294,3296,164.75,1464.65
R006,CNO,T2_SD_CNO,2026_06_22_merged.mat,TEST,2,29295,3297,164.8,1464.7
R006,CNO,T2_SD_CNO,2026_06_22_merged.mat,TEST,2,29296,3298,164.85000000000002,1464.75
R006,CNO,T2_SD_CNO,2026_06_22_merged.mat,TEST,2,29297,3299,164.9,1464.8000000000002
R006,CNO,T2_SD_CNO,2026_06_22_merged.mat,TEST,2,29298,3300,164.95000000000002,1464.8500000000001
R006,CNO,T2_SD_CNO,2026_06_22_merged.mat,TEST,2,29299,3301,165.0,1464.9
R006,CNO,T2_SD_CNO,2026_06_22_merged.mat,TEST,2,29300,3302,165.05,1464.95
R006,CNO,T2_SD_CNO,2026_06_22_merged.mat,TEST,2,29301,3303,165.10000000000002,1465.0
R006,CNO,T2_SD_CNO,2026_06_22_merged.mat,TEST,2,29302,3304,165.15,1465.0500000000002
R006,CNO,T2_SD_CNO,2026_06_22_merged.mat,TEST,1,29327,3329,166.4,1466.3000000000002
R006,CNO,T2_SD_CNO,2026_06_22_merged.mat,TEST,1,29328,3330,166.45000000000002,1466.3500000000001
R006,CNO,T2_SD_CNO,2026_06_22_merged.mat,TEST,1,29329,3331,166.5,1466.4
R006,CNO,T2_SD_CNO,2026_06_22_merged.mat,TEST,2,29402,3404,170.15,1470.0500000000002
R006,CNO,T2_SD_CNO,2026_06_22_merged.mat,TEST,2,29403,3405,170.20000000000002,1470.1000000000001
R006,CNO,T2_SD_CNO,2026_06_22_merged.mat,TEST,2,29404,3406,170.25,1470.15
R006,CNO,T2_SD_CNO,2026_06_22_merged.mat,TEST,2,29405,3407,170.3,1470.2
R006,CNO,T2_SD_CNO,2026_06_22_merged.mat,TEST,2,29406,3408,170.35000000000002,1470.25
R006,CNO,T2_SD_CNO,2026_06_22_merged.mat,TEST,2,29407,3409,170.4,1470.3000000000002
R006,CNO,T2_SD_CNO,2026_06_22_merged.mat,TEST,2,29416,3418,170.85000000000002,1470.75
R006,CNO,T2_SD_CNO,2026_06_22_merged.mat,TEST,2,29417,3419,170.9,1470.8000000000002
R006,CNO,T2_SD_CNO,2026_06_22_merged.mat,TEST,2,29418,3420,170.95000000000002,1470.8500000000001
R006,CNO,T2_SD_CNO,2026_06_22_merged.mat,TEST,2,29419,3421,171.0,1470.9
R006,CNO,T2_SD_CNO,2026_06_22_merged.mat,TEST,2,29420,3422,171.05,1470.95
R006,CNO,T2_SD_CNO,2026_06_22_merged.mat,TEST,2,29435,3437,171.8,1471.7
R006,CNO,T2_SD_CNO,2026_06_22_merged.mat,TEST,2,29436,3438,171.85000000000002,1471.75
R006,CNO,T2_SD_CNO,2026_06_22_merged.mat,TEST,2,29437,3439,171.9,1471.8000000000002
R006,CNO,T2_SD_CNO,2026_06_22_merged.mat,TEST,2,29450,3452,172.55,1472.45
R006,CNO,T2_SD_CNO,2026_06_22_merged.mat,TEST,2,29451,3453,172.60000000000002,1472.5
R006,CNO,T2_SD_CNO,2026_06_22_merged.mat,TEST,2,29452,3454,172.65,1472.5500000000002
R006,CNO,T2_SD_CNO,2026_06_22_merged.mat,TEST,2,29453,3455,172.70000000000002,1472.6000000000001
R006,CNO,T2_SD_CNO,2026_06_22_merged.mat,TEST,2,29454,3456,172.75,1472.65
R006,CNO,T2_SD_CNO,2026_06_22_merged.mat,TEST,2,29455,3457,172.8,1472.7
R006,CNO,T2_SD_CNO,2026_06_22_merged.mat,TEST,2,29456,3458,172.85000000000002,1472.75
R006,CNO,T2_SD_CNO,2026_06_22_merged.mat,TEST,1,29481,3483,174.10000000000002,1474.0
R006,CNO,T2_SD_CNO,2026_06_22_merged.mat,TEST,2,29487,3489,174.4,1474.3000000000002
R006,CNO,T2_SD_CNO,2026_06_22_merged.mat,TEST,2,29488,3490,174.45000000000002,1474.3500000000001
R006,CNO,T2_SD_CNO,2026_06_22_merged.mat,TEST,2,29489,3491,174.5,1474.4
R006,CNO,T2_SD_CNO,2026_06_22_merged.mat,TEST,2,29490,3492,174.55,1474.45
R006,CNO,T2_SD_CNO,2026_06_22_merged.mat,TEST,2,29491,3493,174.60000000000002,1474.5
R006,CNO,T2_SD_CNO,2026_06_22_merged.mat,TEST,2,29492,3494,174.65,1474.5500000000002
R006,CNO,T2_SD_CNO,2026_06_22_merged.mat,TEST,2,29515,3517,175.8,1475.7
R006,CNO,T2_SD_CNO,2026_06_22_merged.mat,TEST,2,29516,3518,175.85000000000002,1475.75
R006,CNO,T2_SD_CNO,2026_06_22_merged.mat,TEST,2,29518,3520,175.95000000000002,1475.8500000000001
R006,CNO,T2_SD_CNO,2026_06_22_merged.mat,TEST,2,29533,3535,176.70000000000002,1476.6000000000001
R006,CNO,T2_SD_CNO,2026_06_22_merged.mat,TEST,2,29534,3536,176.75,1476.65
R006,CNO,T2_SD_CNO,2026_06_22_merged.mat,TEST,2,29535,3537,176.8,1476.7
R006,CNO,T2_SD_CNO,2026_06_22_merged.mat,TEST,2,29536,3538,176.85000000000002,1476.75
R006,CNO,T2_SD_CNO,2026_06_22_merged.mat,TEST,2,29537,3539,176.9,1476.8000000000002
R006,CNO,T2_SD_CNO,2026_06_22_merged.mat,TEST,1,29543,3545,177.20000000000002,1477.1000000000001
R006,CNO,T2_SD_CNO,2026_06_22_merged.mat,TEST,2,29549,3551,177.5,1477.4
R006,CNO,T2_SD_CNO,2026_06_22_merged.mat,TEST,2,29550,3552,177.55,1477.45
R006,CNO,T2_SD_CNO,2026_06_22_merged.mat,TEST,2,29551,3553,177.60000000000002,1477.5
R006,CNO,T2_SD_CNO,2026_06_22_merged.mat,TEST,2,29552,3554,177.65,1477.5500000000002
R006,CNO,T2_SD_CNO,2026_06_22_merged.mat,TEST,2,29553,3555,177.70000000000002,1477.6000000000001
R006,CNO,T2_SD_CNO,2026_06_22_merged.mat,TEST,2,29568,3570,178.45000000000002,1478.3500000000001
R006,CNO,T2_SD_CNO,2026_06_22_merged.mat,TEST,2,29569,3571,178.5,1478.4
R006,CNO,T2_SD_CNO,2026_06_22_merged.mat,TEST,2,29578,3580,178.95000000000002,1478.8500000000001
R006,CNO,T2_SD_CNO,2026_06_22_merged.mat,TEST,2,29579,3581,179.0,1478.9
R006,CNO,T2_SD_CNO,2026_06_22_merged.mat,TEST,2,29580,3582,179.05,1478.95
R006,CNO,T2_SD_CNO,2026_06_22_merged.mat,TEST,2,29581,3583,179.10000000000002,1479.0
R006,CNO,T2_SD_CNO,2026_06_22_merged.mat,TEST,2,29591,3593,179.60000000000002,1479.5
R006,CNO,T2_SD_CNO,2026_06_22_merged.mat,TEST,2,29592,3594,179.65,1479.5500000000002
R006,CNO,T2_SD_CNO,2026_06_22_merged.mat,TEST,2,29593,3595,179.70000000000002,1479.6000000000001
R006,CNO,T2_SD_CNO,2026_06_22_merged.mat,TEST,2,29594,3596,179.75,1479.65
R006,CNO,T2_SD_CNO,2026_06_22_merged.mat,TEST,2,29595,3597,179.8,1479.7
R006,CNO,T2_SD_CNO,2026_06_22_merged.mat,TEST,2,29596,3598,179.85000000000002,1479.75
R006,CNO,T2_SD_CNO,2026_06_22_merged.mat,TEST,2,29607,3609,180.4,1480.3000000000002
R006,CNO,T2_SD_CNO,2026_06_22_merged.mat,TEST,2,29608,3610,180.45000000000002,1480.3500000000001
R006,CNO,T2_SD_CNO,2026_06_22_merged.mat,TEST,2,29609,3611,180.5,1480.4
R006,CNO,T2_SD_CNO,2026_06_22_merged.mat,TEST,2,29610,3612,180.55,1480.45
R006,CNO,T2_SD_CNO,2026_06_22_merged.mat,TEST,2,29627,3629,181.4,1481.3000000000002
R006,CNO,T2_SD_CNO,2026_06_22_merged.mat,TEST,2,29628,3630,181.45000000000002,1481.3500000000001
R006,CNO,T2_SD_CNO,2026_06_22_merged.mat,TEST,2,29629,3631,181.5,1481.4
R006,CNO,T2_SD_CNO,2026_06_22_merged.mat,TEST,2,29630,3632,181.55,1481.45
R006,CNO,T2_SD_CNO,2026_06_22_merged.mat,TEST,2,29631,3633,181.60000000000002,1481.5
R006,CNO,T2_SD_CNO,2026_06_22_merged.mat,TEST,2,29632,3634,181.65,1481.5500000000002
R006,CNO,T2_SD_CNO,2026_06_22_merged.mat,TEST,2,29659,3661,183.0,1482.9
R006,CNO,T2_SD_CNO,2026_06_22_merged.mat,TEST,2,29660,3662,183.05,1482.95
R006,CNO,T2_SD_CNO,2026_06_22_merged.mat,TEST,2,29661,3663,183.10000000000002,1483.0
R006,CNO,T2_SD_CNO,2026_06_22_merged.mat,TEST,2,29662,3664,183.15,1483.0500000000002
R006,CNO,T2_SD_CNO,2026_06_22_merged.mat,TEST,2,29663,3665,183.20000000000002,1483.1000000000001
R006,CNO,T2_SD_CNO,2026_06_22_merged.mat,TEST,2,29670,3672,183.55,1483.45
R006,CNO,T2_SD_CNO,2026_06_22_merged.mat,TEST,2,29671,3673,183.60000000000002,1483.5
R006,CNO,T2_SD_CNO,2026_06_22_merged.mat,TEST,2,29672,3674,183.65,1483.5500000000002
R006,CNO,T2_SD_CNO,2026_06_22_merged.mat,TEST,2,29673,3675,183.70000000000002,1483.6000000000001
R006,CNO,T2_SD_CNO,2026_06_22_merged.mat,TEST,2,29674,3676,183.75,1483.65
R006,CNO,T2_SD_CNO,2026_06_22_merged.mat,TEST,2,29675,3677,183.8,1483.7
R006,CNO,T2_SD_CNO,2026_06_22_merged.mat,TEST,2,29679,3681,184.0,1483.9
R006,CNO,T2_SD_CNO,2026_06_22_merged.mat,TEST,2,29680,3682,184.05,1483.95
R006,CNO,T2_SD_CNO,2026_06_22_merged.mat,TEST,2,29681,3683,184.10000000000002,1484.0
R006,CNO,T2_SD_CNO,2026_06_22_merged.mat,TEST,2,29682,3684,184.15,1484.0500000000002
R006,CNO,T2_SD_CNO,2026_06_22_merged.mat,TEST,2,29683,3685,184.20000000000002,1484.1000000000001
R006,CNO,T2_SD_CNO,2026_06_22_merged.mat,TEST,2,29701,3703,185.10000000000002,1485.0
R006,CNO,T2_SD_CNO,2026_06_22_merged.mat,TEST,2,29702,3704,185.15,1485.0500000000002
R006,CNO,T2_SD_CNO,2026_06_22_merged.mat,TEST,2,29703,3705,185.20000000000002,1485.1000000000001
R006,CNO,T2_SD_CNO,2026_06_22_merged.mat,TEST,2,29704,3706,185.25,1485.15
R006,CNO,T2_SD_CNO,2026_06_22_merged.mat,TEST,2,29705,3707,185.3,1485.2
R006,CNO,T2_SD_CNO,2026_06_22_merged.mat,TEST,2,29706,3708,185.35000000000002,1485.25
R006,CNO,T2_SD_CNO,2026_06_22_merged.mat,TEST,1,29736,3738,186.85000000000002,1486.75
R006,CNO,T2_SD_CNO,2026_06_22_merged.mat,TEST,2,29757,3759,187.9,1487.8000000000002
R006,CNO,T2_SD_CNO,2026_06_22_merged.mat,TEST,2,29758,3760,187.95000000000002,1487.8500000000001
R006,CNO,T2_SD_CNO,2026_06_22_merged.mat,TEST,2,29759,3761,188.0,1487.9
R006,CNO,T2_SD_CNO,2026_06_22_merged.mat,TEST,2,29760,3762,188.05,1487.95
R006,CNO,T2_SD_CNO,2026_06_22_merged.mat,TEST,2,29761,3763,188.10000000000002,1488.0
R006,CNO,T2_SD_CNO,2026_06_22_merged.mat,TEST,2,29762,3764,188.15,1488.0500000000002
R006,CNO,T2_SD_CNO,2026_06_22_merged.mat,TEST,2,29767,3769,188.4,1488.3000000000002
R006,CNO,T2_SD_CNO,2026_06_22_merged.mat,TEST,2,29768,3770,188.45000000000002,1488.3500000000001
R006,CNO,T2_SD_CNO,2026_06_22_merged.mat,TEST,2,29769,3771,188.5,1488.4
R006,CNO,T2_SD_CNO,2026_06_22_merged.mat,TEST,2,29791,3793,189.60000000000002,1489.5
R006,CNO,T2_SD_CNO,2026_06_22_merged.mat,TEST,2,29792,3794,189.65,1489.5500000000002
R006,CNO,T2_SD_CNO,2026_06_22_merged.mat,TEST,2,29793,3795,189.70000000000002,1489.6000000000001
R006,CNO,T2_SD_CNO,2026_06_22_merged.mat,TEST,2,29794,3796,189.75,1489.65
R006,CNO,T2_SD_CNO,2026_06_22_merged.mat,TEST,2,29795,3797,189.8,1489.7
R006,CNO,T2_SD_CNO,2026_06_22_merged.mat,TEST,2,29853,3855,192.70000000000002,1492.6000000000001
R006,CNO,T2_SD_CNO,2026_06_22_merged.mat,TEST,2,29854,3856,192.75,1492.65
R006,CNO,T2_SD_CNO,2026_06_22_merged.mat,TEST,2,29866,3868,193.35000000000002,1493.25
R006,CNO,T2_SD_CNO,2026_06_22_merged.mat,TEST,2,29867,3869,193.4,1493.3000000000002
R006,CNO,T2_SD_CNO,2026_06_22_merged.mat,TEST,2,29868,3870,193.45000000000002,1493.3500000000001
R006,CNO,T2_SD_CNO,2026_06_22_merged.mat,TEST,2,29875,3877,193.8,1493.7
R006,CNO,T2_SD_CNO,2026_06_22_merged.mat,TEST,2,29876,3878,193.85000000000002,1493.75
R006,CNO,T2_SD_CNO,2026_06_22_merged.mat,TEST,2,29877,3879,193.9,1493.8000000000002
R006,CNO,T2_SD_CNO,2026_06_22_merged.mat,TEST,2,29878,3880,193.95000000000002,1493.8500000000001
R006,CNO,T2_SD_CNO,2026_06_22_merged.mat,TEST,2,29879,3881,194.0,1493.9
R006,CNO,T2_SD_CNO,2026_06_22_merged.mat,TEST,2,29886,3888,194.35000000000002,1494.25
R006,CNO,T2_SD_CNO,2026_06_22_merged.mat,TEST,2,29898,3900,194.95000000000002,1494.8500000000001
R006,CNO,T2_SD_CNO,2026_06_22_merged.mat,TEST,2,29899,3901,195.0,1494.9
R006,CNO,T2_SD_CNO,2026_06_22_merged.mat,TEST,2,29900,3902,195.05,1494.95
R006,CNO,T2_SD_CNO,2026_06_22_merged.mat,TEST,2,29901,3903,195.10000000000002,1495.0
R006,CNO,T2_SD_CNO,2026_06_22_merged.mat,TEST,2,29902,3904,195.15,1495.0500000000002
R006,CNO,T2_SD_CNO,2026_06_22_merged.mat,TEST,1,29915,3917,195.8,1495.7
R006,CNO,T2_SD_CNO,2026_06_22_merged.mat,TEST,1,29916,3918,195.85000000000002,1495.75
R006,CNO,T2_SD_CNO,2026_06_22_merged.mat,TEST,2,29920,3922,196.05,1495.95
R006,CNO,T2_SD_CNO,2026_06_22_merged.mat,TEST,2,29921,3923,196.10000000000002,1496.0
R006,CNO,T2_SD_CNO,2026_06_22_merged.mat,TEST,2,29922,3924,196.15,1496.0500000000002
R006,CNO,T2_SD_CNO,2026_06_22_merged.mat,TEST,1,29927,3929,196.4,1496.3000000000002
R006,CNO,T2_SD_CNO,2026_06_22_merged.mat,TEST,1,29928,3930,196.45000000000002,1496.3500000000001
R006,CNO,T2_SD_CNO,2026_06_22_merged.mat,TEST,2,29934,3936,196.75,1496.65
R006,CNO,T2_SD_CNO,2026_06_22_merged.mat,TEST,2,29935,3937,196.8,1496.7
R006,CNO,T2_SD_CNO,2026_06_22_merged.mat,TEST,2,29936,3938,196.85000000000002,1496.75
R006,CNO,T2_SD_CNO,2026_06_22_merged.mat,TEST,2,29986,3988,199.35000000000002,1499.25
R006,CNO,T2_SD_CNO,2026_06_22_merged.mat,TEST,2,30005,4007,200.3,1500.2
R006,CNO,T2_SD_CNO,2026_06_22_merged.mat,TEST,2,30006,4008,200.35000000000002,1500.25
R006,CNO,T2_SD_CNO,2026_06_22_merged.mat,TEST,2,30007,4009,200.4,1500.3000000000002
R006,CNO,T2_SD_CNO,2026_06_22_merged.mat,TEST,2,30008,4010,200.45000000000002,1500.3500000000001
R006,CNO,T2_SD_CNO,2026_06_22_merged.mat,TEST,2,30009,4011,200.5,1500.4
R006,CNO,T2_SD_CNO,2026_06_22_merged.mat,TEST,2,30021,4023,201.10000000000002,1501.0
R006,CNO,T2_SD_CNO,2026_06_22_merged.mat,TEST,2,30022,4024,201.15,1501.0500000000002
R006,CNO,T2_SD_CNO,2026_06_22_merged.mat,TEST,2,30023,4025,201.20000000000002,1501.1000000000001
R006,CNO,T2_SD_CNO,2026_06_22_merged.mat,TEST,2,30024,4026,201.25,1501.15
R006,CNO,T2_SD_CNO,2026_06_22_merged.mat,TEST,2,30025,4027,201.3,1501.2
R006,CNO,T2_SD_CNO,2026_06_22_merged.mat,TEST,2,30035,4037,201.8,1501.7
R006,CNO,T2_SD_CNO,2026_06_22_merged.mat,TEST,2,30036,4038,201.85000000000002,1501.75
R006,CNO,T2_SD_CNO,2026_06_22_merged.mat,TEST,2,30037,4039,201.9,1501.8000000000002
R006,CNO,T2_SD_CNO,2026_06_22_merged.mat,TEST,2,30038,4040,201.95000000000002,1501.8500000000001
R006,CNO,T2_SD_CNO,2026_06_22_merged.mat,TEST,2,30039,4041,202.0,1501.9
R006,CNO,T2_SD_CNO,2026_06_22_merged.mat,TEST,2,30058,4060,202.95000000000002,1502.8500000000001
R006,CNO,T2_SD_CNO,2026_06_22_merged.mat,TEST,2,30059,4061,203.0,1502.9
R006,CNO,T2_SD_CNO,2026_06_22_merged.mat,TEST,2,30060,4062,203.05,1502.95
R006,CNO,T2_SD_CNO,2026_06_22_merged.mat,TEST,2,30061,4063,203.10000000000002,1503.0
R006,CNO,T2_SD_CNO,2026_06_22_merged.mat,TEST,2,30069,4071,203.5,1503.4
R006,CNO,T2_SD_CNO,2026_06_22_merged.mat,TEST,2,30070,4072,203.55,1503.45
R006,CNO,T2_SD_CNO,2026_06_22_merged.mat,TEST,2,30071,4073,203.60000000000002,1503.5
R006,CNO,T2_SD_CNO,2026_06_22_merged.mat,TEST,2,30072,4074,203.65,1503.5500000000002
R006,CNO,T2_SD_CNO,2026_06_22_merged.mat,TEST,2,30078,4080,203.95000000000002,1503.8500000000001
R006,CNO,T2_SD_CNO,2026_06_22_merged.mat,TEST,2,30079,4081,204.0,1503.9
R006,CNO,T2_SD_CNO,2026_06_22_merged.mat,TEST,2,30080,4082,204.05,1503.95
R006,CNO,T2_SD_CNO,2026_06_22_merged.mat,TEST,2,30088,4090,204.45000000000002,1504.3500000000001
R006,CNO,T2_SD_CNO,2026_06_22_merged.mat,TEST,2,30089,4091,204.5,1504.4
R006,CNO,T2_SD_CNO,2026_06_22_merged.mat,TEST,2,30090,4092,204.55,1504.45
R006,CNO,T2_SD_CNO,2026_06_22_merged.mat,TEST,2,30091,4093,204.60000000000002,1504.5
R006,CNO,T2_SD_CNO,2026_06_22_merged.mat,TEST,2,30092,4094,204.65,1504.5500000000002
R006,CNO,T2_SD_CNO,2026_06_22_merged.mat,TEST,2,30093,4095,204.70000000000002,1504.6000000000001
R006,CNO,T2_SD_CNO,2026_06_22_merged.mat,TEST,2,30101,4103,205.10000000000002,1505.0
R006,CNO,T2_SD_CNO,2026_06_22_merged.mat,TEST,2,30102,4104,205.15,1505.0500000000002
R006,CNO,T2_SD_CNO,2026_06_22_merged.mat,TEST,2,30103,4105,205.20000000000002,1505.1000000000001
R006,CNO,T2_SD_CNO,2026_06_22_merged.mat,TEST,2,30123,4125,206.20000000000002,1506.1000000000001
R006,CNO,T2_SD_CNO,2026_06_22_merged.mat,TEST,2,30124,4126,206.25,1506.15
R006,CNO,T2_SD_CNO,2026_06_22_merged.mat,TEST,2,30125,4127,206.3,1506.2
R006,CNO,T2_SD_CNO,2026_06_22_merged.mat,TEST,2,30126,4128,206.35000000000002,1506.25
R006,CNO,T2_SD_CNO,2026_06_22_merged.mat,TEST,2,30127,4129,206.4,1506.3000000000002
R006,CNO,T2_SD_CNO,2026_06_22_merged.mat,TEST,2,30132,4134,206.65,1506.5500000000002
R006,CNO,T2_SD_CNO,2026_06_22_merged.mat,TEST,2,30135,4137,206.8,1506.7
R006,CNO,T2_SD_CNO,2026_06_22_merged.mat,TEST,1,30145,4147,207.3,1507.2
R006,CNO,T2_SD_CNO,2026_06_22_merged.mat,TEST,2,30152,4154,207.65,1507.5500000000002
R006,CNO,T2_SD_CNO,2026_06_22_merged.mat,TEST,2,30153,4155,207.70000000000002,1507.6000000000001
R006,CNO,T2_SD_CNO,2026_06_22_merged.mat,TEST,2,30154,4156,207.75,1507.65
R006,CNO,T2_SD_CNO,2026_06_22_merged.mat,TEST,2,30155,4157,207.8,1507.7
R006,CNO,T2_SD_CNO,2026_06_22_merged.mat,TEST,2,30156,4158,207.85000000000002,1507.75
R006,CNO,T2_SD_CNO,2026_06_22_merged.mat,TEST,2,30157,4159,207.9,1507.8000000000002
R006,CNO,T2_SD_CNO,2026_06_22_merged.mat,TEST,2,30158,4160,207.95000000000002,1507.8500000000001
R006,CNO,T2_SD_CNO,2026_06_22_merged.mat,TEST,2,30159,4161,208.0,1507.9
R006,CNO,T2_SD_CNO,2026_06_22_merged.mat,TEST,2,30160,4162,208.05,1507.95
R006,CNO,T2_SD_CNO,2026_06_22_merged.mat,TEST,2,30161,4163,208.10000000000002,1508.0
R006,CNO,T2_SD_CNO,2026_06_22_merged.mat,TEST,2,30170,4172,208.55,1508.45
R006,CNO,T2_SD_CNO,2026_06_22_merged.mat,TEST,2,30171,4173,208.60000000000002,1508.5
R006,CNO,T2_SD_CNO,2026_06_22_merged.mat,TEST,2,30172,4174,208.65,1508.5500000000002
R006,CNO,T2_SD_CNO,2026_06_22_merged.mat,TEST,2,30181,4183,209.10000000000002,1509.0
R006,CNO,T2_SD_CNO,2026_06_22_merged.mat,TEST,2,30182,4184,209.15,1509.0500000000002
R006,CNO,T2_SD_CNO,2026_06_22_merged.mat,TEST,2,30183,4185,209.20000000000002,1509.1000000000001
R006,CNO,T2_SD_CNO,2026_06_22_merged.mat,TEST,2,30184,4186,209.25,1509.15
R006,CNO,T2_SD_CNO,2026_06_22_merged.mat,TEST,2,30192,4194,209.65,1509.5500000000002
R006,CNO,T2_SD_CNO,2026_06_22_merged.mat,TEST,2,30193,4195,209.70000000000002,1509.6000000000001
R006,CNO,T2_SD_CNO,2026_06_22_merged.mat,TEST,2,30194,4196,209.75,1509.65
R006,CNO,T2_SD_CNO,2026_06_22_merged.mat,TEST,2,30195,4197,209.8,1509.7
R006,CNO,T2_SD_CNO,2026_06_22_merged.mat,TEST,2,30196,4198,209.85000000000002,1509.75
R006,CNO,T2_SD_CNO,2026_06_22_merged.mat,TEST,2,30206,4208,210.35000000000002,1510.25
R006,CNO,T2_SD_CNO,2026_06_22_merged.mat,TEST,2,30207,4209,210.4,1510.3000000000002
R006,CNO,T2_SD_CNO,2026_06_22_merged.mat,TEST,1,30226,4228,211.35000000000002,1511.25
R006,CNO,T2_SD_CNO,2026_06_22_merged.mat,TEST,1,30227,4229,211.4,1511.3000000000002
R006,CNO,T2_SD_CNO,2026_06_22_merged.mat,TEST,2,30234,4236,211.75,1511.65
R006,CNO,T2_SD_CNO,2026_06_22_merged.mat,TEST,2,30235,4237,211.8,1511.7
R006,CNO,T2_SD_CNO,2026_06_22_merged.mat,TEST,2,30236,4238,211.85000000000002,1511.75
R006,CNO,T2_SD_CNO,2026_06_22_merged.mat,TEST,2,30246,4248,212.35000000000002,1512.25
R006,CNO,T2_SD_CNO,2026_06_22_merged.mat,TEST,2,30247,4249,212.4,1512.3000000000002
R006,CNO,T2_SD_CNO,2026_06_22_merged.mat,TEST,2,30248,4250,212.45000000000002,1512.3500000000001
R006,CNO,T2_SD_CNO,2026_06_22_merged.mat,TEST,2,30249,4251,212.5,1512.4
R006,CNO,T2_SD_CNO,2026_06_22_merged.mat,TEST,2,30250,4252,212.55,1512.45
R006,CNO,T2_SD_CNO,2026_06_22_merged.mat,TEST,1,30265,4267,213.3,1513.2
R006,CNO,T2_SD_CNO,2026_06_22_merged.mat,TEST,1,30266,4268,213.35000000000002,1513.25
R006,CNO,T2_SD_CNO,2026_06_22_merged.mat,TEST,1,30267,4269,213.4,1513.3000000000002
R006,CNO,T2_SD_CNO,2026_06_22_merged.mat,TEST,2,30271,4273,213.60000000000002,1513.5
R006,CNO,T2_SD_CNO,2026_06_22_merged.mat,TEST,2,30272,4274,213.65,1513.5500000000002
R006,CNO,T2_SD_CNO,2026_06_22_merged.mat,TEST,2,30273,4275,213.70000000000002,1513.6000000000001
R006,CNO,T2_SD_CNO,2026_06_22_merged.mat,TEST,1,30279,4281,214.0,1513.9
R006,CNO,T2_SD_CNO,2026_06_22_merged.mat,TEST,1,30280,4282,214.05,1513.95
R006,CNO,T2_SD_CNO,2026_06_22_merged.mat,TEST,1,30299,4301,215.0,1514.9
R006,CNO,T2_SD_CNO,2026_06_22_merged.mat,TEST,1,30300,4302,215.05,1514.95
R006,CNO,T2_SD_CNO,2026_06_22_merged.mat,TEST,1,30301,4303,215.10000000000002,1515.0
R006,CNO,T2_SD_CNO,2026_06_22_merged.mat,TEST,2,30372,4374,218.65,1518.5500000000002
R006,CNO,T2_SD_CNO,2026_06_22_merged.mat,TEST,2,30373,4375,218.70000000000002,1518.6000000000001
R006,CNO,T2_SD_CNO,2026_06_22_merged.mat,TEST,2,30397,4399,219.9,1519.8000000000002
R006,CNO,T2_SD_CNO,2026_06_22_merged.mat,TEST,2,30398,4400,219.95000000000002,1519.8500000000001
R006,CNO,T2_SD_CNO,2026_06_22_merged.mat,TEST,2,30399,4401,220.0,1519.9
R006,CNO,T2_SD_CNO,2026_06_22_merged.mat,TEST,2,30400,4402,220.05,1519.95
R006,CNO,T2_SD_CNO,2026_06_22_merged.mat,TEST,2,30401,4403,220.10000000000002,1520.0
R006,CNO,T2_SD_CNO,2026_06_22_merged.mat,TEST,2,30402,4404,220.15,1520.0500000000002
R006,CNO,T2_SD_CNO,2026_06_22_merged.mat,TEST,2,30404,4406,220.25,1520.15
R006,CNO,T2_SD_CNO,2026_06_22_merged.mat,TEST,2,30407,4409,220.4,1520.3000000000002
R006,CNO,T2_SD_CNO,2026_06_22_merged.mat,TEST,2,30410,4412,220.55,1520.45
R006,CNO,T2_SD_CNO,2026_06_22_merged.mat,TEST,2,30411,4413,220.60000000000002,1520.5
R006,CNO,T2_SD_CNO,2026_06_22_merged.mat,TEST,2,30426,4428,221.35000000000002,1521.25
R006,CNO,T2_SD_CNO,2026_06_22_merged.mat,TEST,2,30427,4429,221.4,1521.3000000000002
R006,CNO,T2_SD_CNO,2026_06_22_merged.mat,TEST,2,30428,4430,221.45000000000002,1521.3500000000001
R006,CNO,T2_SD_CNO,2026_06_22_merged.mat,TEST,2,30429,4431,221.5,1521.4
R006,CNO,T2_SD_CNO,2026_06_22_merged.mat,TEST,2,30449,4451,222.5,1522.4
R006,CNO,T2_SD_CNO,2026_06_22_merged.mat,TEST,2,30450,4452,222.55,1522.45
R006,CNO,T2_SD_CNO,2026_06_22_merged.mat,TEST,2,30451,4453,222.60000000000002,1522.5
R006,CNO,T2_SD_CNO,2026_06_22_merged.mat,TEST,2,30452,4454,222.65,1522.5500000000002
R006,CNO,T2_SD_CNO,2026_06_22_merged.mat,TEST,2,30453,4455,222.70000000000002,1522.6000000000001
R006,CNO,T2_SD_CNO,2026_06_22_merged.mat,TEST,2,30464,4466,223.25,1523.15
R006,CNO,T2_SD_CNO,2026_06_22_merged.mat,TEST,2,30465,4467,223.3,1523.2
R006,CNO,T2_SD_CNO,2026_06_22_merged.mat,TEST,2,30466,4468,223.35000000000002,1523.25
R006,CNO,T2_SD_CNO,2026_06_22_merged.mat,TEST,1,30487,4489,224.4,1524.3000000000002
R006,CNO,T2_SD_CNO,2026_06_22_merged.mat,TEST,1,30488,4490,224.45000000000002,1524.3500000000001
R006,CNO,T2_SD_CNO,2026_06_22_merged.mat,TEST,2,30504,4506,225.25,1525.15
R006,CNO,T2_SD_CNO,2026_06_22_merged.mat,TEST,2,30505,4507,225.3,1525.2
R006,CNO,T2_SD_CNO,2026_06_22_merged.mat,TEST,2,30506,4508,225.35000000000002,1525.25
R006,CNO,T2_SD_CNO,2026_06_22_merged.mat,TEST,2,30515,4517,225.8,1525.7
R006,CNO,T2_SD_CNO,2026_06_22_merged.mat,TEST,1,30520,4522,226.05,1525.95
R006,CNO,T2_SD_CNO,2026_06_22_merged.mat,TEST,1,30521,4523,226.10000000000002,1526.0
R006,CNO,T2_SD_CNO,2026_06_22_merged.mat,TEST,1,30522,4524,226.15,1526.0500000000002
R006,CNO,T2_SD_CNO,2026_06_22_merged.mat,TEST,2,30526,4528,226.35000000000002,1526.25
R006,CNO,T2_SD_CNO,2026_06_22_merged.mat,TEST,2,30527,4529,226.4,1526.3000000000002
R006,CNO,T2_SD_CNO,2026_06_22_merged.mat,TEST,1,30533,4535,226.70000000000002,1526.6000000000001
R006,CNO,T2_SD_CNO,2026_06_22_merged.mat,TEST,1,30534,4536,226.75,1526.65
R006,CNO,T2_SD_CNO,2026_06_22_merged.mat,TEST,1,30535,4537,226.8,1526.7
R006,CNO,T2_SD_CNO,2026_06_22_merged.mat,TEST,2,30560,4562,228.05,1527.95
R006,CNO,T2_SD_CNO,2026_06_22_merged.mat,TEST,2,30561,4563,228.10000000000002,1528.0
R006,CNO,T2_SD_CNO,2026_06_22_merged.mat,TEST,2,30562,4564,228.15,1528.0500000000002
R006,CNO,T2_SD_CNO,2026_06_22_merged.mat,TEST,2,30563,4565,228.20000000000002,1528.1000000000001
R006,CNO,T2_SD_CNO,2026_06_22_merged.mat,TEST,2,30564,4566,228.25,1528.15
R006,CNO,T2_SD_CNO,2026_06_22_merged.mat,TEST,2,30565,4567,228.3,1528.2
R006,CNO,T2_SD_CNO,2026_06_22_merged.mat,TEST,2,30566,4568,228.35000000000002,1528.25
R006,CNO,T2_SD_CNO,2026_06_22_merged.mat,TEST,2,30574,4576,228.75,1528.65
R006,CNO,T2_SD_CNO,2026_06_22_merged.mat,TEST,2,30575,4577,228.8,1528.7
R006,CNO,T2_SD_CNO,2026_06_22_merged.mat,TEST,2,30576,4578,228.85000000000002,1528.75
R006,CNO,T2_SD_CNO,2026_06_22_merged.mat,TEST,2,30577,4579,228.9,1528.8000000000002
R006,CNO,T2_SD_CNO,2026_06_22_merged.mat,TEST,2,30578,4580,228.95000000000002,1528.8500000000001
R006,CNO,T2_SD_CNO,2026_06_22_merged.mat,TEST,2,30579,4581,229.0,1528.9
R006,CNO,T2_SD_CNO,2026_06_22_merged.mat,TEST,2,30580,4582,229.05,1528.95
R006,CNO,T2_SD_CNO,2026_06_22_merged.mat,TEST,2,30581,4583,229.10000000000002,1529.0
R006,CNO,T2_SD_CNO,2026_06_22_merged.mat,TEST,2,30582,4584,229.15,1529.0500000000002
R006,CNO,T2_SD_CNO,2026_06_22_merged.mat,TEST,2,30584,4586,229.25,1529.15
R006,CNO,T2_SD_CNO,2026_06_22_merged.mat,TEST,2,30585,4587,229.3,1529.2
R006,CNO,T2_SD_CNO,2026_06_22_merged.mat,TEST,2,30586,4588,229.35000000000002,1529.25
R006,CNO,T2_SD_CNO,2026_06_22_merged.mat,TEST,2,30587,4589,229.4,1529.3000000000002
R006,CNO,T2_SD_CNO,2026_06_22_merged.mat,TEST,2,30588,4590,229.45000000000002,1529.3500000000001
R006,CNO,T2_SD_CNO,2026_06_22_merged.mat,TEST,2,30589,4591,229.5,1529.4
R006,CNO,T2_SD_CNO,2026_06_22_merged.mat,TEST,2,30590,4592,229.55,1529.45
R006,CNO,T2_SD_CNO,2026_06_22_merged.mat,TEST,1,30603,4605,230.20000000000002,1530.1000000000001
R006,CNO,T2_SD_CNO,2026_06_22_merged.mat,TEST,1,30604,4606,230.25,1530.15
R006,CNO,T2_SD_CNO,2026_06_22_merged.mat,TEST,1,30605,4607,230.3,1530.2
R006,CNO,T2_SD_CNO,2026_06_22_merged.mat,TEST,1,30615,4617,230.8,1530.7
R006,CNO,T2_SD_CNO,2026_06_22_merged.mat,TEST,1,30616,4618,230.85000000000002,1530.75
R006,CNO,T2_SD_CNO,2026_06_22_merged.mat,TEST,1,30617,4619,230.9,1530.8000000000002
R006,CNO,T2_SD_CNO,2026_06_22_merged.mat,TEST,1,30618,4620,230.95000000000002,1530.8500000000001
R006,CNO,T2_SD_CNO,2026_06_22_merged.mat,TEST,2,30636,4638,231.85000000000002,1531.75
R006,CNO,T2_SD_CNO,2026_06_22_merged.mat,TEST,2,30637,4639,231.9,1531.8000000000002
R006,CNO,T2_SD_CNO,2026_06_22_merged.mat,TEST,2,30638,4640,231.95000000000002,1531.8500000000001
R006,CNO,T2_SD_CNO,2026_06_22_merged.mat,TEST,2,30639,4641,232.0,1531.9
R006,CNO,T2_SD_CNO,2026_06_22_merged.mat,TEST,2,30640,4642,232.05,1531.95
R006,CNO,T2_SD_CNO,2026_06_22_merged.mat,TEST,2,30641,4643,232.10000000000002,1532.0
R006,CNO,T2_SD_CNO,2026_06_22_merged.mat,TEST,2,30642,4644,232.15,1532.0500000000002
R006,CNO,T2_SD_CNO,2026_06_22_merged.mat,TEST,2,30643,4645,232.20000000000002,1532.1000000000001
R006,CNO,T2_SD_CNO,2026_06_22_merged.mat,TEST,2,30644,4646,232.25,1532.15
R006,CNO,T2_SD_CNO,2026_06_22_merged.mat,TEST,2,30662,4664,233.15,1533.0500000000002
R006,CNO,T2_SD_CNO,2026_06_22_merged.mat,TEST,2,30663,4665,233.20000000000002,1533.1000000000001
R006,CNO,T2_SD_CNO,2026_06_22_merged.mat,TEST,2,30664,4666,233.25,1533.15
R006,CNO,T2_SD_CNO,2026_06_22_merged.mat,TEST,2,30665,4667,233.3,1533.2
R006,CNO,T2_SD_CNO,2026_06_22_merged.mat,TEST,2,30666,4668,233.35000000000002,1533.25
R006,CNO,T2_SD_CNO,2026_06_22_merged.mat,TEST,2,30667,4669,233.4,1533.3000000000002
R006,CNO,T2_SD_CNO,2026_06_22_merged.mat,TEST,1,30680,4682,234.05,1533.95
R006,CNO,T2_SD_CNO,2026_06_22_merged.mat,TEST,1,30681,4683,234.10000000000002,1534.0
R006,CNO,T2_SD_CNO,2026_06_22_merged.mat,TEST,2,30688,4690,234.45000000000002,1534.3500000000001
R006,CNO,T2_SD_CNO,2026_06_22_merged.mat,TEST,2,30689,4691,234.5,1534.4
R006,CNO,T2_SD_CNO,2026_06_22_merged.mat,TEST,2,30690,4692,234.55,1534.45
R006,CNO,T2_SD_CNO,2026_06_22_merged.mat,TEST,2,30691,4693,234.60000000000002,1534.5
R006,CNO,T2_SD_CNO,2026_06_22_merged.mat,TEST,2,30692,4694,234.65,1534.5500000000002
R006,CNO,T2_SD_CNO,2026_06_22_merged.mat,TEST,1,30700,4702,235.05,1534.95
R006,CNO,T2_SD_CNO,2026_06_22_merged.mat,TEST,1,30701,4703,235.10000000000002,1535.0
R006,CNO,T2_SD_CNO,2026_06_22_merged.mat,TEST,1,30702,4704,235.15,1535.0500000000002
R006,CNO,T2_SD_CNO,2026_06_22_merged.mat,TEST,1,30703,4705,235.20000000000002,1535.1000000000001
R006,CNO,T2_SD_CNO,2026_06_22_merged.mat,TEST,1,30704,4706,235.25,1535.15
R006,CNO,T2_SD_CNO,2026_06_22_merged.mat,TEST,1,30705,4707,235.3,1535.2
R006,CNO,T2_SD_CNO,2026_06_22_merged.mat,TEST,1,30706,4708,235.35000000000002,1535.25
R006,CNO,T2_SD_CNO,2026_06_22_merged.mat,TEST,1,30734,4736,236.75,1536.65
R006,CNO,T2_SD_CNO,2026_06_22_merged.mat,TEST,1,30735,4737,236.8,1536.7
R006,CNO,T2_SD_CNO,2026_06_22_merged.mat,TEST,1,30757,4759,237.9,1537.8000000000002
R006,CNO,T2_SD_CNO,2026_06_22_merged.mat,TEST,1,30758,4760,237.95000000000002,1537.8500000000001
R006,CNO,T2_SD_CNO,2026_06_22_merged.mat,TEST,1,30759,4761,238.0,1537.9
R006,CNO,T2_SD_CNO,2026_06_22_merged.mat,TEST,1,30760,4762,238.05,1537.95
R006,CNO,T2_SD_CNO,2026_06_22_merged.mat,TEST,1,30761,4763,238.10000000000002,1538.0
R006,CNO,T2_SD_CNO,2026_06_22_merged.mat,TEST,1,30762,4764,238.15,1538.0500000000002
R006,CNO,T2_SD_CNO,2026_06_22_merged.mat,TEST,1,30764,4766,238.25,1538.15
R006,CNO,T2_SD_CNO,2026_06_22_merged.mat,TEST,1,30785,4787,239.3,1539.2
R006,CNO,T2_SD_CNO,2026_06_22_merged.mat,TEST,1,30786,4788,239.35000000000002,1539.25
R006,CNO,T2_SD_CNO,2026_06_22_merged.mat,TEST,1,30787,4789,239.4,1539.3000000000002
R006,CNO,T2_SD_CNO,2026_06_22_merged.mat,TEST,1,30788,4790,239.45000000000002,1539.3500000000001
R006,CNO,T2_SD_CNO,2026_06_22_merged.mat,TEST,1,30789,4791,239.5,1539.4
R006,CNO,T2_SD_CNO,2026_06_22_merged.mat,TEST,1,30814,4816,240.75,1540.65
R006,CNO,T2_SD_CNO,2026_06_22_merged.mat,TEST,1,30815,4817,240.8,1540.7
R006,CNO,T2_SD_CNO,2026_06_22_merged.mat,TEST,1,30816,4818,240.85000000000002,1540.75
R006,CNO,T2_SD_CNO,2026_06_22_merged.mat,TEST,1,30817,4819,240.9,1540.8000000000002
R006,CNO,T2_SD_CNO,2026_06_22_merged.mat,TEST,1,30818,4820,240.95000000000002,1540.8500000000001
R006,CNO,T2_SD_CNO,2026_06_22_merged.mat,TEST,1,30819,4821,241.0,1540.9
R006,CNO,T2_SD_CNO,2026_06_22_merged.mat,TEST,2,30839,4841,242.0,1541.9
R006,CNO,T2_SD_CNO,2026_06_22_merged.mat,TEST,2,30840,4842,242.05,1541.95
R006,CNO,T2_SD_CNO,2026_06_22_merged.mat,TEST,2,30841,4843,242.10000000000002,1542.0
R006,CNO,T2_SD_CNO,2026_06_22_merged.mat,TEST,2,30842,4844,242.15,1542.0500000000002
R006,CNO,T2_SD_CNO,2026_06_22_merged.mat,TEST,2,30843,4845,242.20000000000002,1542.1000000000001
R006,CNO,T2_SD_CNO,2026_06_22_merged.mat,TEST,2,30844,4846,242.25,1542.15
R006,CNO,T2_SD_CNO,2026_06_22_merged.mat,TEST,1,30856,4858,242.85000000000002,1542.75
R006,CNO,T2_SD_CNO,2026_06_22_merged.mat,TEST,1,30857,4859,242.9,1542.8000000000002
R006,CNO,T2_SD_CNO,2026_06_22_merged.mat,TEST,1,30858,4860,242.95000000000002,1542.8500000000001
R006,CNO,T2_SD_CNO,2026_06_22_merged.mat,TEST,1,30859,4861,243.0,1542.9
R006,CNO,T2_SD_CNO,2026_06_22_merged.mat,TEST,1,30860,4862,243.05,1542.95
R006,CNO,T2_SD_CNO,2026_06_22_merged.mat,TEST,2,30883,4885,244.20000000000002,1544.1000000000001
R006,CNO,T2_SD_CNO,2026_06_22_merged.mat,TEST,2,30884,4886,244.25,1544.15
R006,CNO,T2_SD_CNO,2026_06_22_merged.mat,TEST,2,30885,4887,244.3,1544.2
R006,CNO,T2_SD_CNO,2026_06_22_merged.mat,TEST,2,30886,4888,244.35000000000002,1544.25
R006,CNO,T2_SD_CNO,2026_06_22_merged.mat,TEST,2,30887,4889,244.4,1544.3000000000002
R006,CNO,T2_SD_CNO,2026_06_22_merged.mat,TEST,2,30888,4890,244.45000000000002,1544.3500000000001
R006,CNO,T2_SD_CNO,2026_06_22_merged.mat,TEST,1,30902,4904,245.15,1545.0500000000002
R006,CNO,T2_SD_CNO,2026_06_22_merged.mat,TEST,2,30908,4910,245.45000000000002,1545.3500000000001
R006,CNO,T2_SD_CNO,2026_06_22_merged.mat,TEST,2,30909,4911,245.5,1545.4
R006,CNO,T2_SD_CNO,2026_06_22_merged.mat,TEST,2,30916,4918,245.85000000000002,1545.75
R006,CNO,T2_SD_CNO,2026_06_22_merged.mat,TEST,2,30917,4919,245.9,1545.8000000000002
R006,CNO,T2_SD_CNO,2026_06_22_merged.mat,TEST,2,30918,4920,245.95000000000002,1545.8500000000001
R006,CNO,T2_SD_CNO,2026_06_22_merged.mat,TEST,2,30919,4921,246.0,1545.9
R006,CNO,T2_SD_CNO,2026_06_22_merged.mat,TEST,2,30920,4922,246.05,1545.95
R006,CNO,T2_SD_CNO,2026_06_22_merged.mat,TEST,2,30930,4932,246.55,1546.45
R006,CNO,T2_SD_CNO,2026_06_22_merged.mat,TEST,2,30931,4933,246.60000000000002,1546.5
R006,CNO,T2_SD_CNO,2026_06_22_merged.mat,TEST,2,30932,4934,246.65,1546.5500000000002
R006,CNO,T2_SD_CNO,2026_06_22_merged.mat,TEST,1,30938,4940,246.95000000000002,1546.8500000000001
R006,CNO,T2_SD_CNO,2026_06_22_merged.mat,TEST,1,30939,4941,247.0,1546.9
R006,CNO,T2_SD_CNO,2026_06_22_merged.mat,TEST,2,30949,4951,247.5,1547.4
R006,CNO,T2_SD_CNO,2026_06_22_merged.mat,TEST,2,30950,4952,247.55,1547.45
R006,CNO,T2_SD_CNO,2026_06_22_merged.mat,TEST,1,30969,4971,248.5,1548.4
R006,CNO,T2_SD_CNO,2026_06_22_merged.mat,TEST,1,30982,4984,249.15,1549.0500000000002
R006,CNO,T2_SD_CNO,2026_06_22_merged.mat,TEST,1,30983,4985,249.20000000000002,1549.1000000000001
R006,CNO,T2_SD_CNO,2026_06_22_merged.mat,TEST,1,30984,4986,249.25,1549.15
R006,CNO,T2_SD_CNO,2026_06_22_merged.mat,TEST,1,30985,4987,249.3,1549.2
R006,CNO,T2_SD_CNO,2026_06_22_merged.mat,TEST,2,30992,4994,249.65,1549.5500000000002
R006,CNO,T2_SD_CNO,2026_06_22_merged.mat,TEST,2,30993,4995,249.70000000000002,1549.6000000000001
R006,CNO,T2_SD_CNO,2026_06_22_merged.mat,TEST,2,30994,4996,249.75,1549.65
R006,CNO,T2_SD_CNO,2026_06_22_merged.mat,TEST,2,31004,5006,250.25,1550.15
R006,CNO,T2_SD_CNO,2026_06_22_merged.mat,TEST,2,31005,5007,250.3,1550.2
R006,CNO,T2_SD_CNO,2026_06_22_merged.mat,TEST,2,31016,5018,250.85000000000002,1550.75
R006,CNO,T2_SD_CNO,2026_06_22_merged.mat,TEST,2,31017,5019,250.9,1550.8000000000002
R006,CNO,T2_SD_CNO,2026_06_22_merged.mat,TEST,2,31018,5020,250.95000000000002,1550.8500000000001
R006,CNO,T2_SD_CNO,2026_06_22_merged.mat,TEST,2,31019,5021,251.0,1550.9
R006,CNO,T2_SD_CNO,2026_06_22_merged.mat,TEST,2,31020,5022,251.05,1550.95
R006,CNO,T2_SD_CNO,2026_06_22_merged.mat,TEST,2,31021,5023,251.10000000000002,1551.0
R006,CNO,T2_SD_CNO,2026_06_22_merged.mat,TEST,2,31025,5027,251.3,1551.2
R006,CNO,T2_SD_CNO,2026_06_22_merged.mat,TEST,2,31026,5028,251.35000000000002,1551.25
R006,CNO,T2_SD_CNO,2026_06_22_merged.mat,TEST,2,31027,5029,251.4,1551.3000000000002
R006,CNO,T2_SD_CNO,2026_06_22_merged.mat,TEST,2,31043,5045,252.20000000000002,1552.1000000000001
R006,CNO,T2_SD_CNO,2026_06_22_merged.mat,TEST,2,31044,5046,252.25,1552.15
R006,CNO,T2_SD_CNO,2026_06_22_merged.mat,TEST,2,31045,5047,252.3,1552.2
R006,CNO,T2_SD_CNO,2026_06_22_merged.mat,TEST,2,31046,5048,252.35000000000002,1552.25
R006,CNO,T2_SD_CNO,2026_06_22_merged.mat,TEST,2,31047,5049,252.4,1552.3000000000002
R006,CNO,T2_SD_CNO,2026_06_22_merged.mat,TEST,2,31048,5050,252.45000000000002,1552.3500000000001
R006,CNO,T2_SD_CNO,2026_06_22_merged.mat,TEST,2,31049,5051,252.5,1552.4
R006,CNO,T2_SD_CNO,2026_06_22_merged.mat,TEST,2,31050,5052,252.55,1552.45
R006,CNO,T2_SD_CNO,2026_06_22_merged.mat,TEST,2,31061,5063,253.10000000000002,1553.0
R006,CNO,T2_SD_CNO,2026_06_22_merged.mat,TEST,2,31062,5064,253.15,1553.0500000000002
R006,CNO,T2_SD_CNO,2026_06_22_merged.mat,TEST,2,31063,5065,253.20000000000002,1553.1000000000001
R006,CNO,T2_SD_CNO,2026_06_22_merged.mat,TEST,2,31064,5066,253.25,1553.15
R006,CNO,T2_SD_CNO,2026_06_22_merged.mat,TEST,2,31075,5077,253.8,1553.7
R006,CNO,T2_SD_CNO,2026_06_22_merged.mat,TEST,2,31076,5078,253.85000000000002,1553.75
R006,CNO,T2_SD_CNO,2026_06_22_merged.mat,TEST,2,31077,5079,253.9,1553.8000000000002
R006,CNO,T2_SD_CNO,2026_06_22_merged.mat,TEST,2,31078,5080,253.95000000000002,1553.8500000000001
R006,CNO,T2_SD_CNO,2026_06_22_merged.mat,TEST,1,31085,5087,254.3,1554.2
R006,CNO,T2_SD_CNO,2026_06_22_merged.mat,TEST,2,31100,5102,255.05,1554.95
R006,CNO,T2_SD_CNO,2026_06_22_merged.mat,TEST,2,31101,5103,255.10000000000002,1555.0
R006,CNO,T2_SD_CNO,2026_06_22_merged.mat,TEST,2,31102,5104,255.15,1555.0500000000002
R006,CNO,T2_SD_CNO,2026_06_22_merged.mat,TEST,2,31103,5105,255.20000000000002,1555.1000000000001
R006,CNO,T2_SD_CNO,2026_06_22_merged.mat,TEST,2,31104,5106,255.25,1555.15
R006,CNO,T2_SD_CNO,2026_06_22_merged.mat,TEST,2,31105,5107,255.3,1555.2
R006,CNO,T2_SD_CNO,2026_06_22_merged.mat,TEST,2,31106,5108,255.35000000000002,1555.25
R006,CNO,T2_SD_CNO,2026_06_22_merged.mat,TEST,2,31107,5109,255.4,1555.3000000000002
R006,CNO,T2_SD_CNO,2026_06_22_merged.mat,TEST,1,31117,5119,255.9,1555.8000000000002
R006,CNO,T2_SD_CNO,2026_06_22_merged.mat,TEST,1,31118,5120,255.95000000000002,1555.8500000000001
R006,CNO,T2_SD_CNO,2026_06_22_merged.mat,TEST,1,31119,5121,256.0,1555.9
R006,CNO,T2_SD_CNO,2026_06_22_merged.mat,TEST,2,31125,5127,256.3,1556.2
R006,CNO,T2_SD_CNO,2026_06_22_merged.mat,TEST,2,31126,5128,256.35,1556.25
R006,CNO,T2_SD_CNO,2026_06_22_merged.mat,TEST,2,31127,5129,256.40000000000003,1556.3000000000002
R006,CNO,T2_SD_CNO,2026_06_22_merged.mat,TEST,2,31128,5130,256.45,1556.3500000000001
R006,CNO,T2_SD_CNO,2026_06_22_merged.mat,TEST,2,31141,5143,257.1,1557.0
R006,CNO,T2_SD_CNO,2026_06_22_merged.mat,TEST,2,31142,5144,257.15000000000003,1557.0500000000002
R006,CNO,T2_SD_CNO,2026_06_22_merged.mat,TEST,2,31143,5145,257.2,1557.1000000000001
R006,CNO,T2_SD_CNO,2026_06_22_merged.mat,TEST,2,31144,5146,257.25,1557.15
R006,CNO,T2_SD_CNO,2026_06_22_merged.mat,TEST,2,31145,5147,257.3,1557.2
R006,CNO,T2_SD_CNO,2026_06_22_merged.mat,TEST,2,31146,5148,257.35,1557.25
R006,CNO,T2_SD_CNO,2026_06_22_merged.mat,TEST,2,31147,5149,257.40000000000003,1557.3000000000002
R006,CNO,T2_SD_CNO,2026_06_22_merged.mat,TEST,1,31166,5168,258.35,1558.25
R006,CNO,T2_SD_CNO,2026_06_22_merged.mat,TEST,1,31167,5169,258.40000000000003,1558.3000000000002
R006,CNO,T2_SD_CNO,2026_06_22_merged.mat,TEST,1,31168,5170,258.45,1558.3500000000001
R006,CNO,T2_SD_CNO,2026_06_22_merged.mat,TEST,1,31169,5171,258.5,1558.4
R006,CNO,T2_SD_CNO,2026_06_22_merged.mat,TEST,2,31175,5177,258.8,1558.7
R006,CNO,T2_SD_CNO,2026_06_22_merged.mat,TEST,2,31176,5178,258.85,1558.75
R006,CNO,T2_SD_CNO,2026_06_22_merged.mat,TEST,2,31177,5179,258.90000000000003,1558.8000000000002
R006,CNO,T2_SD_CNO,2026_06_22_merged.mat,TEST,2,31178,5180,258.95,1558.8500000000001
R006,CNO,T2_SD_CNO,2026_06_22_merged.mat,TEST,2,31186,5188,259.35,1559.25
R006,CNO,T2_SD_CNO,2026_06_22_merged.mat,TEST,2,31187,5189,259.40000000000003,1559.3000000000002
R006,CNO,T2_SD_CNO,2026_06_22_merged.mat,TEST,2,31188,5190,259.45,1559.3500000000001
R006,CNO,T2_SD_CNO,2026_06_22_merged.mat,TEST,2,31189,5191,259.5,1559.4
R006,CNO,T2_SD_CNO,2026_06_22_merged.mat,TEST,2,31190,5192,259.55,1559.45
R006,CNO,T2_SD_CNO,2026_06_22_merged.mat,TEST,2,31191,5193,259.6,1559.5
R006,CNO,T2_SD_CNO,2026_06_22_merged.mat,TEST,2,31192,5194,259.65000000000003,1559.5500000000002
R006,CNO,T2_SD_CNO,2026_06_22_merged.mat,TEST,1,31205,5207,260.3,1560.2
R006,CNO,T2_SD_CNO,2026_06_22_merged.mat,TEST,1,31206,5208,260.35,1560.25
R006,CNO,T2_SD_CNO,2026_06_22_merged.mat,TEST,1,31207,5209,260.40000000000003,1560.3000000000002
R006,CNO,T2_SD_CNO,2026_06_22_merged.mat,TEST,2,31213,5215,260.7,1560.6000000000001
R006,CNO,T2_SD_CNO,2026_06_22_merged.mat,TEST,2,31214,5216,260.75,1560.65
R006,CNO,T2_SD_CNO,2026_06_22_merged.mat,TEST,2,31215,5217,260.8,1560.7
R006,CNO,T2_SD_CNO,2026_06_22_merged.mat,TEST,2,31236,5238,261.85,1561.75
R006,CNO,T2_SD_CNO,2026_06_22_merged.mat,TEST,2,31237,5239,261.90000000000003,1561.8000000000002
R006,CNO,T2_SD_CNO,2026_06_22_merged.mat,TEST,2,31238,5240,261.95,1561.8500000000001
R006,CNO,T2_SD_CNO,2026_06_22_merged.mat,TEST,2,31239,5241,262.0,1561.9
R006,CNO,T2_SD_CNO,2026_06_22_merged.mat,TEST,1,31246,5248,262.35,1562.25
R006,CNO,T2_SD_CNO,2026_06_22_merged.mat,TEST,2,31260,5262,263.05,1562.95
R006,CNO,T2_SD_CNO,2026_06_22_merged.mat,TEST,2,31261,5263,263.1,1563.0
R006,CNO,T2_SD_CNO,2026_06_22_merged.mat,TEST,2,31262,5264,263.15000000000003,1563.0500000000002
R006,CNO,T2_SD_CNO,2026_06_22_merged.mat,TEST,1,31268,5270,263.45,1563.3500000000001
R006,CNO,T2_SD_CNO,2026_06_22_merged.mat,TEST,1,31269,5271,263.5,1563.4
R006,CNO,T2_SD_CNO,2026_06_22_merged.mat,TEST,1,31270,5272,263.55,1563.45
R006,CNO,T2_SD_CNO,2026_06_22_merged.mat,TEST,1,31271,5273,263.6,1563.5
R006,CNO,T2_SD_CNO,2026_06_22_merged.mat,TEST,2,31277,5279,263.90000000000003,1563.8000000000002
R006,CNO,T2_SD_CNO,2026_06_22_merged.mat,TEST,2,31278,5280,263.95,1563.8500000000001
R006,CNO,T2_SD_CNO,2026_06_22_merged.mat,TEST,1,31288,5290,264.45,1564.3500000000001
R006,CNO,T2_SD_CNO,2026_06_22_merged.mat,TEST,2,31295,5297,264.8,1564.7
R006,CNO,T2_SD_CNO,2026_06_22_merged.mat,TEST,2,31296,5298,264.85,1564.75
R006,CNO,T2_SD_CNO,2026_06_22_merged.mat,TEST,2,31297,5299,264.90000000000003,1564.8000000000002
R006,CNO,T2_SD_CNO,2026_06_22_merged.mat,TEST,2,31298,5300,264.95,1564.8500000000001
R006,CNO,T2_SD_CNO,2026_06_22_merged.mat,TEST,2,31299,5301,265.0,1564.9
R006,CNO,T2_SD_CNO,2026_06_22_merged.mat,TEST,2,31318,5320,265.95,1565.8500000000001
R006,CNO,T2_SD_CNO,2026_06_22_merged.mat,TEST,2,31319,5321,266.0,1565.9
R006,CNO,T2_SD_CNO,2026_06_22_merged.mat,TEST,2,31329,5331,266.5,1566.4
R006,CNO,T2_SD_CNO,2026_06_22_merged.mat,TEST,1,31339,5341,267.0,1566.9
R006,CNO,T2_SD_CNO,2026_06_22_merged.mat,TEST,1,31340,5342,267.05,1566.95
R006,CNO,T2_SD_CNO,2026_06_22_merged.mat,TEST,1,31341,5343,267.1,1567.0
R006,CNO,T2_SD_CNO,2026_06_22_merged.mat,TEST,2,31356,5358,267.85,1567.75
R006,CNO,T2_SD_CNO,2026_06_22_merged.mat,TEST,2,31357,5359,267.90000000000003,1567.8000000000002
R006,CNO,T2_SD_CNO,2026_06_22_merged.mat,TEST,2,31358,5360,267.95,1567.8500000000001
R006,CNO,T2_SD_CNO,2026_06_22_merged.mat,TEST,2,31359,5361,268.0,1567.9
R006,CNO,T2_SD_CNO,2026_06_22_merged.mat,TEST,2,31360,5362,268.05,1567.95
R006,CNO,T2_SD_CNO,2026_06_22_merged.mat,TEST,2,31367,5369,268.40000000000003,1568.3000000000002
R006,CNO,T2_SD_CNO,2026_06_22_merged.mat,TEST,2,31368,5370,268.45,1568.3500000000001
R006,CNO,T2_SD_CNO,2026_06_22_merged.mat,TEST,2,31369,5371,268.5,1568.4
R006,CNO,T2_SD_CNO,2026_06_22_merged.mat,TEST,2,31370,5372,268.55,1568.45
R006,CNO,T2_SD_CNO,2026_06_22_merged.mat,TEST,2,31379,5381,269.0,1568.9
R006,CNO,T2_SD_CNO,2026_06_22_merged.mat,TEST,2,31380,5382,269.05,1568.95
R006,CNO,T2_SD_CNO,2026_06_22_merged.mat,TEST,2,31381,5383,269.1,1569.0
R006,CNO,T2_SD_CNO,2026_06_22_merged.mat,TEST,2,31382,5384,269.15000000000003,1569.0500000000002
R006,CNO,T2_SD_CNO,2026_06_22_merged.mat,TEST,1,31393,5395,269.7,1569.6000000000001
R006,CNO,T2_SD_CNO,2026_06_22_merged.mat,TEST,1,31394,5396,269.75,1569.65
R006,CNO,T2_SD_CNO,2026_06_22_merged.mat,TEST,1,31395,5397,269.8,1569.7
R006,CNO,T2_SD_CNO,2026_06_22_merged.mat,TEST,1,31396,5398,269.85,1569.75
R006,CNO,T2_SD_CNO,2026_06_22_merged.mat,TEST,2,31414,5416,270.75,1570.65
R006,CNO,T2_SD_CNO,2026_06_22_merged.mat,TEST,2,31415,5417,270.8,1570.7
R006,CNO,T2_SD_CNO,2026_06_22_merged.mat,TEST,2,31416,5418,270.85,1570.75
R006,CNO,T2_SD_CNO,2026_06_22_merged.mat,TEST,2,31417,5419,270.90000000000003,1570.8000000000002
R006,CNO,T2_SD_CNO,2026_06_22_merged.mat,TEST,2,31418,5420,270.95,1570.8500000000001
R006,CNO,T2_SD_CNO,2026_06_22_merged.mat,TEST,2,31419,5421,271.0,1570.9
R006,CNO,T2_SD_CNO,2026_06_22_merged.mat,TEST,1,31425,5427,271.3,1571.2
R006,CNO,T2_SD_CNO,2026_06_22_merged.mat,TEST,1,31436,5438,271.85,1571.75
R006,CNO,T2_SD_CNO,2026_06_22_merged.mat,TEST,1,31437,5439,271.90000000000003,1571.8000000000002
R006,CNO,T2_SD_CNO,2026_06_22_merged.mat,TEST,1,31445,5447,272.3,1572.2
R006,CNO,T2_SD_CNO,2026_06_22_merged.mat,TEST,2,31450,5452,272.55,1572.45
R006,CNO,T2_SD_CNO,2026_06_22_merged.mat,TEST,2,31451,5453,272.6,1572.5
R006,CNO,T2_SD_CNO,2026_06_22_merged.mat,TEST,2,31452,5454,272.65000000000003,1572.5500000000002
R006,CNO,T2_SD_CNO,2026_06_22_merged.mat,TEST,2,31453,5455,272.7,1572.6000000000001
R006,CNO,T2_SD_CNO,2026_06_22_merged.mat,TEST,2,31454,5456,272.75,1572.65
R006,CNO,T2_SD_CNO,2026_06_22_merged.mat,TEST,2,31455,5457,272.8,1572.7
R006,CNO,T2_SD_CNO,2026_06_22_merged.mat,TEST,2,31464,5466,273.25,1573.15
R006,CNO,T2_SD_CNO,2026_06_22_merged.mat,TEST,2,31465,5467,273.3,1573.2
R006,CNO,T2_SD_CNO,2026_06_22_merged.mat,TEST,2,31466,5468,273.35,1573.25
R006,CNO,T2_SD_CNO,2026_06_22_merged.mat,TEST,2,31467,5469,273.40000000000003,1573.3000000000002
R006,CNO,T2_SD_CNO,2026_06_22_merged.mat,TEST,2,31476,5478,273.85,1573.75
R006,CNO,T2_SD_CNO,2026_06_22_merged.mat,TEST,2,31477,5479,273.90000000000003,1573.8000000000002
R006,CNO,T2_SD_CNO,2026_06_22_merged.mat,TEST,2,31478,5480,273.95,1573.8500000000001
R006,CNO,T2_SD_CNO,2026_06_22_merged.mat,TEST,2,31479,5481,274.0,1573.9
R006,CNO,T2_SD_CNO,2026_06_22_merged.mat,TEST,2,31480,5482,274.05,1573.95
R006,CNO,T2_SD_CNO,2026_06_22_merged.mat,TEST,1,31487,5489,274.40000000000003,1574.3000000000002
R006,CNO,T2_SD_CNO,2026_06_22_merged.mat,TEST,1,31488,5490,274.45,1574.3500000000001
R006,CNO,T2_SD_CNO,2026_06_22_merged.mat,TEST,1,31500,5502,275.05,1574.95
R006,CNO,T2_SD_CNO,2026_06_22_merged.mat,TEST,1,31501,5503,275.1,1575.0
R006,CNO,T2_SD_CNO,2026_06_22_merged.mat,TEST,1,31502,5504,275.15000000000003,1575.0500000000002
R006,CNO,T2_SD_CNO,2026_06_22_merged.mat,TEST,1,31503,5505,275.2,1575.1000000000001
R006,CNO,T2_SD_CNO,2026_06_22_merged.mat,TEST,1,31504,5506,275.25,1575.15
R006,CNO,T2_SD_CNO,2026_06_22_merged.mat,TEST,1,31505,5507,275.3,1575.2
R006,CNO,T2_SD_CNO,2026_06_22_merged.mat,TEST,2,31513,5515,275.7,1575.6000000000001
R006,CNO,T2_SD_CNO,2026_06_22_merged.mat,TEST,1,31521,5523,276.1,1576.0
R006,CNO,T2_SD_CNO,2026_06_22_merged.mat,TEST,1,31533,5535,276.7,1576.6000000000001
R006,CNO,T2_SD_CNO,2026_06_22_merged.mat,TEST,1,31534,5536,276.75,1576.65
R006,CNO,T2_SD_CNO,2026_06_22_merged.mat,TEST,1,31535,5537,276.8,1576.7
R006,CNO,T2_SD_CNO,2026_06_22_merged.mat,TEST,1,31536,5538,276.85,1576.75
R006,CNO,T2_SD_CNO,2026_06_22_merged.mat,TEST,1,31537,5539,276.90000000000003,1576.8000000000002
R006,CNO,T2_SD_CNO,2026_06_22_merged.mat,TEST,1,31538,5540,276.95,1576.8500000000001
R006,CNO,T2_SD_CNO,2026_06_22_merged.mat,TEST,1,31545,5547,277.3,1577.2
R006,CNO,T2_SD_CNO,2026_06_22_merged.mat,TEST,1,31546,5548,277.35,1577.25
R006,CNO,T2_SD_CNO,2026_06_22_merged.mat,TEST,1,31547,5549,277.40000000000003,1577.3000000000002
R006,CNO,T2_SD_CNO,2026_06_22_merged.mat,TEST,1,31548,5550,277.45,1577.3500000000001
R006,CNO,T2_SD_CNO,2026_06_22_merged.mat,TEST,1,31570,5572,278.55,1578.45
R006,CNO,T2_SD_CNO,2026_06_22_merged.mat,TEST,1,31571,5573,278.6,1578.5
R006,CNO,T2_SD_CNO,2026_06_22_merged.mat,TEST,1,31572,5574,278.65000000000003,1578.5500000000002
R006,CNO,T2_SD_CNO,2026_06_22_merged.mat,TEST,1,31573,5575,278.7,1578.6000000000001
R006,CNO,T2_SD_CNO,2026_06_22_merged.mat,TEST,1,31574,5576,278.75,1578.65
R006,CNO,T2_SD_CNO,2026_06_22_merged.mat,TEST,1,31575,5577,278.8,1578.7
R006,CNO,T2_SD_CNO,2026_06_22_merged.mat,TEST,1,31577,5579,278.90000000000003,1578.8000000000002
R006,CNO,T2_SD_CNO,2026_06_22_merged.mat,TEST,1,31587,5589,279.40000000000003,1579.3000000000002
R006,CNO,T2_SD_CNO,2026_06_22_merged.mat,TEST,1,31588,5590,279.45,1579.3500000000001
R006,CNO,T2_SD_CNO,2026_06_22_merged.mat,TEST,1,31589,5591,279.5,1579.4
R006,CNO,T2_SD_CNO,2026_06_22_merged.mat,TEST,1,31590,5592,279.55,1579.45
R006,CNO,T2_SD_CNO,2026_06_22_merged.mat,TEST,1,31600,5602,280.05,1579.95
R006,CNO,T2_SD_CNO,2026_06_22_merged.mat,TEST,1,31605,5607,280.3,1580.2
R006,CNO,T2_SD_CNO,2026_06_22_merged.mat,TEST,1,31606,5608,280.35,1580.25
R006,CNO,T2_SD_CNO,2026_06_22_merged.mat,TEST,1,31607,5609,280.40000000000003,1580.3000000000002
R006,CNO,T2_SD_CNO,2026_06_22_merged.mat,TEST,1,31608,5610,280.45,1580.3500000000001
R006,CNO,T2_SD_CNO,2026_06_22_merged.mat,TEST,1,31609,5611,280.5,1580.4
R006,CNO,T2_SD_CNO,2026_06_22_merged.mat,TEST,1,31619,5621,281.0,1580.9
R006,CNO,T2_SD_CNO,2026_06_22_merged.mat,TEST,1,31620,5622,281.05,1580.95
R006,CNO,T2_SD_CNO,2026_06_22_merged.mat,TEST,1,31621,5623,281.1,1581.0
R006,CNO,T2_SD_CNO,2026_06_22_merged.mat,TEST,1,31622,5624,281.15000000000003,1581.0500000000002
R006,CNO,T2_SD_CNO,2026_06_22_merged.mat,TEST,1,31641,5643,282.1,1582.0
R006,CNO,T2_SD_CNO,2026_06_22_merged.mat,TEST,1,31642,5644,282.15000000000003,1582.0500000000002
R006,CNO,T2_SD_CNO,2026_06_22_merged.mat,TEST,1,31651,5653,282.6,1582.5
R006,CNO,T2_SD_CNO,2026_06_22_merged.mat,TEST,1,31652,5654,282.65000000000003,1582.5500000000002
R006,CNO,T2_SD_CNO,2026_06_22_merged.mat,TEST,1,31653,5655,282.7,1582.6000000000001
R006,CNO,T2_SD_CNO,2026_06_22_merged.mat,TEST,1,31667,5669,283.40000000000003,1583.3000000000002
R006,CNO,T2_SD_CNO,2026_06_22_merged.mat,TEST,1,31668,5670,283.45,1583.3500000000001
R006,CNO,T2_SD_CNO,2026_06_22_merged.mat,TEST,1,31669,5671,283.5,1583.4
R006,CNO,T2_SD_CNO,2026_06_22_merged.mat,TEST,1,31670,5672,283.55,1583.45
R006,CNO,T2_SD_CNO,2026_06_22_merged.mat,TEST,1,31671,5673,283.6,1583.5
R006,CNO,T2_SD_CNO,2026_06_22_merged.mat,TEST,1,31684,5686,284.25,1584.15
R006,CNO,T2_SD_CNO,2026_06_22_merged.mat,TEST,1,31686,5688,284.35,1584.25
R006,CNO,T2_SD_CNO,2026_06_22_merged.mat,TEST,1,31687,5689,284.40000000000003,1584.3000000000002
R006,CNO,T2_SD_CNO,2026_06_22_merged.mat,TEST,2,31705,5707,285.3,1585.2
R006,CNO,T2_SD_CNO,2026_06_22_merged.mat,TEST,2,31706,5708,285.35,1585.25
R006,CNO,T2_SD_CNO,2026_06_22_merged.mat,TEST,2,31707,5709,285.40000000000003,1585.3000000000002
R006,CNO,T2_SD_CNO,2026_06_22_merged.mat,TEST,1,31713,5715,285.7,1585.6000000000001
R006,CNO,T2_SD_CNO,2026_06_22_merged.mat,TEST,1,31714,5716,285.75,1585.65
R006,CNO,T2_SD_CNO,2026_06_22_merged.mat,TEST,1,31715,5717,285.8,1585.7
R006,CNO,T2_SD_CNO,2026_06_22_merged.mat,TEST,1,31716,5718,285.85,1585.75
R006,CNO,T2_SD_CNO,2026_06_22_merged.mat,TEST,1,31717,5719,285.90000000000003,1585.8000000000002
R006,CNO,T2_SD_CNO,2026_06_22_merged.mat,TEST,1,31718,5720,285.95,1585.8500000000001
R006,CNO,T2_SD_CNO,2026_06_22_merged.mat,TEST,1,31738,5740,286.95,1586.8500000000001
R006,CNO,T2_SD_CNO,2026_06_22_merged.mat,TEST,1,31739,5741,287.0,1586.9
R006,CNO,T2_SD_CNO,2026_06_22_merged.mat,TEST,1,31740,5742,287.05,1586.95
R006,CNO,T2_SD_CNO,2026_06_22_merged.mat,TEST,1,31778,5780,288.95,1588.8500000000001
R006,CNO,T2_SD_CNO,2026_06_22_merged.mat,TEST,1,31779,5781,289.0,1588.9
R006,CNO,T2_SD_CNO,2026_06_22_merged.mat,TEST,1,31780,5782,289.05,1588.95
R006,CNO,T2_SD_CNO,2026_06_22_merged.mat,TEST,1,31792,5794,289.65000000000003,1589.5500000000002
R006,CNO,T2_SD_CNO,2026_06_22_merged.mat,TEST,2,31805,5807,290.3,1590.2
R006,CNO,T2_SD_CNO,2026_06_22_merged.mat,TEST,2,31806,5808,290.35,1590.25
R006,CNO,T2_SD_CNO,2026_06_22_merged.mat,TEST,2,31807,5809,290.40000000000003,1590.3000000000002
R006,CNO,T2_SD_CNO,2026_06_22_merged.mat,TEST,2,31808,5810,290.45,1590.3500000000001
R006,CNO,T2_SD_CNO,2026_06_22_merged.mat,TEST,2,31809,5811,290.5,1590.4
R006,CNO,T2_SD_CNO,2026_06_22_merged.mat,TEST,2,31810,5812,290.55,1590.45
R006,CNO,T2_SD_CNO,2026_06_22_merged.mat,TEST,2,31811,5813,290.6,1590.5
R006,CNO,T2_SD_CNO,2026_06_22_merged.mat,TEST,2,31812,5814,290.65000000000003,1590.5500000000002
R006,CNO,T2_SD_CNO,2026_06_22_merged.mat,TEST,2,31813,5815,290.7,1590.6000000000001
R006,CNO,T2_SD_CNO,2026_06_22_merged.mat,TEST,2,31814,5816,290.75,1590.65
R006,CNO,T2_SD_CNO,2026_06_22_merged.mat,TEST,2,31815,5817,290.8,1590.7
R006,CNO,T2_SD_CNO,2026_06_22_merged.mat,TEST,2,31816,5818,290.85,1590.75
R006,CNO,T2_SD_CNO,2026_06_22_merged.mat,TEST,2,31817,5819,290.90000000000003,1590.8000000000002
R006,CNO,T2_SD_CNO,2026_06_22_merged.mat,TEST,2,31818,5820,290.95,1590.8500000000001
R006,CNO,T2_SD_CNO,2026_06_22_merged.mat,TEST,1,31844,5846,292.25,1592.15
R006,CNO,T2_SD_CNO,2026_06_22_merged.mat,TEST,1,31845,5847,292.3,1592.2
R006,CNO,T2_SD_CNO,2026_06_22_merged.mat,TEST,1,31846,5848,292.35,1592.25
R006,CNO,T2_SD_CNO,2026_06_22_merged.mat,TEST,1,31847,5849,292.40000000000003,1592.3000000000002
R006,CNO,T2_SD_CNO,2026_06_22_merged.mat,TEST,2,31869,5871,293.5,1593.4
R006,CNO,T2_SD_CNO,2026_06_22_merged.mat,TEST,2,31870,5872,293.55,1593.45
R006,CNO,T2_SD_CNO,2026_06_22_merged.mat,TEST,2,31871,5873,293.6,1593.5
R006,CNO,T2_SD_CNO,2026_06_22_merged.mat,TEST,2,31872,5874,293.65000000000003,1593.5500000000002
R006,CNO,T2_SD_CNO,2026_06_22_merged.mat,TEST,2,31873,5875,293.7,1593.6000000000001
R006,CNO,T2_SD_CNO,2026_06_22_merged.mat,TEST,2,31874,5876,293.75,1593.65
R006,CNO,T2_SD_CNO,2026_06_22_merged.mat,TEST,2,31875,5877,293.8,1593.7
R006,CNO,T2_SD_CNO,2026_06_22_merged.mat,TEST,2,31876,5878,293.85,1593.75
R006,CNO,T2_SD_CNO,2026_06_22_merged.mat,TEST,2,31897,5899,294.90000000000003,1594.8000000000002
R006,CNO,T2_SD_CNO,2026_06_22_merged.mat,TEST,2,31898,5900,294.95,1594.8500000000001
R006,CNO,T2_SD_CNO,2026_06_22_merged.mat,TEST,2,31899,5901,295.0,1594.9
R006,CNO,T2_SD_CNO,2026_06_22_merged.mat,TEST,2,31900,5902,295.05,1594.95
R006,CNO,T2_SD_CNO,2026_06_22_merged.mat,TEST,2,31901,5903,295.1,1595.0
R006,CNO,T2_SD_CNO,2026_06_22_merged.mat,TEST,2,31902,5904,295.15000000000003,1595.0500000000002
R006,CNO,T2_SD_CNO,2026_06_22_merged.mat,TEST,2,31910,5912,295.55,1595.45
R006,CNO,T2_SD_CNO,2026_06_22_merged.mat,TEST,2,31911,5913,295.6,1595.5
R006,CNO,T2_SD_CNO,2026_06_22_merged.mat,TEST,2,31912,5914,295.65000000000003,1595.5500000000002
R006,CNO,T2_SD_CNO,2026_06_22_merged.mat,TEST,2,31913,5915,295.7,1595.6000000000001
R006,CNO,T2_SD_CNO,2026_06_22_merged.mat,TEST,2,31914,5916,295.75,1595.65
R006,CNO,T2_SD_CNO,2026_06_22_merged.mat,TEST,2,31925,5927,296.3,1596.2
R006,CNO,T2_SD_CNO,2026_06_22_merged.mat,TEST,2,31926,5928,296.35,1596.25
R006,CNO,T2_SD_CNO,2026_06_22_merged.mat,TEST,2,31927,5929,296.40000000000003,1596.3000000000002
R006,CNO,T2_SD_CNO,2026_06_22_merged.mat,TEST,2,31928,5930,296.45,1596.3500000000001
R006,CNO,T2_SD_CNO,2026_06_22_merged.mat,TEST,1,31937,5939,296.90000000000003,1596.8000000000002
R006,CNO,T2_SD_CNO,2026_06_22_merged.mat,TEST,1,31938,5940,296.95,1596.8500000000001
R006,CNO,T2_SD_CNO,2026_06_22_merged.mat,TEST,1,31939,5941,297.0,1596.9
R006,CNO,T2_SD_CNO,2026_06_22_merged.mat,TEST,1,31940,5942,297.05,1596.95
R006,CNO,T2_SD_CNO,2026_06_22_merged.mat,TEST,1,31941,5943,297.1,1597.0
R006,CNO,T2_SD_CNO,2026_06_22_merged.mat,TEST,1,31942,5944,297.15000000000003,1597.0500000000002
R006,CNO,T2_SD_CNO,2026_06_22_merged.mat,TEST,1,31943,5945,297.2,1597.1000000000001
R006,CNO,T2_SD_CNO,2026_06_22_merged.mat,TEST,1,31967,5969,298.40000000000003,1598.3000000000002
R006,CNO,T2_SD_CNO,2026_06_22_merged.mat,TEST,1,31968,5970,298.45,1598.3500000000001
R006,CNO,T2_SD_CNO,2026_06_22_merged.mat,TEST,1,31969,5971,298.5,1598.4
R006,CNO,T2_SD_CNO,2026_06_22_merged.mat,TEST,1,31970,5972,298.55,1598.45
R006,CNO,T2_SD_CNO,2026_06_22_merged.mat,TEST,1,31971,5973,298.6,1598.5
R006,CNO,T2_SD_CNO,2026_06_22_merged.mat,TEST,1,31972,5974,298.65000000000003,1598.5500000000002
R006,CNO,T2_SD_CNO,2026_06_22_merged.mat,TEST,1,31973,5975,298.7,1598.6000000000001
R006,CNO,T2_SD_CNO,2026_06_22_merged.mat,TEST,1,31974,5976,298.75,1598.65
R006,CNO,T2_SD_CNO,2026_06_22_merged.mat,TEST,1,31975,5977,298.8,1598.7
R006,CNO,T2_SD_CNO,2026_06_22_merged.mat,TEST,1,31977,5979,298.90000000000003,1598.8000000000002
R006,CNO,T2_SD_CNO,2026_06_22_merged.mat,TEST,1,31978,5980,298.95,1598.8500000000001
R006,CNO,T2_SD_CNO,2026_06_22_merged.mat,TEST,1,31985,5987,299.3,1599.2
R006,CNO,T2_SD_CNO,2026_06_22_merged.mat,TEST,1,31995,5997,299.8,1599.7
R006,CNO,T2_SD_CNO,2026_06_22_merged.mat,TEST,1,31996,5998,299.85,1599.75
R006,CNO,T2_SD_CNO,2026_06_22_merged.mat,TEST,1,31997,5999,299.90000000000003,1599.8000000000002
R006,CNO,T2_SD_CNO,2026_06_22_merged.mat,TEST,1,31998,6000,299.95,1599.8500000000001
R006,CNO,T2_SD_CNO,2026_06_22_merged.mat,TEST,1,32008,6010,300.45,1600.3500000000001
R006,CNO,T2_SD_CNO,2026_06_22_merged.mat,TEST,2,32013,6015,300.7,1600.6000000000001
R006,CNO,T2_SD_CNO,2026_06_22_merged.mat,TEST,1,32020,6022,301.05,1600.95
R006,CNO,T2_SD_CNO,2026_06_22_merged.mat,TEST,1,32021,6023,301.1,1601.0
R006,CNO,T2_SD_CNO,2026_06_22_merged.mat,TEST,1,32022,6024,301.15000000000003,1601.0500000000002
R006,CNO,T2_SD_CNO,2026_06_22_merged.mat,TEST,2,32028,6030,301.45,1601.3500000000001
R006,CNO,T2_SD_CNO,2026_06_22_merged.mat,TEST,2,32029,6031,301.5,1601.4
R006,CNO,T2_SD_CNO,2026_06_22_merged.mat,TEST,2,32036,6038,301.85,1601.75
R006,CNO,T2_SD_CNO,2026_06_22_merged.mat,TEST,2,32037,6039,301.90000000000003,1601.8000000000002
R006,CNO,T2_SD_CNO,2026_06_22_merged.mat,TEST,2,32038,6040,301.95,1601.8500000000001
R006,CNO,T2_SD_CNO,2026_06_22_merged.mat,TEST,2,32039,6041,302.0,1601.9
R006,CNO,T2_SD_CNO,2026_06_22_merged.mat,TEST,2,32040,6042,302.05,1601.95
R006,CNO,T2_SD_CNO,2026_06_22_merged.mat,TEST,2,32041,6043,302.1,1602.0
R006,CNO,T2_SD_CNO,2026_06_22_merged.mat,TEST,2,32045,6047,302.3,1602.2
R006,CNO,T2_SD_CNO,2026_06_22_merged.mat,TEST,2,32046,6048,302.35,1602.25
R006,CNO,T2_SD_CNO,2026_06_22_merged.mat,TEST,2,32047,6049,302.40000000000003,1602.3000000000002
R006,CNO,T2_SD_CNO,2026_06_22_merged.mat,TEST,2,32048,6050,302.45,1602.3500000000001
R006,CNO,T2_SD_CNO,2026_06_22_merged.mat,TEST,2,32067,6069,303.40000000000003,1603.3000000000002
R006,CNO,T2_SD_CNO,2026_06_22_merged.mat,TEST,2,32068,6070,303.45,1603.3500000000001
R006,CNO,T2_SD_CNO,2026_06_22_merged.mat,TEST,2,32069,6071,303.5,1603.4
R006,CNO,T2_SD_CNO,2026_06_22_merged.mat,TEST,2,32070,6072,303.55,1603.45
R006,CNO,T2_SD_CNO,2026_06_22_merged.mat,TEST,1,32077,6079,303.90000000000003,1603.8000000000002
R006,CNO,T2_SD_CNO,2026_06_22_merged.mat,TEST,1,32078,6080,303.95,1603.8500000000001
R006,CNO,T2_SD_CNO,2026_06_22_merged.mat,TEST,1,32079,6081,304.0,1603.9
R006,CNO,T2_SD_CNO,2026_06_22_merged.mat,TEST,1,32089,6091,304.5,1604.4
R006,CNO,T2_SD_CNO,2026_06_22_merged.mat,TEST,1,32090,6092,304.55,1604.45
R006,CNO,T2_SD_CNO,2026_06_22_merged.mat,TEST,2,32097,6099,304.90000000000003,1604.8000000000002
R006,CNO,T2_SD_CNO,2026_06_22_merged.mat,TEST,2,32098,6100,304.95,1604.8500000000001
R006,CNO,T2_SD_CNO,2026_06_22_merged.mat,TEST,2,32099,6101,305.0,1604.9
R006,CNO,T2_SD_CNO,2026_06_22_merged.mat,TEST,1,32104,6106,305.25,1605.15
R006,CNO,T2_SD_CNO,2026_06_22_merged.mat,TEST,1,32105,6107,305.3,1605.2
R006,CNO,T2_SD_CNO,2026_06_22_merged.mat,TEST,1,32114,6116,305.75,1605.65
R006,CNO,T2_SD_CNO,2026_06_22_merged.mat,TEST,2,32176,6178,308.85,1608.75
R006,CNO,T2_SD_CNO,2026_06_22_merged.mat,TEST,2,32177,6179,308.90000000000003,1608.8000000000002
R006,CNO,T2_SD_CNO,2026_06_22_merged.mat,TEST,2,32178,6180,308.95000000000005,1608.8500000000001
R006,CNO,T2_SD_CNO,2026_06_22_merged.mat,TEST,2,32179,6181,309.0,1608.9
R006,CNO,T2_SD_CNO,2026_06_22_merged.mat,TEST,2,32180,6182,309.05,1608.95
R006,CNO,T2_SD_CNO,2026_06_22_merged.mat,TEST,2,32186,6188,309.35,1609.25
R006,CNO,T2_SD_CNO,2026_06_22_merged.mat,TEST,2,32187,6189,309.40000000000003,1609.3000000000002
R006,CNO,T2_SD_CNO,2026_06_22_merged.mat,TEST,2,32188,6190,309.45000000000005,1609.3500000000001
R006,CNO,T2_SD_CNO,2026_06_22_merged.mat,TEST,2,32189,6191,309.5,1609.4
R006,CNO,T2_SD_CNO,2026_06_22_merged.mat,TEST,2,32190,6192,309.55,1609.45
R006,CNO,T2_SD_CNO,2026_06_22_merged.mat,TEST,2,32198,6200,309.95000000000005,1609.8500000000001
R006,CNO,T2_SD_CNO,2026_06_22_merged.mat,TEST,2,32199,6201,310.0,1609.9
R006,CNO,T2_SD_CNO,2026_06_22_merged.mat,TEST,2,32210,6212,310.55,1610.45
R006,CNO,T2_SD_CNO,2026_06_22_merged.mat,TEST,2,32211,6213,310.6,1610.5
R006,CNO,T2_SD_CNO,2026_06_22_merged.mat,TEST,2,32212,6214,310.65000000000003,1610.5500000000002
R006,CNO,T2_SD_CNO,2026_06_22_merged.mat,TEST,2,32213,6215,310.70000000000005,1610.6000000000001
R006,CNO,T2_SD_CNO,2026_06_22_merged.mat,TEST,2,32225,6227,311.3,1611.2
R006,CNO,T2_SD_CNO,2026_06_22_merged.mat,TEST,2,32226,6228,311.35,1611.25
R006,CNO,T2_SD_CNO,2026_06_22_merged.mat,TEST,2,32227,6229,311.40000000000003,1611.3000000000002
R006,CNO,T2_SD_CNO,2026_06_22_merged.mat,TEST,2,32228,6230,311.45000000000005,1611.3500000000001
R006,CNO,T2_SD_CNO,2026_06_22_merged.mat,TEST,2,32229,6231,311.5,1611.4
R006,CNO,T2_SD_CNO,2026_06_22_merged.mat,TEST,2,32230,6232,311.55,1611.45
R006,CNO,T2_SD_CNO,2026_06_22_merged.mat,TEST,2,32243,6245,312.20000000000005,1612.1000000000001
R006,CNO,T2_SD_CNO,2026_06_22_merged.mat,TEST,2,32244,6246,312.25,1612.15
R006,CNO,T2_SD_CNO,2026_06_22_merged.mat,TEST,2,32245,6247,312.3,1612.2
R006,CNO,T2_SD_CNO,2026_06_22_merged.mat,TEST,2,32246,6248,312.35,1612.25
R006,CNO,T2_SD_CNO,2026_06_22_merged.mat,TEST,1,32257,6259,312.90000000000003,1612.8000000000002
R006,CNO,T2_SD_CNO,2026_06_22_merged.mat,TEST,1,32258,6260,312.95000000000005,1612.8500000000001
R006,CNO,T2_SD_CNO,2026_06_22_merged.mat,TEST,1,32259,6261,313.0,1612.9
R006,CNO,T2_SD_CNO,2026_06_22_merged.mat,TEST,1,32260,6262,313.05,1612.95
R006,CNO,T2_SD_CNO,2026_06_22_merged.mat,TEST,2,32268,6270,313.45000000000005,1613.3500000000001
R006,CNO,T2_SD_CNO,2026_06_22_merged.mat,TEST,2,32269,6271,313.5,1613.4
R006,CNO,T2_SD_CNO,2026_06_22_merged.mat,TEST,2,32270,6272,313.55,1613.45
R006,CNO,T2_SD_CNO,2026_06_22_merged.mat,TEST,1,32275,6277,313.8,1613.7
R006,CNO,T2_SD_CNO,2026_06_22_merged.mat,TEST,1,32276,6278,313.85,1613.75
R006,CNO,T2_SD_CNO,2026_06_22_merged.mat,TEST,1,32277,6279,313.90000000000003,1613.8000000000002
R006,CNO,T2_SD_CNO,2026_06_22_merged.mat,TEST,1,32278,6280,313.95000000000005,1613.8500000000001
R006,CNO,T2_SD_CNO,2026_06_22_merged.mat,TEST,1,32279,6281,314.0,1613.9
R006,CNO,T2_SD_CNO,2026_06_22_merged.mat,TEST,1,32280,6282,314.05,1613.95
R006,CNO,T2_SD_CNO,2026_06_22_merged.mat,TEST,1,32281,6283,314.1,1614.0
R006,CNO,T2_SD_CNO,2026_06_22_merged.mat,TEST,1,32282,6284,314.15000000000003,1614.0500000000002
R006,CNO,T2_SD_CNO,2026_06_22_merged.mat,TEST,1,32299,6301,315.0,1614.9
R006,CNO,T2_SD_CNO,2026_06_22_merged.mat,TEST,1,32300,6302,315.05,1614.95
R006,CNO,T2_SD_CNO,2026_06_22_merged.mat,TEST,1,32301,6303,315.1,1615.0
R006,CNO,T2_SD_CNO,2026_06_22_merged.mat,TEST,1,32308,6310,315.45000000000005,1615.3500000000001
R006,CNO,T2_SD_CNO,2026_06_22_merged.mat,TEST,1,32309,6311,315.5,1615.4
R006,CNO,T2_SD_CNO,2026_06_22_merged.mat,TEST,1,32310,6312,315.55,1615.45
R006,CNO,T2_SD_CNO,2026_06_22_merged.mat,TEST,2,32319,6321,316.0,1615.9
R006,CNO,T2_SD_CNO,2026_06_22_merged.mat,TEST,2,32320,6322,316.05,1615.95
R006,CNO,T2_SD_CNO,2026_06_22_merged.mat,TEST,2,32321,6323,316.1,1616.0
R006,CNO,T2_SD_CNO,2026_06_22_merged.mat,TEST,2,32322,6324,316.15000000000003,1616.0500000000002
R006,CNO,T2_SD_CNO,2026_06_22_merged.mat,TEST,2,32323,6325,316.20000000000005,1616.1000000000001
R006,CNO,T2_SD_CNO,2026_06_22_merged.mat,TEST,2,32324,6326,316.25,1616.15
R006,CNO,T2_SD_CNO,2026_06_22_merged.mat,TEST,2,32325,6327,316.3,1616.2
R006,CNO,T2_SD_CNO,2026_06_22_merged.mat,TEST,1,32337,6339,316.90000000000003,1616.8000000000002
R006,CNO,T2_SD_CNO,2026_06_22_merged.mat,TEST,1,32338,6340,316.95000000000005,1616.8500000000001
R006,CNO,T2_SD_CNO,2026_06_22_merged.mat,TEST,1,32339,6341,317.0,1616.9
R006,CNO,T2_SD_CNO,2026_06_22_merged.mat,TEST,1,32340,6342,317.05,1616.95
R006,CNO,T2_SD_CNO,2026_06_22_merged.mat,TEST,1,32341,6343,317.1,1617.0
R006,CNO,T2_SD_CNO,2026_06_22_merged.mat,TEST,1,32363,6365,318.20000000000005,1618.1000000000001
R006,CNO,T2_SD_CNO,2026_06_22_merged.mat,TEST,1,32391,6393,319.6,1619.5
R006,CNO,T2_SD_CNO,2026_06_22_merged.mat,TEST,1,32393,6395,319.70000000000005,1619.6000000000001
R006,CNO,T2_SD_CNO,2026_06_22_merged.mat,TEST,1,32394,6396,319.75,1619.65
R006,CNO,T2_SD_CNO,2026_06_22_merged.mat,TEST,1,32395,6397,319.8,1619.7
R006,CNO,T2_SD_CNO,2026_06_22_merged.mat,TEST,1,32404,6406,320.25,1620.15
R006,CNO,T2_SD_CNO,2026_06_22_merged.mat,TEST,1,32405,6407,320.3,1620.2
R006,CNO,T2_SD_CNO,2026_06_22_merged.mat,TEST,1,32406,6408,320.35,1620.25
R006,CNO,T2_SD_CNO,2026_06_22_merged.mat,TEST,1,32407,6409,320.40000000000003,1620.3000000000002
R006,CNO,T2_SD_CNO,2026_06_22_merged.mat,TEST,1,32408,6410,320.45000000000005,1620.3500000000001
R006,CNO,T2_SD_CNO,2026_06_22_merged.mat,TEST,2,32454,6456,322.75,1622.65
R006,CNO,T2_SD_CNO,2026_06_22_merged.mat,TEST,2,32455,6457,322.8,1622.7
R006,CNO,T2_SD_CNO,2026_06_22_merged.mat,TEST,2,32456,6458,322.85,1622.75
R006,CNO,T2_SD_CNO,2026_06_22_merged.mat,TEST,2,32457,6459,322.90000000000003,1622.8000000000002
R006,CNO,T2_SD_CNO,2026_06_22_merged.mat,TEST,2,32458,6460,322.95000000000005,1622.8500000000001
R006,CNO,T2_SD_CNO,2026_06_22_merged.mat,TEST,1,32470,6472,323.55,1623.45
R006,CNO,T2_SD_CNO,2026_06_22_merged.mat,TEST,2,32476,6478,323.85,1623.75
R006,CNO,T2_SD_CNO,2026_06_22_merged.mat,TEST,2,32477,6479,323.90000000000003,1623.8000000000002
R006,CNO,T2_SD_CNO,2026_06_22_merged.mat,TEST,2,32478,6480,323.95000000000005,1623.8500000000001
R006,CNO,T2_SD_CNO,2026_06_22_merged.mat,TEST,1,32495,6497,324.8,1624.7
R006,CNO,T2_SD_CNO,2026_06_22_merged.mat,TEST,1,32496,6498,324.85,1624.75
R006,CNO,T2_SD_CNO,2026_06_22_merged.mat,TEST,1,32497,6499,324.90000000000003,1624.8000000000002
R006,CNO,T2_SD_CNO,2026_06_22_merged.mat,TEST,2,32516,6518,325.8500000000001,1625.7500000000002
R006,CNO,T2_SD_CNO,2026_06_22_merged.mat,TEST,2,32517,6519,325.9000000000001,1625.8000000000002
R006,CNO,T2_SD_CNO,2026_06_22_merged.mat,TEST,2,32518,6520,325.95000000000005,1625.8500000000001
R006,CNO,T2_SD_CNO,2026_06_22_merged.mat,TEST,2,32519,6521,326.00000000000006,1625.9
R006,CNO,T2_SD_CNO,2026_06_22_merged.mat,TEST,2,32520,6522,326.05000000000007,1625.9500000000003
R006,CNO,T2_SD_CNO,2026_06_22_merged.mat,TEST,2,32521,6523,326.1000000000001,1626.0000000000002
R006,CNO,T2_SD_CNO,2026_06_22_merged.mat,TEST,2,32522,6524,326.1500000000001,1626.0500000000002
R006,CNO,T2_SD_CNO,2026_06_22_merged.mat,TEST,2,32530,6532,326.55000000000007,1626.4500000000003
R006,CNO,T2_SD_CNO,2026_06_22_merged.mat,TEST,1,32553,6555,327.70000000000005,1627.6000000000001
R006,CNO,T2_SD_CNO,2026_06_22_merged.mat,TEST,1,32554,6556,327.75000000000006,1627.65
R006,CNO,T2_SD_CNO,2026_06_22_merged.mat,TEST,1,32555,6557,327.80000000000007,1627.7000000000003
R006,CNO,T2_SD_CNO,2026_06_22_merged.mat,TEST,1,32566,6568,328.3500000000001,1628.2500000000002
R006,CNO,T2_SD_CNO,2026_06_22_merged.mat,TEST,1,32567,6569,328.4000000000001,1628.3000000000002
R006,CNO,T2_SD_CNO,2026_06_22_merged.mat,TEST,1,32568,6570,328.45000000000005,1628.3500000000001
R006,CNO,T2_SD_CNO,2026_06_22_merged.mat,TEST,1,32570,6572,328.55000000000007,1628.4500000000003
R006,CNO,T2_SD_CNO,2026_06_22_merged.mat,TEST,1,32571,6573,328.6000000000001,1628.5000000000002
R006,CNO,T2_SD_CNO,2026_06_22_merged.mat,TEST,2,32585,6587,329.30000000000007,1629.2000000000003
R006,CNO,T2_SD_CNO,2026_06_22_merged.mat,TEST,2,32586,6588,329.3500000000001,1629.2500000000002
R006,CNO,T2_SD_CNO,2026_06_22_merged.mat,TEST,2,32587,6589,329.4000000000001,1629.3000000000002
R006,CNO,T2_SD_CNO,2026_06_22_merged.mat,TEST,2,32588,6590,329.45000000000005,1629.3500000000001
R006,CNO,T2_SD_CNO,2026_06_22_merged.mat,TEST,2,32589,6591,329.50000000000006,1629.4
R006,CNO,T2_SD_CNO,2026_06_22_merged.mat,TEST,1,32594,6596,329.75000000000006,1629.65
R006,CNO,T2_SD_CNO,2026_06_22_merged.mat,TEST,1,32595,6597,329.80000000000007,1629.7000000000003
R006,CNO,T2_SD_CNO,2026_06_22_merged.mat,TEST,2,32601,6603,330.1000000000001,1630.0000000000002
R006,CNO,T2_SD_CNO,2026_06_22_merged.mat,TEST,2,32602,6604,330.1500000000001,1630.0500000000002
R006,CNO,T2_SD_CNO,2026_06_22_merged.mat,TEST,2,32603,6605,330.20000000000005,1630.1000000000001
R006,CNO,T2_SD_CNO,2026_06_22_merged.mat,TEST,2,32604,6606,330.25000000000006,1630.15
R006,CNO,T2_SD_CNO,2026_06_22_merged.mat,TEST,2,32605,6607,330.30000000000007,1630.2000000000003
R006,CNO,T2_SD_CNO,2026_06_22_merged.mat,TEST,1,32635,6637,331.80000000000007,1631.7000000000003
R006,CNO,T2_SD_CNO,2026_06_22_merged.mat,TEST,1,32636,6638,331.8500000000001,1631.7500000000002
R006,CNO,T2_SD_CNO,2026_06_22_merged.mat,TEST,1,32637,6639,331.9000000000001,1631.8000000000002
R006,CNO,T2_SD_CNO,2026_06_22_merged.mat,TEST,1,32638,6640,331.95000000000005,1631.8500000000001
R006,CNO,T2_SD_CNO,2026_06_22_merged.mat,TEST,1,32648,6650,332.45000000000005,1632.3500000000001
R006,CNO,T2_SD_CNO,2026_06_22_merged.mat,TEST,2,32672,6674,333.6500000000001,1633.5500000000002
R006,CNO,T2_SD_CNO,2026_06_22_merged.mat,TEST,2,32673,6675,333.70000000000005,1633.6000000000001
R006,CNO,T2_SD_CNO,2026_06_22_merged.mat,TEST,2,32674,6676,333.75000000000006,1633.65
R006,CNO,T2_SD_CNO,2026_06_22_merged.mat,TEST,2,32675,6677,333.80000000000007,1633.7000000000003
R006,CNO,T2_SD_CNO,2026_06_22_merged.mat,TEST,2,32676,6678,333.8500000000001,1633.7500000000002
R006,CNO,T2_SD_CNO,2026_06_22_merged.mat,TEST,2,32677,6679,333.9000000000001,1633.8000000000002
R006,CNO,T2_SD_CNO,2026_06_22_merged.mat,TEST,2,32678,6680,333.95000000000005,1633.8500000000001
R006,CNO,T2_SD_CNO,2026_06_22_merged.mat,TEST,2,32701,6703,335.1000000000001,1635.0000000000002
R006,CNO,T2_SD_CNO,2026_06_22_merged.mat,TEST,2,32702,6704,335.1500000000001,1635.0500000000002
R006,CNO,T2_SD_CNO,2026_06_22_merged.mat,TEST,2,32703,6705,335.20000000000005,1635.1000000000001
R006,CNO,T2_SD_CNO,2026_06_22_merged.mat,TEST,2,32704,6706,335.25000000000006,1635.15
R006,CNO,T2_SD_CNO,2026_06_22_merged.mat,TEST,2,32705,6707,335.30000000000007,1635.2000000000003
R006,CNO,T2_SD_CNO,2026_06_22_merged.mat,TEST,2,32722,6724,336.1500000000001,1636.0500000000002
R006,CNO,T2_SD_CNO,2026_06_22_merged.mat,TEST,2,32723,6725,336.20000000000005,1636.1000000000001
R006,CNO,T2_SD_CNO,2026_06_22_merged.mat,TEST,1,32730,6732,336.55000000000007,1636.4500000000003
R006,CNO,T2_SD_CNO,2026_06_22_merged.mat,TEST,1,32731,6733,336.6000000000001,1636.5000000000002
R006,CNO,T2_SD_CNO,2026_06_22_merged.mat,TEST,1,32732,6734,336.6500000000001,1636.5500000000002
R006,CNO,T2_SD_CNO,2026_06_22_merged.mat,TEST,1,32733,6735,336.70000000000005,1636.6000000000001
R006,CNO,T2_SD_CNO,2026_06_22_merged.mat,TEST,1,32734,6736,336.75000000000006,1636.65
R006,CNO,T2_SD_CNO,2026_06_22_merged.mat,TEST,2,32754,6756,337.75000000000006,1637.65
R006,CNO,T2_SD_CNO,2026_06_22_merged.mat,TEST,1,32760,6762,338.05000000000007,1637.9500000000003
R006,CNO,T2_SD_CNO,2026_06_22_merged.mat,TEST,1,32761,6763,338.1000000000001,1638.0000000000002
R006,CNO,T2_SD_CNO,2026_06_22_merged.mat,TEST,1,32762,6764,338.1500000000001,1638.0500000000002
R006,CNO,T2_SD_CNO,2026_06_22_merged.mat,TEST,1,32763,6765,338.20000000000005,1638.1000000000001
R006,CNO,T2_SD_CNO,2026_06_22_merged.mat,TEST,1,32776,6778,338.8500000000001,1638.7500000000002
R006,CNO,T2_SD_CNO,2026_06_22_merged.mat,TEST,2,32795,6797,339.80000000000007,1639.7000000000003
R006,CNO,T2_SD_CNO,2026_06_22_merged.mat,TEST,2,32796,6798,339.8500000000001,1639.7500000000002
R006,CNO,T2_SD_CNO,2026_06_22_merged.mat,TEST,2,32797,6799,339.9000000000001,1639.8000000000002
R006,CNO,T2_SD_CNO,2026_06_22_merged.mat,TEST,2,32798,6800,339.95000000000005,1639.8500000000001
R006,CNO,T2_SD_CNO,2026_06_22_merged.mat,TEST,2,32799,6801,340.00000000000006,1639.9
R006,CNO,T2_SD_CNO,2026_06_22_merged.mat,TEST,2,32800,6802,340.05000000000007,1639.9500000000003
R006,CNO,T2_SD_CNO,2026_06_22_merged.mat,TEST,2,32801,6803,340.1000000000001,1640.0000000000002
R006,CNO,T2_SD_CNO,2026_06_22_merged.mat,TEST,2,32802,6804,340.1500000000001,1640.0500000000002
R006,CNO,T2_SD_CNO,2026_06_22_merged.mat,TEST,1,32804,6806,340.25000000000006,1640.15
R006,CNO,T2_SD_CNO,2026_06_22_merged.mat,TEST,1,32811,6813,340.6000000000001,1640.5000000000002
R006,CNO,T2_SD_CNO,2026_06_22_merged.mat,TEST,1,32812,6814,340.6500000000001,1640.5500000000002
R006,CNO,T2_SD_CNO,2026_06_22_merged.mat,TEST,1,32813,6815,340.70000000000005,1640.6000000000001
R006,CNO,T2_SD_CNO,2026_06_22_merged.mat,TEST,1,32814,6816,340.75000000000006,1640.65
R006,CNO,T2_SD_CNO,2026_06_22_merged.mat,TEST,1,32815,6817,340.80000000000007,1640.7000000000003
R006,CNO,T2_SD_CNO,2026_06_22_merged.mat,TEST,1,32816,6818,340.8500000000001,1640.7500000000002
R006,CNO,T2_SD_CNO,2026_06_22_merged.mat,TEST,1,32817,6819,340.9000000000001,1640.8000000000002
R006,CNO,T2_SD_CNO,2026_06_22_merged.mat,TEST,1,32818,6820,340.95000000000005,1640.8500000000001
R006,CNO,T2_SD_CNO,2026_06_22_merged.mat,TEST,2,32844,6846,342.25000000000006,1642.15
R006,CNO,T2_SD_CNO,2026_06_22_merged.mat,TEST,2,32845,6847,342.30000000000007,1642.2000000000003
R006,CNO,T2_SD_CNO,2026_06_22_merged.mat,TEST,2,32846,6848,342.3500000000001,1642.2500000000002
R006,CNO,T2_SD_CNO,2026_06_22_merged.mat,TEST,2,32847,6849,342.4000000000001,1642.3000000000002
R006,CNO,T2_SD_CNO,2026_06_22_merged.mat,TEST,1,32852,6854,342.6500000000001,1642.5500000000002
R006,CNO,T2_SD_CNO,2026_06_22_merged.mat,TEST,1,32853,6855,342.70000000000005,1642.6000000000001
R006,CNO,T2_SD_CNO,2026_06_22_merged.mat,TEST,1,32854,6856,342.75000000000006,1642.65
R006,CNO,T2_SD_CNO,2026_06_22_merged.mat,TEST,1,32855,6857,342.80000000000007,1642.7000000000003
R006,CNO,T2_SD_CNO,2026_06_22_merged.mat,TEST,2,32861,6863,343.1000000000001,1643.0000000000002
R006,CNO,T2_SD_CNO,2026_06_22_merged.mat,TEST,2,32862,6864,343.1500000000001,1643.0500000000002
R006,CNO,T2_SD_CNO,2026_06_22_merged.mat,TEST,2,32863,6865,343.2000000000001,1643.1000000000001
R006,CNO,T2_SD_CNO,2026_06_22_merged.mat,TEST,2,32865,6867,343.30000000000007,1643.2000000000003
R006,CNO,T2_SD_CNO,2026_06_22_merged.mat,TEST,2,32866,6868,343.3500000000001,1643.2500000000002
R006,CNO,T2_SD_CNO,2026_06_22_merged.mat,TEST,2,32867,6869,343.4000000000001,1643.3000000000002
R006,CNO,T2_SD_CNO,2026_06_22_merged.mat,TEST,2,32868,6870,343.4500000000001,1643.3500000000001
R006,CNO,T2_SD_CNO,2026_06_22_merged.mat,TEST,2,32869,6871,343.50000000000006,1643.4
R006,CNO,T2_SD_CNO,2026_06_22_merged.mat,TEST,2,32870,6872,343.55000000000007,1643.4500000000003
R006,CNO,T2_SD_CNO,2026_06_22_merged.mat,TEST,2,32871,6873,343.6000000000001,1643.5000000000002
R006,CNO,T2_SD_CNO,2026_06_22_merged.mat,TEST,2,32894,6896,344.75000000000006,1644.65
R006,CNO,T2_SD_CNO,2026_06_22_merged.mat,TEST,1,32903,6905,345.2000000000001,1645.1000000000001
R006,CNO,T2_SD_CNO,2026_06_22_merged.mat,TEST,1,32904,6906,345.25000000000006,1645.15
R006,CNO,T2_SD_CNO,2026_06_22_merged.mat,TEST,1,32905,6907,345.30000000000007,1645.2000000000003
R006,CNO,T2_SD_CNO,2026_06_22_merged.mat,TEST,1,32906,6908,345.3500000000001,1645.2500000000002
R006,CNO,T2_SD_CNO,2026_06_22_merged.mat,TEST,1,32907,6909,345.4000000000001,1645.3000000000002
R006,CNO,T2_SD_CNO,2026_06_22_merged.mat,TEST,2,32918,6920,345.9500000000001,1645.8500000000001
R006,CNO,T2_SD_CNO,2026_06_22_merged.mat,TEST,2,32919,6921,346.00000000000006,1645.9
R006,CNO,T2_SD_CNO,2026_06_22_merged.mat,TEST,2,32920,6922,346.05000000000007,1645.9500000000003
R006,CNO,T2_SD_CNO,2026_06_22_merged.mat,TEST,2,32921,6923,346.1000000000001,1646.0000000000002
R006,CNO,T2_SD_CNO,2026_06_22_merged.mat,TEST,2,32922,6924,346.1500000000001,1646.0500000000002
R006,CNO,T2_SD_CNO,2026_06_22_merged.mat,TEST,2,32923,6925,346.2000000000001,1646.1000000000001
R006,CNO,T2_SD_CNO,2026_06_22_merged.mat,TEST,1,32936,6938,346.8500000000001,1646.7500000000002
R006,CNO,T2_SD_CNO,2026_06_22_merged.mat,TEST,1,32937,6939,346.9000000000001,1646.8000000000002
R006,CNO,T2_SD_CNO,2026_06_22_merged.mat,TEST,1,32938,6940,346.9500000000001,1646.8500000000001
R006,CNO,T2_SD_CNO,2026_06_22_merged.mat,TEST,1,32939,6941,347.00000000000006,1646.9
R006,CNO,T2_SD_CNO,2026_06_22_merged.mat,TEST,1,32940,6942,347.05000000000007,1646.9500000000003
R006,CNO,T2_SD_CNO,2026_06_22_merged.mat,TEST,1,32941,6943,347.1000000000001,1647.0000000000002
R006,CNO,T2_SD_CNO,2026_06_22_merged.mat,TEST,1,32942,6944,347.1500000000001,1647.0500000000002
R006,CNO,T2_SD_CNO,2026_06_22_merged.mat,TEST,1,32943,6945,347.2000000000001,1647.1000000000001
R006,CNO,T2_SD_CNO,2026_06_22_merged.mat,TEST,1,32958,6960,347.9500000000001,1647.8500000000001
R006,CNO,T2_SD_CNO,2026_06_22_merged.mat,TEST,1,32959,6961,348.00000000000006,1647.9
R006,CNO,T2_SD_CNO,2026_06_22_merged.mat,TEST,1,32967,6969,348.4000000000001,1648.3000000000002
R006,CNO,T2_SD_CNO,2026_06_22_merged.mat,TEST,1,32968,6970,348.4500000000001,1648.3500000000001
R006,CNO,T2_SD_CNO,2026_06_22_merged.mat,TEST,2,32976,6978,348.8500000000001,1648.7500000000002
R006,CNO,T2_SD_CNO,2026_06_22_merged.mat,TEST,2,32977,6979,348.9000000000001,1648.8000000000002
R006,CNO,T2_SD_CNO,2026_06_22_merged.mat,TEST,2,32978,6980,348.9500000000001,1648.8500000000001
R006,CNO,T2_SD_CNO,2026_06_22_merged.mat,TEST,2,32979,6981,349.00000000000006,1648.9
R006,CNO,T2_SD_CNO,2026_06_22_merged.mat,TEST,1,32997,6999,349.9000000000001,1649.8000000000002
R006,CNO,T2_SD_CNO,2026_06_22_merged.mat,TEST,1,32998,7000,349.9500000000001,1649.8500000000001
R006,CNO,T2_SD_CNO,2026_06_22_merged.mat,TEST,1,32999,7001,350.00000000000006,1649.9
R006,CNO,T2_SD_CNO,2026_06_22_merged.mat,TEST,1,33000,7002,350.05000000000007,1649.9500000000003
R006,CNO,T2_SD_CNO,2026_06_22_merged.mat,TEST,1,33012,7014,350.6500000000001,1650.5500000000002
R006,CNO,T2_SD_CNO,2026_06_22_merged.mat,TEST,1,33022,7024,351.1500000000001,1651.0500000000002
R006,CNO,T2_SD_CNO,2026_06_22_merged.mat,TEST,1,33032,7034,351.6500000000001,1651.5500000000002
R006,CNO,T2_SD_CNO,2026_06_22_merged.mat,TEST,1,33033,7035,351.7000000000001,1651.6000000000001
R006,CNO,T2_SD_CNO,2026_06_22_merged.mat,TEST,1,33034,7036,351.75000000000006,1651.65
R006,CNO,T2_SD_CNO,2026_06_22_merged.mat,TEST,1,33035,7037,351.80000000000007,1651.7000000000003
R006,CNO,T2_SD_CNO,2026_06_22_merged.mat,TEST,1,33047,7049,352.4000000000001,1652.3000000000002
R006,CNO,T2_SD_CNO,2026_06_22_merged.mat,TEST,2,33055,7057,352.80000000000007,1652.7000000000003
R006,CNO,T2_SD_CNO,2026_06_22_merged.mat,TEST,2,33056,7058,352.8500000000001,1652.7500000000002
R006,CNO,T2_SD_CNO,2026_06_22_merged.mat,TEST,2,33057,7059,352.9000000000001,1652.8000000000002
R006,CNO,T2_SD_CNO,2026_06_22_merged.mat,TEST,2,33058,7060,352.9500000000001,1652.8500000000001
R006,CNO,T2_SD_CNO,2026_06_22_merged.mat,TEST,2,33059,7061,353.00000000000006,1652.9
R006,CNO,T2_SD_CNO,2026_06_22_merged.mat,TEST,2,33060,7062,353.05000000000007,1652.9500000000003
R006,CNO,T2_SD_CNO,2026_06_22_merged.mat,TEST,1,33067,7069,353.4000000000001,1653.3000000000002
R006,CNO,T2_SD_CNO,2026_06_22_merged.mat,TEST,2,33078,7080,353.9500000000001,1653.8500000000001
R006,CNO,T2_SD_CNO,2026_06_22_merged.mat,TEST,2,33079,7081,354.00000000000006,1653.9
R006,CNO,T2_SD_CNO,2026_06_22_merged.mat,TEST,2,33080,7082,354.05000000000007,1653.9500000000003
R006,CNO,T2_SD_CNO,2026_06_22_merged.mat,TEST,2,33081,7083,354.1000000000001,1654.0000000000002
R006,CNO,T2_SD_CNO,2026_06_22_merged.mat,TEST,2,33082,7084,354.1500000000001,1654.0500000000002
R006,CNO,T2_SD_CNO,2026_06_22_merged.mat,TEST,2,33083,7085,354.2000000000001,1654.1000000000001
R006,CNO,T2_SD_CNO,2026_06_22_merged.mat,TEST,2,33084,7086,354.25000000000006,1654.15
R006,CNO,T2_SD_CNO,2026_06_22_merged.mat,TEST,2,33085,7087,354.30000000000007,1654.2000000000003
R006,CNO,T2_SD_CNO,2026_06_22_merged.mat,TEST,2,33113,7115,355.7000000000001,1655.6000000000001
R006,CNO,T2_SD_CNO,2026_06_22_merged.mat,TEST,2,33114,7116,355.75000000000006,1655.65
R006,CNO,T2_SD_CNO,2026_06_22_merged.mat,TEST,2,33115,7117,355.80000000000007,1655.7000000000003
R006,CNO,T2_SD_CNO,2026_06_22_merged.mat,TEST,1,33123,7125,356.2000000000001,1656.1000000000001
R006,CNO,T2_SD_CNO,2026_06_22_merged.mat,TEST,1,33139,7141,357.00000000000006,1656.9
R006,CNO,T2_SD_CNO,2026_06_22_merged.mat,TEST,1,33140,7142,357.05000000000007,1656.9500000000003
R006,CNO,T2_SD_CNO,2026_06_22_merged.mat,TEST,1,33141,7143,357.1000000000001,1657.0000000000002
R006,CNO,T2_SD_CNO,2026_06_22_merged.mat,TEST,1,33142,7144,357.1500000000001,1657.0500000000002
R006,CNO,T2_SD_CNO,2026_06_22_merged.mat,TEST,1,33143,7145,357.2000000000001,1657.1000000000001
R006,CNO,T2_SD_CNO,2026_06_22_merged.mat,TEST,1,33155,7157,357.80000000000007,1657.7000000000003
R006,CNO,T2_SD_CNO,2026_06_22_merged.mat,TEST,1,33156,7158,357.8500000000001,1657.7500000000002
R006,CNO,T2_SD_CNO,2026_06_22_merged.mat,TEST,1,33157,7159,357.9000000000001,1657.8000000000002
R006,CNO,T2_SD_CNO,2026_06_22_merged.mat,TEST,2,33179,7181,359.00000000000006,1658.9
R006,CNO,T2_SD_CNO,2026_06_22_merged.mat,TEST,2,33180,7182,359.05000000000007,1658.9500000000003
R006,CNO,T2_SD_CNO,2026_06_22_merged.mat,TEST,2,33181,7183,359.1000000000001,1659.0000000000002
R006,CNO,T2_SD_CNO,2026_06_22_merged.mat,TEST,2,33182,7184,359.1500000000001,1659.0500000000002
R006,CNO,T2_SD_CNO,2026_06_22_merged.mat,TEST,2,33183,7185,359.2000000000001,1659.1000000000001
R006,CNO,T2_SD_CNO,2026_06_22_merged.mat,TEST,2,33184,7186,359.25000000000006,1659.15
R006,CNO,T2_SD_CNO,2026_06_22_merged.mat,TEST,2,33185,7187,359.30000000000007,1659.2000000000003
R006,CNO,T2_SD_CNO,2026_06_22_merged.mat,TEST,2,33202,7204,360.1500000000001,1660.0500000000002
R006,CNO,T2_SD_CNO,2026_06_22_merged.mat,TEST,2,33203,7205,360.2000000000001,1660.1000000000001
R006,CNO,T2_SD_CNO,2026_06_22_merged.mat,TEST,2,33204,7206,360.25000000000006,1660.15
R006,CNO,T2_SD_CNO,2026_06_22_merged.mat,TEST,2,33205,7207,360.30000000000007,1660.2000000000003
R006,CNO,T2_SD_CNO,2026_06_22_merged.mat,TEST,2,33206,7208,360.3500000000001,1660.2500000000002
R006,CNO,T2_SD_CNO,2026_06_22_merged.mat,TEST,2,33207,7209,360.4000000000001,1660.3000000000002
R006,CNO,T2_SD_CNO,2026_06_22_merged.mat,TEST,2,33211,7213,360.6000000000001,1660.5000000000002
R006,CNO,T2_SD_CNO,2026_06_22_merged.mat,TEST,2,33212,7214,360.6500000000001,1660.5500000000002
R006,CNO,T2_SD_CNO,2026_06_22_merged.mat,TEST,1,33219,7221,361.00000000000006,1660.9
R006,CNO,T2_SD_CNO,2026_06_22_merged.mat,TEST,1,33220,7222,361.05000000000007,1660.9500000000003
R006,CNO,T2_SD_CNO,2026_06_22_merged.mat,TEST,1,33221,7223,361.1000000000001,1661.0000000000002
R006,CNO,T2_SD_CNO,2026_06_22_merged.mat,TEST,2,33233,7235,361.7000000000001,1661.6000000000001
R006,CNO,T2_SD_CNO,2026_06_22_merged.mat,TEST,2,33234,7236,361.75000000000006,1661.65
R006,CNO,T2_SD_CNO,2026_06_22_merged.mat,TEST,2,33296,7298,364.8500000000001,1664.7500000000002
R006,CNO,T2_SD_CNO,2026_06_22_merged.mat,TEST,2,33297,7299,364.9000000000001,1664.8000000000002
R006,CNO,T2_SD_CNO,2026_06_22_merged.mat,TEST,2,33298,7300,364.9500000000001,1664.8500000000001
R006,CNO,T2_SD_CNO,2026_06_22_merged.mat,TEST,2,33313,7315,365.7000000000001,1665.6000000000001
R006,CNO,T2_SD_CNO,2026_06_22_merged.mat,TEST,2,33314,7316,365.75000000000006,1665.65
R006,CNO,T2_SD_CNO,2026_06_22_merged.mat,TEST,2,33315,7317,365.80000000000007,1665.7000000000003
R006,CNO,T2_SD_CNO,2026_06_22_merged.mat,TEST,2,33316,7318,365.8500000000001,1665.7500000000002
R006,CNO,T2_SD_CNO,2026_06_22_merged.mat,TEST,2,33317,7319,365.9000000000001,1665.8000000000002
R006,CNO,T2_SD_CNO,2026_06_22_merged.mat,TEST,2,33318,7320,365.9500000000001,1665.8500000000001
R006,CNO,T2_SD_CNO,2026_06_22_merged.mat,TEST,1,33334,7336,366.75000000000006,1666.65
R006,CNO,T2_SD_CNO,2026_06_22_merged.mat,TEST,1,33335,7337,366.80000000000007,1666.7000000000003
R006,CNO,T2_SD_CNO,2026_06_22_merged.mat,TEST,1,33346,7348,367.3500000000001,1667.2500000000002
R006,CNO,T2_SD_CNO,2026_06_22_merged.mat,TEST,1,33347,7349,367.4000000000001,1667.3000000000002
R006,CNO,T2_SD_CNO,2026_06_22_merged.mat,TEST,1,33348,7350,367.4500000000001,1667.3500000000001
R006,CNO,T2_SD_CNO,2026_06_22_merged.mat,TEST,2,33354,7356,367.75000000000006,1667.65
R006,CNO,T2_SD_CNO,2026_06_22_merged.mat,TEST,2,33355,7357,367.80000000000007,1667.7000000000003
R006,CNO,T2_SD_CNO,2026_06_22_merged.mat,TEST,2,33356,7358,367.8500000000001,1667.7500000000002
R006,CNO,T2_SD_CNO,2026_06_22_merged.mat,TEST,2,33357,7359,367.9000000000001,1667.8000000000002
R006,CNO,T2_SD_CNO,2026_06_22_merged.mat,TEST,2,33358,7360,367.9500000000001,1667.8500000000001
R006,CNO,T2_SD_CNO,2026_06_22_merged.mat,TEST,2,33375,7377,368.80000000000007,1668.7000000000003
R006,CNO,T2_SD_CNO,2026_06_22_merged.mat,TEST,2,33376,7378,368.8500000000001,1668.7500000000002
R006,CNO,T2_SD_CNO,2026_06_22_merged.mat,TEST,2,33377,7379,368.9000000000001,1668.8000000000002
R006,CNO,T2_SD_CNO,2026_06_22_merged.mat,TEST,2,33378,7380,368.9500000000001,1668.8500000000001
R006,CNO,T2_SD_CNO,2026_06_22_merged.mat,TEST,2,33379,7381,369.00000000000006,1668.9
R006,CNO,T2_SD_CNO,2026_06_22_merged.mat,TEST,2,33380,7382,369.05000000000007,1668.9500000000003
R006,CNO,T2_SD_CNO,2026_06_22_merged.mat,TEST,2,33381,7383,369.1000000000001,1669.0000000000002
R006,CNO,T2_SD_CNO,2026_06_22_merged.mat,TEST,2,33388,7390,369.4500000000001,1669.3500000000001
R006,CNO,T2_SD_CNO,2026_06_22_merged.mat,TEST,2,33408,7410,370.4500000000001,1670.3500000000001
R006,CNO,T2_SD_CNO,2026_06_22_merged.mat,TEST,2,33409,7411,370.50000000000006,1670.4
R006,CNO,T2_SD_CNO,2026_06_22_merged.mat,TEST,2,33410,7412,370.55000000000007,1670.4500000000003
R006,CNO,T2_SD_CNO,2026_06_22_merged.mat,TEST,2,33418,7420,370.9500000000001,1670.8500000000001
R006,CNO,T2_SD_CNO,2026_06_22_merged.mat,TEST,2,33419,7421,371.00000000000006,1670.9
R006,CNO,T2_SD_CNO,2026_06_22_merged.mat,TEST,2,33420,7422,371.05000000000007,1670.9500000000003
R006,CNO,T2_SD_CNO,2026_06_22_merged.mat,TEST,2,33421,7423,371.1000000000001,1671.0000000000002
R006,CNO,T2_SD_CNO,2026_06_22_merged.mat,TEST,2,33428,7430,371.4500000000001,1671.3500000000001
R006,CNO,T2_SD_CNO,2026_06_22_merged.mat,TEST,2,33429,7431,371.50000000000006,1671.4
R006,CNO,T2_SD_CNO,2026_06_22_merged.mat,TEST,2,33430,7432,371.55000000000007,1671.4500000000003
R006,CNO,T2_SD_CNO,2026_06_22_merged.mat,TEST,2,33431,7433,371.6000000000001,1671.5000000000002
R006,CNO,T2_SD_CNO,2026_06_22_merged.mat,TEST,1,33437,7439,371.9000000000001,1671.8000000000002
R006,CNO,T2_SD_CNO,2026_06_22_merged.mat,TEST,1,33438,7440,371.9500000000001,1671.8500000000001
R006,CNO,T2_SD_CNO,2026_06_22_merged.mat,TEST,1,33439,7441,372.00000000000006,1671.9
R006,CNO,T2_SD_CNO,2026_06_22_merged.mat,TEST,1,33440,7442,372.05000000000007,1671.9500000000003
R006,CNO,T2_SD_CNO,2026_06_22_merged.mat,TEST,2,33452,7454,372.6500000000001,1672.5500000000002
R006,CNO,T2_SD_CNO,2026_06_22_merged.mat,TEST,2,33453,7455,372.7000000000001,1672.6000000000001
R006,CNO,T2_SD_CNO,2026_06_22_merged.mat,TEST,2,33454,7456,372.75000000000006,1672.65
R006,CNO,T2_SD_CNO,2026_06_22_merged.mat,TEST,2,33455,7457,372.80000000000007,1672.7000000000003
R006,CNO,T2_SD_CNO,2026_06_22_merged.mat,TEST,2,33456,7458,372.8500000000001,1672.7500000000002
R006,CNO,T2_SD_CNO,2026_06_22_merged.mat,TEST,2,33457,7459,372.9000000000001,1672.8000000000002
R006,CNO,T2_SD_CNO,2026_06_22_merged.mat,TEST,1,33469,7471,373.50000000000006,1673.4
R006,CNO,T2_SD_CNO,2026_06_22_merged.mat,TEST,1,33470,7472,373.55000000000007,1673.4500000000003
R006,CNO,T2_SD_CNO,2026_06_22_merged.mat,TEST,1,33471,7473,373.6000000000001,1673.5000000000002
R006,CNO,T2_SD_CNO,2026_06_22_merged.mat,TEST,2,33500,7502,375.05000000000007,1674.9500000000003
R006,CNO,T2_SD_CNO,2026_06_22_merged.mat,TEST,2,33501,7503,375.1000000000001,1675.0000000000002
R006,CNO,T2_SD_CNO,2026_06_22_merged.mat,TEST,2,33502,7504,375.1500000000001,1675.0500000000002
R006,CNO,T2_SD_CNO,2026_06_22_merged.mat,TEST,2,33503,7505,375.2000000000001,1675.1000000000001
R006,CNO,T2_SD_CNO,2026_06_22_merged.mat,TEST,2,33504,7506,375.25000000000006,1675.15
R006,CNO,T2_SD_CNO,2026_06_22_merged.mat,TEST,2,33505,7507,375.30000000000007,1675.2000000000003
R006,CNO,T2_SD_CNO,2026_06_22_merged.mat,TEST,1,33510,7512,375.55000000000007,1675.4500000000003
R006,CNO,T2_SD_CNO,2026_06_22_merged.mat,TEST,2,33516,7518,375.8500000000001,1675.7500000000002
R006,CNO,T2_SD_CNO,2026_06_22_merged.mat,TEST,2,33517,7519,375.9000000000001,1675.8000000000002
R006,CNO,T2_SD_CNO,2026_06_22_merged.mat,TEST,2,33518,7520,375.9500000000001,1675.8500000000001
R006,CNO,T2_SD_CNO,2026_06_22_merged.mat,TEST,2,33519,7521,376.00000000000006,1675.9
R006,CNO,T2_SD_CNO,2026_06_22_merged.mat,TEST,1,33536,7538,376.8500000000001,1676.7500000000002
R006,CNO,T2_SD_CNO,2026_06_22_merged.mat,TEST,1,33537,7539,376.9000000000001,1676.8000000000002
R006,CNO,T2_SD_CNO,2026_06_22_merged.mat,TEST,1,33538,7540,376.9500000000001,1676.8500000000001
R006,CNO,T2_SD_CNO,2026_06_22_merged.mat,TEST,1,33539,7541,377.00000000000006,1676.9
R006,CNO,T2_SD_CNO,2026_06_22_merged.mat,TEST,1,33540,7542,377.05000000000007,1676.9500000000003
R006,CNO,T2_SD_CNO,2026_06_22_merged.mat,TEST,1,33541,7543,377.1000000000001,1677.0000000000002
R006,CNO,T2_SD_CNO,2026_06_22_merged.mat,TEST,1,33542,7544,377.1500000000001,1677.0500000000002
R006,CNO,T2_SD_CNO,2026_06_22_merged.mat,TEST,1,33543,7545,377.2000000000001,1677.1000000000001
R006,CNO,T2_SD_CNO,2026_06_22_merged.mat,TEST,2,33567,7569,378.4000000000001,1678.3000000000002
R006,CNO,T2_SD_CNO,2026_06_22_merged.mat,TEST,2,33568,7570,378.4500000000001,1678.3500000000001
R006,CNO,T2_SD_CNO,2026_06_22_merged.mat,TEST,2,33569,7571,378.50000000000006,1678.4
R006,CNO,T2_SD_CNO,2026_06_22_merged.mat,TEST,2,33570,7572,378.55000000000007,1678.4500000000003
R006,CNO,T2_SD_CNO,2026_06_22_merged.mat,TEST,2,33571,7573,378.6000000000001,1678.5000000000002
R006,CNO,T2_SD_CNO,2026_06_22_merged.mat,TEST,2,33585,7587,379.30000000000007,1679.2000000000003
R006,CNO,T2_SD_CNO,2026_06_22_merged.mat,TEST,2,33586,7588,379.3500000000001,1679.2500000000002
R006,CNO,T2_SD_CNO,2026_06_22_merged.mat,TEST,2,33587,7589,379.4000000000001,1679.3000000000002
R006,CNO,T2_SD_CNO,2026_06_22_merged.mat,TEST,2,33588,7590,379.4500000000001,1679.3500000000001
R006,CNO,T2_SD_CNO,2026_06_22_merged.mat,TEST,2,33589,7591,379.50000000000006,1679.4
R006,CNO,T2_SD_CNO,2026_06_22_merged.mat,TEST,2,33590,7592,379.55000000000007,1679.4500000000003
R006,CNO,T2_SD_CNO,2026_06_22_merged.mat,TEST,2,33591,7593,379.6000000000001,1679.5000000000002
R006,CNO,T2_SD_CNO,2026_06_22_merged.mat,TEST,1,33604,7606,380.25000000000006,1680.15
R006,CNO,T2_SD_CNO,2026_06_22_merged.mat,TEST,1,33605,7607,380.30000000000007,1680.2000000000003
R006,CNO,T2_SD_CNO,2026_06_22_merged.mat,TEST,1,33606,7608,380.3500000000001,1680.2500000000002
R006,CNO,T2_SD_CNO,2026_06_22_merged.mat,TEST,1,33607,7609,380.4000000000001,1680.3000000000002
R006,CNO,T2_SD_CNO,2026_06_22_merged.mat,TEST,1,33608,7610,380.4500000000001,1680.3500000000001
R006,CNO,T2_SD_CNO,2026_06_22_merged.mat,TEST,1,33609,7611,380.50000000000006,1680.4
R006,CNO,T2_SD_CNO,2026_06_22_merged.mat,TEST,2,33622,7624,381.1500000000001,1681.0500000000002
R006,CNO,T2_SD_CNO,2026_06_22_merged.mat,TEST,2,33623,7625,381.2000000000001,1681.1000000000001
R006,CNO,T2_SD_CNO,2026_06_22_merged.mat,TEST,2,33624,7626,381.25000000000006,1681.15
R006,CNO,T2_SD_CNO,2026_06_22_merged.mat,TEST,1,33659,7661,383.00000000000006,1682.9
R006,CNO,T2_SD_CNO,2026_06_22_merged.mat,TEST,1,33686,7688,384.3500000000001,1684.2500000000002
R006,CNO,T2_SD_CNO,2026_06_22_merged.mat,TEST,1,33687,7689,384.4000000000001,1684.3000000000002
R006,CNO,T2_SD_CNO,2026_06_22_merged.mat,TEST,1,33698,7700,384.9500000000001,1684.8500000000001
R006,CNO,T2_SD_CNO,2026_06_22_merged.mat,TEST,1,33699,7701,385.00000000000006,1684.9
R006,CNO,T2_SD_CNO,2026_06_22_merged.mat,TEST,2,33706,7708,385.3500000000001,1685.2500000000002
R006,CNO,T2_SD_CNO,2026_06_22_merged.mat,TEST,2,33716,7718,385.8500000000001,1685.7500000000002
R006,CNO,T2_SD_CNO,2026_06_22_merged.mat,TEST,2,33717,7719,385.9000000000001,1685.8000000000002
R006,CNO,T2_SD_CNO,2026_06_22_merged.mat,TEST,2,33718,7720,385.9500000000001,1685.8500000000001
R006,CNO,T2_SD_CNO,2026_06_22_merged.mat,TEST,2,33725,7727,386.30000000000007,1686.2000000000003
R006,CNO,T2_SD_CNO,2026_06_22_merged.mat,TEST,2,33726,7728,386.3500000000001,1686.2500000000002
R006,CNO,T2_SD_CNO,2026_06_22_merged.mat,TEST,2,33727,7729,386.4000000000001,1686.3000000000002
R006,CNO,T2_SD_CNO,2026_06_22_merged.mat,TEST,2,33728,7730,386.4500000000001,1686.3500000000001
R006,CNO,T2_SD_CNO,2026_06_22_merged.mat,TEST,2,33729,7731,386.50000000000006,1686.4
R006,CNO,T2_SD_CNO,2026_06_22_merged.mat,TEST,2,33730,7732,386.55000000000007,1686.4500000000003
R006,CNO,T2_SD_CNO,2026_06_22_merged.mat,TEST,2,33731,7733,386.6000000000001,1686.5000000000002
R006,CNO,T2_SD_CNO,2026_06_22_merged.mat,TEST,2,33743,7745,387.2000000000001,1687.1000000000001
R006,CNO,T2_SD_CNO,2026_06_22_merged.mat,TEST,2,33744,7746,387.25000000000006,1687.15
R006,CNO,T2_SD_CNO,2026_06_22_merged.mat,TEST,2,33745,7747,387.30000000000007,1687.2000000000003
R006,CNO,T2_SD_CNO,2026_06_22_merged.mat,TEST,2,33746,7748,387.3500000000001,1687.2500000000002
R006,CNO,T2_SD_CNO,2026_06_22_merged.mat,TEST,2,33747,7749,387.4000000000001,1687.3000000000002
R006,CNO,T2_SD_CNO,2026_06_22_merged.mat,TEST,1,33756,7758,387.8500000000001,1687.7500000000002
R006,CNO,T2_SD_CNO,2026_06_22_merged.mat,TEST,1,33757,7759,387.9000000000001,1687.8000000000002
R006,CNO,T2_SD_CNO,2026_06_22_merged.mat,TEST,1,33758,7760,387.9500000000001,1687.8500000000001
R006,CNO,T2_SD_CNO,2026_06_22_merged.mat,TEST,1,33759,7761,388.00000000000006,1687.9
R006,CNO,T2_SD_CNO,2026_06_22_merged.mat,TEST,1,33760,7762,388.05000000000007,1687.9500000000003
R006,CNO,T2_SD_CNO,2026_06_22_merged.mat,TEST,1,33761,7763,388.1000000000001,1688.0000000000002
R006,CNO,T2_SD_CNO,2026_06_22_merged.mat,TEST,1,33762,7764,388.1500000000001,1688.0500000000002
R006,CNO,T2_SD_CNO,2026_06_22_merged.mat,TEST,2,33789,7791,389.50000000000006,1689.4
R006,CNO,T2_SD_CNO,2026_06_22_merged.mat,TEST,2,33790,7792,389.55000000000007,1689.4500000000003
R006,CNO,T2_SD_CNO,2026_06_22_merged.mat,TEST,2,33824,7826,391.25000000000006,1691.15
R006,CNO,T2_SD_CNO,2026_06_22_merged.mat,TEST,2,33825,7827,391.30000000000007,1691.2000000000003
R006,CNO,T2_SD_CNO,2026_06_22_merged.mat,TEST,2,33826,7828,391.3500000000001,1691.2500000000002
R006,CNO,T2_SD_CNO,2026_06_22_merged.mat,TEST,2,33827,7829,391.4000000000001,1691.3000000000002
R006,CNO,T2_SD_CNO,2026_06_22_merged.mat,TEST,2,33828,7830,391.4500000000001,1691.3500000000001
R006,CNO,T2_SD_CNO,2026_06_22_merged.mat,TEST,2,33886,7888,394.3500000000001,1694.2500000000002
R006,CNO,T2_SD_CNO,2026_06_22_merged.mat,TEST,2,33887,7889,394.4000000000001,1694.3000000000002
R006,CNO,T2_SD_CNO,2026_06_22_merged.mat,TEST,2,33888,7890,394.45000000000005,1694.3500000000001
R006,CNO,T2_SD_CNO,2026_06_22_merged.mat,TEST,2,33889,7891,394.5000000000001,1694.4
R006,CNO,T2_SD_CNO,2026_06_22_merged.mat,TEST,2,33898,7900,394.95000000000005,1694.8500000000001
R006,CNO,T2_SD_CNO,2026_06_22_merged.mat,TEST,2,33899,7901,395.0000000000001,1694.9
R006,CNO,T2_SD_CNO,2026_06_22_merged.mat,TEST,2,33900,7902,395.05000000000007,1694.9500000000003
R006,CNO,T2_SD_CNO,2026_06_22_merged.mat,TEST,2,33915,7917,395.80000000000007,1695.7000000000003
R006,CNO,T2_SD_CNO,2026_06_22_merged.mat,TEST,2,33916,7918,395.8500000000001,1695.7500000000002
R006,CNO,T2_SD_CNO,2026_06_22_merged.mat,TEST,2,33917,7919,395.9000000000001,1695.8000000000002
R006,CNO,T2_SD_CNO,2026_06_22_merged.mat,TEST,2,33918,7920,395.95000000000005,1695.8500000000001
R006,CNO,T2_SD_CNO,2026_06_22_merged.mat,TEST,2,33919,7921,396.0000000000001,1695.9
R006,CNO,T2_SD_CNO,2026_06_22_merged.mat,TEST,2,33920,7922,396.05000000000007,1695.9500000000003
R006,CNO,T2_SD_CNO,2026_06_22_merged.mat,TEST,2,33921,7923,396.1000000000001,1696.0000000000002
R006,CNO,T2_SD_CNO,2026_06_22_merged.mat,TEST,2,33922,7924,396.1500000000001,1696.0500000000002
R006,CNO,T2_SD_CNO,2026_06_22_merged.mat,TEST,1,33935,7937,396.80000000000007,1696.7000000000003
R006,CNO,T2_SD_CNO,2026_06_22_merged.mat,TEST,1,33936,7938,396.8500000000001,1696.7500000000002
R006,CNO,T2_SD_CNO,2026_06_22_merged.mat,TEST,1,33937,7939,396.9000000000001,1696.8000000000002
R006,CNO,T2_SD_CNO,2026_06_22_merged.mat,TEST,1,33938,7940,396.95000000000005,1696.8500000000001
R006,CNO,T2_SD_CNO,2026_06_22_merged.mat,TEST,1,33939,7941,397.0000000000001,1696.9
R006,CNO,T2_SD_CNO,2026_06_22_merged.mat,TEST,2,33954,7956,397.7500000000001,1697.65
R006,CNO,T2_SD_CNO,2026_06_22_merged.mat,TEST,2,33955,7957,397.80000000000007,1697.7000000000003
R006,CNO,T2_SD_CNO,2026_06_22_merged.mat,TEST,2,33971,7973,398.6000000000001,1698.5000000000002
R006,CNO,T2_SD_CNO,2026_06_22_merged.mat,TEST,2,33972,7974,398.6500000000001,1698.5500000000002
R006,CNO,T2_SD_CNO,2026_06_22_merged.mat,TEST,2,33973,7975,398.70000000000005,1698.6000000000001
R006,CNO,T2_SD_CNO,2026_06_22_merged.mat,TEST,1,33980,7982,399.05000000000007,1698.9500000000003
R006,CNO,T2_SD_CNO,2026_06_22_merged.mat,TEST,1,33981,7983,399.1000000000001,1699.0000000000002
R006,CNO,T2_SD_CNO,2026_06_22_merged.mat,TEST,1,33987,7989,399.4000000000001,1699.3000000000002
R006,CNO,T2_SD_CNO,2026_06_22_merged.mat,TEST,1,33988,7990,399.45000000000005,1699.3500000000001
R006,CNO,T2_SD_CNO,2026_06_22_merged.mat,TEST,1,33989,7991,399.5000000000001,1699.4
R006,CNO,T2_SD_CNO,2026_06_22_merged.mat,TEST,1,33990,7992,399.55000000000007,1699.4500000000003
R006,CNO,T2_SD_CNO,2026_06_22_merged.mat,TEST,1,33991,7993,399.6000000000001,1699.5000000000002
R006,CNO,T2_SD_CNO,2026_06_22_merged.mat,TEST,1,33992,7994,399.6500000000001,1699.5500000000002
R006,CNO,T2_SD_CNO,2026_06_22_merged.mat,TEST,1,34006,8008,400.3500000000001,1700.2500000000002
R006,CNO,T2_SD_CNO,2026_06_22_merged.mat,TEST,1,34007,8009,400.4000000000001,1700.3000000000002
R006,CNO,T2_SD_CNO,2026_06_22_merged.mat,TEST,1,34008,8010,400.45000000000005,1700.3500000000001
R006,CNO,T2_SD_CNO,2026_06_22_merged.mat,TEST,1,34009,8011,400.5000000000001,1700.4
R006,CNO,T2_SD_CNO,2026_06_22_merged.mat,TEST,1,34010,8012,400.55000000000007,1700.4500000000003
R006,CNO,T2_SD_CNO,2026_06_22_merged.mat,TEST,1,34020,8022,401.05000000000007,1700.9500000000003
R006,CNO,T2_SD_CNO,2026_06_22_merged.mat,TEST,1,34021,8023,401.1000000000001,1701.0000000000002
R006,CNO,T2_SD_CNO,2026_06_22_merged.mat,TEST,1,34022,8024,401.1500000000001,1701.0500000000002
R006,CNO,T2_SD_CNO,2026_06_22_merged.mat,TEST,2,34028,8030,401.45000000000005,1701.3500000000001
R006,CNO,T2_SD_CNO,2026_06_22_merged.mat,TEST,1,34034,8036,401.7500000000001,1701.65
R006,CNO,T2_SD_CNO,2026_06_22_merged.mat,TEST,1,34035,8037,401.80000000000007,1701.7000000000003
R006,CNO,T2_SD_CNO,2026_06_22_merged.mat,TEST,1,34036,8038,401.8500000000001,1701.7500000000002
R006,CNO,T2_SD_CNO,2026_06_22_merged.mat,TEST,1,34037,8039,401.9000000000001,1701.8000000000002
R006,CNO,T2_SD_CNO,2026_06_22_merged.mat,TEST,2,34042,8044,402.1500000000001,1702.0500000000002
R006,CNO,T2_SD_CNO,2026_06_22_merged.mat,TEST,2,34052,8054,402.6500000000001,1702.5500000000002
R006,CNO,T2_SD_CNO,2026_06_22_merged.mat,TEST,2,34053,8055,402.70000000000005,1702.6000000000001
R006,CNO,T2_SD_CNO,2026_06_22_merged.mat,TEST,1,34059,8061,403.0000000000001,1702.9
R006,CNO,T2_SD_CNO,2026_06_22_merged.mat,TEST,1,34060,8062,403.05000000000007,1702.9500000000003
R006,CNO,T2_SD_CNO,2026_06_22_merged.mat,TEST,1,34061,8063,403.1000000000001,1703.0000000000002
R006,CNO,T2_SD_CNO,2026_06_22_merged.mat,TEST,1,34090,8092,404.55000000000007,1704.4500000000003
R006,CNO,T2_SD_CNO,2026_06_22_merged.mat,TEST,2,34098,8100,404.95000000000005,1704.8500000000001
R006,CNO,T2_SD_CNO,2026_06_22_merged.mat,TEST,2,34099,8101,405.0000000000001,1704.9
R006,CNO,T2_SD_CNO,2026_06_22_merged.mat,TEST,2,34100,8102,405.05000000000007,1704.9500000000003
R006,CNO,T2_SD_CNO,2026_06_22_merged.mat,TEST,2,34101,8103,405.1000000000001,1705.0000000000002
R006,CNO,T2_SD_CNO,2026_06_22_merged.mat,TEST,2,34108,8110,405.45000000000005,1705.3500000000001
R006,CNO,T2_SD_CNO,2026_06_22_merged.mat,TEST,2,34109,8111,405.5000000000001,1705.4
R006,CNO,T2_SD_CNO,2026_06_22_merged.mat,TEST,2,34110,8112,405.55000000000007,1705.4500000000003
R006,CNO,T2_SD_CNO,2026_06_22_merged.mat,TEST,2,34111,8113,405.6000000000001,1705.5000000000002
R006,CNO,T2_SD_CNO,2026_06_22_merged.mat,TEST,2,34112,8114,405.6500000000001,1705.5500000000002
R006,CNO,T2_SD_CNO,2026_06_22_merged.mat,TEST,2,34113,8115,405.70000000000005,1705.6000000000001
R006,CNO,T2_SD_CNO,2026_06_22_merged.mat,TEST,1,34118,8120,405.95000000000005,1705.8500000000001
R006,CNO,T2_SD_CNO,2026_06_22_merged.mat,TEST,1,34127,8129,406.4000000000001,1706.3000000000002
R006,CNO,T2_SD_CNO,2026_06_22_merged.mat,TEST,1,34128,8130,406.45000000000005,1706.3500000000001
R006,CNO,T2_SD_CNO,2026_06_22_merged.mat,TEST,1,34129,8131,406.5000000000001,1706.4
R006,CNO,T2_SD_CNO,2026_06_22_merged.mat,TEST,1,34130,8132,406.55000000000007,1706.4500000000003
R006,CNO,T2_SD_CNO,2026_06_22_merged.mat,TEST,1,34131,8133,406.6000000000001,1706.5000000000002
R006,CNO,T2_SD_CNO,2026_06_22_merged.mat,TEST,1,34132,8134,406.6500000000001,1706.5500000000002
R006,CNO,T2_SD_CNO,2026_06_22_merged.mat,TEST,1,34133,8135,406.70000000000005,1706.6000000000001
R006,CNO,T2_SD_CNO,2026_06_22_merged.mat,TEST,1,34134,8136,406.7500000000001,1706.65
R006,CNO,T2_SD_CNO,2026_06_22_merged.mat,TEST,2,34144,8146,407.2500000000001,1707.15
R006,CNO,T2_SD_CNO,2026_06_22_merged.mat,TEST,2,34145,8147,407.30000000000007,1707.2000000000003
R006,CNO,T2_SD_CNO,2026_06_22_merged.mat,TEST,2,34153,8155,407.70000000000005,1707.6000000000001
R006,CNO,T2_SD_CNO,2026_06_22_merged.mat,TEST,2,34154,8156,407.7500000000001,1707.65
R006,CNO,T2_SD_CNO,2026_06_22_merged.mat,TEST,2,34155,8157,407.80000000000007,1707.7000000000003
R006,CNO,T2_SD_CNO,2026_06_22_merged.mat,TEST,2,34156,8158,407.8500000000001,1707.7500000000002
R006,CNO,T2_SD_CNO,2026_06_22_merged.mat,TEST,2,34157,8159,407.9000000000001,1707.8000000000002
R006,CNO,T2_SD_CNO,2026_06_22_merged.mat,TEST,2,34158,8160,407.95000000000005,1707.8500000000001
R006,CNO,T2_SD_CNO,2026_06_22_merged.mat,TEST,2,34159,8161,408.0000000000001,1707.9
R006,CNO,T2_SD_CNO,2026_06_22_merged.mat,TEST,2,34160,8162,408.05000000000007,1707.9500000000003
R006,CNO,T2_SD_CNO,2026_06_22_merged.mat,TEST,2,34162,8164,408.1500000000001,1708.0500000000002
R006,CNO,T2_SD_CNO,2026_06_22_merged.mat,TEST,2,34163,8165,408.20000000000005,1708.1000000000001
R006,CNO,T2_SD_CNO,2026_06_22_merged.mat,TEST,2,34164,8166,408.2500000000001,1708.15
R006,CNO,T2_SD_CNO,2026_06_22_merged.mat,TEST,1,34175,8177,408.80000000000007,1708.7000000000003
R006,CNO,T2_SD_CNO,2026_06_22_merged.mat,TEST,1,34176,8178,408.8500000000001,1708.7500000000002
R006,CNO,T2_SD_CNO,2026_06_22_merged.mat,TEST,1,34177,8179,408.9000000000001,1708.8000000000002
R006,CNO,T2_SD_CNO,2026_06_22_merged.mat,TEST,1,34178,8180,408.95000000000005,1708.8500000000001
R006,CNO,T2_SD_CNO,2026_06_22_merged.mat,TEST,1,34197,8199,409.9000000000001,1709.8000000000002
R006,CNO,T2_SD_CNO,2026_06_22_merged.mat,TEST,1,34198,8200,409.95000000000005,1709.8500000000001
R006,CNO,T2_SD_CNO,2026_06_22_merged.mat,TEST,2,34202,8204,410.1500000000001,1710.0500000000002
R006,CNO,T2_SD_CNO,2026_06_22_merged.mat,TEST,2,34203,8205,410.20000000000005,1710.1000000000001
R006,CNO,T2_SD_CNO,2026_06_22_merged.mat,TEST,2,34204,8206,410.2500000000001,1710.15
R006,CNO,T2_SD_CNO,2026_06_22_merged.mat,TEST,2,34205,8207,410.30000000000007,1710.2000000000003
R006,CNO,T2_SD_CNO,2026_06_22_merged.mat,TEST,2,34206,8208,410.3500000000001,1710.2500000000002
R006,CNO,T2_SD_CNO,2026_06_22_merged.mat,TEST,2,34207,8209,410.4000000000001,1710.3000000000002
R006,CNO,T2_SD_CNO,2026_06_22_merged.mat,TEST,2,34208,8210,410.45000000000005,1710.3500000000001
R006,CNO,T2_SD_CNO,2026_06_22_merged.mat,TEST,2,34209,8211,410.5000000000001,1710.4
R006,CNO,T2_SD_CNO,2026_06_22_merged.mat,TEST,2,34210,8212,410.55000000000007,1710.4500000000003
R006,CNO,T2_SD_CNO,2026_06_22_merged.mat,TEST,2,34211,8213,410.6000000000001,1710.5000000000002
R006,CNO,T2_SD_CNO,2026_06_22_merged.mat,TEST,2,34212,8214,410.6500000000001,1710.5500000000002
R006,CNO,T2_SD_CNO,2026_06_22_merged.mat,TEST,2,34213,8215,410.70000000000005,1710.6000000000001
R006,CNO,T2_SD_CNO,2026_06_22_merged.mat,TEST,1,34214,8216,410.7500000000001,1710.65
R006,CNO,T2_SD_CNO,2026_06_22_merged.mat,TEST,1,34215,8217,410.80000000000007,1710.7000000000003
R006,CNO,T2_SD_CNO,2026_06_22_merged.mat,TEST,1,34218,8220,410.95000000000005,1710.8500000000001
R006,CNO,T2_SD_CNO,2026_06_22_merged.mat,TEST,1,34219,8221,411.0000000000001,1710.9
R006,CNO,T2_SD_CNO,2026_06_22_merged.mat,TEST,1,34220,8222,411.05000000000007,1710.9500000000003
R006,CNO,T2_SD_CNO,2026_06_22_merged.mat,TEST,1,34221,8223,411.1000000000001,1711.0000000000002
R006,CNO,T2_SD_CNO,2026_06_22_merged.mat,TEST,1,34248,8250,412.45000000000005,1712.3500000000001
R006,CNO,T2_SD_CNO,2026_06_22_merged.mat,TEST,1,34249,8251,412.5000000000001,1712.4
R006,CNO,T2_SD_CNO,2026_06_22_merged.mat,TEST,1,34250,8252,412.55000000000007,1712.4500000000003
R006,CNO,T2_SD_CNO,2026_06_22_merged.mat,TEST,1,34251,8253,412.6000000000001,1712.5000000000002
R006,CNO,T2_SD_CNO,2026_06_22_merged.mat,TEST,1,34252,8254,412.6500000000001,1712.5500000000002
R006,CNO,T2_SD_CNO,2026_06_22_merged.mat,TEST,2,34296,8298,414.8500000000001,1714.7500000000002
R006,CNO,T2_SD_CNO,2026_06_22_merged.mat,TEST,2,34312,8314,415.6500000000001,1715.5500000000002
R006,CNO,T2_SD_CNO,2026_06_22_merged.mat,TEST,2,34313,8315,415.70000000000005,1715.6000000000001
R006,CNO,T2_SD_CNO,2026_06_22_merged.mat,TEST,2,34314,8316,415.7500000000001,1715.65
R006,CNO,T2_SD_CNO,2026_06_22_merged.mat,TEST,2,34315,8317,415.80000000000007,1715.7000000000003
R006,CNO,T2_SD_CNO,2026_06_22_merged.mat,TEST,2,34316,8318,415.8500000000001,1715.7500000000002
R006,CNO,T2_SD_CNO,2026_06_22_merged.mat,TEST,2,34317,8319,415.9000000000001,1715.8000000000002
R006,CNO,T2_SD_CNO,2026_06_22_merged.mat,TEST,1,34350,8352,417.55000000000007,1717.4500000000003
R006,CNO,T2_SD_CNO,2026_06_22_merged.mat,TEST,1,34351,8353,417.6000000000001,1717.5000000000002
R006,CNO,T2_SD_CNO,2026_06_22_merged.mat,TEST,1,34352,8354,417.6500000000001,1717.5500000000002
R006,CNO,T2_SD_CNO,2026_06_22_merged.mat,TEST,1,34353,8355,417.70000000000005,1717.6000000000001
R006,CNO,T2_SD_CNO,2026_06_22_merged.mat,TEST,1,34354,8356,417.7500000000001,1717.65
R006,CNO,T2_SD_CNO,2026_06_22_merged.mat,TEST,1,34355,8357,417.80000000000007,1717.7000000000003
R006,CNO,T2_SD_CNO,2026_06_22_merged.mat,TEST,1,34356,8358,417.8500000000001,1717.7500000000002
R006,CNO,T2_SD_CNO,2026_06_22_merged.mat,TEST,1,34357,8359,417.9000000000001,1717.8000000000002
R006,CNO,T2_SD_CNO,2026_06_22_merged.mat,TEST,1,34366,8368,418.3500000000001,1718.2500000000002
R006,CNO,T2_SD_CNO,2026_06_22_merged.mat,TEST,1,34367,8369,418.4000000000001,1718.3000000000002
R006,CNO,T2_SD_CNO,2026_06_22_merged.mat,TEST,1,34368,8370,418.45000000000005,1718.3500000000001
R006,CNO,T2_SD_CNO,2026_06_22_merged.mat,TEST,1,34376,8378,418.8500000000001,1718.7500000000002
R006,CNO,T2_SD_CNO,2026_06_22_merged.mat,TEST,1,34377,8379,418.9000000000001,1718.8000000000002
R006,CNO,T2_SD_CNO,2026_06_22_merged.mat,TEST,1,34382,8384,419.1500000000001,1719.0500000000002
R006,CNO,T2_SD_CNO,2026_06_22_merged.mat,TEST,1,34383,8385,419.20000000000005,1719.1000000000001
R006,CNO,T2_SD_CNO,2026_06_22_merged.mat,TEST,1,34384,8386,419.2500000000001,1719.15
R006,CNO,T2_SD_CNO,2026_06_22_merged.mat,TEST,1,34385,8387,419.30000000000007,1719.2000000000003
R006,CNO,T2_SD_CNO,2026_06_22_merged.mat,TEST,1,34386,8388,419.3500000000001,1719.2500000000002
R006,CNO,T2_SD_CNO,2026_06_22_merged.mat,TEST,1,34387,8389,419.4000000000001,1719.3000000000002
R006,CNO,T2_SD_CNO,2026_06_22_merged.mat,TEST,1,34388,8390,419.45000000000005,1719.3500000000001
R006,CNO,T2_SD_CNO,2026_06_22_merged.mat,TEST,1,34389,8391,419.5000000000001,1719.4
R006,CNO,T2_SD_CNO,2026_06_22_merged.mat,TEST,1,34398,8400,419.95000000000005,1719.8500000000001
R006,CNO,T2_SD_CNO,2026_06_22_merged.mat,TEST,1,34406,8408,420.3500000000001,1720.2500000000002
R006,CNO,T2_SD_CNO,2026_06_22_merged.mat,TEST,1,34407,8409,420.4000000000001,1720.3000000000002
R006,CNO,T2_SD_CNO,2026_06_22_merged.mat,TEST,1,34408,8410,420.45000000000005,1720.3500000000001
R006,CNO,T2_SD_CNO,2026_06_22_merged.mat,TEST,1,34409,8411,420.5000000000001,1720.4
R006,CNO,T2_SD_CNO,2026_06_22_merged.mat,TEST,1,34410,8412,420.55000000000007,1720.4500000000003
R006,CNO,T2_SD_CNO,2026_06_22_merged.mat,TEST,1,34411,8413,420.6000000000001,1720.5000000000002
R006,CNO,T2_SD_CNO,2026_06_22_merged.mat,TEST,1,34412,8414,420.6500000000001,1720.5500000000002
R006,CNO,T2_SD_CNO,2026_06_22_merged.mat,TEST,1,34413,8415,420.70000000000005,1720.6000000000001
R006,CNO,T2_SD_CNO,2026_06_22_merged.mat,TEST,1,34414,8416,420.7500000000001,1720.65
R006,CNO,T2_SD_CNO,2026_06_22_merged.mat,TEST,1,34415,8417,420.80000000000007,1720.7000000000003
R006,CNO,T2_SD_CNO,2026_06_22_merged.mat,TEST,1,34417,8419,420.9000000000001,1720.8000000000002
R006,CNO,T2_SD_CNO,2026_06_22_merged.mat,TEST,1,34423,8425,421.20000000000005,1721.1000000000001
R006,CNO,T2_SD_CNO,2026_06_22_merged.mat,TEST,1,34424,8426,421.2500000000001,1721.15
R006,CNO,T2_SD_CNO,2026_06_22_merged.mat,TEST,1,34425,8427,421.30000000000007,1721.2000000000003
R006,CNO,T2_SD_CNO,2026_06_22_merged.mat,TEST,1,34426,8428,421.3500000000001,1721.2500000000002
R006,CNO,T2_SD_CNO,2026_06_22_merged.mat,TEST,1,34427,8429,421.4000000000001,1721.3000000000002
R006,CNO,T2_SD_CNO,2026_06_22_merged.mat,TEST,1,34429,8431,421.5000000000001,1721.4
R006,CNO,T2_SD_CNO,2026_06_22_merged.mat,TEST,1,34430,8432,421.55000000000007,1721.4500000000003
R006,CNO,T2_SD_CNO,2026_06_22_merged.mat,TEST,1,34431,8433,421.6000000000001,1721.5000000000002
R006,CNO,T2_SD_CNO,2026_06_22_merged.mat,TEST,1,34432,8434,421.6500000000001,1721.5500000000002
R006,CNO,T2_SD_CNO,2026_06_22_merged.mat,TEST,1,34438,8440,421.95000000000005,1721.8500000000001
R006,CNO,T2_SD_CNO,2026_06_22_merged.mat,TEST,1,34443,8445,422.20000000000005,1722.1000000000001
R006,CNO,T2_SD_CNO,2026_06_22_merged.mat,TEST,1,34444,8446,422.2500000000001,1722.15
R006,CNO,T2_SD_CNO,2026_06_22_merged.mat,TEST,1,34445,8447,422.30000000000007,1722.2000000000003
R006,CNO,T2_SD_CNO,2026_06_22_merged.mat,TEST,1,34455,8457,422.80000000000007,1722.7000000000003
R006,CNO,T2_SD_CNO,2026_06_22_merged.mat,TEST,1,34456,8458,422.8500000000001,1722.7500000000002
R006,CNO,T2_SD_CNO,2026_06_22_merged.mat,TEST,1,34457,8459,422.9000000000001,1722.8000000000002
R006,CNO,T2_SD_CNO,2026_06_22_merged.mat,TEST,1,34458,8460,422.95000000000005,1722.8500000000001
R006,CNO,T2_SD_CNO,2026_06_22_merged.mat,TEST,1,34465,8467,423.30000000000007,1723.2000000000003
R006,CNO,T2_SD_CNO,2026_06_22_merged.mat,TEST,1,34466,8468,423.3500000000001,1723.2500000000002
R006,CNO,T2_SD_CNO,2026_06_22_merged.mat,TEST,1,34467,8469,423.4000000000001,1723.3000000000002
R006,CNO,T2_SD_CNO,2026_06_22_merged.mat,TEST,1,34468,8470,423.45000000000005,1723.3500000000001
R006,CNO,T2_SD_CNO,2026_06_22_merged.mat,TEST,1,34469,8471,423.5000000000001,1723.4
R006,CNO,T2_SD_CNO,2026_06_22_merged.mat,TEST,1,34487,8489,424.4000000000001,1724.3000000000002
R006,CNO,T2_SD_CNO,2026_06_22_merged.mat,TEST,1,34488,8490,424.45000000000005,1724.3500000000001
R006,CNO,T2_SD_CNO,2026_06_22_merged.mat,TEST,1,34489,8491,424.5000000000001,1724.4
R006,CNO,T2_SD_CNO,2026_06_22_merged.mat,TEST,1,34490,8492,424.55000000000007,1724.4500000000003
R006,CNO,T2_SD_CNO,2026_06_22_merged.mat,TEST,1,34491,8493,424.6000000000001,1724.5000000000002
R006,CNO,T2_SD_CNO,2026_06_22_merged.mat,TEST,1,34528,8530,426.45000000000005,1726.3500000000001
R006,CNO,T2_SD_CNO,2026_06_22_merged.mat,TEST,1,34529,8531,426.5000000000001,1726.4
R006,CNO,T2_SD_CNO,2026_06_22_merged.mat,TEST,1,34530,8532,426.55000000000007,1726.4500000000003
R006,CNO,T2_SD_CNO,2026_06_22_merged.mat,TEST,1,34531,8533,426.6000000000001,1726.5000000000002
R006,CNO,T2_SD_CNO,2026_06_22_merged.mat,TEST,1,34532,8534,426.6500000000001,1726.5500000000002
R006,CNO,T2_SD_CNO,2026_06_22_merged.mat,TEST,1,34533,8535,426.70000000000005,1726.6000000000001
R006,CNO,T2_SD_CNO,2026_06_22_merged.mat,TEST,1,34541,8543,427.1000000000001,1727.0000000000002
R006,CNO,T2_SD_CNO,2026_06_22_merged.mat,TEST,1,34542,8544,427.1500000000001,1727.0500000000002
R006,CNO,T2_SD_CNO,2026_06_22_merged.mat,TEST,2,34548,8550,427.45000000000005,1727.3500000000001
R006,CNO,T2_SD_CNO,2026_06_22_merged.mat,TEST,2,34549,8551,427.5000000000001,1727.4
R006,CNO,T2_SD_CNO,2026_06_22_merged.mat,TEST,1,34554,8556,427.7500000000001,1727.65
R006,CNO,T2_SD_CNO,2026_06_22_merged.mat,TEST,1,34555,8557,427.80000000000007,1727.7000000000003
R006,CNO,T2_SD_CNO,2026_06_22_merged.mat,TEST,1,34556,8558,427.8500000000001,1727.7500000000002
R006,CNO,T2_SD_CNO,2026_06_22_merged.mat,TEST,1,34557,8559,427.9000000000001,1727.8000000000002
R006,CNO,T2_SD_CNO,2026_06_22_merged.mat,TEST,1,34567,8569,428.4000000000001,1728.3000000000002
R006,CNO,T2_SD_CNO,2026_06_22_merged.mat,TEST,2,34572,8574,428.6500000000001,1728.5500000000002
R006,CNO,T2_SD_CNO,2026_06_22_merged.mat,TEST,2,34573,8575,428.70000000000005,1728.6000000000001
R006,CNO,T2_SD_CNO,2026_06_22_merged.mat,TEST,2,34574,8576,428.7500000000001,1728.65
R006,CNO,T2_SD_CNO,2026_06_22_merged.mat,TEST,2,34575,8577,428.80000000000007,1728.7000000000003
R006,CNO,T2_SD_CNO,2026_06_22_merged.mat,TEST,1,34615,8617,430.80000000000007,1730.7000000000003
R006,CNO,T2_SD_CNO,2026_06_22_merged.mat,TEST,1,34616,8618,430.8500000000001,1730.7500000000002
R006,CNO,T2_SD_CNO,2026_06_22_merged.mat,TEST,1,34617,8619,430.9000000000001,1730.8000000000002
R006,CNO,T2_SD_CNO,2026_06_22_merged.mat,TEST,1,34618,8620,430.95000000000005,1730.8500000000001
R006,CNO,T2_SD_CNO,2026_06_22_merged.mat,TEST,1,34619,8621,431.0000000000001,1730.9
R006,CNO,T2_SD_CNO,2026_06_22_merged.mat,TEST,1,34620,8622,431.05000000000007,1730.9500000000003
R006,CNO,T2_SD_CNO,2026_06_22_merged.mat,TEST,1,34621,8623,431.1000000000001,1731.0000000000002
R006,CNO,T2_SD_CNO,2026_06_22_merged.mat,TEST,1,34622,8624,431.1500000000001,1731.0500000000002
R006,CNO,T2_SD_CNO,2026_06_22_merged.mat,TEST,1,34623,8625,431.20000000000005,1731.1000000000001
R006,CNO,T2_SD_CNO,2026_06_22_merged.mat,TEST,1,34624,8626,431.2500000000001,1731.15
R006,CNO,T2_SD_CNO,2026_06_22_merged.mat,TEST,1,34625,8627,431.30000000000007,1731.2000000000003
R006,CNO,T2_SD_CNO,2026_06_22_merged.mat,TEST,1,34626,8628,431.3500000000001,1731.2500000000002
R006,CNO,T2_SD_CNO,2026_06_22_merged.mat,TEST,1,34627,8629,431.4000000000001,1731.3000000000002
R006,CNO,T2_SD_CNO,2026_06_22_merged.mat,TEST,1,34628,8630,431.45000000000005,1731.3500000000001
R006,CNO,T2_SD_CNO,2026_06_22_merged.mat,TEST,1,34630,8632,431.55000000000007,1731.4500000000003
R006,CNO,T2_SD_CNO,2026_06_22_merged.mat,TEST,1,34632,8634,431.6500000000001,1731.5500000000002
R006,CNO,T2_SD_CNO,2026_06_22_merged.mat,TEST,2,34636,8638,431.8500000000001,1731.7500000000002
R006,CNO,T2_SD_CNO,2026_06_22_merged.mat,TEST,2,34638,8640,431.95000000000005,1731.8500000000001
R006,CNO,T2_SD_CNO,2026_06_22_merged.mat,TEST,2,34639,8641,432.0000000000001,1731.9
R006,CNO,T2_SD_CNO,2026_06_22_merged.mat,TEST,1,34645,8647,432.30000000000007,1732.2000000000003
R006,CNO,T2_SD_CNO,2026_06_22_merged.mat,TEST,1,34646,8648,432.3500000000001,1732.2500000000002
R006,CNO,T2_SD_CNO,2026_06_22_merged.mat,TEST,1,34647,8649,432.4000000000001,1732.3000000000002
R006,CNO,T2_SD_CNO,2026_06_22_merged.mat,TEST,1,34648,8650,432.45000000000005,1732.3500000000001
R006,CNO,T2_SD_CNO,2026_06_22_merged.mat,TEST,2,34656,8658,432.8500000000001,1732.7500000000002
R006,CNO,T2_SD_CNO,2026_06_22_merged.mat,TEST,2,34657,8659,432.9000000000001,1732.8000000000002
R006,CNO,T2_SD_CNO,2026_06_22_merged.mat,TEST,2,34658,8660,432.95000000000005,1732.8500000000001
R006,CNO,T2_SD_CNO,2026_06_22_merged.mat,TEST,2,34659,8661,433.0000000000001,1732.9
R006,CNO,T2_SD_CNO,2026_06_22_merged.mat,TEST,2,34660,8662,433.05000000000007,1732.9500000000003
R006,CNO,T2_SD_CNO,2026_06_22_merged.mat,TEST,2,34661,8663,433.1000000000001,1733.0000000000002
R006,CNO,T2_SD_CNO,2026_06_22_merged.mat,TEST,2,34669,8671,433.5000000000001,1733.4
R006,CNO,T2_SD_CNO,2026_06_22_merged.mat,TEST,2,34670,8672,433.55000000000007,1733.4500000000003
R006,CNO,T2_SD_CNO,2026_06_22_merged.mat,TEST,2,34671,8673,433.6000000000001,1733.5000000000002
R006,CNO,T2_SD_CNO,2026_06_22_merged.mat,TEST,2,34672,8674,433.6500000000001,1733.5500000000002
R006,CNO,T2_SD_CNO,2026_06_22_merged.mat,TEST,2,34688,8690,434.45000000000005,1734.3500000000001
R006,CNO,T2_SD_CNO,2026_06_22_merged.mat,TEST,2,34689,8691,434.5000000000001,1734.4
R006,CNO,T2_SD_CNO,2026_06_22_merged.mat,TEST,2,34690,8692,434.55000000000007,1734.4500000000003
R006,CNO,T2_SD_CNO,2026_06_22_merged.mat,TEST,2,34691,8693,434.6000000000001,1734.5000000000002
R006,CNO,T2_SD_CNO,2026_06_22_merged.mat,TEST,2,34692,8694,434.6500000000001,1734.5500000000002
R006,CNO,T2_SD_CNO,2026_06_22_merged.mat,TEST,2,34693,8695,434.70000000000005,1734.6000000000001
R006,CNO,T2_SD_CNO,2026_06_22_merged.mat,TEST,2,34694,8696,434.7500000000001,1734.65
R006,CNO,T2_SD_CNO,2026_06_22_merged.mat,TEST,2,34695,8697,434.80000000000007,1734.7000000000003
R006,CNO,T2_SD_CNO,2026_06_22_merged.mat,TEST,2,34698,8700,434.95000000000005,1734.8500000000001
R006,CNO,T2_SD_CNO,2026_06_22_merged.mat,TEST,2,34712,8714,435.6500000000001,1735.5500000000002
R006,CNO,T2_SD_CNO,2026_06_22_merged.mat,TEST,2,34713,8715,435.70000000000005,1735.6000000000001
R006,CNO,T2_SD_CNO,2026_06_22_merged.mat,TEST,2,34714,8716,435.7500000000001,1735.65
R006,CNO,T2_SD_CNO,2026_06_22_merged.mat,TEST,2,34715,8717,435.80000000000007,1735.7000000000003
R006,CNO,T2_SD_CNO,2026_06_22_merged.mat,TEST,2,34716,8718,435.8500000000001,1735.7500000000002
R006,CNO,T2_SD_CNO,2026_06_22_merged.mat,TEST,2,34720,8722,436.05000000000007,1735.9500000000003
R006,CNO,T2_SD_CNO,2026_06_22_merged.mat,TEST,2,34721,8723,436.1000000000001,1736.0000000000002
R006,CNO,T2_SD_CNO,2026_06_22_merged.mat,TEST,2,34722,8724,436.1500000000001,1736.0500000000002
R006,CNO,T2_SD_CNO,2026_06_22_merged.mat,TEST,2,34723,8725,436.20000000000005,1736.1000000000001
R006,CNO,T2_SD_CNO,2026_06_22_merged.mat,TEST,2,34724,8726,436.2500000000001,1736.15
R006,CNO,T2_SD_CNO,2026_06_22_merged.mat,TEST,2,34725,8727,436.30000000000007,1736.2000000000003
R006,CNO,T2_SD_CNO,2026_06_22_merged.mat,TEST,1,34740,8742,437.05000000000007,1736.9500000000003
R006,CNO,T2_SD_CNO,2026_06_22_merged.mat,TEST,1,34741,8743,437.1000000000001,1737.0000000000002
R006,CNO,T2_SD_CNO,2026_06_22_merged.mat,TEST,1,34742,8744,437.1500000000001,1737.0500000000002
R006,CNO,T2_SD_CNO,2026_06_22_merged.mat,TEST,1,34743,8745,437.20000000000005,1737.1000000000001
R006,CNO,T2_SD_CNO,2026_06_22_merged.mat,TEST,1,34744,8746,437.2500000000001,1737.15
R006,CNO,T2_SD_CNO,2026_06_22_merged.mat,TEST,1,34753,8755,437.70000000000005,1737.6000000000001
R006,CNO,T2_SD_CNO,2026_06_22_merged.mat,TEST,1,34754,8756,437.7500000000001,1737.65
R006,CNO,T2_SD_CNO,2026_06_22_merged.mat,TEST,1,34755,8757,437.80000000000007,1737.7000000000003
R006,CNO,T2_SD_CNO,2026_06_22_merged.mat,TEST,1,34756,8758,437.8500000000001,1737.7500000000002
R006,CNO,T2_SD_CNO,2026_06_22_merged.mat,TEST,1,34757,8759,437.9000000000001,1737.8000000000002
R006,CNO,T2_SD_CNO,2026_06_22_merged.mat,TEST,1,34776,8778,438.8500000000001,1738.7500000000002
R006,CNO,T2_SD_CNO,2026_06_22_merged.mat,TEST,1,34777,8779,438.9000000000001,1738.8000000000002
R006,CNO,T2_SD_CNO,2026_06_22_merged.mat,TEST,1,34778,8780,438.95000000000005,1738.8500000000001
R006,CNO,T2_SD_CNO,2026_06_22_merged.mat,TEST,1,34791,8793,439.6000000000001,1739.5000000000002
R006,CNO,T2_SD_CNO,2026_06_22_merged.mat,TEST,1,34814,8816,440.7500000000001,1740.65
R006,CNO,T2_SD_CNO,2026_06_22_merged.mat,TEST,1,34824,8826,441.2500000000001,1741.15
R006,CNO,T2_SD_CNO,2026_06_22_merged.mat,TEST,1,34825,8827,441.30000000000007,1741.2000000000003
R006,CNO,T2_SD_CNO,2026_06_22_merged.mat,TEST,1,34826,8828,441.3500000000001,1741.2500000000002
R006,CNO,T2_SD_CNO,2026_06_22_merged.mat,TEST,1,34827,8829,441.4000000000001,1741.3000000000002
R006,CNO,T2_SD_CNO,2026_06_22_merged.mat,TEST,1,34828,8830,441.45000000000005,1741.3500000000001
R006,CNO,T2_SD_CNO,2026_06_22_merged.mat,TEST,2,34833,8835,441.70000000000005,1741.6000000000001
R006,CNO,T2_SD_CNO,2026_06_22_merged.mat,TEST,2,34834,8836,441.7500000000001,1741.65
R006,CNO,T2_SD_CNO,2026_06_22_merged.mat,TEST,1,34891,8893,444.6000000000001,1744.5000000000002
R006,CNO,T2_SD_CNO,2026_06_22_merged.mat,TEST,1,34930,8932,446.55000000000007,1746.4500000000003
R006,CNO,T2_SD_CNO,2026_06_22_merged.mat,TEST,1,34977,8979,448.9000000000001,1748.8000000000002
R006,CNO,T2_SD_CNO,2026_06_22_merged.mat,TEST,1,34978,8980,448.95000000000005,1748.8500000000001
R006,CNO,T2_SD_CNO,2026_06_22_merged.mat,TEST,1,34979,8981,449.0000000000001,1748.9
R006,CNO,T2_SD_CNO,2026_06_22_merged.mat,TEST,1,34987,8989,449.4000000000001,1749.3000000000002
R006,CNO,T2_SD_CNO,2026_06_22_merged.mat,TEST,1,34988,8990,449.45000000000005,1749.3500000000001
R006,CNO,T2_SD_CNO,2026_06_22_merged.mat,TEST,1,34989,8991,449.5000000000001,1749.4
R006,CNO,T2_SD_CNO,2026_06_22_merged.mat,TEST,1,34990,8992,449.55000000000007,1749.4500000000003
R006,CNO,T2_SD_CNO,2026_06_22_merged.mat,TEST,1,34991,8993,449.6000000000001,1749.5000000000002
R006,CNO,T2_SD_CNO,2026_06_22_merged.mat,TEST,1,34996,8998,449.8500000000001,1749.7500000000002
R006,CNO,T2_SD_CNO,2026_06_22_merged.mat,TEST,1,34997,8999,449.9000000000001,1749.8000000000002
R006,CNO,T2_SD_CNO,2026_06_22_merged.mat,TEST,1,34998,9000,449.95000000000005,1749.8500000000001
R006,CNO,T2_SD_CNO,2026_06_22_merged.mat,TEST,1,34999,9001,450.0000000000001,1749.9
R006,CNO,T2_SD_CNO,2026_06_22_merged.mat,TEST,1,35000,9002,450.05000000000007,1749.9500000000003
R006,CNO,T2_SD_CNO,2026_06_22_merged.mat,TEST,1,35001,9003,450.1000000000001,1750.0000000000002
R006,CNO,T2_SD_CNO,2026_06_22_merged.mat,TEST,1,35008,9010,450.45000000000005,1750.3500000000001
R006,CNO,T2_SD_CNO,2026_06_22_merged.mat,TEST,1,35009,9011,450.5000000000001,1750.4
R006,CNO,T2_SD_CNO,2026_06_22_merged.mat,TEST,1,35010,9012,450.55000000000007,1750.4500000000003
R006,CNO,T2_SD_CNO,2026_06_22_merged.mat,TEST,1,35011,9013,450.6000000000001,1750.5000000000002
R006,CNO,T2_SD_CNO,2026_06_22_merged.mat,TEST,2,35015,9017,450.80000000000007,1750.7000000000003
R006,CNO,T2_SD_CNO,2026_06_22_merged.mat,TEST,2,35016,9018,450.8500000000001,1750.7500000000002
R006,CNO,T2_SD_CNO,2026_06_22_merged.mat,TEST,1,35022,9024,451.1500000000001,1751.0500000000002
R006,CNO,T2_SD_CNO,2026_06_22_merged.mat,TEST,2,35048,9050,452.45000000000005,1752.3500000000001
R006,CNO,T2_SD_CNO,2026_06_22_merged.mat,TEST,2,35049,9051,452.5000000000001,1752.4
R006,CNO,T2_SD_CNO,2026_06_22_merged.mat,TEST,2,35050,9052,452.55000000000007,1752.4500000000003
R006,CNO,T2_SD_CNO,2026_06_22_merged.mat,TEST,2,35051,9053,452.6000000000001,1752.5000000000002
R006,CNO,T2_SD_CNO,2026_06_22_merged.mat,TEST,2,35052,9054,452.6500000000001,1752.5500000000002
R006,CNO,T2_SD_CNO,2026_06_22_merged.mat,TEST,2,35063,9065,453.20000000000005,1753.1000000000001
R006,CNO,T2_SD_CNO,2026_06_22_merged.mat,TEST,2,35064,9066,453.2500000000001,1753.15
R006,CNO,T2_SD_CNO,2026_06_22_merged.mat,TEST,2,35065,9067,453.30000000000007,1753.2000000000003
R006,CNO,T2_SD_CNO,2026_06_22_merged.mat,TEST,2,35066,9068,453.3500000000001,1753.2500000000002
R006,CNO,T2_SD_CNO,2026_06_22_merged.mat,TEST,2,35067,9069,453.4000000000001,1753.3000000000002
R006,CNO,T2_SD_CNO,2026_06_22_merged.mat,TEST,2,35068,9070,453.45000000000005,1753.3500000000001
R006,CNO,T2_SD_CNO,2026_06_22_merged.mat,TEST,2,35069,9071,453.5000000000001,1753.4
R006,CNO,T2_SD_CNO,2026_06_22_merged.mat,TEST,2,35070,9072,453.55000000000007,1753.4500000000003
R006,CNO,T2_SD_CNO,2026_06_22_merged.mat,TEST,2,35076,9078,453.8500000000001,1753.7500000000002
R006,CNO,T2_SD_CNO,2026_06_22_merged.mat,TEST,2,35077,9079,453.9000000000001,1753.8000000000002
R006,CNO,T2_SD_CNO,2026_06_22_merged.mat,TEST,2,35078,9080,453.95000000000005,1753.8500000000001
R006,CNO,T2_SD_CNO,2026_06_22_merged.mat,TEST,2,35079,9081,454.0000000000001,1753.9
R006,CNO,T2_SD_CNO,2026_06_22_merged.mat,TEST,2,35080,9082,454.05000000000007,1753.9500000000003
R006,CNO,T2_SD_CNO,2026_06_22_merged.mat,TEST,2,35081,9083,454.1000000000001,1754.0000000000002
R006,CNO,T2_SD_CNO,2026_06_22_merged.mat,TEST,2,35094,9096,454.7500000000001,1754.65
R006,CNO,T2_SD_CNO,2026_06_22_merged.mat,TEST,2,35095,9097,454.80000000000007,1754.7000000000003
R006,CNO,T2_SD_CNO,2026_06_22_merged.mat,TEST,2,35096,9098,454.8500000000001,1754.7500000000002
R006,CNO,T2_SD_CNO,2026_06_22_merged.mat,TEST,2,35097,9099,454.9000000000001,1754.8000000000002
R006,CNO,T2_SD_CNO,2026_06_22_merged.mat,TEST,2,35098,9100,454.95000000000005,1754.8500000000001
R006,CNO,T2_SD_CNO,2026_06_22_merged.mat,TEST,2,35099,9101,455.0000000000001,1754.9
R006,CNO,T2_SD_CNO,2026_06_22_merged.mat,TEST,1,35109,9111,455.5000000000001,1755.4
R006,CNO,T2_SD_CNO,2026_06_22_merged.mat,TEST,1,35110,9112,455.55000000000007,1755.4500000000003
R006,CNO,T2_SD_CNO,2026_06_22_merged.mat,TEST,1,35111,9113,455.6000000000001,1755.5000000000002
R006,CNO,T2_SD_CNO,2026_06_22_merged.mat,TEST,1,35112,9114,455.6500000000001,1755.5500000000002
R006,CNO,T2_SD_CNO,2026_06_22_merged.mat,TEST,1,35113,9115,455.70000000000005,1755.6000000000001
R006,CNO,T2_SD_CNO,2026_06_22_merged.mat,TEST,1,35114,9116,455.7500000000001,1755.65
R006,CNO,T2_SD_CNO,2026_06_22_merged.mat,TEST,1,35115,9117,455.80000000000007,1755.7000000000003
R006,CNO,T2_SD_CNO,2026_06_22_merged.mat,TEST,1,35116,9118,455.8500000000001,1755.7500000000002
R006,CNO,T2_SD_CNO,2026_06_22_merged.mat,TEST,1,35117,9119,455.9000000000001,1755.8000000000002
R006,CNO,T2_SD_CNO,2026_06_22_merged.mat,TEST,1,35118,9120,455.95000000000005,1755.8500000000001
R006,CNO,T2_SD_CNO,2026_06_22_merged.mat,TEST,1,35119,9121,456.0000000000001,1755.9
R006,CNO,T2_SD_CNO,2026_06_22_merged.mat,TEST,1,35120,9122,456.05000000000007,1755.9500000000003
R006,CNO,T2_SD_CNO,2026_06_22_merged.mat,TEST,2,35146,9148,457.3500000000001,1757.2500000000002
R006,CNO,T2_SD_CNO,2026_06_22_merged.mat,TEST,2,35147,9149,457.4000000000001,1757.3000000000002
R006,CNO,T2_SD_CNO,2026_06_22_merged.mat,TEST,2,35148,9150,457.45000000000005,1757.3500000000001
R006,CNO,T2_SD_CNO,2026_06_22_merged.mat,TEST,2,35149,9151,457.5000000000001,1757.4
R006,CNO,T2_SD_CNO,2026_06_22_merged.mat,TEST,2,35150,9152,457.55000000000007,1757.4500000000003
R006,CNO,T2_SD_CNO,2026_06_22_merged.mat,TEST,1,35183,9185,459.20000000000005,1759.1000000000001
R006,CNO,T2_SD_CNO,2026_06_22_merged.mat,TEST,1,35196,9198,459.8500000000001,1759.7500000000002
R006,CNO,T2_SD_CNO,2026_06_22_merged.mat,TEST,2,35204,9206,460.2500000000001,1760.15
R006,CNO,T2_SD_CNO,2026_06_22_merged.mat,TEST,2,35205,9207,460.30000000000007,1760.2000000000003
R006,CNO,T2_SD_CNO,2026_06_22_merged.mat,TEST,2,35206,9208,460.3500000000001,1760.2500000000002
R006,CNO,T2_SD_CNO,2026_06_22_merged.mat,TEST,2,35228,9230,461.45000000000005,1761.3500000000001
R006,CNO,T2_SD_CNO,2026_06_22_merged.mat,TEST,2,35229,9231,461.5000000000001,1761.4
R006,CNO,T2_SD_CNO,2026_06_22_merged.mat,TEST,2,35243,9245,462.20000000000005,1762.1000000000001
R006,CNO,T2_SD_CNO,2026_06_22_merged.mat,TEST,2,35244,9246,462.2500000000001,1762.15
R006,CNO,T2_SD_CNO,2026_06_22_merged.mat,TEST,2,35245,9247,462.30000000000007,1762.2000000000003
R006,CNO,T2_SD_CNO,2026_06_22_merged.mat,TEST,2,35246,9248,462.3500000000001,1762.2500000000002
R006,CNO,T2_SD_CNO,2026_06_22_merged.mat,TEST,2,35247,9249,462.4000000000001,1762.3000000000002
R006,CNO,T2_SD_CNO,2026_06_22_merged.mat,TEST,2,35248,9250,462.45000000000005,1762.3500000000001
R006,CNO,T2_SD_CNO,2026_06_22_merged.mat,TEST,2,35249,9251,462.5000000000001,1762.4
R006,CNO,T2_SD_CNO,2026_06_22_merged.mat,TEST,2,35250,9252,462.55000000000007,1762.4500000000003
R006,CNO,T2_SD_CNO,2026_06_22_merged.mat,TEST,2,35251,9253,462.6000000000001,1762.5000000000002
R006,CNO,T2_SD_CNO,2026_06_22_merged.mat,TEST,2,35252,9254,462.6500000000001,1762.5500000000002
R006,CNO,T2_SD_CNO,2026_06_22_merged.mat,TEST,2,35253,9255,462.70000000000005,1762.6000000000001
R006,CNO,T2_SD_CNO,2026_06_22_merged.mat,TEST,2,35254,9256,462.7500000000001,1762.65
R006,CNO,T2_SD_CNO,2026_06_22_merged.mat,TEST,2,35255,9257,462.80000000000007,1762.7000000000003
R006,CNO,T2_SD_CNO,2026_06_22_merged.mat,TEST,2,35256,9258,462.8500000000001,1762.7500000000002
R006,CNO,T2_SD_CNO,2026_06_22_merged.mat,TEST,1,35270,9272,463.55000000000007,1763.4500000000003
R006,CNO,T2_SD_CNO,2026_06_22_merged.mat,TEST,1,35271,9273,463.6000000000001,1763.5000000000002
R006,CNO,T2_SD_CNO,2026_06_22_merged.mat,TEST,2,35276,9278,463.8500000000001,1763.7500000000002
R006,CNO,T2_SD_CNO,2026_06_22_merged.mat,TEST,2,35277,9279,463.9000000000001,1763.8000000000002
R006,CNO,T2_SD_CNO,2026_06_22_merged.mat,TEST,1,35282,9284,464.1500000000001,1764.0500000000002
R006,CNO,T2_SD_CNO,2026_06_22_merged.mat,TEST,1,35283,9285,464.20000000000005,1764.1000000000001
R006,CNO,T2_SD_CNO,2026_06_22_merged.mat,TEST,1,35284,9286,464.2500000000001,1764.15
R006,CNO,T2_SD_CNO,2026_06_22_merged.mat,TEST,1,35285,9287,464.30000000000007,1764.2000000000003
R006,CNO,T2_SD_CNO,2026_06_22_merged.mat,TEST,1,35286,9288,464.3500000000001,1764.2500000000002
R006,CNO,T2_SD_CNO,2026_06_22_merged.mat,TEST,1,35287,9289,464.4000000000001,1764.3000000000002
R006,CNO,T2_SD_CNO,2026_06_22_merged.mat,TEST,2,35298,9300,464.95000000000005,1764.8500000000001
R006,CNO,T2_SD_CNO,2026_06_22_merged.mat,TEST,2,35299,9301,465.0000000000001,1764.9
R006,CNO,T2_SD_CNO,2026_06_22_merged.mat,TEST,2,35300,9302,465.05000000000007,1764.9500000000003
R006,CNO,T2_SD_CNO,2026_06_22_merged.mat,TEST,2,35301,9303,465.1000000000001,1765.0000000000002
R006,CNO,T2_SD_CNO,2026_06_22_merged.mat,TEST,2,35310,9312,465.55000000000007,1765.4500000000003
R006,CNO,T2_SD_CNO,2026_06_22_merged.mat,TEST,2,35311,9313,465.6000000000001,1765.5000000000002
R006,CNO,T2_SD_CNO,2026_06_22_merged.mat,TEST,2,35312,9314,465.6500000000001,1765.5500000000002
R006,CNO,T2_SD_CNO,2026_06_22_merged.mat,TEST,2,35318,9320,465.95000000000005,1765.8500000000001
R006,CNO,T2_SD_CNO,2026_06_22_merged.mat,TEST,2,35319,9321,466.0000000000001,1765.9
R006,CNO,T2_SD_CNO,2026_06_22_merged.mat,TEST,2,35320,9322,466.05000000000007,1765.9500000000003
R006,CNO,T2_SD_CNO,2026_06_22_merged.mat,TEST,2,35321,9323,466.1000000000001,1766.0000000000002
R006,CNO,T2_SD_CNO,2026_06_22_merged.mat,TEST,2,35322,9324,466.1500000000001,1766.0500000000002
R006,CNO,T2_SD_CNO,2026_06_22_merged.mat,TEST,2,35323,9325,466.20000000000005,1766.1000000000001
R006,CNO,T2_SD_CNO,2026_06_22_merged.mat,TEST,2,35324,9326,466.2500000000001,1766.15
R006,CNO,T2_SD_CNO,2026_06_22_merged.mat,TEST,2,35331,9333,466.6000000000001,1766.5000000000002
R006,CNO,T2_SD_CNO,2026_06_22_merged.mat,TEST,2,35332,9334,466.6500000000001,1766.5500000000002
R006,CNO,T2_SD_CNO,2026_06_22_merged.mat,TEST,2,35333,9335,466.70000000000005,1766.6000000000001
R006,CNO,T2_SD_CNO,2026_06_22_merged.mat,TEST,2,35334,9336,466.7500000000001,1766.65
R006,CNO,T2_SD_CNO,2026_06_22_merged.mat,TEST,2,35335,9337,466.80000000000007,1766.7000000000003
R006,CNO,T2_SD_CNO,2026_06_22_merged.mat,TEST,2,35336,9338,466.8500000000001,1766.7500000000002
R006,CNO,T2_SD_CNO,2026_06_22_merged.mat,TEST,2,35337,9339,466.9000000000001,1766.8000000000002
R006,CNO,T2_SD_CNO,2026_06_22_merged.mat,TEST,2,35341,9343,467.1000000000001,1767.0000000000002
R006,CNO,T2_SD_CNO,2026_06_22_merged.mat,TEST,2,35342,9344,467.1500000000001,1767.0500000000002
R006,CNO,T2_SD_CNO,2026_06_22_merged.mat,TEST,2,35343,9345,467.20000000000005,1767.1000000000001
R006,CNO,T2_SD_CNO,2026_06_22_merged.mat,TEST,2,35344,9346,467.2500000000001,1767.15
R006,CNO,T2_SD_CNO,2026_06_22_merged.mat,TEST,2,35345,9347,467.30000000000007,1767.2000000000003
R006,CNO,T2_SD_CNO,2026_06_22_merged.mat,TEST,2,35351,9353,467.6000000000001,1767.5000000000002
R006,CNO,T2_SD_CNO,2026_06_22_merged.mat,TEST,2,35352,9354,467.6500000000001,1767.5500000000002
R006,CNO,T2_SD_CNO,2026_06_22_merged.mat,TEST,2,35353,9355,467.70000000000005,1767.6000000000001
R006,CNO,T2_SD_CNO,2026_06_22_merged.mat,TEST,2,35354,9356,467.7500000000001,1767.65
R006,CNO,T2_SD_CNO,2026_06_22_merged.mat,TEST,1,35361,9363,468.1000000000001,1768.0000000000002
R006,CNO,T2_SD_CNO,2026_06_22_merged.mat,TEST,2,35366,9368,468.3500000000001,1768.2500000000002
R006,CNO,T2_SD_CNO,2026_06_22_merged.mat,TEST,2,35367,9369,468.4000000000001,1768.3000000000002
R006,CNO,T2_SD_CNO,2026_06_22_merged.mat,TEST,1,35374,9376,468.7500000000001,1768.65
R006,CNO,T2_SD_CNO,2026_06_22_merged.mat,TEST,1,35375,9377,468.80000000000007,1768.7000000000003
R006,CNO,T2_SD_CNO,2026_06_22_merged.mat,TEST,1,35376,9378,468.8500000000001,1768.7500000000002
R006,CNO,T2_SD_CNO,2026_06_22_merged.mat,TEST,1,35377,9379,468.9000000000001,1768.8000000000002
R006,CNO,T2_SD_CNO,2026_06_22_merged.mat,TEST,2,35390,9392,469.55000000000007,1769.4500000000003
R006,CNO,T2_SD_CNO,2026_06_22_merged.mat,TEST,2,35391,9393,469.6000000000001,1769.5000000000002
R006,CNO,T2_SD_CNO,2026_06_22_merged.mat,TEST,2,35392,9394,469.6500000000001,1769.5500000000002
R006,CNO,T2_SD_CNO,2026_06_22_merged.mat,TEST,2,35401,9403,470.1000000000001,1770.0000000000002
R006,CNO,T2_SD_CNO,2026_06_22_merged.mat,TEST,2,35402,9404,470.1500000000001,1770.0500000000002
R006,CNO,T2_SD_CNO,2026_06_22_merged.mat,TEST,2,35403,9405,470.20000000000005,1770.1000000000001
R006,CNO,T2_SD_CNO,2026_06_22_merged.mat,TEST,2,35404,9406,470.2500000000001,1770.15
R006,CNO,T2_SD_CNO,2026_06_22_merged.mat,TEST,2,35405,9407,470.30000000000007,1770.2000000000003
R006,CNO,T2_SD_CNO,2026_06_22_merged.mat,TEST,2,35406,9408,470.3500000000001,1770.2500000000002
R006,CNO,T2_SD_CNO,2026_06_22_merged.mat,TEST,2,35407,9409,470.4000000000001,1770.3000000000002
R006,CNO,T2_SD_CNO,2026_06_22_merged.mat,TEST,2,35408,9410,470.45000000000005,1770.3500000000001
R006,CNO,T2_SD_CNO,2026_06_22_merged.mat,TEST,2,35409,9411,470.5000000000001,1770.4
R006,CNO,T2_SD_CNO,2026_06_22_merged.mat,TEST,2,35410,9412,470.55000000000007,1770.4500000000003
R006,CNO,T2_SD_CNO,2026_06_22_merged.mat,TEST,2,35411,9413,470.6000000000001,1770.5000000000002
R006,CNO,T2_SD_CNO,2026_06_22_merged.mat,TEST,2,35412,9414,470.6500000000001,1770.5500000000002
R006,CNO,T2_SD_CNO,2026_06_22_merged.mat,TEST,2,35413,9415,470.70000000000005,1770.6000000000001
R006,CNO,T2_SD_CNO,2026_06_22_merged.mat,TEST,2,35432,9434,471.6500000000001,1771.5500000000002
R006,CNO,T2_SD_CNO,2026_06_22_merged.mat,TEST,2,35433,9435,471.70000000000005,1771.6000000000001
R006,CNO,T2_SD_CNO,2026_06_22_merged.mat,TEST,2,35434,9436,471.7500000000001,1771.65
R006,CNO,T2_SD_CNO,2026_06_22_merged.mat,TEST,2,35435,9437,471.80000000000007,1771.7000000000003
R006,CNO,T2_SD_CNO,2026_06_22_merged.mat,TEST,2,35436,9438,471.8500000000001,1771.7500000000002
R006,CNO,T2_SD_CNO,2026_06_22_merged.mat,TEST,2,35442,9444,472.1500000000001,1772.0500000000002
R006,CNO,T2_SD_CNO,2026_06_22_merged.mat,TEST,2,35443,9445,472.20000000000005,1772.1000000000001
R006,CNO,T2_SD_CNO,2026_06_22_merged.mat,TEST,2,35444,9446,472.2500000000001,1772.15
R006,CNO,T2_SD_CNO,2026_06_22_merged.mat,TEST,2,35445,9447,472.30000000000007,1772.2000000000003
R006,CNO,T2_SD_CNO,2026_06_22_merged.mat,TEST,2,35446,9448,472.3500000000001,1772.2500000000002
R006,CNO,T2_SD_CNO,2026_06_22_merged.mat,TEST,2,35447,9449,472.4000000000001,1772.3000000000002
R006,CNO,T2_SD_CNO,2026_06_22_merged.mat,TEST,2,35453,9455,472.70000000000005,1772.6000000000001
R006,CNO,T2_SD_CNO,2026_06_22_merged.mat,TEST,2,35454,9456,472.7500000000001,1772.65
R006,CNO,T2_SD_CNO,2026_06_22_merged.mat,TEST,2,35455,9457,472.80000000000007,1772.7000000000003
R006,CNO,T2_SD_CNO,2026_06_22_merged.mat,TEST,2,35456,9458,472.8500000000001,1772.7500000000002
R006,CNO,T2_SD_CNO,2026_06_22_merged.mat,TEST,2,35457,9459,472.9000000000001,1772.8000000000002
R006,CNO,T2_SD_CNO,2026_06_22_merged.mat,TEST,2,35464,9466,473.2500000000001,1773.15
R006,CNO,T2_SD_CNO,2026_06_22_merged.mat,TEST,2,35465,9467,473.30000000000007,1773.2000000000003
R006,CNO,T2_SD_CNO,2026_06_22_merged.mat,TEST,2,35466,9468,473.3500000000001,1773.2500000000002
R006,CNO,T2_SD_CNO,2026_06_22_merged.mat,TEST,2,35473,9475,473.70000000000005,1773.6000000000001
R006,CNO,T2_SD_CNO,2026_06_22_merged.mat,TEST,2,35474,9476,473.7500000000001,1773.65
R006,CNO,T2_SD_CNO,2026_06_22_merged.mat,TEST,2,35475,9477,473.80000000000007,1773.7000000000003
R006,CNO,T2_SD_CNO,2026_06_22_merged.mat,TEST,2,35476,9478,473.8500000000001,1773.7500000000002
R006,CNO,T2_SD_CNO,2026_06_22_merged.mat,TEST,2,35477,9479,473.9000000000001,1773.8000000000002
R006,CNO,T2_SD_CNO,2026_06_22_merged.mat,TEST,2,35478,9480,473.95000000000005,1773.8500000000001
R006,CNO,T2_SD_CNO,2026_06_22_merged.mat,TEST,2,35479,9481,474.0000000000001,1773.9
R006,CNO,T2_SD_CNO,2026_06_22_merged.mat,TEST,2,35480,9482,474.05000000000007,1773.9500000000003
R006,CNO,T2_SD_CNO,2026_06_22_merged.mat,TEST,2,35481,9483,474.1000000000001,1774.0000000000002
R006,CNO,T2_SD_CNO,2026_06_22_merged.mat,TEST,2,35492,9494,474.6500000000001,1774.5500000000002
R006,CNO,T2_SD_CNO,2026_06_22_merged.mat,TEST,2,35493,9495,474.70000000000005,1774.6000000000001
R006,CNO,T2_SD_CNO,2026_06_22_merged.mat,TEST,2,35494,9496,474.7500000000001,1774.65
R006,CNO,T2_SD_CNO,2026_06_22_merged.mat,TEST,2,35495,9497,474.80000000000007,1774.7000000000003
R006,CNO,T2_SD_CNO,2026_06_22_merged.mat,TEST,1,35500,9502,475.05000000000007,1774.9500000000003
R006,CNO,T2_SD_CNO,2026_06_22_merged.mat,TEST,1,35501,9503,475.1000000000001,1775.0000000000002
R006,CNO,T2_SD_CNO,2026_06_22_merged.mat,TEST,1,35502,9504,475.1500000000001,1775.0500000000002
R006,CNO,T2_SD_CNO,2026_06_22_merged.mat,TEST,2,35510,9512,475.55000000000007,1775.4500000000003
R006,CNO,T2_SD_CNO,2026_06_22_merged.mat,TEST,2,35511,9513,475.6000000000001,1775.5000000000002
R006,CNO,T2_SD_CNO,2026_06_22_merged.mat,TEST,2,35512,9514,475.6500000000001,1775.5500000000002
R006,CNO,T2_SD_CNO,2026_06_22_merged.mat,TEST,2,35513,9515,475.70000000000005,1775.6000000000001
R006,CNO,T2_SD_CNO,2026_06_22_merged.mat,TEST,2,35514,9516,475.7500000000001,1775.65
R006,CNO,T2_SD_CNO,2026_06_22_merged.mat,TEST,2,35515,9517,475.80000000000007,1775.7000000000003
R006,CNO,T2_SD_CNO,2026_06_22_merged.mat,TEST,2,35516,9518,475.8500000000001,1775.7500000000002
R006,CNO,T2_SD_CNO,2026_06_22_merged.mat,TEST,2,35517,9519,475.9000000000001,1775.8000000000002
R006,CNO,T2_SD_CNO,2026_06_22_merged.mat,TEST,2,35518,9520,475.95000000000005,1775.8500000000001
R006,CNO,T2_SD_CNO,2026_06_22_merged.mat,TEST,2,35519,9521,476.0000000000001,1775.9
R006,CNO,T2_SD_CNO,2026_06_22_merged.mat,TEST,2,35520,9522,476.05000000000007,1775.9500000000003
R006,CNO,T2_SD_CNO,2026_06_22_merged.mat,TEST,1,35528,9530,476.45000000000005,1776.3500000000001
R006,CNO,T2_SD_CNO,2026_06_22_merged.mat,TEST,1,35529,9531,476.5000000000001,1776.4
R006,CNO,T2_SD_CNO,2026_06_22_merged.mat,TEST,1,35530,9532,476.55000000000007,1776.4500000000003
R006,CNO,T2_SD_CNO,2026_06_22_merged.mat,TEST,1,35531,9533,476.6000000000001,1776.5000000000002
R006,CNO,T2_SD_CNO,2026_06_22_merged.mat,TEST,1,35532,9534,476.6500000000001,1776.5500000000002
R006,CNO,T2_SD_CNO,2026_06_22_merged.mat,TEST,1,35541,9543,477.1000000000001,1777.0000000000002
R006,CNO,T2_SD_CNO,2026_06_22_merged.mat,TEST,1,35542,9544,477.1500000000001,1777.0500000000002
R006,CNO,T2_SD_CNO,2026_06_22_merged.mat,TEST,1,35543,9545,477.20000000000005,1777.1000000000001
R006,CNO,T2_SD_CNO,2026_06_22_merged.mat,TEST,2,35550,9552,477.55000000000007,1777.4500000000003
R006,CNO,T2_SD_CNO,2026_06_22_merged.mat,TEST,2,35551,9553,477.6000000000001,1777.5000000000002
R006,CNO,T2_SD_CNO,2026_06_22_merged.mat,TEST,2,35552,9554,477.6500000000001,1777.5500000000002
R006,CNO,T2_SD_CNO,2026_06_22_merged.mat,TEST,2,35553,9555,477.70000000000005,1777.6000000000001
R006,CNO,T2_SD_CNO,2026_06_22_merged.mat,TEST,2,35554,9556,477.7500000000001,1777.65
R006,CNO,T2_SD_CNO,2026_06_22_merged.mat,TEST,2,35555,9557,477.80000000000007,1777.7000000000003
R006,CNO,T2_SD_CNO,2026_06_22_merged.mat,TEST,2,35556,9558,477.8500000000001,1777.7500000000002
R006,CNO,T2_SD_CNO,2026_06_22_merged.mat,TEST,1,35566,9568,478.3500000000001,1778.2500000000002
R006,CNO,T2_SD_CNO,2026_06_22_merged.mat,TEST,1,35567,9569,478.4000000000001,1778.3000000000002
R006,CNO,T2_SD_CNO,2026_06_22_merged.mat,TEST,2,35584,9586,479.2500000000001,1779.15
R006,CNO,T2_SD_CNO,2026_06_22_merged.mat,TEST,2,35585,9587,479.30000000000007,1779.2000000000003
R006,CNO,T2_SD_CNO,2026_06_22_merged.mat,TEST,2,35586,9588,479.3500000000001,1779.2500000000002
R006,CNO,T2_SD_CNO,2026_06_22_merged.mat,TEST,2,35587,9589,479.4000000000001,1779.3000000000002
R006,CNO,T2_SD_CNO,2026_06_22_merged.mat,TEST,2,35588,9590,479.45000000000005,1779.3500000000001
R006,CNO,T2_SD_CNO,2026_06_22_merged.mat,TEST,2,35589,9591,479.5000000000001,1779.4
R006,CNO,T2_SD_CNO,2026_06_22_merged.mat,TEST,2,35590,9592,479.55000000000007,1779.4500000000003
R006,CNO,T2_SD_CNO,2026_06_22_merged.mat,TEST,2,35591,9593,479.6000000000001,1779.5000000000002
R006,CNO,T2_SD_CNO,2026_06_22_merged.mat,TEST,2,35592,9594,479.6500000000001,1779.5500000000002
R006,CNO,T2_SD_CNO,2026_06_22_merged.mat,TEST,2,35593,9595,479.70000000000005,1779.6000000000001
R006,CNO,T2_SD_CNO,2026_06_22_merged.mat,TEST,2,35594,9596,479.7500000000001,1779.65
R006,CNO,T2_SD_CNO,2026_06_22_merged.mat,TEST,2,35595,9597,479.80000000000007,1779.7000000000003
R006,CNO,T2_SD_CNO,2026_06_22_merged.mat,TEST,2,35596,9598,479.8500000000001,1779.7500000000002
R006,CNO,T2_SD_CNO,2026_06_22_merged.mat,TEST,2,35597,9599,479.9000000000001,1779.8000000000002
R006,CNO,T2_SD_CNO,2026_06_22_merged.mat,TEST,1,35608,9610,480.45000000000005,1780.3500000000001
R006,CNO,T2_SD_CNO,2026_06_22_merged.mat,TEST,1,35609,9611,480.5000000000001,1780.4
R006,CNO,T2_SD_CNO,2026_06_22_merged.mat,TEST,1,35610,9612,480.55000000000007,1780.4500000000003
R006,CNO,T2_SD_CNO,2026_06_22_merged.mat,TEST,1,35611,9613,480.6000000000001,1780.5000000000002
R006,CNO,T2_SD_CNO,2026_06_22_merged.mat,TEST,1,35624,9626,481.2500000000001,1781.15
R006,CNO,T2_SD_CNO,2026_06_22_merged.mat,TEST,1,35625,9627,481.30000000000007,1781.2000000000003
R006,CNO,T2_SD_CNO,2026_06_22_merged.mat,TEST,2,35631,9633,481.6000000000001,1781.5000000000002
R006,CNO,T2_SD_CNO,2026_06_22_merged.mat,TEST,2,35632,9634,481.6500000000001,1781.5500000000002
R006,CNO,T2_SD_CNO,2026_06_22_merged.mat,TEST,2,35633,9635,481.70000000000005,1781.6000000000001
R006,CNO,T2_SD_CNO,2026_06_22_merged.mat,TEST,2,35634,9636,481.7500000000001,1781.65
R006,CNO,T2_SD_CNO,2026_06_22_merged.mat,TEST,2,35635,9637,481.80000000000007,1781.7000000000003
R006,CNO,T2_SD_CNO,2026_06_22_merged.mat,TEST,2,35636,9638,481.8500000000001,1781.7500000000002
R006,CNO,T2_SD_CNO,2026_06_22_merged.mat,TEST,2,35644,9646,482.2500000000001,1782.15
R006,CNO,T2_SD_CNO,2026_06_22_merged.mat,TEST,2,35645,9647,482.30000000000007,1782.2000000000003
R006,CNO,T2_SD_CNO,2026_06_22_merged.mat,TEST,2,35646,9648,482.3500000000001,1782.2500000000002
R006,CNO,T2_SD_CNO,2026_06_22_merged.mat,TEST,2,35647,9649,482.4000000000001,1782.3000000000002
R006,CNO,T2_SD_CNO,2026_06_22_merged.mat,TEST,2,35648,9650,482.45000000000005,1782.3500000000001
R006,CNO,T2_SD_CNO,2026_06_22_merged.mat,TEST,2,35663,9665,483.20000000000005,1783.1000000000001
R006,CNO,T2_SD_CNO,2026_06_22_merged.mat,TEST,2,35664,9666,483.2500000000001,1783.15
R006,CNO,T2_SD_CNO,2026_06_22_merged.mat,TEST,2,35665,9667,483.30000000000007,1783.2000000000003
R006,CNO,T2_SD_CNO,2026_06_22_merged.mat,TEST,2,35666,9668,483.3500000000001,1783.2500000000002
R006,CNO,T2_SD_CNO,2026_06_22_merged.mat,TEST,2,35667,9669,483.4000000000001,1783.3000000000002
R006,CNO,T2_SD_CNO,2026_06_22_merged.mat,TEST,1,35680,9682,484.05000000000007,1783.9500000000003
R006,CNO,T2_SD_CNO,2026_06_22_merged.mat,TEST,1,35681,9683,484.1000000000001,1784.0000000000002
R006,CNO,T2_SD_CNO,2026_06_22_merged.mat,TEST,1,35682,9684,484.1500000000001,1784.0500000000002
R006,CNO,T2_SD_CNO,2026_06_22_merged.mat,TEST,2,35688,9690,484.45000000000005,1784.3500000000001
R006,CNO,T2_SD_CNO,2026_06_22_merged.mat,TEST,2,35689,9691,484.5000000000001,1784.4
R006,CNO,T2_SD_CNO,2026_06_22_merged.mat,TEST,1,35695,9697,484.80000000000007,1784.7000000000003
R006,CNO,T2_SD_CNO,2026_06_22_merged.mat,TEST,1,35696,9698,484.8500000000001,1784.7500000000002
R006,CNO,T2_SD_CNO,2026_06_22_merged.mat,TEST,1,35697,9699,484.9000000000001,1784.8000000000002
R006,CNO,T2_SD_CNO,2026_06_22_merged.mat,TEST,1,35698,9700,484.95000000000005,1784.8500000000001
R006,CNO,T2_SD_CNO,2026_06_22_merged.mat,TEST,1,35699,9701,485.0000000000001,1784.9
R006,CNO,T2_SD_CNO,2026_06_22_merged.mat,TEST,1,35700,9702,485.05000000000007,1784.9500000000003
R006,CNO,T2_SD_CNO,2026_06_22_merged.mat,TEST,1,35702,9704,485.1500000000001,1785.0500000000002
R006,CNO,T2_SD_CNO,2026_06_22_merged.mat,TEST,1,35703,9705,485.20000000000005,1785.1000000000001
R006,CNO,T2_SD_CNO,2026_06_22_merged.mat,TEST,1,35704,9706,485.2500000000001,1785.15
R006,CNO,T2_SD_CNO,2026_06_22_merged.mat,TEST,1,35705,9707,485.30000000000007,1785.2000000000003
R006,CNO,T2_SD_CNO,2026_06_22_merged.mat,TEST,1,35706,9708,485.3500000000001,1785.2500000000002
R006,CNO,T2_SD_CNO,2026_06_22_merged.mat,TEST,1,35707,9709,485.4000000000001,1785.3000000000002
R006,CNO,T2_SD_CNO,2026_06_22_merged.mat,TEST,1,35718,9720,485.95000000000005,1785.8500000000001
R006,CNO,T2_SD_CNO,2026_06_22_merged.mat,TEST,1,35731,9733,486.6000000000001,1786.5000000000002
R006,CNO,T2_SD_CNO,2026_06_22_merged.mat,TEST,1,35732,9734,486.6500000000001,1786.5500000000002
R006,CNO,T2_SD_CNO,2026_06_22_merged.mat,TEST,2,35736,9738,486.8500000000001,1786.7500000000002
R006,CNO,T2_SD_CNO,2026_06_22_merged.mat,TEST,2,35737,9739,486.9000000000001,1786.8000000000002
R006,CNO,T2_SD_CNO,2026_06_22_merged.mat,TEST,2,35738,9740,486.95000000000005,1786.8500000000001
R006,CNO,T2_SD_CNO,2026_06_22_merged.mat,TEST,1,35744,9746,487.2500000000001,1787.15
R006,CNO,T2_SD_CNO,2026_06_22_merged.mat,TEST,1,35745,9747,487.30000000000007,1787.2000000000003
R006,CNO,T2_SD_CNO,2026_06_22_merged.mat,TEST,1,35746,9748,487.3500000000001,1787.2500000000002
R006,CNO,T2_SD_CNO,2026_06_22_merged.mat,TEST,1,35747,9749,487.4000000000001,1787.3000000000002
R006,CNO,T2_SD_CNO,2026_06_22_merged.mat,TEST,1,35748,9750,487.45000000000005,1787.3500000000001
R006,CNO,T2_SD_CNO,2026_06_22_merged.mat,TEST,1,35757,9759,487.9000000000001,1787.8000000000002
R006,CNO,T2_SD_CNO,2026_06_22_merged.mat,TEST,1,35758,9760,487.95000000000005,1787.8500000000001
R006,CNO,T2_SD_CNO,2026_06_22_merged.mat,TEST,2,35765,9767,488.30000000000007,1788.2000000000003
R006,CNO,T2_SD_CNO,2026_06_22_merged.mat,TEST,2,35766,9768,488.3500000000001,1788.2500000000002
R006,CNO,T2_SD_CNO,2026_06_22_merged.mat,TEST,1,35771,9773,488.6000000000001,1788.5000000000002
R006,CNO,T2_SD_CNO,2026_06_22_merged.mat,TEST,1,35772,9774,488.6500000000001,1788.5500000000002
R006,CNO,T2_SD_CNO,2026_06_22_merged.mat,TEST,1,35773,9775,488.70000000000005,1788.6000000000001
R006,CNO,T2_SD_CNO,2026_06_22_merged.mat,TEST,1,35774,9776,488.7500000000001,1788.65
R006,CNO,T2_SD_CNO,2026_06_22_merged.mat,TEST,1,35782,9784,489.1500000000001,1789.0500000000002
R006,CNO,T2_SD_CNO,2026_06_22_merged.mat,TEST,1,35783,9785,489.20000000000005,1789.1000000000001
R006,CNO,T2_SD_CNO,2026_06_22_merged.mat,TEST,1,35784,9786,489.2500000000001,1789.15
R006,CNO,T2_SD_CNO,2026_06_22_merged.mat,TEST,1,35785,9787,489.30000000000007,1789.2000000000003
R006,CNO,T2_SD_CNO,2026_06_22_merged.mat,TEST,2,35794,9796,489.7500000000001,1789.65
R006,CNO,T2_SD_CNO,2026_06_22_merged.mat,TEST,2,35795,9797,489.80000000000007,1789.7000000000003
R006,CNO,T2_SD_CNO,2026_06_22_merged.mat,TEST,2,35796,9798,489.8500000000001,1789.7500000000002
R006,CNO,T2_SD_CNO,2026_06_22_merged.mat,TEST,2,35797,9799,489.9000000000001,1789.8000000000002
R006,CNO,T2_SD_CNO,2026_06_22_merged.mat,TEST,2,35798,9800,489.95000000000005,1789.8500000000001
R006,CNO,T2_SD_CNO,2026_06_22_merged.mat,TEST,1,35811,9813,490.6000000000001,1790.5000000000002
R006,CNO,T2_SD_CNO,2026_06_22_merged.mat,TEST,2,35817,9819,490.9000000000001,1790.8000000000002
R006,CNO,T2_SD_CNO,2026_06_22_merged.mat,TEST,2,35818,9820,490.95000000000005,1790.8500000000001
R006,CNO,T2_SD_CNO,2026_06_22_merged.mat,TEST,2,35819,9821,491.0000000000001,1790.9
R006,CNO,T2_SD_CNO,2026_06_22_merged.mat,TEST,2,35820,9822,491.05000000000007,1790.9500000000003
R006,CNO,T2_SD_CNO,2026_06_22_merged.mat,TEST,2,35821,9823,491.1000000000001,1791.0000000000002
R006,CNO,T2_SD_CNO,2026_06_22_merged.mat,TEST,2,35832,9834,491.6500000000001,1791.5500000000002
R006,CNO,T2_SD_CNO,2026_06_22_merged.mat,TEST,2,35833,9835,491.70000000000005,1791.6000000000001
R006,CNO,T2_SD_CNO,2026_06_22_merged.mat,TEST,2,35834,9836,491.7500000000001,1791.65
R006,CNO,T2_SD_CNO,2026_06_22_merged.mat,TEST,2,35835,9837,491.80000000000007,1791.7000000000003
R006,CNO,T2_SD_CNO,2026_06_22_merged.mat,TEST,2,35836,9838,491.8500000000001,1791.7500000000002
R006,CNO,T2_SD_CNO,2026_06_22_merged.mat,TEST,2,35848,9850,492.45000000000005,1792.3500000000001
R006,CNO,T2_SD_CNO,2026_06_22_merged.mat,TEST,2,35849,9851,492.5000000000001,1792.4
R006,CNO,T2_SD_CNO,2026_06_22_merged.mat,TEST,1,35855,9857,492.80000000000007,1792.7000000000003
R006,CNO,T2_SD_CNO,2026_06_22_merged.mat,TEST,1,35856,9858,492.8500000000001,1792.7500000000002
R006,CNO,T2_SD_CNO,2026_06_22_merged.mat,TEST,2,35862,9864,493.1500000000001,1793.0500000000002
R006,CNO,T2_SD_CNO,2026_06_22_merged.mat,TEST,2,35863,9865,493.20000000000005,1793.1000000000001
R006,CNO,T2_SD_CNO,2026_06_22_merged.mat,TEST,2,35864,9866,493.2500000000001,1793.15
R006,CNO,T2_SD_CNO,2026_06_22_merged.mat,TEST,2,35865,9867,493.30000000000007,1793.2000000000003
R006,CNO,T2_SD_CNO,2026_06_22_merged.mat,TEST,2,35873,9875,493.70000000000005,1793.6000000000001
R006,CNO,T2_SD_CNO,2026_06_22_merged.mat,TEST,2,35874,9876,493.7500000000001,1793.65
R006,CNO,T2_SD_CNO,2026_06_22_merged.mat,TEST,2,35875,9877,493.80000000000007,1793.7000000000003
R006,CNO,T2_SD_CNO,2026_06_22_merged.mat,TEST,2,35885,9887,494.30000000000007,1794.2000000000003
R006,CNO,T2_SD_CNO,2026_06_22_merged.mat,TEST,2,35886,9888,494.3500000000001,1794.2500000000002
R006,CNO,T2_SD_CNO,2026_06_22_merged.mat,TEST,2,35887,9889,494.4000000000001,1794.3000000000002
R006,CNO,T2_SD_CNO,2026_06_22_merged.mat,TEST,2,35888,9890,494.45000000000005,1794.3500000000001
R006,CNO,T2_SD_CNO,2026_06_22_merged.mat,TEST,2,35889,9891,494.5000000000001,1794.4
R006,CNO,T2_SD_CNO,2026_06_22_merged.mat,TEST,2,35897,9899,494.9000000000001,1794.8000000000002
R006,CNO,T2_SD_CNO,2026_06_22_merged.mat,TEST,2,35898,9900,494.95000000000005,1794.8500000000001
R006,CNO,T2_SD_CNO,2026_06_22_merged.mat,TEST,2,35899,9901,495.0000000000001,1794.9
R006,CNO,T2_SD_CNO,2026_06_22_merged.mat,TEST,2,35900,9902,495.05000000000007,1794.9500000000003
R006,CNO,T2_SD_CNO,2026_06_22_merged.mat,TEST,1,35915,9917,495.80000000000007,1795.7000000000003
R006,CNO,T2_SD_CNO,2026_06_22_merged.mat,TEST,2,35921,9923,496.1000000000001,1796.0000000000002
R006,CNO,T2_SD_CNO,2026_06_22_merged.mat,TEST,2,35922,9924,496.1500000000001,1796.0500000000002
R006,CNO,T2_SD_CNO,2026_06_22_merged.mat,TEST,2,35923,9925,496.20000000000005,1796.1000000000001
R006,CNO,T2_SD_CNO,2026_06_22_merged.mat,TEST,2,35924,9926,496.2500000000001,1796.15
R006,CNO,T2_SD_CNO,2026_06_22_merged.mat,TEST,2,35925,9927,496.30000000000007,1796.2000000000003
R006,CNO,T2_SD_CNO,2026_06_22_merged.mat,TEST,2,35939,9941,497.0000000000001,1796.9
R006,CNO,T2_SD_CNO,2026_06_22_merged.mat,TEST,2,35940,9942,497.05000000000007,1796.9500000000003
R006,CNO,T2_SD_CNO,2026_06_22_merged.mat,TEST,2,35941,9943,497.1000000000001,1797.0000000000002
R006,CNO,T2_SD_CNO,2026_06_22_merged.mat,TEST,2,35942,9944,497.1500000000001,1797.0500000000002
R006,CNO,T2_SD_CNO,2026_06_22_merged.mat,TEST,2,35943,9945,497.20000000000005,1797.1000000000001
R006,CNO,T2_SD_CNO,2026_06_22_merged.mat,TEST,2,35944,9946,497.2500000000001,1797.15
R006,CNO,T2_SD_CNO,2026_06_22_merged.mat,TEST,2,35945,9947,497.30000000000007,1797.2000000000003
R006,CNO,T2_SD_CNO,2026_06_22_merged.mat,TEST,2,35946,9948,497.3500000000001,1797.2500000000002
R006,CNO,T2_SD_CNO,2026_06_22_merged.mat,TEST,2,35947,9949,497.4000000000001,1797.3000000000002
R006,CNO,T2_SD_CNO,2026_06_22_merged.mat,TEST,2,35948,9950,497.45000000000005,1797.3500000000001
R006,CNO,T2_SD_CNO,2026_06_22_merged.mat,TEST,2,35949,9951,497.5000000000001,1797.4
R006,CNO,T2_SD_CNO,2026_06_22_merged.mat,TEST,2,35950,9952,497.55000000000007,1797.4500000000003
R006,CNO,T2_SD_CNO,2026_06_22_merged.mat,TEST,2,35951,9953,497.6000000000001,1797.5000000000002
R006,CNO,T2_SD_CNO,2026_06_22_merged.mat,TEST,2,35952,9954,497.6500000000001,1797.5500000000002
R006,CNO,T2_SD_CNO,2026_06_22_merged.mat,TEST,2,35953,9955,497.70000000000005,1797.6000000000001
R006,CNO,T2_SD_CNO,2026_06_22_merged.mat,TEST,2,35954,9956,497.7500000000001,1797.65
R006,CNO,T2_SD_CNO,2026_06_22_merged.mat,TEST,2,35955,9957,497.80000000000007,1797.7000000000003
R006,CNO,T2_SD_CNO,2026_06_22_merged.mat,TEST,2,35971,9973,498.6000000000001,1798.5000000000002
R006,CNO,T2_SD_CNO,2026_06_22_merged.mat,TEST,2,35972,9974,498.6500000000001,1798.5500000000002
R006,CNO,T2_SD_CNO,2026_06_22_merged.mat,TEST,2,35981,9983,499.1000000000001,1799.0000000000002
R006,CNO,T2_SD_CNO,2026_06_22_merged.mat,TEST,2,35982,9984,499.1500000000001,1799.0500000000002
R006,CNO,T2_SD_CNO,2026_06_22_merged.mat,TEST,2,35983,9985,499.20000000000005,1799.1000000000001
R006,CNO,T2_SD_CNO,2026_06_22_merged.mat,TEST,2,35984,9986,499.2500000000001,1799.15
R006,CNO,T2_SD_CNO,2026_06_22_merged.mat,TEST,2,35985,9987,499.30000000000007,1799.2000000000003
R006,CNO,T2_SD_CNO,2026_06_22_merged.mat,TEST,2,35986,9988,499.3500000000001,1799.2500000000002
R006,CNO,T2_SD_CNO,2026_06_22_merged.mat,TEST,2,35987,9989,499.4000000000001,1799.3000000000002
R006,CNO,T2_SD_CNO,2026_06_22_merged.mat,TEST,2,35988,9990,499.45000000000005,1799.3500000000001
R006,CNO,T2_SD_CNO,2026_06_22_merged.mat,TEST,2,35989,9991,499.5000000000001,1799.4
R006,CNO,T2_SD_CNO,2026_06_22_merged.mat,TEST,2,35990,9992,499.55000000000007,1799.4500000000003
R006,CNO,T2_SD_CNO,2026_06_22_merged.mat,TEST,2,35991,9993,499.6000000000001,1799.5000000000002
R006,CNO,T2_SD_CNO,2026_06_22_merged.mat,TEST,2,35992,9994,499.6500000000001,1799.5500000000002
R006,CNO,T2_SD_CNO,2026_06_22_merged.mat,TEST,2,35993,9995,499.70000000000005,1799.6000000000001
R006,CNO,T2_SD_CNO,2026_06_22_merged.mat,TEST,2,35994,9996,499.7500000000001,1799.65
R006,CNO,T2_SD_CNO,2026_06_22_merged.mat,TEST,2,35995,9997,499.80000000000007,1799.7000000000003
R006,CNO,T2_SD_CNO,2026_06_22_merged.mat,TEST,2,35996,9998,499.8500000000001,1799.7500000000002
R006,CNO,T2_SD_CNO,2026_06_22_merged.mat,TEST,2,35997,9999,499.9000000000001,1799.8000000000002
R006,CNO,T2_SD_CNO,2026_06_22_merged.mat,TEST,2,35998,10000,499.95000000000005,1799.8500000000001
R006,CNO,T2_SD_CNO,2026_06_22_merged.mat,TEST,2,36000,10002,500.05000000000007,1799.9500000000003
R006,CNO,T2_SD_CNO,2026_06_22_merged.mat,TEST,2,36001,10003,500.1000000000001,1800.0000000000002
R006,CNO,T2_SD_CNO,2026_06_22_merged.mat,TEST,2,36002,10004,500.1500000000001,1800.0500000000002
R006,CNO,T2_SD_CNO,2026_06_22_merged.mat,TEST,2,36003,10005,500.20000000000005,1800.1000000000001
R006,CNO,T2_SD_CNO,2026_06_22_merged.mat,TEST,2,36004,10006,500.2500000000001,1800.15
R006,CNO,T2_SD_CNO,2026_06_22_merged.mat,TEST,2,36005,10007,500.30000000000007,1800.2000000000003
R006,CNO,T2_SD_CNO,2026_06_22_merged.mat,TEST,2,36006,10008,500.3500000000001,1800.2500000000002
R006,CNO,T2_SD_CNO,2026_06_22_merged.mat,TEST,2,36007,10009,500.4000000000001,1800.3000000000002
R006,CNO,T2_SD_CNO,2026_06_22_merged.mat,TEST,2,36008,10010,500.45000000000005,1800.3500000000001
R006,CNO,T2_SD_CNO,2026_06_22_merged.mat,TEST,2,36009,10011,500.5000000000001,1800.4
R006,CNO,T2_SD_CNO,2026_06_22_merged.mat,TEST,2,36010,10012,500.55000000000007,1800.4500000000003
R006,CNO,T2_SD_CNO,2026_06_22_merged.mat,TEST,2,36011,10013,500.6000000000001,1800.5000000000002
R006,CNO,T2_SD_CNO,2026_06_22_merged.mat,TEST,2,36012,10014,500.6500000000001,1800.5500000000002
R006,CNO,T2_SD_CNO,2026_06_22_merged.mat,TEST,2,36013,10015,500.70000000000005,1800.6000000000001
R006,CNO,T2_SD_CNO,2026_06_22_merged.mat,TEST,2,36014,10016,500.7500000000001,1800.65
R006,CNO,T2_SD_CNO,2026_06_22_merged.mat,TEST,2,36015,10017,500.80000000000007,1800.7000000000003
R006,CNO,T2_SD_CNO,2026_06_22_merged.mat,TEST,2,36016,10018,500.8500000000001,1800.7500000000002
R006,CNO,T2_SD_CNO,2026_06_22_merged.mat,TEST,2,36017,10019,500.9000000000001,1800.8000000000002
R006,CNO,T2_SD_CNO,2026_06_22_merged.mat,TEST,2,36018,10020,500.95000000000005,1800.8500000000001
R006,CNO,T2_SD_CNO,2026_06_22_merged.mat,TEST,2,36019,10021,501.0000000000001,1800.9
R006,CNO,T2_SD_CNO,2026_06_22_merged.mat,TEST,2,36022,10024,501.1500000000001,1801.0500000000002
R006,CNO,T2_SD_CNO,2026_06_22_merged.mat,TEST,2,36023,10025,501.20000000000005,1801.1000000000001
R006,CNO,T2_SD_CNO,2026_06_22_merged.mat,TEST,2,36024,10026,501.2500000000001,1801.15
R006,CNO,T2_SD_CNO,2026_06_22_merged.mat,TEST,2,36025,10027,501.30000000000007,1801.2000000000003
R006,CNO,T2_SD_CNO,2026_06_22_merged.mat,TEST,1,36038,10040,501.95000000000005,1801.8500000000001
R006,CNO,T2_SD_CNO,2026_06_22_merged.mat,TEST,1,36039,10041,502.0000000000001,1801.9
R006,CNO,T2_SD_CNO,2026_06_22_merged.mat,TEST,1,36040,10042,502.05000000000007,1801.9500000000003
R006,CNO,T2_SD_CNO,2026_06_22_merged.mat,TEST,1,36042,10044,502.1500000000001,1802.0500000000002
R006,CNO,T2_SD_CNO,2026_06_22_merged.mat,TEST,2,36064,10066,503.2500000000001,1803.15
R006,CNO,T2_SD_CNO,2026_06_22_merged.mat,TEST,2,36065,10067,503.30000000000007,1803.2000000000003
R006,CNO,T2_SD_CNO,2026_06_22_merged.mat,TEST,2,36073,10075,503.70000000000005,1803.6000000000001
R006,CNO,T2_SD_CNO,2026_06_22_merged.mat,TEST,2,36074,10076,503.7500000000001,1803.65
R006,CNO,T2_SD_CNO,2026_06_22_merged.mat,TEST,2,36075,10077,503.80000000000007,1803.7000000000003
R006,CNO,T2_SD_CNO,2026_06_22_merged.mat,TEST,2,36084,10086,504.2500000000001,1804.15
R006,CNO,T2_SD_CNO,2026_06_22_merged.mat,TEST,2,36085,10087,504.30000000000007,1804.2000000000003
R006,CNO,T2_SD_CNO,2026_06_22_merged.mat,TEST,2,36086,10088,504.3500000000001,1804.2500000000002
R006,CNO,T2_SD_CNO,2026_06_22_merged.mat,TEST,2,36087,10089,504.4000000000001,1804.3000000000002
R006,CNO,T2_SD_CNO,2026_06_22_merged.mat,TEST,2,36088,10090,504.45000000000005,1804.3500000000001
R006,CNO,T2_SD_CNO,2026_06_22_merged.mat,TEST,2,36089,10091,504.5000000000001,1804.4
R006,CNO,T2_SD_CNO,2026_06_22_merged.mat,TEST,2,36090,10092,504.55000000000007,1804.4500000000003
R006,CNO,T2_SD_CNO,2026_06_22_merged.mat,TEST,2,36097,10099,504.9000000000001,1804.8000000000002
R006,CNO,T2_SD_CNO,2026_06_22_merged.mat,TEST,2,36098,10100,504.95000000000005,1804.8500000000001
R006,CNO,T2_SD_CNO,2026_06_22_merged.mat,TEST,2,36099,10101,505.0000000000001,1804.9
R006,CNO,T2_SD_CNO,2026_06_22_merged.mat,TEST,2,36100,10102,505.05000000000007,1804.9500000000003
R006,CNO,T2_SD_CNO,2026_06_22_merged.mat,TEST,2,36109,10111,505.5000000000001,1805.4
R006,CNO,T2_SD_CNO,2026_06_22_merged.mat,TEST,2,36110,10112,505.55000000000007,1805.4500000000003
R006,CNO,T2_SD_CNO,2026_06_22_merged.mat,TEST,2,36111,10113,505.6000000000001,1805.5000000000002
R006,CNO,T2_SD_CNO,2026_06_22_merged.mat,TEST,2,36112,10114,505.6500000000001,1805.5500000000002
R006,CNO,T2_SD_CNO,2026_06_22_merged.mat,TEST,2,36113,10115,505.70000000000005,1805.6000000000001
R006,CNO,T2_SD_CNO,2026_06_22_merged.mat,TEST,2,36133,10135,506.70000000000005,1806.6000000000001
R006,CNO,T2_SD_CNO,2026_06_22_merged.mat,TEST,2,36134,10136,506.7500000000001,1806.65
R006,CNO,T2_SD_CNO,2026_06_22_merged.mat,TEST,2,36135,10137,506.80000000000007,1806.7000000000003
R006,CNO,T2_SD_CNO,2026_06_22_merged.mat,TEST,2,36136,10138,506.8500000000001,1806.7500000000002
R006,CNO,T2_SD_CNO,2026_06_22_merged.mat,TEST,1,36142,10144,507.1500000000001,1807.0500000000002
R006,CNO,T2_SD_CNO,2026_06_22_merged.mat,TEST,1,36143,10145,507.20000000000005,1807.1000000000001
R006,CNO,T2_SD_CNO,2026_06_22_merged.mat,TEST,1,36144,10146,507.2500000000001,1807.15
R006,CNO,T2_SD_CNO,2026_06_22_merged.mat,TEST,1,36145,10147,507.30000000000007,1807.2000000000003
R006,CNO,T2_SD_CNO,2026_06_22_merged.mat,TEST,2,36157,10159,507.9000000000001,1807.8000000000002
R006,CNO,T2_SD_CNO,2026_06_22_merged.mat,TEST,2,36158,10160,507.95000000000005,1807.8500000000001
R006,CNO,T2_SD_CNO,2026_06_22_merged.mat,TEST,2,36159,10161,508.0000000000001,1807.9
R006,CNO,T2_SD_CNO,2026_06_22_merged.mat,TEST,2,36160,10162,508.05000000000007,1807.9500000000003
R006,CNO,T2_SD_CNO,2026_06_22_merged.mat,TEST,2,36169,10171,508.5000000000001,1808.4
R006,CNO,T2_SD_CNO,2026_06_22_merged.mat,TEST,2,36170,10172,508.55000000000007,1808.4500000000003
R006,CNO,T2_SD_CNO,2026_06_22_merged.mat,TEST,2,36180,10182,509.05000000000007,1808.9500000000003
R006,CNO,T2_SD_CNO,2026_06_22_merged.mat,TEST,2,36181,10183,509.1000000000001,1809.0000000000002
R006,CNO,T2_SD_CNO,2026_06_22_merged.mat,TEST,2,36189,10191,509.5000000000001,1809.4
R006,CNO,T2_SD_CNO,2026_06_22_merged.mat,TEST,2,36190,10192,509.55000000000007,1809.4500000000003
R006,CNO,T2_SD_CNO,2026_06_22_merged.mat,TEST,2,36201,10203,510.1000000000001,1810.0000000000002
R006,CNO,T2_SD_CNO,2026_06_22_merged.mat,TEST,2,36202,10204,510.1500000000001,1810.0500000000002
R006,CNO,T2_SD_CNO,2026_06_22_merged.mat,TEST,2,36203,10205,510.20000000000005,1810.1000000000001
R006,CNO,T2_SD_CNO,2026_06_22_merged.mat,TEST,2,36204,10206,510.2500000000001,1810.15
R006,CNO,T2_SD_CNO,2026_06_22_merged.mat,TEST,2,36205,10207,510.30000000000007,1810.2000000000003
R006,CNO,T2_SD_CNO,2026_06_22_merged.mat,TEST,2,36206,10208,510.3500000000001,1810.2500000000002
R006,CNO,T2_SD_CNO,2026_06_22_merged.mat,TEST,2,36207,10209,510.4000000000001,1810.3000000000002
R006,CNO,T2_SD_CNO,2026_06_22_merged.mat,TEST,2,36208,10210,510.45000000000005,1810.3500000000001
R006,CNO,T2_SD_CNO,2026_06_22_merged.mat,TEST,2,36209,10211,510.5000000000001,1810.4
R006,CNO,T2_SD_CNO,2026_06_22_merged.mat,TEST,2,36210,10212,510.55000000000007,1810.4500000000003
R006,CNO,T2_SD_CNO,2026_06_22_merged.mat,TEST,2,36211,10213,510.6000000000001,1810.5000000000002
R006,CNO,T2_SD_CNO,2026_06_22_merged.mat,TEST,2,36212,10214,510.6500000000001,1810.5500000000002
R006,CNO,T2_SD_CNO,2026_06_22_merged.mat,TEST,2,36222,10224,511.1500000000001,1811.0500000000002
R006,CNO,T2_SD_CNO,2026_06_22_merged.mat,TEST,2,36223,10225,511.20000000000005,1811.1000000000001
R006,CNO,T2_SD_CNO,2026_06_22_merged.mat,TEST,2,36224,10226,511.2500000000001,1811.15
R006,CNO,T2_SD_CNO,2026_06_22_merged.mat,TEST,2,36225,10227,511.30000000000007,1811.2000000000003
R006,CNO,T2_SD_CNO,2026_06_22_merged.mat,TEST,2,36231,10233,511.6000000000001,1811.5000000000002
R006,CNO,T2_SD_CNO,2026_06_22_merged.mat,TEST,2,36232,10234,511.6500000000001,1811.5500000000002
R006,CNO,T2_SD_CNO,2026_06_22_merged.mat,TEST,2,36233,10235,511.70000000000005,1811.6000000000001
R006,CNO,T2_SD_CNO,2026_06_22_merged.mat,TEST,2,36234,10236,511.7500000000001,1811.65
R006,CNO,T2_SD_CNO,2026_06_22_merged.mat,TEST,2,36235,10237,511.80000000000007,1811.7000000000003
R006,CNO,T2_SD_CNO,2026_06_22_merged.mat,TEST,2,36241,10243,512.1000000000001,1812.0000000000002
R006,CNO,T2_SD_CNO,2026_06_22_merged.mat,TEST,2,36242,10244,512.1500000000001,1812.0500000000002
R006,CNO,T2_SD_CNO,2026_06_22_merged.mat,TEST,2,36243,10245,512.2,1812.1000000000001
R006,CNO,T2_SD_CNO,2026_06_22_merged.mat,TEST,2,36244,10246,512.2500000000001,1812.15
R006,CNO,T2_SD_CNO,2026_06_22_merged.mat,TEST,2,36245,10247,512.3000000000001,1812.2000000000003
R006,CNO,T2_SD_CNO,2026_06_22_merged.mat,TEST,2,36253,10255,512.7,1812.6000000000001
R006,CNO,T2_SD_CNO,2026_06_22_merged.mat,TEST,2,36254,10256,512.7500000000001,1812.65
R006,CNO,T2_SD_CNO,2026_06_22_merged.mat,TEST,2,36297,10299,514.9000000000001,1814.8000000000002
R006,CNO,T2_SD_CNO,2026_06_22_merged.mat,TEST,2,36298,10300,514.95,1814.8500000000001
R006,CNO,T2_SD_CNO,2026_06_22_merged.mat,TEST,2,36299,10301,515.0000000000001,1814.9
R006,CNO,T2_SD_CNO,2026_06_22_merged.mat,TEST,2,36300,10302,515.0500000000001,1814.9500000000003
R006,CNO,T2_SD_CNO,2026_06_22_merged.mat,TEST,2,36301,10303,515.1000000000001,1815.0000000000002
R006,CNO,T2_SD_CNO,2026_06_22_merged.mat,TEST,2,36302,10304,515.1500000000001,1815.0500000000002
R006,CNO,T2_SD_CNO,2026_06_22_merged.mat,TEST,2,36303,10305,515.2,1815.1000000000001
R006,CNO,T2_SD_CNO,2026_06_22_merged.mat,TEST,2,36312,10314,515.6500000000001,1815.5500000000002
R006,CNO,T2_SD_CNO,2026_06_22_merged.mat,TEST,2,36313,10315,515.7,1815.6000000000001
R006,CNO,T2_SD_CNO,2026_06_22_merged.mat,TEST,2,36314,10316,515.7500000000001,1815.65
R006,CNO,T2_SD_CNO,2026_06_22_merged.mat,TEST,2,36315,10317,515.8000000000001,1815.7000000000003
R006,CNO,T2_SD_CNO,2026_06_22_merged.mat,TEST,2,36321,10323,516.1000000000001,1816.0000000000002
R006,CNO,T2_SD_CNO,2026_06_22_merged.mat,TEST,2,36322,10324,516.1500000000001,1816.0500000000002
R006,CNO,T2_SD_CNO,2026_06_22_merged.mat,TEST,2,36323,10325,516.2,1816.1000000000001
R006,CNO,T2_SD_CNO,2026_06_22_merged.mat,TEST,2,36324,10326,516.2500000000001,1816.15
R006,CNO,T2_SD_CNO,2026_06_22_merged.mat,TEST,2,36325,10327,516.3000000000001,1816.2000000000003
R006,CNO,T2_SD_CNO,2026_06_22_merged.mat,TEST,1,36338,10340,516.95,1816.8500000000001
R006,CNO,T2_SD_CNO,2026_06_22_merged.mat,TEST,1,36339,10341,517.0000000000001,1816.9
R006,CNO,T2_SD_CNO,2026_06_22_merged.mat,TEST,1,36340,10342,517.0500000000001,1816.9500000000003
R006,CNO,T2_SD_CNO,2026_06_22_merged.mat,TEST,2,36355,10357,517.8000000000001,1817.7000000000003
R006,CNO,T2_SD_CNO,2026_06_22_merged.mat,TEST,2,36356,10358,517.8500000000001,1817.7500000000002
R006,CNO,T2_SD_CNO,2026_06_22_merged.mat,TEST,2,36357,10359,517.9000000000001,1817.8000000000002
R006,CNO,T2_SD_CNO,2026_06_22_merged.mat,TEST,2,36358,10360,517.95,1817.8500000000001
R006,CNO,T2_SD_CNO,2026_06_22_merged.mat,TEST,2,36366,10368,518.3500000000001,1818.2500000000002
R006,CNO,T2_SD_CNO,2026_06_22_merged.mat,TEST,2,36367,10369,518.4000000000001,1818.3000000000002
R006,CNO,T2_SD_CNO,2026_06_22_merged.mat,TEST,2,36371,10373,518.6000000000001,1818.5000000000002
R006,CNO,T2_SD_CNO,2026_06_22_merged.mat,TEST,2,36372,10374,518.6500000000001,1818.5500000000002
R006,CNO,T2_SD_CNO,2026_06_22_merged.mat,TEST,2,36373,10375,518.7,1818.6000000000001
R006,CNO,T2_SD_CNO,2026_06_22_merged.mat,TEST,2,36374,10376,518.7500000000001,1818.65
R006,CNO,T2_SD_CNO,2026_06_22_merged.mat,TEST,2,36375,10377,518.8000000000001,1818.7000000000003
R006,CNO,T2_SD_CNO,2026_06_22_merged.mat,TEST,2,36376,10378,518.8500000000001,1818.7500000000002
R006,CNO,T2_SD_CNO,2026_06_22_merged.mat,TEST,2,36377,10379,518.9000000000001,1818.8000000000002
R006,CNO,T2_SD_CNO,2026_06_22_merged.mat,TEST,2,36378,10380,518.95,1818.8500000000001
R006,CNO,T2_SD_CNO,2026_06_22_merged.mat,TEST,2,36379,10381,519.0000000000001,1818.9
R006,CNO,T2_SD_CNO,2026_06_22_merged.mat,TEST,2,36380,10382,519.0500000000001,1818.9500000000003
R006,CNO,T2_SD_CNO,2026_06_22_merged.mat,TEST,2,36390,10392,519.5500000000001,1819.4500000000003
R006,CNO,T2_SD_CNO,2026_06_22_merged.mat,TEST,2,36391,10393,519.6000000000001,1819.5000000000002
R006,CNO,T2_SD_CNO,2026_06_22_merged.mat,TEST,2,36392,10394,519.6500000000001,1819.5500000000002
R006,CNO,T2_SD_CNO,2026_06_22_merged.mat,TEST,2,36393,10395,519.7,1819.6000000000001
R006,CNO,T2_SD_CNO,2026_06_22_merged.mat,TEST,1,36409,10411,520.5000000000001,1820.4
R006,CNO,T2_SD_CNO,2026_06_22_merged.mat,TEST,1,36410,10412,520.5500000000001,1820.4500000000003
R006,CNO,T2_SD_CNO,2026_06_22_merged.mat,TEST,1,36411,10413,520.6000000000001,1820.5000000000002
R006,CNO,T2_SD_CNO,2026_06_22_merged.mat,TEST,1,36412,10414,520.6500000000001,1820.5500000000002
R006,CNO,T2_SD_CNO,2026_06_22_merged.mat,TEST,1,36413,10415,520.7,1820.6000000000001
R006,CNO,T2_SD_CNO,2026_06_22_merged.mat,TEST,2,36437,10439,521.9000000000001,1821.8000000000002
R006,CNO,T2_SD_CNO,2026_06_22_merged.mat,TEST,2,36438,10440,521.95,1821.8500000000001
R006,CNO,T2_SD_CNO,2026_06_22_merged.mat,TEST,2,36439,10441,522.0000000000001,1821.9
R006,CNO,T2_SD_CNO,2026_06_22_merged.mat,TEST,2,36440,10442,522.0500000000001,1821.9500000000003
R006,CNO,T2_SD_CNO,2026_06_22_merged.mat,TEST,2,36441,10443,522.1000000000001,1822.0000000000002
R006,CNO,T2_SD_CNO,2026_06_22_merged.mat,TEST,2,36442,10444,522.1500000000001,1822.0500000000002
R006,CNO,T2_SD_CNO,2026_06_22_merged.mat,TEST,2,36443,10445,522.2,1822.1000000000001
R006,CNO,T2_SD_CNO,2026_06_22_merged.mat,TEST,2,36444,10446,522.2500000000001,1822.15
R006,CNO,T2_SD_CNO,2026_06_22_merged.mat,TEST,2,36445,10447,522.3000000000001,1822.2000000000003
R006,CNO,T2_SD_CNO,2026_06_22_merged.mat,TEST,2,36453,10455,522.7,1822.6000000000001
R006,CNO,T2_SD_CNO,2026_06_22_merged.mat,TEST,2,36454,10456,522.7500000000001,1822.65
R006,CNO,T2_SD_CNO,2026_06_22_merged.mat,TEST,2,36455,10457,522.8000000000001,1822.7000000000003
R006,CNO,T2_SD_CNO,2026_06_22_merged.mat,TEST,2,36456,10458,522.8500000000001,1822.7500000000002
R006,CNO,T2_SD_CNO,2026_06_22_merged.mat,TEST,2,36459,10461,523.0000000000001,1822.9
R006,CNO,T2_SD_CNO,2026_06_22_merged.mat,TEST,2,36460,10462,523.0500000000001,1822.9500000000003
R006,CNO,T2_SD_CNO,2026_06_22_merged.mat,TEST,2,36461,10463,523.1000000000001,1823.0000000000002
R006,CNO,T2_SD_CNO,2026_06_22_merged.mat,TEST,2,36475,10477,523.8000000000001,1823.7000000000003
R006,CNO,T2_SD_CNO,2026_06_22_merged.mat,TEST,2,36476,10478,523.8500000000001,1823.7500000000002
R006,CNO,T2_SD_CNO,2026_06_22_merged.mat,TEST,2,36477,10479,523.9000000000001,1823.8000000000002
R006,CNO,T2_SD_CNO,2026_06_22_merged.mat,TEST,2,36478,10480,523.95,1823.8500000000001
R006,CNO,T2_SD_CNO,2026_06_22_merged.mat,TEST,2,36479,10481,524.0000000000001,1823.9
R006,CNO,T2_SD_CNO,2026_06_22_merged.mat,TEST,2,36480,10482,524.0500000000001,1823.9500000000003
R006,CNO,T2_SD_CNO,2026_06_22_merged.mat,TEST,2,36485,10487,524.3000000000001,1824.2000000000003
R006,CNO,T2_SD_CNO,2026_06_22_merged.mat,TEST,2,36486,10488,524.3500000000001,1824.2500000000002
R006,CNO,T2_SD_CNO,2026_06_22_merged.mat,TEST,2,36487,10489,524.4000000000001,1824.3000000000002
R006,CNO,T2_SD_CNO,2026_06_22_merged.mat,TEST,2,36488,10490,524.45,1824.3500000000001
R006,CNO,T2_SD_CNO,2026_06_22_merged.mat,TEST,2,36489,10491,524.5000000000001,1824.4
R006,CNO,T2_SD_CNO,2026_06_22_merged.mat,TEST,2,36490,10492,524.5500000000001,1824.4500000000003
R006,CNO,T2_SD_CNO,2026_06_22_merged.mat,TEST,2,36509,10511,525.5000000000001,1825.4
R006,CNO,T2_SD_CNO,2026_06_22_merged.mat,TEST,2,36510,10512,525.5500000000001,1825.4500000000003
R006,CNO,T2_SD_CNO,2026_06_22_merged.mat,TEST,1,36518,10520,525.95,1825.8500000000001
R006,CNO,T2_SD_CNO,2026_06_22_merged.mat,TEST,1,36519,10521,526.0000000000001,1825.9
R006,CNO,T2_SD_CNO,2026_06_22_merged.mat,TEST,1,36520,10522,526.0500000000001,1825.9500000000003
R006,CNO,T2_SD_CNO,2026_06_22_merged.mat,TEST,2,36527,10529,526.4000000000001,1826.3000000000002
R006,CNO,T2_SD_CNO,2026_06_22_merged.mat,TEST,2,36528,10530,526.45,1826.3500000000001
R006,CNO,T2_SD_CNO,2026_06_22_merged.mat,TEST,2,36535,10537,526.8000000000001,1826.7000000000003
R006,CNO,T2_SD_CNO,2026_06_22_merged.mat,TEST,2,36536,10538,526.8500000000001,1826.7500000000002
R006,CNO,T2_SD_CNO,2026_06_22_merged.mat,TEST,2,36537,10539,526.9000000000001,1826.8000000000002
R006,CNO,T2_SD_CNO,2026_06_22_merged.mat,TEST,2,36538,10540,526.95,1826.8500000000001
R006,CNO,T2_SD_CNO,2026_06_22_merged.mat,TEST,2,36545,10547,527.3000000000001,1827.2000000000003
R006,CNO,T2_SD_CNO,2026_06_22_merged.mat,TEST,2,36546,10548,527.3500000000001,1827.2500000000002
R006,CNO,T2_SD_CNO,2026_06_22_merged.mat,TEST,2,36547,10549,527.4000000000001,1827.3000000000002
R006,CNO,T2_SD_CNO,2026_06_22_merged.mat,TEST,2,36548,10550,527.45,1827.3500000000001
R006,CNO,T2_SD_CNO,2026_06_22_merged.mat,TEST,1,36553,10555,527.7,1827.6000000000001
R006,CNO,T2_SD_CNO,2026_06_22_merged.mat,TEST,2,36559,10561,528.0000000000001,1827.9
R006,CNO,T2_SD_CNO,2026_06_22_merged.mat,TEST,2,36560,10562,528.0500000000001,1827.9500000000003
R006,CNO,T2_SD_CNO,2026_06_22_merged.mat,TEST,1,36564,10566,528.2500000000001,1828.15
R006,CNO,T2_SD_CNO,2026_06_22_merged.mat,TEST,1,36565,10567,528.3000000000001,1828.2000000000003
R006,CNO,T2_SD_CNO,2026_06_22_merged.mat,TEST,1,36566,10568,528.3500000000001,1828.2500000000002
R006,CNO,T2_SD_CNO,2026_06_22_merged.mat,TEST,1,36567,10569,528.4000000000001,1828.3000000000002
R006,CNO,T2_SD_CNO,2026_06_22_merged.mat,TEST,2,36592,10594,529.6500000000001,1829.5500000000002
R006,CNO,T2_SD_CNO,2026_06_22_merged.mat,TEST,2,36593,10595,529.7,1829.6000000000001
R006,CNO,T2_SD_CNO,2026_06_22_merged.mat,TEST,2,36594,10596,529.7500000000001,1829.65
R006,CNO,T2_SD_CNO,2026_06_22_merged.mat,TEST,2,36595,10597,529.8000000000001,1829.7000000000003
R006,CNO,T2_SD_CNO,2026_06_22_merged.mat,TEST,2,36596,10598,529.8500000000001,1829.7500000000002
R006,CNO,T2_SD_CNO,2026_06_22_merged.mat,TEST,1,36602,10604,530.1500000000001,1830.0500000000002
R006,CNO,T2_SD_CNO,2026_06_22_merged.mat,TEST,1,36603,10605,530.2,1830.1000000000001
R006,CNO,T2_SD_CNO,2026_06_22_merged.mat,TEST,1,36604,10606,530.2500000000001,1830.15
R006,CNO,T2_SD_CNO,2026_06_22_merged.mat,TEST,2,36611,10613,530.6000000000001,1830.5000000000002
R006,CNO,T2_SD_CNO,2026_06_22_merged.mat,TEST,2,36612,10614,530.6500000000001,1830.5500000000002
R006,CNO,T2_SD_CNO,2026_06_22_merged.mat,TEST,2,36613,10615,530.7,1830.6000000000001
R006,CNO,T2_SD_CNO,2026_06_22_merged.mat,TEST,1,36625,10627,531.3000000000001,1831.2000000000003
R006,CNO,T2_SD_CNO,2026_06_22_merged.mat,TEST,1,36626,10628,531.3500000000001,1831.2500000000002
R006,CNO,T2_SD_CNO,2026_06_22_merged.mat,TEST,2,36639,10641,532.0000000000001,1831.9
R006,CNO,T2_SD_CNO,2026_06_22_merged.mat,TEST,2,36640,10642,532.0500000000001,1831.9500000000003
R006,CNO,T2_SD_CNO,2026_06_22_merged.mat,TEST,2,36641,10643,532.1000000000001,1832.0000000000002
R006,CNO,T2_SD_CNO,2026_06_22_merged.mat,TEST,2,36642,10644,532.1500000000001,1832.0500000000002
R006,CNO,T2_SD_CNO,2026_06_22_merged.mat,TEST,2,36643,10645,532.2,1832.1000000000001
R006,CNO,T2_SD_CNO,2026_06_22_merged.mat,TEST,1,36649,10651,532.5000000000001,1832.4
R006,CNO,T2_SD_CNO,2026_06_22_merged.mat,TEST,1,36650,10652,532.5500000000001,1832.4500000000003
R006,CNO,T2_SD_CNO,2026_06_22_merged.mat,TEST,1,36651,10653,532.6000000000001,1832.5000000000002
R006,CNO,T2_SD_CNO,2026_06_22_merged.mat,TEST,2,36676,10678,533.8500000000001,1833.7500000000002
R006,CNO,T2_SD_CNO,2026_06_22_merged.mat,TEST,2,36677,10679,533.9000000000001,1833.8000000000002
R006,CNO,T2_SD_CNO,2026_06_22_merged.mat,TEST,2,36678,10680,533.95,1833.8500000000001
R006,CNO,T2_SD_CNO,2026_06_22_merged.mat,TEST,2,36679,10681,534.0000000000001,1833.9
R006,CNO,T2_SD_CNO,2026_06_22_merged.mat,TEST,2,36680,10682,534.0500000000001,1833.9500000000003
R006,CNO,T2_SD_CNO,2026_06_22_merged.mat,TEST,2,36681,10683,534.1000000000001,1834.0000000000002
R006,CNO,T2_SD_CNO,2026_06_22_merged.mat,TEST,2,36682,10684,534.1500000000001,1834.0500000000002
R006,CNO,T2_SD_CNO,2026_06_22_merged.mat,TEST,2,36683,10685,534.2,1834.1000000000001
R006,CNO,T2_SD_CNO,2026_06_22_merged.mat,TEST,1,36691,10693,534.6000000000001,1834.5000000000002
R006,CNO,T2_SD_CNO,2026_06_22_merged.mat,TEST,1,36692,10694,534.6500000000001,1834.5500000000002
R006,CNO,T2_SD_CNO,2026_06_22_merged.mat,TEST,1,36693,10695,534.7,1834.6000000000001
R006,CNO,T2_SD_CNO,2026_06_22_merged.mat,TEST,2,36700,10702,535.0500000000001,1834.9500000000003
R006,CNO,T2_SD_CNO,2026_06_22_merged.mat,TEST,2,36707,10709,535.4000000000001,1835.3000000000002
R006,CNO,T2_SD_CNO,2026_06_22_merged.mat,TEST,2,36708,10710,535.45,1835.3500000000001
R006,CNO,T2_SD_CNO,2026_06_22_merged.mat,TEST,1,36726,10728,536.3500000000001,1836.2500000000002
R006,CNO,T2_SD_CNO,2026_06_22_merged.mat,TEST,1,36727,10729,536.4000000000001,1836.3000000000002
R006,CNO,T2_SD_CNO,2026_06_22_merged.mat,TEST,2,36738,10740,536.95,1836.8500000000001
R006,CNO,T2_SD_CNO,2026_06_22_merged.mat,TEST,2,36739,10741,537.0000000000001,1836.9
R006,CNO,T2_SD_CNO,2026_06_22_merged.mat,TEST,2,36740,10742,537.0500000000001,1836.9500000000003
R006,CNO,T2_SD_CNO,2026_06_22_merged.mat,TEST,2,36741,10743,537.1000000000001,1837.0000000000002
R006,CNO,T2_SD_CNO,2026_06_22_merged.mat,TEST,2,36808,10810,540.45,1840.3500000000001
R006,CNO,T2_SD_CNO,2026_06_22_merged.mat,TEST,2,36809,10811,540.5000000000001,1840.4
R006,CNO,T2_SD_CNO,2026_06_22_merged.mat,TEST,2,36810,10812,540.5500000000001,1840.4500000000003
R006,CNO,T2_SD_CNO,2026_06_22_merged.mat,TEST,2,36839,10841,542.0000000000001,1841.9
R006,CNO,T2_SD_CNO,2026_06_22_merged.mat,TEST,2,36840,10842,542.0500000000001,1841.9500000000003
R006,CNO,T2_SD_CNO,2026_06_22_merged.mat,TEST,2,36841,10843,542.1000000000001,1842.0000000000002
R006,CNO,T2_SD_CNO,2026_06_22_merged.mat,TEST,2,36842,10844,542.1500000000001,1842.0500000000002
R006,CNO,T2_SD_CNO,2026_06_22_merged.mat,TEST,1,36848,10850,542.45,1842.3500000000001
R006,CNO,T2_SD_CNO,2026_06_22_merged.mat,TEST,1,36849,10851,542.5000000000001,1842.4
R006,CNO,T2_SD_CNO,2026_06_22_merged.mat,TEST,1,36850,10852,542.5500000000001,1842.4500000000003
R006,CNO,T2_SD_CNO,2026_06_22_merged.mat,TEST,1,36851,10853,542.6000000000001,1842.5000000000002
R006,CNO,T2_SD_CNO,2026_06_22_merged.mat,TEST,2,36864,10866,543.2500000000001,1843.15
R006,CNO,T2_SD_CNO,2026_06_22_merged.mat,TEST,2,36865,10867,543.3000000000001,1843.2000000000003
R006,CNO,T2_SD_CNO,2026_06_22_merged.mat,TEST,2,36866,10868,543.3500000000001,1843.2500000000002
R006,CNO,T2_SD_CNO,2026_06_22_merged.mat,TEST,1,36879,10881,544.0000000000001,1843.9
R006,CNO,T2_SD_CNO,2026_06_22_merged.mat,TEST,2,36889,10891,544.5000000000001,1844.4
R006,CNO,T2_SD_CNO,2026_06_22_merged.mat,TEST,2,36890,10892,544.5500000000001,1844.4500000000003
R006,CNO,T2_SD_CNO,2026_06_22_merged.mat,TEST,2,36892,10894,544.6500000000001,1844.5500000000002
R006,CNO,T2_SD_CNO,2026_06_22_merged.mat,TEST,2,36893,10895,544.7,1844.6000000000001
R006,CNO,T2_SD_CNO,2026_06_22_merged.mat,TEST,1,36949,10951,547.5000000000001,1847.4
R006,CNO,T2_SD_CNO,2026_06_22_merged.mat,TEST,1,36950,10952,547.5500000000001,1847.4500000000003
R006,CNO,T2_SD_CNO,2026_06_22_merged.mat,TEST,1,36951,10953,547.6000000000001,1847.5000000000002
R006,CNO,T2_SD_CNO,2026_06_22_merged.mat,TEST,1,36952,10954,547.6500000000001,1847.5500000000002
R006,CNO,T2_SD_CNO,2026_06_22_merged.mat,TEST,2,36971,10973,548.6000000000001,1848.5000000000002
R006,CNO,T2_SD_CNO,2026_06_22_merged.mat,TEST,2,36973,10975,548.7,1848.6000000000001
R006,CNO,T2_SD_CNO,2026_06_22_merged.mat,TEST,2,36974,10976,548.7500000000001,1848.65
R006,CNO,T2_SD_CNO,2026_06_22_merged.mat,TEST,2,36975,10977,548.8000000000001,1848.7000000000003
R006,CNO,T2_SD_CNO,2026_06_22_merged.mat,TEST,2,36976,10978,548.8500000000001,1848.7500000000002
R006,CNO,T2_SD_CNO,2026_06_22_merged.mat,TEST,2,36977,10979,548.9000000000001,1848.8000000000002
R006,CNO,T2_SD_CNO,2026_06_22_merged.mat,TEST,2,36978,10980,548.95,1848.8500000000001
R006,CNO,T2_SD_CNO,2026_06_22_merged.mat,TEST,2,36992,10994,549.6500000000001,1849.5500000000002
R006,CNO,T2_SD_CNO,2026_06_22_merged.mat,TEST,2,36993,10995,549.7,1849.6000000000001
R006,CNO,T2_SD_CNO,2026_06_22_merged.mat,TEST,1,37006,11008,550.3500000000001,1850.2500000000002
R006,CNO,T2_SD_CNO,2026_06_22_merged.mat,TEST,1,37007,11009,550.4000000000001,1850.3000000000002
R006,CNO,T2_SD_CNO,2026_06_22_merged.mat,TEST,1,37008,11010,550.45,1850.3500000000001
R006,CNO,T2_SD_CNO,2026_06_22_merged.mat,TEST,1,37009,11011,550.5000000000001,1850.4
R006,CNO,T2_SD_CNO,2026_06_22_merged.mat,TEST,2,37014,11016,550.7500000000001,1850.65
R006,CNO,T2_SD_CNO,2026_06_22_merged.mat,TEST,2,37015,11017,550.8000000000001,1850.7000000000003
R006,CNO,T2_SD_CNO,2026_06_22_merged.mat,TEST,2,37016,11018,550.8500000000001,1850.7500000000002
R006,CNO,T2_SD_CNO,2026_06_22_merged.mat,TEST,2,37017,11019,550.9000000000001,1850.8000000000002
R006,CNO,T2_SD_CNO,2026_06_22_merged.mat,TEST,1,37040,11042,552.0500000000001,1851.9500000000003
R006,CNO,T2_SD_CNO,2026_06_22_merged.mat,TEST,1,37041,11043,552.1000000000001,1852.0000000000002
R006,CNO,T2_SD_CNO,2026_06_22_merged.mat,TEST,1,37063,11065,553.2,1853.1000000000001
R006,CNO,T2_SD_CNO,2026_06_22_merged.mat,TEST,1,37073,11075,553.7,1853.6000000000001
R006,CNO,T2_SD_CNO,2026_06_22_merged.mat,TEST,2,37079,11081,554.0000000000001,1853.9
R006,CNO,T2_SD_CNO,2026_06_22_merged.mat,TEST,2,37080,11082,554.0500000000001,1853.9500000000003
R006,CNO,T2_SD_CNO,2026_06_22_merged.mat,TEST,2,37081,11083,554.1000000000001,1854.0000000000002
R006,CNO,T2_SD_CNO,2026_06_22_merged.mat,TEST,2,37089,11091,554.5000000000001,1854.4
R006,CNO,T2_SD_CNO,2026_06_22_merged.mat,TEST,2,37090,11092,554.5500000000001,1854.4500000000003
R006,CNO,T2_SD_CNO,2026_06_22_merged.mat,TEST,2,37091,11093,554.6000000000001,1854.5000000000002
R006,CNO,T2_SD_CNO,2026_06_22_merged.mat,TEST,2,37092,11094,554.6500000000001,1854.5500000000002
R006,CNO,T2_SD_CNO,2026_06_22_merged.mat,TEST,2,37093,11095,554.7,1854.6000000000001
R006,CNO,T2_SD_CNO,2026_06_22_merged.mat,TEST,2,37094,11096,554.7500000000001,1854.65
R006,CNO,T2_SD_CNO,2026_06_22_merged.mat,TEST,2,37104,11106,555.2500000000001,1855.15
R006,CNO,T2_SD_CNO,2026_06_22_merged.mat,TEST,2,37105,11107,555.3000000000001,1855.2000000000003
R006,CNO,T2_SD_CNO,2026_06_22_merged.mat,TEST,2,37106,11108,555.3500000000001,1855.2500000000002
R006,CNO,T2_SD_CNO,2026_06_22_merged.mat,TEST,2,37107,11109,555.4000000000001,1855.3000000000002
R006,CNO,T2_SD_CNO,2026_06_22_merged.mat,TEST,2,37108,11110,555.45,1855.3500000000001
R006,CNO,T2_SD_CNO,2026_06_22_merged.mat,TEST,2,37109,11111,555.5000000000001,1855.4
R006,CNO,T2_SD_CNO,2026_06_22_merged.mat,TEST,2,37110,11112,555.5500000000001,1855.4500000000003
R006,CNO,T2_SD_CNO,2026_06_22_merged.mat,TEST,2,37119,11121,556.0000000000001,1855.9
R006,CNO,T2_SD_CNO,2026_06_22_merged.mat,TEST,2,37120,11122,556.0500000000001,1855.9500000000003
R006,CNO,T2_SD_CNO,2026_06_22_merged.mat,TEST,2,37129,11131,556.5000000000001,1856.4
R006,CNO,T2_SD_CNO,2026_06_22_merged.mat,TEST,2,37130,11132,556.5500000000001,1856.4500000000003
R006,CNO,T2_SD_CNO,2026_06_22_merged.mat,TEST,2,37131,11133,556.6000000000001,1856.5000000000002
R006,CNO,T2_SD_CNO,2026_06_22_merged.mat,TEST,2,37132,11134,556.6500000000001,1856.5500000000002
R006,CNO,T2_SD_CNO,2026_06_22_merged.mat,TEST,2,37133,11135,556.7,1856.6000000000001
R006,CNO,T2_SD_CNO,2026_06_22_merged.mat,TEST,2,37154,11156,557.7500000000001,1857.65
R006,CNO,T2_SD_CNO,2026_06_22_merged.mat,TEST,2,37155,11157,557.8000000000001,1857.7000000000003
R006,CNO,T2_SD_CNO,2026_06_22_merged.mat,TEST,2,37156,11158,557.8500000000001,1857.7500000000002
R006,CNO,T2_SD_CNO,2026_06_22_merged.mat,TEST,2,37160,11162,558.0500000000001,1857.9500000000003
R006,CNO,T2_SD_CNO,2026_06_22_merged.mat,TEST,2,37161,11163,558.1000000000001,1858.0000000000002
R006,CNO,T2_SD_CNO,2026_06_22_merged.mat,TEST,2,37162,11164,558.1500000000001,1858.0500000000002
R006,CNO,T2_SD_CNO,2026_06_22_merged.mat,TEST,2,37163,11165,558.2,1858.1000000000001
R006,CNO,T2_SD_CNO,2026_06_22_merged.mat,TEST,2,37182,11184,559.1500000000001,1859.0500000000002
R006,CNO,T2_SD_CNO,2026_06_22_merged.mat,TEST,2,37183,11185,559.2,1859.1000000000001
R006,CNO,T2_SD_CNO,2026_06_22_merged.mat,TEST,2,37184,11186,559.2500000000001,1859.15
R006,CNO,T2_SD_CNO,2026_06_22_merged.mat,TEST,2,37185,11187,559.3000000000001,1859.2000000000003
R006,CNO,T2_SD_CNO,2026_06_22_merged.mat,TEST,2,37192,11194,559.6500000000001,1859.5500000000002
R006,CNO,T2_SD_CNO,2026_06_22_merged.mat,TEST,2,37193,11195,559.7,1859.6000000000001
R006,CNO,T2_SD_CNO,2026_06_22_merged.mat,TEST,2,37194,11196,559.7500000000001,1859.65
R006,CNO,T2_SD_CNO,2026_06_22_merged.mat,TEST,2,37195,11197,559.8000000000001,1859.7000000000003
R006,CNO,T2_SD_CNO,2026_06_22_merged.mat,TEST,1,37201,11203,560.1000000000001,1860.0000000000002
R006,CNO,T2_SD_CNO,2026_06_22_merged.mat,TEST,2,37206,11208,560.3500000000001,1860.2500000000002
R006,CNO,T2_SD_CNO,2026_06_22_merged.mat,TEST,2,37207,11209,560.4000000000001,1860.3000000000002
R006,CNO,T2_SD_CNO,2026_06_22_merged.mat,TEST,2,37272,11274,563.6500000000001,1863.5500000000002
R006,CNO,T2_SD_CNO,2026_06_22_merged.mat,TEST,2,37273,11275,563.7,1863.6000000000001
R006,CNO,T2_SD_CNO,2026_06_22_merged.mat,TEST,2,37274,11276,563.7500000000001,1863.65
R006,CNO,T2_SD_CNO,2026_06_22_merged.mat,TEST,2,37275,11277,563.8000000000001,1863.7000000000003
R006,CNO,T2_SD_CNO,2026_06_22_merged.mat,TEST,2,37276,11278,563.8500000000001,1863.7500000000002
R006,CNO,T2_SD_CNO,2026_06_22_merged.mat,TEST,2,37277,11279,563.9000000000001,1863.8000000000002
R006,CNO,T2_SD_CNO,2026_06_22_merged.mat,TEST,2,37278,11280,563.95,1863.8500000000001
R006,CNO,T2_SD_CNO,2026_06_22_merged.mat,TEST,2,37279,11281,564.0000000000001,1863.9
R006,CNO,T2_SD_CNO,2026_06_22_merged.mat,TEST,2,37283,11285,564.2,1864.1000000000001
R006,CNO,T2_SD_CNO,2026_06_22_merged.mat,TEST,2,37284,11286,564.2500000000001,1864.15
R006,CNO,T2_SD_CNO,2026_06_22_merged.mat,TEST,2,37285,11287,564.3000000000001,1864.2000000000003
R006,CNO,T2_SD_CNO,2026_06_22_merged.mat,TEST,2,37286,11288,564.3500000000001,1864.2500000000002
R006,CNO,T2_SD_CNO,2026_06_22_merged.mat,TEST,2,37290,11292,564.5500000000001,1864.4500000000003
R006,CNO,T2_SD_CNO,2026_06_22_merged.mat,TEST,2,37291,11293,564.6000000000001,1864.5000000000002
R006,CNO,T2_SD_CNO,2026_06_22_merged.mat,TEST,1,37299,11301,565.0000000000001,1864.9
R006,CNO,T2_SD_CNO,2026_06_22_merged.mat,TEST,1,37300,11302,565.0500000000001,1864.9500000000003
R006,CNO,T2_SD_CNO,2026_06_22_merged.mat,TEST,2,37315,11317,565.8000000000001,1865.7000000000003
R006,CNO,T2_SD_CNO,2026_06_22_merged.mat,TEST,2,37316,11318,565.8500000000001,1865.7500000000002
R006,CNO,T2_SD_CNO,2026_06_22_merged.mat,TEST,2,37317,11319,565.9000000000001,1865.8000000000002
R006,CNO,T2_SD_CNO,2026_06_22_merged.mat,TEST,2,37318,11320,565.95,1865.8500000000001
R006,CNO,T2_SD_CNO,2026_06_22_merged.mat,TEST,2,37319,11321,566.0000000000001,1865.9
R006,CNO,T2_SD_CNO,2026_06_22_merged.mat,TEST,2,37324,11326,566.2500000000001,1866.15
R006,CNO,T2_SD_CNO,2026_06_22_merged.mat,TEST,2,37325,11327,566.3000000000001,1866.2000000000003
R006,CNO,T2_SD_CNO,2026_06_22_merged.mat,TEST,2,37326,11328,566.3500000000001,1866.2500000000002
R006,CNO,T2_SD_CNO,2026_06_22_merged.mat,TEST,2,37327,11329,566.4000000000001,1866.3000000000002
R006,CNO,T2_SD_CNO,2026_06_22_merged.mat,TEST,2,37328,11330,566.45,1866.3500000000001
R006,CNO,T2_SD_CNO,2026_06_22_merged.mat,TEST,2,37329,11331,566.5000000000001,1866.4
R006,CNO,T2_SD_CNO,2026_06_22_merged.mat,TEST,2,37330,11332,566.5500000000001,1866.4500000000003
R006,CNO,T2_SD_CNO,2026_06_22_merged.mat,TEST,1,37352,11354,567.6500000000001,1867.5500000000002
R006,CNO,T2_SD_CNO,2026_06_22_merged.mat,TEST,1,37353,11355,567.7,1867.6000000000001
R006,CNO,T2_SD_CNO,2026_06_22_merged.mat,TEST,2,37377,11379,568.9000000000001,1868.8000000000002
R006,CNO,T2_SD_CNO,2026_06_22_merged.mat,TEST,2,37378,11380,568.95,1868.8500000000001
R006,CNO,T2_SD_CNO,2026_06_22_merged.mat,TEST,2,37379,11381,569.0000000000001,1868.9
R006,CNO,T2_SD_CNO,2026_06_22_merged.mat,TEST,2,37380,11382,569.0500000000001,1868.9500000000003
R006,CNO,T2_SD_CNO,2026_06_22_merged.mat,TEST,2,37388,11390,569.45,1869.3500000000001
R006,CNO,T2_SD_CNO,2026_06_22_merged.mat,TEST,2,37389,11391,569.5000000000001,1869.4
R006,CNO,T2_SD_CNO,2026_06_22_merged.mat,TEST,2,37390,11392,569.5500000000001,1869.4500000000003
R006,CNO,T2_SD_CNO,2026_06_22_merged.mat,TEST,2,37391,11393,569.6000000000001,1869.5000000000002
R006,CNO,T2_SD_CNO,2026_06_22_merged.mat,TEST,2,37425,11427,571.3000000000001,1871.2000000000003
R006,CNO,T2_SD_CNO,2026_06_22_merged.mat,TEST,2,37426,11428,571.3500000000001,1871.2500000000002
R006,CNO,T2_SD_CNO,2026_06_22_merged.mat,TEST,2,37427,11429,571.4000000000001,1871.3000000000002
R006,CNO,T2_SD_CNO,2026_06_22_merged.mat,TEST,2,37428,11430,571.45,1871.3500000000001
R006,CNO,T2_SD_CNO,2026_06_22_merged.mat,TEST,2,37429,11431,571.5000000000001,1871.4
R006,CNO,T2_SD_CNO,2026_06_22_merged.mat,TEST,2,37430,11432,571.5500000000001,1871.4500000000003
R006,CNO,T2_SD_CNO,2026_06_22_merged.mat,TEST,2,37431,11433,571.6000000000001,1871.5000000000002
R006,CNO,T2_SD_CNO,2026_06_22_merged.mat,TEST,2,37432,11434,571.6500000000001,1871.5500000000002
R006,CNO,T2_SD_CNO,2026_06_22_merged.mat,TEST,2,37437,11439,571.9000000000001,1871.8000000000002
R006,CNO,T2_SD_CNO,2026_06_22_merged.mat,TEST,2,37438,11440,571.95,1871.8500000000001
R006,CNO,T2_SD_CNO,2026_06_22_merged.mat,TEST,2,37439,11441,572.0000000000001,1871.9
R006,CNO,T2_SD_CNO,2026_06_22_merged.mat,TEST,2,37440,11442,572.0500000000001,1871.9500000000003
R006,CNO,T2_SD_CNO,2026_06_22_merged.mat,TEST,2,37441,11443,572.1000000000001,1872.0000000000002
R006,CNO,T2_SD_CNO,2026_06_22_merged.mat,TEST,2,37445,11447,572.3000000000001,1872.2000000000003
R006,CNO,T2_SD_CNO,2026_06_22_merged.mat,TEST,2,37446,11448,572.3500000000001,1872.2500000000002
R006,CNO,T2_SD_CNO,2026_06_22_merged.mat,TEST,2,37447,11449,572.4000000000001,1872.3000000000002
R006,CNO,T2_SD_CNO,2026_06_22_merged.mat,TEST,2,37448,11450,572.45,1872.3500000000001
R006,CNO,T2_SD_CNO,2026_06_22_merged.mat,TEST,2,37449,11451,572.5000000000001,1872.4
R006,CNO,T2_SD_CNO,2026_06_22_merged.mat,TEST,1,37457,11459,572.9000000000001,1872.8000000000002
R006,CNO,T2_SD_CNO,2026_06_22_merged.mat,TEST,2,37458,11460,572.95,1872.8500000000001
R006,CNO,T2_SD_CNO,2026_06_22_merged.mat,TEST,2,37459,11461,573.0000000000001,1872.9
R006,CNO,T2_SD_CNO,2026_06_22_merged.mat,TEST,2,37460,11462,573.0500000000001,1872.9500000000003
R006,CNO,T2_SD_CNO,2026_06_22_merged.mat,TEST,2,37461,11463,573.1000000000001,1873.0000000000002
R006,CNO,T2_SD_CNO,2026_06_22_merged.mat,TEST,2,37462,11464,573.1500000000001,1873.0500000000002
R006,CNO,T2_SD_CNO,2026_06_22_merged.mat,TEST,2,37463,11465,573.2,1873.1000000000001
R006,CNO,T2_SD_CNO,2026_06_22_merged.mat,TEST,2,37464,11466,573.2500000000001,1873.15
R006,CNO,T2_SD_CNO,2026_06_22_merged.mat,TEST,2,37465,11467,573.3000000000001,1873.2000000000003
R006,CNO,T2_SD_CNO,2026_06_22_merged.mat,TEST,2,37466,11468,573.3500000000001,1873.2500000000002
R006,CNO,T2_SD_CNO,2026_06_22_merged.mat,TEST,2,37467,11469,573.4000000000001,1873.3000000000002
R006,CNO,T2_SD_CNO,2026_06_22_merged.mat,TEST,2,37468,11470,573.45,1873.3500000000001
R006,CNO,T2_SD_CNO,2026_06_22_merged.mat,TEST,2,37476,11478,573.8500000000001,1873.7500000000002
R006,CNO,T2_SD_CNO,2026_06_22_merged.mat,TEST,2,37477,11479,573.9000000000001,1873.8000000000002
R006,CNO,T2_SD_CNO,2026_06_22_merged.mat,TEST,2,37478,11480,573.95,1873.8500000000001
R006,CNO,T2_SD_CNO,2026_06_22_merged.mat,TEST,2,37479,11481,574.0000000000001,1873.9
R006,CNO,T2_SD_CNO,2026_06_22_merged.mat,TEST,1,37504,11506,575.2500000000001,1875.15
R006,CNO,T2_SD_CNO,2026_06_22_merged.mat,TEST,1,37505,11507,575.3000000000001,1875.2000000000003
R006,CNO,T2_SD_CNO,2026_06_22_merged.mat,TEST,1,37506,11508,575.3500000000001,1875.2500000000002
R006,CNO,T2_SD_CNO,2026_06_22_merged.mat,TEST,1,37507,11509,575.4000000000001,1875.3000000000002
R006,CNO,T2_SD_CNO,2026_06_22_merged.mat,TEST,1,37508,11510,575.45,1875.3500000000001
R006,CNO,T2_SD_CNO,2026_06_22_merged.mat,TEST,2,37516,11518,575.8500000000001,1875.7500000000002
R006,CNO,T2_SD_CNO,2026_06_22_merged.mat,TEST,2,37517,11519,575.9000000000001,1875.8000000000002
R006,CNO,T2_SD_CNO,2026_06_22_merged.mat,TEST,2,37518,11520,575.95,1875.8500000000001
R006,CNO,T2_SD_CNO,2026_06_22_merged.mat,TEST,1,37523,11525,576.2,1876.1000000000001
R006,CNO,T2_SD_CNO,2026_06_22_merged.mat,TEST,1,37524,11526,576.2500000000001,1876.15
R006,CNO,T2_SD_CNO,2026_06_22_merged.mat,TEST,2,37530,11532,576.5500000000001,1876.4500000000003
R006,CNO,T2_SD_CNO,2026_06_22_merged.mat,TEST,2,37531,11533,576.6000000000001,1876.5000000000002
R006,CNO,T2_SD_CNO,2026_06_22_merged.mat,TEST,2,37532,11534,576.6500000000001,1876.5500000000002
R006,CNO,T2_SD_CNO,2026_06_22_merged.mat,TEST,2,37533,11535,576.7,1876.6000000000001
R006,CNO,T2_SD_CNO,2026_06_22_merged.mat,TEST,2,37534,11536,576.7500000000001,1876.65
R006,CNO,T2_SD_CNO,2026_06_22_merged.mat,TEST,2,37540,11542,577.0500000000001,1876.9500000000003
R006,CNO,T2_SD_CNO,2026_06_22_merged.mat,TEST,2,37541,11543,577.1000000000001,1877.0000000000002
R006,CNO,T2_SD_CNO,2026_06_22_merged.mat,TEST,2,37542,11544,577.1500000000001,1877.0500000000002
R006,CNO,T2_SD_CNO,2026_06_22_merged.mat,TEST,2,37543,11545,577.2,1877.1000000000001
R006,CNO,T2_SD_CNO,2026_06_22_merged.mat,TEST,2,37544,11546,577.2500000000001,1877.15
R006,CNO,T2_SD_CNO,2026_06_22_merged.mat,TEST,1,37551,11553,577.6000000000001,1877.5000000000002
R006,CNO,T2_SD_CNO,2026_06_22_merged.mat,TEST,1,37552,11554,577.6500000000001,1877.5500000000002
R006,CNO,T2_SD_CNO,2026_06_22_merged.mat,TEST,1,37553,11555,577.7,1877.6000000000001
R006,CNO,T2_SD_CNO,2026_06_22_merged.mat,TEST,2,37567,11569,578.4000000000001,1878.3000000000002
R006,CNO,T2_SD_CNO,2026_06_22_merged.mat,TEST,2,37568,11570,578.45,1878.3500000000001
R006,CNO,T2_SD_CNO,2026_06_22_merged.mat,TEST,2,37569,11571,578.5000000000001,1878.4
R006,CNO,T2_SD_CNO,2026_06_22_merged.mat,TEST,2,37570,11572,578.5500000000001,1878.4500000000003
R006,CNO,T2_SD_CNO,2026_06_22_merged.mat,TEST,2,37571,11573,578.6000000000001,1878.5000000000002
R006,CNO,T2_SD_CNO,2026_06_22_merged.mat,TEST,2,37572,11574,578.6500000000001,1878.5500000000002
R006,CNO,T2_SD_CNO,2026_06_22_merged.mat,TEST,2,37576,11578,578.8500000000001,1878.7500000000002
R006,CNO,T2_SD_CNO,2026_06_22_merged.mat,TEST,2,37577,11579,578.9000000000001,1878.8000000000002
R006,CNO,T2_SD_CNO,2026_06_22_merged.mat,TEST,1,37584,11586,579.2500000000001,1879.15
R006,CNO,T2_SD_CNO,2026_06_22_merged.mat,TEST,1,37585,11587,579.3000000000001,1879.2000000000003
R006,CNO,T2_SD_CNO,2026_06_22_merged.mat,TEST,1,37586,11588,579.3500000000001,1879.2500000000002
R006,CNO,T2_SD_CNO,2026_06_22_merged.mat,TEST,2,37611,11613,580.6000000000001,1880.5000000000002
R006,CNO,T2_SD_CNO,2026_06_22_merged.mat,TEST,2,37612,11614,580.6500000000001,1880.5500000000002
R006,CNO,T2_SD_CNO,2026_06_22_merged.mat,TEST,2,37613,11615,580.7,1880.6000000000001
R006,CNO,T2_SD_CNO,2026_06_22_merged.mat,TEST,2,37614,11616,580.7500000000001,1880.65
R006,CNO,T2_SD_CNO,2026_06_22_merged.mat,TEST,2,37615,11617,580.8000000000001,1880.7000000000003
R006,CNO,T2_SD_CNO,2026_06_22_merged.mat,TEST,2,37616,11618,580.8500000000001,1880.7500000000002
R006,CNO,T2_SD_CNO,2026_06_22_merged.mat,TEST,2,37617,11619,580.9000000000001,1880.8000000000002
R006,CNO,T2_SD_CNO,2026_06_22_merged.mat,TEST,1,37624,11626,581.2500000000001,1881.15
R006,CNO,T2_SD_CNO,2026_06_22_merged.mat,TEST,2,37631,11633,581.6000000000001,1881.5000000000002
R006,CNO,T2_SD_CNO,2026_06_22_merged.mat,TEST,2,37632,11634,581.6500000000001,1881.5500000000002
R006,CNO,T2_SD_CNO,2026_06_22_merged.mat,TEST,2,37633,11635,581.7,1881.6000000000001
R006,CNO,T2_SD_CNO,2026_06_22_merged.mat,TEST,2,37634,11636,581.7500000000001,1881.65
R006,CNO,T2_SD_CNO,2026_06_22_merged.mat,TEST,2,37635,11637,581.8000000000001,1881.7000000000003
R006,CNO,T2_SD_CNO,2026_06_22_merged.mat,TEST,2,37636,11638,581.8500000000001,1881.7500000000002
R006,CNO,T2_SD_CNO,2026_06_22_merged.mat,TEST,1,37648,11650,582.45,1882.3500000000001
R006,CNO,T2_SD_CNO,2026_06_22_merged.mat,TEST,1,37649,11651,582.5000000000001,1882.4
R006,CNO,T2_SD_CNO,2026_06_22_merged.mat,TEST,1,37650,11652,582.5500000000001,1882.4500000000003
R006,CNO,T2_SD_CNO,2026_06_22_merged.mat,TEST,2,37661,11663,583.1000000000001,1883.0000000000002
R006,CNO,T2_SD_CNO,2026_06_22_merged.mat,TEST,2,37662,11664,583.1500000000001,1883.0500000000002
R006,CNO,T2_SD_CNO,2026_06_22_merged.mat,TEST,2,37663,11665,583.2,1883.1000000000001
R006,CNO,T2_SD_CNO,2026_06_22_merged.mat,TEST,2,37664,11666,583.2500000000001,1883.15
R006,CNO,T2_SD_CNO,2026_06_22_merged.mat,TEST,2,37680,11682,584.0500000000001,1883.9500000000003
R006,CNO,T2_SD_CNO,2026_06_22_merged.mat,TEST,2,37681,11683,584.1000000000001,1884.0000000000002
R006,CNO,T2_SD_CNO,2026_06_22_merged.mat,TEST,2,37682,11684,584.1500000000001,1884.0500000000002
R006,CNO,T2_SD_CNO,2026_06_22_merged.mat,TEST,2,37683,11685,584.2,1884.1000000000001
R006,CNO,T2_SD_CNO,2026_06_22_merged.mat,TEST,2,37684,11686,584.2500000000001,1884.15
R006,CNO,T2_SD_CNO,2026_06_22_merged.mat,TEST,2,37685,11687,584.3000000000001,1884.2000000000003
R006,CNO,T2_SD_CNO,2026_06_22_merged.mat,TEST,2,37686,11688,584.3500000000001,1884.2500000000002
R006,CNO,T2_SD_CNO,2026_06_22_merged.mat,TEST,2,37687,11689,584.4000000000001,1884.3000000000002
R006,CNO,T2_SD_CNO,2026_06_22_merged.mat,TEST,2,37688,11690,584.45,1884.3500000000001
R006,CNO,T2_SD_CNO,2026_06_22_merged.mat,TEST,2,37689,11691,584.5000000000001,1884.4
R006,CNO,T2_SD_CNO,2026_06_22_merged.mat,TEST,2,37690,11692,584.5500000000001,1884.4500000000003
R006,CNO,T2_SD_CNO,2026_06_22_merged.mat,TEST,2,37691,11693,584.6000000000001,1884.5000000000002
R006,CNO,T2_SD_CNO,2026_06_22_merged.mat,TEST,2,37692,11694,584.6500000000001,1884.5500000000002
R006,CNO,T2_SD_CNO,2026_06_22_merged.mat,TEST,2,37693,11695,584.7,1884.6000000000001
R006,CNO,T2_SD_CNO,2026_06_22_merged.mat,TEST,2,37694,11696,584.7500000000001,1884.65
R006,CNO,T2_SD_CNO,2026_06_22_merged.mat,TEST,2,37695,11697,584.8000000000001,1884.7000000000003
R006,CNO,T2_SD_CNO,2026_06_22_merged.mat,TEST,2,37696,11698,584.8500000000001,1884.7500000000002
R006,CNO,T2_SD_CNO,2026_06_22_merged.mat,TEST,2,37697,11699,584.9000000000001,1884.8000000000002
R006,CNO,T2_SD_CNO,2026_06_22_merged.mat,TEST,2,37700,11702,585.0500000000001,1884.9500000000003
R006,CNO,T2_SD_CNO,2026_06_22_merged.mat,TEST,2,37701,11703,585.1000000000001,1885.0000000000002
R006,CNO,T2_SD_CNO,2026_06_22_merged.mat,TEST,2,37702,11704,585.1500000000001,1885.0500000000002
R006,CNO,T2_SD_CNO,2026_06_22_merged.mat,TEST,2,37703,11705,585.2,1885.1000000000001
R006,CNO,T2_SD_CNO,2026_06_22_merged.mat,TEST,2,37704,11706,585.2500000000001,1885.15
R006,CNO,T2_SD_CNO,2026_06_22_merged.mat,TEST,2,37705,11707,585.3000000000001,1885.2000000000003
R006,CNO,T2_SD_CNO,2026_06_22_merged.mat,TEST,2,37706,11708,585.3500000000001,1885.2500000000002
R006,CNO,T2_SD_CNO,2026_06_22_merged.mat,TEST,2,37710,11712,585.5500000000001,1885.4500000000003
R006,CNO,T2_SD_CNO,2026_06_22_merged.mat,TEST,2,37711,11713,585.6000000000001,1885.5000000000002
R006,CNO,T2_SD_CNO,2026_06_22_merged.mat,TEST,2,37712,11714,585.6500000000001,1885.5500000000002
R006,CNO,T2_SD_CNO,2026_06_22_merged.mat,TEST,2,37713,11715,585.7,1885.6000000000001
R006,CNO,T2_SD_CNO,2026_06_22_merged.mat,TEST,2,37714,11716,585.7500000000001,1885.65
R006,CNO,T2_SD_CNO,2026_06_22_merged.mat,TEST,2,37715,11717,585.8000000000001,1885.7000000000003
R006,CNO,T2_SD_CNO,2026_06_22_merged.mat,TEST,2,37716,11718,585.8500000000001,1885.7500000000002
R006,CNO,T2_SD_CNO,2026_06_22_merged.mat,TEST,2,37718,11720,585.95,1885.8500000000001
R006,CNO,T2_SD_CNO,2026_06_22_merged.mat,TEST,2,37719,11721,586.0000000000001,1885.9
R006,CNO,T2_SD_CNO,2026_06_22_merged.mat,TEST,2,37720,11722,586.0500000000001,1885.9500000000003
R006,CNO,T2_SD_CNO,2026_06_22_merged.mat,TEST,2,37721,11723,586.1000000000001,1886.0000000000002
R006,CNO,T2_SD_CNO,2026_06_22_merged.mat,TEST,2,37722,11724,586.1500000000001,1886.0500000000002
R006,CNO,T2_SD_CNO,2026_06_22_merged.mat,TEST,2,37763,11765,588.2,1888.1000000000001
R006,CNO,T2_SD_CNO,2026_06_22_merged.mat,TEST,2,37764,11766,588.2500000000001,1888.15
R006,CNO,T2_SD_CNO,2026_06_22_merged.mat,TEST,2,37765,11767,588.3000000000001,1888.2000000000003
R006,CNO,T2_SD_CNO,2026_06_22_merged.mat,TEST,2,37766,11768,588.3500000000001,1888.2500000000002
R006,CNO,T2_SD_CNO,2026_06_22_merged.mat,TEST,2,37767,11769,588.4000000000001,1888.3000000000002
R006,CNO,T2_SD_CNO,2026_06_22_merged.mat,TEST,2,37768,11770,588.45,1888.3500000000001
R006,CNO,T2_SD_CNO,2026_06_22_merged.mat,TEST,2,37775,11777,588.8000000000001,1888.7000000000003
R006,CNO,T2_SD_CNO,2026_06_22_merged.mat,TEST,2,37776,11778,588.8500000000001,1888.7500000000002
R006,CNO,T2_SD_CNO,2026_06_22_merged.mat,TEST,2,37777,11779,588.9000000000001,1888.8000000000002
R006,CNO,T2_SD_CNO,2026_06_22_merged.mat,TEST,2,37778,11780,588.95,1888.8500000000001
R006,CNO,T2_SD_CNO,2026_06_22_merged.mat,TEST,2,37779,11781,589.0000000000001,1888.9
R006,CNO,T2_SD_CNO,2026_06_22_merged.mat,TEST,2,37782,11784,589.1500000000001,1889.0500000000002
R006,CNO,T2_SD_CNO,2026_06_22_merged.mat,TEST,2,37783,11785,589.2,1889.1000000000001
R006,CNO,T2_SD_CNO,2026_06_22_merged.mat,TEST,2,37784,11786,589.2500000000001,1889.15
R006,CNO,T2_SD_CNO,2026_06_22_merged.mat,TEST,2,37785,11787,589.3000000000001,1889.2000000000003
R006,CNO,T2_SD_CNO,2026_06_22_merged.mat,TEST,2,37793,11795,589.7,1889.6000000000001
R006,CNO,T2_SD_CNO,2026_06_22_merged.mat,TEST,2,37794,11796,589.7500000000001,1889.65
R006,CNO,T2_SD_CNO,2026_06_22_merged.mat,TEST,2,37795,11797,589.8000000000001,1889.7000000000003
R006,CNO,T2_SD_CNO,2026_06_22_merged.mat,TEST,2,37798,11800,589.95,1889.8500000000001
R006,CNO,T2_SD_CNO,2026_06_22_merged.mat,TEST,2,37799,11801,590.0000000000001,1889.9
R006,CNO,T2_SD_CNO,2026_06_22_merged.mat,TEST,2,37800,11802,590.0500000000001,1889.9500000000003
R006,CNO,T2_SD_CNO,2026_06_22_merged.mat,TEST,2,37802,11804,590.1500000000001,1890.0500000000002
R006,CNO,T2_SD_CNO,2026_06_22_merged.mat,TEST,2,37803,11805,590.2,1890.1000000000001
R006,CNO,T2_SD_CNO,2026_06_22_merged.mat,TEST,2,37804,11806,590.2500000000001,1890.15
R006,CNO,T2_SD_CNO,2026_06_22_merged.mat,TEST,2,37805,11807,590.3000000000001,1890.2000000000003
R006,CNO,T2_SD_CNO,2026_06_22_merged.mat,TEST,2,37816,11818,590.8500000000001,1890.7500000000002
R006,CNO,T2_SD_CNO,2026_06_22_merged.mat,TEST,2,37817,11819,590.9000000000001,1890.8000000000002
R006,CNO,T2_SD_CNO,2026_06_22_merged.mat,TEST,2,37818,11820,590.95,1890.8500000000001
R006,CNO,T2_SD_CNO,2026_06_22_merged.mat,TEST,2,37819,11821,591.0000000000001,1890.9
R006,CNO,T2_SD_CNO,2026_06_22_merged.mat,TEST,2,37820,11822,591.0500000000001,1890.9500000000003
R006,CNO,T2_SD_CNO,2026_06_22_merged.mat,TEST,2,37821,11823,591.1000000000001,1891.0000000000002
R006,CNO,T2_SD_CNO,2026_06_22_merged.mat,TEST,2,37826,11828,591.3500000000001,1891.2500000000002
R006,CNO,T2_SD_CNO,2026_06_22_merged.mat,TEST,2,37827,11829,591.4000000000001,1891.3000000000002
R006,CNO,T2_SD_CNO,2026_06_22_merged.mat,TEST,2,37828,11830,591.45,1891.3500000000001
R006,CNO,T2_SD_CNO,2026_06_22_merged.mat,TEST,2,37829,11831,591.5000000000001,1891.4
R006,CNO,T2_SD_CNO,2026_06_22_merged.mat,TEST,2,37830,11832,591.5500000000001,1891.4500000000003
R006,CNO,T2_SD_CNO,2026_06_22_merged.mat,TEST,2,37831,11833,591.6000000000001,1891.5000000000002
R006,CNO,T2_SD_CNO,2026_06_22_merged.mat,TEST,2,37832,11834,591.6500000000001,1891.5500000000002
R006,CNO,T2_SD_CNO,2026_06_22_merged.mat,TEST,2,37833,11835,591.7,1891.6000000000001
R006,CNO,T2_SD_CNO,2026_06_22_merged.mat,TEST,2,37834,11836,591.7500000000001,1891.65
R006,CNO,T2_SD_CNO,2026_06_22_merged.mat,TEST,2,37835,11837,591.8000000000001,1891.7000000000003
R006,CNO,T2_SD_CNO,2026_06_22_merged.mat,TEST,2,37861,11863,593.1000000000001,1893.0000000000002
R006,CNO,T2_SD_CNO,2026_06_22_merged.mat,TEST,2,37862,11864,593.1500000000001,1893.0500000000002
R006,CNO,T2_SD_CNO,2026_06_22_merged.mat,TEST,2,37863,11865,593.2,1893.1000000000001
R006,CNO,T2_SD_CNO,2026_06_22_merged.mat,TEST,2,37864,11866,593.2500000000001,1893.15
R006,CNO,T2_SD_CNO,2026_06_22_merged.mat,TEST,2,37865,11867,593.3000000000001,1893.2000000000003
R006,CNO,T2_SD_CNO,2026_06_22_merged.mat,TEST,2,37866,11868,593.3500000000001,1893.2500000000002
R006,CNO,T2_SD_CNO,2026_06_22_merged.mat,TEST,2,37867,11869,593.4000000000001,1893.3000000000002
R006,CNO,T2_SD_CNO,2026_06_22_merged.mat,TEST,2,37868,11870,593.45,1893.3500000000001
R006,CNO,T2_SD_CNO,2026_06_22_merged.mat,TEST,2,37869,11871,593.5000000000001,1893.4
R006,CNO,T2_SD_CNO,2026_06_22_merged.mat,TEST,2,37870,11872,593.5500000000001,1893.4500000000003
R006,CNO,T2_SD_CNO,2026_06_22_merged.mat,TEST,2,37871,11873,593.6000000000001,1893.5000000000002
R006,CNO,T2_SD_CNO,2026_06_22_merged.mat,TEST,2,37872,11874,593.6500000000001,1893.5500000000002
R006,CNO,T2_SD_CNO,2026_06_22_merged.mat,TEST,2,37873,11875,593.7,1893.6000000000001
R006,CNO,T2_SD_CNO,2026_06_22_merged.mat,TEST,2,37874,11876,593.7500000000001,1893.65
R006,CNO,T2_SD_CNO,2026_06_22_merged.mat,TEST,2,37884,11886,594.2500000000001,1894.15
R006,CNO,T2_SD_CNO,2026_06_22_merged.mat,TEST,2,37885,11887,594.3000000000001,1894.2000000000003
R006,CNO,T2_SD_CNO,2026_06_22_merged.mat,TEST,2,37886,11888,594.3500000000001,1894.2500000000002
R006,CNO,T2_SD_CNO,2026_06_22_merged.mat,TEST,2,37887,11889,594.4000000000001,1894.3000000000002
R006,CNO,T2_SD_CNO,2026_06_22_merged.mat,TEST,2,37901,11903,595.1000000000001,1895.0000000000002
R006,CNO,T2_SD_CNO,2026_06_22_merged.mat,TEST,2,37902,11904,595.1500000000001,1895.0500000000002
R006,CNO,T2_SD_CNO,2026_06_22_merged.mat,TEST,2,37903,11905,595.2,1895.1000000000001
R006,CNO,T2_SD_CNO,2026_06_22_merged.mat,TEST,2,37904,11906,595.2500000000001,1895.15
R006,CNO,T2_SD_CNO,2026_06_22_merged.mat,TEST,2,37905,11907,595.3000000000001,1895.2000000000003
R006,CNO,T2_SD_CNO,2026_06_22_merged.mat,TEST,2,37906,11908,595.3500000000001,1895.2500000000002
R006,CNO,T2_SD_CNO,2026_06_22_merged.mat,TEST,2,37913,11915,595.7,1895.6000000000001
R006,CNO,T2_SD_CNO,2026_06_22_merged.mat,TEST,2,37914,11916,595.7500000000001,1895.65
R006,CNO,T2_SD_CNO,2026_06_22_merged.mat,TEST,2,37915,11917,595.8000000000001,1895.7000000000003
R006,CNO,T2_SD_CNO,2026_06_22_merged.mat,TEST,1,37920,11922,596.0500000000001,1895.9500000000003
R006,CNO,T2_SD_CNO,2026_06_22_merged.mat,TEST,1,37921,11923,596.1000000000001,1896.0000000000002
R006,CNO,T2_SD_CNO,2026_06_22_merged.mat,TEST,1,37922,11924,596.1500000000001,1896.0500000000002
R006,CNO,T2_SD_CNO,2026_06_22_merged.mat,TEST,2,37928,11930,596.45,1896.3500000000001
R006,CNO,T2_SD_CNO,2026_06_22_merged.mat,TEST,1,37933,11935,596.7,1896.6000000000001
R006,CNO,T2_SD_CNO,2026_06_22_merged.mat,TEST,1,37934,11936,596.7500000000001,1896.65
R006,CNO,T2_SD_CNO,2026_06_22_merged.mat,TEST,2,37940,11942,597.0500000000001,1896.9500000000003
R006,CNO,T2_SD_CNO,2026_06_22_merged.mat,TEST,2,37941,11943,597.1000000000001,1897.0000000000002
R006,CNO,T2_SD_CNO,2026_06_22_merged.mat,TEST,2,37942,11944,597.1500000000001,1897.0500000000002
R006,CNO,T2_SD_CNO,2026_06_22_merged.mat,TEST,2,37952,11954,597.6500000000001,1897.5500000000002
R006,CNO,T2_SD_CNO,2026_06_22_merged.mat,TEST,2,37953,11955,597.7,1897.6000000000001
R006,CNO,T2_SD_CNO,2026_06_22_merged.mat,TEST,2,37954,11956,597.7500000000001,1897.65
R006,CNO,T2_SD_CNO,2026_06_22_merged.mat,TEST,1,37960,11962,598.0500000000001,1897.9500000000003
R006,CNO,T2_SD_CNO,2026_06_22_merged.mat,TEST,1,37961,11963,598.1000000000001,1898.0000000000002
R006,CNO,T2_SD_CNO,2026_06_22_merged.mat,TEST,1,37962,11964,598.1500000000001,1898.0500000000002
R006,CNO,T2_SD_CNO,2026_06_22_merged.mat,TEST,1,37963,11965,598.2,1898.1000000000001
R006,CNO,T2_SD_CNO,2026_06_22_merged.mat,TEST,1,37964,11966,598.2500000000001,1898.15
R006,CNO,T2_SD_CNO,2026_06_22_merged.mat,TEST,1,37965,11967,598.3000000000001,1898.2000000000003
R006,CNO,T2_SD_CNO,2026_06_22_merged.mat,TEST,2,37977,11979,598.9000000000001,1898.8000000000002
R006,CNO,T2_SD_CNO,2026_06_22_merged.mat,TEST,1,37993,11995,599.7,1899.6000000000001
R006,CNO,T2_SD_CNO,2026_06_22_merged.mat,TEST,1,37994,11996,599.7500000000001,1899.65
R006,CNO,T2_SD_CNO,2026_06_22_merged.mat,TEST,1,37995,11997,599.8000000000001,1899.7000000000003
R006,CNO,T2_SD_CNO,2026_06_22_merged.mat,TEST,1,38002,12004,600.1500000000001,1900.0500000000002
R006,CNO,T2_SD_CNO,2026_06_22_merged.mat,TEST,1,38003,12005,600.2,1900.1000000000001
R006,CNO,T2_SD_CNO,2026_06_22_merged.mat,TEST,1,38004,12006,600.2500000000001,1900.15
R006,CNO,T2_SD_CNO,2026_06_22_merged.mat,TEST,2,38010,12012,600.5500000000001,1900.4500000000003
R006,CNO,T2_SD_CNO,2026_06_22_merged.mat,TEST,2,38011,12013,600.6000000000001,1900.5000000000002
R006,CNO,T2_SD_CNO,2026_06_22_merged.mat,TEST,2,38020,12022,601.0500000000001,1900.9500000000003
R006,CNO,T2_SD_CNO,2026_06_22_merged.mat,TEST,2,38021,12023,601.1000000000001,1901.0000000000002
R006,CNO,T2_SD_CNO,2026_06_22_merged.mat,TEST,2,38022,12024,601.1500000000001,1901.0500000000002
R006,CNO,T2_SD_CNO,2026_06_22_merged.mat,TEST,1,38028,12030,601.45,1901.3500000000001
R006,CNO,T2_SD_CNO,2026_06_22_merged.mat,TEST,1,38029,12031,601.5000000000001,1901.4
R006,CNO,T2_SD_CNO,2026_06_22_merged.mat,TEST,1,38030,12032,601.5500000000001,1901.4500000000003
R006,CNO,T2_SD_CNO,2026_06_22_merged.mat,TEST,2,38039,12041,602.0000000000001,1901.9
R006,CNO,T2_SD_CNO,2026_06_22_merged.mat,TEST,2,38040,12042,602.0500000000001,1901.9500000000003
R006,CNO,T2_SD_CNO,2026_06_22_merged.mat,TEST,2,38041,12043,602.1000000000001,1902.0000000000002
R006,CNO,T2_SD_CNO,2026_06_22_merged.mat,TEST,2,38042,12044,602.1500000000001,1902.0500000000002
R006,CNO,T2_SD_CNO,2026_06_22_merged.mat,TEST,1,38067,12069,603.4000000000001,1903.3000000000002
R006,CNO,T2_SD_CNO,2026_06_22_merged.mat,TEST,1,38068,12070,603.45,1903.3500000000001
R006,CNO,T2_SD_CNO,2026_06_22_merged.mat,TEST,2,38081,12083,604.1000000000001,1904.0000000000002
R006,CNO,T2_SD_CNO,2026_06_22_merged.mat,TEST,2,38082,12084,604.1500000000001,1904.0500000000002
R006,CNO,T2_SD_CNO,2026_06_22_merged.mat,TEST,2,38083,12085,604.2,1904.1000000000001
R006,CNO,T2_SD_CNO,2026_06_22_merged.mat,TEST,2,38129,12131,606.5000000000001,1906.4
R006,CNO,T2_SD_CNO,2026_06_22_merged.mat,TEST,2,38130,12132,606.5500000000001,1906.4500000000003
R006,CNO,T2_SD_CNO,2026_06_22_merged.mat,TEST,2,38131,12133,606.6000000000001,1906.5000000000002
R006,CNO,T2_SD_CNO,2026_06_22_merged.mat,TEST,2,38132,12134,606.6500000000001,1906.5500000000002
R006,CNO,T2_SD_CNO,2026_06_22_merged.mat,TEST,2,38133,12135,606.7,1906.6000000000001
R006,CNO,T2_SD_CNO,2026_06_22_merged.mat,TEST,2,38134,12136,606.7500000000001,1906.65
R006,CNO,T2_SD_CNO,2026_06_22_merged.mat,TEST,2,38135,12137,606.8000000000001,1906.7000000000003
R006,CNO,T2_SD_CNO,2026_06_22_merged.mat,TEST,2,38136,12138,606.8500000000001,1906.7500000000002
R006,CNO,T2_SD_CNO,2026_06_22_merged.mat,TEST,2,38137,12139,606.9000000000001,1906.8000000000002
R006,CNO,T2_SD_CNO,2026_06_22_merged.mat,TEST,2,38138,12140,606.95,1906.8500000000001
R006,CNO,T2_SD_CNO,2026_06_22_merged.mat,TEST,2,38139,12141,607.0000000000001,1906.9
R006,CNO,T2_SD_CNO,2026_06_22_merged.mat,TEST,2,38140,12142,607.0500000000001,1906.9500000000003
R006,CNO,T2_SD_CNO,2026_06_22_merged.mat,TEST,2,38141,12143,607.1000000000001,1907.0000000000002
R006,CNO,T2_SD_CNO,2026_06_22_merged.mat,TEST,2,38142,12144,607.1500000000001,1907.0500000000002
R006,CNO,T2_SD_CNO,2026_06_22_merged.mat,TEST,2,38143,12145,607.2,1907.1000000000001
R006,CNO,T2_SD_CNO,2026_06_22_merged.mat,TEST,2,38144,12146,607.2500000000001,1907.15
R006,CNO,T2_SD_CNO,2026_06_22_merged.mat,TEST,2,38145,12147,607.3000000000001,1907.2000000000003
R006,CNO,T2_SD_CNO,2026_06_22_merged.mat,TEST,2,38146,12148,607.3500000000001,1907.2500000000002
R006,CNO,T2_SD_CNO,2026_06_22_merged.mat,TEST,2,38147,12149,607.4000000000001,1907.3000000000002
R006,CNO,T2_SD_CNO,2026_06_22_merged.mat,TEST,2,38148,12150,607.45,1907.3500000000001
R006,CNO,T2_SD_CNO,2026_06_22_merged.mat,TEST,2,38149,12151,607.5000000000001,1907.4
R006,CNO,T2_SD_CNO,2026_06_22_merged.mat,TEST,2,38150,12152,607.5500000000001,1907.4500000000003
R006,CNO,T2_SD_CNO,2026_06_22_merged.mat,TEST,2,38154,12156,607.7500000000001,1907.65
R006,CNO,T2_SD_CNO,2026_06_22_merged.mat,TEST,2,38155,12157,607.8000000000001,1907.7000000000003
R006,CNO,T2_SD_CNO,2026_06_22_merged.mat,TEST,2,38156,12158,607.8500000000001,1907.7500000000002
R006,CNO,T2_SD_CNO,2026_06_22_merged.mat,TEST,2,38157,12159,607.9000000000001,1907.8000000000002
R006,CNO,T2_SD_CNO,2026_06_22_merged.mat,TEST,2,38158,12160,607.95,1907.8500000000001
R006,CNO,T2_SD_CNO,2026_06_22_merged.mat,TEST,2,38159,12161,608.0000000000001,1907.9
R006,CNO,T2_SD_CNO,2026_06_22_merged.mat,TEST,2,38160,12162,608.0500000000001,1907.9500000000003
R006,CNO,T2_SD_CNO,2026_06_22_merged.mat,TEST,2,38164,12166,608.2500000000001,1908.15
R006,CNO,T2_SD_CNO,2026_06_22_merged.mat,TEST,2,38165,12167,608.3000000000001,1908.2000000000003
R006,CNO,T2_SD_CNO,2026_06_22_merged.mat,TEST,2,38166,12168,608.3500000000001,1908.2500000000002
R006,CNO,T2_SD_CNO,2026_06_22_merged.mat,TEST,2,38167,12169,608.4000000000001,1908.3000000000002
R006,CNO,T2_SD_CNO,2026_06_22_merged.mat,TEST,1,38174,12176,608.7500000000001,1908.65
R006,CNO,T2_SD_CNO,2026_06_22_merged.mat,TEST,1,38175,12177,608.8000000000001,1908.7000000000003
R006,CNO,T2_SD_CNO,2026_06_22_merged.mat,TEST,1,38176,12178,608.8500000000001,1908.7500000000002
R006,CNO,T2_SD_CNO,2026_06_22_merged.mat,TEST,1,38186,12188,609.3500000000001,1909.2500000000002
R006,CNO,T2_SD_CNO,2026_06_22_merged.mat,TEST,1,38187,12189,609.4000000000001,1909.3000000000002
R006,CNO,T2_SD_CNO,2026_06_22_merged.mat,TEST,1,38304,12306,615.2500000000001,1915.15
R006,CNO,T2_SD_CNO,2026_06_22_merged.mat,TEST,2,38320,12322,616.0500000000001,1915.9500000000003
R006,CNO,T2_SD_CNO,2026_06_22_merged.mat,TEST,2,38321,12323,616.1000000000001,1916.0000000000002
R006,CNO,T2_SD_CNO,2026_06_22_merged.mat,TEST,2,38377,12379,618.9000000000001,1918.8000000000002
R006,CNO,T2_SD_CNO,2026_06_22_merged.mat,TEST,2,38378,12380,618.95,1918.8500000000001
R006,CNO,T2_SD_CNO,2026_06_22_merged.mat,TEST,2,38379,12381,619.0000000000001,1918.9
R006,CNO,T2_SD_CNO,2026_06_22_merged.mat,TEST,2,38380,12382,619.0500000000001,1918.9500000000003
R006,CNO,T2_SD_CNO,2026_06_22_merged.mat,TEST,2,38381,12383,619.1000000000001,1919.0000000000002
R006,CNO,T2_SD_CNO,2026_06_22_merged.mat,TEST,2,38382,12384,619.1500000000001,1919.0500000000002
R006,CNO,T2_SD_CNO,2026_06_22_merged.mat,TEST,2,38383,12385,619.2,1919.1000000000001
R006,CNO,T2_SD_CNO,2026_06_22_merged.mat,TEST,2,38391,12393,619.6000000000001,1919.5000000000002
R006,CNO,T2_SD_CNO,2026_06_22_merged.mat,TEST,2,38392,12394,619.6500000000001,1919.5500000000002
R006,CNO,T2_SD_CNO,2026_06_22_merged.mat,TEST,2,38393,12395,619.7,1919.6000000000001
R006,CNO,T2_SD_CNO,2026_06_22_merged.mat,TEST,2,38394,12396,619.7500000000001,1919.65
R006,CNO,T2_SD_CNO,2026_06_22_merged.mat,TEST,1,38402,12404,620.1500000000001,1920.0500000000002
R006,CNO,T2_SD_CNO,2026_06_22_merged.mat,TEST,1,38403,12405,620.2,1920.1000000000001
R006,CNO,T2_SD_CNO,2026_06_22_merged.mat,TEST,1,38404,12406,620.2500000000001,1920.15
R006,CNO,T2_SD_CNO,2026_06_22_merged.mat,TEST,2,38433,12435,621.7,1921.6000000000001
R006,CNO,T2_SD_CNO,2026_06_22_merged.mat,TEST,2,38434,12436,621.7500000000001,1921.65
R006,CNO,T2_SD_CNO,2026_06_22_merged.mat,TEST,2,38435,12437,621.8000000000001,1921.7000000000003
R006,CNO,T2_SD_CNO,2026_06_22_merged.mat,TEST,2,38447,12449,622.4000000000001,1922.3000000000002
R006,CNO,T2_SD_CNO,2026_06_22_merged.mat,TEST,2,38448,12450,622.45,1922.3500000000001
R006,CNO,T2_SD_CNO,2026_06_22_merged.mat,TEST,2,38449,12451,622.5000000000001,1922.4
R006,CNO,T2_SD_CNO,2026_06_22_merged.mat,TEST,2,38490,12492,624.5500000000001,1924.4500000000003
R006,CNO,T2_SD_CNO,2026_06_22_merged.mat,TEST,2,38491,12493,624.6000000000001,1924.5000000000002
R006,CNO,T2_SD_CNO,2026_06_22_merged.mat,TEST,2,38492,12494,624.6500000000001,1924.5500000000002
R006,CNO,T2_SD_CNO,2026_06_22_merged.mat,TEST,2,38493,12495,624.7,1924.6000000000001
R006,CNO,T2_SD_CNO,2026_06_22_merged.mat,TEST,2,38505,12507,625.3000000000001,1925.2000000000003
R006,CNO,T2_SD_CNO,2026_06_22_merged.mat,TEST,2,38506,12508,625.3500000000001,1925.2500000000002
R006,CNO,T2_SD_CNO,2026_06_22_merged.mat,TEST,2,38507,12509,625.4000000000001,1925.3000000000002
R006,CNO,T2_SD_CNO,2026_06_22_merged.mat,TEST,2,38508,12510,625.45,1925.3500000000001
R006,CNO,T2_SD_CNO,2026_06_22_merged.mat,TEST,2,38509,12511,625.5000000000001,1925.4
R006,CNO,T2_SD_CNO,2026_06_22_merged.mat,TEST,2,38510,12512,625.5500000000001,1925.4500000000003
R006,CNO,T2_SD_CNO,2026_06_22_merged.mat,TEST,2,38525,12527,626.3000000000001,1926.2000000000003
R006,CNO,T2_SD_CNO,2026_06_22_merged.mat,TEST,2,38526,12528,626.3500000000001,1926.2500000000002
R006,CNO,T2_SD_CNO,2026_06_22_merged.mat,TEST,2,38527,12529,626.4000000000001,1926.3000000000002
R006,CNO,T2_SD_CNO,2026_06_22_merged.mat,TEST,1,38555,12557,627.8000000000001,1927.7000000000003
R006,CNO,T2_SD_CNO,2026_06_22_merged.mat,TEST,1,38556,12558,627.8500000000001,1927.7500000000002
R006,CNO,T2_SD_CNO,2026_06_22_merged.mat,TEST,1,38557,12559,627.9000000000001,1927.8000000000002
R006,CNO,T2_SD_CNO,2026_06_22_merged.mat,TEST,1,38558,12560,627.95,1927.8500000000001
R006,CNO,T2_SD_CNO,2026_06_22_merged.mat,TEST,1,38559,12561,628.0000000000001,1927.9
R006,CNO,T2_SD_CNO,2026_06_22_merged.mat,TEST,1,38560,12562,628.0500000000001,1927.9500000000003
R006,CNO,T2_SD_CNO,2026_06_22_merged.mat,TEST,1,38561,12563,628.1000000000001,1928.0000000000002
R006,CNO,T2_SD_CNO,2026_06_22_merged.mat,TEST,2,38579,12581,629.0000000000001,1928.9
R006,CNO,T2_SD_CNO,2026_06_22_merged.mat,TEST,2,38580,12582,629.0500000000001,1928.9500000000003
R006,CNO,T2_SD_CNO,2026_06_22_merged.mat,TEST,2,38581,12583,629.1000000000001,1929.0000000000002
R006,CNO,T2_SD_CNO,2026_06_22_merged.mat,TEST,2,38582,12584,629.1500000000001,1929.0500000000002
R006,CNO,T2_SD_CNO,2026_06_22_merged.mat,TEST,1,38603,12605,630.2,1930.1000000000001
R006,CNO,T2_SD_CNO,2026_06_22_merged.mat,TEST,1,38604,12606,630.2500000000001,1930.15
R006,CNO,T2_SD_CNO,2026_06_22_merged.mat,TEST,2,38621,12623,631.1000000000001,1931.0000000000002
R006,CNO,T2_SD_CNO,2026_06_22_merged.mat,TEST,2,38622,12624,631.1500000000001,1931.0500000000002
R006,CNO,T2_SD_CNO,2026_06_22_merged.mat,TEST,2,38623,12625,631.2,1931.1000000000001
R006,CNO,T2_SD_CNO,2026_06_22_merged.mat,TEST,2,38624,12626,631.2500000000001,1931.15
R006,CNO,T2_SD_CNO,2026_06_22_merged.mat,TEST,2,38625,12627,631.3000000000001,1931.2000000000003
R006,CNO,T2_SD_CNO,2026_06_22_merged.mat,TEST,2,38663,12665,633.2,1933.1000000000001
R006,CNO,T2_SD_CNO,2026_06_22_merged.mat,TEST,2,38664,12666,633.2500000000001,1933.15
R006,CNO,T2_SD_CNO,2026_06_22_merged.mat,TEST,2,38665,12667,633.3000000000001,1933.2000000000003
R006,CNO,T2_SD_CNO,2026_06_22_merged.mat,TEST,2,38666,12668,633.3500000000001,1933.2500000000002
R006,CNO,T2_SD_CNO,2026_06_22_merged.mat,TEST,2,38667,12669,633.4000000000001,1933.3000000000002
R006,CNO,T2_SD_CNO,2026_06_22_merged.mat,TEST,2,38668,12670,633.45,1933.3500000000001
R006,CNO,T2_SD_CNO,2026_06_22_merged.mat,TEST,2,38669,12671,633.5000000000001,1933.4
R006,CNO,T2_SD_CNO,2026_06_22_merged.mat,TEST,2,38670,12672,633.5500000000001,1933.4500000000003
R006,CNO,T2_SD_CNO,2026_06_22_merged.mat,TEST,2,38671,12673,633.6000000000001,1933.5000000000002
R006,CNO,T2_SD_CNO,2026_06_22_merged.mat,TEST,2,38672,12674,633.6500000000001,1933.5500000000002
R006,CNO,T2_SD_CNO,2026_06_22_merged.mat,TEST,2,38673,12675,633.7,1933.6000000000001
R006,CNO,T2_SD_CNO,2026_06_22_merged.mat,TEST,2,38674,12676,633.7500000000001,1933.65
R006,CNO,T2_SD_CNO,2026_06_22_merged.mat,TEST,2,38692,12694,634.6500000000001,1934.5500000000002
R006,CNO,T2_SD_CNO,2026_06_22_merged.mat,TEST,2,38693,12695,634.7,1934.6000000000001
R006,CNO,T2_SD_CNO,2026_06_22_merged.mat,TEST,2,38694,12696,634.7500000000001,1934.65
R006,CNO,T2_SD_CNO,2026_06_22_merged.mat,TEST,2,38695,12697,634.8000000000001,1934.7000000000003
R006,CNO,T2_SD_CNO,2026_06_22_merged.mat,TEST,2,38696,12698,634.8500000000001,1934.7500000000002
R006,CNO,T2_SD_CNO,2026_06_22_merged.mat,TEST,2,38697,12699,634.9000000000001,1934.8000000000002
R006,CNO,T2_SD_CNO,2026_06_22_merged.mat,TEST,2,38698,12700,634.95,1934.8500000000001
R006,CNO,T2_SD_CNO,2026_06_22_merged.mat,TEST,2,38707,12709,635.4000000000001,1935.3000000000002
R006,CNO,T2_SD_CNO,2026_06_22_merged.mat,TEST,2,38708,12710,635.45,1935.3500000000001
R006,CNO,T2_SD_CNO,2026_06_22_merged.mat,TEST,2,38715,12717,635.8000000000001,1935.7000000000003
R006,CNO,T2_SD_CNO,2026_06_22_merged.mat,TEST,2,38716,12718,635.8500000000001,1935.7500000000002
R006,CNO,T2_SD_CNO,2026_06_22_merged.mat,TEST,2,38717,12719,635.9000000000001,1935.8000000000002
R006,CNO,T2_SD_CNO,2026_06_22_merged.mat,TEST,2,38718,12720,635.95,1935.8500000000001
R006,CNO,T2_SD_CNO,2026_06_22_merged.mat,TEST,2,38719,12721,636.0000000000001,1935.9
R006,CNO,T2_SD_CNO,2026_06_22_merged.mat,TEST,2,38720,12722,636.0500000000001,1935.9500000000003
R006,CNO,T2_SD_CNO,2026_06_22_merged.mat,TEST,1,38732,12734,636.6500000000001,1936.5500000000002
R006,CNO,T2_SD_CNO,2026_06_22_merged.mat,TEST,1,38733,12735,636.7,1936.6000000000001
R006,CNO,T2_SD_CNO,2026_06_22_merged.mat,TEST,1,38734,12736,636.7500000000001,1936.65
R006,CNO,T2_SD_CNO,2026_06_22_merged.mat,TEST,1,38735,12737,636.8000000000001,1936.7000000000003
R006,CNO,T2_SD_CNO,2026_06_22_merged.mat,TEST,2,38741,12743,637.1000000000001,1937.0000000000002
R006,CNO,T2_SD_CNO,2026_06_22_merged.mat,TEST,1,38831,12833,641.6000000000001,1941.5000000000002
R006,CNO,T2_SD_CNO,2026_06_22_merged.mat,TEST,2,38836,12838,641.8500000000001,1941.7500000000002
R006,CNO,T2_SD_CNO,2026_06_22_merged.mat,TEST,2,38837,12839,641.9000000000001,1941.8000000000002
R006,CNO,T2_SD_CNO,2026_06_22_merged.mat,TEST,2,38838,12840,641.95,1941.8500000000001
R006,CNO,T2_SD_CNO,2026_06_22_merged.mat,TEST,2,38839,12841,642.0000000000001,1941.9
R006,CNO,T2_SD_CNO,2026_06_22_merged.mat,TEST,2,38840,12842,642.0500000000001,1941.9500000000003
R006,CNO,T2_SD_CNO,2026_06_22_merged.mat,TEST,2,38841,12843,642.1000000000001,1942.0000000000002
R006,CNO,T2_SD_CNO,2026_06_22_merged.mat,TEST,2,38861,12863,643.1000000000001,1943.0000000000002
R006,CNO,T2_SD_CNO,2026_06_22_merged.mat,TEST,2,38863,12865,643.2,1943.1000000000001
R006,CNO,T2_SD_CNO,2026_06_22_merged.mat,TEST,2,38868,12870,643.45,1943.3500000000001
R006,CNO,T2_SD_CNO,2026_06_22_merged.mat,TEST,2,38869,12871,643.5000000000001,1943.4
R006,CNO,T2_SD_CNO,2026_06_22_merged.mat,TEST,2,38870,12872,643.5500000000001,1943.4500000000003
R006,CNO,T2_SD_CNO,2026_06_22_merged.mat,TEST,2,38883,12885,644.2,1944.1000000000001
R006,CNO,T2_SD_CNO,2026_06_22_merged.mat,TEST,2,38884,12886,644.2500000000001,1944.15
R006,CNO,T2_SD_CNO,2026_06_22_merged.mat,TEST,2,38885,12887,644.3000000000001,1944.2000000000003
R006,CNO,T2_SD_CNO,2026_06_22_merged.mat,TEST,2,38886,12888,644.3500000000001,1944.2500000000002
R006,CNO,T2_SD_CNO,2026_06_22_merged.mat,TEST,2,38887,12889,644.4000000000001,1944.3000000000002
R006,CNO,T2_SD_CNO,2026_06_22_merged.mat,TEST,2,38888,12890,644.45,1944.3500000000001
R006,CNO,T2_SD_CNO,2026_06_22_merged.mat,TEST,2,38889,12891,644.5000000000001,1944.4
R006,CNO,T2_SD_CNO,2026_06_22_merged.mat,TEST,2,38890,12892,644.5500000000001,1944.4500000000003
R006,CNO,T2_SD_CNO,2026_06_22_merged.mat,TEST,2,38891,12893,644.6000000000001,1944.5000000000002
R006,CNO,T2_SD_CNO,2026_06_22_merged.mat,TEST,2,38892,12894,644.6500000000001,1944.5500000000002
R006,CNO,T2_SD_CNO,2026_06_22_merged.mat,TEST,2,38937,12939,646.9000000000001,1946.8000000000002
R006,CNO,T2_SD_CNO,2026_06_22_merged.mat,TEST,2,38938,12940,646.95,1946.8500000000001
R006,CNO,T2_SD_CNO,2026_06_22_merged.mat,TEST,2,38939,12941,647.0000000000001,1946.9
R006,CNO,T2_SD_CNO,2026_06_22_merged.mat,TEST,2,38940,12942,647.0500000000001,1946.9500000000003
R006,CNO,T2_SD_CNO,2026_06_22_merged.mat,TEST,1,38948,12950,647.45,1947.3500000000001
R006,CNO,T2_SD_CNO,2026_06_22_merged.mat,TEST,1,38949,12951,647.5000000000001,1947.4
R006,CNO,T2_SD_CNO,2026_06_22_merged.mat,TEST,1,38996,12998,649.8500000000001,1949.7500000000002
R006,CNO,T2_SD_CNO,2026_06_22_merged.mat,OF2,1,39041,44,2.15,1952.0000000000002
R006,CNO,T2_SD_CNO,2026_06_22_merged.mat,OF2,1,39181,184,9.15,1959.0000000000002
R006,CNO,T2_SD_CNO,2026_06_22_merged.mat,OF2,1,39242,245,12.200000000000001,1962.0500000000002
R006,CNO,T2_SD_CNO,2026_06_22_merged.mat,OF2,1,39243,246,12.25,1962.1000000000001
R006,CNO,T2_SD_CNO,2026_06_22_merged.mat,OF2,1,39244,247,12.3,1962.15
R006,CNO,T2_SD_CNO,2026_06_22_merged.mat,OF2,1,39245,248,12.350000000000001,1962.2
R006,CNO,T2_SD_CNO,2026_06_22_merged.mat,OF2,1,39246,249,12.4,1962.2500000000002
R006,CNO,T2_SD_CNO,2026_06_22_merged.mat,OF2,1,39252,255,12.700000000000001,1962.5500000000002
R006,CNO,T2_SD_CNO,2026_06_22_merged.mat,OF2,1,39253,256,12.75,1962.6000000000001
R006,CNO,T2_SD_CNO,2026_06_22_merged.mat,OF2,1,39254,257,12.8,1962.65
R006,CNO,T2_SD_CNO,2026_06_22_merged.mat,OF2,1,39255,258,12.850000000000001,1962.7
R006,CNO,T2_SD_CNO,2026_06_22_merged.mat,OF2,1,39256,259,12.9,1962.7500000000002
R006,CNO,T2_SD_CNO,2026_06_22_merged.mat,OF2,1,39257,260,12.950000000000001,1962.8000000000002
R006,CNO,T2_SD_CNO,2026_06_22_merged.mat,OF2,1,39326,329,16.400000000000002,1966.2500000000002
R006,CNO,T2_SD_CNO,2026_06_22_merged.mat,OF2,1,39327,330,16.45,1966.3000000000002
R006,CNO,T2_SD_CNO,2026_06_22_merged.mat,OF2,1,39328,331,16.5,1966.3500000000001
R006,CNO,T2_SD_CNO,2026_06_22_merged.mat,OF2,1,39352,355,17.7,1967.5500000000002
R006,CNO,T2_SD_CNO,2026_06_22_merged.mat,OF2,1,39385,388,19.35,1969.2
R006,CNO,T2_SD_CNO,2026_06_22_merged.mat,OF2,1,39386,389,19.400000000000002,1969.2500000000002
R006,CNO,T2_SD_CNO,2026_06_22_merged.mat,OF2,1,39387,390,19.450000000000003,1969.3000000000002
R006,CNO,T2_SD_CNO,2026_06_22_merged.mat,OF2,1,39388,391,19.5,1969.3500000000001
R006,CNO,T2_SD_CNO,2026_06_22_merged.mat,OF2,1,39457,460,22.950000000000003,1972.8000000000002
R006,CNO,T2_SD_CNO,2026_06_22_merged.mat,OF2,1,39459,462,23.05,1972.9
R006,CNO,T2_SD_CNO,2026_06_22_merged.mat,OF2,1,39460,463,23.1,1972.95
R006,CNO,T2_SD_CNO,2026_06_22_merged.mat,OF2,1,39461,464,23.150000000000002,1973.0000000000002
R006,CNO,T2_SD_CNO,2026_06_22_merged.mat,OF2,1,39483,486,24.25,1974.1000000000001
R006,CNO,T2_SD_CNO,2026_06_22_merged.mat,OF2,1,39573,576,28.75,1978.6000000000001
R006,CNO,T2_SD_CNO,2026_06_22_merged.mat,OF2,1,39574,577,28.8,1978.65
R006,CNO,T2_SD_CNO,2026_06_22_merged.mat,OF2,1,39575,578,28.85,1978.7
R006,CNO,T2_SD_CNO,2026_06_22_merged.mat,OF2,1,39576,579,28.900000000000002,1978.7500000000002
R006,CNO,T2_SD_CNO,2026_06_22_merged.mat,OF2,1,39600,603,30.1,1979.95
R006,CNO,T2_SD_CNO,2026_06_22_merged.mat,OF2,1,39601,604,30.150000000000002,1980.0000000000002
R006,CNO,T2_SD_CNO,2026_06_22_merged.mat,OF2,1,39637,640,31.950000000000003,1981.8000000000002
R006,CNO,T2_SD_CNO,2026_06_22_merged.mat,OF2,1,39638,641,32.0,1981.8500000000001
R006,CNO,T2_SD_CNO,2026_06_22_merged.mat,OF2,1,39678,681,34.0,1983.8500000000001
R006,CNO,T2_SD_CNO,2026_06_22_merged.mat,OF2,1,39679,682,34.050000000000004,1983.9
R006,CNO,T2_SD_CNO,2026_06_22_merged.mat,OF2,1,39680,683,34.1,1983.95
R006,CNO,T2_SD_CNO,2026_06_22_merged.mat,OF2,1,39701,704,35.15,1985.0000000000002
R006,CNO,T2_SD_CNO,2026_06_22_merged.mat,OF2,1,39702,705,35.2,1985.0500000000002
R006,CNO,T2_SD_CNO,2026_06_22_merged.mat,OF2,1,39751,754,37.65,1987.5000000000002
R006,CNO,T2_SD_CNO,2026_06_22_merged.mat,OF2,1,39752,755,37.7,1987.5500000000002
R006,CNO,T2_SD_CNO,2026_06_22_merged.mat,OF2,1,39876,879,43.900000000000006,1993.7500000000002
R006,CNO,T2_SD_CNO,2026_06_22_merged.mat,OF2,1,39877,880,43.95,1993.8000000000002
R006,CNO,T2_SD_CNO,2026_06_22_merged.mat,OF2,1,39878,881,44.0,1993.8500000000001
R006,CNO,T2_SD_CNO,2026_06_22_merged.mat,OF2,1,39879,882,44.050000000000004,1993.9
R006,CNO,T2_SD_CNO,2026_06_22_merged.mat,OF2,1,39881,884,44.150000000000006,1994.0000000000002
R006,CNO,T2_SD_CNO,2026_06_22_merged.mat,OF2,1,40090,1093,54.6,2004.45
R006,CNO,T2_SD_CNO,2026_06_22_merged.mat,OF2,1,40091,1094,54.650000000000006,2004.5000000000002
R006,CNO,T2_SD_CNO,2026_06_22_merged.mat,OF2,1,40092,1095,54.7,2004.5500000000002
R006,CNO,T2_SD_CNO,2026_06_22_merged.mat,OF2,1,40174,1177,58.800000000000004,2008.65
R006,CNO,T2_SD_CNO,2026_06_22_merged.mat,OF2,1,40175,1178,58.85,2008.7
R006,CNO,T2_SD_CNO,2026_06_22_merged.mat,OF2,1,40176,1179,58.900000000000006,2008.7500000000002
R006,CNO,T2_SD_CNO,2026_06_22_merged.mat,OF2,1,40177,1180,58.95,2008.8000000000002
R006,CNO,T2_SD_CNO,2026_06_22_merged.mat,OF2,1,40325,1328,66.35000000000001,2016.2
R006,CNO,T2_SD_CNO,2026_06_22_merged.mat,OF2,1,40337,1340,66.95,2016.8000000000002
R006,CNO,T2_SD_CNO,2026_06_22_merged.mat,OF2,1,40338,1341,67.0,2016.8500000000001
R006,CNO,T2_SD_CNO,2026_06_22_merged.mat,OF2,1,40376,1379,68.9,2018.7500000000002
R006,CNO,T2_SD_CNO,2026_06_22_merged.mat,OF2,1,40387,1390,69.45,2019.3000000000002
R006,CNO,T2_SD_CNO,2026_06_22_merged.mat,OF2,1,40465,1468,73.35000000000001,2023.2
R006,CNO,T2_SD_CNO,2026_06_22_merged.mat,OF2,1,40476,1479,73.9,2023.7500000000002
R006,CNO,T2_SD_CNO,2026_06_22_merged.mat,OF2,1,40477,1480,73.95,2023.8000000000002
R006,CNO,T2_SD_CNO,2026_06_22_merged.mat,OF2,1,40478,1481,74.0,2023.8500000000001
R006,CNO,T2_SD_CNO,2026_06_22_merged.mat,OF2,1,40584,1587,79.30000000000001,2029.15
R006,CNO,T2_SD_CNO,2026_06_22_merged.mat,OF2,1,40585,1588,79.35000000000001,2029.2
R006,CNO,T2_SD_CNO,2026_06_22_merged.mat,OF2,1,40683,1686,84.25,2034.1000000000001
R006,CNO,T2_SD_CNO,2026_06_22_merged.mat,OF2,1,40749,1752,87.55000000000001,2037.4
R006,CNO,T2_SD_CNO,2026_06_22_merged.mat,OF2,1,40750,1753,87.60000000000001,2037.45
R006,CNO,T2_SD_CNO,2026_06_22_merged.mat,OF2,1,40751,1754,87.65,2037.5000000000002
R006,CNO,T2_SD_CNO,2026_06_22_merged.mat,OF2,1,40752,1755,87.7,2037.5500000000002
R006,CNO,T2_SD_CNO,2026_06_22_merged.mat,OF2,1,40753,1756,87.75,2037.6000000000001
R006,CNO,T2_SD_CNO,2026_06_22_merged.mat,OF2,1,40904,1907,95.30000000000001,2045.15
R006,CNO,T2_SD_CNO,2026_06_22_merged.mat,OF2,1,40905,1908,95.35000000000001,2045.2
R006,CNO,T2_SD_CNO,2026_06_22_merged.mat,OF2,1,40906,1909,95.4,2045.2500000000002
R006,CNO,T2_SD_CNO,2026_06_22_merged.mat,OF2,1,40907,1910,95.45,2045.3000000000002
R006,CNO,T2_SD_CNO,2026_06_22_merged.mat,OF2,1,41066,2069,103.4,2053.25
R006,CNO,T2_SD_CNO,2026_06_22_merged.mat,OF2,1,41192,2195,109.7,2059.55
R006,CNO,T2_SD_CNO,2026_06_22_merged.mat,OF2,1,41193,2196,109.75,2059.6000000000004
R006,CNO,T2_SD_CNO,2026_06_22_merged.mat,OF2,1,41194,2197,109.80000000000001,2059.65
R006,CNO,T2_SD_CNO,2026_06_22_merged.mat,OF2,1,41306,2309,115.4,2065.25
R006,CNO,T2_SD_CNO,2026_06_22_merged.mat,OF2,1,41307,2310,115.45,2065.3
R006,CNO,T2_SD_CNO,2026_06_22_merged.mat,OF2,1,41308,2311,115.5,2065.3500000000004
R006,CNO,T2_SD_CNO,2026_06_22_merged.mat,OF2,1,41309,2312,115.55000000000001,2065.4
R006,CNO,T2_SD_CNO,2026_06_22_merged.mat,OF2,2,41424,2427,121.30000000000001,2071.15
R006,CNO,T2_SD_CNO,2026_06_22_merged.mat,OF2,2,41425,2428,121.35000000000001,2071.2000000000003
R006,CNO,T2_SD_CNO,2026_06_22_merged.mat,OF2,2,41448,2451,122.5,2072.3500000000004
R006,CNO,T2_SD_CNO,2026_06_22_merged.mat,OF2,2,41449,2452,122.55000000000001,2072.4
R006,CNO,T2_SD_CNO,2026_06_22_merged.mat,OF2,1,41462,2465,123.2,2073.05
R006,CNO,T2_SD_CNO,2026_06_22_merged.mat,OF2,1,41463,2466,123.25,2073.1000000000004
R006,CNO,T2_SD_CNO,2026_06_22_merged.mat,OF2,1,41464,2467,123.30000000000001,2073.15
R006,CNO,T2_SD_CNO,2026_06_22_merged.mat,OF2,1,41587,2590,129.45000000000002,2079.3
R006,CNO,T2_SD_CNO,2026_06_22_merged.mat,OF2,1,41600,2603,130.1,2079.9500000000003
R006,CNO,T2_SD_CNO,2026_06_22_merged.mat,OF2,1,41601,2604,130.15,2080.0
R006,CNO,T2_SD_CNO,2026_06_22_merged.mat,OF2,1,41794,2797,139.8,2089.65
R006,CNO,T2_SD_CNO,2026_06_22_merged.mat,OF2,1,41795,2798,139.85,2089.7000000000003
R006,CNO,T2_SD_CNO,2026_06_22_merged.mat,OF2,1,41796,2799,139.9,2089.75
R006,CNO,T2_SD_CNO,2026_06_22_merged.mat,OF2,1,41797,2800,139.95000000000002,2089.8
R006,CNO,T2_SD_CNO,2026_06_22_merged.mat,OF2,1,41946,2949,147.4,2097.25
R006,CNO,T2_SD_CNO,2026_06_22_merged.mat,OF2,2,41975,2978,148.85,2098.7000000000003
R006,CNO,T2_SD_CNO,2026_06_22_merged.mat,OF2,2,41976,2979,148.9,2098.75
R006,CNO,T2_SD_CNO,2026_06_22_merged.mat,OF2,1,41988,2991,149.5,2099.3500000000004
R006,CNO,T2_SD_CNO,2026_06_22_merged.mat,OF2,1,41989,2992,149.55,2099.4
R006,CNO,T2_SD_CNO,2026_06_22_merged.mat,OF2,1,41990,2993,149.6,2099.4500000000003
R006,CNO,T2_SD_CNO,2026_06_22_merged.mat,OF2,2,42028,3031,151.5,2101.3500000000004
R006,CNO,T2_SD_CNO,2026_06_22_merged.mat,OF2,2,42029,3032,151.55,2101.4
R006,CNO,T2_SD_CNO,2026_06_22_merged.mat,OF2,2,42030,3033,151.6,2101.4500000000003
R006,CNO,T2_SD_CNO,2026_06_22_merged.mat,OF2,2,42031,3034,151.65,2101.5
R006,CNO,T2_SD_CNO,2026_06_22_merged.mat,OF2,2,42039,3042,152.05,2101.9
R006,CNO,T2_SD_CNO,2026_06_22_merged.mat,OF2,2,42040,3043,152.1,2101.9500000000003
R006,CNO,T2_SD_CNO,2026_06_22_merged.mat,OF2,2,42041,3044,152.15,2102.0
R006,CNO,T2_SD_CNO,2026_06_22_merged.mat,OF2,2,42042,3045,152.20000000000002,2102.05
R006,CNO,T2_SD_CNO,2026_06_22_merged.mat,OF2,2,42043,3046,152.25,2102.1000000000004
R006,CNO,T2_SD_CNO,2026_06_22_merged.mat,OF2,2,42058,3061,153.0,2102.8500000000004
R006,CNO,T2_SD_CNO,2026_06_22_merged.mat,OF2,2,42059,3062,153.05,2102.9
R006,CNO,T2_SD_CNO,2026_06_22_merged.mat,OF2,2,42060,3063,153.1,2102.9500000000003
R006,CNO,T2_SD_CNO,2026_06_22_merged.mat,OF2,2,42081,3084,154.15,2104.0
R006,CNO,T2_SD_CNO,2026_06_22_merged.mat,OF2,1,42297,3300,164.95000000000002,2114.8
R006,CNO,T2_SD_CNO,2026_06_22_merged.mat,OF2,1,42298,3301,165.0,2114.8500000000004
R006,CNO,T2_SD_CNO,2026_06_22_merged.mat,OF2,1,42343,3346,167.25,2117.1000000000004
R006,CNO,T2_SD_CNO,2026_06_22_merged.mat,OF2,1,42344,3347,167.3,2117.15
R006,CNO,T2_SD_CNO,2026_06_22_merged.mat,OF2,1,42428,3431,171.5,2121.3500000000004
R006,CNO,T2_SD_CNO,2026_06_22_merged.mat,OF2,1,42429,3432,171.55,2121.4
R006,CNO,T2_SD_CNO,2026_06_22_merged.mat,OF2,1,42430,3433,171.60000000000002,2121.4500000000003
R006,CNO,T2_SD_CNO,2026_06_22_merged.mat,OF2,1,42432,3435,171.70000000000002,2121.55
R006,CNO,T2_SD_CNO,2026_06_22_merged.mat,OF2,1,42433,3436,171.75,2121.6000000000004
R006,CNO,T2_SD_CNO,2026_06_22_merged.mat,OF2,1,42434,3437,171.8,2121.65
R006,CNO,T2_SD_CNO,2026_06_22_merged.mat,OF2,1,42435,3438,171.85000000000002,2121.7000000000003
R006,CNO,T2_SD_CNO,2026_06_22_merged.mat,OF2,2,42506,3509,175.4,2125.25
R006,CNO,T2_SD_CNO,2026_06_22_merged.mat,OF2,2,42527,3530,176.45000000000002,2126.3
R006,CNO,T2_SD_CNO,2026_06_22_merged.mat,OF2,2,42528,3531,176.5,2126.3500000000004
R006,CNO,T2_SD_CNO,2026_06_22_merged.mat,OF2,2,42529,3532,176.55,2126.4
R006,CNO,T2_SD_CNO,2026_06_22_merged.mat,OF2,2,42530,3533,176.60000000000002,2126.4500000000003
R006,CNO,T2_SD_CNO,2026_06_22_merged.mat,OF2,2,42531,3534,176.65,2126.5
R006,CNO,T2_SD_CNO,2026_06_22_merged.mat,OF2,2,42538,3541,177.0,2126.8500000000004
R006,CNO,T2_SD_CNO,2026_06_22_merged.mat,OF2,1,42556,3559,177.9,2127.75
R006,CNO,T2_SD_CNO,2026_06_22_merged.mat,OF2,1,42557,3560,177.95000000000002,2127.8
R006,CNO,T2_SD_CNO,2026_06_22_merged.mat,OF2,1,42814,3817,190.8,2140.65
R006,CNO,T2_SD_CNO,2026_06_22_merged.mat,OF2,1,42815,3818,190.85000000000002,2140.7000000000003
R006,CNO,T2_SD_CNO,2026_06_22_merged.mat,OF2,1,42843,3846,192.25,2142.1000000000004
R006,CNO,T2_SD_CNO,2026_06_22_merged.mat,OF2,1,42844,3847,192.3,2142.15
R006,CNO,T2_SD_CNO,2026_06_22_merged.mat,OF2,1,42845,3848,192.35000000000002,2142.2000000000003
R006,CNO,T2_SD_CNO,2026_06_22_merged.mat,OF2,1,42846,3849,192.4,2142.25
R006,CNO,T2_SD_CNO,2026_06_22_merged.mat,OF2,1,42847,3850,192.45000000000002,2142.3
R006,CNO,T2_SD_CNO,2026_06_22_merged.mat,OF2,1,42848,3851,192.5,2142.3500000000004
R006,CNO,T2_SD_CNO,2026_06_22_merged.mat,OF2,2,42882,3885,194.20000000000002,2144.05
R006,CNO,T2_SD_CNO,2026_06_22_merged.mat,OF2,1,43051,4054,202.65,2152.5
R006,CNO,T2_SD_CNO,2026_06_22_merged.mat,OF2,1,43052,4055,202.70000000000002,2152.55
R006,CNO,T2_SD_CNO,2026_06_22_merged.mat,OF2,1,43327,4330,216.45000000000002,2166.3
R006,CNO,T2_SD_CNO,2026_06_22_merged.mat,OF2,1,43354,4357,217.8,2167.65
R006,CNO,T2_SD_CNO,2026_06_22_merged.mat,OF2,1,43355,4358,217.85000000000002,2167.7000000000003
R006,CNO,T2_SD_CNO,2026_06_22_merged.mat,OF2,1,43789,4792,239.55,2189.4
R006,CNO,T2_SD_CNO,2026_06_22_merged.mat,OF2,1,43998,5001,250.0,2199.8500000000004
R006,CNO,T2_SD_CNO,2026_06_22_merged.mat,OF2,1,43999,5002,250.05,2199.9
R006,CNO,T2_SD_CNO,2026_06_22_merged.mat,OF2,1,44040,5043,252.10000000000002,2201.9500000000003
R006,CNO,T2_SD_CNO,2026_06_22_merged.mat,OF2,1,44041,5044,252.15,2202.0
R006,CNO,T2_SD_CNO,2026_06_22_merged.mat,OF2,1,44073,5076,253.75,2203.6000000000004
R006,CNO,T2_SD_CNO,2026_06_22_merged.mat,OF2,1,44115,5118,255.85000000000002,2205.7000000000003
R006,CNO,T2_SD_CNO,2026_06_22_merged.mat,OF2,1,44116,5119,255.9,2205.75
R006,CNO,T2_SD_CNO,2026_06_22_merged.mat,OF2,1,44117,5120,255.95000000000002,2205.8
R006,CNO,T2_SD_CNO,2026_06_22_merged.mat,OF2,1,44118,5121,256.0,2205.8500000000004
R006,CNO,T2_SD_CNO,2026_06_22_merged.mat,OF2,1,44119,5122,256.05,2205.9
R006,CNO,T2_SD_CNO,2026_06_22_merged.mat,OF2,2,44244,5247,262.3,2212.15
R006,CNO,T2_SD_CNO,2026_06_22_merged.mat,OF2,2,44260,5263,263.1,2212.9500000000003
R006,CNO,T2_SD_CNO,2026_06_22_merged.mat,OF2,2,44279,5282,264.05,2213.9
R006,CNO,T2_SD_CNO,2026_06_22_merged.mat,OF2,2,44280,5283,264.1,2213.9500000000003
R006,CNO,T2_SD_CNO,2026_06_22_merged.mat,OF2,2,44281,5284,264.15000000000003,2214.0
R006,CNO,T2_SD_CNO,2026_06_22_merged.mat,OF2,1,44292,5295,264.7,2214.55
R006,CNO,T2_SD_CNO,2026_06_22_merged.mat,OF2,1,44293,5296,264.75,2214.6000000000004
R006,CNO,T2_SD_CNO,2026_06_22_merged.mat,OF2,1,44377,5380,268.95,2218.8
R006,CNO,T2_SD_CNO,2026_06_22_merged.mat,OF2,1,44378,5381,269.0,2218.8500000000004
R006,CNO,T2_SD_CNO,2026_06_22_merged.mat,OF2,1,44379,5382,269.05,2218.9
R006,CNO,T2_SD_CNO,2026_06_22_merged.mat,OF2,1,44380,5383,269.1,2218.9500000000003
R006,CNO,T2_SD_CNO,2026_06_22_merged.mat,OF2,1,44381,5384,269.15000000000003,2219.0
R006,CNO,T2_SD_CNO,2026_06_22_merged.mat,OF2,1,44382,5385,269.2,2219.05
R006,CNO,T2_SD_CNO,2026_06_22_merged.mat,OF2,2,44483,5486,274.25,2224.1000000000004
R006,CNO,T2_SD_CNO,2026_06_22_merged.mat,OF2,2,44484,5487,274.3,2224.15
R006,CNO,T2_SD_CNO,2026_06_22_merged.mat,OF2,2,44485,5488,274.35,2224.2000000000003
R006,CNO,T2_SD_CNO,2026_06_22_merged.mat,OF2,2,44486,5489,274.40000000000003,2224.25
R006,CNO,T2_SD_CNO,2026_06_22_merged.mat,OF2,2,44652,5655,282.7,2232.55
R006,CNO,T2_SD_CNO,2026_06_22_merged.mat,OF2,2,44786,5789,289.40000000000003,2239.25
R006,CNO,T2_SD_CNO,2026_06_22_merged.mat,OF2,2,44787,5790,289.45,2239.3
R006,CNO,T2_SD_CNO,2026_06_22_merged.mat,OF2,2,44788,5791,289.5,2239.3500000000004
R006,CNO,T2_SD_CNO,2026_06_22_merged.mat,OF2,1,44816,5819,290.90000000000003,2240.75
R006,CNO,T2_SD_CNO,2026_06_22_merged.mat,OF2,1,44817,5820,290.95,2240.8
R006,CNO,T2_SD_CNO,2026_06_22_merged.mat,OF2,1,44818,5821,291.0,2240.8500000000004
R006,CNO,T2_SD_CNO,2026_06_22_merged.mat,OF2,1,44869,5872,293.55,2243.4
R006,CNO,T2_SD_CNO,2026_06_22_merged.mat,OF2,1,44870,5873,293.6,2243.4500000000003
R006,CNO,T2_SD_CNO,2026_06_22_merged.mat,OF2,1,44886,5889,294.40000000000003,2244.25
R006,CNO,T2_SD_CNO,2026_06_22_merged.mat,OF2,2,44925,5928,296.35,2246.2000000000003
R006,CNO,T2_SD_CNO,2026_06_22_merged.mat,OF2,2,44926,5929,296.40000000000003,2246.25
R006,CNO,T2_SD_CNO,2026_06_22_merged.mat,OF2,2,44927,5930,296.45,2246.3
R006,CNO,T2_SD_CNO,2026_06_22_merged.mat,OF2,1,45006,6009,300.40000000000003,2250.25
R006,CNO,T2_SD_CNO,2026_06_22_merged.mat,OF2,2,45064,6067,303.3,2253.15
R006,CNO,T2_SD_CNO,2026_06_22_merged.mat,OF2,2,45065,6068,303.35,2253.2000000000003
R006,CNO,T2_SD_CNO,2026_06_22_merged.mat,OF2,2,45066,6069,303.40000000000003,2253.25
R006,CNO,T2_SD_CNO,2026_06_22_merged.mat,OF2,2,45067,6070,303.45,2253.3
R006,CNO,T2_SD_CNO,2026_06_22_merged.mat,OF2,2,45068,6071,303.5,2253.3500000000004
R006,CNO,T2_SD_CNO,2026_06_22_merged.mat,OF2,2,45069,6072,303.55,2253.4
R006,CNO,T2_SD_CNO,2026_06_22_merged.mat,OF2,2,45095,6098,304.85,2254.7000000000003
R006,CNO,T2_SD_CNO,2026_06_22_merged.mat,OF2,2,45096,6099,304.90000000000003,2254.75
R006,CNO,T2_SD_CNO,2026_06_22_merged.mat,OF2,2,45097,6100,304.95,2254.8
R006,CNO,T2_SD_CNO,2026_06_22_merged.mat,OF2,1,45114,6117,305.8,2255.65
R006,CNO,T2_SD_CNO,2026_06_22_merged.mat,OF2,2,45129,6132,306.55,2256.4
R006,CNO,T2_SD_CNO,2026_06_22_merged.mat,OF2,2,45153,6156,307.75,2257.6000000000004
R006,CNO,T2_SD_CNO,2026_06_22_merged.mat,OF2,1,45287,6290,314.45000000000005,2264.3
R006,CNO,T2_SD_CNO,2026_06_22_merged.mat,OF2,1,45288,6291,314.5,2264.3500000000004
R006,CNO,T2_SD_CNO,2026_06_22_merged.mat,OF2,1,45289,6292,314.55,2264.4
R006,CNO,T2_SD_CNO,2026_06_22_merged.mat,OF2,1,45290,6293,314.6,2264.4500000000003
R006,CNO,T2_SD_CNO,2026_06_22_merged.mat,OF2,1,45301,6304,315.15000000000003,2265.0
R006,CNO,T2_SD_CNO,2026_06_22_merged.mat,OF2,1,45302,6305,315.20000000000005,2265.05
R006,CNO,T2_SD_CNO,2026_06_22_merged.mat,OF2,1,45303,6306,315.25,2265.1000000000004
R006,CNO,T2_SD_CNO,2026_06_22_merged.mat,OF2,1,45330,6333,316.6,2266.4500000000003
R006,CNO,T2_SD_CNO,2026_06_22_merged.mat,OF2,1,45331,6334,316.65000000000003,2266.5
R006,CNO,T2_SD_CNO,2026_06_22_merged.mat,OF2,1,45332,6335,316.70000000000005,2266.55
R006,CNO,T2_SD_CNO,2026_06_22_merged.mat,OF2,1,45333,6336,316.75,2266.6000000000004
R006,CNO,T2_SD_CNO,2026_06_22_merged.mat,OF2,1,45334,6337,316.8,2266.65
R006,CNO,T2_SD_CNO,2026_06_22_merged.mat,OF2,1,45356,6359,317.90000000000003,2267.75
R006,CNO,T2_SD_CNO,2026_06_22_merged.mat,OF2,1,45357,6360,317.95000000000005,2267.8
R006,CNO,T2_SD_CNO,2026_06_22_merged.mat,OF2,1,45358,6361,318.0,2267.8500000000004
R006,CNO,T2_SD_CNO,2026_06_22_merged.mat,OF2,1,45359,6362,318.05,2267.9
R006,CNO,T2_SD_CNO,2026_06_22_merged.mat,OF2,1,45383,6386,319.25,2269.1000000000004
R006,CNO,T2_SD_CNO,2026_06_22_merged.mat,OF2,1,45389,6392,319.55,2269.4
R006,CNO,T2_SD_CNO,2026_06_22_merged.mat,OF2,2,45474,6477,323.8,2273.65
R006,CNO,T2_SD_CNO,2026_06_22_merged.mat,OF2,2,45475,6478,323.85,2273.7000000000003
R006,CNO,T2_SD_CNO,2026_06_22_merged.mat,OF2,2,45483,6486,324.25,2274.1000000000004
R006,CNO,T2_SD_CNO,2026_06_22_merged.mat,OF2,1,45572,6575,328.70000000000005,2278.55
R006,CNO,T2_SD_CNO,2026_06_22_merged.mat,OF2,1,45595,6598,329.8500000000001,2279.7000000000003
R006,CNO,T2_SD_CNO,2026_06_22_merged.mat,OF2,2,45613,6616,330.75000000000006,2280.6000000000004
R006,CNO,T2_SD_CNO,2026_06_22_merged.mat,OF2,2,45614,6617,330.80000000000007,2280.65
R006,CNO,T2_SD_CNO,2026_06_22_merged.mat,OF2,1,45627,6630,331.45000000000005,2281.3
R006,CNO,T2_SD_CNO,2026_06_22_merged.mat,OF2,2,45670,6673,333.6000000000001,2283.4500000000003
R006,CNO,T2_SD_CNO,2026_06_22_merged.mat,OF2,2,45671,6674,333.6500000000001,2283.5
R006,CNO,T2_SD_CNO,2026_06_22_merged.mat,OF2,2,45710,6713,335.6000000000001,2285.4500000000003
R006,CNO,T2_SD_CNO,2026_06_22_merged.mat,OF2,2,45711,6714,335.6500000000001,2285.5
R006,CNO,T2_SD_CNO,2026_06_22_merged.mat,OF2,2,45712,6715,335.70000000000005,2285.55
R006,CNO,T2_SD_CNO,2026_06_22_merged.mat,OF2,1,45740,6743,337.1000000000001,2286.9500000000003
R006,CNO,T2_SD_CNO,2026_06_22_merged.mat,OF2,1,45741,6744,337.1500000000001,2287.0
R006,CNO,T2_SD_CNO,2026_06_22_merged.mat,OF2,1,45742,6745,337.20000000000005,2287.05
R006,CNO,T2_SD_CNO,2026_06_22_merged.mat,OF2,1,45743,6746,337.25000000000006,2287.1000000000004
R006,CNO,T2_SD_CNO,2026_06_22_merged.mat,OF2,1,45744,6747,337.30000000000007,2287.15
R006,CNO,T2_SD_CNO,2026_06_22_merged.mat,OF2,2,45791,6794,339.6500000000001,2289.5
R006,CNO,T2_SD_CNO,2026_06_22_merged.mat,OF2,2,45792,6795,339.70000000000005,2289.55
R006,CNO,T2_SD_CNO,2026_06_22_merged.mat,OF2,2,45793,6796,339.75000000000006,2289.6000000000004
R006,CNO,T2_SD_CNO,2026_06_22_merged.mat,OF2,1,45839,6842,342.05000000000007,2291.9
R006,CNO,T2_SD_CNO,2026_06_22_merged.mat,OF2,1,45840,6843,342.1000000000001,2291.9500000000003
R006,CNO,T2_SD_CNO,2026_06_22_merged.mat,OF2,1,45841,6844,342.1500000000001,2292.0
R006,CNO,T2_SD_CNO,2026_06_22_merged.mat,OF2,1,45842,6845,342.20000000000005,2292.05
R006,CNO,T2_SD_CNO,2026_06_22_merged.mat,OF2,1,45843,6846,342.25000000000006,2292.1000000000004
R006,CNO,T2_SD_CNO,2026_06_22_merged.mat,OF2,1,45844,6847,342.30000000000007,2292.15
R006,CNO,T2_SD_CNO,2026_06_22_merged.mat,OF2,1,45845,6848,342.3500000000001,2292.2000000000003
R006,CNO,T2_SD_CNO,2026_06_22_merged.mat,OF2,2,46256,7259,362.9000000000001,2312.75
R006,CNO,T2_SD_CNO,2026_06_22_merged.mat,OF2,2,46257,7260,362.9500000000001,2312.8
R006,CNO,T2_SD_CNO,2026_06_22_merged.mat,OF2,2,46290,7293,364.6000000000001,2314.4500000000003
R006,CNO,T2_SD_CNO,2026_06_22_merged.mat,OF2,2,46362,7365,368.2000000000001,2318.05
R006,CNO,T2_SD_CNO,2026_06_22_merged.mat,OF2,2,46393,7396,369.75000000000006,2319.6000000000004
R006,CNO,T2_SD_CNO,2026_06_22_merged.mat,OF2,1,46412,7415,370.7000000000001,2320.55
R006,CNO,T2_SD_CNO,2026_06_22_merged.mat,OF2,2,46546,7549,377.4000000000001,2327.25
R006,CNO,T2_SD_CNO,2026_06_22_merged.mat,OF2,2,46547,7550,377.4500000000001,2327.3
R006,CNO,T2_SD_CNO,2026_06_22_merged.mat,OF2,2,46548,7551,377.50000000000006,2327.3500000000004
R006,CNO,T2_SD_CNO,2026_06_22_merged.mat,OF2,2,46657,7660,382.9500000000001,2332.8
R006,CNO,T2_SD_CNO,2026_06_22_merged.mat,OF2,2,46685,7688,384.3500000000001,2334.2000000000003
R006,CNO,T2_SD_CNO,2026_06_22_merged.mat,OF2,2,46686,7689,384.4000000000001,2334.25
R006,CNO,T2_SD_CNO,2026_06_22_merged.mat,OF2,2,46687,7690,384.4500000000001,2334.3
R006,CNO,T2_SD_CNO,2026_06_22_merged.mat,OF2,2,46699,7702,385.05000000000007,2334.9
R006,CNO,T2_SD_CNO,2026_06_22_merged.mat,OF2,2,46700,7703,385.1000000000001,2334.9500000000003
R006,CNO,T2_SD_CNO,2026_06_22_merged.mat,OF2,2,46701,7704,385.1500000000001,2335.0
R006,CNO,T2_SD_CNO,2026_06_22_merged.mat,OF2,1,46729,7732,386.55000000000007,2336.4
R006,CNO,T2_SD_CNO,2026_06_22_merged.mat,OF2,1,46730,7733,386.6000000000001,2336.4500000000003
R006,CNO,T2_SD_CNO,2026_06_22_merged.mat,OF2,1,46731,7734,386.6500000000001,2336.5
R006,CNO,T2_SD_CNO,2026_06_22_merged.mat,OF2,1,47135,8138,406.8500000000001,2356.7000000000003
R006,CNO,T2_SD_CNO,2026_06_22_merged.mat,OF2,1,47136,8139,406.9000000000001,2356.75
R006,CNO,T2_SD_CNO,2026_06_22_merged.mat,OF2,1,47267,8270,413.45000000000005,2363.3
R006,CNO,T2_SD_CNO,2026_06_22_merged.mat,OF2,1,47268,8271,413.5000000000001,2363.3500000000004
R006,CNO,T2_SD_CNO,2026_06_22_merged.mat,OF2,2,47306,8309,415.4000000000001,2365.25
R006,CNO,T2_SD_CNO,2026_06_22_merged.mat,OF2,2,47330,8333,416.6000000000001,2366.4500000000003
R006,CNO,T2_SD_CNO,2026_06_22_merged.mat,OF2,2,47331,8334,416.6500000000001,2366.5
R006,CNO,T2_SD_CNO,2026_06_22_merged.mat,OF2,1,47337,8340,416.95000000000005,2366.8
R006,CNO,T2_SD_CNO,2026_06_22_merged.mat,OF2,2,47344,8347,417.30000000000007,2367.15
R006,CNO,T2_SD_CNO,2026_06_22_merged.mat,OF2,2,47345,8348,417.3500000000001,2367.2000000000003
R006,CNO,T2_SD_CNO,2026_06_22_merged.mat,OF2,1,47362,8365,418.20000000000005,2368.05
R006,CNO,T2_SD_CNO,2026_06_22_merged.mat,OF2,1,47363,8366,418.2500000000001,2368.1000000000004
R006,CNO,T2_SD_CNO,2026_06_22_merged.mat,OF2,2,47408,8411,420.5000000000001,2370.3500000000004
R006,CNO,T2_SD_CNO,2026_06_22_merged.mat,OF2,2,47422,8425,421.20000000000005,2371.05
R006,CNO,T2_SD_CNO,2026_06_22_merged.mat,OF2,2,47440,8443,422.1000000000001,2371.9500000000003
R006,CNO,T2_SD_CNO,2026_06_22_merged.mat,OF2,2,47461,8464,423.1500000000001,2373.0
R006,CNO,T2_SD_CNO,2026_06_22_merged.mat,OF2,2,47462,8465,423.20000000000005,2373.05
R006,CNO,T2_SD_CNO,2026_06_22_merged.mat,OF2,2,47463,8466,423.2500000000001,2373.1000000000004
R006,CNO,T2_SD_CNO,2026_06_22_merged.mat,OF2,2,47493,8496,424.7500000000001,2374.6000000000004
R006,CNO,T2_SD_CNO,2026_06_22_merged.mat,OF2,2,47494,8497,424.80000000000007,2374.65
R006,CNO,T2_SD_CNO,2026_06_22_merged.mat,OF2,2,47495,8498,424.8500000000001,2374.7000000000003
R006,CNO,T2_SD_CNO,2026_06_22_merged.mat,OF2,2,47600,8603,430.1000000000001,2379.9500000000003
R006,CNO,T2_SD_CNO,2026_06_22_merged.mat,OF2,2,47601,8604,430.1500000000001,2380.0
R006,CNO,T2_SD_CNO,2026_06_22_merged.mat,OF2,2,47602,8605,430.20000000000005,2380.05
R006,CNO,T2_SD_CNO,2026_06_22_merged.mat,OF2,2,47603,8606,430.2500000000001,2380.1000000000004
R006,CNO,T2_SD_CNO,2026_06_22_merged.mat,OF2,2,47604,8607,430.30000000000007,2380.15
R006,CNO,T2_SD_CNO,2026_06_22_merged.mat,OF2,2,47645,8648,432.3500000000001,2382.2000000000003
R006,CNO,T2_SD_CNO,2026_06_22_merged.mat,OF2,2,47701,8704,435.1500000000001,2385.0
R006,CNO,T2_SD_CNO,2026_06_22_merged.mat,OF2,2,47702,8705,435.20000000000005,2385.05
R006,CNO,T2_SD_CNO,2026_06_22_merged.mat,OF2,2,47703,8706,435.2500000000001,2385.1000000000004
R006,CNO,T2_SD_CNO,2026_06_22_merged.mat,OF2,2,47704,8707,435.30000000000007,2385.15
R006,CNO,T2_SD_CNO,2026_06_22_merged.mat,OF2,2,47705,8708,435.3500000000001,2385.2000000000003
R006,CNO,T2_SD_CNO,2026_06_22_merged.mat,OF2,2,47706,8709,435.4000000000001,2385.25
R006,CNO,T2_SD_CNO,2026_06_22_merged.mat,OF2,2,47762,8765,438.20000000000005,2388.05
R006,CNO,T2_SD_CNO,2026_06_22_merged.mat,OF2,2,47763,8766,438.2500000000001,2388.1000000000004
R006,CNO,T2_SD_CNO,2026_06_22_merged.mat,OF2,2,47764,8767,438.30000000000007,2388.15
R006,CNO,T2_SD_CNO,2026_06_22_merged.mat,OF2,2,47853,8856,442.7500000000001,2392.6000000000004
R006,CNO,T2_SD_CNO,2026_06_22_merged.mat,OF2,2,47868,8871,443.5000000000001,2393.3500000000004
R006,CNO,T2_SD_CNO,2026_06_22_merged.mat,OF2,2,47869,8872,443.55000000000007,2393.4
R006,CNO,T2_SD_CNO,2026_06_22_merged.mat,OF2,2,47870,8873,443.6000000000001,2393.4500000000003
R006,CNO,T2_SD_CNO,2026_06_22_merged.mat,OF2,2,47871,8874,443.6500000000001,2393.5
R006,CNO,T2_SD_CNO,2026_06_22_merged.mat,OF2,2,47872,8875,443.70000000000005,2393.55
R006,CNO,T2_SD_CNO,2026_06_22_merged.mat,OF2,2,47873,8876,443.7500000000001,2393.6000000000004
R006,CNO,T2_SD_CNO,2026_06_22_merged.mat,OF2,2,47880,8883,444.1000000000001,2393.9500000000003
R006,CNO,T2_SD_CNO,2026_06_22_merged.mat,OF2,2,47881,8884,444.1500000000001,2394.0
R006,CNO,T2_SD_CNO,2026_06_22_merged.mat,OF2,2,47882,8885,444.20000000000005,2394.05
R006,CNO,T2_SD_CNO,2026_06_22_merged.mat,OF2,2,47916,8919,445.9000000000001,2395.75
R006,CNO,T2_SD_CNO,2026_06_22_merged.mat,OF2,2,47925,8928,446.3500000000001,2396.2000000000003
R006,CNO,T2_SD_CNO,2026_06_22_merged.mat,OF2,2,47926,8929,446.4000000000001,2396.25
R006,CNO,T2_SD_CNO,2026_06_22_merged.mat,OF2,2,47927,8930,446.45000000000005,2396.3
R006,CNO,T2_SD_CNO,2026_06_22_merged.mat,OF2,2,47928,8931,446.5000000000001,2396.3500000000004
R006,CNO,T2_SD_CNO,2026_06_22_merged.mat,OF2,2,47937,8940,446.95000000000005,2396.8
R006,CNO,T2_SD_CNO,2026_06_22_merged.mat,OF2,2,47938,8941,447.0000000000001,2396.8500000000004
R006,CNO,T2_SD_CNO,2026_06_22_merged.mat,OF2,2,47971,8974,448.6500000000001,2398.5
R006,CNO,T2_SD_CNO,2026_06_22_merged.mat,OF2,1,47992,8995,449.70000000000005,2399.55
R006,CNO,T2_SD_CNO,2026_06_22_merged.mat,OF2,2,48045,9048,452.3500000000001,2402.2000000000003
R006,CNO,T2_SD_CNO,2026_06_22_merged.mat,OF2,1,48101,9104,455.1500000000001,2405.0
R006,CNO,T2_SD_CNO,2026_06_22_merged.mat,OF2,1,48102,9105,455.20000000000005,2405.05
R006,CNO,T2_SD_CNO,2026_06_22_merged.mat,OF2,2,48110,9113,455.6000000000001,2405.4500000000003
R006,CNO,T2_SD_CNO,2026_06_22_merged.mat,OF2,2,48111,9114,455.6500000000001,2405.5
R006,CNO,T2_SD_CNO,2026_06_22_merged.mat,OF2,2,48112,9115,455.70000000000005,2405.55
R006,CNO,T2_SD_CNO,2026_06_22_merged.mat,OF2,2,48156,9159,457.9000000000001,2407.75
R006,CNO,T2_SD_CNO,2026_06_22_merged.mat,OF2,2,48157,9160,457.95000000000005,2407.8
R006,CNO,T2_SD_CNO,2026_06_22_merged.mat,OF2,2,48158,9161,458.0000000000001,2407.8500000000004
R006,CNO,T2_SD_CNO,2026_06_22_merged.mat,OF2,2,48159,9162,458.05000000000007,2407.9
R006,CNO,T2_SD_CNO,2026_06_22_merged.mat,OF2,2,48160,9163,458.1000000000001,2407.9500000000003
R006,CNO,T2_SD_CNO,2026_06_22_merged.mat,OF2,2,48213,9216,460.7500000000001,2410.6000000000004
R006,CNO,T2_SD_CNO,2026_06_22_merged.mat,OF2,2,48214,9217,460.80000000000007,2410.65
R006,CNO,T2_SD_CNO,2026_06_22_merged.mat,OF2,2,48221,9224,461.1500000000001,2411.0
R006,CNO,T2_SD_CNO,2026_06_22_merged.mat,OF2,2,48222,9225,461.20000000000005,2411.05
R006,CNO,T2_SD_CNO,2026_06_22_merged.mat,OF2,2,48223,9226,461.2500000000001,2411.1000000000004
R006,CNO,T2_SD_CNO,2026_06_22_merged.mat,OF2,2,48226,9229,461.4000000000001,2411.25
R006,CNO,T2_SD_CNO,2026_06_22_merged.mat,OF2,2,48227,9230,461.45000000000005,2411.3
R006,CNO,T2_SD_CNO,2026_06_22_merged.mat,OF2,2,48228,9231,461.5000000000001,2411.3500000000004
R006,CNO,T2_SD_CNO,2026_06_22_merged.mat,OF2,2,48229,9232,461.55000000000007,2411.4
R006,CNO,T2_SD_CNO,2026_06_22_merged.mat,OF2,2,48230,9233,461.6000000000001,2411.4500000000003
R006,CNO,T2_SD_CNO,2026_06_22_merged.mat,OF2,2,48231,9234,461.6500000000001,2411.5
R006,CNO,T2_SD_CNO,2026_06_22_merged.mat,OF2,2,48262,9265,463.20000000000005,2413.05
R006,CNO,T2_SD_CNO,2026_06_22_merged.mat,OF2,2,48263,9266,463.2500000000001,2413.1000000000004
R006,CNO,T2_SD_CNO,2026_06_22_merged.mat,OF2,2,48293,9296,464.7500000000001,2414.6000000000004
R006,CNO,T2_SD_CNO,2026_06_22_merged.mat,OF2,2,48294,9297,464.80000000000007,2414.65
R006,CNO,T2_SD_CNO,2026_06_22_merged.mat,OF2,2,48295,9298,464.8500000000001,2414.7000000000003
R006,CNO,T2_SD_CNO,2026_06_22_merged.mat,OF2,2,48296,9299,464.9000000000001,2414.75
R006,CNO,T2_SD_CNO,2026_06_22_merged.mat,OF2,2,48314,9317,465.80000000000007,2415.65
R006,CNO,T2_SD_CNO,2026_06_22_merged.mat,OF2,2,48315,9318,465.8500000000001,2415.7000000000003
R006,CNO,T2_SD_CNO,2026_06_22_merged.mat,OF2,2,48316,9319,465.9000000000001,2415.75
R006,CNO,T2_SD_CNO,2026_06_22_merged.mat,OF2,2,48317,9320,465.95000000000005,2415.8
R006,CNO,T2_SD_CNO,2026_06_22_merged.mat,OF2,2,48318,9321,466.0000000000001,2415.8500000000004
R006,CNO,T2_SD_CNO,2026_06_22_merged.mat,OF2,2,48325,9328,466.3500000000001,2416.2000000000003
R006,CNO,T2_SD_CNO,2026_06_22_merged.mat,OF2,2,48326,9329,466.4000000000001,2416.25
R006,CNO,T2_SD_CNO,2026_06_22_merged.mat,OF2,2,48327,9330,466.45000000000005,2416.3
R006,CNO,T2_SD_CNO,2026_06_22_merged.mat,OF2,2,48328,9331,466.5000000000001,2416.3500000000004
R006,CNO,T2_SD_CNO,2026_06_22_merged.mat,OF2,2,48414,9417,470.80000000000007,2420.65
R006,CNO,T2_SD_CNO,2026_06_22_merged.mat,OF2,1,48687,9690,484.45000000000005,2434.3
R006,CNO,T2_SD_CNO,2026_06_22_merged.mat,OF2,1,48759,9762,488.05000000000007,2437.9
R006,CNO,T2_SD_CNO,2026_06_22_merged.mat,OF2,1,48839,9842,492.05000000000007,2441.9
R006,CNO,T2_SD_CNO,2026_06_22_merged.mat,OF2,1,48840,9843,492.1000000000001,2441.9500000000003
R006,CNO,T2_SD_CNO,2026_06_22_merged.mat,OF2,1,48841,9844,492.1500000000001,2442.0
R006,CNO,T2_SD_CNO,2026_06_22_merged.mat,OF2,1,48842,9845,492.20000000000005,2442.05
R006,CNO,T2_SD_CNO,2026_06_22_merged.mat,OF2,1,48871,9874,493.6500000000001,2443.5
R006,CNO,T2_SD_CNO,2026_06_22_merged.mat,OF2,1,48872,9875,493.70000000000005,2443.55
R006,CNO,T2_SD_CNO,2026_06_22_merged.mat,OF2,1,49019,10022,501.05000000000007,2450.9
R006,CNO,T2_SD_CNO,2026_06_22_merged.mat,OF2,1,49020,10023,501.1000000000001,2450.9500000000003
R006,CNO,T2_SD_CNO,2026_06_22_merged.mat,OF2,1,49022,10025,501.20000000000005,2451.05
R006,CNO,T2_SD_CNO,2026_06_22_merged.mat,OF2,2,49048,10051,502.5000000000001,2452.3500000000004
R006,CNO,T2_SD_CNO,2026_06_22_merged.mat,OF2,1,49059,10062,503.05000000000007,2452.9
R006,CNO,T2_SD_CNO,2026_06_22_merged.mat,OF2,1,49060,10063,503.1000000000001,2452.9500000000003
R006,CNO,T2_SD_CNO,2026_06_22_merged.mat,OF2,1,49061,10064,503.1500000000001,2453.0
R006,CNO,T2_SD_CNO,2026_06_22_merged.mat,OF2,1,49111,10114,505.6500000000001,2455.5
R006,CNO,T2_SD_CNO,2026_06_22_merged.mat,OF2,1,49112,10115,505.70000000000005,2455.55
R006,CNO,T2_SD_CNO,2026_06_22_merged.mat,OF2,2,49135,10138,506.8500000000001,2456.7000000000003
R006,CNO,T2_SD_CNO,2026_06_22_merged.mat,OF2,2,49136,10139,506.9000000000001,2456.75
R006,CNO,T2_SD_CNO,2026_06_22_merged.mat,OF2,2,49137,10140,506.95000000000005,2456.8
R006,CNO,T2_SD_CNO,2026_06_22_merged.mat,OF2,2,49138,10141,507.0000000000001,2456.8500000000004
R006,CNO,T2_SD_CNO,2026_06_22_merged.mat,OF2,2,49168,10171,508.5000000000001,2458.3500000000004
R006,CNO,T2_SD_CNO,2026_06_22_merged.mat,OF2,2,49169,10172,508.55000000000007,2458.4
R006,CNO,T2_SD_CNO,2026_06_22_merged.mat,OF2,2,49185,10188,509.3500000000001,2459.2000000000003
R006,CNO,T2_SD_CNO,2026_06_22_merged.mat,OF2,2,49186,10189,509.4000000000001,2459.25
R006,CNO,T2_SD_CNO,2026_06_22_merged.mat,OF2,2,49187,10190,509.45000000000005,2459.3
R006,CNO,T2_SD_CNO,2026_06_22_merged.mat,OF2,2,49188,10191,509.5000000000001,2459.3500000000004
R006,CNO,T2_SD_CNO,2026_06_22_merged.mat,OF2,1,49295,10298,514.8500000000001,2464.7000000000003
R006,CNO,T2_SD_CNO,2026_06_22_merged.mat,OF2,1,49296,10299,514.9000000000001,2464.75
R006,CNO,T2_SD_CNO,2026_06_22_merged.mat,OF2,1,49297,10300,514.95,2464.8
R006,CNO,T2_SD_CNO,2026_06_22_merged.mat,OF2,1,49298,10301,515.0000000000001,2464.8500000000004
R006,CNO,T2_SD_CNO,2026_06_22_merged.mat,OF2,1,49320,10323,516.1000000000001,2465.9500000000003
R006,CNO,T2_SD_CNO,2026_06_22_merged.mat,OF2,1,49355,10358,517.8500000000001,2467.7000000000003
R006,CNO,T2_SD_CNO,2026_06_22_merged.mat,OF2,2,49394,10397,519.8000000000001,2469.65
R006,CNO,T2_SD_CNO,2026_06_22_merged.mat,OF2,2,49395,10398,519.8500000000001,2469.7000000000003
R006,CNO,T2_SD_CNO,2026_06_22_merged.mat,OF2,2,49396,10399,519.9000000000001,2469.75
R006,CNO,T2_SD_CNO,2026_06_22_merged.mat,OF2,1,49403,10406,520.2500000000001,2470.1000000000004
R006,CNO,T2_SD_CNO,2026_06_22_merged.mat,OF2,2,49419,10422,521.0500000000001,2470.9
R006,CNO,T2_SD_CNO,2026_06_22_merged.mat,OF2,2,49420,10423,521.1000000000001,2470.9500000000003
R006,CNO,T2_SD_CNO,2026_06_22_merged.mat,OF2,2,49421,10424,521.1500000000001,2471.0
R006,CNO,T2_SD_CNO,2026_06_22_merged.mat,OF2,2,49435,10438,521.8500000000001,2471.7000000000003
R006,CNO,T2_SD_CNO,2026_06_22_merged.mat,OF2,2,49436,10439,521.9000000000001,2471.75
R006,CNO,T2_SD_CNO,2026_06_22_merged.mat,OF2,2,49437,10440,521.95,2471.8
R006,CNO,T2_SD_CNO,2026_06_22_merged.mat,OF2,2,49447,10450,522.45,2472.3
R006,CNO,T2_SD_CNO,2026_06_22_merged.mat,OF2,1,49544,10547,527.3000000000001,2477.15
R006,CNO,T2_SD_CNO,2026_06_22_merged.mat,OF2,1,49545,10548,527.3500000000001,2477.2000000000003
R006,CNO,T2_SD_CNO,2026_06_22_merged.mat,OF2,1,49546,10549,527.4000000000001,2477.25
R006,CNO,T2_SD_CNO,2026_06_22_merged.mat,OF2,1,49547,10550,527.45,2477.3
R006,CNO,T2_SD_CNO,2026_06_22_merged.mat,OF2,1,49548,10551,527.5000000000001,2477.3500000000004
R006,CNO,T2_SD_CNO,2026_06_22_merged.mat,OF2,1,49549,10552,527.5500000000001,2477.4
R006,CNO,T2_SD_CNO,2026_06_22_merged.mat,OF2,1,49577,10580,528.95,2478.8
R006,CNO,T2_SD_CNO,2026_06_22_merged.mat,OF2,1,49578,10581,529.0000000000001,2478.8500000000004
R006,CNO,T2_SD_CNO,2026_06_22_merged.mat,OF2,1,49657,10660,532.95,2482.8
R006,CNO,T2_SD_CNO,2026_06_22_merged.mat,OF2,1,49658,10661,533.0000000000001,2482.8500000000004
R006,CNO,T2_SD_CNO,2026_06_22_merged.mat,OF2,1,49704,10707,535.3000000000001,2485.15
R006,CNO,T2_SD_CNO,2026_06_22_merged.mat,OF2,1,49705,10708,535.3500000000001,2485.2000000000003
R006,CNO,T2_SD_CNO,2026_06_22_merged.mat,OF2,1,49707,10710,535.45,2485.3
R006,CNO,T2_SD_CNO,2026_06_22_merged.mat,OF2,1,49885,10888,544.3500000000001,2494.2000000000003
R006,CNO,T2_SD_CNO,2026_06_22_merged.mat,OF2,1,49886,10889,544.4000000000001,2494.25
R006,CNO,T2_SD_CNO,2026_06_22_merged.mat,OF2,1,49887,10890,544.45,2494.3
R006,CNO,T2_SD_CNO,2026_06_22_merged.mat,OF2,1,49888,10891,544.5000000000001,2494.3500000000004
R006,CNO,T2_SD_CNO,2026_06_22_merged.mat,OF2,2,49904,10907,545.3000000000001,2495.15
R006,CNO,T2_SD_CNO,2026_06_22_merged.mat,OF2,2,49905,10908,545.3500000000001,2495.2000000000003
R006,CNO,T2_SD_CNO,2026_06_22_merged.mat,OF2,2,49906,10909,545.4000000000001,2495.25
R006,CNO,T2_SD_CNO,2026_06_22_merged.mat,OF2,1,49932,10935,546.7,2496.55
R006,CNO,T2_SD_CNO,2026_06_22_merged.mat,OF2,1,49976,10979,548.9000000000001,2498.75
R006,CNO,T2_SD_CNO,2026_06_22_merged.mat,OF2,1,49977,10980,548.95,2498.8
R006,CNO,T2_SD_CNO,2026_06_22_merged.mat,OF2,2,50083,11086,554.2500000000001,2504.1000000000004
R006,CNO,T2_SD_CNO,2026_06_22_merged.mat,OF2,2,50084,11087,554.3000000000001,2504.15
R006,CNO,T2_SD_CNO,2026_06_22_merged.mat,OF2,2,50085,11088,554.3500000000001,2504.2000000000003
R006,CNO,T2_SD_CNO,2026_06_22_merged.mat,OF2,2,50086,11089,554.4000000000001,2504.25
R006,CNO,T2_SD_CNO,2026_06_22_merged.mat,OF2,2,50087,11090,554.45,2504.3
R006,CNO,T2_SD_CNO,2026_06_22_merged.mat,OF2,2,50088,11091,554.5000000000001,2504.3500000000004
R006,CNO,T2_SD_CNO,2026_06_22_merged.mat,OF2,2,50089,11092,554.5500000000001,2504.4
R006,CNO,T2_SD_CNO,2026_06_22_merged.mat,OF2,1,50132,11135,556.7,2506.55
R006,CNO,T2_SD_CNO,2026_06_22_merged.mat,OF2,1,50133,11136,556.7500000000001,2506.6000000000004
R006,CNO,T2_SD_CNO,2026_06_22_merged.mat,OF2,2,50146,11149,557.4000000000001,2507.25
R006,CNO,T2_SD_CNO,2026_06_22_merged.mat,OF2,2,50172,11175,558.7,2508.55
R006,CNO,T2_SD_CNO,2026_06_22_merged.mat,OF2,2,50173,11176,558.7500000000001,2508.6000000000004
R006,CNO,T2_SD_CNO,2026_06_22_merged.mat,OF2,2,50302,11305,565.2,2515.05
R006,CNO,T2_SD_CNO,2026_06_22_merged.mat,OF2,2,50304,11307,565.3000000000001,2515.15
R006,CNO,T2_SD_CNO,2026_06_22_merged.mat,OF2,1,50345,11348,567.3500000000001,2517.2000000000003
R006,CNO,T2_SD_CNO,2026_06_22_merged.mat,OF2,1,50346,11349,567.4000000000001,2517.25
R006,CNO,T2_SD_CNO,2026_06_22_merged.mat,OF2,1,50347,11350,567.45,2517.3
R006,CNO,T2_SD_CNO,2026_06_22_merged.mat,OF2,1,50348,11351,567.5000000000001,2517.3500000000004
R006,CNO,T2_SD_CNO,2026_06_22_merged.mat,OF2,2,50401,11404,570.1500000000001,2520.0
R006,CNO,T2_SD_CNO,2026_06_22_merged.mat,OF2,2,50402,11405,570.2,2520.05
R006,CNO,T2_SD_CNO,2026_06_22_merged.mat,OF2,2,50403,11406,570.2500000000001,2520.1000000000004
R006,CNO,T2_SD_CNO,2026_06_22_merged.mat,OF2,2,50404,11407,570.3000000000001,2520.15
R006,CNO,T2_SD_CNO,2026_06_22_merged.mat,OF2,2,50405,11408,570.3500000000001,2520.2000000000003
R006,CNO,T2_SD_CNO,2026_06_22_merged.mat,OF2,1,50504,11507,575.3000000000001,2525.15
R006,CNO,T2_SD_CNO,2026_06_22_merged.mat,OF2,1,50505,11508,575.3500000000001,2525.2000000000003
R006,CNO,T2_SD_CNO,2026_06_22_merged.mat,OF2,1,50506,11509,575.4000000000001,2525.25
R006,CNO,T2_SD_CNO,2026_06_22_merged.mat,OF2,1,50507,11510,575.45,2525.3
R006,CNO,T2_SD_CNO,2026_06_22_merged.mat,OF2,1,50508,11511,575.5000000000001,2525.3500000000004
R006,CNO,T2_SD_CNO,2026_06_22_merged.mat,OF2,1,50509,11512,575.5500000000001,2525.4
R006,CNO,T2_SD_CNO,2026_06_22_merged.mat,OF2,1,50782,11785,589.2,2539.05
R006,CNO,T2_SD_CNO,2026_06_22_merged.mat,OF2,1,50784,11787,589.3000000000001,2539.15
R006,CNO,T2_SD_CNO,2026_06_22_merged.mat,OF2,1,50804,11807,590.3000000000001,2540.15
R006,CNO,T2_SD_CNO,2026_06_22_merged.mat,OF2,1,50805,11808,590.3500000000001,2540.2000000000003
R006,CNO,T2_SD_CNO,2026_06_22_merged.mat,OF2,1,50806,11809,590.4000000000001,2540.25
R006,CNO,T2_SD_CNO,2026_06_22_merged.mat,OF2,1,50807,11810,590.45,2540.3
R006,CNO,T2_SD_CNO,2026_06_22_merged.mat,OF2,1,50883,11886,594.2500000000001,2544.1000000000004
R006,CNO,T2_SD_CNO,2026_06_22_merged.mat,OF2,1,51002,12005,600.2,2550.05
R006,CNO,T2_SD_CNO,2026_06_22_merged.mat,OF2,1,51003,12006,600.2500000000001,2550.1000000000004
R006,CNO,T2_SD_CNO,2026_06_22_merged.mat,OF2,1,51004,12007,600.3000000000001,2550.15
R006,CNO,T2_SD_CNO,2026_06_22_merged.mat,OF2,1,51005,12008,600.3500000000001,2550.2000000000003
R006,CNO,T2_SD_CNO,2026_06_22_merged.mat,OF2,1,51006,12009,600.4000000000001,2550.25
R006,CNO,T2_SD_CNO,2026_06_22_merged.mat,OF2,2,51042,12045,602.2,2552.05
R006,CNO,T2_SD_CNO,2026_06_22_merged.mat,OF2,2,51043,12046,602.2500000000001,2552.1000000000004
R006,CNO,T2_SD_CNO,2026_06_22_merged.mat,OF2,2,51044,12047,602.3000000000001,2552.15
R006,CNO,T2_SD_CNO,2026_06_22_merged.mat,OF2,2,51045,12048,602.3500000000001,2552.2000000000003
R006,CNO,T2_SD_CNO,2026_06_22_merged.mat,OF2,2,51046,12049,602.4000000000001,2552.25
R006,CNO,T2_SD_CNO,2026_06_22_merged.mat,OF2,2,51047,12050,602.45,2552.3
R006,CNO,T2_SD_CNO,2026_06_22_merged.mat,OF2,2,51082,12085,604.2,2554.05
R006,CNO,T2_SD_CNO,2026_06_22_merged.mat,OF2,2,51083,12086,604.2500000000001,2554.1000000000004
R006,CNO,T2_SD_CNO,2026_06_22_merged.mat,OF2,2,51086,12089,604.4000000000001,2554.25
R006,CNO,T2_SD_CNO,2026_06_22_merged.mat,OF2,2,51102,12105,605.2,2555.05
R006,CNO,T2_SD_CNO,2026_06_22_merged.mat,OF2,2,51112,12115,605.7,2555.55
R006,CNO,T2_SD_CNO,2026_06_22_merged.mat,OF2,2,51136,12139,606.9000000000001,2556.75
R006,CNO,T2_SD_CNO,2026_06_22_merged.mat,OF2,2,51137,12140,606.95,2556.8
R006,CNO,T2_SD_CNO,2026_06_22_merged.mat,OF2,2,51138,12141,607.0000000000001,2556.8500000000004
R006,CNO,T2_SD_CNO,2026_06_22_merged.mat,OF2,2,51139,12142,607.0500000000001,2556.9
R006,CNO,T2_SD_CNO,2026_06_22_merged.mat,OF2,2,51140,12143,607.1000000000001,2556.9500000000003
R006,CNO,T2_SD_CNO,2026_06_22_merged.mat,OF2,2,51141,12144,607.1500000000001,2557.0
R006,CNO,T2_SD_CNO,2026_06_22_merged.mat,OF2,2,51142,12145,607.2,2557.05
R006,CNO,T2_SD_CNO,2026_06_22_merged.mat,OF2,2,51161,12164,608.1500000000001,2558.0
R006,CNO,T2_SD_CNO,2026_06_22_merged.mat,OF2,2,51162,12165,608.2,2558.05
R006,CNO,T2_SD_CNO,2026_06_22_merged.mat,OF2,2,51163,12166,608.2500000000001,2558.1000000000004
R006,CNO,T2_SD_CNO,2026_06_22_merged.mat,OF2,2,51164,12167,608.3000000000001,2558.15
R006,CNO,T2_SD_CNO,2026_06_22_merged.mat,OF2,2,51165,12168,608.3500000000001,2558.2000000000003
R006,CNO,T2_SD_CNO,2026_06_22_merged.mat,OF2,2,51199,12202,610.0500000000001,2559.9
R006,CNO,T2_SD_CNO,2026_06_22_merged.mat,OF2,2,51200,12203,610.1000000000001,2559.9500000000003
R006,CNO,T2_SD_CNO,2026_06_22_merged.mat,OF2,2,51201,12204,610.1500000000001,2560.0
R006,CNO,T2_SD_CNO,2026_06_22_merged.mat,OF2,2,51245,12248,612.3500000000001,2562.2000000000003
R006,CNO,T2_SD_CNO,2026_06_22_merged.mat,OF2,2,51246,12249,612.4000000000001,2562.25
R006,CNO,T2_SD_CNO,2026_06_22_merged.mat,OF2,2,51247,12250,612.45,2562.3
R006,CNO,T2_SD_CNO,2026_06_22_merged.mat,OF2,2,51248,12251,612.5000000000001,2562.3500000000004
R006,CNO,T2_SD_CNO,2026_06_22_merged.mat,OF2,2,51267,12270,613.45,2563.3
R006,CNO,T2_SD_CNO,2026_06_22_merged.mat,OF2,2,51268,12271,613.5000000000001,2563.3500000000004
R006,CNO,T2_SD_CNO,2026_06_22_merged.mat,OF2,2,51269,12272,613.5500000000001,2563.4
R006,CNO,T2_SD_CNO,2026_06_22_merged.mat,OF2,2,51282,12285,614.2,2564.05
R006,CNO,T2_SD_CNO,2026_06_22_merged.mat,OF2,2,51283,12286,614.2500000000001,2564.1000000000004
R006,CNO,T2_SD_CNO,2026_06_22_merged.mat,OF2,2,51286,12289,614.4000000000001,2564.25
R006,CNO,T2_SD_CNO,2026_06_22_merged.mat,OF2,2,51287,12290,614.45,2564.3
R006,CNO,T2_SD_CNO,2026_06_22_merged.mat,OF2,2,51288,12291,614.5000000000001,2564.3500000000004
R006,CNO,T2_SD_CNO,2026_06_22_merged.mat,OF2,2,51289,12292,614.5500000000001,2564.4
R006,CNO,T2_SD_CNO,2026_06_22_merged.mat,OF2,2,51290,12293,614.6000000000001,2564.4500000000003
R006,CNO,T2_SD_CNO,2026_06_22_merged.mat,OF2,2,51307,12310,615.45,2565.3
R006,CNO,T2_SD_CNO,2026_06_22_merged.mat,OF2,2,51338,12341,617.0000000000001,2566.8500000000004
R006,CNO,T2_SD_CNO,2026_06_22_merged.mat,OF2,2,51339,12342,617.0500000000001,2566.9
R006,CNO,T2_SD_CNO,2026_06_22_merged.mat,OF2,2,51340,12343,617.1000000000001,2566.9500000000003
R006,CNO,T2_SD_CNO,2026_06_22_merged.mat,OF2,2,51341,12344,617.1500000000001,2567.0
R006,CNO,T2_SD_CNO,2026_06_22_merged.mat,OF2,2,51342,12345,617.2,2567.05
R006,CNO,T2_SD_CNO,2026_06_22_merged.mat,OF2,2,51343,12346,617.2500000000001,2567.1000000000004
R006,CNO,T2_SD_CNO,2026_06_22_merged.mat,OF2,2,51344,12347,617.3000000000001,2567.15
R006,CNO,T2_SD_CNO,2026_06_22_merged.mat,OF2,2,51379,12382,619.0500000000001,2568.9
R006,CNO,T2_SD_CNO,2026_06_22_merged.mat,OF2,2,51387,12390,619.45,2569.3
R006,CNO,T2_SD_CNO,2026_06_22_merged.mat,OF2,2,51388,12391,619.5000000000001,2569.3500000000004
R006,CNO,T2_SD_CNO,2026_06_22_merged.mat,OF2,2,51398,12401,620.0000000000001,2569.8500000000004
R006,CNO,T2_SD_CNO,2026_06_22_merged.mat,OF2,2,51411,12414,620.6500000000001,2570.5
R006,CNO,T2_SD_CNO,2026_06_22_merged.mat,OF2,2,51412,12415,620.7,2570.55
R006,CNO,T2_SD_CNO,2026_06_22_merged.mat,OF2,2,51419,12422,621.0500000000001,2570.9
R006,CNO,T2_SD_CNO,2026_06_22_merged.mat,OF2,2,51420,12423,621.1000000000001,2570.9500000000003
R006,CNO,T2_SD_CNO,2026_06_22_merged.mat,OF2,2,51421,12424,621.1500000000001,2571.0
R006,CNO,T2_SD_CNO,2026_06_22_merged.mat,OF2,2,51422,12425,621.2,2571.05
R006,CNO,T2_SD_CNO,2026_06_22_merged.mat,OF2,2,51433,12436,621.7500000000001,2571.6000000000004
R006,CNO,T2_SD_CNO,2026_06_22_merged.mat,OF2,2,51434,12437,621.8000000000001,2571.65
R006,CNO,T2_SD_CNO,2026_06_22_merged.mat,OF2,2,51435,12438,621.8500000000001,2571.7000000000003
R006,CNO,T2_SD_CNO,2026_06_22_merged.mat,OF2,2,51436,12439,621.9000000000001,2571.75
R006,CNO,T2_SD_CNO,2026_06_22_merged.mat,OF2,2,51437,12440,621.95,2571.8
R006,CNO,T2_SD_CNO,2026_06_22_merged.mat,OF2,2,51438,12441,622.0000000000001,2571.8500000000004
R006,CNO,T2_SD_CNO,2026_06_22_merged.mat,OF2,2,51458,12461,623.0000000000001,2572.8500000000004
R006,CNO,T2_SD_CNO,2026_06_22_merged.mat,OF2,2,51459,12462,623.0500000000001,2572.9
R006,CNO,T2_SD_CNO,2026_06_22_merged.mat,OF2,2,51460,12463,623.1000000000001,2572.9500000000003
R006,CNO,T2_SD_CNO,2026_06_22_merged.mat,OF2,2,51461,12464,623.1500000000001,2573.0
R006,CNO,T2_SD_CNO,2026_06_22_merged.mat,OF2,2,51462,12465,623.2,2573.05
R006,CNO,T2_SD_CNO,2026_06_22_merged.mat,OF2,2,51470,12473,623.6000000000001,2573.4500000000003
R006,CNO,T2_SD_CNO,2026_06_22_merged.mat,OF2,2,51471,12474,623.6500000000001,2573.5
R006,CNO,T2_SD_CNO,2026_06_22_merged.mat,OF2,2,51472,12475,623.7,2573.55
R006,CNO,T2_SD_CNO,2026_06_22_merged.mat,OF2,2,51473,12476,623.7500000000001,2573.6000000000004
R006,CNO,T2_SD_CNO,2026_06_22_merged.mat,OF2,2,51497,12500,624.95,2574.8
R006,CNO,T2_SD_CNO,2026_06_22_merged.mat,OF2,2,51552,12555,627.7,2577.55
R006,CNO,T2_SD_CNO,2026_06_22_merged.mat,OF2,2,51553,12556,627.7500000000001,2577.6000000000004
R006,CNO,T2_SD_CNO,2026_06_22_merged.mat,OF2,2,51563,12566,628.2500000000001,2578.1000000000004
R006,CNO,T2_SD_CNO,2026_06_22_merged.mat,OF2,2,51628,12631,631.5000000000001,2581.3500000000004
R006,CNO,T2_SD_CNO,2026_06_22_merged.mat,OF2,2,51629,12632,631.5500000000001,2581.4
R006,CNO,T2_SD_CNO,2026_06_22_merged.mat,OF2,1,51630,12633,631.6000000000001,2581.4500000000003
R006,CNO,T2_SD_CNO,2026_06_22_merged.mat,OF2,2,51640,12643,632.1000000000001,2581.9500000000003
R006,CNO,T2_SD_CNO,2026_06_22_merged.mat,OF2,2,51641,12644,632.1500000000001,2582.0
R006,CNO,T2_SD_CNO,2026_06_22_merged.mat,OF2,2,51642,12645,632.2,2582.05
R006,CNO,T2_SD_CNO,2026_06_22_merged.mat,OF2,2,51672,12675,633.7,2583.55
R006,CNO,T2_SD_CNO,2026_06_22_merged.mat,OF2,2,51673,12676,633.7500000000001,2583.6000000000004
R006,CNO,T2_SD_CNO,2026_06_22_merged.mat,OF2,2,51674,12677,633.8000000000001,2583.65
R006,CNO,T2_SD_CNO,2026_06_22_merged.mat,OF2,2,51704,12707,635.3000000000001,2585.15
R006,CNO,T2_SD_CNO,2026_06_22_merged.mat,OF2,2,51705,12708,635.3500000000001,2585.2000000000003
R006,CNO,T2_SD_CNO,2026_06_22_merged.mat,OF2,2,51706,12709,635.4000000000001,2585.25
R006,CNO,T2_SD_CNO,2026_06_22_merged.mat,OF2,2,51707,12710,635.45,2585.3
R006,CNO,T2_SD_CNO,2026_06_22_merged.mat,OF2,2,51791,12794,639.6500000000001,2589.5
R006,CNO,T2_SD_CNO,2026_06_22_merged.mat,OF2,2,51792,12795,639.7,2589.55
R006,CNO,T2_SD_CNO,2026_06_22_merged.mat,OF2,2,51846,12849,642.4000000000001,2592.25
R006,CNO,T2_SD_CNO,2026_06_22_merged.mat,OF2,2,51847,12850,642.45,2592.3
R006,CNO,T2_SD_CNO,2026_06_22_merged.mat,OF2,2,51848,12851,642.5000000000001,2592.3500000000004
R006,CNO,T2_SD_CNO,2026_06_22_merged.mat,OF2,2,51849,12852,642.5500000000001,2592.4
R006,CNO,T2_SD_CNO,2026_06_22_merged.mat,OF2,2,51891,12894,644.6500000000001,2594.5
R006,CNO,T2_SD_CNO,2026_06_22_merged.mat,OF2,2,51892,12895,644.7,2594.55
R006,CNO,T2_SD_CNO,2026_06_22_merged.mat,OF2,2,51893,12896,644.7500000000001,2594.6000000000004
R006,CNO,T2_SD_CNO,2026_06_22_merged.mat,OF2,2,51894,12897,644.8000000000001,2594.65
R006,CNO,T2_SD_CNO,2026_06_22_merged.mat,OF2,2,51895,12898,644.8500000000001,2594.7000000000003
R006,CNO,T2_SD_CNO,2026_06_22_merged.mat,OF2,2,51896,12899,644.9000000000001,2594.75
R006,CNO,T2_SD_CNO,2026_06_22_merged.mat,OF2,2,51897,12900,644.95,2594.8
R006,CNO,T2_SD_CNO,2026_06_22_merged.mat,OF2,2,51948,12951,647.5000000000001,2597.3500000000004
R006,CNO,T2_SD_CNO,2026_06_22_merged.mat,OF2,2,51949,12952,647.5500000000001,2597.4
R006,CNO,T2_SD_CNO,2026_06_22_merged.mat,OF2,2,51962,12965,648.2,2598.05
R006,CNO,T2_SD_CNO,2026_06_22_merged.mat,OF2,2,51963,12966,648.2500000000001,2598.1000000000004
R006,CNO,T2_SD_CNO,2026_06_22_merged.mat,OF2,2,51964,12967,648.3000000000001,2598.15
R006,CNO,T2_SD_CNO,2026_06_22_merged.mat,OF2,2,51965,12968,648.3500000000001,2598.2000000000003
R006,CNO,T2_SD_CNO,2026_06_22_merged.mat,OF2,2,51982,12985,649.2,2599.05
